state	type_with_type	type_with_size	type_with_sparsity	size_with_type	size_with_size	size_with_sparsity	sparsity_with_type	sparsity_with_size	sparsity_with_sparsity
0	20	0	0	0	20	0	0	0	20
10000	5.33509919856381	2.20902989793395	9.80530809555038	2.20902989793395	72.4711823508419	-3.12593512261558	9.80530809555038	-3.12593512261558	31.4320402698852
20000	2.57441774295	-0.967449128653325	7.01684898072886	-0.967449128653325	68.137559513959	-1.18555429202401	7.01684898072886	-1.18555429202401	39.7830847744047
30000	4.03174786403155	-2.01570528563975	13.3585201800636	-2.01570528563975	52.7787731347657	-0.875623943706608	13.3585201800636	-0.875623943706608	60.8262257511935
40000	6.64428860953786	1.29459387968583	16.2811308030837	1.29459387968583	57.4572640117014	2.88632726017106	16.2811308030837	2.88632726017106	54.5674670422383
50000	1.11769483106959	-1.52716756527568	4.51096119508473	-1.52716756527568	70.9415344553703	0.0458138929086672	4.51096119508473	0.0458138929086661	51.7609730627569
60000	6.41594630252594	0.77722562318591	13.6285376187412	0.777225623185911	60.9307520172584	-0.612779645893754	13.6285376187412	-0.612779645893755	44.7534961602155
70000	3.40734860699371	0.589301540107865	9.07437824361801	0.589301540107865	61.989413005542	-1.73562988442058	9.07437824361802	-1.73562988442058	52.7981024621399
80000	8.55287442967261	-2.20803979292297	17.935397664027	-2.20803979292297	60.5973707706724	-14.792404742831	17.935397664027	-14.792404742831	61.4399995909478
90000	9.20537269683002	-7.46946363637906	16.3414556715034	-7.46946363637906	52.0081749278536	-16.7791911419762	16.3414556715034	-16.7791911419762	54.0882443171431
1e+05	31.1644055900555	-5.32954965039573	35.8900461627878	-5.32954965039573	50.8485911537275	-8.03549241327326	35.8900461627878	-8.03549241327326	49.2747545249414
110000	5.37901569218868	-0.355086829039876	13.2709057889663	-0.355086829039876	40.8587990734741	-7.17602887321176	13.2709057889663	-7.17602887321176	52.1741034190813
120000	6.16349253802577	-4.77027692060547	13.7080833408789	-4.77027692060547	40.9501118237705	-3.46374739604656	13.7080833408789	-3.46374739604655	41.5377632241101
130000	5.12304451377265	-3.85358426819861	10.561856833578	-3.85358426819861	59.8147188441054	-12.7852884873304	10.561856833578	-12.7852884873304	43.3426468071322
140000	8.34200525768406	-10.3518786906907	13.6016554797041	-10.3518786906907	69.7447104733505	-25.2320313070741	13.6016554797041	-25.2320313070741	51.0305621591723
150000	9.95580071353856	-5.93156933616946	12.70882065158	-5.93156933616946	53.3588862375127	-20.5014416024548	12.70882065158	-20.5014416024548	50.3555637450071
160000	3.35218322345701	0.167287585419327	6.99759326815269	0.167287585419327	50.6304998561469	-5.36259751135596	6.99759326815269	-5.36259751135596	47.1471809842859
170000	8.13504262529293	-5.08074346869993	17.0844065235133	-5.08074346869993	62.6189974869886	-2.22939494535479	17.0844065235133	-2.22939494535479	66.7293864192473
180000	5.82607006153534	-4.33190462114187	16.215632250652	-4.33190462114187	50.3084843862634	-9.67683305872475	16.215632250652	-9.67683305872475	62.6893448272842
190000	4.75091080780477	0.25278998111468	12.6686830600647	0.25278998111468	52.4978108937104	-6.10310276833545	12.6686830600647	-6.10310276833545	55.6794848990512
2e+05	6.92841387771481	-12.2234314696058	8.40765806895077	-12.2234314696058	67.4244198246559	-0.576802517345656	8.40765806895077	-0.576802517345657	42.6002640099479
210000	3.00152848693646	-2.18493852343609	6.7472921932141	-2.18493852343609	79.9793235761005	-13.3968180635785	6.7472921932141	-13.3968180635785	43.7609380317216
220000	3.31212991454841	-4.8235841764819	8.00257100973302	-4.8235841764819	63.6947326779601	-5.23413787156678	8.00257100973302	-5.23413787156678	31.7786754295551
230000	4.3707530776796	-3.69772763108805	12.1248041174534	-3.69772763108805	46.2726979239919	-7.20280666829053	12.1248041174534	-7.20280666829054	40.354335734317
240000	4.5052878010082	-2.84066259856992	11.1650755224364	-2.84066259856992	57.5371354932277	-12.7508487641035	11.1650755224364	-12.7508487641035	47.1597217349861
250000	9.85702288599397	-4.82617096325693	18.3609143655658	-4.82617096325693	71.4893722692297	-15.1407963755826	18.3609143655658	-15.1407963755826	53.1746538515951
260000	19.6997695331457	-3.78121093787047	33.5450191565567	-3.78121093787047	43.305710318408	-1.57792884870534	33.5450191565567	-1.57792884870535	64.3505556246131
270000	9.66594211596898	-2.94003833988504	19.186764199031	-2.94003833988504	51.0626073791436	-6.85188836445003	19.186764199031	-6.85188836445004	50.0532345928622
280000	15.180677462886	-3.04389283553822	18.0375180844314	-3.04389283553822	44.0464576055339	2.0462037334838	18.0375180844314	2.0462037334838	45.1888719046968
290000	3.22091615250392	-5.8696661579174	8.21053335390093	-5.8696661579174	64.263576121735	-16.2977858912149	8.21053335390093	-16.2977858912149	69.1922483575949
3e+05	6.18949491648058	0.360419596204652	11.8914940179101	0.360419596204653	55.4310277020925	-7.45189512268912	11.8914940179101	-7.45189512268912	51.5438566222927
310000	7.84698152161319	-4.81661444219805	14.4342385843016	-4.81661444219805	69.3222886116565	-35.1811610347006	14.4342385843016	-35.1811610347006	74.5643081979595
320000	9.83184519699	-8.12456062372515	16.3962107548652	-8.12456062372515	67.9028823069965	-11.0279779333126	16.3962107548652	-11.0279779333126	48.8655867876249
330000	28.078337458818	-9.35883899467839	36.4923253535988	-9.35883899467839	63.945447587211	-12.8587669240482	36.4923253535988	-12.8587669240482	62.4069199976912
340000	32.9318363333761	-17.8589772433226	37.8055149902984	-17.8589772433226	71.8666029823421	-13.6451286075644	37.8055149902984	-13.6451286075644	59.8757318615573
350000	13.2916378563796	0.76746701291122	11.4170900609642	0.76746701291122	45.5878478005043	-10.4688368492378	11.4170900609642	-10.4688368492378	50.1014284351101
360000	18.7630036458945	-3.30000222114248	20.209416807225	-3.30000222114249	66.5912896025535	-1.99591325922368	20.209416807225	-1.99591325922368	52.033797007328
370000	6.89158848499171	-7.06157682765861	12.0324807304966	-7.06157682765861	70.3122682836278	-16.7447541147184	12.0324807304966	-16.7447541147184	45.7549899843968
380000	8.11530564414239	-0.995964425234454	13.4224875083976	-0.995964425234454	48.8481525238087	-1.3262957146638	13.4224875083976	-1.3262957146638	41.5022759646881
390000	9.70748594950612	-7.20048572610589	16.1578283634215	-7.20048572610589	64.592873175856	-9.14584021613309	16.1578283634215	-9.14584021613309	49.7866429761089
4e+05	6.8188288627889	-8.29915922304703	12.6215040594761	-8.29915922304703	59.3186417827345	-18.7756611128835	12.6215040594761	-18.7756611128835	57.5410851177527
410000	8.56541856681845	1.26170405955469	12.89064390664	1.26170405955469	57.0372500359426	0.561311033498551	12.89064390664	0.561311033498551	45.5527765340011
420000	5.53613192324756	-2.31618914181365	11.108741515567	-2.31618914181365	73.5116867524385	-10.1930936633614	11.108741515567	-10.1930936633614	43.9767887626379
430000	4.10773842270135	-3.38665751814061	7.22431143465462	-3.38665751814061	45.9226787008862	-0.134974428607174	7.22431143465462	-0.134974428607173	37.5180768831806
440000	11.8773055437386	-11.2142291788377	19.9340012012598	-11.2142291788377	53.3234219765763	-12.0943965471331	19.9340012012598	-12.0943965471331	47.5635219739268
450000	9.595968358405	-12.1043399930381	18.5977434892572	-12.1043399930381	55.7640593598464	-22.0912734089713	18.5977434892572	-22.0912734089713	60.6717131745664
460000	3.02171893972665	7.38606524636497	6.29424745866053	7.38606524636497	113.353831863992	-0.840064396389349	6.29424745866052	-0.840064396389351	33.9320788697686
470000	5.94382519748093	-5.88595071543069	15.9414193696181	-5.88595071543069	59.1907539997484	-16.4370087555776	15.9414193696181	-16.4370087555776	68.9144993981044
480000	9.57013596663461	-3.40886420739289	18.4719960481475	-3.40886420739289	53.6655337722673	-2.89465164244475	18.4719960481475	-2.89465164244474	49.0770013387169
490000	18.8406861329978	-6.77594644811788	26.732460825252	-6.77594644811788	65.3679803816937	-11.9034175395868	26.732460825252	-11.9034175395868	48.0260546432983
5e+05	4.02653872520893	-7.84523455875962	10.2065401142683	-7.84523455875962	68.169310162709	-4.32048563916028	10.2065401142683	-4.32048563916029	51.8343828775416
510000	6.03700370573932	2.47945480780856	12.5317237902388	2.47945480780856	72.3765721027512	-10.1097535594425	12.5317237902388	-10.1097535594425	59.7998506994916
520000	1.51922473991375	0.363764969953326	3.63688607502567	0.363764969953326	58.4204406828302	-8.61651425489386	3.63688607502567	-8.61651425489386	31.4637259115081
530000	3.47962615142065	-3.92670239616417	12.4225210618409	-3.92670239616417	60.7267651074809	-13.884086634391	12.4225210618409	-13.884086634391	61.3744003571238
540000	11.1916344870599	-1.17931686759311	18.4713332866581	-1.17931686759311	60.8500903758129	-13.8889133325448	18.4713332866581	-13.8889133325448	53.2988953146828
550000	14.5705795105324	-8.45071260233842	11.9554032957041	-8.45071260233842	47.5641094648974	-4.3048127279499	11.9554032957041	-4.3048127279499	46.6000215773593
560000	23.275941775938	-9.07715094653419	29.8567367068083	-9.07715094653419	46.6276496232081	-13.4068411446218	29.8567367068083	-13.4068411446218	49.7054685236627
570000	14.2042159807029	-4.95816700331696	23.8381192488751	-4.95816700331696	42.593010147929	-6.86643744619891	23.8381192488751	-6.86643744619891	58.4897265272726
580000	11.2990899728809	-3.48754512657338	17.3615383604239	-3.48754512657338	46.5772362904985	-3.50519745739028	17.3615383604239	-3.50519745739028	39.8051571618439
590000	7.56103850854488	-4.26122277682717	15.7417993904305	-4.26122277682717	63.6770159150713	-8.08787615984198	15.7417993904305	-8.08787615984198	47.9155053043612
6e+05	6.86936075736709	-6.52145303102416	13.5386780536219	-6.52145303102416	47.2922393370601	-12.4990707160094	13.5386780536219	-12.4990707160094	40.4570950615861
610000	2.0669413342284	-1.57531822452772	3.59573116150505	-1.57531822452772	53.207036091358	-7.31044190416494	3.59573116150505	-7.31044190416494	44.101673987786
620000	2.38429273127429	-1.80846602435094	7.70378341045456	-1.80846602435094	58.1935818173864	-11.3828797200444	7.70378341045456	-11.3828797200444	48.2647291870245
630000	17.105216167153	-5.16798775436495	30.3242468473212	-5.16798775436496	35.7561173094205	-5.27232741736305	30.3242468473212	-5.27232741736305	75.6203082221567
640000	11.8404099257846	-14.1311257404733	18.4633741620856	-14.1311257404733	73.7672867901636	-13.0144687151122	18.4633741620856	-13.0144687151122	44.9979460475358
650000	5.10676991926279	-1.42282906257319	13.7535267092216	-1.42282906257319	41.6685354725319	-1.12133901472488	13.7535267092216	-1.12133901472488	51.6013812094466
660000	12.8402462591327	-4.02618153702396	24.8990030874435	-4.02618153702396	67.1178457366582	-6.96779803484734	24.8990030874435	-6.96779803484734	56.4724607602119
670000	5.00954195570425	0.16560000929735	12.1754219643766	0.16560000929735	48.5269485732979	-13.3419786167919	12.1754219643766	-13.3419786167919	43.5912987298135
680000	5.66193736529957	-6.34855333984736	8.77614770256612	-6.34855333984736	55.1896804760457	-3.31023945194799	8.77614770256612	-3.31023945194799	43.0347612914736
690000	6.76068058179541	-5.98085533162897	14.9397860281676	-5.98085533162897	66.8506730407795	-14.4559518961736	14.9397860281676	-14.4559518961736	45.5091269340646
7e+05	6.13504015742399	-2.45794912975811	15.2376799792867	-2.45794912975811	43.9145046778461	-6.65760310834439	15.2376799792867	-6.65760310834439	62.5566722970278
710000	4.56693456049008	-5.67532765735536	11.6281185019045	-5.67532765735536	70.8097817599298	-19.1084850057438	11.6281185019045	-19.1084850057438	43.2547302522958
720000	3.16751520090042	-0.352602930387131	8.31586461043018	-0.352602930387131	54.8722081005658	-5.71007682104216	8.31586461043018	-5.71007682104216	54.2505138649384
730000	8.86618313201435	-2.2785611765828	14.7967406445153	-2.2785611765828	49.7580069981529	-1.80120167991899	14.7967406445153	-1.80120167991899	43.5897236986245
740000	9.82224161669004	-3.05095029365941	16.2460733243711	-3.05095029365941	45.2283873765238	-5.40443140332582	16.2460733243711	-5.40443140332582	39.1574155908753
750000	1.97334128971915	-3.28816853970138	5.28718468261985	-3.28816853970138	62.9045128579755	-10.3435145384872	5.28718468261985	-10.3435145384872	43.7326211609505
760000	7.48514289253168	-0.356294635478096	15.0424738808217	-0.356294635478097	62.8596472284596	-10.8517794646378	15.0424738808217	-10.8517794646378	50.5125199992996
770000	2.73131974784709	-0.546509923192942	6.33671507147305	-0.546509923192942	70.9459689698946	-4.59362810541781	6.33671507147305	-4.59362810541781	45.2561997358891
780000	6.25230307166914	-7.73158248963064	13.7761981941495	-7.73158248963064	76.8893487939112	-15.8769508818633	13.7761981941495	-15.8769508818633	44.8865252159735
790000	3.83472264382641	-4.35385002903443	9.08755075837661	-4.35385002903443	51.7762759161758	-9.79272352375721	9.08755075837661	-9.79272352375721	44.3063738988288
8e+05	3.39880433144982	-5.17543009858267	8.44257828855989	-5.17543009858267	65.0381547655805	-12.9558625033616	8.44257828855989	-12.9558625033616	37.8973226704952
810000	8.46488137392608	-3.05957971061621	14.0733048271735	-3.05957971061621	50.4235295886883	-5.30538334815526	14.0733048271735	-5.30538334815526	44.1741532230258
820000	4.66498003966191	-1.56601671344696	9.12221626023242	-1.56601671344696	51.5397098148365	-4.24853702422856	9.12221626023242	-4.24853702422856	38.8525149338627
830000	2.29360722186889	0.20154049928045	6.77378489109497	0.20154049928045	67.3325223524679	-2.51590403346778	6.77378489109497	-2.51590403346778	43.4138165136546
840000	3.34320534096403	-1.86811792810651	8.93159961481913	-1.86811792810651	55.246833945844	-5.65134935995243	8.93159961481913	-5.65134935995243	44.3561722802148
850000	12.6202284554586	-1.90375093133967	22.7958007631127	-1.90375093133967	56.8176379077877	-0.35392799895193	22.7958007631127	-0.353927998951931	61.2910138896967
860000	5.12508228149395	-4.61456646446249	13.705504653171	-4.61456646446249	68.9129287044284	-2.48666123722402	13.705504653171	-2.48666123722402	52.4835745205595
870000	3.50214207699969	-2.89054340206641	8.15236339952563	-2.89054340206641	71.2127811407998	-9.33026793521576	8.15236339952563	-9.33026793521576	38.2129675926375
880000	2.50350668580314	1.45186191813698	5.73305757910381	1.45186191813698	74.5982335992531	-7.20025638290028	5.73305757910381	-7.20025638290028	66.2437559993828
890000	5.22470932702053	1.58944037648106	11.0067804557952	1.58944037648106	66.80720688421	-10.731678627322	11.0067804557952	-10.731678627322	45.8219670210626
9e+05	6.31162212292293	-7.75168716092632	14.8073511007349	-7.75168716092632	53.9985140536884	-12.2048240505019	14.8073511007349	-12.2048240505019	65.871842883967
910000	8.51043380448563	-6.48591005700168	12.6266626421083	-6.48591005700168	52.6324799115084	-4.36940671721265	12.6266626421083	-4.36940671721265	40.3775501380234
920000	5.27569828991455	-5.91949242041759	12.3642144126022	-5.91949242041759	66.3072703597271	-11.0959906277039	12.3642144126022	-11.0959906277039	38.8212764808816
930000	3.56852364802463	-4.20217811883564	7.92759260879285	-4.20217811883564	59.2722490894132	3.13176897103746	7.92759260879285	3.13176897103746	46.8940887303227
940000	4.00821143716829	-1.91239925083029	13.3579980817992	-1.91239925083029	59.3518355747846	-7.70957566974442	13.3579980817992	-7.70957566974442	59.1634833180464
950000	3.59723324204682	-3.83872743180014	8.86498530859697	-3.83872743180014	69.5327242630851	-16.5614207430476	8.86498530859697	-16.5614207430476	58.3095313080325
960000	3.33974932922585	-1.27815157309783	10.1640433896968	-1.27815157309783	43.7970956819373	-4.8976302788342	10.1640433896968	-4.8976302788342	41.3488263410388
970000	7.34089863683701	-2.86053822325627	9.53643220750795	-2.86053822325627	67.6298066187158	-4.99807159510789	9.53643220750795	-4.99807159510789	34.1489314183876
980000	2.05419313983021	-0.801637314645312	4.98779605118907	-0.801637314645312	80.2371210062327	-0.262999904920452	4.98779605118907	-0.262999904920452	41.2465544875185
990000	5.22810767295271	-8.01531012447997	13.383801171644	-8.01531012447997	60.7956371798728	-16.6679704317385	13.383801171644	-16.6679704317385	54.2107187113446
1e+06	4.61945659220225	-5.00626456041198	10.4467359662242	-5.00626456041198	81.9415263163069	-4.67225129743745	10.4467359662242	-4.67225129743746	46.7204424958222
1010000	3.32954358172806	4.53382218515941	5.22027911577783	4.53382218515941	65.2657100039261	-21.7652559236719	5.22027911577783	-21.7652559236719	61.8885416778364
1020000	7.76402430172168	-5.41615804704236	13.4498919977519	-5.41615804704236	66.2393338430951	0.265007400146868	13.4498919977519	0.265007400146868	48.2488103321995
1030000	2.19694367660737	-1.70510596526064	6.36589904926739	-1.70510596526064	64.9345940128653	-9.94327173038594	6.36589904926739	-9.94327173038593	48.1767555898499
1040000	2.72993746332285	-5.95197311083565	9.48701739160575	-5.95197311083565	79.9897006972199	-22.0481663307321	9.48701739160575	-22.0481663307321	60.8353648254306
1050000	8.59484423353978	-3.46471392313373	17.6779461025257	-3.46471392313373	60.2597375721457	-17.154736952307	17.6779461025257	-17.154736952307	56.156902911096
1060000	16.8718043206503	-5.59649173725258	22.228564247391	-5.59649173725258	45.6536606187952	-2.87193370595853	22.228564247391	-2.87193370595853	37.7714090960168
1070000	22.0613060383831	-12.564132712389	28.5805953714717	-12.564132712389	54.2626984728527	-13.263400255897	28.5805953714717	-13.263400255897	54.8228840812134
1080000	19.4294096901934	-13.2986677891379	24.728578364653	-13.2986677891379	69.4307809214601	-10.1936081164605	24.728578364653	-10.1936081164605	52.1589789731039
1090000	13.2935554003751	-4.62037903063052	19.2478929906953	-4.62037903063052	58.3983124266351	-13.0062930274169	19.2478929906953	-13.0062930274169	50.2907298874876
1100000	25.5397652923992	-0.989025280499874	20.0670652874786	-0.989025280499874	58.6722832972574	-1.00098376590633	20.0670652874786	-1.00098376590633	45.5202752080518
1110000	36.7010762183519	-12.480309278731	35.4261472876254	-12.480309278731	58.7234271873526	-6.37240493177943	35.4261472876254	-6.37240493177943	44.4028978638079
1120000	65.252763714267	-29.5142686758713	49.8387473143311	-29.5142686758713	64.6045327235598	-6.11355762034145	49.8387473143311	-6.11355762034145	66.6894240447414
1130000	17.9708929485664	-8.14283279575807	29.4473167397245	-8.14283279575807	63.2152101655337	-6.63564290518298	29.4473167397244	-6.63564290518298	61.2009240654194
1140000	12.1830063966021	-13.2792911898409	17.3977431090975	-13.2792911898409	103.798591166061	-22.6830328641143	17.3977431090975	-22.6830328641143	41.2164445687604
1150000	14.7822493875509	-5.03838613093349	27.5776593504318	-5.03838613093349	59.5387372443348	-5.53434285549691	27.5776593504318	-5.53434285549691	74.7567531401122
1160000	4.47224145192712	-1.9784752928358	8.58779503811494	-1.9784752928358	61.9247847971448	-5.95591115542106	8.58779503811494	-5.95591115542106	42.215164008575
1170000	31.3244968902568	-11.4426830176277	32.5079359878376	-11.4426830176277	57.2628790427006	-7.6165969795437	32.5079359878376	-7.6165969795437	51.9114039068443
1180000	56.9230341956993	-20.2747261549894	49.6213163128476	-20.2747261549895	58.1442871094267	-20.1847937267721	49.6213163128476	-20.1847937267721	59.2793063357054
1190000	6.81632318716901	-6.1158535846063	8.49696486193027	-6.1158535846063	52.2386226909573	-12.2564926307818	8.49696486193026	-12.2564926307818	43.5671499463837
1200000	2.31782177620021	-3.49974212278294	6.37844665853054	-3.49974212278294	68.1519737767604	-5.11587562161588	6.37844665853055	-5.11587562161588	40.5624342398475
1210000	4.35144042628057	-7.53068692633066	6.50096968440886	-7.53068692633066	89.0404589014148	-14.7209820499264	6.50096968440886	-14.7209820499264	36.09721957572
1220000	8.35940446816372	1.55478635530548	12.4885477274937	1.55478635530548	45.3624852527065	2.31702836822054	12.4885477274937	2.31702836822054	42.9331709902107
1230000	5.60928431909735	-0.18392978040494	8.93087142372937	-0.18392978040494	52.8284064779063	0.664265484632261	8.93087142372936	0.664265484632261	32.4770985346022
1240000	2.10391805211521	-1.56007505209505	8.82845691636586	-1.56007505209505	46.8488881398535	-3.73418583445383	8.82845691636586	-3.73418583445382	59.7932861132864
1250000	5.13961102330826	-4.10555097016269	10.9764580852308	-4.10555097016269	54.1246127096087	-17.1795715776822	10.9764580852308	-17.1795715776822	53.5949348941784
1260000	3.19385394107728	-0.438525971957512	7.92318205659081	-0.438525971957512	54.1292861777791	-7.6657811572354	7.92318205659082	-7.6657811572354	39.1202845535888
1270000	2.46447885827096	0.0628292645177501	7.95321175645845	0.0628292645177502	69.5295493950777	7.768473936062	7.95321175645845	7.768473936062	51.5685086918457
1280000	4.04525257627082	-4.49422592914338	9.24425525319169	-4.49422592914338	56.7542208264261	-13.0270708632971	9.2442552531917	-13.0270708632971	47.7151698483837
1290000	5.59627101844844	-4.60480469960771	10.175830527586	-4.60480469960771	56.6097688187947	-6.5673070341752	10.175830527586	-6.5673070341752	43.5716533331833
1300000	10.3332258889464	-7.88795475407296	18.6448307873775	-7.88795475407296	58.8858566631729	-10.4402780476682	18.6448307873775	-10.4402780476682	53.0973354572825
1310000	6.31945625290705	-1.72167773605625	10.7269270222525	-1.72167773605625	59.1850572828224	-3.61902808992163	10.7269270222525	-3.61902808992163	34.050061116818
1320000	5.84311200468547	-5.47942039821003	13.6452117609016	-5.47942039821003	50.0375637306571	-6.49080913300286	13.6452117609016	-6.49080913300286	45.5914465137445
1330000	20.6607138231635	-6.3372711513123	31.2084125749768	-6.3372711513123	47.7066731248854	-10.5403410190415	31.2084125749768	-10.5403410190415	62.6811457095308
1340000	4.68756543736273	-1.20123864634726	10.3005574321514	-1.20123864634726	49.0575157374068	-6.49925331864673	10.3005574321514	-6.49925331864673	51.6789733696166
1350000	10.3873990120013	-12.346627098437	20.8546470226039	-12.346627098437	74.9970053366563	-10.7486247035466	20.8546470226039	-10.7486247035466	65.6031836896963
1360000	51.4009586175292	-17.1315668076013	58.8494469335608	-17.1315668076013	48.2167518776498	-18.2415284617254	58.8494469335608	-18.2415284617254	75.8815851019145
1370000	5.8079057990434	-4.37894641376579	11.4809224836384	-4.37894641376579	61.3396999369979	-2.44506755629214	11.4809224836384	-2.44506755629214	44.0123080529041
1380000	2.32518453984283	-1.57005502710789	8.38099133440267	-1.57005502710789	65.7844757989588	-2.7575843352455	8.38099133440267	-2.7575843352455	46.7567499433754
1390000	7.89917478903041	-4.07756328920326	15.7161858032475	-4.07756328920326	43.9314483185094	-5.05840315359694	15.7161858032475	-5.05840315359694	46.4111395703422
1400000	5.34329437212985	-0.831155013579584	10.6562462341892	-0.831155013579585	57.7325575604712	0.833147892295247	10.6562462341892	0.833147892295248	34.5990922862996
1410000	4.28217562163643	-1.93640855273942	10.5057838653803	-1.93640855273942	63.0376895286682	-10.8125396984022	10.5057838653803	-10.8125396984022	55.9280403275698
1420000	5.30050586790913	-3.68988713415021	10.9823785921384	-3.68988713415021	55.759480172527	-1.74363071472587	10.9823785921384	-1.74363071472587	39.4601978927535
1430000	4.7166203574239	-3.89268387318239	14.0431124266517	-3.89268387318239	45.4339337354699	-8.97464593823947	14.0431124266517	-8.97464593823947	54.5529454773449
1440000	2.97212408234569	0.351811375572118	8.47838798959068	0.351811375572118	52.5626980285735	-5.93227559328918	8.47838798959068	-5.93227559328918	43.1168551072042
1450000	3.01073735793407	-2.46076855026707	7.54513954171098	-2.46076855026707	58.1152626269395	-6.47039767364013	7.54513954171097	-6.47039767364013	32.5505391719514
1460000	3.61581974892223	0.0212873065191128	11.2075024614094	0.0212873065191127	53.7039042792137	-4.89598521094106	11.2075024614094	-4.89598521094106	60.5626187621357
1470000	2.62558220291749	-3.49740573063573	7.7742399008873	-3.49740573063573	51.2240769685691	-11.4045650895813	7.7742399008873	-11.4045650895813	50.183262280787
1480000	6.34847169166046	-10.4453415497476	11.6139151483288	-10.4453415497476	69.9275455131292	-13.3735291884451	11.6139151483288	-13.3735291884451	46.2117058326267
1490000	4.78015078876568	-3.43984603490509	11.5489917304367	-3.43984603490509	58.6416754207297	-9.84563150481969	11.5489917304367	-9.84563150481969	57.2877445238904
1500000	16.272332323798	-5.26866284371233	29.0584624191905	-5.26866284371233	51.4409772158032	-12.4634976090256	29.0584624191905	-12.4634976090256	62.6412163125557
1510000	6.97123413035844	-2.69596870318012	12.1301553859767	-2.69596870318012	44.9452749814909	-5.96784215178374	12.1301553859767	-5.96784215178374	44.9884252758142
1520000	10.972335552714	-3.89034789635621	17.6041998058304	-3.89034789635621	70.8332392928805	-11.2751105829547	17.6041998058304	-11.2751105829547	47.475613094329
1530000	4.41197884128317	-0.260330983109307	12.7850451306751	-0.260330983109307	62.6131328581571	7.13217386243289	12.7850451306751	7.13217386243289	63.5608463222591
1540000	14.5981371166644	-2.8585218511017	26.1375652140415	-2.8585218511017	58.0523625720221	0.367383998420012	26.1375652140414	0.367383998420016	57.2829163222839
1550000	8.97686442149372	-6.71756865696872	18.4692175842893	-6.71756865696872	62.7912003502092	-4.08721236496752	18.4692175842893	-4.08721236496752	61.4338346562228
1560000	4.55441970086352	-3.07807606019678	9.00264496078141	-3.07807606019678	63.9577310097293	-6.93644763365717	9.00264496078141	-6.93644763365717	44.8560393202601
1570000	3.94272700476363	-2.8007179789293	14.8522889568546	-2.8007179789293	50.8546322428696	-8.60314052892768	14.8522889568546	-8.60314052892768	72.635765383742
1580000	4.83678794539227	-6.10404481988742	13.9292711400224	-6.10404481988742	50.06849131794	-14.4735501118973	13.9292711400224	-14.4735501118973	54.8988853180642
1590000	6.62891595181349	-4.3528747093649	12.3919952467186	-4.3528747093649	72.5980175223423	-4.16721235284695	12.3919952467186	-4.16721235284696	59.6937404829274
1600000	1.67338073270207	0.791964259556657	5.86887632466739	0.791964259556657	63.6361928916496	-11.1095589737172	5.86887632466739	-11.1095589737172	44.2661293925425
1610000	4.5836446953921	-3.73193364043871	11.2162031587435	-3.73193364043871	57.1945643087913	-3.52474370059358	11.2162031587435	-3.52474370059358	38.4088191221501
1620000	7.90068598233181	-7.77875623988833	16.6538352566518	-7.77875623988833	54.1589449638184	-16.3396832982474	16.6538352566518	-16.3396832982474	50.2624143039514
1630000	8.30943381264004	-3.38441597825349	17.9739743780147	-3.38441597825349	66.150624076552	-4.59708060618748	17.9739743780147	-4.59708060618748	61.1751395911857
1640000	4.41565054878957	-6.32480835622616	12.8458741474377	-6.32480835622616	81.9076078367795	-25.3523201347309	12.8458741474377	-25.3523201347309	63.648422574136
1650000	3.86809342511395	0.850531251112373	10.6365211074002	0.850531251112373	56.8853771058051	-4.05377501809257	10.6365211074002	-4.05377501809257	47.1726592765998
1660000	9.13257030324931	-7.79165507311872	17.9862032245523	-7.79165507311872	76.8592923302487	-18.6847364094728	17.9862032245523	-18.6847364094728	53.3852263266657
1670000	13.2985203233144	-9.43914838841617	14.9835276824454	-9.43914838841618	79.8961762398603	-32.1004906724899	14.9835276824454	-32.1004906724899	48.2264105780107
1680000	10.1016547654836	-4.24377577649133	15.1661211401083	-4.24377577649133	50.8039212885297	-9.94836086215128	15.1661211401083	-9.94836086215128	30.9338613501733
1690000	13.1220270438614	-10.1850956398897	20.3612864456708	-10.1850956398897	75.6095950788511	-8.25347505181649	20.3612864456708	-8.2534750518165	49.5976783814729
1700000	5.67720541731629	-11.2991101503302	14.6947154981488	-11.2991101503302	94.7426347343858	-27.2978041646205	14.6947154981488	-27.2978041646205	66.6081235729277
1710000	1.67430526057976	-3.32967440309343	6.00987947423025	-3.32967440309343	77.2698396420079	-17.145602869874	6.00987947423025	-17.145602869874	45.1636086762875
1720000	10.8827431671742	-1.47095358829414	22.4032767698	-1.47095358829414	64.438195161276	1.24169836138608	22.4032767698	1.24169836138609	55.0289196265035
1730000	2.34327475995895	-3.96562622649893	7.60989608391411	-3.96562622649893	68.9793668815568	-21.7543024334224	7.60989608391411	-21.7543024334224	52.3022173200542
1740000	11.873836781887	-9.41810924445283	24.3668729449749	-9.41810924445283	61.42632535797	-12.4096966568842	24.3668729449749	-12.4096966568842	64.3530602669729
1750000	5.2998407338812	-6.19668827906209	14.8991048708386	-6.19668827906209	77.9196650531348	-14.0480937040726	14.8991048708386	-14.0480937040726	52.3203513801581
1760000	5.1941140330543	-4.41680800406189	9.44231848837876	-4.41680800406189	86.8867106603094	9.82163493828766	9.44231848837876	9.82163493828767	44.1096000395697
1770000	4.15144287096724	-1.77941616593648	9.31222470101238	-1.77941616593648	59.6925398688837	-10.032604489868	9.31222470101238	-10.032604489868	51.8320148049463
1780000	15.0623676172184	-12.4845763970234	20.894291281312	-12.4845763970234	76.6900383295937	-20.7633427478417	20.894291281312	-20.7633427478417	51.2431022013643
1790000	11.7573603336462	-13.0154830728809	21.7173221064114	-13.0154830728809	105.885159931496	-24.2027494358883	21.7173221064115	-24.2027494358883	51.9237105735803
1800000	9.65563918718586	0.360700115492688	17.7849982156936	0.360700115492688	86.4574650099829	3.53823885979052	17.7849982156936	3.53823885979052	52.0321029872745
1810000	4.93924769577399	0.668746458235706	12.1758308303748	0.668746458235707	45.0156987485451	-4.30980544904495	12.1758308303748	-4.30980544904495	44.223431872126
1820000	4.95072959563813	-5.32163282807878	13.0475496179212	-5.32163282807878	90.5033706151862	-5.44670571302767	13.0475496179212	-5.44670571302767	44.2373379725099
1830000	3.39649307548278	-1.98869965677433	9.713387655348	-1.98869965677433	62.887208703117	-10.5379475068254	9.713387655348	-10.5379475068254	45.4351799784308
1840000	3.20801098835366	-5.46820807099483	9.03778044734577	-5.46820807099483	63.45880372325	-18.0267823637194	9.03778044734577	-18.0267823637194	54.0150714456121
1850000	1.35607840080128	-0.0910594118821292	4.80166843205955	-0.0910594118821292	48.7170470039973	-14.6797956918295	4.80166843205955	-14.6797956918295	48.0325253625485
1860000	10.8898006757829	-5.37610947584162	16.563245123112	-5.37610947584162	40.3794346728415	-16.1386828572796	16.563245123112	-16.1386828572796	58.9228176236515
1870000	6.05760380447283	-1.008640843039	15.6739298471644	-1.008640843039	47.6637559696753	-2.13380981159255	15.6739298471644	-2.13380981159255	55.6606447140558
1880000	5.10295535990719	1.45839387368891	10.16077728137	1.45839387368891	77.0200967814736	4.11869844313713	10.16077728137	4.11869844313713	46.3834219742715
1890000	2.80890109932236	0.0721982173356663	8.51101528850373	0.0721982173356661	44.0243536009778	-6.16207053992194	8.51101528850373	-6.16207053992194	70.1958556847251
1900000	5.04325696761762	-7.94604886042966	12.8315501405676	-7.94604886042966	62.7661802419853	-19.0728849954835	12.8315501405676	-19.0728849954835	49.3870401914965
1910000	9.26619245625942	-6.28302991364586	13.5003837717247	-6.28302991364586	54.186275753903	-11.3491995817958	13.5003837717247	-11.3491995817958	42.9814147277717
1920000	27.850055125318	-13.7860684403674	37.0575014717385	-13.7860684403674	46.3695902355353	-18.0096569123517	37.0575014717385	-18.0096569123517	67.2800465064658
1930000	22.4613605198055	-15.2029650521811	21.293338557058	-15.2029650521811	82.7155961855154	-7.59726174340804	21.293338557058	-7.59726174340804	39.1831493355402
1940000	10.011357750239	-9.00463459282588	9.74251224985895	-9.00463459282588	64.8782201219946	-7.3432527505738	9.74251224985895	-7.3432527505738	42.6997318854666
1950000	66.582767965686	-26.3898085332559	45.2644777965364	-26.3898085332559	61.4430371692448	-8.0086967263444	45.2644777965364	-8.0086967263444	40.3858072421504
1960000	13.6217128496678	-15.7423411282681	20.2710261793962	-15.7423411282681	61.0005390718554	-19.7878680931639	20.2710261793962	-19.7878680931639	60.3130972244889
1970000	10.3950687043556	-6.44067684930488	18.8071832364348	-6.44067684930489	33.8217272009223	-13.1656530468982	18.8071832364348	-13.1656530468982	45.0575742395155
1980000	5.65692959917248	-4.79380607045289	14.8626021515075	-4.79380607045289	49.6266888200524	-11.9268961929079	14.8626021515075	-11.9268961929079	48.3023088759764
1990000	10.6714841031719	-7.25303842902827	17.5141093784414	-7.25303842902827	61.6054714513291	-19.5662618319162	17.5141093784414	-19.5662618319162	46.9513580770842
2e+06	16.7436734248414	-9.94722248193723	28.813696313707	-9.94722248193723	91.6779934704157	-13.8214052994001	28.813696313707	-13.8214052994001	60.8524099367826
2010000	15.1630169926069	-4.17502953973119	25.860289394632	-4.17502953973119	61.9114157635145	-4.56842735383209	25.860289394632	-4.56842735383209	61.7737826171279
2020000	14.390338978456	-2.42572959498985	23.4185188660998	-2.42572959498985	75.0919380609488	-2.63041670990538	23.4185188660998	-2.63041670990538	47.8357673754808
2030000	2.66872764649656	-2.94490428282093	10.036295397857	-2.94490428282093	65.7063515577115	-18.5104413846799	10.036295397857	-18.5104413846799	58.1207742506995
2040000	4.07702704933171	-2.96835361340926	11.1995860659903	-2.96835361340926	56.1754729293776	-14.0986859557005	11.1995860659903	-14.0986859557005	52.1494160477863
2050000	5.10156182384944	-3.20261565333949	14.4907774891265	-3.20261565333949	38.0159685296	-7.31172693722246	14.4907774891265	-7.31172693722246	54.3749275123485
2060000	12.602931529361	-5.1426461152171	21.8336252713697	-5.1426461152171	55.3298494630493	-8.8896927185725	21.8336252713698	-8.8896927185725	52.8471385945217
2070000	14.1774576568641	-5.449000546034	19.6381492726972	-5.449000546034	75.1730368785726	-0.760167665126018	19.6381492726972	-0.760167665126019	40.3491181199744
2080000	30.785218042068	-9.67743886492974	36.8123115064763	-9.67743886492974	42.03664018443	-11.2861284617419	36.8123115064763	-11.2861284617419	60.9549583376272
2090000	5.90652778054684	-9.7613881876627	15.6742032727486	-9.7613881876627	64.89150302384	-28.8354093137945	15.6742032727486	-28.8354093137945	69.7650783111062
2100000	14.4310795710032	-3.52877709423903	21.3095986344807	-3.52877709423903	56.9283847437932	6.0477286337177	21.3095986344807	6.0477286337177	45.9770673831176
2110000	12.827516605316	-3.87197507861987	17.5739193769098	-3.87197507861987	74.5482450724739	-9.82415351970965	17.5739193769098	-9.82415351970965	43.871263008618
2120000	9.07716276493013	-1.38386570630283	16.2174443077838	-1.38386570630283	61.109845664897	-4.8337735783835	16.2174443077838	-4.8337735783835	39.1763294011747
2130000	10.0359075234363	-3.36063179056903	20.7638177529548	-3.36063179056903	58.1486760932511	-14.1695795074133	20.7638177529548	-14.1695795074133	67.1542281989943
2140000	4.95864608831442	-4.55387440091377	16.0185331142616	-4.55387440091377	56.1802523676125	-5.87024042515119	16.0185331142616	-5.87024042515119	70.5260913505712
2150000	20.2670381804189	-5.19071392511896	22.2145605607844	-5.19071392511896	66.072695485251	-1.70920263909122	22.2145605607844	-1.70920263909121	30.2864717031081
2160000	19.8740844099139	-8.87241398810476	21.7641337807429	-8.87241398810476	58.6050950888399	-9.11897328099447	21.7641337807429	-9.11897328099447	42.5337631766232
2170000	48.7120499400359	-18.2428761764895	45.3831667588171	-18.2428761764895	62.7421921329872	-13.9167460895453	45.3831667588171	-13.9167460895453	52.4364970443767
2180000	82.7689018861277	-22.1861257657981	45.5663366364695	-22.1861257657981	50.906235221623	-12.89654923822	45.5663366364695	-12.89654923822	40.728919244563
2190000	14.4732873201939	-8.66268978561742	19.371547861678	-8.66268978561742	76.2092495153815	-8.14631397370421	19.371547861678	-8.14631397370421	43.1459915744432
2200000	3.3963112118078	-4.89998891253859	8.53572064379628	-4.89998891253859	76.6165978175571	-2.78928046481441	8.53572064379628	-2.7892804648144	48.7934972512093
2210000	1.98274284203044	-0.711697476023505	6.02625132661963	-0.711697476023505	40.3485528000786	-8.52195576684039	6.02625132661963	-8.52195576684039	45.3238945191225
2220000	2.40674010551327	-1.36145327177041	7.35134471277802	-1.36145327177041	64.4813483633674	-13.4205360036767	7.35134471277802	-13.4205360036767	44.6706976107294
2230000	2.15397129047171	-0.636145585756858	5.91680050065529	-0.636145585756858	55.7539093421028	-5.10002510760269	5.91680050065529	-5.10002510760269	38.483428503037
2240000	5.28298201080032	-7.70891436912174	8.0031074298642	-7.70891436912174	60.8106019868103	-8.79329489909576	8.0031074298642	-8.79329489909576	49.0674390966444
2250000	7.07352823733036	-8.59570609697915	11.2453407457839	-8.59570609697915	56.0212695973997	-13.5108420802336	11.2453407457839	-13.5108420802336	40.7442791117332
2260000	4.74588194846259	-3.11974814166397	10.6583721795962	-3.11974814166397	35.0590261087132	-7.60044290656419	10.6583721795962	-7.60044290656419	38.1669856239427
2270000	13.1199289355414	-8.77693525015331	26.148923274245	-8.77693525015331	49.5433032383488	-21.1907864649962	26.148923274245	-21.1907864649962	63.1201069154804
2280000	2.46425957600371	-4.17374498545446	10.1951974999037	-4.17374498545446	64.1983549369084	-18.4607714282679	10.1951974999037	-18.4607714282679	59.996995210125
2290000	2.3134742298718	0.441605418823239	0.157047023348036	0.441605418823239	63.3915728161961	-3.79891527075217	0.157047023348036	-3.79891527075217	64.4445871127392
2300000	8.75020868733214	-4.70318276650998	15.976787399193	-4.70318276650999	62.9992074844541	-21.1526838200414	15.976787399193	-21.1526838200414	46.7781334210139
2310000	1.65006975433792	0.326687381803171	3.16927486935877	0.326687381803171	63.819522282078	-2.4323424115565	3.16927486935877	-2.4323424115565	42.9636390526458
2320000	5.00040216701018	-1.37230577883829	10.9210184000202	-1.37230577883829	69.7843603162673	-19.0106130470852	10.9210184000202	-19.0106130470852	48.9570161421809
2330000	2.28340589876213	-2.38714677460143	4.98390820786065	-2.38714677460143	47.8096821442379	-6.16975265502006	4.98390820786065	-6.16975265502006	47.5733325540514
2340000	2.03560951486177	-2.50904845205886	4.42461863772927	-2.50904845205886	44.9797272233883	-14.914757731116	4.42461863772927	-14.914757731116	48.4535779356647
2350000	5.97388842602919	-5.41288503535035	13.4561419669585	-5.41288503535035	67.2252433789605	-9.85246447916618	13.4561419669585	-9.85246447916618	49.4219757958598
2360000	9.48180818539657	-4.55831834227454	20.769940746173	-4.55831834227454	55.6294877360331	-9.31269674778688	20.769940746173	-9.31269674778688	57.7470594951115
2370000	10.8169629436246	4.12889394469481	18.8970900683844	4.1288939446948	49.8447539622639	-5.63586554479602	18.8970900683844	-5.63586554479602	56.2404060587108
2380000	20.334175876303	-8.00639894569939	30.9430404035315	-8.00639894569939	50.9891596482017	-8.34505278370922	30.9430404035315	-8.34505278370922	58.8044959578831
2390000	9.14504871778268	8.60955136778654	8.94657226628785	8.60955136778655	74.6782157582965	8.3570777292529	8.94657226628785	8.3570777292529	53.3421458617457
2400000	4.1774591241076	1.30843393003086	9.99321303357062	1.30843393003086	76.1003019858592	-14.1933004121408	9.99321303357062	-14.1933004121408	51.3152561970439
2410000	16.0795101529465	-4.9821669069845	24.0916730686606	-4.9821669069845	70.5587014917056	-10.530424968615	24.0916730686606	-10.530424968615	50.8412560836216
2420000	10.0246902954446	-4.52610741680643	20.8785770144843	-4.52610741680643	46.6713744600553	-4.13528969490577	20.8785770144843	-4.13528969490577	50.0576710017488
2430000	2.50551382060584	-3.12981673449027	5.99082341564805	-3.12981673449027	67.7276723505256	-0.599597627729383	5.99082341564805	-0.599597627729383	53.9213987922473
2440000	2.09398841269624	1.67133850617352	6.06122045118928	1.67133850617352	81.6478645358933	-18.4032077028796	6.06122045118928	-18.4032077028796	58.8448934738502
2450000	6.00268504585212	-4.47565051741438	14.8231257386277	-4.47565051741438	53.6015287351446	-12.3501024380059	14.8231257386277	-12.3501024380059	53.0015441290851
2460000	7.93924041421471	-0.938985806891219	17.3337281727078	-0.938985806891219	77.1121764130666	-7.69937246815993	17.3337281727078	-7.69937246815993	70.5809001376668
2470000	4.23926247883053	-6.03318680090074	12.2599601236487	-6.03318680090074	61.0702246760185	-9.26301312010257	12.2599601236487	-9.26301312010257	61.5096427391412
2480000	3.30187652805104	-1.80810421041926	9.50154154150905	-1.80810421041926	53.9171105210339	-11.5796945773312	9.50154154150905	-11.5796945773312	47.8445439457074
2490000	9.52885397405344	-4.89036926451662	19.4337396843124	-4.89036926451662	62.6811735801446	-5.4912401334027	19.4337396843124	-5.4912401334027	58.0606980992558
2500000	11.3990487235548	-5.58793055763676	22.6281450654292	-5.58793055763676	50.2067586251558	-12.3112870312372	22.6281450654292	-12.3112870312372	58.1529962851251
2510000	6.71137307256578	-2.32070412934209	12.4716297325874	-2.32070412934209	54.0862791698628	-4.59056381049894	12.4716297325874	-4.59056381049894	35.1137563710668
2520000	15.6891793930732	-6.54659380485527	21.9374323033141	-6.54659380485528	48.4901608167149	-13.3304551572829	21.9374323033141	-13.3304551572829	45.4639385417605
2530000	24.224913808854	-10.6513971979161	34.6354234432739	-10.6513971979161	56.950378350367	-4.25396335091842	34.6354234432739	-4.25396335091843	65.9645095813878
2540000	7.58477177184867	-10.3579845795754	16.2611257284606	-10.3579845795754	60.3248780515068	-10.7132712977765	16.2611257284606	-10.7132712977765	60.2467316802288
2550000	8.37235233117035	-6.6922266248628	13.2294386776983	-6.6922266248628	64.0437854178724	-10.5057399094221	13.2294386776983	-10.5057399094221	47.1077476173452
2560000	1.85445590120145	-0.123370995343737	4.45792075543643	-0.123370995343737	49.4067188443076	-4.53716390933419	4.45792075543643	-4.53716390933419	47.4739899044853
2570000	7.18815923745636	-5.29833265389594	12.3231103152343	-5.29833265389594	68.5080508037225	-12.4083623457837	12.3231103152343	-12.4083623457837	48.640621923535
2580000	5.39891069839079	-7.70305579129943	12.2353363012163	-7.70305579129943	59.2314029894117	-10.209479630559	12.2353363012163	-10.209479630559	41.6100627851533
2590000	7.75570213129002	-7.6294146939921	17.7052873650763	-7.6294146939921	62.1315072035107	-9.1937267346976	17.7052873650763	-9.19372673469761	54.6138111867586
2600000	5.44954182935707	-0.14212003741425	12.3852924852682	-0.14212003741425	57.9890641905583	-5.73112135538886	12.3852924852682	-5.73112135538886	49.839895712054
2610000	5.38605241020859	-5.21447895051062	13.1891019517361	-5.21447895051062	45.6174872085993	-14.80007288449	13.1891019517361	-14.80007288449	47.641664189876
2620000	14.9659098817159	-4.17346372501059	29.2637012753055	-4.17346372501059	48.8135750851237	-0.0309360924771908	29.2637012753055	-0.0309360924771909	75.1793182789811
2630000	12.0225931648874	-18.7096737620451	15.7852584916807	-18.7096737620451	78.0045213826522	-11.8372209351217	15.7852584916807	-11.8372209351217	51.5588723993273
2640000	8.11623738313215	6.01974419787595	15.5586458877101	6.01974419787595	56.5435655621683	8.74671443213372	15.5586458877101	8.74671443213372	49.1244813103566
2650000	2.6888878940319	-2.65069619810342	7.84635271341055	-2.65069619810342	44.4975951604252	-2.16339670375652	7.84635271341055	-2.16339670375652	47.1874752307744
2660000	6.69463966413359	-2.93262881936885	13.4456826113342	-2.93262881936885	44.7795552464529	-6.51475235139997	13.4456826113342	-6.51475235139997	59.1578101831038
2670000	16.5464155262612	-3.74454210550215	28.682300404001	-3.74454210550215	61.0937525483592	6.37649597928354	28.682300404001	6.37649597928354	64.6876097063279
2680000	16.6734071432506	-9.44428173705638	22.986799942403	-9.44428173705638	48.067117105703	-10.1875556807963	22.986799942403	-10.1875556807963	43.8416966247659
2690000	12.6638975412982	-0.679409325273716	22.1432201709803	-0.679409325273717	40.6101199778423	4.55845065132623	22.1432201709803	4.55845065132623	50.0516128064687
2700000	10.4431959239818	-3.60308328882786	20.7152979488866	-3.60308328882786	62.2195580497	-6.77127226156899	20.7152979488866	-6.77127226156899	52.7158448276629
2710000	4.38265912435944	4.5765668177359	13.8024434971229	4.5765668177359	80.8778945142369	6.48765944653734	13.8024434971229	6.48765944653734	66.8596520220371
2720000	7.10585669932258	1.37864610990219	16.0090460608425	1.37864610990219	59.9084603046848	-1.86302741297019	16.0090460608425	-1.86302741297019	65.5209311448172
2730000	30.7102615000227	-6.80292628811717	30.0186007311011	-6.80292628811717	62.9651593194277	5.68595877672858	30.0186007311011	5.68595877672858	51.026902340493
2740000	53.0924064877117	-3.79884245296146	42.3637647861304	-3.79884245296146	64.0034795676308	-4.25948165091434	42.3637647861304	-4.25948165091434	49.2124089036132
2750000	46.9064520477559	-3.05933712486266	36.277108189445	-3.05933712486266	76.573487539103	3.74935627389359	36.277108189445	3.74935627389359	42.7419877153612
2760000	12.9977284760978	-7.14775175021669	19.7507429271638	-7.14775175021669	68.2594934670075	-10.6226596822464	19.7507429271638	-10.6226596822464	50.1029222503133
2770000	22.4849719410721	-11.6470628697293	27.8527392949094	-11.6470628697293	54.322011789023	-7.93681482239929	27.8527392949094	-7.93681482239929	52.2981022998347
2780000	5.32077651382641	4.15803439596962	2.61240190337438	4.15803439596962	52.7085664843297	-8.93673681327606	2.61240190337438	-8.93673681327606	44.7849642846545
2790000	4.65177606660467	-1.43038524363031	5.71394997523594	-1.43038524363031	54.2092552429914	-6.65393432364084	5.71394997523594	-6.65393432364084	44.6571091700055
2800000	5.64877240236799	-5.9573129812356	12.3852797153811	-5.9573129812356	53.1041024204133	-7.95422937855417	12.3852797153811	-7.95422937855417	55.1968623746545
2810000	8.75936121872047	-3.2983664038571	11.419359817519	-3.2983664038571	48.6216450778854	-17.0534628022206	11.419359817519	-17.0534628022206	57.1411978799509
2820000	29.5491068292308	-9.9300303916127	35.6871068211853	-9.9300303916127	59.3558664017702	-8.82804919564698	35.6871068211853	-8.82804919564698	55.9418317071659
2830000	14.7692898357317	-14.8121793638879	23.3224674488461	-14.8121793638879	66.1403981760642	-13.6809620877271	23.3224674488461	-13.6809620877271	52.1926971100206
2840000	5.85356270467	-4.1448751815017	12.7790639932139	-4.1448751815017	66.5645392552034	-18.0245044728196	12.7790639932139	-18.0245044728196	55.469720552071
2850000	22.6339555278982	-11.1397955746064	27.5539738072777	-11.1397955746064	53.3143055249998	-5.25895340009316	27.5539738072777	-5.25895340009316	49.4895836288664
2860000	105.502932242985	-16.4504636343663	59.3266187644848	-16.4504636343663	48.2095925272103	-10.2989222788578	59.3266187644848	-10.2989222788578	45.0782502630981
2870000	26.2016783930037	-10.8636601150671	27.5454862705049	-10.8636601150671	47.1595264518544	-10.105372652497	27.5454862705049	-10.105372652497	36.8831036824513
2880000	25.0633695893154	-10.5063806317138	28.0369425712473	-10.5063806317138	48.5348972183087	-10.6205641598952	28.0369425712473	-10.6205641598952	48.6989774391186
2890000	124.886860344742	-29.8351298199	83.6290665883464	-29.8351298199	62.7021278283411	-18.231446076963	83.6290665883464	-18.231446076963	61.4692040059637
2900000	83.3650825728727	-12.5785291338312	57.1032010758742	-12.5785291338312	49.9902065774036	-4.62914675105832	57.1032010758742	-4.62914675105832	63.0955381488275
2910000	151.017475406338	-38.767529606538	64.3779096245103	-38.767529606538	81.2432040347081	-6.606051724285	64.3779096245103	-6.606051724285	41.186601713615
2920000	98.4833499828151	-12.0692202850463	70.3160066201675	-12.0692202850463	53.2133117613268	-1.47043365770949	70.3160066201675	-1.47043365770949	59.0739925590252
2930000	12.2878688744007	-4.17426689919192	9.69162196935371	-4.17426689919192	79.3388393056352	-3.26621718373937	9.69162196935371	-3.26621718373937	44.439935971606
2940000	9.50470289490984	-3.11821190306192	17.4592063927182	-3.11821190306192	41.8043748633688	-3.09226582327521	17.4592063927182	-3.09226582327521	47.2250062619431
2950000	5.82726674739931	-7.03208779753661	12.2603071358207	-7.03208779753661	69.1012536798915	3.51326784764049	12.2603071358207	3.51326784764049	55.5485012769345
2960000	7.41473664896492	-2.82552593368445	15.1486661617768	-2.82552593368445	52.6588351546117	-5.32291348879664	15.1486661617768	-5.32291348879664	47.8289662230949
2970000	10.2127326996227	-6.02084763036852	18.6412687798785	-6.02084763036852	53.6539214057433	-11.2328012358431	18.6412687798785	-11.2328012358431	65.3500106412529
2980000	8.26517384404373	-7.51514975071143	16.2518189048656	-7.51514975071143	64.4371546238882	-14.511631081143	16.2518189048656	-14.511631081143	45.2671264158944
2990000	8.62684133244411	-8.00194893328647	17.5639136313663	-8.00194893328647	55.8964481594207	-16.0828300190882	17.5639136313663	-16.0828300190882	45.4509606244852
3e+06	4.43240350048291	-2.48761081007604	12.3417015065465	-2.48761081007604	64.864421453978	-18.042036395284	12.3417015065465	-18.042036395284	53.0051179923481
3010000	2.70019097484346	-1.68639892017237	8.41765580780328	-1.68639892017237	53.7479335915277	-8.8867945649235	8.41765580780328	-8.8867945649235	49.3669815036788
3020000	5.05890927848833	-3.7063418034791	9.5677819257188	-3.7063418034791	58.2985494778668	-8.90157422072996	9.5677819257188	-8.90157422072996	31.8718963410172
3030000	8.73293704633837	1.16996448089949	20.1094197026035	1.16996448089949	62.3645133938947	-0.137867496219634	20.1094197026035	-0.137867496219634	61.8124461862027
3040000	13.409313098743	-4.6107656845643	25.1448190870666	-4.6107656845643	57.809225867967	-6.78476819559464	25.1448190870666	-6.78476819559464	67.0897946181413
3050000	33.9725496665589	-8.3542566142927	39.0853392489073	-8.3542566142927	54.3397509859407	-12.9861019376471	39.0853392489073	-12.9861019376471	53.6756768544065
3060000	32.3964579590461	-13.1398626009799	28.0094442621105	-13.1398626009799	48.0654881306669	-7.08498362565449	28.0094442621105	-7.08498362565449	35.7921568728131
3070000	19.1358805550823	-9.25116858039964	24.2950442484953	-9.25116858039964	52.1575279103237	-8.40604584618094	24.2950442484952	-8.40604584618094	52.4527593406912
3080000	22.8420040572421	-4.36170454539733	25.8352637001222	-4.36170454539732	51.2694743471081	-3.86980073432937	25.8352637001222	-3.86980073432937	42.6731920477716
3090000	18.4299590669761	-13.4075583360592	25.9205905197669	-13.4075583360592	57.8828456788401	-23.8284589808115	25.9205905197669	-23.8284589808115	46.6594249071558
3100000	20.4475427045108	-10.0585887328637	23.7563600943738	-10.0585887328637	51.2991179219478	-8.99829549100562	23.7563600943738	-8.99829549100562	36.6983630899387
3110000	5.48889382089597	-3.42435675746651	9.68128724298439	-3.42435675746651	43.2584251095013	-7.89541587982673	9.68128724298439	-7.89541587982673	41.8139288806908
3120000	4.02031579794286	-6.60150879327309	11.6115474630346	-6.60150879327309	53.9219487840673	-16.3938601916663	11.6115474630346	-16.3938601916662	41.6573681264134
3130000	30.2743529831682	-10.8287868492941	38.366599212279	-10.8287868492941	73.2346733766004	-13.1625287395585	38.366599212279	-13.1625287395585	61.9052341945722
3140000	37.4430317308145	-16.4313026163159	42.9462852619788	-16.4313026163159	55.2867961495611	-15.836107382098	42.9462852619788	-15.836107382098	65.275170137127
3150000	10.835784561103	-9.9271228733901	21.774375077108	-9.9271228733901	60.7083631986208	-16.6819961247958	21.774375077108	-16.6819961247958	57.2208128839749
3160000	12.4067466028444	-7.34372227476837	23.6251780458739	-7.34372227476837	55.5240818079109	-16.144841092643	23.6251780458739	-16.144841092643	60.0714011682182
3170000	3.55685597889706	-0.682098059603861	10.0950506703183	-0.682098059603861	67.2101048904249	-12.7724219575292	10.0950506703183	-12.7724219575292	63.1230812210005
3180000	4.50136993219143	-5.06251696123018	11.6586138639669	-5.06251696123018	46.5835102321667	-1.72252152574164	11.6586138639669	-1.72252152574165	52.9935192029161
3190000	6.20882746933047	-5.38889077791905	13.5666989605873	-5.38889077791905	55.4530941754641	-2.51426143047313	13.5666989605873	-2.51426143047313	45.662945632191
3200000	7.67883503026827	-8.60394623285038	12.1971816156618	-8.60394623285038	59.3921297074491	-3.46599411825819	12.1971816156618	-3.46599411825818	42.3750734238578
3210000	13.5981914468013	-8.98464469088558	21.6618948489258	-8.98464469088558	70.2198202381765	-3.97184725710838	21.6618948489258	-3.97184725710838	62.5075321264997
3220000	18.1267945158768	-12.3072604733025	21.7215465632038	-12.3072604733025	56.3512689705498	-11.0378071475241	21.7215465632038	-11.0378071475241	57.3960968547421
3230000	6.78306228630125	-3.88297007163891	10.0192066346006	-3.88297007163891	48.2784921080094	-6.98778320584546	10.0192066346006	-6.98778320584546	54.1953118589968
3240000	6.73222746600365	-1.4137200630516	14.7079091048791	-1.4137200630516	54.4070666237239	-4.45006116011097	14.7079091048791	-4.45006116011096	48.909558712776
3250000	10.4278255268387	-1.51011809930132	16.1905319490329	-1.51011809930132	49.969404444775	3.63349170809741	16.1905319490329	3.63349170809741	46.4573118821344
3260000	4.85096422957715	-3.4094325394979	10.8975095759299	-3.4094325394979	67.4050672093188	-6.99498884312675	10.8975095759299	-6.99498884312675	48.7907869820315
3270000	18.8675592834514	-11.7481201106018	25.5293544644591	-11.7481201106018	57.0082692483409	-10.1026986073194	25.5293544644591	-10.1026986073194	46.2700000993718
3280000	14.6455333967849	-4.72071851855928	21.7352688287614	-4.72071851855928	57.2784961196356	-6.772904471843	21.7352688287614	-6.772904471843	42.7224738910444
3290000	4.6706852048511	-2.34972701629556	10.8684569239404	-2.34972701629556	54.1809499493559	-0.436620162278476	10.8684569239404	-0.436620162278474	44.132757331071
3300000	9.28795255805037	-10.4442244127978	18.6594056317674	-10.4442244127978	68.8617708908754	-4.65303033059532	18.6594056317674	-4.65303033059532	64.1280849649319
3310000	30.5027608239078	-20.3736644647623	39.5863978493353	-20.3736644647624	62.5419328569278	-26.7843454591977	39.5863978493353	-26.7843454591977	62.7380356539714
3320000	6.91274692134684	-5.76074449970117	13.6636432579593	-5.76074449970117	56.7510538684956	-12.4010925564638	13.6636432579593	-12.4010925564638	47.3637545887815
3330000	3.28620310201069	-2.68949950705052	5.73867537511444	-2.68949950705052	42.9224745822242	-6.07379879938174	5.73867537511444	-6.07379879938174	42.5221996613458
3340000	18.5768489280035	-14.6491060061059	13.9713069477958	-14.6491060061059	59.6714884794855	-5.96172341146176	13.9713069477958	-5.96172341146176	57.8348482385203
3350000	3.01732471450893	-2.22195297106783	7.03718727178565	-2.22195297106783	87.0847578277318	-23.5932280673116	7.03718727178565	-23.5932280673116	46.3674120081847
3360000	3.02291011519738	1.55072186676235	6.62159820683214	1.55072186676236	50.5286238094064	-3.67375934092217	6.62159820683214	-3.67375934092217	54.7008330231852
3370000	2.19998282782783	-0.324502621258524	6.67507093039077	-0.324502621258523	77.9164198643497	-16.1719032674685	6.67507093039077	-16.1719032674685	44.8717842289281
3380000	9.20138907277978	-8.24035052333173	15.6893059008114	-8.24035052333173	60.7268290481433	-12.7906319693263	15.6893059008114	-12.7906319693263	41.7001359032523
3390000	4.53748957449884	-3.58220850011568	10.8161347276064	-3.58220850011568	49.0812827038417	-6.53369065104785	10.8161347276064	-6.53369065104785	44.8583195708577
3400000	3.18381921929633	-2.04006220325506	10.2487381184934	-2.04006220325506	51.3701318526374	-4.50958415891848	10.2487381184934	-4.50958415891848	43.3501685548975
3410000	7.31295887593423	0.295804943746595	15.690600878737	0.295804943746595	72.2346274949862	-0.233523099161635	15.690600878737	-0.233523099161635	48.024298179313
3420000	6.68533303653952	-5.71946972178761	15.5474844512588	-5.71946972178761	63.1816280078309	-13.2307950347226	15.5474844512588	-13.2307950347226	48.3882110379292
3430000	3.04314350674156	0.174183247088882	8.54459903461119	0.174183247088881	51.8184610506928	-4.7267905002179	8.54459903461119	-4.7267905002179	42.8621600796218
3440000	1.99623792759251	-0.355022237464928	6.47208072481157	-0.355022237464928	43.863908022827	-0.177869456262693	6.47208072481157	-0.177869456262693	36.6631026316661
3450000	7.57626687805747	-1.80981889337263	18.6515413747005	-1.80981889337263	78.8003239797544	-9.77210280899387	18.6515413747005	-9.77210280899387	66.954982031602
3460000	18.4705756698771	-2.84248445065474	20.2109433219883	-2.84248445065474	51.0630534398188	1.09947627973868	20.2109433219883	1.09947627973868	34.8222730167766
3470000	7.11624560816178	-5.95375820644518	15.4535382675001	-5.95375820644518	105.557519580878	-22.9178080692246	15.4535382675001	-22.9178080692246	62.8661901365476
3480000	3.84350917270637	-5.37223024071789	13.1016459001216	-5.37223024071789	42.5884438457623	-17.2179310997615	13.1016459001216	-17.2179310997615	59.2120148434717
3490000	3.69329651268578	-5.82856960732564	12.6189535443317	-5.82856960732564	55.9609785320539	-7.66459977323511	12.6189535443317	-7.66459977323512	61.3461350096042
3500000	11.7849900167786	-9.32474746974108	23.5528484320314	-9.32474746974107	69.026347363008	-16.6354717407858	23.5528484320314	-16.6354717407858	61.5027887479459
3510000	4.03939646142242	-0.80998910542944	9.05137032935734	-0.80998910542944	63.545142294416	-7.75776634510913	9.05137032935734	-7.75776634510913	40.192475026635
3520000	7.82328762105889	-3.89038358502102	18.1669209516905	-3.89038358502102	52.4733358243412	-3.81269032363896	18.1669209516905	-3.81269032363896	60.6068628896737
3530000	8.77251072688253	-4.92507469972104	15.0682885876539	-4.92507469972104	61.4772518430675	-12.5855150416206	15.0682885876539	-12.5855150416206	42.2712633059626
3540000	10.4047418355056	-6.20133358913283	16.8269746614783	-6.20133358913283	40.0156442185155	-5.3107329526678	16.8269746614783	-5.3107329526678	50.099264395327
3550000	7.3617902328308	-6.3537155832802	12.8467552249073	-6.3537155832802	48.7144729064381	-6.53921003893647	12.8467552249073	-6.53921003893648	43.8506967489113
3560000	5.03468023918707	-6.26465330377681	15.046746508651	-6.26465330377681	60.5994185776738	-18.4922262636593	15.046746508651	-18.4922262636593	58.3975756409164
3570000	1.96153345404548	-0.373937567716805	4.71274421063815	-0.373937567716805	54.1881321845565	-11.862946094485	4.71274421063815	-11.862946094485	75.1531735765018
3580000	3.7569691566331	-1.80774778610999	7.65862897425703	-1.80774778610999	53.2948110326647	-0.177630641259773	7.65862897425703	-0.177630641259773	41.6113531640514
3590000	13.8343752691456	-2.01351353817707	17.2771750569339	-2.01351353817707	63.2569780987905	-7.60008837677874	17.2771750569339	-7.60008837677875	39.7506669789519
3600000	11.9308515247196	-7.06694365238539	24.8617549367786	-7.06694365238539	60.4166534551161	-16.297433611561	24.8617549367786	-16.297433611561	66.4609755096253
3610000	6.26388341729723	3.07560872930775	13.0839846152793	3.07560872930775	55.4574132663736	10.8981051146558	13.0839846152793	10.8981051146558	58.7976286552226
3620000	5.69298474245372	-3.93619230995928	10.3796411589235	-3.93619230995928	61.1521082734022	-14.5519632124068	10.3796411589235	-14.5519632124068	55.6316862807661
3630000	2.32452693932674	-1.65093757884931	7.96719031579214	-1.65093757884931	66.4858237143724	-0.835950512941141	7.96719031579214	-0.835950512941142	51.789029521111
3640000	3.47612720179429	-3.15183357322775	9.05537594098849	-3.15183357322775	60.5617218338537	-9.66863006289174	9.05537594098849	-9.66863006289174	42.5678643737238
3650000	2.81529513651336	-1.00310921722934	7.83949962938854	-1.00310921722934	51.4141368048701	-6.40808543606902	7.83949962938854	-6.40808543606902	33.9932204300355
3660000	2.50305481191728	-4.42087177921912	7.61590548830763	-4.42087177921913	71.3601753776911	-14.8900429604012	7.61590548830763	-14.8900429604012	51.8176603854402
3670000	5.77727440177072	-3.18556468194065	17.1047938987699	-3.18556468194065	50.9259944845951	-12.9418451326857	17.1047938987699	-12.9418451326857	69.4797628276088
3680000	1.94781421355785	-1.13962855879217	8.97211672830865	-1.13962855879217	48.6108965546056	-8.10605343820673	8.97211672830865	-8.10605343820673	63.5890404461691
3690000	20.681651876101	-9.1767079692865	32.6180158925061	-9.1767079692865	57.3284976943034	-14.7285930375191	32.6180158925061	-14.7285930375191	62.4054626416936
3700000	4.83938663317239	-1.43556726139005	10.4121904874326	-1.43556726139005	53.1708378793433	-13.0198324563086	10.4121904874326	-13.0198324563086	55.0067382745134
3710000	4.3919115897119	2.00280820356373	4.75987736109842	2.00280820356373	50.7610723105519	-4.68327943630297	4.75987736109842	-4.68327943630297	47.4513816256956
3720000	8.93698469533181	-4.33402954866083	13.7256047352469	-4.33402954866083	46.6967237659931	-10.2431659255444	13.7256047352469	-10.2431659255444	59.6780271009182
3730000	4.57539689296734	-4.77159177154553	11.6094372497662	-4.77159177154553	58.9442512035919	-12.2524738030991	11.6094372497662	-12.2524738030991	43.0591514925114
3740000	5.65507925262958	1.79314366206539	14.0113690773334	1.79314366206539	66.6096570610996	-3.41352726785319	14.0113690773334	-3.41352726785319	53.8480328721929
3750000	2.7875377695863	-3.62642924018031	3.7748403204826	-3.62642924018031	69.0590176265632	-10.7876104806562	3.7748403204826	-10.7876104806562	49.57471930004
3760000	2.47503353442405	-3.90776611597504	7.95813244059703	-3.90776611597504	52.3036436904568	-7.53985168050633	7.95813244059703	-7.53985168050633	56.9434996188698
3770000	6.04236115205294	-3.54075038649971	15.0960971195119	-3.54075038649971	76.5401901448236	-9.66003998742362	15.0960971195119	-9.66003998742362	48.9741862183362
3780000	21.4028773301853	-10.684088413732	29.0433791730703	-10.684088413732	58.4093952743431	-23.3031572267101	29.0433791730703	-23.3031572267101	55.3594511818334
3790000	6.67098021223947	-9.44329746876958	10.9744715183319	-9.44329746876958	49.6098752102855	-12.0765870337533	10.9744715183319	-12.0765870337533	41.6557978401581
3800000	11.3003103989147	-6.72824789950422	19.2209338139531	-6.72824789950422	58.7845385360503	-13.8064075545998	19.220933813953	-13.8064075545998	43.6141900375173
3810000	7.23690750090835	-2.39357805464994	13.1538353949328	-2.39357805464994	47.4939945699566	-2.2484142197467	13.1538353949328	-2.2484142197467	39.4772513012779
3820000	7.91494259785364	-2.72223553656441	17.6078702550166	-2.72223553656441	49.2424661142907	-6.27263620285661	17.6078702550166	-6.27263620285661	62.5018527119394
3830000	3.22693254089295	-0.900988911454619	10.3857218374184	-0.900988911454619	48.3849259042907	-6.54856429428709	10.3857218374184	-6.54856429428709	46.93864974163
3840000	3.80252973399052	-5.70428830037617	10.5479894095347	-5.70428830037616	63.9338747854387	-1.60311571431968	10.5479894095347	-1.60311571431968	48.9993540919927
3850000	2.44523122121036	-2.67749842025644	7.83254766284434	-2.67749842025644	51.8922189651732	-11.1546620596825	7.83254766284434	-11.1546620596825	43.1948166581402
3860000	1.80151705477535	-1.51811103890243	5.52370345444996	-1.51811103890243	45.7106267587763	-5.29845763735083	5.52370345444996	-5.29845763735083	43.8999391792263
3870000	4.96669552864856	-7.27877001310508	10.5793495239903	-7.27877001310509	48.2703947266352	-7.92019429945446	10.5793495239903	-7.92019429945446	45.8861911503997
3880000	1.81533407012802	0.84222136934096	2.85613594501899	0.84222136934096	55.7022869783361	-7.87339758036511	2.85613594501899	-7.87339758036511	32.235566236194
3890000	4.7299141501196	-4.42276546408197	11.3852830875687	-4.42276546408197	63.5456950368851	-17.1241764348202	11.3852830875687	-17.1241764348202	49.4779746026156
3900000	8.13434090865817	-7.9841798995867	18.460275091462	-7.9841798995867	54.1395762758914	-15.4010542607565	18.460275091462	-15.4010542607565	57.6030447506431
3910000	4.80199134159007	-4.16685333423321	10.2405494712869	-4.16685333423321	68.8560932312032	-7.43259235061158	10.2405494712869	-7.43259235061158	43.2530757446046
3920000	8.02475928066098	-3.20952077845471	9.92832866088793	-3.20952077845471	45.9226596632359	-2.87586304154764	9.92832866088793	-2.87586304154764	39.9443322279078
3930000	4.83012922684152	1.686604136801	12.0497214536348	1.686604136801	51.9857329198887	6.32565593586745	12.0497214536348	6.32565593586745	44.6133209450222
3940000	1.15855226874848	-3.28327005670453	4.57061017779514	-3.28327005670453	61.844246994986	-17.0823222799881	4.57061017779514	-17.0823222799881	59.1778310626361
3950000	7.02534195053077	-0.888933888944509	14.1468300803115	-0.888933888944509	63.0170884037188	-11.1489847891755	14.1468300803115	-11.1489847891755	52.4642474118028
3960000	2.57556443192805	1.82884745295494	7.71973597249968	1.82884745295494	59.8829952902813	-1.82157591601835	7.71973597249968	-1.82157591601835	43.1559209967769
3970000	5.24826936918695	-10.5933706130521	12.3863603373061	-10.5933706130521	56.8057180242309	-13.4145299392765	12.3863603373061	-13.4145299392765	60.4861073618444
3980000	10.9169897118166	-2.78461305545251	23.5060794360455	-2.78461305545251	55.1154902501334	-0.527386488825248	23.5060794360455	-0.527386488825247	67.0223975802165
3990000	9.20495573132401	3.08947220264702	18.2105587518866	3.08947220264702	59.2608575033717	1.12970198283967	18.2105587518866	1.12970198283967	55.1224478028123
4e+06	8.70819668283773	1.88559252660938	16.3882865869965	1.88559252660938	46.7021228643578	-2.01004584737468	16.3882865869965	-2.01004584737468	51.2517083624973
4010000	11.673147522963	-4.82573551928497	21.1156721623371	-4.82573551928497	41.3454219601335	-5.36547610767194	21.1156721623371	-5.36547610767194	54.1538083182272
4020000	7.33457647566178	-3.46912011738753	17.0677568996027	-3.46912011738753	56.9807437049604	-0.915283531020949	17.0677568996027	-0.915283531020949	59.764220002233
4030000	2.91579585398459	-0.286809823171826	6.9425359334616	-0.286809823171826	49.4401901609222	-0.717186483632352	6.9425359334616	-0.717186483632352	49.8805642782304
4040000	3.05755609130907	-3.76266438541614	9.40083588374816	-3.76266438541614	62.5554654845988	-16.6817881237915	9.40083588374816	-16.6817881237915	59.0393132660561
4050000	7.33536329820958	1.79709122715125	13.3390536972437	1.79709122715125	41.5653757184192	-1.03682954215516	13.3390536972437	-1.03682954215516	42.0626576389772
4060000	2.13866771264004	-5.44978519062689	4.73351696385078	-5.44978519062689	66.3974165479248	-9.73071630635025	4.73351696385078	-9.73071630635025	33.0935356757466
4070000	2.49710166490017	-2.09617456980622	5.23476519229196	-2.09617456980622	46.2113008548392	-9.06811623146952	5.23476519229196	-9.06811623146952	42.936781115172
4080000	3.82000449511263	-1.98368783534824	10.9467037522644	-1.98368783534824	52.0004118648821	-7.09732586474182	10.9467037522644	-7.09732586474182	57.5637486087461
4090000	3.82290252922427	-4.50062039644185	10.2647170842216	-4.50062039644185	86.7527871568997	-13.5876298025743	10.2647170842216	-13.5876298025743	63.4165622311486
4100000	3.36959807441208	-2.9700834860786	10.9424711032253	-2.9700834860786	63.2592154471212	-4.55933814754403	10.9424711032253	-4.55933814754402	67.6175840473137
4110000	5.48321841111045	-6.98247889835056	16.3304054745874	-6.98247889835056	75.6248125530289	-24.4863605669452	16.3304054745874	-24.4863605669452	69.2711049038462
4120000	4.56714967956913	-3.16788122871898	7.68534084011661	-3.16788122871898	60.5013386380286	-0.63841475082816	7.68534084011661	-0.63841475082816	41.9658382921762
4130000	7.36036552909672	-9.92387120352289	17.2047769479514	-9.92387120352289	68.0573959900051	-15.8705053558798	17.2047769479514	-15.8705053558798	62.0616088605633
4140000	4.21601864111113	1.82591149286568	8.57569484464168	1.82591149286568	67.1524135529411	-3.9250313142859	8.57569484464168	-3.9250313142859	51.4862995310404
4150000	18.6760690337525	-12.8655132267004	26.6441319364767	-12.8655132267004	70.3487380145854	-11.0159228598311	26.6441319364767	-11.0159228598311	53.71044712375
4160000	12.3070311418717	-7.70579896350647	18.0833381839249	-7.70579896350647	51.1674233479271	-14.6169316407264	18.0833381839249	-14.6169316407264	45.9696882741302
4170000	20.6484161750134	-9.61025523220387	27.173355927379	-9.61025523220387	75.2247127633083	-5.3072558602354	27.173355927379	-5.3072558602354	50.6751445987275
4180000	5.0134833367335	-3.32157417972512	12.7645294278948	-3.32157417972512	54.9336399113422	-7.3037810629812	12.7645294278948	-7.3037810629812	46.7106050618438
4190000	3.0580032084921	-0.687973087691018	6.2358873944719	-0.687973087691018	56.4835497212616	-4.20021123706481	6.2358873944719	-4.20021123706481	36.17292293007
4200000	3.04613942303378	-1.48804139588125	8.85716676581564	-1.48804139588125	82.0037822007038	-9.40412132920641	8.85716676581564	-9.40412132920641	56.3843774248343
4210000	4.23210556323259	-3.18856542975179	11.230732877647	-3.18856542975179	44.2181931967002	-6.81500755999832	11.230732877647	-6.81500755999833	51.7254893567716
4220000	1.71774717365187	0.628568998413314	6.1407254901793	0.628568998413314	71.2009399383021	0.798816905629162	6.1407254901793	0.798816905629162	42.3570957187744
4230000	3.5117294036337	-3.30007836210323	10.4250650527139	-3.30007836210323	49.9253994041372	-13.3041939527895	10.4250650527139	-13.3041939527895	56.0379137863094
4240000	16.8965333455028	-9.16238431620529	26.8017557465123	-9.16238431620528	79.6049642204334	-9.23050677351009	26.8017557465123	-9.23050677351009	55.4571769989757
4250000	12.851464279122	-5.60245828529774	19.2358365785025	-5.60245828529774	56.3433475705067	-4.95172190133123	19.2358365785025	-4.95172190133123	40.9024457867063
4260000	2.75169753290668	-0.846007238530335	8.86688971065872	-0.846007238530335	39.7096781198086	-3.24518476551841	8.86688971065873	-3.24518476551841	54.6506224117099
4270000	5.11187166815474	-5.96993918363175	10.7299245164016	-5.96993918363175	52.6724264092952	-14.2987653188331	10.7299245164016	-14.2987653188331	44.7699313210272
4280000	15.8428081515817	-19.7379406142415	20.9075235410522	-19.7379406142415	92.2551836288526	-24.9681756762994	20.9075235410522	-24.9681756762994	45.4075746754144
4290000	4.70673591650926	-3.16726625085206	10.0521857988862	-3.16726625085206	73.2290514061495	-15.8216816091715	10.0521857988862	-15.8216816091715	66.0884586544407
4300000	7.8902044290279	-5.04223311655063	19.7503270641534	-5.04223311655063	47.9978670342778	-17.3242093425805	19.7503270641535	-17.3242093425805	70.3051378525817
4310000	4.12867344825522	-2.38918677860125	10.2724759093896	-2.38918677860125	52.633782727572	0.31200922351033	10.2724759093896	0.312009223510331	40.0359400340657
4320000	19.6917402228925	-5.23383801253461	18.9677243586856	-5.2338380125346	59.3207551034312	7.12263112922662	18.9677243586856	7.12263112922662	45.6225587840145
4330000	32.3518029822191	-13.9812565850023	34.6961618551684	-13.9812565850023	48.9378586022083	-12.9805325740801	34.6961618551684	-12.9805325740801	55.546713976678
4340000	42.2731505981644	-15.8209453412924	35.16696802371	-15.8209453412924	53.4728241705478	-14.7029045051413	35.16696802371	-14.7029045051413	43.4113786812441
4350000	14.0728744784506	8.05439179550422	17.0109984239659	8.05439179550422	62.5027559618725	-0.756542207850079	17.0109984239659	-0.756542207850078	50.6538322665074
4360000	46.7382619565007	-17.3758653485279	43.2517479533918	-17.3758653485279	53.7235964087907	-17.4865825252963	43.2517479533918	-17.4865825252963	56.0977618337511
4370000	128.988415483113	-16.85235164792	67.0002819837892	-16.85235164792	53.4387869334817	-4.82140848089338	67.0002819837892	-4.82140848089338	48.5885963133711
4380000	43.0790229492128	-1.60983782054428	41.3543056235141	-1.60983782054428	60.658157787216	-3.51002997486886	41.3543056235141	-3.51002997486886	65.2419629976558
4390000	58.4342251175213	-14.8812667906132	47.5690581618201	-14.8812667906132	88.4650433701245	-11.6073956425262	47.5690581618201	-11.6073956425262	47.7563423133787
4400000	73.5703279764875	-11.5948410912443	52.7208650709052	-11.5948410912443	54.3937463785428	-17.661051512797	52.7208650709052	-17.661051512797	52.3052933779842
4410000	70.5360373073002	-1.57346706637884	50.3144537704706	-1.57346706637884	50.3657087466638	4.39229589839659	50.3144537704705	4.39229589839659	53.0897382381813
4420000	53.2220825529704	-6.49507986085347	40.6934283736488	-6.49507986085347	73.5253667155397	-2.60326414557489	40.6934283736488	-2.60326414557489	48.3806387498817
4430000	100.152765752404	-22.7372890955074	66.9340202340935	-22.7372890955074	54.8324680361917	-12.9164816680483	66.9340202340935	-12.9164816680483	55.5802429804666
4440000	71.4793363086564	-14.730564237329	59.8104467604777	-14.730564237329	70.6919082889066	-10.8714460634332	59.8104467604777	-10.8714460634332	57.8712146826929
4450000	15.1857713853462	-9.97165066309502	25.4830145896705	-9.97165066309502	71.3535092293429	-22.4852252020521	25.4830145896705	-22.4852252020521	69.01325353717
4460000	9.19382647892489	-6.78844615646935	14.0119348346224	-6.78844615646935	36.6582834350506	-1.78175862982845	14.0119348346224	-1.78175862982845	33.7391640128409
4470000	5.98285065399201	-2.61509179360579	15.4583574006395	-2.61509179360579	81.7834423103777	-13.6511577320773	15.4583574006395	-13.6511577320773	54.4856195018245
4480000	15.1169123215212	0.155820831593701	20.5689252404806	0.1558208315937	65.3053793208607	-10.7548982424189	20.5689252404806	-10.7548982424188	45.8832694184712
4490000	5.3693166142706	-4.85956344157878	12.6408097448683	-4.85956344157878	46.3772750685203	-10.5947087123747	12.6408097448683	-10.5947087123747	39.9611607200971
4500000	2.35181871122314	-2.68383871353977	6.74299978114892	-2.68383871353977	49.0468391862621	-14.6169881418121	6.74299978114891	-14.6169881418121	44.3612199509465
4510000	1.46921011942045	-0.933298411531644	4.94090883090032	-0.933298411531645	86.6557078478815	-18.4066949926148	4.94090883090032	-18.4066949926148	55.1329533623506
4520000	3.84909062050726	-3.13210655026226	9.27788975359339	-3.13210655026226	78.7906813132876	0.478777408567095	9.27788975359339	0.478777408567094	40.2172359369799
4530000	22.4699847792656	-13.8101536989368	28.7079336796807	-13.8101536989368	38.3408143032492	-11.7029781394695	28.7079336796807	-11.7029781394695	56.1735892919691
4540000	18.6209978317748	-6.57100831270144	22.6055803525552	-6.57100831270144	72.881379099601	-7.43464287944271	22.6055803525552	-7.43464287944271	47.2532908114167
4550000	6.71436160025955	-6.78193982122444	12.6858851773948	-6.78193982122444	51.7161188859773	-1.54186300348241	12.6858851773948	-1.54186300348241	39.5663072418507
4560000	4.77215789959055	-3.26673276231339	12.5772113802227	-3.26673276231339	57.6690662787393	-13.4980875161745	12.5772113802227	-13.4980875161745	49.053674496403
4570000	3.82111519648674	-6.24614638843999	6.77731377135036	-6.24614638843999	66.5878356120242	-9.04936379304716	6.77731377135036	-9.04936379304716	50.1218449093323
4580000	8.7454136032353	-9.16710981490388	15.273646081154	-9.16710981490389	80.7575565649353	-13.7797797544979	15.273646081154	-13.7797797544979	46.4591826094104
4590000	15.4489471167842	-13.1251464128429	22.7096033410201	-13.1251464128429	54.3231807268398	-18.7090626202366	22.7096033410201	-18.7090626202366	44.7455804148862
4600000	6.66895486202341	-0.489470712947612	11.4629100484008	-0.489470712947612	58.996217964559	3.25781497982689	11.4629100484008	3.25781497982689	35.5138604778846
4610000	5.03026727230956	-2.22700200776824	11.1090916445672	-2.22700200776824	54.3899546772043	-11.2956969470576	11.1090916445672	-11.2956969470576	42.9373686820917
4620000	5.47248647844029	-3.26736130510596	12.4794233536733	-3.26736130510596	44.6936446927014	-8.06081073248513	12.4794233536733	-8.06081073248513	54.0348835684845
4630000	5.89006962790745	-7.06529363589505	14.8523915274318	-7.06529363589505	65.2300111706336	-25.1435585202763	14.8523915274318	-25.1435585202763	60.7962988235906
4640000	5.80171415378375	-0.650627486508341	9.88354927533429	-0.650627486508341	63.5383373977189	-21.491595962977	9.88354927533429	-21.491595962977	51.1912140070382
4650000	5.09753947859531	-0.398402215857341	13.5229029870529	-0.398402215857341	70.5880368575879	-1.3794110560042	13.5229029870529	-1.3794110560042	52.20524334724
4660000	5.58266529365282	-7.31058076915435	12.9465147019399	-7.31058076915435	58.9721765404283	-19.1076308478468	12.9465147019399	-19.1076308478468	56.8556862051231
4670000	3.30641723452001	-5.18097394381919	7.54091392017432	-5.18097394381919	66.4701761112588	-18.8184688915307	7.54091392017432	-18.8184688915307	42.0702208695839
4680000	2.01086196669638	-1.71982232283794	6.53305884961432	-1.71982232283794	57.0097724298591	-8.03536993390782	6.53305884961432	-8.03536993390782	46.7845265685404
4690000	2.30727844542073	-5.07152620582737	5.17576736044387	-5.07152620582737	69.5585590473663	-6.36230220096592	5.17576736044387	-6.36230220096591	39.5524793047294
4700000	2.10577722009643	1.8688705775803	8.78739393988316	1.8688705775803	76.5010120996275	7.60293387464363	8.78739393988316	7.60293387464363	55.7863154272424
4710000	3.55886386655945	0.298932696901598	9.28303864869688	0.298932696901598	57.5581427672244	0.688816678352609	9.28303864869688	0.688816678352609	46.1071211523292
4720000	1.92797731892342	-1.90847316026404	7.46390332086452	-1.90847316026404	49.6512630231587	-6.65821621538388	7.46390332086452	-6.65821621538388	50.2874964945996
4730000	3.84300321573353	2.43969566147083	8.18414774461449	2.43969566147083	50.6277237844256	-2.93569373210473	8.18414774461449	-2.93569373210473	54.8462194685117
4740000	2.50863543967107	0.159332940596306	5.27783109975579	0.159332940596305	54.4593604659314	-6.7381767013226	5.27783109975579	-6.7381767013226	44.163412508764
4750000	6.9977271264039	-6.084287615729	16.1012226212895	-6.084287615729	58.0575206181685	-18.5675027933317	16.1012226212895	-18.5675027933317	54.1453644264017
4760000	4.71889052138217	-2.95127737782153	13.0496193510336	-2.95127737782153	52.7850054529756	-7.60190905841042	13.0496193510336	-7.60190905841042	54.345291426203
4770000	1.82464801140585	-1.53574240573063	6.26145346621145	-1.53574240573063	64.7238921555873	-7.21441946110656	6.26145346621145	-7.21441946110656	45.3113098406409
4780000	13.0927186376117	-8.54482657385998	25.5880817718034	-8.54482657385998	51.9901567059271	-13.1751293965227	25.5880817718034	-13.1751293965227	63.7058974243222
4790000	4.22880936024077	-2.90459905417257	10.3083571472221	-2.90459905417257	65.6885382955877	-13.4500558303893	10.3083571472221	-13.4500558303893	44.2074934772669
4800000	11.3370016743615	-3.18502845006517	20.3842870915243	-3.18502845006517	59.5230395620791	3.48957822766165	20.3842870915243	3.48957822766164	58.3127985109852
4810000	12.6035635008573	0.952255733890357	24.0143172327461	0.952255733890357	57.2030577079133	7.719666335739	24.0143172327461	7.719666335739	57.8744823789196
4820000	16.7229789614545	-3.42841920341294	19.6086531851146	-3.42841920341294	51.3892820609158	-4.04785664854427	19.6086531851146	-4.04785664854427	43.7204109870232
4830000	15.0409095801759	-6.00198974316948	24.3570865584263	-6.00198974316949	56.6244845813731	-19.6960304345069	24.3570865584263	-19.6960304345069	60.2663975917167
4840000	8.52072512056503	10.012886302608	7.88829816048452	10.012886302608	60.0478062815164	-6.90902728357998	7.88829816048452	-6.90902728357998	52.2316621408789
4850000	8.27619100364366	-3.50950591183031	15.2878263049632	-3.50950591183031	54.5070203380179	-10.1787072574238	15.2878263049632	-10.1787072574238	55.1925562596112
4860000	2.27922442299756	0.74761982911271	4.51799060913829	0.74761982911271	55.2223283949441	-12.2017987771126	4.51799060913829	-12.2017987771126	52.448266943978
4870000	2.91348723179834	-0.676828563231097	8.82358105475068	-0.676828563231097	73.0465301253828	-11.224347984897	8.82358105475068	-11.224347984897	47.3533923352052
4880000	1.84829050790206	-1.78161337076339	8.01969393302605	-1.78161337076339	57.9706266419815	-3.32951827822658	8.01969393302605	-3.32951827822658	55.1870203357121
4890000	2.69962371789091	0.783664905111136	5.77086107551583	0.783664905111136	48.5019755378032	-5.30899471886892	5.77086107551583	-5.30899471886892	47.693536059817
4900000	9.31776782646485	-12.0659594702126	19.0749208216304	-12.0659594702126	82.3336688715681	-9.45123652493107	19.0749208216304	-9.45123652493106	50.7658118973547
4910000	12.3479104978731	-9.20591560850162	19.9719477553755	-9.20591560850162	48.1085321865133	-10.3755399854226	19.9719477553755	-10.3755399854226	49.9359322364475
4920000	1.64996698259754	-2.8445123323482	4.42142458840126	-2.8445123323482	47.5945568254568	-14.3720117714669	4.42142458840126	-14.3720117714669	51.5561946976648
4930000	10.4838470863317	-1.79304260948742	20.2550142031208	-1.79304260948742	55.0818559137785	1.27642234953174	20.2550142031208	1.27642234953174	50.0866699214498
4940000	3.7184803772862	0.0756832220923389	8.18262840155097	0.0756832220923389	47.4115252102185	-1.4225919646173	8.18262840155097	-1.4225919646173	29.4270900753374
4950000	15.7870644886332	-2.09955838745201	23.6481586599503	-2.09955838745201	51.4855950332848	-3.20327697456717	23.6481586599503	-3.20327697456717	52.1154404956677
4960000	6.54168756327712	-2.45064694055489	12.4419580981706	-2.45064694055489	61.769145188426	-14.5967401833267	12.4419580981706	-14.5967401833267	57.8489060881878
4970000	15.0906937546409	8.49134802563326	23.9795811246479	8.49134802563326	61.9679317482401	8.01424165527804	23.9795811246479	8.01424165527804	58.9330859396787
4980000	3.15948118156455	-5.19295802228322	8.01032705671861	-5.19295802228322	60.395876957677	-11.7779422853947	8.01032705671861	-11.7779422853947	47.4585328314715
4990000	3.77656612313149	-2.36631761696251	11.9143249343123	-2.36631761696251	51.3353045727035	-10.0875785306867	11.9143249343123	-10.0875785306867	56.874828005444
5e+06	9.28561828880504	-11.8320463624369	21.4524954762527	-11.8320463624369	72.1995366636801	-31.0224813888444	21.4524954762527	-31.0224813888444	64.9482359757732
5010000	17.7377212896118	-8.64205690014687	30.083680880081	-8.64205690014687	71.7470631752892	-5.11316142242798	30.083680880081	-5.11316142242798	63.179712381608
5020000	5.4305392338455	-4.05308340309761	12.1941607246184	-4.05308340309761	60.1599979666911	-13.6480241072133	12.1941607246184	-13.6480241072133	41.9829376147712
5030000	9.47542681866724	-6.54007500661479	18.9301286500597	-6.54007500661479	81.6630069709881	-15.4551475785034	18.9301286500597	-15.4551475785034	48.1346452681967
5040000	3.55465695242278	-3.20174349664419	9.84120045260113	-3.20174349664419	53.0421718608495	-4.52484558008151	9.84120045260113	-4.52484558008151	43.3473950164449
5050000	6.27499406900239	-5.12703567156109	18.4316539722053	-5.12703567156109	59.5812602205282	-24.8574275446849	18.4316539722053	-24.8574275446849	81.3469903121926
5060000	2.33836879696512	-2.97262093872723	6.71362558200295	-2.97262093872723	68.162191705744	-28.8168247530035	6.71362558200295	-28.8168247530036	58.559992135265
5070000	5.23814520493956	-2.1194479458819	8.7650716242377	-2.1194479458819	51.035809810944	-4.83157696319459	8.7650716242377	-4.83157696319459	34.1858064861745
5080000	9.04163478191993	-4.16518383758679	18.0434776908398	-4.16518383758679	67.9027968610605	3.38983423824642	18.0434776908398	3.38983423824641	52.1831003906059
5090000	4.28607547142878	2.03797556408061	4.5902093560325	2.03797556408061	61.0777447947257	-9.87122101105319	4.5902093560325	-9.87122101105319	51.3851597387207
5100000	2.21676245481294	-0.83672887914774	5.55624130105025	-0.83672887914774	44.9060595624864	-12.1515202976473	5.55624130105025	-12.1515202976473	42.6803825811476
5110000	6.26765874210475	-6.06032748428501	12.2205997515174	-6.06032748428501	75.1651065427734	-0.0342565694651404	12.2205997515174	-0.0342565694651397	45.5701770642381
5120000	4.23776518810213	-3.41660774096184	11.6311381885101	-3.41660774096184	51.7042994759361	-6.68936166912905	11.6311381885101	-6.68936166912905	46.7449010458644
5130000	3.25314519185721	-0.31198986533161	9.7233256263938	-0.311989865331611	58.8115907385163	-6.24346988886434	9.7233256263938	-6.24346988886434	45.2661156839147
5140000	3.67663570893313	-2.67137569838094	9.49215376580144	-2.67137569838094	66.7306537587619	-6.55769310301603	9.49215376580144	-6.55769310301603	53.4538463778391
5150000	6.3665341644167	-1.08482752909768	16.3861683254095	-1.08482752909768	72.460955745289	-13.0681778096364	16.3861683254095	-13.0681778096364	58.7027485012184
5160000	5.39929353968926	1.0892653091408	10.4144605835612	1.0892653091408	83.8993585461307	-8.4512260110433	10.4144605835612	-8.4512260110433	51.4204950213538
5170000	2.35411714054208	-2.27593494665362	6.59639765407597	-2.27593494665362	60.1994480251556	-5.88676004508428	6.59639765407597	-5.88676004508428	35.9598841396612
5180000	2.82075285794571	-2.37915488874321	8.53136255754412	-2.37915488874321	74.3525540661395	-12.0843269803394	8.53136255754412	-12.0843269803394	49.5998944119459
5190000	6.98069135445669	-2.95590225673831	8.17746793033082	-2.95590225673831	51.8637213511072	-8.28877563436856	8.17746793033082	-8.28877563436856	41.981721924628
5200000	12.3340266045758	-5.50680524723795	16.5631335437422	-5.50680524723795	77.0209917502905	-6.96868929588607	16.5631335437422	-6.96868929588607	33.8712533263563
5210000	14.8531804531556	-7.00971130028631	14.4889909083844	-7.00971130028631	50.4144731929523	-8.0804063896843	14.4889909083844	-8.0804063896843	37.3751507448315
5220000	8.29613904160507	-5.28958909447421	17.8018484851582	-5.28958909447421	59.2267766528537	-8.3746768466102	17.8018484851582	-8.3746768466102	50.7982948869149
5230000	7.31206778421003	-2.50648738732844	18.4132141550928	-2.50648738732844	65.1513576611665	-14.4409598816536	18.4132141550928	-14.4409598816536	74.876128473402
5240000	7.12252636667472	-3.69224970418189	15.2485899533983	-3.69224970418189	55.344310029741	-0.864069549332741	15.2485899533983	-0.86406954933274	50.9455320094117
5250000	6.9180542026199	-1.02078304945749	15.2641476248089	-1.02078304945749	72.037952774164	-12.6977437017257	15.2641476248089	-12.6977437017257	46.6985177331267
5260000	5.98572080633634	-8.26659154891154	12.5505497951978	-8.26659154891154	54.7954751308545	-5.06492768148709	12.5505497951978	-5.06492768148709	45.4985005745468
5270000	0.872431257639326	-0.705393300630865	2.95760534316709	-0.705393300630865	47.096506915457	-8.69857670805975	2.95760534316709	-8.69857670805975	52.7254655870226
5280000	6.01050191400129	-5.96105099976117	12.8595621002097	-5.96105099976117	44.7611355125111	-5.94927447278326	12.8595621002097	-5.94927447278326	60.4270071206057
5290000	5.34991848111324	4.74813600381374	11.5819699566531	4.74813600381373	62.9518762185481	2.407589618939	11.5819699566531	2.407589618939	56.3009904970574
5300000	5.91915149256567	-6.96682353974278	10.3999631385909	-6.96682353974278	58.1240210967909	-12.1206679796444	10.3999631385909	-12.1206679796444	32.1546649780744
5310000	2.08194012758592	0.411397110880877	3.92972082035534	0.411397110880877	48.8899170818883	-9.34819079240928	3.92972082035534	-9.34819079240928	37.8025650503725
5320000	4.92265658291233	-3.05823013630186	9.74731551275155	-3.05823013630186	47.1133824281752	-10.092782782964	9.74731551275155	-10.092782782964	40.7247640573596
5330000	5.35869186414768	-5.20324701669701	12.449238539893	-5.20324701669701	60.6610322304517	-15.0982144230582	12.449238539893	-15.0982144230583	56.8340921504063
5340000	5.62147011858713	-2.20182484669484	13.903081681249	-2.20182484669484	57.0596534281544	-16.3236701845948	13.903081681249	-16.3236701845948	77.963047805579
5350000	18.0877699331297	-11.4535905810137	25.2101797871144	-11.4535905810137	52.2654482634213	-11.9991137319312	25.2101797871144	-11.9991137319312	52.011562486735
5360000	14.3899392466764	-2.93442583449893	18.4952214139155	-2.93442583449893	56.7132492131117	3.85173895407873	18.4952214139155	3.85173895407873	41.6425216771404
5370000	16.4439760856776	-4.59830838255225	23.7993250051366	-4.59830838255225	43.0101013131648	-1.05658256804823	23.7993250051366	-1.05658256804823	48.5957512678321
5380000	6.30446325773218	-5.41355572238933	10.9040983247324	-5.41355572238933	63.5154704402981	-12.207036703567	10.9040983247324	-12.207036703567	42.8409888733156
5390000	1.89888949070822	-2.29639102723521	8.14441165844379	-2.29639102723521	56.0855113416601	-11.0244896686567	8.14441165844379	-11.0244896686567	54.387196739144
5400000	1.161079073211	0.3983311621517	3.71497858229241	0.3983311621517	55.0375699493241	-2.19404781942848	3.71497858229241	-2.19404781942848	52.0393287771827
5410000	3.82245473231084	1.49624365200025	7.15325393789085	1.49624365200025	38.1121919041163	-0.122687497156435	7.15325393789085	-0.122687497156435	45.4754202538444
5420000	3.47357512398194	-0.00587586316626748	8.7836991674611	-0.00587586316626741	53.8372189259333	-4.31312966425517	8.7836991674611	-4.31312966425517	49.2378481137097
5430000	4.29699111830977	-4.06544388497396	10.9391814865558	-4.06544388497397	59.6511624995295	-4.99556158337795	10.9391814865558	-4.99556158337795	39.3630654939505
5440000	3.46842785924839	-2.2033349866122	8.47788788818053	-2.2033349866122	59.9300686455785	-5.60628795547078	8.47788788818053	-5.60628795547078	40.6128162410852
5450000	5.98596257865703	-8.91831274056277	13.5787703827823	-8.91831274056277	61.1231997660522	-10.8813832812672	13.5787703827823	-10.8813832812672	42.1807617627015
5460000	6.42829299856859	-1.03059775824315	14.0288202141035	-1.03059775824315	61.0113839361213	-10.6808761106026	14.0288202141035	-10.6808761106026	70.4961294426246
5470000	8.26492413503051	-6.10140059991705	14.1208288835845	-6.10140059991705	48.168410890573	-3.96096072044509	14.1208288835845	-3.96096072044509	38.4154017609575
5480000	11.6863396429081	-3.99222254799861	20.9596626241657	-3.99222254799861	54.1093470878083	-13.7720909280769	20.9596626241657	-13.7720909280769	58.5206372597971
5490000	7.67934185410026	-7.97693633769789	14.176546996844	-7.97693633769789	60.8255900344584	-20.4049950451131	14.176546996844	-20.4049950451131	49.2168944929352
5500000	3.29701997439237	-0.1309648987406	3.3648015588306	-0.1309648987406	47.2759733298629	-6.87739328970081	3.3648015588306	-6.87739328970081	45.6585405040612
5510000	8.08401607786117	-0.785807427722215	14.2690123601219	-0.785807427722215	68.5033534056754	1.59956541051179	14.2690123601219	1.59956541051179	52.0409213790364
5520000	20.6865333821785	-13.2773588609371	12.3163151429499	-13.2773588609371	74.7408081764019	-8.55443581200931	12.3163151429499	-8.55443581200931	44.8248142583633
5530000	11.4179972325266	-1.61255614107287	21.437928982661	-1.61255614107287	73.5831632101813	-3.03335220642885	21.437928982661	-3.03335220642885	50.6319604537159
5540000	4.29435296166233	-2.15131837371848	8.11982973902592	-2.15131837371848	66.8972732260376	-3.54572496662517	8.11982973902591	-3.54572496662517	39.936849516969
5550000	3.77529086586486	-5.65597117155387	9.01472670528506	-5.65597117155387	62.8025545094709	-9.59002322395734	9.01472670528506	-9.59002322395733	45.9896965885998
5560000	1.79496332708982	1.28077860603382	5.99211603922124	1.28077860603382	59.5804337317568	-11.3667934381512	5.99211603922124	-11.3667934381512	54.3707866970322
5570000	9.22120152105713	-5.42998691862805	16.6047641683408	-5.42998691862805	49.8916861853539	-16.9445032271155	16.6047641683408	-16.9445032271155	63.1905052639567
5580000	19.0991077182012	-15.9368987127954	35.2517283544945	-15.9368987127954	63.7797116409846	-18.5153551077487	35.2517283544945	-18.5153551077487	80.5252403470169
5590000	3.12521209666337	-4.9812770346833	10.4105964364731	-4.9812770346833	66.0677666019786	-20.1421114459307	10.4105964364731	-20.1421114459307	60.2959088858044
5600000	10.353577256316	-10.0275166055224	22.0732476444369	-10.0275166055224	52.3785042884401	-23.213897157368	22.0732476444369	-23.213897157368	62.161986118484
5610000	2.48227718888925	-0.650493297309506	5.11354292163185	-0.650493297309506	58.3170814693608	-14.999810801234	5.11354292163185	-14.999810801234	60.2900914763493
5620000	9.15655694157096	-0.380081443846909	15.4757878078152	-0.380081443846909	63.9132632478689	6.17326497558546	15.4757878078152	6.17326497558546	36.9988182594787
5630000	5.56666641964303	-6.46815135235033	12.8254543997598	-6.46815135235033	74.7445880197989	-13.8618590228672	12.8254543997598	-13.8618590228672	47.7985625105429
5640000	1.75268459544351	-1.76323335441523	8.78913564597066	-1.76323335441523	76.5208743255125	-11.1003613352109	8.78913564597065	-11.1003613352109	68.8438599269234
5650000	2.86633253466269	-4.64263471242121	9.70335672671353	-4.64263471242121	54.6018794052847	-8.81818393778992	9.70335672671353	-8.81818393778992	45.8701805045118
5660000	4.96453597576759	-5.3439809763273	6.55643432634763	-5.3439809763273	43.8798464543434	-6.14367811403183	6.55643432634763	-6.14367811403183	55.2066240195868
5670000	11.4875842554496	-1.46831600249587	3.92520610392355	-1.46831600249587	51.7594371880584	-12.9588393855696	3.92520610392355	-12.9588393855696	51.9484763342737
5680000	32.4169491387132	-23.3171398952147	38.1233963915033	-23.3171398952147	63.3012572907363	-22.9554150461366	38.1233963915033	-22.9554150461366	59.6820424766764
5690000	105.415635952255	-24.9865722627828	76.5341927705382	-24.9865722627828	56.2494765125506	-21.345040891219	76.5341927705382	-21.345040891219	76.286577082854
5700000	14.9497919348727	-0.815067678191734	21.6530847895431	-0.815067678191733	88.9466282569346	-17.6017044353131	21.6530847895431	-17.6017044353131	57.4027707835612
5710000	5.0615323539913	-0.876032431685971	12.6214821801006	-0.876032431685971	61.9501995780279	-3.19571757082926	12.6214821801006	-3.19571757082926	45.942150197836
5720000	4.06306075304162	-4.54146351789224	12.7953673888313	-4.54146351789224	71.5887798455152	-13.917123017448	12.7953673888313	-13.917123017448	59.4559945307922
5730000	5.49210447502525	-9.74568505636994	12.4768238548086	-9.74568505636994	68.2306776939354	-31.1480668425658	12.4768238548086	-31.1480668425658	50.6695506688635
5740000	4.55545691241563	-4.91728901620255	9.71022380289581	-4.91728901620255	48.4437734321974	-7.67811130552913	9.71022380289581	-7.67811130552913	43.8097923149529
5750000	7.64381104928511	-4.32327580169187	18.1238911373642	-4.32327580169187	58.9499274422044	-9.75728260555907	18.1238911373642	-9.75728260555907	51.550616250385
5760000	1.85922462284619	0.377380062643424	4.48676209863524	0.377380062643424	65.2155427348554	1.38523081589913	4.48676209863524	1.38523081589913	51.8053598439805
5770000	6.8733984365114	6.22370797147215	10.2625979028391	6.22370797147215	58.5130162508464	-2.09442160176287	10.2625979028391	-2.09442160176288	41.7056793664611
5780000	7.7379504945051	-0.70703086723748	12.9401799373542	-0.70703086723748	50.2179174565088	-1.25185365084664	12.9401799373542	-1.25185365084664	45.170643058993
5790000	18.0284527801985	-13.7164978530302	23.7924634857847	-13.7164978530302	55.3699720329853	-13.0554748933364	23.7924634857847	-13.0554748933364	52.6842477036558
5800000	6.21492025757533	-9.99088308934023	14.4644749105832	-9.99088308934023	71.9668839423503	-14.0125319529529	14.4644749105832	-14.0125319529529	44.0254246010035
5810000	29.9451783604245	-5.05230194688026	30.8162216024788	-5.05230194688026	64.5442745853107	-10.9507072042136	30.8162216024788	-10.9507072042136	53.7028858525914
5820000	2.63985550650929	-2.11281854568091	5.47490641575245	-2.11281854568091	48.352601280308	-8.62414050395812	5.47490641575245	-8.62414050395812	52.8469378631721
5830000	1.13515828547154	1.83643091683093	4.92352857738274	1.83643091683093	95.4288416637459	4.33058216657827	4.92352857738274	4.33058216657827	60.9900052266782
5840000	3.27065332795874	-8.14828357728213	9.39521635543232	-8.14828357728213	86.811308126806	-25.4221803521131	9.39521635543233	-25.4221803521131	40.1840946379801
5850000	2.33944038527364	-1.01934944269187	7.20402027448591	-1.01934944269187	50.616273972799	-1.38480877727333	7.20402027448591	-1.38480877727333	58.9735846309619
5860000	2.8403227876911	-6.11273971289945	9.39931215367329	-6.11273971289945	83.3685212316959	-26.3835260254139	9.39931215367329	-26.3835260254139	61.1655940937901
5870000	7.41270533060544	-1.70969801215907	15.7164341508944	-1.70969801215907	54.7039310687478	-2.01742592929034	15.7164341508944	-2.01742592929034	42.9813179869381
5880000	10.9981095926884	-6.29787458112333	17.0139431849181	-6.29787458112333	72.983239879978	-11.128885447169	17.0139431849181	-11.128885447169	54.876802824212
5890000	2.44124866618096	-0.218478890496245	6.60135083478936	-0.218478890496245	56.3232185689948	-7.06263042696878	6.60135083478936	-7.06263042696878	42.8627750566334
5900000	2.86206353643162	-2.81159335303951	7.79511646650089	-2.81159335303951	50.4280803651413	0.0631439958879539	7.79511646650089	0.0631439958879544	36.8891939240618
5910000	10.6503033752877	-2.12397934163191	21.2361078839922	-2.12397934163191	83.737230813379	-0.119185409018162	21.2361078839922	-0.119185409018164	54.1050722911435
5920000	1.57247739679877	0.136686875282044	3.85378709260971	0.136686875282044	68.8527809632405	-18.9857009768706	3.85378709260971	-18.9857009768706	52.8706003234197
5930000	3.12964320215404	3.25780464669447	7.73797331715182	3.25780464669447	76.947112723803	-7.45021991341206	7.73797331715182	-7.45021991341206	43.0155256255082
5940000	8.8794748094991	-6.01067476828678	15.5316913431231	-6.01067476828678	57.2103459725009	-1.51379166817141	15.5316913431231	-1.51379166817141	39.4474965697968
5950000	23.8283624500263	-2.63172717720476	30.9854724531635	-2.63172717720476	59.624407720751	-1.44823380102431	30.9854724531636	-1.44823380102431	72.5616823658801
5960000	3.88513755696523	-6.24866946194788	10.9563534662152	-6.24866946194788	72.4916853462864	-14.2349921871175	10.9563534662152	-14.2349921871175	66.7389111293894
5970000	22.0297754258523	-11.2579521474978	21.733882065854	-11.2579521474978	50.1495022839511	-4.08362048962156	21.733882065854	-4.08362048962156	39.6213323801659
5980000	22.843872579217	1.47265480859687	32.0073024707777	1.47265480859686	55.9942292452817	1.8258567146415	32.0073024707777	1.8258567146415	59.6732877939356
5990000	16.262673403344	4.518888339611	20.8640094085915	4.518888339611	84.3788337841724	-8.21018515928646	20.8640094085915	-8.21018515928646	45.4417421872762
6e+06	8.53006218123003	-5.12228160513405	13.0862054046087	-5.12228160513405	62.2153571342018	3.91250363967236	13.0862054046087	3.91250363967236	52.9211082510482
6010000	6.03135187271178	-2.05765445470385	13.1037660566692	-2.05765445470385	70.9332329173128	-10.7612136556834	13.1037660566692	-10.7612136556834	50.5770531731779
6020000	23.7176625109091	-3.09503729876598	18.2873861825598	-3.09503729876598	66.8338153811564	11.0530072505773	18.2873861825598	11.0530072505773	44.3290565428798
6030000	21.6534583928041	-12.5198581297452	20.9855235707759	-12.5198581297452	56.5821737569324	-16.7425855542857	20.9855235707759	-16.7425855542857	44.8168979409607
6040000	26.8961832239176	-7.85097109232343	30.2689997156281	-7.85097109232343	72.202541587797	-21.4908814010511	30.2689997156281	-21.4908814010511	53.6733992262747
6050000	30.4483578745643	-2.49664982923907	33.0618061904234	-2.49664982923907	51.7268039564361	-2.76696097129029	33.0618061904234	-2.76696097129029	40.897669696156
6060000	9.22276282264499	-0.792826817389391	12.8582689213121	-0.792826817389391	49.4548621881637	-0.783566562791139	12.8582689213121	-0.783566562791139	38.6797427500212
6070000	15.3988921411016	-9.6469075371451	25.2035833738614	-9.6469075371451	61.7355558389321	-19.1624649448751	25.2035833738614	-19.1624649448751	58.9758918442708
6080000	6.40430621277838	-5.01510107259106	17.3915741817721	-5.01510107259106	41.4101097210736	-9.28289359782976	17.3915741817721	-9.28289359782976	58.8374347392371
6090000	2.03372585636349	-3.68066946921536	6.50544546216198	-3.68066946921536	61.799380950767	-15.0994672858088	6.50544546216197	-15.0994672858088	55.0267076533696
6100000	2.95611005776469	-6.18783896628745	6.6795221337462	-6.18783896628745	60.6533047272938	-16.2134506391027	6.6795221337462	-16.2134506391027	45.3113392288317
6110000	15.4998318875234	-6.03026252678742	22.9791330146917	-6.03026252678742	58.8578042267048	-7.82115331569174	22.9791330146917	-7.82115331569175	45.3695037709587
6120000	16.4354206445113	-11.222291600816	29.6504349911836	-11.222291600816	51.576507775564	-11.6203527880777	29.6504349911836	-11.6203527880777	65.1940172120923
6130000	24.5963294323388	-2.50918425720134	30.0842639970465	-2.50918425720134	58.2489415868998	-10.1665576830424	30.0842639970465	-10.1665576830424	49.1413195986499
6140000	13.6318806923648	-12.4430519270994	21.3360216219911	-12.4430519270994	69.1697322279488	-20.1004208136281	21.3360216219911	-20.1004208136281	52.5714169418663
6150000	13.1509671568678	-10.8592707249716	26.0804735728514	-10.8592707249716	59.9526607432719	-23.7126706010067	26.0804735728514	-23.7126706010067	64.3170668609412
6160000	22.1630081715065	-12.2654797778763	26.0544928223235	-12.2654797778763	71.9830972528454	-7.01155767829265	26.0544928223235	-7.01155767829265	39.2897788280373
6170000	4.6367121359719	-4.02041248556582	10.2971272732686	-4.02041248556582	56.2914855126687	-3.67100626259373	10.2971272732686	-3.67100626259373	40.4009548848693
6180000	8.79053982817427	-4.41586448637181	15.0965904226218	-4.41586448637181	36.7635625236617	-4.47152566562081	15.0965904226218	-4.47152566562081	45.7118261771514
6190000	5.52760830363688	4.76593922920875	8.23414670130122	4.76593922920875	52.6327460487814	0.739001629962263	8.23414670130122	0.739001629962263	49.8981815641294
6200000	1.19088386081798	-2.14550417551071	5.01400211610929	-2.14550417551071	44.1664190517941	-10.9063293856517	5.01400211610929	-10.9063293856517	33.9012215054808
6210000	6.69609992484251	-0.583320380410626	14.3001401601641	-0.583320380410626	64.0737754668588	-10.493086464183	14.3001401601641	-10.493086464183	52.3506396859998
6220000	33.5023587825722	-3.4247261744011	32.0295424202628	-3.4247261744011	50.7002242418634	-4.61647163850584	32.0295424202628	-4.61647163850584	42.945475485268
6230000	30.5770541321226	-12.2451545583291	34.7429690320677	-12.2451545583291	61.1906934646908	-1.61381159239941	34.7429690320677	-1.61381159239941	52.4315612114828
6240000	3.49315918331789	-0.709229192498829	8.57646856647267	-0.709229192498828	69.232992607872	-9.98298350482373	8.57646856647267	-9.98298350482373	55.4533423480531
6250000	3.65694750205623	-3.0073296069665	10.167481101616	-3.0073296069665	52.1715211807163	-9.00052148320956	10.167481101616	-9.00052148320956	52.719071247702
6260000	11.3014946700253	-5.31578168288988	21.6196377933437	-5.31578168288988	47.2392695762409	-7.04262690351269	21.6196377933437	-7.04262690351269	49.0909085737027
6270000	5.57418177498484	1.06992988866406	11.6516539844785	1.06992988866406	57.4220151867966	1.93290156035354	11.6516539844785	1.93290156035354	52.5371386889252
6280000	2.14780955789458	-0.171826663730556	6.18420436326823	-0.171826663730556	61.3713915744908	-8.16320278090801	6.18420436326823	-8.16320278090801	50.4287732898924
6290000	6.26372198150798	2.01366838341513	14.6989527803517	2.01366838341514	55.783843950492	1.10590775551459	14.6989527803517	1.1059077555146	54.3557459553862
6300000	4.07378411149089	-1.05258776198563	5.33604721849677	-1.05258776198563	75.3022159943446	-19.0551738348999	5.33604721849677	-19.0551738348999	52.0807239728885
6310000	4.52969340099706	-2.59760597002922	10.6112407683103	-2.59760597002922	64.8779131739228	-2.65678547846586	10.6112407683103	-2.65678547846586	48.2832240102282
6320000	25.3034749867187	-8.85009821865368	29.912184994581	-8.85009821865368	67.3977412269899	-4.96372307923531	29.912184994581	-4.96372307923531	52.0151213259081
6330000	100.619557891785	-20.8185645173719	73.1146771479653	-20.8185645173719	82.2541370941496	-14.1867074615053	73.1146771479653	-14.1867074615053	64.6901604768439
6340000	61.6457260319891	-9.81970075593199	53.0306008879589	-9.81970075593199	52.3188759034517	-6.353951366328	53.0306008879589	-6.353951366328	56.8302395100975
6350000	36.422300230377	-24.113402738223	45.2945168524638	-24.113402738223	68.7783784531077	-24.3806243998698	45.2945168524638	-24.3806243998698	80.5948067691816
6360000	36.4358924236203	-16.5703118108416	39.5425970044447	-16.5703118108416	50.7020735848024	-7.87119551267351	39.5425970044447	-7.87119551267351	54.3313560648723
6370000	15.3786560772685	-2.15732298523045	21.6466875547637	-2.15732298523045	46.0507714969955	-4.0564563979751	21.6466875547637	-4.0564563979751	49.8801340736898
6380000	2.2238533029543	0.159819530710866	2.84161114420406	0.159819530710866	63.0019099654622	-7.47134729218587	2.84161114420406	-7.47134729218587	38.0255566591309
6390000	2.15216210667814	-2.23499549637154	7.20329248153127	-2.23499549637154	58.8998848692619	-9.60417304486753	7.20329248153127	-9.60417304486753	54.1995311687101
6400000	1.45195823855699	-0.804599888914359	4.7038939507165	-0.804599888914359	48.3582502137285	-10.2566782330604	4.7038939507165	-10.2566782330604	51.7785866761953
6410000	4.53904350497128	-4.5710554181267	9.81272683918993	-4.5710554181267	62.9743380612442	-15.5264095744345	9.81272683918993	-15.5264095744345	42.5345129540796
6420000	2.84042122085206	-0.983892564980822	7.40042488688675	-0.983892564980822	58.2939632423814	1.96925122655996	7.40042488688675	1.96925122655997	42.7188948820354
6430000	4.49420868020268	-4.01587497493457	12.5053756280863	-4.01587497493457	72.5764117624607	-9.44882940679357	12.5053756280863	-9.44882940679357	60.2321013828193
6440000	4.10123733523876	-7.4041139793058	8.04840386103168	-7.4041139793058	78.3495005684713	-14.0319384179718	8.04840386103168	-14.0319384179718	34.5735443110214
6450000	4.93500159593478	-0.457275436031944	13.593823614188	-0.457275436031944	75.9423526921339	-16.461206554776	13.593823614188	-16.461206554776	58.5093118379006
6460000	8.97594088872678	-1.40464497896154	17.299097221154	-1.40464497896154	50.3233760251694	-1.53069083629939	17.299097221154	-1.53069083629939	56.4993158605003
6470000	16.861718274161	-8.92117831600816	19.5229116150978	-8.92117831600816	66.5240163669636	-18.0275866023115	19.5229116150978	-18.0275866023115	42.8083337623716
6480000	6.99736190802747	-8.60480087134987	17.0063962727626	-8.60480087134986	55.6062921683473	-18.7699870645637	17.0063962727626	-18.7699870645637	55.6819417685194
6490000	5.41019576850384	-6.49552900418279	11.4719810835553	-6.49552900418279	72.3421996691939	-28.5516957624634	11.4719810835553	-28.5516957624634	59.1972394457607
6500000	22.0860658846984	-11.1228454317847	25.9427321570389	-11.1228454317847	44.4573234169685	-6.64468737868742	25.9427321570389	-6.64468737868742	46.5446148065308
6510000	4.01928612898017	1.34019569075666	10.6968151672358	1.34019569075666	50.8822250156654	-1.3839627943177	10.6968151672358	-1.3839627943177	46.3774475833579
6520000	4.29724461657627	0.800914557480349	11.0598240884123	0.800914557480349	51.1979878080381	0.94933178721721	11.0598240884123	0.94933178721721	51.975846355106
6530000	2.48415533519932	-3.72311232696768	8.47550264049954	-3.72311232696768	67.9829956534944	-13.3054607360793	8.47550264049954	-13.3054607360793	43.2476836809546
6540000	8.00293011024264	-11.3636496334549	15.6820446150692	-11.3636496334549	61.7021708268232	-18.974159558342	15.6820446150692	-18.974159558342	53.6643850814683
6550000	33.0662355250916	-16.486248768109	45.2396042206638	-16.4862487681091	59.7534405307	-21.5871066545193	45.2396042206638	-21.5871066545193	70.7553180723997
6560000	20.3923557603552	-14.8125845900736	30.1779063396308	-14.8125845900736	82.066320488004	-19.8289649669534	30.1779063396308	-19.8289649669534	52.6364702001518
6570000	6.20069843840311	-4.22776111948721	13.8081041600868	-4.22776111948721	72.3634918900793	-17.1682886600859	13.8081041600868	-17.1682886600859	44.3871827824715
6580000	5.11038242029865	-4.95970936703289	11.0387488538333	-4.95970936703289	51.5121728822592	-7.71162460068866	11.0387488538333	-7.71162460068866	43.6688461433749
6590000	16.1846021187228	-11.3584709504547	26.0621251931602	-11.3584709504547	66.5861416347591	-9.28898081914502	26.0621251931602	-9.28898081914501	57.0379013518289
6600000	7.08890345381277	-1.03259891556803	10.1644876094196	-1.03259891556803	49.4213836665686	-4.44345899384084	10.1644876094196	-4.44345899384084	41.7129447966171
6610000	24.6768506663249	-2.67164953700613	32.783860628189	-2.67164953700613	45.0011057163685	-2.19572218857461	32.783860628189	-2.19572218857461	57.8190401311763
6620000	18.3652048115153	-12.1872890809423	31.1034335825887	-12.1872890809423	59.79823700974	-17.7532607243068	31.1034335825887	-17.7532607243068	65.8358343054345
6630000	4.54972205069213	-5.41984951291075	6.41650799717074	-5.41984951291075	49.6750470963676	-8.47788151281161	6.41650799717074	-8.47788151281161	42.1397786663378
6640000	3.85084782013072	-2.66683105605869	10.7164350308849	-2.66683105605869	45.0342827921211	-5.05359634770805	10.7164350308849	-5.05359634770805	52.1052853626452
6650000	6.21084394381456	-1.76816234726056	11.2009769879246	-1.76816234726056	33.5722850341878	-7.5890627491754	11.2009769879246	-7.5890627491754	34.1912938448395
6660000	4.50571540989917	-8.20626959335208	6.95071620403405	-8.20626959335208	70.7379235981602	-10.4855118811383	6.95071620403405	-10.4855118811383	29.4829935840707
6670000	4.2579301857596	-1.21758812364887	8.86199115588114	-1.21758812364887	50.8215312803885	-3.03960640973349	8.86199115588114	-3.03960640973348	41.7269085067908
6680000	1.5290374485519	0.495670355994574	5.66595028035092	0.495670355994574	69.4611466100092	-6.14679923038642	5.66595028035092	-6.14679923038642	60.0683138850155
6690000	1.63084003689512	-2.64316841762998	6.7695261889685	-2.64316841762998	55.2141175002481	-8.80218418555651	6.7695261889685	-8.80218418555651	52.094463752318
6700000	1.66793138242559	-2.46394892142788	6.74339619964568	-2.46394892142788	65.7781291988418	-13.1696213426908	6.74339619964568	-13.1696213426908	44.5004303145822
6710000	7.92252591903033	-0.799870525205752	13.7040030668265	-0.799870525205752	53.1170471910682	-4.82892969548342	13.7040030668265	-4.82892969548342	48.8248265219594
6720000	5.67378461612952	-1.86591026017184	10.8809589643698	-1.86591026017184	68.5929228209425	-9.15141696822964	10.8809589643698	-9.15141696822964	42.4372916664869
6730000	8.42791126094408	-6.08697850490127	14.320454606433	-6.08697850490127	55.3644814141638	-12.0828272041895	14.320454606433	-12.0828272041895	41.6027929986089
6740000	5.07720360647695	-5.31115872161256	12.797782843172	-5.31115872161256	55.5005263459443	-10.168659960929	12.797782843172	-10.168659960929	51.6822606036625
6750000	2.45677267137825	-2.03886571767709	10.0569423124247	-2.03886571767709	56.3857508855797	-9.47379017756889	10.0569423124247	-9.4737901775689	61.5336460458331
6760000	2.32284266295004	-2.77945564124642	7.15784958645411	-2.77945564124642	54.4317383390568	-12.8955801487167	7.15784958645411	-12.8955801487167	40.9464574209885
6770000	6.05022587834693	-5.66752524862749	16.4349411273841	-5.66752524862749	52.0775338725744	-15.8473099768521	16.4349411273841	-15.8473099768521	66.6445300946371
6780000	6.3443988601346	-1.08296811486157	18.5507596173889	-1.08296811486157	52.26271301074	6.55702615168393	18.5507596173889	6.55702615168393	76.0554604661816
6790000	3.42807819283923	-1.57076129132132	8.11123316078389	-1.57076129132132	63.1360959230328	-6.97233525430454	8.1112331607839	-6.97233525430454	43.7976454871621
6800000	3.2043994923654	-2.419517596593	9.62948174333654	-2.419517596593	38.8932802160389	-7.10122421795786	9.62948174333654	-7.10122421795786	43.2397722031719
6810000	11.278252465081	2.36929200569804	17.1449246442867	2.36929200569804	68.2654601292172	-10.6515223754798	17.1449246442867	-10.6515223754798	47.7143120886666
6820000	2.81427929545743	-2.70298971065511	10.3361937413183	-2.70298971065511	53.6634525022605	-9.3505541193701	10.3361937413183	-9.3505541193701	51.148381499335
6830000	3.36712642730905	-3.10256820907692	9.88199166590619	-3.10256820907692	48.8273966951951	-9.18252529169665	9.88199166590619	-9.18252529169665	43.88573818782
6840000	3.34730370637626	-3.55543600842167	8.47825409967249	-3.55543600842167	68.4374966569838	-9.96254592634312	8.47825409967249	-9.96254592634312	47.7166317168625
6850000	3.68030524514504	-1.45060683826397	9.04672906287675	-1.45060683826397	54.2841412975672	-4.22801228303688	9.04672906287675	-4.22801228303688	53.5122897014174
6860000	4.62664635731314	-3.46516237390573	10.114074719121	-3.46516237390573	42.234344871209	2.47901351618822	10.114074719121	2.47901351618822	40.1335476158666
6870000	9.62015543225208	-3.20413211536492	12.5565323112023	-3.20413211536492	51.8301916853625	-3.21757660390675	12.5565323112023	-3.21757660390675	40.3944981024544
6880000	20.6107318075929	3.91276609420271	28.1707413311143	3.91276609420271	55.8726407241808	-0.425588010192103	28.1707413311142	-0.425588010192102	50.0922490910203
6890000	11.1599667611346	-6.61446421243686	20.0050851370842	-6.61446421243686	48.8426609392302	-7.76655872140174	20.0050851370842	-7.76655872140174	51.5631981216861
6900000	1.21274637436834	-0.517534016645921	3.0146633136598	-0.517534016645921	74.4713725332821	-3.40192748451063	3.0146633136598	-3.40192748451063	44.9988180798533
6910000	1.76310934358627	-2.14926616907975	6.0362136375145	-2.14926616907975	60.6196529345676	-9.18640780030065	6.0362136375145	-9.18640780030065	43.3916608518701
6920000	1.69509973925885	-1.91046198059403	6.81148733746363	-1.91046198059403	56.8505532914932	-11.2763924735853	6.81148733746363	-11.2763924735853	59.7003349538512
6930000	2.29103915898399	-2.26780369038862	6.97735280569192	-2.26780369038862	71.515141609832	-6.22670701466169	6.97735280569192	-6.22670701466169	54.6297407015806
6940000	3.56277005098382	-1.48049183548597	10.8392811333057	-1.48049183548597	61.9610920768083	-11.8095319964946	10.8392811333057	-11.8095319964946	61.7301606167194
6950000	10.933407624589	-6.55350502609214	17.4869518592799	-6.55350502609214	53.0620072774803	-7.3712640034521	17.4869518592799	-7.3712640034521	48.4679958029284
6960000	7.24680966904512	-0.639385259906302	14.8270794304805	-0.639385259906302	61.6276327300614	-4.3606760914298	14.8270794304805	-4.3606760914298	53.3369151713439
6970000	19.7590057647572	-11.2319941325495	29.1586996727383	-11.2319941325495	77.8977256815589	-14.0948573803335	29.1586996727383	-14.0948573803335	55.1064958782512
6980000	20.9293825128487	-8.06933794181464	28.6911086740815	-8.06933794181464	55.5886378494239	-17.457309198916	28.6911086740815	-17.457309198916	54.8172157911582
6990000	14.2484614692809	-10.1793589335761	17.8419548519892	-10.1793589335761	61.5711705779226	-12.5068662282054	17.8419548519892	-12.5068662282054	38.3867002752352
7e+06	11.3722869009087	-6.09531080154566	16.7418360955647	-6.09531080154566	63.1402426612726	-7.58250069888376	16.7418360955647	-7.58250069888377	63.3363895420932
7010000	3.76201979897081	-1.67574343046023	9.33028087959824	-1.67574343046023	74.7174519028445	-9.98552696814384	9.33028087959824	-9.98552696814383	40.0596995442002
7020000	19.3867376699171	-12.9256613040234	30.4718413446554	-12.9256613040234	56.1871337306338	-15.6808465264163	30.4718413446554	-15.6808465264163	61.6063063934019
7030000	17.4997838451161	-8.68384929277169	23.0779617654634	-8.68384929277169	46.4147585003552	-5.26101058292275	23.0779617654634	-5.26101058292276	44.2402695413555
7040000	7.28871039301184	-3.74114714552442	17.6767119509434	-3.74114714552442	113.616173758064	-27.32403474641	17.6767119509434	-27.32403474641	60.5144448466565
7050000	9.40052894368166	-11.1239061462946	16.83453595436	-11.1239061462946	67.180749148693	-12.4397190416168	16.83453595436	-12.4397190416168	50.4906415388996
7060000	14.2282657728851	-3.31635831572414	26.0948537674874	-3.31635831572414	46.6774189011548	-6.38491572589908	26.0948537674874	-6.38491572589908	63.0256505500731
7070000	7.86821623153145	-9.61793999996113	15.8789103118335	-9.61793999996113	60.5853494118472	-15.9442063830109	15.8789103118335	-15.9442063830109	41.1011736673943
7080000	3.26835399332392	0.593132953329403	10.0378350963425	0.593132953329403	69.2549079221526	-1.55893428280276	10.0378350963425	-1.55893428280276	53.4356218022854
7090000	3.38034569117828	-4.32864248919196	9.33069199912984	-4.32864248919196	61.0052774664823	-11.0970576360616	9.33069199912984	-11.0970576360616	42.8078937646377
7100000	11.1492071660652	-10.2140579561762	20.9145575624273	-10.2140579561762	63.9514275867265	-14.7933628438913	20.9145575624273	-14.7933628438913	57.3898253670772
7110000	12.3979681568639	-10.6125203650035	21.8736798499352	-10.6125203650035	69.2514934518575	-9.79513402883664	21.8736798499352	-9.79513402883664	51.3810440303231
7120000	1.2966276311769	-0.0181479161225436	2.98476609302525	-0.0181479161225436	65.4774156144329	-16.3421882238294	2.98476609302525	-16.3421882238294	56.5650999239512
7130000	3.08390808922938	-0.613934260673701	8.69889787808171	-0.613934260673701	58.7791234959054	-4.42475444292075	8.69889787808171	-4.42475444292075	66.6362264658347
7140000	2.92479425139632	-2.85438189043495	10.9014053440518	-2.85438189043495	61.6795009660652	-5.74322755608873	10.9014053440518	-5.74322755608873	60.6133959550959
7150000	2.99045166795276	-2.62157544345655	6.20914655397661	-2.62157544345655	52.5668251490452	-17.9465008649481	6.20914655397661	-17.9465008649481	53.2466297095939
7160000	13.4977477005942	-5.09025405541848	25.4574670752042	-5.09025405541848	42.3034424532659	-7.08129314219852	25.4574670752042	-7.08129314219852	72.0692983545545
7170000	11.9177765779076	-10.2495249475224	23.5959123323229	-10.2495249475224	65.2700038318526	-23.0282569124467	23.5959123323229	-23.0282569124467	60.0252546858337
7180000	6.03896549221889	-1.10057455899504	6.41435086635992	-1.10057455899504	56.8123141683129	-9.63867919827184	6.41435086635992	-9.63867919827184	49.1107080131725
7190000	7.79743151282477	-1.06487439851359	14.0082023218472	-1.06487439851359	49.6353802689366	-9.02618007581007	14.0082023218472	-9.02618007581007	44.170663003808
7200000	10.3820042595972	-7.18425639311814	24.6146451809894	-7.18425639311814	57.0400481088971	-19.7217666984418	24.6146451809894	-19.7217666984418	76.089892220838
7210000	7.45609996312803	-8.64271034576499	14.0460315385488	-8.64271034576499	76.7780683398355	-27.4899171688585	14.0460315385488	-27.4899171688585	53.1133758210096
7220000	4.25784091105377	-5.62107323203929	7.19494035632306	-5.62107323203929	50.7402488791507	-11.6969025689701	7.19494035632305	-11.6969025689701	38.6233627019569
7230000	1.25339804188179	-0.887389442129446	4.01679853952573	-0.887389442129446	52.2605418172884	-2.85782460531453	4.01679853952573	-2.85782460531453	31.1288638442025
7240000	2.64396099394056	-4.21348144964932	9.28084481131972	-4.21348144964932	75.5855022602625	-27.6013672503776	9.28084481131972	-27.6013672503776	58.3918027336347
7250000	15.8786846095308	-4.51191263440169	23.8370587351319	-4.51191263440169	62.0241562367126	-0.0965806590457099	23.8370587351319	-0.0965806590457088	50.5199669884288
7260000	36.7645305284933	-14.474924089093	33.8355412505706	-14.474924089093	55.5109313479692	-3.17939898869767	33.8355412505706	-3.17939898869767	54.0406465391507
7270000	14.7174983470474	-7.62474810759391	24.3798952935051	-7.62474810759392	39.8176463920925	-16.2815551556504	24.3798952935051	-16.2815551556504	57.6542409935139
7280000	7.92276474713508	-5.18050383916169	12.8967224929851	-5.18050383916169	51.2409490872159	-3.51927816012805	12.8967224929851	-3.51927816012805	36.725989016324
7290000	6.50249962133015	-3.78525763224727	12.2483287290663	-3.78525763224727	62.1718455599604	-0.539726550609482	12.2483287290663	-0.539726550609482	52.6913541536401
7300000	8.24485355929702	-12.5541097467315	10.2950201622191	-12.5541097467314	70.2676708631572	-15.8502436917259	10.2950201622191	-15.8502436917259	37.3136541707072
7310000	11.1227907022033	-0.61941856705193	15.0864459473246	-0.61941856705193	67.4909633094025	-0.930206162622825	15.0864459473246	-0.930206162622825	44.1459405987251
7320000	13.5559591224138	-7.21569261244003	23.7236274492262	-7.21569261244003	49.9772407355393	-15.2318162109374	23.7236274492262	-15.2318162109374	59.6735575008055
7330000	108.346777078403	-18.8358939590158	61.3946115743265	-18.8358939590158	56.7416256764696	-5.97852628054485	61.3946115743265	-5.97852628054485	50.059935737532
7340000	331.042484776359	-24.6930979827687	115.199411635022	-24.6930979827687	46.3128816983726	-10.1070825713915	115.199411635022	-10.1070825713915	50.5690976460406
7350000	58.7290563055323	-26.6911850509486	60.2206976283636	-26.6911850509486	43.1720747277619	-20.9541627081236	60.2206976283636	-20.9541627081236	67.827267296204
7360000	55.3570312226998	3.84099703108704	57.8750112660941	3.84099703108704	58.6912882780791	6.44458518278935	57.8750112660941	6.44458518278934	74.1390673519203
7370000	4.15888317888061	-1.23130114439848	13.5825355553523	-1.23130114439848	48.388736457575	-1.51744710373433	13.5825355553523	-1.51744710373433	74.3568115608953
7380000	6.53923089904069	-1.28472836427443	13.382711938143	-1.28472836427443	57.9537688500335	-6.63129384724634	13.382711938143	-6.63129384724634	46.736475532659
7390000	5.55873585126482	-5.49554980818566	16.0670904737843	-5.49554980818566	52.3636585956495	-19.3512536865458	16.0670904737843	-19.3512536865458	66.9262565761339
7400000	2.08797494867804	-2.64309880717887	1.91585276058807	-2.64309880717887	58.6309776241519	-8.01349470836812	1.91585276058807	-8.01349470836812	36.3502101259292
7410000	5.46667426747771	-5.71149695555834	14.8306290476145	-5.71149695555834	55.9858585506067	-18.0726059712161	14.8306290476145	-18.0726059712161	54.3619358017101
7420000	7.15047324449237	-3.04060966894912	10.0297969230588	-3.04060966894912	52.1930725692354	-9.72586350587086	10.0297969230588	-9.72586350587086	41.9049716464849
7430000	17.0241612184887	-9.781687291486	22.3462192475417	-9.781687291486	76.9413102095786	-4.02084445320212	22.3462192475417	-4.02084445320212	44.2817035607346
7440000	5.64110215277624	-2.69825301348331	11.6978837902965	-2.69825301348331	66.3775326937012	-7.06157519437197	11.6978837902965	-7.06157519437197	40.8485890074877
7450000	15.9956602065827	-13.7991333145227	25.9256751688195	-13.7991333145227	60.2623530088159	-13.5431588794879	25.9256751688195	-13.5431588794879	50.006310918927
7460000	5.77745505467198	-1.64916396860283	13.6422679353886	-1.64916396860283	51.1112800142197	-8.00794004373463	13.6422679353886	-8.00794004373463	46.4361860300615
7470000	3.21767620831598	-0.275471540476316	10.389115156136	-0.275471540476316	53.4871341319286	2.23851898019776	10.389115156136	2.23851898019776	57.7912485529386
7480000	5.25619001393267	2.39672505426757	11.1763553221553	2.39672505426757	53.8171773108109	-5.64529308062492	11.1763553221553	-5.64529308062492	53.0543582050084
7490000	2.50361251112677	-0.626177235549914	8.04731063130435	-0.626177235549914	56.1891115008493	0.854815235259335	8.04731063130435	0.854815235259336	57.1048111764441
7500000	20.5955409871883	-8.04629124042876	21.6871694399727	-8.04629124042876	60.2826627054576	-12.533191361626	21.6871694399727	-12.533191361626	45.057835642429
7510000	20.2420418053647	-11.0236868217611	32.9538562760866	-11.0236868217611	62.8279908631372	-20.9195337384054	32.9538562760866	-20.9195337384054	73.6838248782867
7520000	4.45701844348017	-6.83664372618806	11.4663598407933	-6.83664372618806	55.0345815242864	-16.1534810096599	11.4663598407933	-16.1534810096599	57.3653283883151
7530000	4.13204989824289	-2.56529065217892	11.0157230655352	-2.56529065217892	49.4717844995804	-10.8860990647479	11.0157230655352	-10.8860990647479	63.3008586540191
7540000	17.0318852793843	-10.2394390594559	27.3733057233575	-10.2394390594559	55.0779804913484	-15.6996329470236	27.3733057233575	-15.6996329470236	59.7988054638772
7550000	14.0396814519091	-8.89223922423	28.994745881682	-8.89223922423	57.8353636538913	-19.4396863951245	28.994745881682	-19.4396863951245	73.7142362924751
7560000	3.80086854008281	-3.28117783174365	9.75965035813122	-3.28117783174365	51.4231034698486	-18.6701740600861	9.75965035813122	-18.6701740600861	50.3931156248128
7570000	3.75850090829401	-3.85914849935173	10.4451798956381	-3.85914849935173	82.8144232124057	-8.62525805580861	10.4451798956381	-8.62525805580861	47.1864151700653
7580000	2.000206255017	-1.32616173668208	5.61262268274895	-1.32616173668208	38.0971688288103	-5.68225830799472	5.61262268274895	-5.68225830799471	45.3924358368486
7590000	6.17841692973598	0.427051339334788	17.7471752446922	0.427051339334788	57.4112292212108	-3.6685793232622	17.7471752446922	-3.6685793232622	65.994459953455
7600000	17.6337173593751	-6.92715837119218	29.369431545738	-6.92715837119218	48.2597594270851	-8.31761768575749	29.369431545738	-8.31761768575749	66.257578873452
7610000	8.18968440975827	-6.16171098566793	14.8840499616107	-6.16171098566793	53.3614622264495	-6.4431629098658	14.8840499616107	-6.4431629098658	48.0213895009658
7620000	4.68663428109061	-3.62447012079428	10.1154445652202	-3.62447012079428	54.5940000923812	-4.43257535350786	10.1154445652202	-4.43257535350786	36.8172448009508
7630000	2.7869982796403	-5.26917623391834	8.53000672589756	-5.26917623391834	90.7172070604036	-18.015359809109	8.53000672589756	-18.015359809109	44.4775352876532
7640000	1.61891545226422	-0.656261961222494	7.0941522073688	-0.656261961222494	47.9738199682834	-6.46747596240804	7.0941522073688	-6.46747596240804	63.5112849089299
7650000	6.00941440167245	-4.42778637910969	15.3709962342075	-4.42778637910969	64.2120041052824	-5.08939341926622	15.3709962342075	-5.08939341926622	49.180990923209
7660000	18.0831936327485	-3.64360578426301	25.1519603915325	-3.64360578426301	41.6290639990548	-7.86828181616923	25.1519603915325	-7.86828181616923	51.8892775862217
7670000	50.8930904426017	-13.1689876648019	40.2409377467325	-13.1689876648019	58.2991385974526	0.698529186642169	40.2409377467325	0.698529186642171	44.2874828576748
7680000	44.4456723182636	-10.3983335833065	36.5963410842479	-10.3983335833065	65.6719214620448	-8.55824208162216	36.5963410842479	-8.55824208162216	46.852575911737
7690000	15.1236640449957	0.350202815824797	18.278349046968	0.350202815824797	48.8853740419646	-4.61945600776366	18.278349046968	-4.61945600776366	41.8325079651166
7700000	20.3663480326134	-5.53891154550105	28.7860609733057	-5.53891154550105	70.9267900069153	-6.62705097836295	28.7860609733057	-6.62705097836295	53.9305787427469
7710000	30.6800177900245	-5.45079830083783	29.8854111204739	-5.45079830083783	52.5088770087502	-1.31644441017954	29.8854111204739	-1.31644441017954	55.5462589476168
7720000	25.8576951932945	6.59828217557629	31.4834319804201	6.59828217557628	77.6356978249382	-15.9611937840358	31.4834319804201	-15.9611937840358	61.8700166546051
7730000	6.14449716210674	-4.76856096522318	11.3937956905042	-4.76856096522318	48.6537689486	-2.63274786141996	11.3937956905042	-2.63274786141996	38.8345424342494
7740000	14.7895769988203	-5.33646084970689	18.961929604937	-5.33646084970689	60.7087343672036	-2.8890473491332	18.961929604937	-2.8890473491332	36.9645730389736
7750000	4.914374247565	0.646907754172834	10.741950460163	0.646907754172834	75.7783395461485	9.04596654079492	10.741950460163	9.04596654079492	38.7259582024727
7760000	2.93867622141631	-1.47100418720849	9.69522669085028	-1.47100418720849	62.4429068363354	-7.42410146783686	9.69522669085027	-7.42410146783686	47.6190356172776
7770000	5.71677906390596	-4.68467315129879	14.0848851742579	-4.68467315129879	58.4235095179462	-5.67679142805441	14.0848851742579	-5.67679142805441	50.9098120124032
7780000	13.5811896615056	6.4359665630625	25.179958661444	6.4359665630625	79.7959803027616	-10.1798862772008	25.179958661444	-10.1798862772008	81.2919867122391
7790000	2.69892831136994	-3.95096896860542	7.33651466259135	-3.95096896860542	70.6968284027015	-9.80339676078447	7.33651466259135	-9.80339676078447	39.7347352983653
7800000	9.30004109723362	-6.23199377587575	19.5993002218826	-6.23199377587575	85.6448857677175	-11.2660580810367	19.5993002218826	-11.2660580810367	56.5708324457607
7810000	4.52119455190241	-2.76265150813741	6.10486010790379	-2.76265150813741	80.445651102726	-17.8237452907365	6.10486010790379	-17.8237452907365	36.2041347205866
7820000	2.38189673343345	0.239815667003721	7.06298018111217	0.239815667003721	63.7362518529282	-3.05513950480206	7.06298018111217	-3.05513950480206	37.2310779953108
7830000	1.85605269706224	-2.64684509344976	6.58490473620989	-2.64684509344976	78.6084744046079	-5.53049201200233	6.58490473620989	-5.53049201200233	45.609316904802
7840000	2.95121852479336	-0.294733939401185	7.94043846368595	-0.294733939401185	90.8722496867051	0.222714252464803	7.94043846368595	0.222714252464803	52.4097168472846
7850000	4.7592661904513	-4.91164778294978	7.64845278001955	-4.91164778294978	61.0006329359152	-13.5054023855138	7.64845278001955	-13.5054023855138	36.787934606868
7860000	3.54083493501027	-2.78300728504984	9.16110802090995	-2.78300728504984	48.8738617688057	-0.773549193473955	9.16110802090995	-0.773549193473956	49.9459157360425
7870000	3.36276448743215	-1.6458810148343	10.4335427692897	-1.6458810148343	77.6779112106665	-11.0842950134391	10.4335427692897	-11.0842950134391	55.5187419936006
7880000	13.4785934496134	-12.8249109114616	26.859309778856	-12.8249109114616	75.437077533091	-22.1736628474506	26.859309778856	-22.1736628474506	66.7010406576452
7890000	7.16372485570697	1.70134184413408	9.62098833652037	1.70134184413408	63.0865482856901	-1.80843816631653	9.62098833652037	-1.80843816631653	40.9587587369923
7900000	7.02058078090584	1.4681245042982	14.3449644234764	1.4681245042982	46.9500534816126	2.21993321768868	14.3449644234764	2.21993321768868	53.7391066344638
7910000	8.95877056448092	-10.4293308917319	21.4317632023453	-10.4293308917319	77.9428283708816	-18.8664424308148	21.4317632023453	-18.8664424308147	66.0045458767231
7920000	3.38413782497588	-0.45008332045229	9.36847320983012	-0.45008332045229	49.2870919518464	0.339022482803302	9.36847320983012	0.339022482803301	52.7921873834216
7930000	9.89705298227341	-1.92015750774079	17.5802884136321	-1.92015750774079	45.8097213266818	-3.0069085071224	17.5802884136321	-3.0069085071224	48.1983435955292
7940000	19.2714049531315	-9.04114226881818	29.561389185742	-9.04114226881818	52.7287409110049	-7.2873426429502	29.561389185742	-7.2873426429502	57.905061326048
7950000	2.06620219766074	-2.49390534352216	2.39666571475602	-2.49390534352216	55.495151569641	-5.99681671359559	2.39666571475602	-5.99681671359559	58.2343225742093
7960000	3.02315466033164	-1.87443762124986	9.33320609764872	-1.87443762124986	49.5843358140213	-3.39102418553671	9.33320609764871	-3.39102418553671	52.2590825166338
7970000	7.0207336965916	-2.13272704782495	14.4221230962339	-2.13272704782495	47.6988227780652	-11.9472732330581	14.4221230962339	-11.9472732330582	53.7112014057035
7980000	9.04846145065616	-9.89614501983679	20.2524151348839	-9.89614501983679	73.2164342853845	-24.9317818850048	20.2524151348839	-24.9317818850048	63.3789995894536
7990000	8.03828927246276	1.70096810166463	13.136648464938	1.70096810166463	52.3353258598048	-8.72129919601282	13.136648464938	-8.72129919601282	63.1292004739938
8e+06	5.13625405694711	-9.01515405404784	13.0606740331898	-9.01515405404784	62.248777001474	-18.7765277105812	13.0606740331898	-18.7765277105812	54.4872958178219
8010000	4.34041170981611	-1.21877730244286	7.27502067438583	-1.21877730244286	36.7689444253815	-1.06468192099689	7.27502067438583	-1.06468192099689	33.0773693587169
8020000	13.5936320519669	-7.57728370479481	15.2433190302202	-7.57728370479481	52.3050964309566	-14.6334045782152	15.2433190302202	-14.6334045782152	65.1033936603977
8030000	37.2992848748391	-8.95614520767421	47.1472952865432	-8.95614520767421	45.1570131843166	-7.74123896225212	47.1472952865432	-7.74123896225212	70.0989540649068
8040000	19.1464910428247	-7.13570266811313	27.0360993234341	-7.13570266811313	53.8594311178868	-2.06716956355046	27.0360993234341	-2.06716956355046	49.8197815692435
8050000	16.6800910492685	-17.2106755006952	17.1950841293598	-17.2106755006952	85.7989697552614	-19.0404882295605	17.1950841293598	-19.0404882295605	43.0531807450773
8060000	19.0738973418541	-11.9018006678263	27.3888228044165	-11.9018006678263	53.6650940089678	-11.1207076900813	27.3888228044165	-11.1207076900813	58.6895747676426
8070000	5.20334125857888	-1.95681011349037	10.8736793840756	-1.95681011349037	54.6814159567075	-8.17244928921298	10.8736793840756	-8.17244928921298	42.0749411413532
8080000	6.0455004178326	-7.04857605496659	16.8230072896901	-7.04857605496659	49.1172104686377	-10.9168577071649	16.8230072896901	-10.9168577071649	72.2730593866269
8090000	2.46306526536602	-3.02599308049168	7.11361781110527	-3.02599308049168	56.8880266425278	-12.5267411073245	7.11361781110527	-12.5267411073245	55.3286532577245
8100000	16.687867673151	-7.85351625139223	27.1732398085335	-7.85351625139223	50.7445949626324	-21.2249164335719	27.1732398085335	-21.2249164335719	62.2071356811723
8110000	1.83205684072137	0.00974839995972356	4.72301945143077	0.00974839995972379	45.1763376319612	-4.79827837356387	4.72301945143077	-4.79827837356387	44.2898949154778
8120000	3.38887261381659	-3.58730354070553	9.26940275030866	-3.58730354070553	52.9445690782298	-12.974044335511	9.26940275030867	-12.974044335511	47.0152954340907
8130000	6.31949597595183	-2.9312975634004	13.1229149021851	-2.9312975634004	59.2694069277797	-1.25969406317409	13.1229149021851	-1.25969406317409	59.447555884385
8140000	34.0845402046021	3.35210529618397	35.4082324261615	3.35210529618397	60.0229122118337	2.0279978341356	35.4082324261615	2.0279978341356	51.1051307155449
8150000	12.4434508760686	-8.34870320395854	19.3393108310364	-8.34870320395854	62.6527064256788	-12.2783553657963	19.3393108310364	-12.2783553657963	46.8721221011212
8160000	39.1041473949745	-15.953374347968	32.7784693947125	-15.953374347968	57.132056531019	-4.66761353775142	32.7784693947125	-4.66761353775142	54.7952070645766
8170000	26.5183303117794	-3.47173937685249	29.442496039686	-3.47173937685249	58.0407821812238	-6.08163218113132	29.442496039686	-6.08163218113132	65.1283135322676
8180000	5.12287845329195	-3.45771434861577	10.4416252382496	-3.45771434861577	62.735137966844	-18.170236257745	10.4416252382496	-18.170236257745	36.6930240262746
8190000	2.27510429206539	-0.491704345316494	5.55527746734559	-0.491704345316494	51.3067654111858	-3.48560754112796	5.5552774673456	-3.48560754112796	56.0425841395242
8200000	4.52890840603065	-6.16821440872658	6.85189235846631	-6.16821440872658	73.7038601903652	-21.4418469228127	6.85189235846631	-21.4418469228127	64.6413195651046
8210000	2.12176992488621	0.0310226467211975	9.01668202382016	0.0310226467211974	59.3235976745704	1.87878278674758	9.01668202382016	1.87878278674758	78.7962718711384
8220000	2.31468890180772	-3.55944931335549	8.95869715744229	-3.55944931335549	79.6771384004397	-16.0976621297827	8.95869715744229	-16.0976621297827	54.2294365026594
8230000	1.56253970331966	-2.54176731390393	6.32879196805003	-2.54176731390393	70.9351701600438	-16.334133980008	6.32879196805003	-16.334133980008	54.187531363312
8240000	6.37043145565224	0.936837320017519	10.8132411333834	0.936837320017519	61.4376431994886	-9.92742546004912	10.8132411333834	-9.92742546004912	63.0379383445713
8250000	3.57440247340346	-3.57991539198081	11.3048265339893	-3.57991539198081	61.1077178534901	-19.2573253762648	11.3048265339893	-19.2573253762648	79.6644804580796
8260000	5.45923975889785	0.914557859506292	9.21807736109873	0.914557859506293	56.5260155020345	-18.0766678668063	9.21807736109873	-18.0766678668063	43.3647991730453
8270000	15.4555366979568	-5.85901128302644	30.7255392764907	-5.85901128302644	65.3398649138812	-9.24066927222121	30.7255392764908	-9.24066927222122	72.1858906410922
8280000	6.2278093808733	-3.46596483326694	19.5230648421732	-3.46596483326695	63.5112274072344	-9.28659770865146	19.5230648421732	-9.28659770865146	79.3512851097461
8290000	2.6886452703878	0.0730715399902025	9.83995618897231	0.0730715399902025	43.4378631801855	3.44217008384476	9.83995618897231	3.44217008384476	54.9865013042425
8300000	2.33726990691646	-5.5726787324802	5.06262496894255	-5.5726787324802	62.256608078026	-10.6532695026169	5.06262496894255	-10.6532695026169	51.7271139805575
8310000	4.19038380752299	-5.811310837812	14.4963681111929	-5.811310837812	76.596698219808	-20.2258106112836	14.4963681111929	-20.2258106112836	74.6104839623428
8320000	9.55896216573066	-0.305905457571381	17.8912512140563	-0.305905457571381	49.4692342902009	-4.86062881241355	17.8912512140563	-4.86062881241355	45.5459348250026
8330000	3.11367146423384	-0.663850785583077	9.85827304917807	-0.663850785583077	63.8701615358959	-4.20460355705944	9.85827304917807	-4.20460355705944	50.9944239917493
8340000	8.45784866164736	-4.32893506569125	18.8057694817386	-4.32893506569125	47.2410241058772	-12.7767964713821	18.8057694817387	-12.7767964713821	60.1616550389242
8350000	17.1897185620646	-12.2373173169863	25.1877969488285	-12.2373173169863	47.6974703471908	-13.1658872781297	25.1877969488285	-13.1658872781297	58.8451393300367
8360000	10.585963844219	-5.0700379115639	19.3731625449942	-5.0700379115639	42.1050852566877	-8.27406589438239	19.3731625449942	-8.27406589438239	49.9525463021935
8370000	14.6202480144873	-1.13684225486193	22.6740850522279	-1.13684225486193	46.4305067137679	-15.7099106407929	22.6740850522279	-15.7099106407929	67.5791799574417
8380000	5.12307224519309	-2.93297672793657	10.1961977457005	-2.93297672793657	68.1674414322085	-14.3947310040941	10.1961977457005	-14.3947310040941	47.8032217080138
8390000	7.32382510119401	0.222432128100076	15.5430105128685	0.222432128100076	49.0770519693584	-3.9942536569669	15.5430105128686	-3.9942536569669	44.5977656014252
8400000	5.10942044528542	-0.079050935920221	8.53860427007154	-0.0790509359202214	64.4863426655286	7.12712475321161	8.53860427007154	7.12712475321161	48.3976593697415
8410000	8.31537452741143	-3.82545039584962	16.3011214418544	-3.82545039584962	48.6360686989785	-2.60618754478725	16.3011214418545	-2.60618754478725	49.1603400602898
8420000	19.0905652660401	-10.2454020415095	27.2095318660585	-10.2454020415095	54.8970097078098	-15.2992733543839	27.2095318660585	-15.2992733543839	60.0110701586595
8430000	16.6217629631877	-14.290490548765	18.5594683981966	-14.290490548765	63.2894604243622	-9.3243444116374	18.5594683981966	-9.3243444116374	46.87855487292
8440000	17.8834381476259	4.07453280627995	23.6172744745786	4.07453280627995	67.9241766644644	4.71358901007808	23.6172744745786	4.71358901007808	56.7933356494541
8450000	15.515057102737	-6.89724072590085	23.9168546869717	-6.89724072590085	70.2229618271512	-15.5938118148748	23.9168546869717	-15.5938118148748	48.7503746044446
8460000	10.5757595120377	-11.8752465636288	15.6107693539135	-11.8752465636288	66.8812783159428	-8.94048792581828	15.6107693539135	-8.94048792581828	40.6261556859843
8470000	8.29014520388233	-3.91737302323701	16.933845809387	-3.91737302323701	56.5437677342752	0.619226557175142	16.933845809387	0.619226557175143	55.9084352106441
8480000	12.3767666196977	-4.53874290731904	18.9599435332825	-4.53874290731904	63.8355738376221	-4.53202999927301	18.9599435332825	-4.53202999927301	45.4916435220593
8490000	41.9726142949264	3.60834760890467	28.9789417592546	3.60834760890467	67.0637802428491	-13.591096271211	28.9789417592547	-13.591096271211	46.6495946123198
8500000	80.6798090846263	-27.3677301302702	50.5242954929899	-27.3677301302702	58.7897145813357	-16.709970050229	50.5242954929899	-16.709970050229	55.4143939163653
8510000	60.1800381358662	-14.2162007397959	46.1190038647088	-14.2162007397959	52.127262355614	-2.90412495665522	46.1190038647088	-2.90412495665522	50.9331778534891
8520000	44.0136572292921	-0.274914020055262	28.3589286748993	-0.274914020055263	49.3205954478678	-10.1257296859682	28.3589286748993	-10.1257296859682	38.1392409828794
8530000	48.0041011559073	1.84894097258261	34.4621162853083	1.84894097258261	43.7916078660151	-7.45562141811723	34.4621162853083	-7.45562141811723	42.5571875291452
8540000	7.09129071122598	0.443466435474666	6.82533036699751	0.443466435474666	74.0288688958743	-4.98447955569668	6.82533036699752	-4.98447955569668	69.1948006259882
8550000	6.02856420441508	-6.04746262910053	8.45627137922579	-6.04746262910053	47.8719097945419	-9.48810335055402	8.45627137922579	-9.48810335055402	40.4056848356181
8560000	13.8300795762486	-9.33110003121363	15.1988356875159	-9.33110003121363	62.9657254485131	0.591750724929647	15.1988356875159	0.59175072492965	55.7132579119001
8570000	10.037150676803	0.0702704727260498	15.4832018930728	0.0702704727260501	69.396321171624	-12.619487252318	15.4832018930728	-12.619487252318	48.5790363560913
8580000	10.9820477553753	-10.056269954977	20.218611045579	-10.056269954977	68.4892818679658	-7.98515929216673	20.218611045579	-7.98515929216673	64.450878715241
8590000	5.03707245322539	1.6994713284401	8.53431544301302	1.6994713284401	48.3176149660318	1.646418576351	8.53431544301302	1.646418576351	40.7118902385114
8600000	29.136836233912	-10.9187844456166	38.4640820152142	-10.9187844456166	60.3844386753587	-4.85731507946769	38.4640820152142	-4.8573150794677	61.5385668665577
8610000	9.36319916990424	-7.32744575182317	19.6704616107026	-7.32744575182317	68.1170247302451	-21.3701608419781	19.6704616107026	-21.3701608419781	55.6541300101348
8620000	9.70963382154396	-2.02191274214935	21.2338896311785	-2.02191274214935	62.7171056827719	-12.7001778345966	21.2338896311785	-12.7001778345966	76.8727363947996
8630000	1.78008940152104	-0.738410891309994	7.10517960481624	-0.738410891309994	53.8084791441231	-7.0760116096479	7.10517960481624	-7.0760116096479	46.7842671908382
8640000	9.07380618315424	-7.98926251549575	14.4025666521774	-7.98926251549575	58.7619093474275	-12.5272359752055	14.4025666521773	-12.5272359752055	41.6699861121562
8650000	9.12632072847031	-6.09251885676818	22.7534836031902	-6.09251885676818	62.261825965925	-13.2842987714624	22.7534836031902	-13.2842987714624	66.4643431996341
8660000	1.35209603071357	-1.82934402635806	5.0605869097652	-1.82934402635806	65.8752857646084	-12.765095177075	5.0605869097652	-12.765095177075	49.2303675398153
8670000	2.84878722978779	-1.16355170486806	11.1311238251522	-1.16355170486806	67.6153941291818	-3.37767304691093	11.1311238251522	-3.37767304691093	60.5907203002464
8680000	4.08569433893071	-1.47412209588669	8.8857164266618	-1.47412209588669	45.9429270228914	-10.4413081385046	8.8857164266618	-10.4413081385046	42.1273711057751
8690000	2.18425274170602	-1.11516645142127	5.32449597192785	-1.11516645142127	55.3521790010442	3.62207417209981	5.32449597192785	3.62207417209981	34.2850966040367
8700000	5.12032267958516	-7.10457900227692	9.24659661507681	-7.10457900227692	75.1334757775843	-7.55212919249989	9.24659661507682	-7.55212919249989	41.3125960314475
8710000	2.02216647351278	-2.28043095405922	5.99004432456461	-2.28043095405922	90.8186873648271	9.0131121879232	5.99004432456461	9.0131121879232	53.6539589194457
8720000	2.26281532616297	-0.0908221239546735	6.26045001256183	-0.0908221239546735	61.6670119357169	3.68820060580432	6.26045001256183	3.68820060580432	46.3357669196063
8730000	2.66408968179911	-3.72730765309582	8.34503379741738	-3.72730765309582	54.097861712427	-15.5223494185394	8.34503379741738	-15.5223494185394	43.3596171833822
8740000	2.67905307304149	-1.72505470906023	10.3510707445816	-1.72505470906023	51.6884739575406	-9.7281939257451	10.3510707445816	-9.7281939257451	65.9335311459473
8750000	12.6149274173626	-6.52143481775304	27.8870791236644	-6.52143481775304	61.3605629702644	-0.347624652453468	27.8870791236644	-0.347624652453476	82.3444459131915
8760000	14.1258460483296	-3.32584682748659	21.6783246827273	-3.32584682748659	60.8110658652536	-14.2657071070911	21.6783246827273	-14.2657071070911	64.4213487487896
8770000	19.9726022952052	-13.6108264359804	25.3556715389246	-13.6108264359804	61.8841102787236	-17.6709038968966	25.3556715389246	-17.6709038968966	44.6391546471527
8780000	5.85581578949755	-0.850612647558539	8.79120832584914	-0.85061264755854	58.4091230433911	-7.94227198088393	8.79120832584914	-7.94227198088393	39.1423315548401
8790000	3.92463593752502	-1.89882581313503	11.0877470578127	-1.89882581313503	43.2322814612608	-8.12015001217963	11.0877470578127	-8.12015001217963	52.3690185712418
8800000	6.99030628009165	-1.15170044431622	15.4484254414295	-1.15170044431622	63.0723257704223	1.90074398984842	15.4484254414295	1.90074398984842	56.0095279733583
8810000	5.49554725036822	-5.85342452436387	10.8662396166946	-5.85342452436387	61.6825225874597	-13.1647313121536	10.8662396166946	-13.1647313121536	61.7638997749034
8820000	2.47823215833875	-2.04304995985104	8.59480428495022	-2.04304995985104	54.2173279065331	-1.90551685337238	8.59480428495022	-1.90551685337238	49.7278321743358
8830000	13.0650188931086	-9.78378903347204	23.604190485075	-9.78378903347204	55.9300104863549	-15.2749418037422	23.604190485075	-15.2749418037422	62.508324688623
8840000	2.78110827281395	-3.17668418626081	7.82521496909499	-3.17668418626081	45.6714770252822	-2.13026133087925	7.82521496909499	-2.13026133087925	42.259189064108
8850000	4.12453007954418	0.776073956471682	10.0732667979065	0.776073956471682	67.0927618393873	-3.49506640942236	10.0732667979065	-3.49506640942236	49.9832899156312
8860000	2.78579316073625	-6.07230519961107	8.9419276418318	-6.07230519961107	77.9795686063721	-23.926895477449	8.9419276418318	-23.926895477449	63.7689004604567
8870000	11.5285421489711	-0.390509691258988	9.07100125067709	-0.390509691258988	49.8616700610012	-10.8756596012207	9.07100125067709	-10.8756596012207	52.402505610072
8880000	85.4710854401609	-12.8310161862102	57.8011376673762	-12.8310161862102	50.3279573214889	-5.21074099036103	57.8011376673762	-5.21074099036103	62.8641990552142
8890000	117.380004070917	-25.0035477956043	72.0192332965077	-25.0035477956043	55.5237225755946	-12.1631359314352	72.0192332965077	-12.1631359314352	59.3073211272116
8900000	47.073726773786	-9.14834839216089	31.3537865344795	-9.14834839216089	65.0882944605006	-12.8846743291268	31.3537865344795	-12.8846743291268	45.1856500107305
8910000	60.037218691913	-21.9247272358468	50.9609474346914	-21.9247272358468	57.9481166109319	-10.3439094580628	50.9609474346913	-10.3439094580628	50.2236862236981
8920000	8.67587349217547	-4.95726029323128	20.8511826235613	-4.95726029323128	54.885065903304	-8.42933084615625	20.8511826235613	-8.42933084615625	62.426122779791
8930000	2.31247925504494	-3.66557301709101	7.35732217573159	-3.66557301709101	72.6228082774563	-2.71201329802942	7.35732217573159	-2.71201329802942	48.4577112591134
8940000	4.64781425027925	-6.51978380302709	9.30887783635263	-6.51978380302709	56.028130728552	-13.804859522785	9.30887783635263	-13.804859522785	35.9567269159766
8950000	2.42894649923252	-2.39633275993153	9.29583320129207	-2.39633275993153	46.6363915627779	-3.59047943542698	9.29583320129207	-3.59047943542698	53.2344588754448
8960000	6.45441941591997	-4.43425334049164	7.1849560315009	-4.43425334049164	51.3487804111978	-9.74155818941223	7.1849560315009	-9.74155818941223	38.4418005697098
8970000	7.40583461759761	-4.00874595969317	22.3103221000587	-4.00874595969317	57.8597268758859	-9.50836595053896	22.3103221000587	-9.50836595053896	77.6696323356015
8980000	5.77615786805158	-6.33871791234033	8.94010662723382	-6.33871791234033	53.2377737567276	-10.0926828749692	8.94010662723382	-10.0926828749692	45.7700639719558
8990000	3.9225648991823	2.1134859238595	7.0789016503821	2.1134859238595	65.0366605691936	-6.97472025015955	7.0789016503821	-6.97472025015955	51.2153766836003
9e+06	8.0322706542656	-6.03981096968763	18.6687198597274	-6.03981096968763	57.472258955782	-12.0772193506273	18.6687198597274	-12.0772193506273	58.4880313820029
9010000	11.0408188919025	-7.0849019211775	15.3909369700715	-7.0849019211775	60.3449975978018	-8.61116800742499	15.3909369700715	-8.61116800742499	32.1706181432505
9020000	10.0104193323816	-9.16029401287308	20.1518189345893	-9.16029401287308	65.8620980497049	-15.4975725563832	20.1518189345893	-15.4975725563832	51.3425741820617
9030000	5.11277425742235	-3.29247689182285	11.0928677472496	-3.29247689182285	47.3068288592433	-13.641159245918	11.0928677472496	-13.641159245918	40.7252248015011
9040000	14.1752074682543	-11.9425189708162	26.451001364294	-11.9425189708162	58.8142597668744	-13.9359699112471	26.451001364294	-13.9359699112471	62.8063438553573
9050000	39.2952858414627	-23.615886417368	39.4959413384409	-23.615886417368	64.2223404314728	-19.8232683099268	39.4959413384409	-19.8232683099268	52.931383114978
9060000	11.41581919925	-9.53269563757495	14.6185041774794	-9.53269563757495	62.356145887443	-9.13749620726183	14.6185041774794	-9.13749620726183	39.5958003833303
9070000	9.11782319721317	-3.76157500309308	16.4678095293466	-3.76157500309308	70.0988390340769	-0.23529865299936	16.4678095293466	-0.235298652999361	43.9397403590315
9080000	10.74928536843	-10.9623582027812	15.5131025222789	-10.9623582027812	82.0443097444962	-8.0021120942255	15.5131025222789	-8.0021120942255	39.8985152957734
9090000	22.6010542586507	-4.56067026608465	32.1275433833677	-4.56067026608465	50.2424070901849	-5.65341665186105	32.1275433833677	-5.65341665186105	57.7796709448668
9100000	4.00477708673667	-3.38486012126043	7.1337644551706	-3.38486012126043	82.5553955812875	-4.80575914062147	7.1337644551706	-4.80575914062147	42.2431591095645
9110000	2.10496707371201	1.30462680186257	6.58114340579069	1.30462680186257	61.8316177481307	12.7325400808611	6.58114340579069	12.7325400808611	54.0876704357727
9120000	1.84009144672431	-3.825719914365	3.70257653675383	-3.825719914365	58.1180169466731	-23.8800518618765	3.70257653675383	-23.8800518618765	56.1806192380943
9130000	6.47681388885787	-2.86056991705676	11.3685607547742	-2.86056991705676	55.0280704773876	-2.79432864307214	11.3685607547742	-2.79432864307214	54.8089160099228
9140000	8.69222159828554	-8.43676162601753	18.1752943727685	-8.43676162601753	52.6469055829115	-16.5197435483284	18.1752943727685	-16.5197435483284	52.9446815850475
9150000	8.89379198406612	-12.3517238300786	19.0713499607265	-12.3517238300786	65.8763953327137	-17.1090198016788	19.0713499607265	-17.1090198016788	54.5513708416202
9160000	14.695776697934	-1.36624941373784	22.0619895884207	-1.36624941373784	50.4622204052837	-5.48798581667161	22.0619895884207	-5.48798581667161	49.9281227609384
9170000	4.92490080899496	-4.58672228753973	9.60842080804529	-4.58672228753973	59.2166451796673	-1.62242707772375	9.60842080804529	-1.62242707772375	40.2622704759526
9180000	8.00367939148114	-6.77013985272345	14.5279902738288	-6.77013985272345	52.1194137784445	-3.82180184551633	14.5279902738288	-3.82180184551633	39.2212910254882
9190000	3.33939640116467	-1.00341718747391	8.28046430867728	-1.00341718747391	44.6106454163578	0.385656140493383	8.28046430867728	0.385656140493383	46.0556573346289
9200000	3.12597951117283	0.441203397710478	6.71945851047512	0.441203397710478	52.7071597011394	0.30362964186107	6.71945851047512	0.30362964186107	43.9937233634945
9210000	4.51415181910124	-5.7719240341073	9.92645126480014	-5.7719240341073	67.3640795203429	-12.4417278935151	9.92645126480014	-12.4417278935151	38.2918202880088
9220000	7.45520463087503	-10.1537430757939	17.6277942575708	-10.1537430757939	60.5504939664277	-20.5487967473826	17.6277942575708	-20.5487967473826	51.737932740583
9230000	4.57591464943144	0.0521400360666216	11.637149014018	0.0521400360666217	62.8141560196302	10.7965663564323	11.637149014018	10.7965663564323	52.3316319438381
9240000	18.11135814203	-9.0046827601752	23.4723235418637	-9.0046827601752	55.1972871338392	-17.9452916978949	23.4723235418637	-17.9452916978949	54.8811097786448
9250000	10.5099620017783	-3.6040760057451	16.2765251147988	-3.6040760057451	71.8991705115474	-10.8343628288673	16.2765251147988	-10.8343628288673	43.6694940436424
9260000	10.140840725943	-12.3080734945803	19.6146417333647	-12.3080734945803	66.1909474301117	-23.3502142814518	19.6146417333647	-23.3502142814518	51.4824754106921
9270000	8.13337376900777	-3.84604370957233	17.3561096359655	-3.84604370957233	46.4776232787789	3.83049157208864	17.3561096359655	3.83049157208864	55.2825821545337
9280000	3.68650327344111	-5.78206228446864	7.64424370874478	-5.78206228446864	68.4413558672165	-9.98518107828773	7.64424370874478	-9.98518107828773	37.7682669922884
9290000	5.63653622697182	-4.84557214544124	12.2653666416291	-4.84557214544124	58.7550492243678	-5.88432361457612	12.2653666416291	-5.88432361457612	44.8550990874117
9300000	5.53918980763275	-0.621234551194313	14.8432225152031	-0.621234551194313	72.6132064675466	-8.54717097688356	14.8432225152031	-8.54717097688356	53.5902489055173
9310000	18.3309889477566	-10.9502715663848	34.4854350235164	-10.9502715663848	59.4675198341145	-12.0728234314414	34.4854350235164	-12.0728234314414	75.2064459994684
9320000	16.2311873351815	-11.8887682618939	21.292709016081	-11.8887682618939	65.2307466328784	-21.2918271475309	21.292709016081	-21.2918271475309	48.7708445861577
9330000	6.25500088330721	-5.18958727103499	11.5520814722861	-5.18958727103499	58.9325132151676	-0.27962379109812	11.5520814722861	-0.27962379109812	45.903286593461
9340000	3.09863649592287	-4.97672089585556	8.87460871575741	-4.97672089585556	62.0975800346542	-18.9710844631135	8.87460871575741	-18.9710844631134	60.829550450911
9350000	10.5786373345727	-7.45220116259964	15.5399296172265	-7.45220116259964	71.4251952329373	-1.15908905293887	15.5399296172265	-1.15908905293887	39.1031864852137
9360000	6.36604537408616	-1.9453684766217	14.8409952802307	-1.9453684766217	67.77702631127	5.12266398782692	14.8409952802307	5.12266398782692	56.9302493458625
9370000	3.19015460321657	3.07901253522094	11.5020019153402	3.07901253522094	54.3967320126186	8.95982667413607	11.5020019153402	8.95982667413607	55.9935898394553
9380000	9.60408915097075	-3.52178730672813	19.0056744310746	-3.52178730672813	45.0271671715171	-1.41887766545778	19.0056744310746	-1.41887766545778	51.4909160884832
9390000	7.57619981195952	-10.8617150485677	15.0659300084289	-10.8617150485677	59.1575257721079	-14.3418262862607	15.0659300084289	-14.3418262862607	48.3273193714047
9400000	4.55202220902257	-6.22109069558129	15.1418016120804	-6.22109069558129	53.4925410427982	-16.0230210287901	15.1418016120804	-16.0230210287901	67.5911090258447
9410000	15.0719416801488	-4.6372508485426	21.1065001160827	-4.6372508485426	56.5306735080797	-4.49851010371177	21.1065001160827	-4.49851010371177	40.6838047639411
9420000	3.50141384982657	-5.5650691884897	8.38368950438166	-5.5650691884897	59.6524291833233	-15.0956456790421	8.38368950438166	-15.0956456790421	51.609867136639
9430000	11.9817925588955	-4.39384852853907	23.9039215877685	-4.39384852853907	54.6733432275334	-5.13656992586454	23.9039215877685	-5.13656992586454	61.2901975131456
9440000	9.30598328564951	-3.14199964482349	21.0560890349134	-3.14199964482349	78.0944929625621	-11.6465123263728	21.0560890349134	-11.6465123263728	62.0417920431323
9450000	7.31205655237498	-12.607324309951	14.5944816066431	-12.607324309951	66.3283414029432	-13.8969570265193	14.5944816066431	-13.8969570265193	46.2558361850074
9460000	11.4431446759929	-10.1402383908608	14.121660591347	-10.1402383908608	57.2788321354754	-11.7792663504567	14.121660591347	-11.7792663504567	41.3357049702244
9470000	8.08231887239385	-1.69521624026839	16.7782672543118	-1.69521624026839	68.474653627064	-6.48110055615464	16.7782672543118	-6.48110055615464	42.5595679728344
9480000	3.82749727978209	-5.67407682262094	9.28664310754595	-5.67407682262094	80.00263918438	-14.0344344899154	9.28664310754596	-14.0344344899154	40.2383488700576
9490000	4.79339514268801	-4.17992222493594	10.3319507984021	-4.17992222493594	51.4863211487425	-5.21404438150375	10.3319507984021	-5.21404438150375	46.3515575356469
9500000	10.0907830881588	-9.746981696153	18.6410202745179	-9.746981696153	49.2094232373324	-15.32924410497	18.6410202745179	-15.32924410497	51.8508894917401
9510000	6.32692949108787	-4.51062551343805	16.2002331965672	-4.51062551343805	35.9640781660303	-6.24097163932734	16.2002331965672	-6.24097163932734	55.1506020146593
9520000	7.02641293361483	-2.20024594831295	14.4184665072647	-2.20024594831295	69.3087152943446	-13.0773247564838	14.4184665072647	-13.0773247564838	50.3422200391942
9530000	4.50862083500053	-4.66632398574169	12.6288143146386	-4.66632398574169	80.7284372922562	-17.8396165869028	12.6288143146386	-17.8396165869028	54.1229518161697
9540000	7.99045854375915	-7.80148391479205	13.2850771175461	-7.80148391479205	61.6017420490679	-16.8993877815897	13.2850771175461	-16.8993877815897	51.8768546809271
9550000	3.50645476441971	2.63856324828124	5.40676523899075	2.63856324828124	78.6401840537433	-11.6020885453352	5.40676523899075	-11.6020885453352	51.4599736751181
9560000	3.32870795700261	-3.8220918819792	9.0350462727574	-3.8220918819792	62.7253423227245	-11.0577329631518	9.0350462727574	-11.0577329631518	58.0098637501717
9570000	2.22769277436245	-2.49401207185798	6.4054981188288	-2.49401207185798	56.760993546446	-21.3758651460008	6.4054981188288	-21.3758651460008	47.2894808059897
9580000	3.47659985678972	-5.23054224848322	8.83692281364181	-5.23054224848322	55.1150269629004	-15.9383276281283	8.83692281364182	-15.9383276281283	49.1202914625749
9590000	5.64900351393405	-2.6512323516469	8.34713766401196	-2.6512323516469	52.3257699855145	0.581430123605665	8.34713766401196	0.581430123605665	44.2590913401683
9600000	5.62248474869631	-4.39521414606821	13.0526733019756	-4.39521414606821	64.018564499467	-2.19602275550341	13.0526733019756	-2.19602275550341	46.731844417999
9610000	1.32655228022126	-1.50707858031369	3.37943544701769	-1.50707858031369	39.3373029897182	-8.52115651071068	3.37943544701769	-8.52115651071068	52.03236739118
9620000	5.14329737229521	2.41346474703963	9.58932495024687	2.41346474703963	68.6825534455919	-18.7461455359027	9.58932495024687	-18.7461455359027	55.7782154413591
9630000	4.58509606117628	-3.19646122389762	12.7798368992352	-3.19646122389762	60.3934205126158	-7.48195138300516	12.7798368992352	-7.48195138300516	53.5382031664868
9640000	13.4816815642712	-11.3742407531968	20.3826071059142	-11.3742407531968	48.4312016791347	-6.54533262236412	20.3826071059142	-6.54533262236412	51.1533437293257
9650000	6.08802042870929	-9.43852055561167	10.8970192954248	-9.43852055561167	53.2784216953601	-14.1142264407841	10.8970192954248	-14.1142264407841	33.8189992483003
9660000	9.99983014513628	-0.141611396266083	11.7629116589254	-0.141611396266082	42.4292209200403	-3.49812913050069	11.7629116589254	-3.4981291305007	38.2349748903226
9670000	28.2089080580894	-1.96872216677516	36.7138414418811	-1.96872216677516	46.6490998228626	-2.14796462909034	36.7138414418811	-2.14796462909034	54.3562069672512
9680000	27.5565146393109	-12.9445010081833	37.1551192636445	-12.9445010081833	74.1297188565391	-6.99515790447635	37.1551192636445	-6.99515790447636	63.8987543584902
9690000	10.1392640691846	-10.6726546362782	19.5190114653832	-10.6726546362782	65.4068905059597	-1.47121057461251	19.5190114653832	-1.47121057461251	67.4506401902915
9700000	14.0562528799418	-4.40067942454469	15.5660934163844	-4.40067942454469	68.2362001229709	-11.4524291693206	15.5660934163844	-11.4524291693206	40.344285730667
9710000	8.25796583012057	-0.0817749817053514	10.4156596463414	-0.0817749817053514	55.641465527455	-2.13674899909501	10.4156596463414	-2.13674899909501	43.0329772785989
9720000	1.9012125608236	0.217852042264172	6.74117172950189	0.217852042264171	72.966712577254	-8.20261799340068	6.74117172950189	-8.20261799340068	49.4757127107829
9730000	5.50729499955826	-4.33720877528857	16.3777403559556	-4.33720877528857	46.7439633671782	-5.65444561148185	16.3777403559556	-5.65444561148184	63.4127885223012
9740000	5.00967677923176	-3.6400819015135	13.2811083932985	-3.6400819015135	56.3000903145558	-11.5711242079383	13.2811083932985	-11.5711242079383	52.43495242508
9750000	7.36613291519527	-7.27786713774406	20.4842234382633	-7.27786713774406	59.7406613514597	-13.535199778357	20.4842234382633	-13.535199778357	66.0782040625667
9760000	11.947831565848	-12.5713854186945	25.0168854509124	-12.5713854186945	65.4973320649517	-17.9019334630101	25.0168854509124	-17.9019334630101	65.2302511722103
9770000	3.96454425269234	3.16537444470338	9.44848949359565	3.16537444470339	71.4348953348728	-0.340361502445171	9.44848949359565	-0.340361502445171	55.8675489124723
9780000	2.98167782969253	-2.66948905066282	9.1864960246382	-2.66948905066282	52.55294637566	-9.59216924614839	9.1864960246382	-9.59216924614839	42.9371879009886
9790000	3.40612673236223	-1.88967691756047	8.93621996870731	-1.88967691756047	57.8860130841475	-5.32531478601255	8.93621996870731	-5.32531478601255	43.2977140837417
9800000	1.88857680606708	-3.00509008419643	6.21554702847162	-3.00509008419642	44.6830968374433	-9.66478046710501	6.21554702847162	-9.66478046710501	47.7129378894654
9810000	1.89895683682638	-2.22969628280156	4.69915798784931	-2.22969628280156	60.0622272554762	-17.6592112630877	4.69915798784931	-17.6592112630877	37.4168917488812
9820000	4.53623985209911	-0.0917013563640032	13.074074424094	-0.0917013563640035	57.2879695946337	-5.58395124684435	13.074074424094	-5.58395124684435	52.7110560185975
9830000	2.9059374839087	-1.5978119762492	7.87153139356215	-1.59781197624921	43.1249664836526	-8.26793576555203	7.87153139356215	-8.26793576555203	38.1441578054342
9840000	7.43417156013256	-8.50491075649748	16.745294969511	-8.50491075649748	57.248855541525	-33.3463582404218	16.745294969511	-33.3463582404218	74.400253780038
9850000	15.1475262570571	-9.95547445973824	25.0993134968977	-9.95547445973824	49.1717920732	-11.3409835804651	25.0993134968977	-11.3409835804651	55.7614852987797
9860000	8.59513366692029	-6.7132301973493	13.678291701244	-6.7132301973493	71.2704762308376	5.40611099296759	13.678291701244	5.40611099296759	40.0112888373589
9870000	3.56590595530477	-3.16406146579799	12.9665908111135	-3.16406146579799	49.7291979016174	-18.4007626183084	12.9665908111135	-18.4007626183084	70.414977554484
9880000	4.54354964591211	-2.51686461642641	11.6546227059126	-2.51686461642641	41.7554057037735	-8.24326581444543	11.6546227059126	-8.24326581444543	46.1908341051138
9890000	5.2182455368174	-1.55144309325171	13.8082542440732	-1.55144309325171	76.4808362949014	-17.2618342266316	13.8082542440732	-17.2618342266316	49.7381960432558
9900000	2.55783897226747	-4.94125352958358	7.23616968275441	-4.94125352958358	48.9464875480092	-9.26552122209734	7.23616968275441	-9.26552122209734	44.7108891959619
9910000	0.992460511725545	-0.210217162805727	2.9353354408748	-0.210217162805727	78.2381517639717	-6.55808009487063	2.9353354408748	-6.55808009487063	35.028708159791
9920000	8.69575523139481	-7.77765581837498	12.0242042749161	-7.77765581837498	63.1350123444848	-13.9390194032458	12.0242042749161	-13.9390194032458	36.469225923186
9930000	3.42042708013762	-2.48613126224138	6.99002275650996	-2.48613126224138	52.3699335123811	0.577035964374072	6.99002275650997	0.577035964374072	36.3138516373365
9940000	9.71889856781787	-5.29503785264542	20.1259002244584	-5.29503785264542	66.6979480731236	-15.9212318439584	20.1259002244584	-15.9212318439584	57.7679304007512
9950000	3.59025731935035	-7.49666758859807	9.72988032805749	-7.49666758859807	108.786917470094	-2.76180745641581	9.7298803280575	-2.76180745641581	54.4593445514476
9960000	3.47501138673182	-2.92478675937569	9.41259716765228	-2.92478675937569	54.8135497165851	-11.084461538579	9.41259716765228	-11.084461538579	40.9817864687075
9970000	4.04326584569402	-3.44448145206515	9.07681273830963	-3.44448145206515	47.8548491999446	-4.53429384183789	9.07681273830963	-4.53429384183789	52.1529514193791
9980000	21.9614556766558	-6.67570038210449	20.5354586040549	-6.67570038210449	47.2155982490391	-8.61872408465087	20.5354586040549	-8.61872408465087	56.5559679028684
9990000	8.92339552831578	0.00293121540407219	18.2330673896241	0.00293121540407183	48.6703827426026	-10.6412151203949	18.2330673896241	-10.6412151203949	63.924488868614
1e+07	7.14204432886953	-3.40968265311948	11.9072570345419	-3.40968265311948	50.2977546875808	2.49300606784438	11.9072570345419	2.49300606784439	37.761733709433
10010000	17.6661587311317	-8.04876146964526	28.6032796882203	-8.04876146964526	50.6625244166992	-2.33524678140291	28.6032796882203	-2.3352467814029	71.9079160923642
10020000	13.9692614139636	-2.32718115430452	19.6626114722808	-2.32718115430452	63.2182133189715	-2.21051718706457	19.6626114722808	-2.21051718706457	50.7586904525969
10030000	18.5242781088646	-6.64872651417571	27.0751653668459	-6.64872651417571	75.5494026491487	-18.6677451687609	27.0751653668459	-18.6677451687609	56.8865418589245
10040000	12.7671568926081	-10.8707074578899	15.0149290115128	-10.8707074578899	57.1520147357473	-8.03949733575587	15.0149290115128	-8.03949733575587	49.7092028220213
10050000	3.47616857765398	0.824165260247403	8.18298058896139	0.824165260247404	58.268063769601	-9.98533948424849	8.18298058896138	-9.98533948424849	40.2919509820506
10060000	1.25701161221123	-0.500964273591695	3.7538460091727	-0.500964273591695	93.6823695424625	-13.3203246071768	3.75384600917269	-13.3203246071768	42.0919438270234
10070000	4.91650459833776	6.69464566156012	0.309035500309615	6.69464566156012	75.118056775928	-10.3835368090043	0.309035500309615	-10.3835368090043	40.5040604039231
10080000	2.474997252533	-1.74105873784476	5.79927709510295	-1.74105873784476	48.6060240545537	-2.52618940112455	5.79927709510295	-2.52618940112455	34.9722740778407
10090000	8.17433923460794	-1.70110072374863	18.9773902549368	-1.70110072374863	65.6020315138745	-5.87463275675865	18.9773902549368	-5.87463275675865	62.8971542694151
10100000	2.85304377644619	-4.30785726288834	5.14095498267189	-4.30785726288834	78.0667161111512	-1.65901060004018	5.14095498267189	-1.65901060004018	43.0384107612523
10110000	3.865059985259	-6.68913890475317	8.93590187033695	-6.68913890475317	64.7273801612442	-23.0904435583808	8.93590187033695	-23.0904435583808	46.0272568042414
10120000	8.69519799277721	6.09846336496782	18.1885843903502	6.09846336496782	61.6453248623011	13.1692486434075	18.1885843903502	13.1692486434075	64.6217187920101
10130000	7.69199875247055	-5.64293239627261	15.4195813128069	-5.64293239627261	50.7532505792129	-9.43774091048684	15.4195813128069	-9.43774091048684	42.8777102451045
10140000	15.763911054866	-7.32181132906179	21.5377161710138	-7.32181132906179	44.4729079272979	-4.6150691368662	21.5377161710138	-4.6150691368662	44.4398394393401
10150000	9.83401747913837	-7.61836486858564	16.0455324328056	-7.61836486858564	63.2300856289464	-5.85664272765015	16.0455324328056	-5.85664272765015	41.327105073739
10160000	11.1724761615809	-5.37364584456318	15.3268632224513	-5.37364584456318	63.34763650363	-5.20450528186156	15.3268632224513	-5.20450528186156	38.2123920334321
10170000	14.2923777422161	-2.94436437242688	22.791465257742	-2.94436437242688	73.9700685263364	-15.9241938325806	22.791465257742	-15.9241938325806	51.4815451303742
10180000	7.59696769960912	-4.05037909110765	17.747757498881	-4.05037909110765	68.2663347034455	-7.91290549754198	17.747757498881	-7.91290549754198	60.6754675232047
10190000	9.82460025343294	-0.346634989250997	19.2019793158976	-0.346634989250997	45.8284631931419	-1.82678690050558	19.2019793158976	-1.82678690050558	53.0393528858015
10200000	9.25450375088387	-1.26707518946228	16.600710138289	-1.26707518946228	46.494889717382	-4.93459896115823	16.600710138289	-4.93459896115823	48.046051311686
10210000	5.86874138081408	-1.01863188167627	14.7917114258319	-1.01863188167627	51.6849899813941	1.26326869207529	14.7917114258319	1.26326869207529	63.5652276458977
10220000	2.66206786973538	-5.43491794925565	8.67607553526314	-5.43491794925565	57.999954409814	-16.5396786879306	8.67607553526315	-16.5396786879306	46.0565198639437
10230000	3.70027463269842	-1.79652396356104	9.17527554956992	-1.79652396356104	59.5797193212724	-13.5594460548484	9.17527554956992	-13.5594460548484	41.7555072817178
10240000	4.29040503064013	-0.460388315864175	12.248104438577	-0.460388315864175	69.7151536051979	-7.23524109972892	12.248104438577	-7.23524109972892	48.5002414035059
10250000	3.08952210185147	-8.1688531159757	9.62808207838131	-8.1688531159757	80.9613544494974	-17.2307488600623	9.6280820783813	-17.2307488600623	51.5761420430854
10260000	1.20106814871876	-1.89803992750127	2.14568289935849	-1.89803992750126	47.2429276411165	-11.62792791999	2.14568289935849	-11.62792791999	52.2637996292804
10270000	1.77103537532844	-2.24659572851905	6.50469486364616	-2.24659572851905	51.7413920714208	-9.97816083332942	6.50469486364616	-9.97816083332943	61.6757005779248
10280000	4.7971268771561	-4.81693830365854	9.2756530587609	-4.81693830365854	64.8265786112273	-14.5492507996855	9.2756530587609	-14.5492507996855	41.8939646392601
10290000	4.08459712092562	-3.12576543921082	10.0141559854946	-3.12576543921082	53.5652535362439	-15.9627632418412	10.0141559854946	-15.9627632418412	50.3077099782347
10300000	9.2666813216229	-1.84415181307759	14.6695923518245	-1.84415181307759	66.0538548204297	-4.75049309953992	14.6695923518245	-4.75049309953992	55.3593421831544
10310000	6.54175124301008	3.89099330279745	15.7229390605649	3.89099330279745	72.0173009064231	17.5215497611706	15.7229390605649	17.5215497611706	75.3811854783365
10320000	12.4650131461402	-8.07846232719684	20.7913425641741	-8.07846232719684	62.4727502968688	-21.1547489710306	20.7913425641741	-21.1547489710306	52.0149906609471
10330000	3.18360210126387	0.0826958809976494	9.99418731745192	0.0826958809976491	52.5441595063054	-6.03087695449675	9.99418731745192	-6.03087695449675	60.1528051671619
10340000	11.7169384132438	-6.91748804506952	23.2550998858023	-6.91748804506952	74.6080577022342	-11.6686363945017	23.2550998858023	-11.6686363945017	55.7051814953118
10350000	10.0710750171608	-7.52541703263816	16.3860401169163	-7.52541703263816	60.3996972617806	-6.06373469920391	16.3860401169163	-6.06373469920392	43.3380306856829
10360000	22.0978975749264	-15.7495122454433	29.2253279425532	-15.7495122454433	63.921194676878	-17.0888982328395	29.2253279425533	-17.0888982328395	51.4948622037275
10370000	5.02703085401796	0.196597705324022	9.23266791258094	0.196597705324022	65.1514675598679	-12.8655507978768	9.23266791258094	-12.8655507978768	56.9497295380659
10380000	2.41963271625063	-5.38939815472214	7.80892332394313	-5.38939815472214	55.50950829549	-18.119332352296	7.80892332394313	-18.119332352296	41.6407499149698
10390000	2.20340529813828	-0.512261748060017	6.59983664531172	-0.512261748060018	44.115395567183	-7.7734865496589	6.59983664531172	-7.7734865496589	49.4449305211677
10400000	2.26551995581368	0.179313393896832	5.53914989701304	0.179313393896833	73.5886853581193	-17.5524175730832	5.53914989701303	-17.5524175730832	50.2081263751098
10410000	5.13955563924063	-5.12297668780291	11.2003302811195	-5.12297668780291	50.4479680609168	-14.2296576740037	11.2003302811195	-14.2296576740037	47.4307587989874
10420000	7.8020610727048	-11.9005416012684	14.3217074010799	-11.9005416012684	82.5018748892995	-19.2306935613153	14.3217074010799	-19.2306935613153	49.8471085932444
10430000	5.65835337521567	-6.12247295263447	9.69040140027652	-6.12247295263447	67.9221102105388	-20.8970905093502	9.69040140027652	-20.8970905093502	54.5869357576795
10440000	2.59381625761194	-0.992727128980252	4.46263456799003	-0.992727128980252	65.2964096966133	-14.9912756120143	4.46263456799003	-14.9912756120143	42.5689901545444
10450000	14.6006260593052	-3.72400062135426	20.6283622712182	-3.72400062135426	55.4431147529701	3.16888658759528	20.6283622712182	3.16888658759528	45.8282439498456
10460000	80.0395743037364	-15.5435297727888	56.5067985088669	-15.5435297727888	88.1836381877472	-12.8061324072426	56.5067985088669	-12.8061324072426	63.119147735081
10470000	33.3065612514187	-11.3563450724475	20.2472500092873	-11.3563450724475	57.2088216670437	-12.0208599536239	20.2472500092873	-12.0208599536239	49.3314425965104
10480000	31.4489131752037	0.334299480902936	35.6978994139788	0.334299480902936	64.2020498275046	0.852441663075294	35.6978994139788	0.852441663075294	55.6363610472201
10490000	50.130259606949	-15.7304784369628	41.7931420774578	-15.7304784369628	61.6439072560034	-9.42757571928487	41.7931420774578	-9.42757571928487	49.6224503244564
10500000	27.234549060372	-11.1227187192	19.9835818459715	-11.1227187192	53.3811053572486	-1.82262967501187	19.9835818459715	-1.82262967501187	42.0238920935471
10510000	30.7731842940103	-29.5376965535172	30.195889049428	-29.5376965535172	80.3094863176213	-26.4210041865239	30.195889049428	-26.4210041865239	46.3862956811221
10520000	23.5511285361736	-9.3842385379561	22.2769703534651	-9.3842385379561	60.1419347877736	1.51598152647061	22.2769703534651	1.51598152647061	40.5840496590732
10530000	30.3458763639003	-18.5577626570191	29.5605645734968	-18.5577626570191	66.3240403282537	-10.7121115606938	29.5605645734968	-10.7121115606938	41.4720993061294
10540000	4.03929229460288	-1.04098376570497	11.0877883843834	-1.04098376570497	54.9743483224409	-8.90716951291029	11.0877883843834	-8.90716951291029	43.160909370394
10550000	4.41343500365116	0.581383744836093	9.32480973415138	0.581383744836093	54.5446874114254	-11.3567121010386	9.32480973415138	-11.3567121010386	48.1265475376311
10560000	6.24303668837819	-6.00653922572033	12.7195000360759	-6.00653922572033	46.3889436173614	-9.83782059102133	12.7195000360759	-9.83782059102133	40.4300728884728
10570000	3.81256813776651	0.167403923108039	5.88473500044678	0.167403923108039	38.4728262026729	-1.76892567626879	5.88473500044678	-1.76892567626879	30.5221836314163
10580000	7.2022160727165	-8.19467900133428	17.8745733139754	-8.19467900133428	44.3054646439326	-15.1879343391903	17.8745733139754	-15.1879343391903	63.1449995039291
10590000	2.10372750942788	0.639568636162585	5.98567721851359	0.639568636162585	54.772220850364	-9.99471782595114	5.98567721851359	-9.99471782595114	46.8836038889297
10600000	3.7029070135359	-1.4562690182371	10.3583776584778	-1.4562690182371	60.8967320563783	-14.5032820130018	10.3583776584778	-14.5032820130018	49.074850637753
10610000	3.07721170031572	-1.68596338709894	7.53029665423407	-1.68596338709894	45.2763095932789	-9.90398398075899	7.53029665423407	-9.90398398075899	46.3461517573504
10620000	3.76362108324148	3.41039222598576	7.66182918384042	3.41039222598576	73.510404699164	-5.78040826240891	7.66182918384042	-5.78040826240891	40.9004309377577
10630000	3.73912094940322	1.32783031903493	9.09431066596906	1.32783031903493	52.9519718412427	-4.03109445918618	9.09431066596906	-4.03109445918618	48.4264648467903
10640000	24.0776409654668	-11.4231654615771	33.0759062951567	-11.4231654615771	74.013390842613	-15.3132633519038	33.0759062951567	-15.3132633519038	57.1763265367988
10650000	4.39014662251288	-7.39846781851593	13.2061725493886	-7.39846781851593	64.9875977113541	-17.3039104070949	13.2061725493886	-17.3039104070949	49.7661740655558
10660000	3.06712639395348	0.0308599934749101	9.03097085324344	0.0308599934749109	61.6010804285216	-15.0152400297554	9.03097085324344	-15.0152400297554	59.139414228608
10670000	4.18947831281089	-3.36592897708983	13.1459766215557	-3.36592897708983	58.3297527661499	-12.6743682194855	13.1459766215557	-12.6743682194855	83.3955924188414
10680000	8.13954339092249	-6.88413460949336	13.9005671488959	-6.88413460949336	70.3689750354854	-8.02795380029398	13.9005671488959	-8.02795380029398	46.4123125767345
10690000	37.3345949951392	-23.7505628459701	47.0189216375316	-23.7505628459701	75.8457124275033	-12.3659048068791	47.0189216375316	-12.3659048068792	77.0189868167826
10700000	5.40145719898102	2.83802707662853	11.9631400292843	2.83802707662853	68.1278654630433	-3.35797713576907	11.9631400292843	-3.35797713576907	62.236522326964
10710000	4.2057773232134	-3.20061265847586	8.13713576872918	-3.20061265847586	53.7926183858265	-7.09620928667463	8.13713576872918	-7.09620928667464	45.0833784308809
10720000	8.10779658374231	-9.01321014012736	16.4433910337389	-9.01321014012736	65.3986023836139	-21.4932000967873	16.4433910337389	-21.4932000967873	59.4877261677515
10730000	3.35544186408556	-3.70884826441226	11.0901298228684	-3.70884826441226	55.5091088462012	-9.92362419849209	11.0901298228684	-9.92362419849209	60.197507462225
10740000	2.38355607115686	-3.7877888630262	6.44715557138702	-3.7877888630262	64.5741427503812	-8.60583378256535	6.44715557138702	-8.60583378256535	45.9553147020705
10750000	4.16677170937368	-1.6653679217183	11.7169415406252	-1.6653679217183	66.948312014982	-5.40913359579223	11.7169415406252	-5.40913359579223	54.3186233040931
10760000	9.14631545130812	-7.42274678095273	15.9878484634976	-7.42274678095273	56.9811168106108	-18.8575748898464	15.9878484634976	-18.8575748898464	44.467836207876
10770000	4.77398860343655	-2.76339471975615	11.3243452997208	-2.76339471975615	60.7081204167845	-6.65706939098088	11.3243452997208	-6.65706939098088	45.2571449896221
10780000	41.3839923711474	-5.86568015173441	42.5107678336895	-5.86568015173441	68.8116248088079	-12.0276919765652	42.5107678336895	-12.0276919765652	61.4556175206363
10790000	26.7941123110256	-7.47309816970192	27.5295395220578	-7.47309816970191	53.0332611039616	2.36247353549013	27.5295395220578	2.36247353549013	43.9253465668895
10800000	9.17923069321846	-3.8725725000873	18.8156063626671	-3.8725725000873	43.9997980762638	-14.36793528254	18.8156063626671	-14.36793528254	65.4530899580609
10810000	4.67867633792477	-7.59251238758511	9.90465205886328	-7.59251238758511	58.264108284995	-2.93904368239857	9.90465205886328	-2.93904368239857	40.488050250405
10820000	1.90333625728293	-1.76042767006267	6.67138284294445	-1.76042767006267	61.5930664741132	-12.593306576849	6.67138284294445	-12.593306576849	51.6438371717942
10830000	1.66193310968945	-2.25619152698563	4.53661051453424	-2.25619152698563	59.1382307496073	1.89405327891353	4.53661051453424	1.89405327891353	52.2823573327599
10840000	5.56582974686332	-1.6760452641643	11.1070717007141	-1.6760452641643	54.6392936173149	-4.69808706129855	11.1070717007141	-4.69808706129855	41.7749743016197
10850000	31.3620131024341	-4.03414645140191	39.7572415675135	-4.03414645140191	67.4783652447844	-1.63206974780239	39.7572415675135	-1.63206974780239	69.58619730699
10860000	13.0337883207165	-6.12663054047194	19.9071879456928	-6.12663054047193	55.1750766239837	1.39540455582807	19.9071879456928	1.39540455582807	48.5810075559927
10870000	8.27391117312569	-3.21794686828768	13.8171389394573	-3.21794686828768	65.7428283979753	3.31775973333169	13.8171389394573	3.31775973333169	45.3689972509852
10880000	16.4130645102276	-5.17270136422141	21.5893622638014	-5.17270136422141	65.8959003154061	-13.9690930003012	21.5893622638014	-13.9690930003012	48.7034472404737
10890000	18.6400613976379	-9.85952056642992	26.9473126056106	-9.85952056642992	44.4023324894281	-11.1313512903537	26.9473126056106	-11.1313512903537	52.6556946145645
10900000	19.2951440472918	-10.2602823410351	21.6071776566366	-10.2602823410351	74.4428210362188	0.668030429530745	21.6071776566366	0.668030429530741	44.292043297972
10910000	3.00175646652566	-0.654030575743766	10.2343291660488	-0.654030575743767	48.128683306195	-17.2836290591593	10.2343291660488	-17.2836290591593	75.1090490626225
10920000	3.23381983996731	0.522204811231676	6.89720317848901	0.522204811231676	62.8294877585053	-8.5164380161193	6.89720317848901	-8.5164380161193	53.9809402440306
10930000	6.66243360778597	-7.82307973154541	16.0818188667724	-7.82307973154541	77.5120542444775	-19.5080500040009	16.0818188667724	-19.5080500040009	76.3766351919381
10940000	3.97415846941812	0.0399699699405936	6.96954867227878	0.0399699699405938	66.0642519501216	-11.2382522265272	6.96954867227878	-11.2382522265272	50.4814602140058
10950000	7.37073418811808	-8.67788228265032	12.761069968384	-8.67788228265032	49.5881797259473	-11.0255652450844	12.761069968384	-11.0255652450844	38.269083552717
10960000	2.34918010759964	-1.85529912892843	6.95118806682379	-1.85529912892843	51.7710714806245	-13.7946956188894	6.95118806682379	-13.7946956188894	50.977195914477
10970000	6.78159205737761	-1.49265097295029	16.0781531854054	-1.49265097295029	56.6921491071597	-5.01669923872375	16.0781531854054	-5.01669923872375	62.8361836855668
10980000	2.09033071932961	-2.50289527413661	5.58973391267763	-2.50289527413661	64.9329281367577	-3.78830277411616	5.58973391267763	-3.78830277411616	52.1872104847604
10990000	7.9328772413618	-4.9348195698998	17.352985899697	-4.9348195698998	51.6038315049728	-11.1222870661033	17.352985899697	-11.1222870661033	52.3277372390152
1.1e+07	9.54817938964288	-0.60814106420745	13.8621125878097	-0.60814106420745	55.8330891164207	0.987210844766803	13.8621125878097	0.987210844766803	40.5163280046246
11010000	7.04661410936174	-3.55595142337209	17.4270876007429	-3.5559514233721	53.6033469956732	-15.5840694602635	17.4270876007429	-15.5840694602635	64.0636566777571
11020000	4.09666639976618	-4.01882129881951	10.3661472354268	-4.01882129881951	55.7667756227179	-14.5356346016955	10.3661472354268	-14.5356346016955	53.5892625000332
11030000	2.44353344297554	-2.93967183745986	7.83601189784774	-2.93967183745986	76.6435302642462	-10.8210678896149	7.83601189784774	-10.8210678896149	38.5786403224847
11040000	4.82068870609154	-4.34268095625732	9.41526408219628	-4.34268095625732	52.7236692667461	-4.61287291670085	9.41526408219628	-4.61287291670085	51.6036674337322
11050000	3.11189435378766	3.82185306404183	6.47632323436917	3.82185306404183	55.0782109476858	0.109414106945904	6.47632323436917	0.109414106945904	63.0513461389048
11060000	4.89935866999396	-1.093022018057	13.873269375641	-1.093022018057	58.9881855417407	-9.10693139068221	13.873269375641	-9.10693139068221	54.8074551596149
11070000	6.6038280852723	-5.64678727480705	7.95328039087439	-5.64678727480705	66.8734613301483	-6.93381412935639	7.95328039087439	-6.93381412935639	48.3621461626699
11080000	14.6184756348245	-2.37535420813714	26.8766721389439	-2.37535420813714	62.9309245424174	3.72623490124411	26.8766721389439	3.72623490124411	59.1135152441359
11090000	3.07159116227676	-3.49787998297202	9.24578827180714	-3.49787998297202	60.2129242045292	-11.7954246759775	9.24578827180714	-11.7954246759775	53.5560246890716
11100000	1.65781892766902	0.303723643569773	5.21392509003042	0.303723643569773	82.1047953819222	-20.6847787967246	5.21392509003042	-20.6847787967246	72.5834539685644
11110000	3.00618267887764	-2.40666743582795	7.46122285597632	-2.40666743582795	57.1170076024285	-9.77534273044252	7.46122285597632	-9.77534273044252	48.9403280708247
11120000	3.8345529539333	-0.975059546428509	11.2264021845478	-0.975059546428509	50.7963840093304	-12.7804696231715	11.2264021845478	-12.7804696231715	74.0657498724509
11130000	14.9112884678667	9.22300058841683	23.7324299227792	9.22300058841683	50.3780259524202	8.67225264282789	23.7324299227792	8.67225264282789	55.4524510769105
11140000	6.85930547663359	-12.8379030738597	10.6600461389146	-12.8379030738597	79.6307426946902	-10.5925170965702	10.6600461389146	-10.5925170965702	46.7709004527185
11150000	2.94834553332676	-3.46142426265484	5.01539634023181	-3.46142426265484	51.4682913427237	-7.74014231410653	5.01539634023181	-7.74014231410653	46.6504788886778
11160000	5.9900404860126	-7.62230930842438	9.8433108158007	-7.62230930842438	52.9880965457743	-16.2078253734251	9.8433108158007	-16.2078253734252	54.7904518328764
11170000	5.65951072129701	-4.5872118225321	13.661560583035	-4.58721182253211	51.5381741572598	0.6902224004676	13.661560583035	0.690222400467602	48.7538760623312
11180000	16.0373934255284	-9.43446270221246	22.4051264497936	-9.43446270221246	48.9483628932566	-8.56939726106399	22.4051264497936	-8.56939726106399	41.8897170256166
11190000	26.2897518980803	0.636776952174339	18.7006505307664	0.636776952174338	60.6739884956405	-0.79136380634107	18.7006505307664	-0.79136380634107	41.5013863813904
11200000	24.5064629435047	2.08425044668091	31.1441484841896	2.08425044668091	54.4915838248105	-1.13484802580925	31.1441484841896	-1.13484802580925	52.9856044993775
11210000	2.82575792004977	-6.64087271267139	8.27521175749515	-6.64087271267139	101.971533715717	-20.1487810288085	8.27521175749515	-20.1487810288085	42.3925135194294
11220000	5.2252187250328	-1.44068529508991	11.736311130576	-1.44068529508991	44.9015533988189	-4.82031622415065	11.736311130576	-4.82031622415065	44.0841079838186
11230000	6.44269641640083	0.608326193360298	10.1570549977651	0.608326193360298	42.7213491131054	-10.2864713275123	10.1570549977651	-10.2864713275123	39.1529780793684
11240000	7.30176840977434	-8.78594056051605	17.705292632156	-8.78594056051605	61.4382571995675	-17.6786911340545	17.705292632156	-17.6786911340545	56.3818429932158
11250000	2.75855143307552	-1.30597498505799	10.3839792572657	-1.30597498505799	44.9584746440589	-10.3881765114567	10.3839792572657	-10.3881765114567	60.0967117622297
11260000	2.62903234472651	-3.94687757333852	6.19869969993032	-3.94687757333852	81.4842023058308	-28.7200676813906	6.19869969993032	-28.7200676813906	50.0627127459813
11270000	21.2707747371167	-14.7077412270425	28.2123472943123	-14.7077412270425	67.9641415934026	-13.1258759400589	28.2123472943123	-13.1258759400589	50.5012696625495
11280000	40.7475993033862	-15.8950970496277	40.6466307398994	-15.8950970496277	55.2683564973169	-14.4204355245803	40.6466307398994	-14.4204355245803	50.3247183075054
11290000	15.9394627827033	-3.06171525072484	23.6360699743204	-3.06171525072483	52.7418564506586	-9.89014627337949	23.6360699743204	-9.89014627337949	46.1884973390774
11300000	6.12439204060862	-3.73689264532547	14.0930675477537	-3.73689264532547	51.2679363903956	-10.1082633779596	14.0930675477537	-10.1082633779596	46.319463387289
11310000	9.59854437825912	-7.90862186018495	19.6246103360221	-7.90862186018495	65.4054020015233	-15.3222835018742	19.6246103360221	-15.3222835018742	56.6517235986246
11320000	10.5939497789855	-7.90954686667116	19.9728608669734	-7.90954686667116	69.8365325580014	-13.2944060395452	19.9728608669734	-13.2944060395452	53.1457469189959
11330000	3.43059288407997	-4.53785273845301	8.19530570829688	-4.53785273845301	64.5788990990474	-19.270872116014	8.19530570829688	-19.270872116014	38.8614625261388
11340000	13.7203149740377	3.24358107214228	25.5033962272025	3.24358107214228	74.9029140091476	-2.34491107080098	25.5033962272025	-2.34491107080098	70.1729695366745
11350000	8.09251124404132	-3.32431414163224	14.9749394050058	-3.32431414163224	34.8846172926258	-2.5733849316784	14.9749394050058	-2.5733849316784	46.602109902775
11360000	16.4418403884984	-0.984968401672383	29.6943550313829	-0.984968401672383	53.5657164383143	-8.60224915498863	29.6943550313829	-8.60224915498863	77.7392697323392
11370000	7.93630711653052	-8.60001373956245	17.5686940279431	-8.60001373956244	47.8695045907685	-18.7363258774792	17.5686940279431	-18.7363258774792	53.9083793813681
11380000	5.54131474467778	-0.159008776027559	9.68702743172027	-0.159008776027559	63.5210086778489	-7.60450875921608	9.68702743172027	-7.60450875921608	62.5617804713937
11390000	3.42085493623184	-6.18896721473928	10.1442952218264	-6.18896721473928	65.6726713850851	-14.2792887035761	10.1442952218264	-14.2792887035761	47.1569142110726
11400000	6.2465334147729	-4.90571220153217	14.226590820635	-4.90571220153218	49.0698954430279	-9.40474997872404	14.226590820635	-9.40474997872404	42.5694651016923
11410000	3.81033446464111	-2.0661427057141	11.3809369763409	-2.06614270571409	42.2651526524883	-5.24645321083	11.3809369763409	-5.24645321083	51.0133685247529
11420000	1.56664726850099	0.338730585332127	5.71040756088008	0.338730585332125	80.9685307905564	-17.5799056022067	5.71040756088008	-17.5799056022067	45.8446888774385
11430000	4.66750024234398	-2.84587895775203	8.67029048220115	-2.84587895775203	56.3291454616363	-13.1541429478844	8.67029048220115	-13.1541429478844	36.8725536309086
11440000	11.3523343431777	-3.87853102968129	23.3886223805219	-3.87853102968129	59.4798580765895	-10.2610187329961	23.3886223805219	-10.2610187329961	67.406475035804
11450000	7.35828113211037	-0.137264089392459	15.0948092585835	-0.137264089392459	59.8053485845081	-1.75454617764663	15.0948092585835	-1.75454617764663	55.4380483859572
11460000	2.58814490478645	-1.07988314925393	7.35351991523206	-1.07988314925393	51.8953987736099	1.78830910052708	7.35351991523206	1.78830910052708	52.3054253162785
11470000	2.3337925243069	-6.10923176925681	6.50035450501234	-6.10923176925681	69.9742977292162	-8.88291813165006	6.50035450501234	-8.88291813165006	56.2181635481485
11480000	2.65754388299148	-3.94918087004971	8.60374020149543	-3.94918087004971	55.7935895409847	-15.2976764871399	8.60374020149543	-15.29767648714	43.2213444785878
11490000	12.0810774120391	-3.16042890556438	20.3239345217194	-3.16042890556438	64.7439489207548	-2.88949402134563	20.3239345217194	-2.88949402134563	48.871651865359
11500000	25.7343071804448	-3.19799374798665	30.8356410872637	-3.19799374798665	55.0403433089756	-7.18142160566452	30.8356410872637	-7.18142160566452	50.6075089410492
11510000	12.1116067611816	-2.87903071281705	21.0683548117328	-2.87903071281705	61.9522314540799	-3.23428477630955	21.0683548117328	-3.23428477630955	48.1546447877403
11520000	7.68197636963804	-5.10870041990802	15.6101921616868	-5.10870041990802	70.1179579702363	-4.8150168382499	15.6101921616868	-4.8150168382499	56.8434306155581
11530000	3.24447222762261	-3.4959966116835	10.0202163954832	-3.4959966116835	57.570801454243	-10.8875183076186	10.0202163954832	-10.8875183076186	53.7461888936849
11540000	6.72950005652619	-0.151175358139947	14.0882464844272	-0.151175358139947	47.4463221513582	-6.99041152946303	14.0882464844272	-6.99041152946303	59.4217587898866
11550000	1.38659062797968	-0.242275831271802	4.26206519721363	-0.242275831271802	62.5407488956324	3.48626205621193	4.26206519721363	3.48626205621193	30.9917481956685
11560000	2.26522819128531	0.575196474432366	6.21279759058746	0.575196474432366	50.8440519093543	-5.62832693206352	6.21279759058745	-5.62832693206352	60.9581271704027
11570000	4.53713183752763	-4.81756962879528	8.96326112487814	-4.81756962879528	56.9610141695635	-10.043193948025	8.96326112487814	-10.043193948025	43.4404588035856
11580000	3.94708963148013	-1.82832219335625	10.3474193693856	-1.82832219335625	49.8561571439468	-12.5275935339907	10.3474193693856	-12.5275935339907	51.037960212418
11590000	3.38708013220902	-2.62991243661284	11.3213481580678	-2.62991243661284	49.3174198762249	-13.4303213378905	11.3213481580678	-13.4303213378905	61.5393338960059
11600000	1.56732314666643	1.17130254455808	2.54339879878472	1.17130254455808	43.055835890953	-6.54175304743388	2.54339879878472	-6.54175304743388	45.545478603038
11610000	4.44001422113006	-0.120695801286103	7.85832274720662	-0.120695801286102	63.1896115432259	-12.7338002842047	7.85832274720662	-12.7338002842047	40.8153932736688
11620000	2.27526531479341	-5.66795677544315	5.61478857645479	-5.66795677544315	65.1883290747026	-10.1562256580587	5.61478857645479	-10.1562256580587	46.0193463539681
11630000	3.65154335582357	-1.99115143462977	12.0043500800983	-1.99115143462977	49.8346690327246	-3.90289127508485	12.0043500800983	-3.90289127508485	54.162383797962
11640000	2.01666053612571	-1.03065469707258	9.53851242884444	-1.03065469707258	56.8129843473956	-6.65279932420973	9.53851242884444	-6.65279932420973	67.3180919159776
11650000	8.96610688578787	-7.5229646768336	14.7937733093729	-7.5229646768336	56.5326392212507	-15.0430119678199	14.7937733093729	-15.0430119678199	37.1791777296768
11660000	3.81941642429707	-4.52562564801148	11.8957499897958	-4.52562564801148	60.3400605300275	-10.9531341596354	11.8957499897958	-10.9531341596354	58.2678976343895
11670000	10.8164195232642	-0.488617325467823	15.3544965824333	-0.488617325467823	55.3684768708545	-7.91316061052841	15.3544965824333	-7.91316061052841	40.8955518889901
11680000	5.2979822571102	-3.65828316359524	12.0336879562104	-3.65828316359524	53.7022533909669	-3.67961548307521	12.0336879562104	-3.67961548307521	46.4772751965906
11690000	3.50257636593739	-4.0945883859475	9.69166731465833	-4.0945883859475	50.3110297557996	-12.3409500519598	9.69166731465833	-12.3409500519598	45.2022903901777
11700000	4.32988181628336	-3.01900546667815	9.61190771592967	-3.01900546667815	48.7453485261454	-7.89160969466353	9.61190771592967	-7.89160969466353	40.8811407697151
11710000	2.23498283178227	-2.83135344226113	8.47603877343797	-2.83135344226113	48.2203017370365	-6.0488615469201	8.47603877343797	-6.0488615469201	52.2526199789426
11720000	3.33293992234472	-1.25525472777647	8.55777329284367	-1.25525472777647	66.0993308715214	-7.08361775058543	8.55777329284367	-7.08361775058543	42.4616364641116
11730000	4.49213479305466	-1.93770984925979	9.2259445745609	-1.93770984925979	48.0514133067542	-13.6057369165645	9.2259445745609	-13.6057369165645	40.7520819731226
11740000	21.2891502589448	-0.395112762154442	35.8467626770479	-0.395112762154442	51.7106168428732	6.09932139134748	35.8467626770479	6.09932139134748	83.5776926300573
11750000	10.800779600212	-3.08379634550875	16.045310779112	-3.08379634550875	66.0396207025207	-11.2153510638772	16.045310779112	-11.2153510638772	40.1696383390096
11760000	10.9769473278078	-7.97096517806498	20.6347816456071	-7.97096517806498	43.844966724632	-15.9520763765064	20.6347816456071	-15.9520763765064	49.8823252824609
11770000	11.404710810727	-6.04375263480062	24.1467412992572	-6.04375263480062	51.9381627638424	-10.9543782679089	24.1467412992572	-10.9543782679089	64.1304406076398
11780000	1.21938015678923	-2.15070669905668	2.42505457361516	-2.15070669905668	53.0070436750175	-9.88824999200334	2.42505457361516	-9.88824999200334	60.1860264848483
11790000	2.89260293882946	-2.24806442049979	7.84096926040987	-2.24806442049979	64.424924848219	-10.2687364785984	7.84096926040987	-10.2687364785984	61.5830583495035
11800000	3.49425562694677	-4.64472189333565	9.97274288106445	-4.64472189333565	76.8812931079765	0.132311010757267	9.97274288106445	0.13231101075727	48.3872375034368
11810000	3.54819910602108	-1.81500807943222	8.4928093066951	-1.81500807943222	48.7706754707701	0.823263659110026	8.4928093066951	0.823263659110026	52.6854086467077
11820000	10.0695289033777	-9.7559689956066	15.9629919959946	-9.7559689956066	61.3751863970924	-8.1865977193954	15.9629919959946	-8.18659771939541	44.2371759886602
11830000	7.374256586242	-4.11062776298971	14.6657777413702	-4.11062776298971	54.9107352357298	-12.7006339387234	14.6657777413702	-12.7006339387234	41.5101001035017
11840000	3.13866198357087	-2.60084378642654	8.96375263065184	-2.60084378642654	63.87280691603	-2.16169681760133	8.96375263065184	-2.16169681760133	37.5877109283315
11850000	1.3396978171472	-2.39588775948765	2.92344239883515	-2.39588775948765	65.067800861684	-14.4142988679842	2.92344239883515	-14.4142988679842	56.8945816716116
11860000	10.676625789013	-10.6473947581306	21.6724647894341	-10.6473947581306	52.4456068462205	-15.1123512275578	21.6724647894341	-15.1123512275578	61.4710037350007
11870000	6.17887536107652	-0.542881513864509	13.4401446660611	-0.542881513864509	50.8927622914303	-0.426112984079152	13.4401446660611	-0.426112984079152	66.0483650458869
11880000	6.52585413917599	-4.70787735189912	20.5008803418006	-4.70787735189912	49.9341457383793	-10.4210291466441	20.5008803418006	-10.4210291466441	89.055162381292
11890000	2.25209989200994	-0.694873343189556	9.17087503200746	-0.694873343189556	82.2556605208189	4.14643167699465	9.17087503200746	4.14643167699465	57.2906923606372
11900000	6.06833807206476	-6.57320431659137	14.7360878935617	-6.57320431659137	69.4738270646657	-13.4710918083193	14.7360878935617	-13.4710918083193	52.2231729644919
11910000	3.54254997220835	-4.9781077454631	6.9285021352086	-4.97810774546309	69.8217757933025	-14.5135730579344	6.9285021352086	-14.5135730579344	41.00116097705
11920000	17.9527054887937	-14.983389464279	20.2589045498343	-14.983389464279	70.0795134860125	-24.2540244611089	20.2589045498343	-24.2540244611089	66.3062021505095
11930000	39.9733726422724	-11.5329133859345	45.9256401902594	-11.5329133859344	52.5913868400423	-9.93217451771206	45.9256401902594	-9.93217451771206	61.3727924672868
11940000	7.81072947306054	-1.28836721813617	13.7928004247911	-1.28836721813617	60.0128246596423	-9.16728953120655	13.7928004247911	-9.16728953120655	45.0657706011994
11950000	4.60036451108109	-3.47749118206818	6.87409867759365	-3.47749118206818	61.9889063659678	-11.3210681046977	6.87409867759365	-11.3210681046977	44.5782663068859
11960000	7.48373818033777	-5.57012554875714	17.0985526499116	-5.57012554875714	64.576195705857	-4.31007410449721	17.0985526499116	-4.31007410449721	62.0086051294964
11970000	3.5088496679731	-4.99246305510441	12.6639505261492	-4.99246305510441	49.9295614821418	-11.9051196832509	12.6639505261492	-11.9051196832509	58.6086374103728
11980000	10.1003506414944	5.29352955282011	14.6368203711889	5.29352955282011	69.7850229198978	-0.82704833845405	14.6368203711889	-0.82704833845405	47.3146607172023
11990000	13.0195426898377	-4.65892139523778	20.1911938593468	-4.65892139523778	79.1798731595755	-10.7675088110844	20.1911938593468	-10.7675088110844	51.9441540366632
1.2e+07	15.4273680695687	4.47485423163715	13.2473697137855	4.47485423163714	73.1930004215543	-3.23797449338626	13.2473697137856	-3.23797449338626	61.2644575158038
12010000	3.50830878768316	1.23598126155644	7.1680664906238	1.23598126155644	40.4136213998411	-1.53856213523998	7.16806649062379	-1.53856213523997	41.0453995195971
12020000	2.94013481694873	-2.10576854062209	9.73944586962466	-2.10576854062209	46.9029241766534	-3.26589252512437	9.73944586962467	-3.26589252512437	47.889813979925
12030000	6.31319518892156	-8.73569381215421	13.6752218535351	-8.73569381215421	66.1125777045589	-14.9766754774223	13.6752218535351	-14.9766754774223	37.9453844883473
12040000	9.61638431063618	-6.96458419187383	18.2666755678651	-6.96458419187383	48.1192029804784	-9.99929792953813	18.2666755678651	-9.99929792953813	58.1482145098529
12050000	11.4476924346819	-8.37153331517176	21.2750872955462	-8.37153331517176	73.2301590349188	-16.818889065522	21.2750872955462	-16.818889065522	67.486640073241
12060000	3.94264423117266	-1.55667315690565	7.96190198777624	-1.55667315690565	63.0043811011357	-7.30376923276585	7.96190198777624	-7.30376923276585	39.0755425434966
12070000	6.98056990028084	-6.68551098391417	17.862070962564	-6.68551098391417	60.9956951160812	-8.83744155326234	17.862070962564	-8.83744155326236	55.0118627017556
12080000	6.53425034117073	-10.4716330277501	13.1233804544269	-10.4716330277501	60.1911306376242	-10.8547034829893	13.1233804544269	-10.8547034829893	59.3854057500257
12090000	10.0978761961531	-3.18297606414262	20.9179360498464	-3.18297606414262	61.8771465908587	-10.83254944148	20.9179360498464	-10.83254944148	57.3942796086101
12100000	8.62061439514106	-1.80859071979561	17.445677765521	-1.80859071979561	51.941141053649	-4.06971320284182	17.445677765521	-4.06971320284182	48.1338181807737
12110000	3.72316331751055	-2.16524026206501	8.54308487835917	-2.16524026206501	66.7987510654713	-9.76838939242363	8.54308487835917	-9.76838939242363	54.9532647630678
12120000	3.70536241781365	-11.6951360026571	8.37259043818333	-11.6951360026571	92.1802345284411	-26.6115099666025	8.37259043818333	-26.6115099666025	51.7703350593881
12130000	4.61454353344799	-2.71816444365686	11.5728179914331	-2.71816444365686	51.5507824628435	-12.1672366674564	11.5728179914331	-12.1672366674564	73.0058326662877
12140000	6.59078575344412	-8.43042763916813	13.9472246287861	-8.43042763916813	69.8499933935456	-11.5012475964675	13.9472246287861	-11.5012475964675	47.302089181094
12150000	9.44203902712353	-3.42371787683246	18.6787159927677	-3.42371787683246	52.5492774627956	-10.2589971988927	18.6787159927678	-10.2589971988927	51.2141312444195
12160000	4.6112930010434	-2.04349258863867	11.1833449884082	-2.04349258863867	68.9342072149112	-4.02580302381436	11.1833449884082	-4.02580302381436	43.3906392557286
12170000	9.21019003845021	-6.92918967923523	19.4419338678158	-6.92918967923523	55.7082750626254	-14.8068438964036	19.4419338678158	-14.8068438964036	56.8617036874206
12180000	8.46175299308054	-6.87554777390281	16.2498124122995	-6.87554777390281	56.3092761543207	-19.7447512098911	16.2498124122995	-19.7447512098911	48.8091898092852
12190000	12.1508633716199	2.24645146245895	25.2327432147076	2.24645146245894	57.2103043916225	9.19066369447076	25.2327432147076	9.19066369447076	62.9891712361554
12200000	10.181635016296	-6.66450738842831	21.2372312408406	-6.66450738842831	69.4074810549545	-6.17562097034736	21.2372312408406	-6.17562097034736	57.8937820730786
12210000	6.8392214258812	0.105376162001151	13.1522473401682	0.105376162001152	51.1845762154885	-9.98809181249067	13.1522473401682	-9.98809181249067	43.8937795709574
12220000	9.82516970650686	4.27336463646876	12.115656682461	4.27336463646876	68.235089814694	-1.57556361451107	12.115656682461	-1.57556361451107	37.163484443397
12230000	11.8722585032007	-3.24065245397247	22.1667417306023	-3.24065245397247	59.1218016950912	-5.54665107318304	22.1667417306023	-5.54665107318304	54.5102207962246
12240000	14.5236457108487	-7.25254794662413	23.9047426682513	-7.25254794662413	41.5131449814589	-12.2371287608991	23.9047426682513	-12.2371287608991	47.3524032389677
12250000	3.31576975591542	-3.15814682085126	8.82605470763778	-3.15814682085126	51.2214278695527	-4.80349524598041	8.82605470763778	-4.80349524598041	53.7051028474014
12260000	5.85721050750415	-2.92516757273928	16.8144262968445	-2.92516757273928	68.2486419474077	-19.051122785164	16.8144262968445	-19.051122785164	72.2681637547984
12270000	3.7638423642914	-1.46605567693423	10.1836873041135	-1.46605567693423	57.1042441267153	-9.75921275586825	10.1836873041135	-9.75921275586825	51.0443488070703
12280000	2.42265695442372	-2.18354318943547	7.97614293032829	-2.18354318943547	49.0896579877608	0.397645684119552	7.97614293032829	0.397645684119551	47.7293533338229
12290000	2.97321188690537	-5.51765234926767	9.16656225820281	-5.51765234926767	69.4561910367893	-10.9496741433188	9.16656225820281	-10.9496741433188	57.4861514199109
12300000	10.5049265352653	-5.43957245541382	17.256246651489	-5.43957245541383	39.5577556396405	-7.75623258700727	17.256246651489	-7.75623258700727	37.5696458900677
12310000	2.02673055112758	2.73610012481661	3.61928207270024	2.73610012481661	66.2709247863715	-5.75746678959108	3.61928207270024	-5.75746678959108	54.3515201724251
12320000	4.43838087819737	-2.35551348397399	12.2335577386403	-2.35551348397399	52.4434119445995	-3.6586384944763	12.2335577386403	-3.6586384944763	56.4751703436443
12330000	2.19902480928584	-2.56007596771917	3.5238359438276	-2.56007596771917	68.1689986040477	-12.2414646835384	3.5238359438276	-12.2414646835384	44.6236119927002
12340000	3.06540090717507	-1.27817051346634	6.16573887020463	-1.27817051346634	46.4242603057865	-5.02832664656718	6.16573887020463	-5.02832664656718	42.0721057060916
12350000	4.72048608044575	-8.92860238873463	13.5959550690853	-8.92860238873463	71.5045762099514	-29.310273491518	13.5959550690853	-29.310273491518	54.8522638452208
12360000	7.40357798430061	0.375472020307699	15.8115414409281	0.3754720203077	53.9518985568605	4.46489723713952	15.8115414409281	4.46489723713952	51.8596605788395
12370000	3.34091987523836	-2.00582172926106	5.38826052878217	-2.00582172926106	59.5615725556721	-19.8416217951841	5.38826052878217	-19.8416217951841	50.9141245957595
12380000	2.92454250879038	-3.34345914083558	8.17743193465173	-3.34345914083558	46.8358097281939	-15.5717867945774	8.17743193465173	-15.5717867945774	55.2993506854124
12390000	3.46599248020417	-6.42062168144263	8.27777920764479	-6.42062168144263	79.9887244317053	-25.6473059954241	8.27777920764479	-25.6473059954241	41.4901605562492
12400000	6.31690806293893	-4.04097471795898	12.4775428799979	-4.04097471795898	70.4680968180779	-0.305137004338943	12.4775428799979	-0.305137004338945	47.055327115965
12410000	5.35073088512202	-3.9448317797701	12.7462518485769	-3.9448317797701	51.9285654212406	-9.77581301037575	12.7462518485769	-9.77581301037575	50.1875704573029
12420000	8.93324881441538	-8.8730808870389	17.7068915913524	-8.8730808870389	61.3559420654736	-21.0888494050928	17.7068915913523	-21.0888494050928	55.9015925970547
12430000	7.54833258403074	-7.21609580796149	15.0039291407057	-7.21609580796149	64.4511187471672	-9.44006189281917	15.0039291407057	-9.44006189281917	48.1494775728394
12440000	0.790986884767179	0.166352898939197	3.27953015456874	0.166352898939197	74.1691326502911	0.0329436418035566	3.27953015456874	0.0329436418035567	46.4399731589049
12450000	3.10395846711987	-3.86259134818767	8.43331916774384	-3.86259134818767	49.8456820808067	-13.5037672559472	8.43331916774384	-13.5037672559472	56.0810947359532
12460000	9.91290600874303	-6.36583923718662	20.165073969961	-6.36583923718662	40.0936521089965	-15.033646928396	20.165073969961	-15.033646928396	49.521249395637
12470000	8.48147271397239	-5.80407389601634	15.146041363694	-5.80407389601634	68.82742285074	-7.20151813209667	15.146041363694	-7.20151813209667	42.3799453618598
12480000	2.73034565631363	-0.058946968006626	6.36849682711411	-0.0589469680066261	53.8220848877676	-3.40847512184456	6.36849682711411	-3.40847512184456	36.7354214972626
12490000	4.59249584187029	-2.78379969073106	8.99425141259606	-2.78379969073106	58.9995855560068	-5.84015461721463	8.99425141259607	-5.84015461721463	38.5627733783279
12500000	4.61079628206236	-7.51784783400872	10.1611534372552	-7.51784783400872	67.1559973580513	-18.9941453385201	10.1611534372552	-18.9941453385201	53.6249177547141
12510000	13.146385946399	-3.21910192318231	19.9552586827209	-3.21910192318231	54.1016633832064	-1.11437957176228	19.9552586827209	-1.11437957176228	41.4430901136557
12520000	24.1039503506918	-1.83011255389004	28.4846960906852	-1.83011255389004	55.5752287602564	-6.69585213908296	28.4846960906852	-6.69585213908296	52.6057804732211
12530000	3.03127018752516	-1.41767700641657	7.12049401649077	-1.41767700641657	49.754884732184	-6.51338131401861	7.12049401649077	-6.51338131401861	50.0234070610175
12540000	10.3692389278854	-7.84407467136695	17.4119274690499	-7.84407467136695	75.4884822438453	-16.3874507132865	17.4119274690499	-16.3874507132865	69.8229475827206
12550000	3.84030559790297	-2.98306662255943	10.0729535841614	-2.98306662255943	63.9245503666549	-7.47779841703405	10.0729535841614	-7.47779841703405	48.9202549876705
12560000	2.03208467353529	2.8621364824191	4.16271263478076	2.8621364824191	71.3746589982157	-13.0545544644023	4.16271263478076	-13.0545544644023	47.9616964516116
12570000	3.82144243722555	-4.70296980615764	7.6160879155298	-4.70296980615764	52.9059960614222	-4.3929992876001	7.6160879155298	-4.3929992876001	37.3669692145178
12580000	3.9553076891538	-2.60972471600784	9.68216617558216	-2.60972471600784	70.2281734200764	-0.755496692032283	9.68216617558216	-0.755496692032284	51.3118086542716
12590000	1.4437527108529	-0.782056851181806	4.31815778443564	-0.782056851181806	70.914870905585	-1.44594908745688	4.31815778443564	-1.44594908745688	45.2192837555342
12600000	4.46932027839087	-5.27226628563606	13.31838794002	-5.27226628563607	53.2952972111643	-3.34261641541098	13.31838794002	-3.34261641541097	56.8008021823282
12610000	3.38200892142289	-7.29501060698707	10.8579738994737	-7.29501060698707	62.5281570281556	-26.8716768202716	10.8579738994737	-26.8716768202716	67.9202427180715
12620000	8.15731580538112	-3.10608976403879	17.5913689951205	-3.10608976403879	56.4044602606429	-14.3711005521422	17.5913689951205	-14.3711005521422	52.3588338288589
12630000	5.75398904749788	0.759013902138768	17.3364409209415	0.759013902138768	48.011352243548	5.21185811747918	17.3364409209415	5.21185811747918	77.6684258830362
12640000	18.9500291522175	-0.459081658088231	26.7046229954763	-0.459081658088231	48.1206830456163	2.57682227251365	26.7046229954763	2.57682227251365	49.6934694327737
12650000	12.3537740327912	-11.4493522068983	18.4577328852259	-11.4493522068983	70.4893375573987	-13.2922946879741	18.4577328852258	-13.2922946879741	39.4260261810948
12660000	9.67116440368543	-3.51798937399166	17.4741913838177	-3.51798937399166	52.8115263329332	-15.5524793381816	17.4741913838177	-15.5524793381816	61.1177336562377
12670000	3.80168290658509	-0.710571136163345	10.0276748910652	-0.710571136163345	70.2086658547992	-7.75081981666316	10.0276748910652	-7.75081981666316	49.0157876441891
12680000	12.4031365393096	-2.95492031244555	17.5178451885402	-2.95492031244555	52.7205811196414	-4.69820101627182	17.5178451885402	-4.69820101627182	41.1992599936129
12690000	9.26861949461289	-3.9066897501959	11.2138270191034	-3.9066897501959	68.5908099537026	1.64357518373042	11.2138270191034	1.64357518373042	37.5852679046677
12700000	8.7921186038232	-4.55142174194487	10.4246995925873	-4.55142174194487	61.5864989795206	-10.463619756582	10.4246995925873	-10.463619756582	40.057710939938
12710000	28.6362659301255	-10.9681701027943	29.9056321155012	-10.9681701027943	62.7435219851112	-11.0577893889053	29.9056321155012	-11.0577893889053	48.6687359289857
12720000	10.3764733966335	-5.11543748672952	18.0840313900622	-5.11543748672952	50.0434501312843	-6.67693582890898	18.0840313900622	-6.67693582890898	47.5700013554379
12730000	31.7791160900247	-15.9719934404664	30.1891147173654	-15.9719934404664	75.7390239819696	-1.40284992083576	30.1891147173654	-1.40284992083576	44.3503703533011
12740000	27.8399596993697	-4.90438382635236	27.0017404126213	-4.90438382635236	61.8598303835146	-2.42237729879948	27.0017404126213	-2.42237729879948	37.2779236794153
12750000	5.16765950820551	-4.38534026586668	11.6515500874565	-4.38534026586668	87.619040337636	-2.54337568256155	11.6515500874565	-2.54337568256155	40.5024840454347
12760000	1.91329263227768	-2.40475273864684	4.66870524761171	-2.40475273864684	61.1926470428623	-15.8246456080681	4.66870524761171	-15.8246456080681	37.1678321143448
12770000	3.26340591385783	-4.94612274578104	11.3528831909946	-4.94612274578104	49.9394329336318	-18.0605750210866	11.3528831909946	-18.0605750210866	57.0340973086547
12780000	5.75989280621296	1.03805659785584	11.3130922440416	1.03805659785584	50.077616697046	3.32628640588788	11.3130922440416	3.32628640588788	42.8321916287355
12790000	5.5774169378313	-0.470530001159002	13.7802726136654	-0.470530001159002	46.4884435710578	-9.38334333160245	13.7802726136654	-9.38334333160245	54.2208103258114
12800000	10.9175899940436	-9.36125385477592	21.9619498293841	-9.36125385477592	61.6319506726576	-23.8784910137255	21.9619498293841	-23.8784910137255	53.117688411389
12810000	14.7177049076561	-5.88202452067255	28.0136934319844	-5.88202452067255	66.9112424687336	-12.9772918283374	28.0136934319844	-12.9772918283374	74.9124864301468
12820000	12.524749950875	-5.19927596086726	16.2528157108751	-5.19927596086726	68.9350482226414	-16.7066276553457	16.2528157108751	-16.7066276553457	44.9604521494457
12830000	26.5729381530429	-8.99859787172999	33.0644207382073	-8.99859787172999	39.1780601973211	-13.9452984204072	33.0644207382073	-13.9452984204072	56.7384041248489
12840000	18.9657564368045	-11.6295609186253	23.0777361505394	-11.6295609186253	67.9466705618354	-14.7442175558882	23.0777361505394	-14.7442175558882	45.9750800573163
12850000	26.9294050508307	-10.1835442038981	27.2125731491146	-10.1835442038981	55.7069420763478	-11.988937768094	27.2125731491146	-11.988937768094	40.7828710294846
12860000	16.605580839704	0.793349643943642	21.0088782539377	0.793349643943642	69.5606510557266	9.65547212873897	21.0088782539377	9.65547212873897	42.5926963513472
12870000	24.1930992386838	-20.5743284935318	32.0294672337419	-20.5743284935318	76.8862119929606	-24.1221208622534	32.0294672337419	-24.1221208622534	53.6898620024818
12880000	8.60035353334301	-6.29873361459094	17.4071802507413	-6.29873361459093	53.26337811822	-11.3829316629514	17.4071802507413	-11.3829316629514	47.3730239980899
12890000	4.57260741924074	-5.48629815197809	10.813275616661	-5.48629815197809	58.6861103279207	-8.10557739221503	10.813275616661	-8.10557739221504	47.9249061110782
12900000	2.50314677479782	-1.62303060574768	8.18893676772555	-1.62303060574768	52.8218454022312	-11.7765397783459	8.18893676772555	-11.7765397783459	51.9656184366359
12910000	4.39741963641285	-6.622545724419	9.05215166860532	-6.622545724419	63.5711476403294	-3.62493929138258	9.05215166860532	-3.62493929138258	47.7856984474353
12920000	17.0864137936117	-6.34323591060918	21.4546255170074	-6.34323591060918	61.7753117116682	-2.57099403205704	21.4546255170074	-2.57099403205704	51.648671913415
12930000	16.0150354761939	-9.15375387706082	25.4148346581671	-9.15375387706082	37.9922425745333	-10.4020644330817	25.4148346581671	-10.4020644330817	50.9094129843589
12940000	9.80327063478507	-7.37646088441445	20.6293567254577	-7.37646088441445	58.4502051933149	-13.142060303657	20.6293567254577	-13.142060303657	58.6357726518326
12950000	9.89829542629376	-11.2525847436043	13.6345936892268	-11.2525847436043	48.9798735721027	-10.0100073851817	13.6345936892268	-10.0100073851817	44.6432041898934
12960000	2.09918484077135	-2.77173632237709	8.65174101007396	-2.77173632237709	58.4860282761625	-11.6053330837399	8.65174101007396	-11.6053330837399	60.6625203030299
12970000	4.00121648112897	-2.49510139738675	11.066745790863	-2.49510139738675	85.4531182739661	-16.5733406851969	11.066745790863	-16.5733406851969	48.5587635477466
12980000	2.37266486109382	1.95910525733634	0.942767059499724	1.95910525733634	80.0824443449233	-18.7485500623691	0.942767059499724	-18.7485500623691	48.9692542513729
12990000	14.3512287700707	-5.81731779687024	29.1816861570554	-5.81731779687024	39.3974864383285	-16.7364035845584	29.1816861570554	-16.7364035845584	73.6506646076854
1.3e+07	4.95658322179425	-5.09197068982889	10.9079963905994	-5.09197068982889	55.9830411573707	-12.7569163414924	10.9079963905994	-12.7569163414924	38.7253316656528
13010000	4.18996918976088	-5.45768760560622	8.24956989100218	-5.45768760560622	65.5173807201509	-7.76127414473811	8.24956989100218	-7.76127414473811	47.9332378837573
13020000	2.75756775896169	-2.39414467173079	7.05720922159179	-2.39414467173079	114.236419428171	-12.1378403874401	7.05720922159179	-12.1378403874401	54.4481801051805
13030000	6.90668194084195	5.66582137874026	12.0354724927109	5.66582137874026	73.1001970170902	-5.61224738404785	12.0354724927109	-5.61224738404785	38.2962862846166
13040000	9.93515244986377	-11.4183201314591	17.9632930956028	-11.4183201314591	52.0592073037142	-22.3761610235287	17.9632930956028	-22.3761610235287	54.2419049394359
13050000	14.6014542354435	-10.1852427774263	28.3200413237303	-10.1852427774263	51.9623460793511	-21.7747095472826	28.3200413237303	-21.7747095472826	69.1997401562652
13060000	2.20419701315889	3.9320685498867	4.24203707957447	3.9320685498867	64.8395756725208	-9.63747186045627	4.24203707957447	-9.63747186045627	43.0204832214248
13070000	2.25927792794047	-3.73272529110701	5.30193902457736	-3.73272529110701	63.3898119240734	-15.820904078911	5.30193902457736	-15.820904078911	45.0785637731743
13080000	5.09749799985259	-3.87215924728594	14.1144429223778	-3.87215924728594	45.1575393886336	-12.6931074684958	14.1144429223778	-12.6931074684958	54.4081978815272
13090000	4.7470963652328	-5.4296584438923	7.40437483299102	-5.4296584438923	85.7769302614516	-10.3885635479109	7.40437483299102	-10.3885635479109	47.9095519815532
13100000	24.3403041569247	-4.75647086558013	24.2475888648247	-4.75647086558013	63.4161020235713	-9.73329292927711	24.2475888648247	-9.73329292927711	40.8505246057003
13110000	9.02122020173656	-3.90024439737845	21.0456042815818	-3.90024439737845	72.4363935883171	-7.26253161223165	21.0456042815818	-7.26253161223165	71.5581848043501
13120000	8.01666502627446	-6.13659480902745	16.7609338756591	-6.13659480902745	49.5743859880635	-3.07316347924988	16.7609338756591	-3.07316347924988	57.1811477375703
13130000	3.58911399942603	-2.00783480187719	10.0978940142734	-2.00783480187719	57.0397600469822	-13.2066112849709	10.0978940142734	-13.2066112849709	55.8140676940472
13140000	2.51314944484264	-4.50199903539888	8.30892764954502	-4.50199903539888	62.9489298589842	-14.2697971367795	8.30892764954502	-14.2697971367795	55.2358079871216
13150000	2.98435817252253	-3.57170957278216	10.0320608549039	-3.57170957278216	61.980024652859	-12.4485879201579	10.0320608549039	-12.4485879201579	58.7569453566978
13160000	9.46641305680314	-11.2892012000954	12.2956668760064	-11.2892012000954	85.4373503655874	-15.5304426559497	12.2956668760064	-15.5304426559497	45.6100007337277
13170000	2.15125595634584	-6.54311495748831	3.39044337585404	-6.54311495748831	80.2009898344537	2.73867125424495	3.39044337585404	2.73867125424495	34.0806447880722
13180000	2.53702804596284	-2.85969129745326	8.47029730322741	-2.85969129745326	50.8572464470904	-0.935962262050314	8.47029730322741	-0.935962262050314	42.6744950632157
13190000	3.37557399155508	-4.71602200182219	8.74009862670153	-4.71602200182219	59.5575195253477	-9.65170112324875	8.74009862670153	-9.65170112324875	50.4258104735814
13200000	4.61976977318778	4.98796351811105	2.48419260267655	4.98796351811105	62.7959513577121	-15.6474481532106	2.48419260267655	-15.6474481532106	35.283127175271
13210000	2.05000272168855	-0.638346287343899	6.47551225537983	-0.638346287343899	92.3019983599671	-4.86541702631851	6.47551225537983	-4.86541702631851	39.7577089300474
13220000	2.89228572786781	-1.1891764905997	8.91956035914005	-1.1891764905997	65.5013014572499	-14.8566461603072	8.91956035914005	-14.8566461603072	56.4975820862443
13230000	2.4780629600077	0.160469370970376	6.708378971533	0.160469370970376	42.2057588633509	-4.95847805608675	6.708378971533	-4.95847805608675	34.5958974487783
13240000	2.28922652945427	-3.2244500911728	5.07487791731302	-3.2244500911728	59.1837701119854	-7.39947120877923	5.07487791731302	-7.39947120877923	40.807482207757
13250000	6.63161020961512	-8.09921823577961	13.5954933579987	-8.09921823577961	71.4402317758525	-8.14577049701948	13.5954933579987	-8.14577049701948	40.9233680326546
13260000	11.2865573256922	-4.60206083130507	17.1280237322574	-4.60206083130507	57.6698762699739	-9.71249681173969	17.1280237322574	-9.71249681173969	50.5838584068843
13270000	3.92024159428523	1.95265574789687	9.24967101290986	1.95265574789687	66.0704239744574	-8.29731023913583	9.24967101290986	-8.29731023913583	48.3194914919096
13280000	7.6466662816503	-5.60815033238024	11.3564150263958	-5.60815033238024	65.1888431832092	-6.94881288025586	11.3564150263958	-6.94881288025586	37.9159700419776
13290000	7.05782871754998	4.27523956947456	3.5635956068708	4.27523956947456	72.5849464453187	-7.19140816848133	3.5635956068708	-7.19140816848133	41.7347739485513
13300000	4.63960516820026	-9.16603852767968	12.8387825979352	-9.16603852767967	83.8364235969416	-24.898982341069	12.8387825979352	-24.898982341069	55.2236616184035
13310000	13.2434456613785	1.46736076014118	20.3948692809048	1.46736076014118	58.323109257375	4.48369153595975	20.3948692809048	4.48369153595975	51.5084738169227
13320000	17.7725744300384	-8.5953263009454	27.8421593972135	-8.5953263009454	59.0133172884753	-15.3292169996745	27.8421593972135	-15.3292169996745	50.863864960991
13330000	28.7619289586129	-6.6189187247702	37.6513273459612	-6.6189187247702	57.618879250763	-9.80587162659129	37.6513273459612	-9.80587162659129	72.7575260866092
13340000	14.3708031826233	-8.06190178175837	17.6786158621711	-8.06190178175837	41.8457762852785	-6.59956345516221	17.6786158621711	-6.59956345516221	33.6616430651111
13350000	6.17552619022172	-1.24529398832789	9.9481342765498	-1.24529398832789	57.8469381407444	-8.78155194496527	9.9481342765498	-8.78155194496527	32.6271322356381
13360000	3.458295081159	-6.1599138557302	11.6320776806798	-6.1599138557302	73.8592315952403	-22.9537941416729	11.6320776806798	-22.9537941416729	74.9736550154725
13370000	6.90913239068394	-4.64884678668612	16.5963851531844	-4.64884678668612	55.8996642230473	-15.9095610130889	16.5963851531844	-15.9095610130889	62.356341988424
13380000	2.69419228888282	-4.64295826986122	9.30839866618319	-4.64295826986122	53.0542148336709	-8.67830398711795	9.30839866618319	-8.67830398711795	73.0474674616108
13390000	19.0090271133509	-4.28151975030435	24.3310781419054	-4.28151975030435	78.8628284458481	-13.0649038323925	24.3310781419054	-13.0649038323925	67.8668363058741
13400000	4.42531242543374	-6.99049095625406	9.32377398152132	-6.99049095625406	53.0067336026678	-15.90482342149	9.32377398152132	-15.90482342149	41.6060173783915
13410000	3.27180168754367	-5.74019189651496	8.85005844266184	-5.74019189651496	51.473935711811	-11.1902207532609	8.85005844266184	-11.1902207532609	41.9676649780506
13420000	3.39565669881052	-5.27216473395024	8.53596513426518	-5.27216473395024	59.1086128490256	-8.78371573205212	8.53596513426518	-8.78371573205212	43.9221443682219
13430000	2.83221108489441	-3.4023540748073	7.88552580167403	-3.4023540748073	54.9771572579912	-17.8300717040994	7.88552580167403	-17.8300717040994	55.3440839980863
13440000	3.00600625566945	0.127546059240753	5.57630706076698	0.127546059240753	55.1071512424665	-6.9159508931382	5.57630706076698	-6.9159508931382	54.5005199389889
13450000	7.76400663060763	6.76976746118206	12.1098736108367	6.76976746118206	57.0658523904151	-1.63992343482292	12.1098736108367	-1.63992343482292	56.7700448300153
13460000	1.64675878767803	-1.80736127088801	4.5034524587484	-1.80736127088801	62.5852156282364	-8.88504059225833	4.5034524587484	-8.88504059225833	59.5045915645123
13470000	4.54237895354477	-0.621214685256879	7.89251440336669	-0.621214685256878	44.8666054952032	-4.72066402855884	7.89251440336669	-4.72066402855885	37.3516424949495
13480000	11.4544978145454	-17.7218665590677	19.8636017670068	-17.7218665590677	88.7667594500756	-21.2300133335283	19.8636017670068	-21.2300133335283	53.3702346168761
13490000	3.36344073629699	-5.38088399852726	10.3831454937387	-5.38088399852726	46.1544987708512	-11.3662969747196	10.3831454937387	-11.3662969747196	57.8936734987608
13500000	4.59847606353465	-0.584682344962172	7.49415335762063	-0.584682344962171	66.0808209027134	-14.3836275050998	7.49415335762063	-14.3836275050998	54.172069637249
13510000	7.32710713847973	0.252907680597446	17.1198903256664	0.252907680597446	55.9961165989433	-4.09225573866207	17.1198903256664	-4.09225573866207	60.6742992109136
13520000	12.4540898741613	-4.44738298565245	21.3753081558678	-4.44738298565245	54.9867153489483	-2.47796888734913	21.3753081558678	-2.47796888734913	45.2732362215217
13530000	14.8595474595013	-5.0828551360857	14.4904466735201	-5.0828551360857	59.280114655092	-13.5483263579015	14.4904466735201	-13.5483263579015	39.5637881882249
13540000	16.7064335985985	-13.4084397187327	26.8984544136546	-13.4084397187327	66.2039739557325	-22.7511104641696	26.8984544136546	-22.7511104641696	65.7576904894054
13550000	7.58221048077155	-3.3144654063334	14.1370247030135	-3.3144654063334	47.4280919537434	-2.56380143737657	14.1370247030135	-2.56380143737657	48.5610102517337
13560000	11.5437040297379	-2.44584884834138	18.408142654982	-2.44584884834138	43.8943006952556	-5.66688794043784	18.4081426549821	-5.66688794043783	45.2401356426867
13570000	14.0135260993088	-13.5215583900747	19.7153741889356	-13.5215583900747	66.3035649310491	-29.2775870478167	19.7153741889356	-29.2775870478167	56.3933425364955
13580000	6.55766087488059	-4.19786937528703	14.2203438318354	-4.19786937528703	48.5227972858312	-11.0772939869771	14.2203438318354	-11.0772939869771	51.177628330285
13590000	5.20750965471441	-2.686377239101	14.3058319500753	-2.686377239101	62.0652700409677	3.90432453925664	14.3058319500753	3.90432453925664	61.9995100947468
13600000	8.03703021817595	0.564339772588527	13.1483380418937	0.564339772588527	58.2401802681277	-14.3134482070196	13.1483380418937	-14.3134482070196	47.7510922866831
13610000	37.8473800585537	-13.9621231610216	23.1466792737809	-13.9621231610216	64.3242899534424	-11.3956787525627	23.1466792737809	-11.3956787525627	35.5233020948605
13620000	13.3668619459747	5.19779041254703	21.4835568897861	5.19779041254703	68.1953654454669	-0.236693962065091	21.4835568897861	-0.236693962065091	54.9632644146386
13630000	19.86814812777	-2.86907781293171	33.3678207488696	-2.86907781293171	55.0540555748795	-5.32880136702802	33.3678207488696	-5.32880136702802	76.4718748423974
13640000	8.47931588090864	-3.08837963096072	16.6429867771947	-3.08837963096072	52.9433211891543	-4.66538357739215	16.6429867771947	-4.66538357739215	48.5618189402575
13650000	2.20757688288502	-3.00363553244178	5.47359135978504	-3.00363553244178	57.6780781151347	-13.8364806677698	5.47359135978504	-13.8364806677698	44.552754642384
13660000	4.45681813966404	-7.38461711574509	12.7860123112243	-7.38461711574509	54.5162051404535	-20.4247737340955	12.7860123112243	-20.4247737340955	51.2086599420573
13670000	5.71751994987991	-8.20196101652288	12.9157818618872	-8.20196101652288	56.7342243248726	-13.8647528722489	12.9157818618872	-13.8647528722489	49.754455461298
13680000	3.10301241257928	0.10713542649449	8.96653446517833	0.10713542649449	66.7786263708931	-13.56625950448	8.96653446517833	-13.56625950448	46.8568736446181
13690000	9.75596852233275	-4.58892083802157	16.7007390577457	-4.58892083802157	45.2054655990473	-9.38278626374342	16.7007390577457	-9.38278626374342	48.6485638162394
13700000	5.5372815054722	-5.34550099388378	11.2010110747853	-5.34550099388378	62.7512095291326	-13.65322888737	11.2010110747853	-13.65322888737	37.3960875335632
13710000	13.9987399104228	-1.52986217158363	23.3760947973026	-1.52986217158363	48.3319855759213	-0.339684351752415	23.3760947973026	-0.339684351752415	50.4797341200899
13720000	10.4491669821298	-7.69548178703325	17.7736069486735	-7.69548178703325	70.9360915116365	-10.3840310692912	17.7736069486735	-10.3840310692912	62.30316861704
13730000	17.7137562180826	-14.7166983341868	26.5457408341792	-14.7166983341868	72.6885242599518	-17.8601650174467	26.5457408341792	-17.8601650174467	54.2567262709706
13740000	7.36980147902073	-4.21032986516391	13.6534692741357	-4.21032986516391	57.4783488584658	-12.6021556307521	13.6534692741357	-12.6021556307521	43.2327046827058
13750000	13.1985357618753	-3.9750341468469	22.5350289193977	-3.9750341468469	63.2046302861742	-15.2119009472594	22.5350289193977	-15.2119009472594	49.486062940512
13760000	5.68561770821729	-5.24869624236549	13.3810093448668	-5.24869624236549	59.1577572163977	-10.5435365917243	13.3810093448668	-10.5435365917243	48.853243851508
13770000	3.34983807208792	-0.567431718032513	7.06653087479438	-0.567431718032513	51.6841444371656	-5.51490432441455	7.06653087479438	-5.51490432441455	37.9976304915731
13780000	14.0595940903312	-6.44740316199005	23.1665155851461	-6.44740316199005	55.5230817732376	-8.90443846825722	23.1665155851461	-8.90443846825722	48.4429164210216
13790000	14.3475992790641	-9.11168338706971	18.916638836258	-9.11168338706972	57.089493044163	-23.218975918108	18.916638836258	-23.218975918108	51.847740215564
13800000	20.8719058819799	-7.47485166384125	25.602904647129	-7.47485166384125	56.2858126380423	0.299161845106708	25.602904647129	0.299161845106708	50.3061024280257
13810000	7.37753947371955	1.41566904294248	13.58730347253	1.41566904294248	58.5458146694669	2.12510334486024	13.58730347253	2.12510334486024	51.0900652929468
13820000	23.3682000384372	-16.4933908348616	25.315927638069	-16.4933908348616	72.6785789474473	-14.4704294718943	25.315927638069	-14.4704294718943	48.5529762888297
13830000	11.4699542565019	-0.417873563158197	18.5155105995026	-0.417873563158197	62.0329387018007	-4.73544428469151	18.5155105995026	-4.73544428469151	49.7722110226081
13840000	6.42157808469684	-3.83542160987594	15.5634651766274	-3.83542160987594	41.9616541019962	-7.08862463878869	15.5634651766274	-7.08862463878869	48.8570886231091
13850000	4.4084553764899	-4.7874556470769	10.7712903796303	-4.7874556470769	62.1831871945687	-12.5569898057552	10.7712903796303	-12.5569898057552	40.3374517753311
13860000	6.01530638964096	-1.40358116700097	15.9736444380541	-1.40358116700097	44.7208934623386	-6.55649327104142	15.9736444380541	-6.55649327104142	57.2103504093844
13870000	3.62420117793457	0.0531873305697921	11.0282180885367	0.0531873305697921	62.2204923347061	-3.94049536573998	11.0282180885367	-3.94049536573998	56.4755567871705
13880000	4.83950590675781	0.294141564598721	10.0204919362662	0.294141564598721	64.886607630224	-3.85217640841355	10.0204919362662	-3.85217640841355	57.0405785572839
13890000	4.96189885653287	-6.64803269306351	11.4767834939007	-6.64803269306351	77.1898602760787	-6.81995276655244	11.4767834939007	-6.81995276655245	43.3940732941069
13900000	2.70502237075617	0.678780479606835	6.70586560593008	0.678780479606835	34.1877363877821	-4.62595562147812	6.70586560593008	-4.62595562147812	50.9868719933137
13910000	10.7598674264161	2.03668336490853	19.8397789894781	2.03668336490853	78.5185677828101	6.42323521894217	19.839778989478	6.42323521894217	49.3592344730764
13920000	16.3971264588632	-18.6847431378376	18.8882062152112	-18.6847431378376	60.137234613069	-16.0188426726274	18.8882062152112	-16.0188426726274	42.4161647270335
13930000	11.2308937296426	-2.78266726736278	17.1313788843334	-2.78266726736278	64.0277308469943	-1.66977572090512	17.1313788843334	-1.66977572090512	37.8559568974438
13940000	7.69327896521322	0.596097946433116	16.2142585951238	0.596097946433115	51.8956074364968	-6.13972821699537	16.2142585951238	-6.13972821699537	53.1258729844719
13950000	6.3762342491202	0.637627283816687	17.2079304093978	0.637627283816687	69.1903480090971	3.13816518349954	17.2079304093978	3.13816518349954	63.2823428621678
13960000	3.6796996348093	-3.50886196948856	9.29662401729339	-3.50886196948856	52.8368582957267	-6.24793611479898	9.29662401729339	-6.24793611479898	51.3908910515836
13970000	4.53006003081576	-8.35537212075866	15.3010130608901	-8.35537212075866	52.1855094222312	-20.55449025503	15.3010130608901	-20.55449025503	73.410713310208
13980000	4.27243540437332	-6.86647109992752	12.4622369161652	-6.86647109992752	87.9747582732345	-8.1691601090255	12.4622369161652	-8.16916010902551	58.6289588734677
13990000	4.23744899079744	-5.23388501893327	11.7479161312733	-5.23388501893327	62.9893214353479	-14.9391135779608	11.7479161312733	-14.9391135779608	51.9640158147808
1.4e+07	5.8125808567436	-2.83580676636416	13.2731355892487	-2.83580676636416	66.4676090627997	-5.55820663565949	13.2731355892487	-5.55820663565949	43.6245024180728
14010000	2.45926782249707	-4.34293418747925	8.06296432255549	-4.34293418747925	59.2302792282413	-12.6221592584395	8.06296432255549	-12.6221592584395	50.8692332538082
14020000	2.12164187102475	-1.44778696853585	6.60051830259695	-1.44778696853585	48.2008389100999	-5.99605212311717	6.60051830259695	-5.99605212311717	47.2812162116493
14030000	0.877315147687678	0.198216486577542	2.26562104641877	0.198216486577542	45.6380876118944	-12.0430444635115	2.26562104641877	-12.0430444635115	42.2486044372442
14040000	2.41486142894181	-2.42623348671776	7.24956567265698	-2.42623348671776	45.1165568560228	-9.16323299525556	7.24956567265698	-9.16323299525556	49.5190035947496
14050000	11.8234889436972	-1.29507649575949	14.5889339471537	-1.29507649575949	43.424868330296	-2.1114218205623	14.5889339471537	-2.1114218205623	38.6737027901871
14060000	14.6413774624111	0.743669544305852	23.2851170573059	0.743669544305852	62.2540928515088	-2.98786886627311	23.2851170573059	-2.98786886627311	48.0647827694997
14070000	8.94015317266875	-4.04125669543006	18.3218953613788	-4.04125669543006	66.8020924921592	-6.34888865642669	18.3218953613788	-6.34888865642669	51.3759185549643
14080000	1.93183940224862	-2.95547403678029	5.48469571288103	-2.95547403678029	51.9801198770831	-16.2530592785248	5.48469571288103	-16.2530592785248	62.3276398196684
14090000	11.3865610708719	-12.6599708683633	21.0621866338619	-12.6599708683633	74.0216334903106	-4.72678539703265	21.0621866338619	-4.72678539703264	60.5259245658193
14100000	20.3381364582257	-8.99660560897344	30.7669206917282	-8.99660560897344	53.8516292438158	-6.83992051649685	30.7669206917282	-6.83992051649685	68.6963962574673
14110000	23.6728033239005	-11.9477770865096	37.7776496369747	-11.9477770865096	53.487844064606	-8.51530853296074	37.7776496369747	-8.51530853296074	71.9917766874464
14120000	5.9074091599996	-4.58577195184748	13.931457464918	-4.58577195184748	54.6043948769397	-17.5191853388307	13.931457464918	-17.5191853388307	53.5142164762688
14130000	6.47835370895376	-10.6548009641576	9.01368116320188	-10.6548009641576	55.568385268823	-16.1969149884867	9.01368116320188	-16.1969149884867	46.9662365437473
14140000	2.8662030780885	-1.4790353396049	8.6760880988338	-1.4790353396049	48.4016081410959	-2.46012240583858	8.67608809883379	-2.46012240583858	43.9184421600883
14150000	4.48888591589232	-0.669026346250792	9.13024275504263	-0.669026346250793	57.4455351737008	-2.6193543572447	9.13024275504263	-2.6193543572447	44.2796367220684
14160000	1.65202252861726	-0.633610012693509	6.85484402573193	-0.633610012693509	80.9274891276439	-9.31796422814365	6.85484402573193	-9.31796422814365	57.306652241678
14170000	2.96367163594983	-2.05600437946956	7.44565593369974	-2.05600437946956	53.008974104037	0.921416976859179	7.44565593369974	0.921416976859178	35.2311280925029
14180000	4.22227933243878	-2.66059717700061	9.24148592289725	-2.66059717700061	64.8372709203484	-6.88217495505528	9.24148592289725	-6.88217495505528	39.1032910794548
14190000	2.2173897578078	0.116171433541918	4.52942805845203	0.116171433541918	67.2042077194988	-16.6480766975308	4.52942805845203	-16.6480766975308	41.0333580869715
14200000	3.39203294697898	-0.343567239821399	10.4491788796146	-0.343567239821399	63.9799184719468	9.1563957339258	10.4491788796146	9.1563957339258	51.5467046938016
14210000	5.7959756069746	0.405911168665106	15.169413412924	0.405911168665106	65.2434268821502	-2.13939903253698	15.169413412924	-2.13939903253698	55.5330886776768
14220000	3.96891855562098	-0.849976127029511	9.4920514639657	-0.84997612702951	51.0128348924592	-3.82300424753705	9.4920514639657	-3.82300424753705	42.7403590450184
14230000	7.3162570626836	-4.39830929860464	18.4621421243352	-4.39830929860464	62.6159336039535	-13.7449613246824	18.4621421243352	-13.7449613246824	58.5139027852015
14240000	3.71492958248223	-0.996292136077855	11.7350098467026	-0.996292136077854	39.2348204678278	-1.18056701404002	11.7350098467026	-1.18056701404002	62.1899890974723
14250000	3.38335146588758	0.0502189098074642	6.3550806916088	0.0502189098074642	64.2606216021878	-5.49125589071785	6.3550806916088	-5.49125589071785	50.0758289581581
14260000	14.5810194134886	-1.15037670521172	19.8712458605269	-1.15037670521172	51.9560600255912	-3.57190587638453	19.8712458605269	-3.57190587638453	47.6227358731179
14270000	2.91215434946168	-1.02251796346563	8.92204268734901	-1.02251796346563	48.1879666819074	-17.0743292918713	8.92204268734901	-17.0743292918713	60.3372923574036
14280000	3.22481635046567	-1.28242138907821	10.0920035418041	-1.28242138907822	45.9858507420764	-0.197579264415892	10.0920035418041	-0.19757926441589	41.6724654777722
14290000	4.32861877596832	2.32596224316782	7.04045015099029	2.32596224316782	68.7635553783378	-13.4161341216454	7.04045015099029	-13.4161341216454	39.1497993036601
14300000	2.94913130558708	0.152000318741751	8.00226997733201	0.152000318741751	69.4309932586009	-0.322410993795476	8.00226997733201	-0.322410993795476	45.1202595845265
14310000	4.44014792092626	-4.93149099136107	10.5707535775073	-4.93149099136107	56.2425329804347	-14.9765864924644	10.5707535775073	-14.9765864924644	40.5133431749427
14320000	2.63715646809291	-3.29329815881137	5.41597969362814	-3.29329815881137	56.1895808485041	-16.5141651201253	5.41597969362814	-16.5141651201253	50.2824203922217
14330000	8.75670328342934	-5.01379060249694	17.8358401354668	-5.01379060249693	58.8283559694144	-11.7218429664313	17.8358401354668	-11.7218429664313	54.6062833528045
14340000	8.38564603483737	-4.8338116542129	17.906711379416	-4.8338116542129	49.5074979864963	-7.27371904126901	17.906711379416	-7.27371904126901	55.6288750262348
14350000	9.1878740832009	-7.73316999510561	15.5183141007403	-7.73316999510561	57.5509089359876	-12.2022670369556	15.5183141007403	-12.2022670369556	43.0038235183013
14360000	8.3247737955199	-3.09619939301297	13.8548988964926	-3.09619939301296	57.6649709057702	-2.95811321252474	13.8548988964926	-2.95811321252474	36.8839391592699
14370000	3.70344734880043	-3.36751434764044	10.1845682373711	-3.36751434764044	36.9503330392804	-3.5025402995989	10.1845682373711	-3.5025402995989	50.3052492569157
14380000	3.72382510933791	-0.00415521352456976	8.30180100227332	-0.00415521352456982	53.53700873484	4.13217325394498	8.30180100227332	4.13217325394498	41.6408071286416
14390000	7.52945166608002	-11.5762814261392	13.9283354374292	-11.5762814261392	55.0432731292572	-11.4756053997764	13.9283354374292	-11.4756053997764	42.2881284636047
14400000	15.4410281707264	-5.63905720474834	17.462516197305	-5.63905720474834	78.3227302236462	-7.87483990273739	17.462516197305	-7.87483990273739	35.7960496369743
14410000	15.4140751584526	-6.66039622082649	26.9848511417779	-6.66039622082649	47.9957184998927	-8.94942550082293	26.9848511417779	-8.94942550082293	56.7679501465365
14420000	7.01091326361375	-9.72125754748117	14.8499368579911	-9.72125754748117	59.8660854260622	-17.753954317042	14.8499368579911	-17.753954317042	40.8675357190995
14430000	10.7189510381454	-7.24703679158146	19.7392221561451	-7.24703679158146	47.1557057465818	-6.41565114903732	19.7392221561451	-6.41565114903732	51.0071749712534
14440000	2.55746811028213	-5.1266744699032	1.17913385870082	-5.1266744699032	54.6490721734415	-2.83960509636243	1.17913385870082	-2.83960509636243	48.6911226060236
14450000	4.73855447125024	-7.41302019081461	9.56684446843605	-7.41302019081461	55.0809526677805	-11.7991263867791	9.56684446843605	-11.7991263867791	38.4562862448336
14460000	4.14761322757162	-3.69237010304314	8.23349597555184	-3.69237010304314	50.6551124654808	-2.90294536569122	8.23349597555184	-2.90294536569122	33.122975014452
14470000	4.92901444301728	0.638768838576359	16.6021387680788	0.63876883857636	77.6868203865223	-15.1493024365424	16.6021387680788	-15.1493024365424	79.3157760776182
14480000	5.90938254710909	-6.07953708727396	15.4869350043646	-6.07953708727396	63.5926285722851	-17.7303803217056	15.4869350043646	-17.7303803217056	58.826791806638
14490000	20.2624748292037	-3.92800207380835	29.5974562577294	-3.92800207380835	55.4440095127446	-9.98776203816899	29.5974562577294	-9.98776203816899	59.4292553688282
14500000	5.0879324330683	-6.48759993909987	14.4499510373438	-6.48759993909987	92.9590583667717	-8.59822636310298	14.4499510373438	-8.59822636310298	65.0481442371203
14510000	4.59084681141073	-0.898955990927076	13.513532948852	-0.898955990927077	45.9035865725708	-10.4449553395806	13.513532948852	-10.4449553395806	57.6009136861383
14520000	3.95526253054327	-2.01969999343745	10.9463640906586	-2.01969999343745	71.3500504437565	-6.72482753599287	10.9463640906586	-6.72482753599287	44.3650141956638
14530000	4.2707107131063	2.60897046973143	12.3947413628629	2.60897046973143	83.7981887252744	-6.49592801834431	12.3947413628629	-6.49592801834431	57.6936606382574
14540000	1.52319858922371	-2.69294242321946	4.403045289975	-2.69294242321946	49.541879571118	-10.1205268131268	4.40304528997501	-10.1205268131268	47.0519384129854
14550000	1.4641217811845	-2.03994916509185	3.23769603207889	-2.03994916509185	68.403165814962	-9.10516526855691	3.23769603207889	-9.10516526855691	77.0196445969087
14560000	2.9535981810513	0.601374158749407	6.6355071027304	0.601374158749407	55.4389470116701	-2.66537738393268	6.6355071027304	-2.66537738393268	42.9796593448239
14570000	2.53686305414718	-2.57450798078319	8.52761265134529	-2.57450798078319	52.1009533192265	-15.9483080035776	8.52761265134529	-15.9483080035776	54.051600398515
14580000	2.53197340289067	-4.70620438621523	7.57985917039955	-4.70620438621523	59.6818266716125	-7.02854757281239	7.57985917039955	-7.02854757281239	50.9046092736962
14590000	6.71525882344592	-6.25985485687029	14.8579312828298	-6.25985485687029	58.4769705694873	0.316661849685656	14.8579312828298	0.316661849685658	49.7276569081855
14600000	1.95818428998694	-0.245283381082809	3.65892118867098	-0.245283381082809	66.7291953812452	-6.5495490725134	3.65892118867098	-6.5495490725134	43.5698972844574
14610000	4.72800445778324	-7.34457292152348	12.7648026556196	-7.34457292152348	71.489213844834	-23.413819448443	12.7648026556196	-23.413819448443	49.036628422919
14620000	2.53342401287087	-3.46064385444545	6.37547201204749	-3.46064385444545	50.7888491698623	-20.1785560497221	6.37547201204749	-20.1785560497221	44.9206727695213
14630000	3.89749478551588	0.792179518461511	11.3821420015964	0.792179518461511	59.9881690951052	-8.97578276701484	11.3821420015964	-8.97578276701484	60.9351202334019
14640000	15.359881793306	-5.24034465463269	22.9590528614931	-5.24034465463269	43.6342591089395	-5.79305586191054	22.9590528614931	-5.79305586191054	49.180192237399
14650000	41.8376716763408	-13.0407020062041	40.9835509722967	-13.0407020062041	53.3425788473069	-10.4700234064101	40.9835509722967	-10.4700234064101	48.8976505646096
14660000	3.20699212831299	-4.58601382025502	10.3865931256327	-4.58601382025502	53.3898856418575	-15.5790775826305	10.3865931256327	-15.5790775826305	55.8814956162665
14670000	4.87818651675609	-8.56411974437811	8.64677729381713	-8.56411974437811	62.6386118537299	-16.2619761324213	8.64677729381713	-16.2619761324213	48.6098588635811
14680000	1.28815469694655	-0.708159168134039	4.16873432972809	-0.708159168134038	73.9973633002897	6.6401729774996	4.16873432972809	6.6401729774996	44.0036826739828
14690000	6.6225023881233	-8.83273812277427	15.9055783658932	-8.83273812277427	59.9024646864944	-10.782818388799	15.9055783658932	-10.782818388799	56.7342750551312
14700000	7.07211219068404	-5.64739287745648	13.5112592452865	-5.64739287745648	75.9163533940652	-19.830731518906	13.5112592452865	-19.830731518906	58.7319794935562
14710000	4.96805922365006	-4.5958598246394	11.6433343941731	-4.5958598246394	58.7363704609999	-11.8869306073451	11.6433343941731	-11.8869306073451	46.8084709522289
14720000	2.17462228642685	2.96715740015146	6.3381090548213	2.96715740015146	79.7786717346709	-16.3894229166145	6.3381090548213	-16.3894229166145	55.9961361244263
14730000	2.41250734476758	-2.22258196336107	5.7932431322975	-2.22258196336107	45.9876736658929	-6.561554035373	5.7932431322975	-6.561554035373	36.1969325034802
14740000	3.53293049946275	-1.72527834261355	9.96436275249734	-1.72527834261355	48.4023114068997	-8.05748048897297	9.96436275249734	-8.05748048897297	46.3967280753805
14750000	7.82177185939881	-3.5177692006707	18.1722924248285	-3.5177692006707	73.7415476968398	5.26500841958365	18.1722924248285	5.26500841958365	63.9650790806036
14760000	24.179580085964	-11.5761575173723	23.4784501061532	-11.5761575173723	63.664493008713	-1.00470323232964	23.4784501061532	-1.00470323232964	38.495543235278
14770000	12.8385848475965	-2.4264114664667	14.9992578070872	-2.4264114664667	51.6126210111344	-4.67273359298029	14.9992578070872	-4.67273359298029	52.1736770396653
14780000	11.4599163035315	-8.97117881120526	23.0386292470069	-8.97117881120525	58.9395829762842	-18.7937535141342	23.0386292470069	-18.7937535141342	69.9872223043736
14790000	39.7791810464377	-18.2380020342822	41.8844427929607	-18.2380020342822	58.6615065107935	-20.4360002759614	41.8844427929607	-20.4360002759614	52.8092189224066
14800000	21.7617232855799	-9.00132263726942	31.1056117070073	-9.00132263726942	58.6522618876387	-8.35687345470101	31.1056117070073	-8.35687345470101	56.7995156246012
14810000	2.39391518456734	1.31664010569643	5.94371971023689	1.31664010569643	82.3483350116755	-12.502411506596	5.94371971023689	-12.502411506596	52.955961189222
14820000	5.68535627610434	-0.711610477407818	14.4419832731421	-0.711610477407818	43.0096782250113	1.88939270734717	14.4419832731421	1.88939270734717	58.0959827341217
14830000	7.98478085258672	-5.39522180488748	13.9970599021214	-5.39522180488748	54.0191903035823	-4.91837412212836	13.9970599021214	-4.91837412212836	64.562274980487
14840000	10.0481093990193	-10.0185227269953	11.0565568503755	-10.0185227269953	66.1128034339916	-7.39029183028869	11.0565568503755	-7.39029183028869	39.177412744018
14850000	4.04162458175782	-2.84373398255251	8.52592711218321	-2.84373398255251	59.4357041783948	-13.0222575142738	8.52592711218321	-13.0222575142738	48.1076829238237
14860000	2.36583587384111	-2.19038029968686	7.39484218444268	-2.19038029968686	77.5889597291308	-7.85325419673782	7.39484218444268	-7.85325419673782	49.5434103993263
14870000	2.37711562131255	-0.408959937953054	6.83819863597288	-0.408959937953054	58.7967778621194	-6.12814834796611	6.83819863597288	-6.12814834796611	43.4634264079569
14880000	2.0707756272082	-0.267337818654266	5.54445929318038	-0.267337818654266	82.4863274278309	-5.36522963108804	5.54445929318038	-5.36522963108804	45.9493486201459
14890000	3.42277227721142	-2.86653494272013	10.484905789955	-2.86653494272013	58.9079014489497	-10.7678122304454	10.484905789955	-10.7678122304454	58.3460266531662
14900000	3.0649230785714	-6.07335946361662	9.05892160067802	-6.07335946361662	71.0093858904407	-9.23871235231147	9.05892160067802	-9.23871235231147	47.5453784747564
14910000	6.09144045834156	-3.8450481503788	14.4143166749775	-3.8450481503788	37.7502519357722	-2.1123432832887	14.4143166749775	-2.1123432832887	52.0780089562437
14920000	9.39513832616167	-10.4440474810794	19.2378679116272	-10.4440474810794	57.1243636767738	-11.814194231903	19.2378679116272	-11.814194231903	54.2821586180963
14930000	3.59384360647208	-2.3994073885917	9.09438965140675	-2.3994073885917	55.83000555951	-4.89383551073314	9.09438965140675	-4.89383551073314	41.8974126279168
14940000	32.4293511049548	-12.5417965535493	35.0821335471904	-12.5417965535493	51.3304053829412	-2.24233981664323	35.0821335471904	-2.24233981664323	54.4060143685996
14950000	20.0043275257464	-9.93764825201278	28.2646225518166	-9.93764825201278	60.2519501764698	-12.7497298215513	28.2646225518166	-12.7497298215513	49.8989508695799
14960000	15.0274909554363	-2.19575799588617	15.1468367865094	-2.19575799588617	54.541348770563	-14.1420500141259	15.1468367865094	-14.1420500141259	47.622763143464
14970000	8.01665070858617	-8.02389160344276	13.1930358305141	-8.02389160344276	63.3978179974282	-13.9737711756927	13.1930358305141	-13.9737711756927	41.3197656063619
14980000	4.75186478842293	-8.89887180976191	12.2523492935763	-8.89887180976191	77.8010913677812	-28.3497045524744	12.2523492935763	-28.3497045524744	53.5874079167998
14990000	2.55281994510329	-3.23501001735615	7.49241911279819	-3.23501001735615	39.0750497660175	-13.1008775838658	7.49241911279819	-13.1008775838658	55.0530312964507
1.5e+07	7.33379717981116	0.762857971568994	15.1318932201653	0.762857971568994	79.4071620788783	7.42530949835404	15.1318932201653	7.42530949835404	46.3721451819635
15010000	10.0991869089545	-9.41447415433982	15.2795392177144	-9.41447415433982	56.2134293314088	-11.1037536475829	15.2795392177144	-11.1037536475829	38.5828533176963
15020000	5.67702105372021	-7.09054267369707	13.2792433578011	-7.09054267369707	56.1247112109858	-14.4078439106208	13.2792433578011	-14.4078439106208	55.4706785349998
15030000	1.94704600138859	-2.31614595345639	3.72032133086919	-2.31614595345639	74.2572507772766	-19.8112820533712	3.72032133086919	-19.8112820533712	43.7738933576607
15040000	2.36491420090598	1.36368122342126	5.83189344792071	1.36368122342126	53.8470318672206	7.17897878238793	5.83189344792071	7.17897878238793	41.1323834904332
15050000	0.939311383153952	-0.235005928800261	2.09629624349659	-0.235005928800261	55.1017361206464	-11.1227393891504	2.09629624349659	-11.1227393891504	55.1348226319228
15060000	10.2395788436446	-2.36324681512778	20.2411936575206	-2.36324681512778	47.7750629947004	-8.54020556049955	20.2411936575206	-8.54020556049955	57.8568957842269
15070000	4.62065999863505	-6.23486463868285	6.5273573544925	-6.23486463868285	75.3265843952813	-23.4010684272883	6.5273573544925	-23.4010684272883	35.2330611017186
15080000	14.2186735010814	-5.32599039478923	22.7799547913333	-5.32599039478923	45.0505368535934	-8.03676063092131	22.7799547913333	-8.03676063092131	62.7990395359329
15090000	11.0300169673434	0.201524981619133	15.8743954897316	0.201524981619133	52.261127198484	0.916193817130014	15.8743954897316	0.916193817130014	59.9558042217371
15100000	13.2298257840344	-5.65174115185199	19.6890348701512	-5.65174115185199	51.0537448398856	-4.86829533445419	19.6890348701511	-4.86829533445418	41.8214756971492
15110000	12.1584268473274	-9.10131562264649	21.7878393310322	-9.10131562264649	50.6488290935413	-9.63214466008786	21.7878393310322	-9.63214466008786	52.9210991100737
15120000	10.4964979960406	2.44719521550305	16.116691306008	2.44719521550305	65.135353749152	-13.0860153440749	16.116691306008	-13.0860153440749	64.5985077283935
15130000	14.4400503686742	-8.73951814034043	17.579964107623	-8.73951814034043	60.556970397593	-6.6225738542742	17.579964107623	-6.6225738542742	37.0066335583713
15140000	3.69007931262442	-6.70186365429168	10.3472093501276	-6.70186365429169	57.3584118771708	-12.1178835564003	10.3472093501276	-12.1178835564003	42.8102812811019
15150000	2.38441446468403	-2.78541873339499	12.5401543196232	-2.78541873339499	67.6155087995175	-17.3907908727987	12.5401543196232	-17.3907908727987	93.3558760087469
15160000	1.9297657338317	-1.91992980288473	6.40673122041156	-1.91992980288473	106.955220541883	-22.42970901104	6.40673122041156	-22.42970901104	42.3564574234296
15170000	10.0345937457567	6.83121594415657	18.0277075773564	6.83121594415657	82.5249038462127	4.08023553334239	18.0277075773565	4.08023553334239	46.5764435836044
15180000	8.53316377369585	0.655303846904257	16.1558666948501	0.655303846904256	55.2574529747626	-8.85533479250415	16.1558666948501	-8.85533479250415	55.6392350566371
15190000	2.84158581272614	-0.0647267634373011	7.28087311936163	-0.0647267634373014	47.3049247013227	-9.03980683306229	7.28087311936163	-9.03980683306229	47.8156321472691
15200000	20.3134920323578	-4.78374079494012	33.9503422561044	-4.78374079494012	56.4199782516288	-15.2536770657504	33.9503422561044	-15.2536770657504	70.1471490270955
15210000	19.4094145900584	-9.0309873790777	18.5061643691005	-9.0309873790777	50.3167723512578	2.4752646095075	18.5061643691005	2.4752646095075	47.2831062877247
15220000	5.5471613782331	-4.3768645732555	13.3119572233254	-4.3768645732555	52.4966029234746	-7.64143771531443	13.3119572233254	-7.64143771531443	51.2497424527684
15230000	6.84629801271618	-4.71389261978046	15.6587283018682	-4.71389261978046	48.3421421649165	-13.7882460492521	15.6587283018682	-13.7882460492521	49.5012989976319
15240000	10.5839025163153	-10.7444435496879	16.771794368112	-10.7444435496879	79.4271570924976	-7.54041458107021	16.771794368112	-7.54041458107022	52.9115492606827
15250000	6.17468004415192	-8.60856901241347	14.4139267042378	-8.60856901241347	63.3396761364408	-9.45475869252397	14.4139267042378	-9.45475869252397	56.1075170677467
15260000	4.81936103755018	-3.8056517581089	14.336688910772	-3.8056517581089	55.97506694863	-5.52880930782218	14.336688910772	-5.52880930782218	66.4737921078119
15270000	2.17895380194992	-1.83963981058758	8.13091806007681	-1.83963981058758	48.1910567871369	-5.0569001321598	8.13091806007681	-5.0569001321598	54.4113003101898
15280000	8.82408595891475	-2.44682974921214	18.0740728780882	-2.44682974921214	45.8767998605262	1.52693189333494	18.0740728780882	1.52693189333494	49.5946184865344
15290000	3.74590823588487	-5.90609744042002	8.88946092953318	-5.90609744042002	49.9463434890334	-8.00625045980555	8.88946092953318	-8.00625045980556	37.4421120243814
15300000	13.0849141979727	-1.78541760989257	17.01344099352	-1.78541760989257	51.3782044577989	-10.7054254551765	17.01344099352	-10.7054254551765	45.6449165002382
15310000	4.7267393084671	-6.61853193932965	8.9377799476052	-6.61853193932965	66.4658674094946	-8.51667105460893	8.9377799476052	-8.51667105460893	33.0327691429394
15320000	5.81224927802908	-2.36016567421954	8.35931383741024	-2.36016567421954	51.6273096808956	-0.00588088958580016	8.35931383741024	-0.0058808895858002	33.6543937944038
15330000	10.8182389028513	-5.58346561886582	18.932621818757	-5.58346561886582	60.5831161497614	-18.675640855311	18.932621818757	-18.675640855311	62.4676681256176
15340000	11.9163327549323	6.68549525783391	17.0236662987471	6.68549525783391	54.1414542906166	4.76584407189045	17.0236662987471	4.76584407189045	59.757095127094
15350000	8.96568770581942	1.4110362405498	18.4182706433012	1.4110362405498	59.1957007121385	5.26446761933807	18.4182706433012	5.26446761933807	52.1191190799089
15360000	45.8076205670639	-16.3721571933361	46.6827005822134	-16.3721571933361	50.8697707724618	-8.7988719247472	46.6827005822134	-8.7988719247472	56.8416876290437
15370000	19.3786572774859	1.62108219551897	18.9627992291262	1.62108219551897	71.2824395572671	7.2618426217815	18.9627992291262	7.2618426217815	36.3936546226052
15380000	15.7353152315123	-5.72933398673722	21.0864465661457	-5.72933398673722	62.8998759950456	-12.9288618638955	21.0864465661457	-12.9288618638955	45.9011724831655
15390000	12.9305478190196	1.75764904346094	27.5158511876541	1.75764904346094	51.6042230805412	9.05590756481253	27.5158511876541	9.05590756481253	75.5568628388649
15400000	26.2270996191036	-9.30198016562651	26.5916128810306	-9.30198016562651	59.3814550046278	-8.03558232466696	26.5916128810306	-8.03558232466696	49.9253758887624
15410000	31.1527345496203	-11.8653785908712	38.1101717761833	-11.8653785908712	49.4354109801698	-9.2950949527606	38.1101717761833	-9.29509495276061	64.6015565797395
15420000	9.38464228062471	-8.51686528873909	11.8777960750119	-8.51686528873909	65.2810599375421	-20.3908140815979	11.8777960750119	-20.3908140815979	53.1181017809906
15430000	5.26129764065237	-8.67997880831952	13.5893327553622	-8.67997880831952	66.1340595889343	-22.4636366498525	13.5893327553622	-22.4636366498525	57.9582358935712
15440000	5.65726146209341	-10.9110873922091	10.1266278280967	-10.9110873922091	87.4746492916449	-6.1939218001801	10.1266278280967	-6.1939218001801	53.0635661617357
15450000	3.422188095286	-0.622626031959896	8.76149510597445	-0.622626031959896	60.0969757050812	-12.4799477629319	8.76149510597445	-12.4799477629319	55.8575162688295
15460000	4.61981804890186	-2.75474343668384	9.06304977059257	-2.75474343668384	57.3630143437185	-14.9025200344465	9.06304977059257	-14.9025200344465	43.0635518155022
15470000	2.89878221512695	5.13863868471646	6.12708776011375	5.13863868471646	71.68255397943	-0.354538971827341	6.12708776011375	-0.354538971827339	42.3113106239301
15480000	6.1287687961007	-1.02185396619196	13.5886249193061	-1.02185396619196	65.5490422090236	-6.08902101033926	13.5886249193061	-6.08902101033926	51.1760821642449
15490000	3.5718670331937	-4.46544490485269	9.16715972467396	-4.46544490485269	56.909169351133	-9.99810395602608	9.16715972467396	-9.99810395602608	37.0950980969431
15500000	3.22470040704598	-3.84333740867978	8.72022038876632	-3.84333740867978	60.2934676906016	2.76843223830202	8.72022038876632	2.76843223830202	50.0424227503348
15510000	4.15692473777918	0.714434230784297	7.62822991424359	0.714434230784297	54.5230525175552	-12.8860251950892	7.6282299142436	-12.8860251950892	42.5409471534442
15520000	8.22826329771472	-9.31109296704696	15.2900674152272	-9.31109296704696	63.4808294006196	-15.5024464966961	15.2900674152272	-15.5024464966961	52.9724065692169
15530000	4.4854583075377	-6.69196360391344	8.68677960641945	-6.69196360391344	51.4651353123947	-2.84150158308581	8.68677960641945	-2.84150158308581	37.3504139746166
15540000	29.344207188583	-26.5497884785123	16.2534570472255	-26.5497884785123	70.5100802819769	-1.20109160117153	16.2534570472255	-1.20109160117153	41.235405576748
15550000	11.6125401621242	2.29058095622526	12.0359468826396	2.29058095622526	61.8035834078087	-3.90119228648838	12.0359468826396	-3.90119228648838	52.6859310811453
15560000	11.5662049357489	-7.2953226882438	22.9970159313427	-7.2953226882438	67.2299625415924	-20.6645574906258	22.9970159313427	-20.6645574906258	65.4190553933084
15570000	20.7468948094092	-8.25510891105402	21.9650713700736	-8.25510891105402	53.7358277260181	-5.73511849271773	21.9650713700736	-5.73511849271773	46.7514768181225
15580000	93.008509080579	19.3118457645124	56.3819172086462	19.3118457645124	77.2424592403357	1.87485485438611	56.3819172086462	1.87485485438611	49.7017842806718
15590000	10.8674192076925	-6.73202160431481	18.9082978386425	-6.73202160431481	76.0522632558826	2.86191966316917	18.9082978386425	2.86191966316917	68.032453818436
15600000	22.4404367819068	-15.4023747481386	36.2026908682439	-15.4023747481386	52.5538873391475	-26.1942249501319	36.2026908682439	-26.1942249501319	69.6698769828692
15610000	36.7367305585498	-10.7613301444244	30.7980394737305	-10.7613301444244	38.5427189431575	-3.36960634194351	30.7980394737306	-3.36960634194351	41.3978780275603
15620000	129.585561137658	-25.1073533227226	68.2190917673186	-25.1073533227226	62.2775361208328	-8.64959621006686	68.2190917673186	-8.64959621006686	47.1959984998928
15630000	397.160692191853	-66.2643819568834	100.927483536209	-66.2643819568834	57.1515214785785	-8.73310567194495	100.927483536209	-8.73310567194494	35.5164298945622
15640000	60.8018819599179	-8.37403796814167	23.6886914870449	-8.37403796814167	68.5096431761712	-27.287629431639	23.6886914870449	-27.287629431639	52.1747122696472
15650000	40.1453170190149	-17.2056441316944	41.3659433249488	-17.2056441316944	62.7353058652312	-13.204591666719	41.3659433249488	-13.204591666719	51.3506625032656
15660000	9.88553373668886	-0.531215463843188	12.8311450609859	-0.531215463843188	60.0695961090345	-5.74014418072015	12.8311450609859	-5.74014418072015	47.1470161566993
15670000	7.9877599846604	-8.69838216624121	17.4437362591823	-8.69838216624121	52.2803828391049	-13.5253581779761	17.4437362591823	-13.5253581779761	60.2343535383507
15680000	3.87373561734776	-5.8210818573846	9.26424802986062	-5.8210818573846	46.3152331044225	-5.57783385313827	9.26424802986062	-5.57783385313826	42.8015637984185
15690000	6.39022835247902	-2.70029137187009	12.9829623546365	-2.70029137187009	42.4579353351449	-2.06981860301357	12.9829623546365	-2.06981860301357	53.447785229295
15700000	4.26906896681728	0.320601630376055	8.91807163317103	0.320601630376055	59.5550577414076	-6.76453549494567	8.91807163317103	-6.76453549494567	41.3967364075553
15710000	11.5922348289896	-3.98593888614125	23.2192700084962	-3.98593888614126	52.9015014165224	-0.798289743283984	23.2192700084962	-0.798289743283983	61.9777718775294
15720000	3.97526406973705	3.50224996186934	9.18899003749286	3.50224996186934	69.7898134608289	7.00490414602982	9.18899003749286	7.00490414602982	39.2485232169619
15730000	6.95602374725552	-5.8382041189345	11.7741700894196	-5.8382041189345	70.881110227931	-3.02288289804258	11.7741700894196	-3.02288289804258	36.6788798555927
15740000	4.24142031461372	-6.18889476051718	11.0650953982194	-6.18889476051718	77.8469406316539	-16.4072500795551	11.0650953982194	-16.4072500795551	53.3446301768161
15750000	2.02080735158177	-3.37423275338145	3.71761537951079	-3.37423275338145	59.7156285956181	-9.21801576331006	3.71761537951078	-9.21801576331006	44.388286071929
15760000	2.89505192177575	-2.61940200844134	7.37861680391307	-2.61940200844134	53.4304481514307	-5.62805861234127	7.37861680391307	-5.62805861234127	43.5331332227038
15770000	1.85879018571195	-2.03023292803319	5.0936262290444	-2.03023292803319	51.6886978612201	-10.4511140088769	5.0936262290444	-10.4511140088769	46.6278818514615
15780000	6.1715480105865	-2.4823152968285	15.7072804608479	-2.4823152968285	61.0893029695504	-8.91387783418068	15.7072804608479	-8.91387783418069	64.2590090962012
15790000	5.74160327965258	-4.92717402223244	16.4004389283796	-4.92717402223244	72.2155983925686	-10.0319196844554	16.4004389283796	-10.0319196844554	65.7572694563309
15800000	9.62758132629505	-5.06392540207352	15.3557604626832	-5.06392540207352	53.7365992041561	-4.1161470207592	15.3557604626832	-4.1161470207592	42.2232298760321
15810000	2.23448160822999	-3.77106114795852	6.89702642264783	-3.77106114795852	59.9675014804296	-9.03505494460616	6.89702642264783	-9.03505494460616	53.5102141107313
15820000	3.31781392521752	-4.65945583602149	6.30782313434982	-4.65945583602149	73.6063069804617	-5.18166837116489	6.30782313434982	-5.18166837116489	34.5604993371585
15830000	5.94557819478498	-1.30992265964097	8.13155801657339	-1.30992265964097	58.069563772656	-7.8657755167278	8.13155801657339	-7.8657755167278	43.1501779780883
15840000	3.24672727006934	-2.58815780995787	11.3097420853829	-2.58815780995787	40.8881276996624	-7.65846962639094	11.3097420853829	-7.65846962639094	52.8236518736897
15850000	2.28667230042652	-2.14183836665345	6.5463979775618	-2.14183836665345	58.5778941971698	-6.28048958761328	6.5463979775618	-6.28048958761328	46.4921977912897
15860000	4.69141659170355	-0.979496682628137	11.3131126749526	-0.979496682628137	50.7033102669046	-4.23477687956641	11.3131126749526	-4.23477687956641	46.6138416060517
15870000	9.75177537252925	-7.95008162622254	18.678938129092	-7.95008162622254	72.9470459750056	-16.4095709922936	18.678938129092	-16.4095709922936	45.6053385940477
15880000	10.9757429735633	-5.30343497103405	18.3278147976034	-5.30343497103405	58.0541390137775	-3.35292514609278	18.3278147976034	-3.35292514609278	42.0447019582988
15890000	10.3584020515103	-2.43512547788002	16.6846906353002	-2.43512547788002	41.5428615301539	-7.31859882360281	16.6846906353002	-7.31859882360281	52.1944309800664
15900000	7.60561026295505	-3.57627732068396	15.3839004258633	-3.57627732068396	49.4690931884972	-0.83388633144647	15.3839004258633	-0.833886331446472	46.947453646101
15910000	18.0950389640136	-8.34928782469446	24.6370687750301	-8.34928782469446	52.8015128119212	-3.43153128474239	24.6370687750301	-3.43153128474239	47.4132590266817
15920000	8.4639712774671	2.33758815378538	17.2065053849065	2.33758815378538	95.9075784801918	-5.95794091629333	17.2065053849065	-5.95794091629333	55.0529576598097
15930000	6.92084422423774	2.17318104750167	9.26877133667069	2.17318104750167	68.9412580409791	-25.1888514591629	9.26877133667069	-25.1888514591629	53.0783189368348
15940000	12.5806066061625	-10.5371958288927	17.2617524682179	-10.5371958288927	59.6492171998699	-23.6247960191889	17.2617524682179	-23.6247960191889	54.2123241674114
15950000	10.2185034009989	-7.48842949339039	16.910872304173	-7.48842949339039	46.2779177759328	-5.38754666948319	16.910872304173	-5.38754666948319	58.384249677932
15960000	5.28539253951635	-0.285828566069547	13.0598840091644	-0.285828566069547	48.5361988739482	7.80991858621249	13.0598840091644	7.80991858621249	54.2159834717237
15970000	3.46876158562406	-3.7377225157958	8.91337283582188	-3.7377225157958	53.0244821658726	-6.19327278934806	8.91337283582188	-6.19327278934806	38.4907387571628
15980000	4.19352482819538	-4.49901070704166	13.2807307074816	-4.49901070704166	49.8765520328881	-13.7996099318024	13.2807307074816	-13.7996099318024	68.2250453837063
15990000	0.970640643302273	-0.233687055498918	2.15350413427826	-0.233687055498918	59.1183253358661	-6.97864903359599	2.15350413427826	-6.97864903359599	44.3100611652937
1.6e+07	2.69041277306785	-2.39985188881779	7.45664552897368	-2.39985188881779	62.5037150035902	-11.5699793877812	7.45664552897368	-11.5699793877812	44.8214865419021
16010000	4.72801139606848	-5.58245250387019	13.8549757025787	-5.58245250387019	73.8484771883466	-15.8644977051898	13.8549757025787	-15.8644977051898	62.7097632528329
16020000	4.65686255291784	-0.681139102877213	9.07564722740956	-0.681139102877213	43.6085919408783	-1.03256447550343	9.07564722740956	-1.03256447550343	43.8894533640337
16030000	10.6419570973059	-7.36848152948594	11.2070713281628	-7.36848152948594	69.7463301343283	-12.9679498194781	11.2070713281628	-12.9679498194781	39.1014059543311
16040000	7.52775392440059	3.4736391767015	12.1529724916343	3.4736391767015	68.0259256936315	4.53710946795141	12.1529724916343	4.53710946795141	48.2201769999575
16050000	20.706743415995	-4.89386764117673	17.3604532572405	-4.89386764117673	53.4455259580319	-5.10152061807702	17.3604532572405	-5.10152061807702	44.3786065885529
16060000	3.11538091371914	-3.52576004038369	10.163324125119	-3.52576004038369	64.1862935168179	-11.0651465304628	10.1633241251191	-11.0651465304628	62.5035528656208
16070000	14.4769560604743	-12.4198048591242	21.9756179227192	-12.4198048591242	64.855133214531	-6.84762333571333	21.9756179227192	-6.84762333571333	47.3886244262106
16080000	16.6271237942623	-8.30371049615405	29.559260850523	-8.30371049615405	52.2759551566531	-11.2106087065782	29.559260850523	-11.2106087065782	69.9453745475913
16090000	1.41336486148136	-0.30643622103568	0.483504629637047	-0.30643622103568	56.8985049125341	-8.85437692442626	0.483504629637047	-8.85437692442626	41.1280426049423
16100000	4.19562739053572	-7.5758300126667	9.91118385911548	-7.5758300126667	54.2489233170815	-14.8345189047588	9.91118385911548	-14.8345189047588	59.6043402948284
16110000	9.11867868393014	-2.30352634033734	18.482999236938	-2.30352634033734	57.1181112127562	-6.50656430152763	18.482999236938	-6.50656430152763	46.9183274885487
16120000	17.2002097353591	-11.85167600246	27.0839941389126	-11.85167600246	66.9511139471765	-7.94974351746497	27.0839941389126	-7.94974351746496	58.8982878734241
16130000	7.92393873311484	0.31094324382378	11.5731135357897	0.31094324382378	63.2313099446889	-1.08593819023282	11.5731135357897	-1.08593819023282	41.6828305575333
16140000	10.7777103568	0.134808444304268	20.5167083701607	0.134808444304269	47.529419551642	-9.19394510882485	20.5167083701607	-9.19394510882485	59.0554069184801
16150000	12.7825657558506	-3.2695866690158	18.8549555673084	-3.2695866690158	59.2758978235631	1.71644309918751	18.8549555673084	1.71644309918751	41.1428475503701
16160000	14.5601010170729	-6.2393450460135	20.3445252897119	-6.2393450460135	50.1771474890306	-12.1751093926018	20.3445252897119	-12.1751093926018	61.8384943244798
16170000	3.38569391145494	-2.36330013986833	8.68533943714755	-2.36330013986833	58.0986782853475	-8.1198954944755	8.68533943714755	-8.1198954944755	52.731296544639
16180000	10.4041009457985	-3.16671982643968	18.8171667570714	-3.16671982643968	62.9167717450495	-12.0181778783487	18.8171667570714	-12.0181778783487	45.3339826202827
16190000	3.17891392887237	-4.7749588858299	8.60017451747922	-4.7749588858299	55.9240768244668	-4.59758396544931	8.60017451747922	-4.59758396544931	49.7915751827315
16200000	4.38860389379751	-2.84325323427002	11.9961608089666	-2.84325323427002	63.8674965910386	-14.1564642380088	11.9961608089666	-14.1564642380088	51.4917217143978
16210000	5.73612737873595	-6.4546299428268	13.5441845621822	-6.4546299428268	59.1604476186886	-17.3737672246901	13.5441845621822	-17.3737672246901	48.7497814910948
16220000	3.20205474635123	-1.68623111470655	8.33143718195588	-1.68623111470655	71.1483358541722	-0.847944480303403	8.33143718195588	-0.847944480303403	49.5096267837848
16230000	3.08390082122138	-4.65399578721688	10.1204986736034	-4.65399578721688	60.6272181682666	-13.3071302044877	10.1204986736034	-13.3071302044877	51.742869570362
16240000	7.65232540127994	-7.40257950371505	12.5671600952933	-7.40257950371505	67.3334724008819	-4.14914329411162	12.5671600952933	-4.14914329411162	33.7138033041515
16250000	3.14533689878844	-2.7205868941536	7.52813776196191	-2.7205868941536	70.4073180447308	-12.7916300150362	7.52813776196191	-12.7916300150362	43.2940550591408
16260000	28.7666642749004	-24.810381328705	29.220242679133	-24.810381328705	79.4853861594187	-17.6021281794136	29.220242679133	-17.6021281794136	45.0517829257329
16270000	6.82103047952288	2.99019434865624	9.24913694421116	2.99019434865624	51.2086323826621	-6.21259540137472	9.24913694421116	-6.21259540137472	38.1134526025057
16280000	7.02696526184326	0.915045752958109	19.7118904111137	0.915045752958109	63.1313461939421	-6.20779760699689	19.7118904111137	-6.20779760699689	76.23849470393
16290000	17.1377502491964	-1.40526097243594	32.182410949611	-1.40526097243594	49.3556946521651	-0.0425137964822794	32.182410949611	-0.0425137964822798	70.3803029813117
16300000	17.8466257235403	-12.6018459202564	20.0407338937726	-12.6018459202564	70.3194817498693	-14.9937527579206	20.0407338937726	-14.9937527579206	41.4549358692252
16310000	19.5123842934189	-9.54064507841797	19.3660411323947	-9.54064507841797	64.0481685216766	-12.7060861951026	19.3660411323947	-12.7060861951026	50.4144157905925
16320000	16.1284315940405	-5.94772596146702	28.1959184458258	-5.94772596146702	54.4833707669926	-12.2475585618523	28.1959184458258	-12.2475585618523	61.0927719726957
16330000	12.1817453471109	-3.25592560734802	19.9074938824697	-3.25592560734802	45.2553381119385	-4.93223108921289	19.9074938824697	-4.93223108921289	43.6239162264146
16340000	6.03042237329359	-3.26195714577454	14.6787588498182	-3.26195714577454	71.9172867046248	-9.99782342419225	14.6787588498182	-9.99782342419225	48.6050354980207
16350000	4.67224713583024	1.55381403898629	11.2555195027098	1.55381403898629	45.2776922829386	-1.26524849907177	11.2555195027098	-1.26524849907177	44.4914221990473
16360000	2.58268559636638	-1.24003703197292	9.91090523061662	-1.24003703197292	56.9561694231387	-5.96579034170525	9.91090523061662	-5.96579034170525	64.0655177475659
16370000	2.35625799082873	1.22317564316073	6.01538425763581	1.22317564316073	67.993477862679	-6.2392480766657	6.01538425763581	-6.2392480766657	35.0203974935284
16380000	6.55679317455494	-7.42592967475194	16.0650900368713	-7.42592967475194	44.7269103049257	-12.3859424696056	16.0650900368713	-12.3859424696056	55.8735294680391
16390000	13.469579939817	-7.20848458553296	26.0505990740751	-7.20848458553296	73.6745823946186	-9.72722286211343	26.0505990740751	-9.72722286211343	61.9679446247454
16400000	6.18742849486885	-14.4301004772405	13.2020621024976	-14.4301004772405	77.9480877349276	-22.0281185779312	13.2020621024976	-22.0281185779312	44.2821030874102
16410000	5.48880376642256	-3.57085617610876	12.5001243752178	-3.57085617610876	47.9455541680215	-0.634677242102675	12.5001243752178	-0.634677242102673	55.7350597589559
16420000	1.80783395889316	-2.62337822355144	6.52323828539633	-2.62337822355144	65.2731301149002	7.42257663308722	6.52323828539633	7.42257663308722	53.5214543100106
16430000	5.07353422980765	0.944608000589823	13.0599506372046	0.944608000589823	48.5315267367905	-2.16867572705963	13.0599506372046	-2.16867572705963	53.0610043234566
16440000	5.50677360970241	-1.68298266037949	14.2944192745739	-1.68298266037949	47.5101673121532	-8.85656357071196	14.2944192745739	-8.85656357071196	59.9275134927016
16450000	3.36120766356451	-1.66335547458938	7.26755391574324	-1.66335547458938	48.7008200663988	-5.50171444334921	7.26755391574324	-5.50171444334921	44.6713817457661
16460000	1.57010918439949	-2.17579462181943	5.14525576822556	-2.17579462181943	54.5767347584425	-2.74006833729082	5.14525576822556	-2.74006833729082	50.9152723067677
16470000	1.96006680022982	-3.33981331653224	5.64979444275645	-3.33981331653224	73.652518805708	-16.267433034052	5.64979444275645	-16.267433034052	48.5923761508674
16480000	5.09398847603128	-2.69097757971591	12.826996949466	-2.69097757971591	77.8165338140114	-4.4978479833496	12.826996949466	-4.4978479833496	49.2746037387546
16490000	3.74483298071058	-6.54295102636839	7.63284081403873	-6.54295102636839	74.6933064429655	-5.43775502156968	7.63284081403873	-5.43775502156968	31.5778626239864
16500000	59.69579886025	-8.55483565855877	51.9239137412988	-8.55483565855877	53.6689686690948	-0.127972332845271	51.9239137412988	-0.12797233284527	61.8104667899266
16510000	10.8244318643751	1.35924264115128	13.8615417677532	1.35924264115128	49.7247362190776	-7.4582656295609	13.8615417677532	-7.4582656295609	46.1459472054374
16520000	4.35142034962979	0.65959025824702	12.8708950541495	0.65959025824702	56.8348036036266	-2.25139570978287	12.8708950541495	-2.25139570978287	57.8875370349201
16530000	2.48302783191672	-6.48131147769597	8.98902973127053	-6.48131147769597	75.4278222774847	-15.2453868385676	8.98902973127053	-15.2453868385676	55.9403520068416
16540000	4.5810898389821	-6.05111412050232	11.5428529914051	-6.05111412050232	68.5140180364405	-7.03822820432367	11.5428529914051	-7.03822820432367	44.2720919620667
16550000	3.74980499443717	-7.05475187156641	11.482663677958	-7.05475187156641	113.746270703267	-16.9295989465005	11.482663677958	-16.9295989465005	61.7841250441536
16560000	3.41090913192669	-2.60566058629881	7.03090236581543	-2.60566058629881	45.4453037082777	-6.66523336982281	7.03090236581543	-6.66523336982281	40.8481386856966
16570000	4.91151410273156	-5.91257402667798	11.5513254158513	-5.91257402667798	44.2930212838496	-9.25850082829737	11.5513254158513	-9.25850082829737	49.0401210238563
16580000	3.65740179751398	-4.93201670282298	7.78690624296001	-4.93201670282298	106.625960783673	-5.73725250735503	7.78690624296001	-5.73725250735503	37.5081563255758
16590000	9.48720289452016	-3.57414934227864	20.356125240381	-3.57414934227864	59.3082381328371	-9.55650144328773	20.356125240381	-9.55650144328773	60.7161558115381
16600000	11.6659488245589	-1.19610143667421	19.9354066343095	-1.19610143667421	60.1794699789042	-18.0370359636997	19.9354066343095	-18.0370359636997	57.1507733151475
16610000	3.56111962545726	3.42326925969357	9.13944014386222	3.42326925969357	67.364605371101	3.84602742255933	9.13944014386221	3.84602742255933	46.9390212246084
16620000	2.37263682605355	-2.65431182950524	9.22992041578092	-2.65431182950524	54.9425637350969	0.480428457325318	9.22992041578092	0.48042845732532	67.8977610724213
16630000	4.20847266244793	-5.85285392548772	10.5745586623631	-5.85285392548772	64.7128812252138	-4.19233167426483	10.5745586623631	-4.19233167426482	47.5085751511799
16640000	2.81533272089085	2.33342763754859	9.6551855623138	2.33342763754859	110.697549014307	-33.2489340856491	9.6551855623138	-33.2489340856491	78.5635348996625
16650000	6.26578070654207	-4.1344897619365	15.3502624987441	-4.1344897619365	51.6776424855847	-15.2690444375344	15.3502624987441	-15.2690444375344	56.2890327820251
16660000	11.862796583067	-4.2843389834228	22.5711096027783	-4.2843389834228	68.6013057500978	-7.30159488825775	22.5711096027783	-7.30159488825775	53.3993489003052
16670000	3.88177813055503	-6.99796177892512	11.2961129429779	-6.99796177892512	58.9319112433335	-17.6641858206733	11.2961129429779	-17.6641858206733	56.6917974194789
16680000	7.5435801162103	-1.53008917490315	15.4424918490967	-1.53008917490315	36.3829223893715	-4.80393848563375	15.4424918490967	-4.80393848563374	50.6340558513253
16690000	4.94275192204478	-3.33544115889584	15.1335040523044	-3.33544115889584	67.4424261927351	-3.29609363905518	15.1335040523044	-3.29609363905518	69.9359737363647
16700000	3.56446062588922	-4.27064839110717	9.45815272385154	-4.27064839110717	79.7663224379574	-6.50943141177269	9.45815272385154	-6.50943141177269	42.5031873441193
16710000	4.23914664251916	-7.09581195525288	12.9736028195336	-7.09581195525288	62.7451878770023	-29.8106649065614	12.9736028195336	-29.8106649065614	64.4589427366685
16720000	2.49052100938454	-0.073687911949201	9.00996785547011	-0.073687911949201	70.0995921918205	12.4239906149508	9.00996785547011	12.4239906149509	55.9381069491263
16730000	3.66496398392902	0.512864888284606	10.074604667883	0.512864888284606	69.6109370955694	5.19410703126587	10.074604667883	5.19410703126587	42.3767518131203
16740000	17.1225017609676	-8.90727306005021	25.5024896020412	-8.90727306005021	55.7451427232505	-14.9455671896763	25.5024896020412	-14.9455671896763	49.0598151285995
16750000	11.6430894528989	-1.77836027629813	16.4878904712437	-1.77836027629813	53.7903031971157	-3.32644047654848	16.4878904712437	-3.32644047654848	45.2242471009087
16760000	1.08208314131822	-0.420813317650887	3.49916244270454	-0.420813317650887	39.4166717383399	1.03874073638202	3.49916244270454	1.03874073638202	45.53693741066
16770000	3.02489543535949	-4.79835522764082	6.31106336627116	-4.79835522764082	57.420592962918	-19.0438984004038	6.31106336627116	-19.0438984004038	49.0289974033458
16780000	4.88088739032223	-6.28725733456695	11.2617301430492	-6.28725733456695	55.7230385782371	-20.4128995251069	11.2617301430492	-20.4128995251069	54.8552626670258
16790000	3.46903521821452	-1.03632169780883	5.99243213733815	-1.03632169780883	44.8758439618762	-5.85555697866692	5.99243213733815	-5.85555697866692	41.1622225334804
16800000	9.4444607584184	-5.04121942834312	24.0028541599106	-5.04121942834312	53.5070458313881	-10.4279011921212	24.0028541599106	-10.4279011921212	75.7539044261307
16810000	3.001617522198	-2.00402538433224	8.16775488290717	-2.00402538433224	74.9720488582871	-14.1129580365804	8.16775488290717	-14.1129580365804	57.4007330302696
16820000	19.0654654069002	-13.3985508694865	31.233185669269	-13.3985508694865	61.5219619104406	-11.167472205621	31.233185669269	-11.167472205621	72.5887525984135
16830000	9.85711517357955	5.30918283054874	15.9715975495736	5.30918283054875	59.5291752650558	-4.70144298479532	15.9715975495736	-4.70144298479532	66.6857149404082
16840000	8.06666858070396	-7.10627782761625	18.9594804445344	-7.10627782761625	53.0184857449082	-12.9697372448087	18.9594804445344	-12.9697372448087	60.610556158624
16850000	12.5486503467903	-10.4036968848033	17.6093048810228	-10.4036968848033	68.8525495608444	-0.0215464752616937	17.6093048810228	-0.0215464752616894	41.3394514383429
16860000	8.38528962006203	-3.6942826071155	19.9057070213628	-3.6942826071155	44.4347159434023	-5.85132543714104	19.9057070213628	-5.85132543714103	57.2739963722505
16870000	19.1910563633513	-2.90558045827492	19.6885274210776	-2.90558045827492	59.8586860410341	-8.11437106752054	19.6885274210776	-8.11437106752054	38.7972449442381
16880000	7.20516273871842	-3.39023290234877	14.9965512264804	-3.39023290234877	68.2677060192441	-22.6793640988927	14.9965512264804	-22.6793640988927	60.6564939159209
16890000	3.43820718708525	-4.21287077227563	7.86317515410423	-4.21287077227563	53.3042458553727	-11.4213793050495	7.86317515410423	-11.4213793050495	50.9210604606509
16900000	8.06326539945705	-8.52324404705165	11.0146912827107	-8.52324404705165	60.8983634627871	-1.98600117125793	11.0146912827107	-1.98600117125793	58.9128253793244
16910000	1.59467550929602	-2.83894583971801	5.3517312579944	-2.83894583971801	38.2353072990004	-4.25226872233648	5.3517312579944	-4.25226872233648	48.2159299658092
16920000	1.48803477214812	1.06795022844118	3.68996861155676	1.06795022844118	56.3253408633778	-13.6967332939805	3.68996861155676	-13.6967332939805	39.946643193144
16930000	4.15556267545136	2.00167478949662	11.2329319693653	2.00167478949662	68.0191362579539	-1.91130975354189	11.2329319693653	-1.91130975354189	57.8617934458969
16940000	1.81982158889341	-2.1093457949941	4.85575759000624	-2.1093457949941	46.0472821025308	-16.9185202059884	4.85575759000624	-16.9185202059884	50.2294131032338
16950000	4.75466041529941	-8.55044099698913	10.4008490047767	-8.55044099698913	74.5710091541277	-20.4209358018413	10.4008490047767	-20.4209358018413	49.7440130956286
16960000	5.75699933739568	-5.51461814211681	13.0623048563022	-5.51461814211681	49.2803959191144	-12.1614547265572	13.0623048563022	-12.1614547265572	44.8885403903771
16970000	12.1781341846841	-2.98326803920397	17.872965952225	-2.98326803920397	59.4387069786335	-10.7533078576733	17.872965952225	-10.7533078576733	55.8299857676075
16980000	23.9901966533807	-0.00770694098777919	23.1400810197018	-0.0077069409877794	70.0017784483825	-1.79916788775326	23.1400810197018	-1.79916788775325	38.5051542477357
16990000	3.65882710002853	0.906262697063012	6.28777491122429	0.906262697063012	65.2091911255268	-4.35169963526209	6.28777491122429	-4.35169963526209	39.5613606620714
1.7e+07	21.2172011610146	-4.11069808941954	31.3845513408477	-4.11069808941954	66.5789048875107	-12.730701132195	31.3845513408477	-12.730701132195	61.2928598473058
17010000	16.9350445252302	-8.90719646813717	25.9469106560134	-8.90719646813717	55.9553159321035	-6.10463639615813	25.9469106560134	-6.10463639615813	51.0397553955429
17020000	13.7342878618289	-10.8955197601374	18.8733468050318	-10.8955197601374	64.534888140879	-8.39936788049887	18.8733468050318	-8.39936788049887	38.5520362548008
17030000	5.99857387146194	-3.6115124243194	15.3257043258151	-3.6115124243194	59.1321904305498	-8.29329240840588	15.3257043258151	-8.29329240840587	55.3277260535221
17040000	1.4549512341326	-0.454510406045623	5.11605398008643	-0.454510406045623	44.718478442517	-16.2549315793172	5.11605398008643	-16.2549315793172	65.8249941307673
17050000	6.64832021805625	-7.50252123230693	14.1372275714004	-7.50252123230693	46.002884058249	-12.6160151667874	14.1372275714004	-12.6160151667874	43.6212466103668
17060000	4.45650728517466	-1.95303032351168	12.1922050132173	-1.95303032351168	50.4728931326551	-4.22464153203016	12.1922050132173	-4.22464153203016	48.498268284044
17070000	2.99689074553622	-2.4418764335343	7.80613890084446	-2.4418764335343	67.8819340719115	-7.35405109622664	7.80613890084447	-7.35405109622664	48.460221113329
17080000	13.0308449455206	-12.44131122379	25.0099067011594	-12.44131122379	82.8826797680807	-30.4078259177033	25.0099067011594	-30.4078259177033	59.2503830618368
17090000	8.87971251676608	-1.66681478395523	18.7457907466319	-1.66681478395523	45.9402161488245	-6.60555616415497	18.7457907466319	-6.60555616415497	55.4013834392851
17100000	14.1400864056654	-7.48091619784832	24.4562291610315	-7.48091619784832	68.3478214707749	-19.6096837085395	24.4562291610315	-19.6096837085395	64.7234239422865
17110000	47.316462289371	-13.8573796097139	39.1446013827219	-13.8573796097139	51.1340923690975	-12.6932794501464	39.1446013827219	-12.6932794501464	54.1399484394752
17120000	40.0493833843836	-3.91407009666833	39.4759361540485	-3.91407009666833	46.1674851843068	-2.07902723684429	39.4759361540485	-2.07902723684429	52.2948286504919
17130000	9.32961881956383	-7.3050539308422	17.1846428133834	-7.3050539308422	63.0313193740325	-9.54458177584005	17.1846428133834	-9.54458177584005	44.2701055021187
17140000	6.60783172341722	1.12075529371586	11.5776009098136	1.12075529371586	49.4699778087724	0.71806959624578	11.5776009098136	0.718069596245781	38.0085305368916
17150000	4.88542490408771	-0.367297402031474	9.66587437322945	-0.367297402031474	50.795204806368	-2.31126274333835	9.66587437322945	-2.31126274333835	57.4930020852079
17160000	4.23086933672338	-5.63255630425273	10.5792333550829	-5.63255630425273	62.3163447521403	-11.6771986967092	10.5792333550829	-11.6771986967092	36.4487917061116
17170000	1.86763993799362	-3.16063224204445	5.08229473554851	-3.16063224204445	63.6476374339773	-2.22733340450297	5.08229473554851	-2.22733340450297	36.5082110201092
17180000	4.05866967658678	-0.334529155822396	7.66589616151939	-0.334529155822396	47.2184597461885	-10.9401642123112	7.66589616151939	-10.9401642123112	58.2522946268653
17190000	16.817458456067	-0.619885066568242	23.3861514134267	-0.619885066568242	78.4290210147114	-1.3398999010258	23.3861514134267	-1.3398999010258	53.2905354469239
17200000	18.8288403687109	-13.2023640915733	24.5061925086882	-13.2023640915733	62.8950732365202	-13.3798326293338	24.5061925086882	-13.3798326293338	42.3607791477426
17210000	2.31113303264037	-1.0711393206228	2.2266125742694	-1.0711393206228	66.9505309108298	-2.53472601284344	2.2266125742694	-2.53472601284344	45.4894802319201
17220000	3.677091507173	-7.28806123563509	12.7864591061871	-7.28806123563509	66.185570591039	-22.0942972619955	12.7864591061871	-22.0942972619955	57.5890028263917
17230000	3.96228733948631	-5.03816549099242	13.3598968245616	-5.03816549099242	59.8015374975197	-13.8050360827686	13.3598968245616	-13.8050360827686	63.7559256405724
17240000	4.13967331226763	-1.96828712196492	11.7846675634366	-1.96828712196492	67.7310132917468	-4.57609428636804	11.7846675634366	-4.57609428636804	50.8869129054038
17250000	1.11805491817697	2.21305714515415	1.84072175185869	2.21305714515415	64.9452605581714	-5.90656987354722	1.84072175185869	-5.90656987354722	61.1123251134589
17260000	1.98036350236614	-1.11532419932898	5.56710780115392	-1.11532419932898	56.6486599049577	-6.3173062125764	5.56710780115392	-6.3173062125764	34.6069970184316
17270000	3.58895552256054	1.21109611859904	7.94888926564075	1.21109611859904	51.6141232861341	-7.45779713439999	7.94888926564075	-7.45779713439999	45.023842873554
17280000	4.44153233839064	-0.184958466684955	13.8001730548486	-0.184958466684955	63.82478748333	4.61457362841865	13.8001730548486	4.61457362841865	57.2005348309993
17290000	2.28251619984674	-7.60266144512118	7.65992241028782	-7.60266144512118	79.6415115472379	-21.6738176079631	7.65992241028782	-21.6738176079631	52.3747990953755
17300000	7.70592263083414	-4.92356435051764	14.6991608177702	-4.92356435051764	58.7750397309281	-6.59261407451571	14.6991608177702	-6.59261407451571	38.8690953151033
17310000	2.6608618586439	-3.4315894898269	8.59649300253526	-3.4315894898269	56.6342076776482	-8.42063736146538	8.59649300253526	-8.42063736146538	56.0432955361785
17320000	2.335902350785	-5.87539091898233	6.43504529564219	-5.87539091898233	74.7406899785269	-7.92224063674364	6.43504529564219	-7.92224063674364	44.8261462195917
17330000	4.14296979051338	-3.27189096837577	10.9004029582704	-3.27189096837577	55.8183645806997	-10.1295438798836	10.9004029582704	-10.1295438798836	44.9951667653739
17340000	5.90509812843813	-5.12349742029315	13.8491221834134	-5.12349742029315	47.0979295103709	-9.48649068714708	13.8491221834134	-9.48649068714708	50.4976385594251
17350000	6.80322836413628	-3.71317134530837	12.2572969220883	-3.71317134530837	70.4889755080112	-7.76587282487638	12.2572969220883	-7.76587282487638	44.2722963078777
17360000	21.7109753215011	-16.065596386972	22.8487282289923	-16.065596386972	64.7511279866465	-9.64115410297284	22.8487282289923	-9.64115410297284	50.7947179048106
17370000	10.6382091603774	-3.20773510864683	12.890917211611	-3.20773510864683	90.9824968567082	-15.5620872555211	12.890917211611	-15.5620872555211	50.7383095966965
17380000	6.52679557798389	-8.2806163909618	9.46521071634634	-8.2806163909618	72.1145441270685	-9.03723932612845	9.46521071634635	-9.03723932612845	43.8215337189709
17390000	7.27093605570143	-7.59390074740924	11.6746165635562	-7.59390074740924	66.0950738143448	-12.1157799022884	11.6746165635562	-12.1157799022884	40.2950216501238
17400000	3.66070741396855	-1.70794407675434	11.3400532511318	-1.70794407675434	78.4336280422008	-12.2765433552319	11.3400532511318	-12.2765433552319	70.4334682478597
17410000	3.63055849236194	-1.53926043730804	7.5023977459713	-1.53926043730804	62.2590729500699	-2.29334985921922	7.5023977459713	-2.29334985921922	46.4684422937468
17420000	18.9788639509691	-12.1559849638587	32.0534778014525	-12.1559849638587	68.663983805617	-11.4847121844692	32.0534778014525	-11.4847121844692	64.1674645343602
17430000	4.115158322626	-2.78581703702114	10.853553899437	-2.78581703702114	45.6674728363687	-11.8800858391457	10.853553899437	-11.8800858391457	52.8289444847505
17440000	2.69906423932549	-4.01104365736024	10.2955189501734	-4.01104365736024	75.3009292150521	-9.07685107411634	10.2955189501734	-9.07685107411634	52.5726050678154
17450000	2.63131167856553	-2.59752618574633	7.91668444450128	-2.59752618574633	59.637073614758	-18.14132509784	7.91668444450128	-18.14132509784	57.4946725770175
17460000	2.06898195007416	-1.46900408819137	3.77144523446832	-1.46900408819137	103.430517928599	-4.68755336489083	3.77144523446832	-4.68755336489083	29.0293945388324
17470000	4.40669843883914	-2.8031597769602	10.0966310792326	-2.8031597769602	51.6717386393449	-8.2435607215385	10.0966310792326	-8.2435607215385	41.0829399389898
17480000	24.0620137199506	-8.39494927747338	30.7275876432477	-8.39494927747339	66.2262937268555	-16.0095910316112	30.7275876432477	-16.0095910316112	59.284454407015
17490000	16.8668402182162	-5.48238437960111	28.7537778356255	-5.48238437960111	66.7672795530189	-1.89062749796639	28.7537778356255	-1.89062749796639	63.2566948619898
17500000	4.6621321965337	-2.41542763768559	11.0989286774959	-2.41542763768559	50.9042309904182	-6.00558224034208	11.0989286774959	-6.00558224034208	44.7849461726595
17510000	9.22607868412132	-4.07202387884149	18.1250918037612	-4.07202387884149	71.709538454097	0.771314910725977	18.1250918037612	0.77131491072598	48.6564837482661
17520000	12.1624696187025	0.174452274973963	11.5512173010077	0.174452274973963	64.4481468816362	-10.8360823116694	11.5512173010077	-10.8360823116694	56.7300226481063
17530000	51.6726599742609	-23.9260187156252	31.758675109804	-23.9260187156252	56.5602147823474	-10.4980183286968	31.758675109804	-10.4980183286968	37.9729942882498
17540000	33.5592619846254	-5.73102564624662	42.3767281035773	-5.73102564624662	61.1210544237608	-2.82571601351561	42.3767281035773	-2.82571601351561	69.9739213798424
17550000	21.9620522997604	-19.1170091304779	21.7409898878098	-19.117009130478	93.4101043581803	-8.28058898949256	21.7409898878098	-8.28058898949256	49.9865906791195
17560000	3.52029021393734	-2.24811731842343	13.7152936688083	-2.24811731842343	58.8743638868043	1.30683690066148	13.7152936688083	1.30683690066148	75.496155754871
17570000	6.2833250066384	-1.38955716287157	18.7899038657305	-1.38955716287157	53.3177706601354	6.33365559735934	18.7899038657305	6.33365559735934	84.143596167824
17580000	3.5222962268589	-3.98477072397163	10.1895681523	-3.98477072397163	41.4853244106907	-11.7081854372232	10.1895681523	-11.7081854372232	49.4235106878828
17590000	3.42616795268645	2.22933201076825	4.05311150987266	2.22933201076825	65.0318465300123	-12.2038008359922	4.05311150987266	-12.2038008359922	39.2103216739778
17600000	14.2633501399506	-3.67278156301889	21.096035723682	-3.67278156301889	47.4844786527245	1.21471082014304	21.096035723682	1.21471082014304	49.6171594524228
17610000	25.6647619708701	-11.5986971372923	28.9486673882944	-11.5986971372923	65.8560841961527	-5.2009908745355	28.9486673882944	-5.2009908745355	55.9799050751764
17620000	18.6891359744523	-3.58684690942026	28.8492956989939	-3.58684690942026	55.2965772061625	-8.20072167295073	28.8492956989939	-8.20072167295073	52.9589556532811
17630000	3.0490344958821	-3.54930460526752	10.4871806445755	-3.54930460526752	62.9792148595549	-14.9699048791391	10.4871806445755	-14.9699048791391	49.5030357327331
17640000	7.24427665853844	-2.22863348433278	16.9833572021228	-2.22863348433278	78.8120432426059	-9.41423862266675	16.9833572021228	-9.41423862266675	55.2000808861779
17650000	3.63684559864142	-0.719926551339004	11.8463690205762	-0.719926551339004	75.5150652595244	-0.963070928006927	11.8463690205762	-0.963070928006927	47.523003915004
17660000	7.08526443814987	-9.48471466863209	16.0505280817844	-9.48471466863209	77.3072960486176	-13.9129359426748	16.0505280817844	-13.9129359426748	55.099444995857
17670000	7.59514216795951	-8.75028870465188	14.8063638696071	-8.75028870465188	54.2005961540482	-16.4785243722585	14.8063638696072	-16.4785243722585	54.0713850923032
17680000	13.0928860952507	-5.50077314380272	17.6396219214824	-5.50077314380272	83.207738030476	4.76475188814867	17.6396219214824	4.76475188814867	53.7978011239938
17690000	15.4062179296745	-6.24151733030618	21.9030529972966	-6.24151733030618	73.9931464542633	-18.0381275060774	21.9030529972966	-18.0381275060774	45.0114777300281
17700000	7.19642018818758	-4.73871320477678	14.8142817157599	-4.73871320477678	45.537091457087	-8.80159869345236	14.8142817157599	-8.80159869345236	42.3748211271382
17710000	4.15789562500894	2.10632651303773	14.0899450924146	2.10632651303773	53.9943559849753	-0.25704520191964	14.0899450924146	-0.257045201919643	62.076646568801
17720000	5.9752715648195	-8.18425524084885	14.175285549718	-8.18425524084885	43.554919936321	-17.4932759156235	14.175285549718	-17.4932759156235	46.3566792589679
17730000	6.34116308793191	-3.79180142313288	12.5502104233361	-3.79180142313288	66.0478535306487	1.48363427456408	12.5502104233361	1.48363427456408	40.8259312143338
17740000	11.7218843832869	-5.68027364781942	21.8942580245226	-5.68027364781942	57.3999543484057	-7.09791805257771	21.8942580245226	-7.09791805257771	59.9324555297336
17750000	8.01628321739189	-3.10589379485242	18.6383958081075	-3.10589379485242	64.6309174888427	-1.16697760060409	18.6383958081075	-1.16697760060409	64.4877707655092
17760000	4.07389974053485	-4.88243879406684	8.55197676959111	-4.88243879406684	70.60826879083	-13.5666978988503	8.55197676959111	-13.5666978988503	49.3597137879079
17770000	5.49951036216359	-4.20293995106425	13.7085155289919	-4.20293995106425	59.2214048137064	-14.9015700377671	13.7085155289919	-14.9015700377671	48.9213320149817
17780000	5.06293431905531	-2.92763244341903	12.8700595035345	-2.92763244341903	50.0591678741843	-2.8452074174797	12.8700595035345	-2.8452074174797	49.2545623481078
17790000	8.04612476424054	4.61293845292587	13.0971892900429	4.61293845292587	72.2177018280724	-11.1780156696992	13.0971892900429	-11.1780156696992	46.6493398146873
17800000	9.2735710956959	-9.49326235983659	18.1802244433677	-9.49326235983659	49.5942771475295	-18.3304765629596	18.1802244433677	-18.3304765629596	50.689005437479
17810000	4.41632213600848	-2.37208333660092	13.8039871393985	-2.37208333660092	76.8228505481263	-6.29618230028199	13.8039871393985	-6.296182300282	59.2261526190779
17820000	5.22175365398752	0.763306075342802	9.91070569315861	0.763306075342803	51.5830714155283	-3.69386026405019	9.91070569315861	-3.69386026405019	34.3527765657241
17830000	4.03234080263347	-4.9613617433747	9.57695084006069	-4.9613617433747	55.4079311446331	-8.7215412353619	9.57695084006069	-8.7215412353619	40.7871557034626
17840000	3.55975899792516	-1.39786297739993	9.48337921415865	-1.39786297739993	58.8859501052814	-3.432910375323	9.48337921415865	-3.432910375323	41.7521618862814
17850000	3.57870788452591	-4.11909391697236	10.5661346949449	-4.11909391697236	44.8780513973298	-3.38145904444217	10.5661346949449	-3.38145904444217	47.8138148161749
17860000	8.57995178515846	-10.9998608052549	15.4180052174192	-10.9998608052549	67.0085598878005	-19.6386299957781	15.4180052174192	-19.6386299957781	43.3533649776056
17870000	6.78044198439452	-0.94343765492769	16.5234873608113	-0.943437654927689	59.580113983267	1.38886768860478	16.5234873608113	1.38886768860478	53.8588816372885
17880000	1.31888823159458	-4.26549338580282	5.08208492028916	-4.26549338580282	72.9383783330527	-23.6306409451334	5.08208492028916	-23.6306409451334	44.8028485144389
17890000	1.20397679557406	-2.24246867921146	4.98034402053598	-2.24246867921146	61.5504154513608	-8.57725574569206	4.98034402053598	-8.57725574569206	44.6772463643381
17900000	16.4320165715633	-5.2769599464282	19.3141672855856	-5.2769599464282	51.5953371448058	-7.94093140253416	19.3141672855856	-7.94093140253416	50.5383726358651
17910000	36.0431879344215	-12.4780764860757	37.1985719541508	-12.4780764860756	59.9794160391612	-9.88665654998306	37.1985719541508	-9.88665654998306	49.689286845336
17920000	11.3901181052046	3.76367886787408	11.5137541184263	3.76367886787408	54.8707673007018	-7.42267989069341	11.5137541184263	-7.42267989069341	54.1144121238534
17930000	7.13806671060297	-5.31810770097268	12.0662834246943	-5.31810770097268	70.9436197471566	-17.4342707283744	12.0662834246943	-17.4342707283744	52.9244687220111
17940000	2.32242999688425	2.23799516501466	3.88904716143576	2.23799516501466	60.5689778746593	-12.2413781686405	3.88904716143576	-12.2413781686405	55.2798150271674
17950000	3.52258481746412	0.249422376982766	7.81211950281632	0.249422376982766	60.8274613846335	-0.0849921617458166	7.81211950281632	-0.0849921617458166	40.3612975420626
17960000	14.7824775426185	-8.20590853361265	16.7807270648713	-8.20590853361265	71.7364401289141	2.85330877805526	16.7807270648713	2.85330877805526	32.0517742440164
17970000	5.39504725063972	-11.0037955352945	11.9784379748302	-11.0037955352945	78.5961541960466	-16.8251309656501	11.9784379748302	-16.8251309656501	47.8365626359253
17980000	13.1810526441283	-5.37276588925995	24.9514807933226	-5.37276588925995	45.8624479885295	-0.967052623002838	24.9514807933226	-0.967052623002841	59.523921448313
17990000	24.1692499930302	-7.86231569969832	26.6473900506394	-7.86231569969832	41.4402468189978	-4.69042718141707	26.6473900506394	-4.69042718141707	41.0982493860396
1.8e+07	15.5384815258347	-2.24538534431041	21.7379112698321	-2.24538534431041	35.7946781820989	-6.6979881477709	21.7379112698321	-6.6979881477709	51.9302791119774
18010000	18.7904335763522	-6.52701788061123	21.3181735428271	-6.52701788061123	53.342037447645	-2.10066700357361	21.3181735428271	-2.10066700357361	37.5818514337906
18020000	4.67577316461954	-3.68183372352128	8.51571833123191	-3.68183372352128	41.6077539291781	-7.16656243482885	8.51571833123191	-7.16656243482885	41.5169042783558
18030000	10.4527555934998	-4.98399958529067	19.0896538350511	-4.98399958529068	66.3437004402658	-9.16337601694964	19.0896538350511	-9.16337601694964	43.5717862429545
18040000	1.92721063422363	-3.42071837376634	4.770945144039	-3.42071837376634	67.0142714383888	-20.4260987417416	4.770945144039	-20.4260987417416	50.4890835195997
18050000	6.42373852756255	-8.73918332868073	14.1078172381628	-8.73918332868073	90.6804263307149	-5.27343265986406	14.1078172381628	-5.27343265986406	57.1409332450563
18060000	2.45176236761691	-0.460126470972224	2.64364050402094	-0.460126470972224	59.4268350286703	-18.026266457594	2.64364050402094	-18.026266457594	49.7406381811757
18070000	3.44197802815662	2.25766066605477	5.99158967678713	2.25766066605476	75.1884144982292	-6.80274785872421	5.99158967678713	-6.80274785872421	38.5743082216869
18080000	1.08602508876423	-0.353536013814204	4.76980613591054	-0.353536013814204	57.4971199282378	-17.0670596293203	4.76980613591054	-17.0670596293203	47.747837921433
18090000	2.21352059540291	2.79581572995841	4.50779642814031	2.79581572995841	55.8065545392333	-7.6070206616183	4.50779642814031	-7.6070206616183	68.8525974418883
18100000	3.13431131948303	-1.04156598345537	8.87249839952775	-1.04156598345537	43.2526854717951	-9.0790865663776	8.87249839952775	-9.0790865663776	42.9375599406921
18110000	25.1588091031655	-11.1536149573766	22.3979464117417	-11.1536149573766	50.901418332357	-17.1552248086825	22.3979464117417	-17.1552248086825	46.4081005661049
18120000	11.9251680327577	-3.22393234128248	13.9877837252301	-3.22393234128248	75.8383126324005	-16.7011806461535	13.9877837252301	-16.7011806461535	46.8043917971298
18130000	26.1613627550734	-10.9528197659949	29.0279318150929	-10.9528197659949	57.3761207441567	-13.4900931881043	29.0279318150929	-13.4900931881043	54.8220957099156
18140000	9.93547715307153	-4.34525634008641	17.396052288335	-4.34525634008641	61.2264261488024	-5.75174000217867	17.396052288335	-5.75174000217866	48.3554549257858
18150000	5.07109212683411	-4.34450509309792	7.51208306783636	-4.34450509309792	48.4864925768037	-4.69167708687203	7.51208306783636	-4.69167708687203	35.0092941106531
18160000	2.55548092868695	-4.118698520924	7.5773021373384	-4.118698520924	63.2483244438412	-12.2591135930157	7.5773021373384	-12.2591135930157	41.3158072074497
18170000	2.93402792072422	-2.09120794370779	7.12406141659535	-2.09120794370779	58.8863888989847	-7.57609622423459	7.12406141659535	-7.57609622423459	50.009390155672
18180000	1.55946395314088	2.3113997326432	1.84181125002287	2.3113997326432	79.3909578636646	-23.3293026610172	1.84181125002287	-23.3293026610172	61.6430070041192
18190000	11.705598409334	-8.35338729871446	20.8829396027058	-8.35338729871445	59.5866186848628	-6.11938598833284	20.8829396027058	-6.11938598833284	56.4254632793473
18200000	5.16168161346071	-4.2833454775596	11.1214404062643	-4.2833454775596	40.4751194406345	-13.2867082809593	11.1214404062643	-13.2867082809593	74.2683776262461
18210000	9.95853164108114	-6.17930819219152	9.97702347205898	-6.17930819219152	43.6671074853989	-5.72889978338029	9.97702347205898	-5.72889978338029	31.3739008404875
18220000	12.0888271947788	-6.55558372486593	22.6060826053753	-6.55558372486592	54.7049606821731	-12.8896261895941	22.6060826053753	-12.8896261895941	60.8598100220862
18230000	9.11928675302827	-8.32140999541808	16.7012409719437	-8.32140999541808	64.0136816691592	-13.310162773006	16.7012409719437	-13.310162773006	48.1386784753602
18240000	6.74639020500234	-4.48807754379905	14.3752070063176	-4.48807754379905	52.8655675132277	-4.82345500196574	14.3752070063176	-4.82345500196574	44.8432122301228
18250000	10.2823804736158	-3.55102774011133	17.8876445047839	-3.55102774011133	55.1070961657942	-2.29255005941296	17.8876445047839	-2.29255005941296	43.6532254686947
18260000	5.97781576467195	-4.73822277436175	13.9919506250456	-4.73822277436175	53.3331765981434	-4.25611571371424	13.9919506250456	-4.25611571371424	59.5262563593629
18270000	22.5430302944282	-19.6697483336028	32.886851965222	-19.6697483336028	77.7206052618981	-18.8797894254236	32.886851965222	-18.8797894254236	60.6411313890153
18280000	15.8526143965758	-12.9082546095336	26.7595698918305	-12.9082546095336	60.4018505237134	-14.6867019291769	26.7595698918305	-14.6867019291769	60.578712768143
18290000	12.122553166726	-12.1853392788033	22.063632144438	-12.1853392788033	69.3360763672463	-17.8325260609131	22.063632144438	-17.8325260609131	49.781702340229
18300000	5.63939427981583	-8.81802638104932	13.0837143844579	-8.81802638104932	62.2207463808134	-17.2440676835204	13.0837143844579	-17.2440676835204	44.6532950891615
18310000	2.56255751978149	-1.15146454045089	6.91460158902116	-1.15146454045089	47.8159751374301	-5.56377923914174	6.91460158902116	-5.56377923914173	45.711636603169
18320000	3.03334647240783	-1.0860887510166	8.59660979028435	-1.0860887510166	46.4120952578258	-0.992136232827657	8.59660979028435	-0.992136232827657	45.3834061920109
18330000	1.78586853353771	0.295799041173364	6.23366177647623	0.295799041173364	54.854431824106	-9.37689147599422	6.23366177647623	-9.37689147599421	53.6478517768173
18340000	3.91094948370548	-0.980219751403731	9.53106320436611	-0.980219751403731	70.6648014499527	-7.3546437836949	9.53106320436611	-7.3546437836949	55.5900157758354
18350000	17.2842135187263	-3.33890802279265	22.5753283194409	-3.33890802279265	66.2587120869363	-4.74604413694626	22.5753283194409	-4.74604413694626	43.9360632732765
18360000	13.9179915747238	-6.06968477094866	22.0583231274062	-6.06968477094866	55.8044793956657	-4.88577637819423	22.0583231274062	-4.88577637819423	46.4383099207652
18370000	2.12642849621651	-0.847358407435508	4.76752538562089	-0.847358407435508	73.8530740819978	-13.1682345933956	4.76752538562089	-13.1682345933956	47.2752124087688
18380000	6.08876093268314	-0.904926030301749	14.8967051955436	-0.904926030301748	48.9576758286861	-6.18753130338677	14.8967051955436	-6.18753130338677	59.1908489438022
18390000	2.37394114401612	0.0989810703236457	4.36835308504145	0.0989810703236459	65.4450948528809	-13.9018913761517	4.36835308504145	-13.9018913761517	52.0628937777913
18400000	6.55267462489987	-1.04417627384982	11.2243715236251	-1.04417627384982	53.7078466966156	-4.56976941847809	11.2243715236251	-4.56976941847809	40.5174579888551
18410000	10.1841803167099	-7.40449306651966	25.5881893091102	-7.40449306651966	74.0560129122568	-27.8070893157046	25.5881893091102	-27.8070893157046	77.0134341773766
18420000	4.26156256120561	-3.91153819761461	10.032324975667	-3.91153819761461	50.962284155573	-1.34659154102448	10.032324975667	-1.34659154102448	50.7994418188891
18430000	4.78849267976454	-2.40394065775619	11.8262552706202	-2.40394065775619	72.4129991999394	-21.763787246264	11.8262552706202	-21.763787246264	52.5984035696868
18440000	4.368058979478	-6.87066332736309	12.1935014413139	-6.87066332736309	55.490124576394	-15.6887084750655	12.1935014413139	-15.6887084750655	53.0865526080544
18450000	16.3935243789073	-3.4930324496079	15.5552531341706	-3.4930324496079	50.2501864570501	-10.6692695154557	15.5552531341706	-10.6692695154557	45.7626300706387
18460000	14.864174348817	-4.98537827165459	21.3281117955558	-4.98537827165459	58.028437505094	-1.38351998580606	21.3281117955558	-1.38351998580606	43.909601642963
18470000	5.1889266987194	-4.01447407704198	10.0003645967132	-4.01447407704198	64.9863080269248	0.320899875090866	10.0003645967132	0.320899875090865	41.4945386935498
18480000	2.45896073519405	-1.10350576435056	6.08253020060773	-1.10350576435056	67.7385376216154	-1.08543513439902	6.08253020060773	-1.08543513439902	55.2709187833579
18490000	3.38771661454768	-2.31039078742972	8.61968891100326	-2.31039078742972	45.2785419359805	-14.8936773109485	8.61968891100326	-14.8936773109485	49.2603667222339
18500000	5.24090261524519	-3.96806186086262	12.7265999496463	-3.96806186086262	57.5469079283176	-12.6763155002632	12.7265999496463	-12.6763155002632	39.0230030995215
18510000	7.97023036648307	-4.0280913925943	12.9209337097082	-4.02809139259429	72.4349675089152	-17.3603759994575	12.9209337097082	-17.3603759994575	40.8676925315644
18520000	2.64948175158843	-1.22137587833776	7.8567153668892	-1.22137587833776	62.0928127910284	-10.338508818	7.8567153668892	-10.338508818	47.6785905413487
18530000	9.7575976592987	-6.38183469328896	13.3732931477433	-6.38183469328896	43.629111747165	-9.540952149582	13.3732931477433	-9.540952149582	46.2958371266303
18540000	6.77172544749795	-2.68241485997198	11.4995040465341	-2.68241485997198	49.1095408479619	-7.87289802667182	11.4995040465341	-7.87289802667182	46.0826370631044
18550000	3.9757020301884	1.88811489462707	11.4268209336477	1.88811489462707	57.5514931118572	8.05376410087649	11.4268209336477	8.05376410087649	64.1910873458833
18560000	1.8864261798828	-3.49782959204303	7.95361210615638	-3.49782959204303	47.330303597254	-1.3651544496538	7.95361210615639	-1.3651544496538	66.489235789957
18570000	2.83612259134728	-2.91411322015985	9.63698804822221	-2.91411322015985	51.5526467177632	-10.4897037893941	9.63698804822221	-10.4897037893941	48.7765720274009
18580000	4.30088919729476	-3.80616558456127	7.63529805186199	-3.80616558456127	58.4732957246957	-16.4831331763507	7.63529805186199	-16.4831331763507	60.7040232279157
18590000	3.35785550633409	-0.406182069708336	11.6809906047037	-0.406182069708335	78.590902734777	-4.76970621997368	11.6809906047037	-4.76970621997368	52.9705087259897
18600000	4.97522608562026	-5.51299761985772	14.5520363602229	-5.51299761985772	55.0277538465208	-15.515492437408	14.5520363602229	-15.515492437408	70.1307190874325
18610000	2.45163975582906	-0.569059262793438	7.91465947490016	-0.569059262793439	73.0282710844479	3.28572459001909	7.91465947490016	3.28572459001909	48.6910181418418
18620000	5.69754107760415	-4.09977340581412	13.5593791966689	-4.09977340581412	59.6401603309733	-10.9936688258127	13.5593791966689	-10.9936688258128	51.5176760835479
18630000	4.02303392022138	-0.398800192727114	5.70650824269776	-0.398800192727115	63.2899402030009	-3.71482828206829	5.70650824269776	-3.71482828206829	57.2385190328129
18640000	1.80898916347768	0.551944466264312	5.63994430964827	0.551944466264312	42.8120908369977	-8.47873389402697	5.63994430964827	-8.47873389402697	64.5103166312476
18650000	7.38546195680537	-4.37414641638737	11.910380246508	-4.37414641638737	56.5643834630486	-12.4327846866234	11.910380246508	-12.4327846866234	48.9551142609186
18660000	9.92946825188133	-2.37513400387064	16.6371498273489	-2.37513400387064	48.1984731020274	-2.1062627403818	16.6371498273489	-2.1062627403818	61.109937852219
18670000	6.57045783947011	1.80911570859722	14.7639673945549	1.80911570859722	55.7666347932588	1.87790813304307	14.7639673945549	1.87790813304307	55.333310414859
18680000	14.7792882868627	0.0767981565422479	19.7374078282006	0.0767981565422478	49.6448834307078	-0.0808178923129996	19.7374078282006	-0.0808178923129995	46.2467278365986
18690000	22.5134268277161	0.0625567625615399	23.6862100020346	0.0625567625615398	43.5026346554175	-3.77550577606627	23.6862100020346	-3.77550577606627	53.8774368168383
18700000	7.5439078451661	-8.40122509192144	16.9156754673381	-8.40122509192144	59.8973128001595	-14.3228380092464	16.9156754673381	-14.3228380092464	48.5754021671563
18710000	1.51171999186377	-4.72046196027861	4.01051812886775	-4.72046196027861	76.9971962655849	-21.1852294874662	4.01051812886775	-21.1852294874662	58.503822368148
18720000	1.85889050659283	0.682613634449429	6.10251015807038	0.68261363444943	63.18662850853	-10.0853545657213	6.10251015807038	-10.0853545657213	39.2729818973489
18730000	4.25430306675792	-3.93393217422777	5.53056608780803	-3.93393217422777	69.1803385309984	3.67921157714626	5.53056608780803	3.67921157714626	41.2625297629214
18740000	6.07492908180636	-4.58682243956274	14.9485441117588	-4.58682243956274	50.5406416255731	-9.86773178806424	14.9485441117588	-9.86773178806425	48.804175785347
18750000	4.41244144232228	2.92637779295778	3.43181973981845	2.92637779295778	60.2302838856928	1.82457059623829	3.43181973981845	1.82457059623829	40.1882265525799
18760000	4.40516817138195	-4.20573628238792	11.0601991316857	-4.20573628238793	68.4076593321417	4.86400819715155	11.0601991316857	4.86400819715156	47.8688705010521
18770000	5.03963780414169	-8.86704380549589	12.6825093504401	-8.86704380549589	61.7023060333907	-21.4192873779242	12.6825093504401	-21.4192873779242	49.9880600263902
18780000	6.25714132022673	1.29706647255533	8.22995544725001	1.29706647255533	80.7517781217545	-2.97512116589255	8.22995544725001	-2.97512116589254	44.1632512324318
18790000	16.4143313025997	-18.3008595447345	24.0782133051612	-18.3008595447345	93.2756671439747	-23.1100151317429	24.0782133051612	-23.1100151317429	49.8669050126015
18800000	27.3173764282686	-16.7350818029314	33.3025720802292	-16.7350818029314	52.7881275028548	-16.0364347718106	33.3025720802292	-16.0364347718106	59.7189110377482
18810000	9.50467513344679	-10.8151613857865	16.7121650847657	-10.8151613857865	53.3954027223658	-17.3625564164409	16.7121650847657	-17.3625564164409	56.1618255372155
18820000	3.55972170380963	-3.8039176736301	10.9579861050461	-3.8039176736301	53.7628194919678	-16.971663704443	10.9579861050461	-16.971663704443	54.6212874463006
18830000	3.6737159880927	-3.6196740017392	13.8940262587846	-3.6196740017392	58.2889062036019	-8.87903455950622	13.8940262587846	-8.87903455950622	81.0339036695327
18840000	11.8724773349626	-7.95079089257962	18.8767236936081	-7.95079089257962	46.8891739818717	-8.34296390650236	18.8767236936081	-8.34296390650236	49.2504656153413
18850000	6.33673346092969	-11.447807215793	14.4991482316143	-11.447807215793	73.7617760449509	-20.7451625135994	14.4991482316143	-20.7451625135994	48.9374423998027
18860000	12.9107903888523	-7.84507116585344	21.2994805114378	-7.84507116585344	50.7322649181065	-8.61585056740897	21.2994805114378	-8.61585056740897	54.6138851645792
18870000	15.8304102410351	6.91872719005326	7.50214009628815	6.91872719005327	69.501466087839	-12.9020304155024	7.50214009628815	-12.9020304155024	41.3296277895575
18880000	14.9900324868421	-7.14461891205663	20.1981098242032	-7.14461891205663	61.4444801387907	-3.20388104186177	20.1981098242032	-3.20388104186177	47.1359799803216
18890000	40.7387368190449	-21.3087683419151	35.2034204046298	-21.3087683419151	65.4270359398273	-20.9949517430946	35.2034204046298	-20.9949517430946	50.705686742004
18900000	13.2279553600609	-5.27365030866152	20.4073646095911	-5.27365030866152	54.5212786779762	-3.5877677160578	20.4073646095911	-3.5877677160578	49.1183104809791
18910000	9.83359570589933	-9.37774117371118	19.1635102320384	-9.37774117371118	102.715464061943	-20.9163503542585	19.1635102320384	-20.9163503542585	47.1054015083201
18920000	4.66290232263569	-9.70609427991296	10.1536353538116	-9.70609427991296	74.9268661714561	-19.3585700052409	10.1536353538116	-19.3585700052409	41.2061513182627
18930000	5.43484169255615	-5.50118130206862	11.3575184662559	-5.50118130206862	71.1545765786261	-8.1630474439399	11.3575184662559	-8.1630474439399	45.0163300871068
18940000	18.9001231797418	-8.37931020857307	30.7767805996648	-8.37931020857307	57.195523708324	-15.1919139763193	30.7767805996648	-15.1919139763193	62.4842363475471
18950000	6.81010381084524	-2.84001954298049	8.98040720636349	-2.84001954298049	72.3006500751507	-26.8161911512878	8.98040720636349	-26.8161911512878	48.8384786700396
18960000	6.92191766717203	-2.0876947480349	10.2505750719235	-2.0876947480349	51.8616452801598	-4.26783225851185	10.2505750719235	-4.26783225851185	39.4858320897758
18970000	30.0024095348932	-15.6371301627923	36.3746856805847	-15.6371301627923	66.9178985264045	-18.8513460091205	36.3746856805847	-18.8513460091205	67.0204666166904
18980000	9.11064780944379	-4.72467257559367	16.9493636691965	-4.72467257559367	50.2015415378496	-3.55249545660078	16.9493636691965	-3.55249545660078	44.0429079222196
18990000	11.9879080488737	-10.3529029754623	20.9953764324617	-10.3529029754623	67.7097686989012	-7.86885486720558	20.9953764324617	-7.86885486720558	51.8024820043816
1.9e+07	1.85746674671442	-1.3810961371835	6.74910096728945	-1.3810961371835	46.7793761867206	-18.3657293157651	6.74910096728945	-18.3657293157651	56.6667405954646
19010000	3.87182851046996	-0.607446679233948	8.68408654112181	-0.607446679233948	70.0072398963408	-6.53477586024593	8.68408654112181	-6.53477586024593	46.5391442882646
19020000	9.57364459091504	-0.0491036108131702	7.41771195606072	-0.0491036108131704	61.9864988973279	-12.5728477411918	7.41771195606072	-12.5728477411918	56.2377769112475
19030000	6.56559498523694	-3.75277037960747	14.0915183094723	-3.75277037960747	50.81961999788	-7.54262003439544	14.0915183094723	-7.54262003439544	77.1329452248139
19040000	5.19781329831754	-3.70795973813117	9.68068585185177	-3.70795973813117	64.042534020349	-9.85349302780657	9.68068585185177	-9.85349302780657	45.912023758094
19050000	10.274786045124	-5.52243481680617	21.0876607175286	-5.52243481680618	69.307416214804	-3.57861542644526	21.0876607175286	-3.57861542644525	60.710065122658
19060000	4.34677729283165	-3.04766396461966	9.95782854472998	-3.04766396461966	73.1485580585841	-9.30489896385538	9.95782854472998	-9.30489896385538	42.987892486132
19070000	5.58558509594752	-1.73386091369487	6.38294050686132	-1.73386091369487	43.4113378623317	-7.67281644248341	6.38294050686132	-7.67281644248341	61.5494607290897
19080000	7.46324396594162	-4.3862873739779	16.9208401591431	-4.3862873739779	68.3742427268182	-4.34368647029155	16.9208401591431	-4.34368647029155	59.5356608303273
19090000	3.05009846635207	-2.00789246364391	7.07690095763962	-2.00789246364391	59.8079455672242	-11.5165028567419	7.07690095763962	-11.5165028567419	52.1907462545003
19100000	8.156637542577	-1.41097637457712	13.7327846701767	-1.41097637457712	54.0784935112102	-2.43058891394572	13.7327846701767	-2.43058891394572	35.5094260112745
19110000	9.81266906679382	-7.64890805151727	18.8576731927078	-7.64890805151727	80.1526237624647	-12.9490330916215	18.8576731927078	-12.9490330916215	52.2168748725952
19120000	11.2461268242925	-0.713243414548213	16.8632151571399	-0.713243414548214	79.4623108801245	-14.7044994902602	16.8632151571399	-14.7044994902602	43.338683284699
19130000	70.6503804461765	-16.0158868143334	44.4541103447394	-16.0158868143334	54.6845621277095	-7.82849488794798	44.4541103447394	-7.82849488794798	40.4781221044569
19140000	38.7464970320534	-7.36015799523573	28.4564771395058	-7.36015799523573	60.6298684392755	0.951268275170769	28.4564771395058	0.951268275170772	33.1993644319192
19150000	40.2531083428714	-5.04141347842235	33.3705662307873	-5.04141347842235	66.919985401532	-4.1815428696434	33.3705662307873	-4.1815428696434	43.2976758782812
19160000	46.1208520363786	-18.0776106276627	30.692955378886	-18.0776106276627	57.6706855080878	-8.79809755720658	30.692955378886	-8.79809755720658	45.7308225368128
19170000	6.05770859544981	-2.59722262808474	17.8770139300752	-2.59722262808474	41.0580806301632	-11.5494844895053	17.8770139300752	-11.5494844895053	68.7570321084872
19180000	16.7217869563376	-14.3660989858515	23.3847275825379	-14.3660989858515	85.0759131079281	10.2350371084522	23.3847275825379	10.2350371084522	63.8801038499032
19190000	13.3738349767112	-10.9404836031689	20.5774401056052	-10.9404836031689	58.0907224423373	-25.634987906894	20.5774401056052	-25.634987906894	47.1581015787551
19200000	14.5894864559514	0.218826863445862	23.8180325758205	0.218826863445861	41.5086499490204	-13.2343779971088	23.8180325758205	-13.2343779971088	80.9773712908133
19210000	5.03999647240748	4.62143731980691	6.58861013339058	4.62143731980691	69.7025546690873	-5.5104961614341	6.58861013339058	-5.5104961614341	59.0624597465722
19220000	4.49417688170787	-2.72230363009429	11.8141594639855	-2.72230363009429	65.9679719937841	-6.58705854401518	11.8141594639855	-6.58705854401518	51.4606418473205
19230000	3.53569529228643	-3.19288956713421	8.86352001684003	-3.19288956713421	56.5156128495796	-10.4932864489992	8.86352001684003	-10.4932864489992	48.4047269834433
19240000	3.46364678970098	-3.19160857445231	10.1133991012757	-3.19160857445231	58.694811402025	-17.3284463513502	10.1133991012757	-17.3284463513502	47.0318526502085
19250000	3.15541593735154	-5.17828750705382	8.82633905518816	-5.17828750705382	58.8774198813472	-10.3375474498468	8.82633905518816	-10.3375474498468	51.8746677620675
19260000	8.9427877600271	-4.32652455838282	14.9982077854433	-4.32652455838282	46.6787910772439	-9.49358568661409	14.9982077854433	-9.49358568661409	43.462353607775
19270000	5.78015427014522	-1.1564155987937	13.3540934604577	-1.1564155987937	47.2220744137563	-9.78898184914655	13.3540934604577	-9.78898184914655	53.6188880833177
19280000	7.65861067471287	-6.87830084987581	17.0119869624602	-6.87830084987581	74.1796963215093	-8.93596425968268	17.0119869624602	-8.93596425968268	52.7857309052309
19290000	3.36708906000422	-4.90179428126019	10.1431972216836	-4.90179428126019	66.5534494330144	-12.3239789973353	10.1431972216836	-12.3239789973353	45.1345406237321
19300000	5.9123259594728	-8.40695963116255	9.75276065654213	-8.40695963116255	66.2658401923817	-20.4280777478281	9.75276065654213	-20.4280777478281	39.9998916489356
19310000	4.22774356240978	-3.85560898099379	10.0564352061001	-3.85560898099379	61.7310260013921	-9.18951717919285	10.0564352061001	-9.18951717919285	59.0976458726139
19320000	7.26005961845988	2.66042255129739	11.0970528159357	2.66042255129738	74.0560358979385	-15.832392527819	11.0970528159357	-15.832392527819	50.8733242301912
19330000	11.9780433492962	-10.9777774883246	20.0582602795967	-10.9777774883246	58.0220011428138	-20.5546463262403	20.0582602795967	-20.5546463262403	49.2833234957994
19340000	10.872111572048	-1.72382836775863	18.302850545009	-1.72382836775863	73.1090861097167	0.321348252318966	18.302850545009	0.321348252318965	55.274371820982
19350000	13.0767760211565	-10.1478270011481	23.8788219989096	-10.1478270011481	61.3241260674531	-20.4497959248884	23.8788219989096	-20.4497959248884	54.2035990952378
19360000	2.84428343415643	-0.750434602198626	7.596864478642	-0.750434602198626	50.758342298876	-3.00119971141449	7.596864478642	-3.00119971141449	36.3991540206537
19370000	4.29671000369669	-5.71180165693512	8.53811963185299	-5.71180165693512	72.5309125972133	-14.4581686706303	8.53811963185299	-14.4581686706303	41.70738137538
19380000	5.6185026024524	-3.02977550089828	11.9276778040562	-3.02977550089828	59.3100641776106	2.73517910698308	11.9276778040562	2.73517910698308	47.8923273203958
19390000	5.11865413207539	2.13417463083746	10.8985237136554	2.13417463083746	52.5480926555803	-8.33010244754553	10.8985237136554	-8.33010244754553	54.5468097458471
19400000	2.01338633841024	-0.400985491954867	4.15358401628295	-0.400985491954867	34.2222740881331	-5.13887474190961	4.15358401628295	-5.13887474190961	50.1382574179479
19410000	5.85609338773021	-0.840578557560707	9.8534515041364	-0.840578557560707	46.411040147484	-6.72998374724533	9.8534515041364	-6.72998374724533	51.4681750633688
19420000	1.56742485783088	-2.1271991988221	4.17484642415411	-2.1271991988221	56.7088460013854	-6.65482894661197	4.17484642415411	-6.65482894661197	39.000209267684
19430000	2.81523064111969	-4.21293238068488	8.90514783314555	-4.21293238068488	49.7102580330558	-14.1703807492508	8.90514783314555	-14.1703807492508	47.7986983572833
19440000	1.76986267138451	-1.13836544763221	3.25339424575358	-1.13836544763221	77.3875663456207	-4.21254507067143	3.25339424575358	-4.21254507067143	40.652374902432
19450000	7.33987616622777	-4.90847764060818	16.3230358494692	-4.90847764060818	48.6039314325336	-10.9272336467283	16.3230358494692	-10.9272336467283	73.4632813371083
19460000	8.98929683086073	-6.55350752218872	14.8496550875343	-6.55350752218872	43.5222285313192	-6.34823305336504	14.8496550875343	-6.34823305336504	36.952329189413
19470000	10.2207946684334	-5.91851473532993	18.3600984857241	-5.91851473532993	60.6919695558012	-15.522261654395	18.3600984857241	-15.522261654395	51.9264068415922
19480000	6.36416352471962	-7.3004379871101	11.9929133144309	-7.3004379871101	70.0266725433633	-16.6148988365587	11.9929133144309	-16.6148988365587	51.075290199418
19490000	2.3941592723874	1.16731554929696	6.85726326469349	1.16731554929696	58.5137617064615	-2.98645954645497	6.85726326469349	-2.98645954645497	45.831830053828
19500000	2.65859268938115	2.14414594870389	4.48865234498257	2.14414594870389	47.6861863280832	-5.76097478199834	4.48865234498257	-5.76097478199834	35.1627910432863
19510000	3.14969412222096	2.9494546835824	8.42285304784788	2.9494546835824	66.2066082364422	2.90476700854298	8.42285304784788	2.90476700854298	61.1858625869733
19520000	9.56811271113814	-6.10009959618019	19.4224989562571	-6.10009959618019	49.615961837368	-11.4049998855795	19.4224989562571	-11.4049998855795	60.745663562468
19530000	5.98132083393569	2.2463533989157	14.4909441130006	2.2463533989157	65.360315809644	8.09552649614749	14.4909441130006	8.09552649614749	54.5505326743076
19540000	5.84639380086254	-2.32876829510587	10.543933361895	-2.32876829510587	62.9475151325739	-4.02518135130906	10.543933361895	-4.02518135130906	39.1723500919513
19550000	1.4830593112261	-1.60793001258795	4.50989657424484	-1.60793001258795	67.5988451616521	-0.185974587398469	4.50989657424484	-0.185974587398469	53.9279471265942
19560000	5.15590180041913	-0.975562794167208	14.5961802849142	-0.975562794167207	47.788852391404	-7.595672874803	14.5961802849142	-7.595672874803	51.8433316464515
19570000	11.8599634869797	2.70832105842385	25.4534840323228	2.70832105842385	47.4971035410711	0.602581917837148	25.4534840323228	0.602581917837145	68.7556047870193
19580000	6.60505069347805	-5.22346587757989	13.887511745373	-5.22346587757989	44.389416976518	-8.37296791222595	13.887511745373	-8.37296791222595	58.4097780457305
19590000	26.0022011240576	-12.9410260230556	26.7174278138433	-12.9410260230556	53.3995737413006	-10.7743501715603	26.7174278138433	-10.7743501715603	35.4864856162196
19600000	23.5611081513089	-7.42078784593329	24.8050946587947	-7.42078784593329	63.269052195406	-6.48652103242284	24.8050946587947	-6.48652103242284	60.4183995328149
19610000	29.4454762653298	-5.63371776428891	27.3187426776457	-5.63371776428891	62.847113807862	-7.13877980076491	27.3187426776457	-7.13877980076491	40.8647767158457
19620000	6.10540718801352	-4.1377072219182	9.52573138602413	-4.1377072219182	49.6533403808167	-7.93580938984012	9.52573138602413	-7.93580938984012	51.4284592425267
19630000	8.40816220426982	-2.35129118538483	13.6883230658811	-2.35129118538483	80.7690668565104	-12.1254445085745	13.6883230658811	-12.1254445085745	48.2456358086245
19640000	8.56164454638591	-7.23915750955515	13.3011875706708	-7.23915750955515	95.4091708712957	-12.999517590672	13.3011875706708	-12.999517590672	40.372498406718
19650000	52.8324435006544	-24.6811263487423	58.3622149054792	-24.6811263487423	69.930112651738	-14.1814712897158	58.3622149054792	-14.1814712897158	82.0905635136865
19660000	10.5060797107552	-5.29292599313302	17.8797046471988	-5.29292599313302	39.2972464919199	-11.3966806522895	17.8797046471988	-11.3966806522895	41.4263148753557
19670000	17.2170057805292	-8.11045069649188	26.1464550345862	-8.11045069649188	52.4646668747817	-8.22830528540697	26.1464550345862	-8.22830528540698	52.9073883948094
19680000	7.02597687404066	-10.4163277205064	15.5337587547497	-10.4163277205064	58.7194907418912	-16.7649988953934	15.5337587547497	-16.7649988953934	44.6699329869625
19690000	12.5233709249287	0.0881196915229562	17.5839227640103	0.0881196915229557	48.1618381448932	-11.7048401971875	17.5839227640103	-11.7048401971875	46.1026793413872
19700000	11.5662272520431	-6.06657971936898	17.9575905527707	-6.06657971936898	53.5339694529159	-7.9971989324549	17.9575905527707	-7.9971989324549	47.3521439410841
19710000	22.7545839838978	-21.3028935898616	29.7999497480617	-21.3028935898616	71.9679599781688	-22.2437101239692	29.7999497480617	-22.2437101239692	51.1400538377238
19720000	1.8817595592197	-2.0439938066197	4.77382691204517	-2.0439938066197	55.1677069938272	-11.6405157322543	4.77382691204517	-11.6405157322543	42.4471901730435
19730000	3.82445401884232	-0.263067128467425	5.93424903939592	-0.263067128467425	67.2246390183687	-13.3129499916177	5.93424903939592	-13.3129499916177	45.6979316544379
19740000	4.30679400347624	-6.85081541682183	11.2303287676608	-6.85081541682183	86.8944002270773	-7.59065148145317	11.2303287676608	-7.59065148145317	58.7745623671483
19750000	2.77604945704297	-2.4891488265782	9.3952226075381	-2.4891488265782	64.9214557642253	-12.679840337228	9.3952226075381	-12.679840337228	62.2666996935893
19760000	3.53052194611224	-2.97913933075047	11.4262345232561	-2.97913933075047	53.0273420944999	-18.9268989416832	11.4262345232561	-18.9268989416832	55.3232654406003
19770000	4.24290459511537	-6.97733999492749	9.44799037585803	-6.97733999492749	59.3699145801327	-10.460916767414	9.44799037585804	-10.460916767414	34.8218380478858
19780000	9.80019332030365	-5.02213565322016	14.9253607155452	-5.02213565322016	45.7056688493757	-7.42775843799591	14.9253607155452	-7.42775843799591	41.2956540736948
19790000	11.3366435719405	-8.55317010113592	20.1280212651266	-8.55317010113592	68.9695087673337	-7.37861907047248	20.1280212651266	-7.37861907047248	53.9748355317891
19800000	3.41079228721944	-3.74844569901261	9.50043873284392	-3.74844569901261	44.9862649533183	-14.9977388347319	9.50043873284392	-14.9977388347319	53.0484361666012
19810000	9.13231315779777	-6.34351228980215	8.9433946921227	-6.34351228980215	50.40008671322	-9.79219523402366	8.94339469212269	-9.79219523402366	56.2247333855676
19820000	4.11406933207172	1.31830223320674	11.0656386731023	1.31830223320674	71.4337481051707	6.62750310164163	11.0656386731023	6.62750310164163	54.542151935126
19830000	3.54839610219206	-2.04516638538601	11.0396985953076	-2.04516638538601	55.3821602393696	-4.42018822857283	11.0396985953076	-4.42018822857283	55.0158586569083
19840000	7.74240493257286	-7.90010314083918	14.0517848274887	-7.90010314083918	75.58903854614	-4.78189046670268	14.0517848274887	-4.78189046670268	46.2962293992914
19850000	3.79888127011076	-2.91711145830308	10.4147731521747	-2.91711145830308	57.8043566550546	-11.3814530975982	10.4147731521747	-11.3814530975982	38.5554431755794
19860000	5.3601574716282	-5.18392606366632	13.5138344239491	-5.18392606366631	66.8101894880369	-13.3924642320465	13.5138344239491	-13.3924642320465	55.5658973671134
19870000	2.65220970898509	-4.08736247320459	11.6926242226282	-4.08736247320459	48.6786377857238	-11.9207094972739	11.6926242226282	-11.9207094972739	72.833578331833
19880000	21.7573039959169	-16.473819806754	24.9485728528799	-16.473819806754	73.4812153304588	-13.4449333528438	24.9485728528799	-13.4449333528438	43.5253813067452
19890000	7.31541633889307	-0.606354121899517	15.9516896413723	-0.606354121899517	52.3456911952773	2.562893301676	15.9516896413723	2.562893301676	58.1782484383815
19900000	9.37820812094518	-2.79784181668935	19.736403683185	-2.79784181668935	47.1762591747403	-11.1164416558962	19.736403683185	-11.1164416558962	57.8366400535742
19910000	6.27298408842462	-5.65259118030465	12.8691742598885	-5.65259118030465	59.5236756536586	-9.51510338012595	12.8691742598885	-9.51510338012595	46.781100774994
19920000	6.7329476320121	-10.472794393006	15.12600419129	-10.472794393006	63.5938111590458	-15.1589498069178	15.12600419129	-15.1589498069179	50.7634164453932
19930000	5.5040072669935	-8.07074921907043	13.717820056505	-8.07074921907043	74.8207853158395	-17.598547600253	13.717820056505	-17.598547600253	47.6029083815661
19940000	7.66871213508237	-0.0867568388740474	20.3467646707327	-0.0867568388740465	49.9883476465364	-9.08936790849583	20.3467646707327	-9.08936790849583	68.1629651878648
19950000	3.78486844732239	-5.29084440224862	7.69113097016276	-5.29084440224862	64.6514942707693	3.03957401329856	7.69113097016276	3.03957401329856	40.3036207475112
19960000	4.67299752278582	-1.00837792236771	13.3466155421904	-1.00837792236771	71.2814864793366	1.14127056603359	13.3466155421904	1.14127056603358	51.9839827039545
19970000	8.95125306558506	-0.616432486296352	17.3730031953262	-0.616432486296352	51.2412975038004	1.5485845186954	17.3730031953262	1.5485845186954	46.4289304786568
19980000	7.37940992796081	-5.15812980298755	18.0067544584748	-5.15812980298755	49.9547250708367	-5.76313123019311	18.0067544584748	-5.76313123019311	69.2181873006408
19990000	13.9984832052631	-6.45074762453882	18.6105312459649	-6.45074762453882	41.9000934447672	-3.71499995054733	18.6105312459649	-3.71499995054733	37.808503441889
2e+07	4.68986500831155	-5.63966135314663	6.52702449737628	-5.63966135314663	77.3321517566147	-7.02573578466498	6.52702449737628	-7.02573578466498	33.4905693771627
20010000	10.4316299813289	-1.19753433693375	16.2847375334332	-1.19753433693375	58.0048646510815	3.19915117335957	16.2847375334332	3.19915117335957	34.3702144157913
20020000	7.14257230389737	-2.3078487373203	8.52284719698201	-2.3078487373203	53.6830199057962	-0.624516371480038	8.52284719698201	-0.624516371480038	39.1615285016421
20030000	4.28216129193207	-4.52975387708508	12.9084818837373	-4.52975387708508	55.8253516327601	-11.9322713329918	12.9084818837373	-11.9322713329918	61.0493409817969
20040000	6.62142872326754	-6.29814339484439	16.1453454590414	-6.29814339484439	56.9264282688109	-18.1913078893565	16.1453454590414	-18.1913078893565	54.292469383581
20050000	4.49270460476136	4.87207956082201	7.05852693756958	4.87207956082201	54.4339593456833	-3.33385398078905	7.05852693756958	-3.33385398078905	44.4206840597226
20060000	16.6406741605854	-9.27232799614207	21.6007748090902	-9.27232799614208	64.0292357001693	-11.7786211557334	21.6007748090902	-11.7786211557334	43.4815030481626
20070000	7.23733108306992	-2.3757133387232	16.2540246778811	-2.3757133387232	52.6910785522354	-5.42429945760838	16.2540246778811	-5.42429945760838	53.2098391862885
20080000	6.89647255563854	-4.23694874134568	13.2247032848854	-4.23694874134568	43.084744172042	-4.1282470130966	13.2247032848854	-4.1282470130966	36.9660590976326
20090000	8.766110362235	-4.59046115022022	14.8637530772748	-4.59046115022022	51.3216327258245	-3.54132923743029	14.8637530772748	-3.54132923743029	52.6354859055769
20100000	14.5228273308511	-7.70667805194188	21.8156411904992	-7.70667805194188	66.5938973953778	-4.96059502315618	21.8156411904992	-4.96059502315618	45.2439603889513
20110000	6.13146892745254	-9.27339562759082	15.3877401632977	-9.27339562759082	65.9440676350707	-18.3117269041463	15.3877401632977	-18.3117269041463	52.3447564807555
20120000	11.4154006520326	-5.67990992788142	13.821988781068	-5.67990992788142	63.885795513358	7.1811752860133	13.821988781068	7.1811752860133	47.0281932723651
20130000	3.94447486920504	2.34011901046269	8.28266804456262	2.34011901046269	64.8099124929265	2.62923722184785	8.28266804456262	2.62923722184785	47.2502709492753
20140000	10.8068401820801	-10.7063996743682	15.3751196998959	-10.7063996743682	77.2037840336742	-24.7562657259302	15.3751196998959	-24.7562657259302	60.0075240980318
20150000	7.42385086752741	1.90983476155276	15.5777285789032	1.90983476155276	41.0880414958962	4.39970741090739	15.5777285789032	4.39970741090739	55.9957489380389
20160000	11.9030144025665	3.28855641324713	15.2768023033702	3.28855641324713	61.5876850669027	-1.86607403366238	15.2768023033702	-1.86607403366238	39.3019837510409
20170000	25.1219102090803	-9.33399676133008	26.9822138631848	-9.33399676133008	72.6065660883949	-7.44715388830683	26.9822138631848	-7.44715388830683	45.4159310272297
20180000	58.3511633460081	-9.3902933044477	38.2199804387175	-9.3902933044477	58.6818038911874	0.336963581184533	38.2199804387175	0.336963581184534	38.1302207619109
20190000	52.2410014424481	-18.0069542511026	31.0099987799866	-18.0069542511026	72.2548898642006	-9.63913704583853	31.0099987799866	-9.63913704583853	37.814893371912
20200000	34.58365385047	-5.27769357051843	29.4239143704968	-5.27769357051843	58.4428000122884	-7.80021812950771	29.4239143704968	-7.80021812950771	45.832473383652
20210000	20.8899694563928	-7.54861347288226	24.3161340604658	-7.54861347288226	56.9387335901504	-13.0763579808519	24.3161340604659	-13.0763579808519	58.5881825678573
20220000	28.3936134372309	-12.5234633123724	42.2088175869452	-12.5234633123724	60.3897702488419	-15.9494164424441	42.2088175869452	-15.9494164424441	77.1174299644123
20230000	21.2599346574141	-5.22003112805569	33.6642799730932	-5.22003112805568	69.3795011578449	-2.27880092266695	33.6642799730932	-2.27880092266695	65.3615974779653
20240000	10.2347341678088	3.56816616857517	17.3616508049557	3.56816616857517	50.4321698874556	-2.70790472873641	17.3616508049557	-2.70790472873641	48.8194327887971
20250000	12.4039269789599	-1.40851708817486	22.8722888456664	-1.40851708817486	45.0845808361204	-0.717708237400386	22.8722888456664	-0.717708237400385	52.9254929125737
20260000	1.25356346779666	0.970156580846157	3.12388823791653	0.970156580846157	46.2229498584114	-4.38004151043408	3.12388823791653	-4.38004151043409	49.2836436340729
20270000	15.6036759858664	-3.38933157674453	17.9109103476263	-3.38933157674454	50.5539770698709	-0.922857270800352	17.9109103476263	-0.922857270800352	39.855491763426
20280000	3.68962618337265	-5.6784454994885	10.7473179174381	-5.6784454994885	53.3226204775449	-7.28254422988166	10.7473179174381	-7.28254422988166	69.9037001232049
20290000	3.45197905684005	-1.88499146988392	9.05369259198413	-1.88499146988392	47.2877826564905	-8.4539955100491	9.05369259198413	-8.4539955100491	41.9699647346598
20300000	1.93868692614668	-1.62572258326059	4.5003691085253	-1.62572258326059	60.1589672563334	-6.9289574486832	4.5003691085253	-6.9289574486832	37.7506095437453
20310000	4.16151876620277	-4.37391848742553	9.01216107999963	-4.37391848742553	49.4186540545262	-13.5978565875362	9.01216107999963	-13.5978565875362	34.5626493157018
20320000	3.14829017795312	-2.51683358222151	7.17316876780396	-2.51683358222151	74.4144754871961	-6.08546011760083	7.17316876780396	-6.08546011760083	45.6971197034025
20330000	11.470353650292	-11.0181144545772	22.8236427783792	-11.0181144545773	75.3287523195787	-15.3720313113467	22.8236427783792	-15.3720313113467	59.1678762944396
20340000	7.72616872119435	-1.66248738838529	13.139648615198	-1.66248738838529	56.5127003413201	-6.64966587664132	13.139648615198	-6.64966587664132	36.4945321503581
20350000	8.6625886219677	-4.65097518857643	12.8529019525962	-4.65097518857643	61.1027964532786	-4.1619226884848	12.8529019525962	-4.1619226884848	44.5849085155771
20360000	8.03684567336589	-5.43795903935675	13.9241567043956	-5.43795903935674	69.7527489695031	2.38765812609391	13.9241567043956	2.38765812609391	44.910904712159
20370000	3.59033525038172	-4.05034940475781	5.01012639759926	-4.05034940475781	54.5383596651534	-2.56824034327095	5.01012639759926	-2.56824034327095	35.6360881328503
20380000	13.2975781360659	0.242265468968723	22.8600611726378	0.242265468968722	46.4320761913584	8.23327510561267	22.8600611726378	8.23327510561267	58.6455269901439
20390000	29.8155271783197	2.57892637081922	35.932225102256	2.57892637081922	61.4428067324892	-5.67686257265129	35.932225102256	-5.67686257265129	56.3687257175526
20400000	10.106051874878	-5.54899005365389	14.6552167142611	-5.54899005365389	56.0047519932506	-5.54324134338403	14.6552167142611	-5.54324134338403	35.5262505820465
20410000	10.8701454601141	-0.264021085830501	20.1014974797686	-0.264021085830502	42.6508693848799	-5.65007090682152	20.1014974797686	-5.65007090682152	59.2061605047402
20420000	9.69092352203715	-2.06196952692994	14.2490772986795	-2.06196952692994	70.4464631184588	13.5394961418409	14.2490772986795	13.5394961418409	49.5000915823013
20430000	4.10169624572212	-1.52592184687825	9.75839855682483	-1.52592184687825	50.1139158623176	-5.33849184158704	9.75839855682483	-5.33849184158704	39.1808823772148
20440000	7.23255190592237	3.3218559742395	10.4868580693262	3.3218559742395	63.2702614989585	-8.86762359905477	10.4868580693262	-8.86762359905477	64.618860070021
20450000	3.49504065279112	-4.58846481016771	10.9869619031278	-4.58846481016771	70.0387771991109	-2.55242827025218	10.9869619031278	-2.55242827025218	69.1490196401478
20460000	5.42462100576099	-3.85436265315395	11.3561649371116	-3.85436265315394	77.7491585746149	4.95616212822881	11.3561649371116	4.95616212822881	35.9603812643489
20470000	21.149762889594	-4.1306206940503	32.0578187471214	-4.1306206940503	55.4502176654687	1.85339256219395	32.0578187471214	1.85339256219395	68.1698997058184
20480000	24.0848403753547	-3.08070436821067	26.8215634120148	-3.08070436821067	41.7095539639522	-1.82858935187701	26.8215634120148	-1.82858935187701	44.8537075079293
20490000	37.0760587155443	-5.06349978334938	28.0280618667637	-5.06349978334937	61.9479257881749	-7.03325200585569	28.0280618667637	-7.0332520058557	39.2651728407134
20500000	51.8887526591302	-6.63619586862101	31.3088676751413	-6.63619586862101	69.6967748421559	-9.72080700718604	31.3088676751413	-9.72080700718604	47.887526447724
20510000	28.3509584213975	-5.09502245186361	32.5683015671684	-5.09502245186361	49.6474985551804	-14.5970051148191	32.5683015671684	-14.5970051148191	57.3894145539637
20520000	12.9039600818135	-4.88131212512882	8.87741746988652	-4.88131212512882	61.996063847016	-18.6452252979049	8.87741746988652	-18.6452252979049	55.7499270405295
20530000	17.1773939277844	-3.91148672491859	20.5879471319138	-3.91148672491859	61.7867555410403	-15.0735755319308	20.5879471319138	-15.0735755319308	46.8002716886074
20540000	2.66579566826264	2.83124733396951	4.93114135485742	2.83124733396951	68.3089668371663	-4.4665522866819	4.93114135485742	-4.4665522866819	35.5094286652545
20550000	3.16328023925791	-2.22777052209004	7.43070361112214	-2.22777052209004	51.6536969594651	-11.2644098951786	7.43070361112214	-11.2644098951786	43.5772091413872
20560000	18.8242850724402	-9.08496283763822	30.2514740592099	-9.08496283763822	41.5391909224914	-11.9450669667539	30.2514740592099	-11.9450669667539	65.974776167689
20570000	10.9982935099333	-1.26341945073493	19.5811329241082	-1.26341945073493	79.6291849420788	-10.7561014770233	19.5811329241082	-10.7561014770233	60.0775394850571
20580000	5.45309913446853	-3.26045123400401	10.5512105379514	-3.26045123400401	43.677577332285	-8.60984475083477	10.5512105379514	-8.60984475083477	52.202167487367
20590000	5.66949786258472	-2.48425430492432	11.3734006923799	-2.48425430492432	72.6180094864206	-2.89061359584773	11.3734006923799	-2.89061359584773	64.8980678057251
20600000	1.53271406501919	-2.17602920166002	3.8597494082882	-2.17602920166002	54.7274143603342	-11.4644775782502	3.8597494082882	-11.4644775782502	45.1973168530456
20610000	4.63615427477728	-4.76413571753972	7.78128137820777	-4.76413571753972	66.314215363214	-31.7759066143391	7.78128137820777	-31.7759066143391	63.6342438866113
20620000	21.7436181499485	-2.21107984839962	32.9907363554363	-2.21107984839962	58.3344540913896	2.10849458494474	32.9907363554363	2.10849458494474	60.185196321397
20630000	3.30633748537312	-2.89176014410357	8.92975258087435	-2.89176014410357	60.607341207469	-12.3525887942577	8.92975258087435	-12.3525887942577	44.4691662498225
20640000	1.85529770391029	-3.61962634790536	3.79210845560774	-3.61962634790536	64.8674930127199	-14.3176631150271	3.79210845560774	-14.3176631150271	63.8061226404795
20650000	5.05050962698289	-3.26058164773596	13.3192252934611	-3.26058164773596	59.2686032182447	-5.11412410778534	13.3192252934611	-5.11412410778534	48.1817475361942
20660000	3.8954459521794	-0.342588995613554	12.5797681838146	-0.342588995613554	60.5324014202562	3.05982496605155	12.5797681838146	3.05982496605155	61.6869939360091
20670000	4.97316786172325	-5.00651166133212	4.35848964053453	-5.00651166133212	60.6044806197049	-5.76301902584277	4.35848964053453	-5.76301902584278	41.6947115680016
20680000	1.65232401634463	-4.33788332442591	5.92213359924533	-4.33788332442591	51.9877292723888	-11.0514050071299	5.92213359924533	-11.0514050071299	46.1849927828432
20690000	4.0787869496462	3.15290324380466	9.57491799352315	3.15290324380465	69.17508983995	-0.423908071741139	9.57491799352315	-0.423908071741138	38.2256908439502
20700000	12.1841664260653	-18.1612638327117	23.2305564660549	-18.1612638327117	81.1498590782511	-34.4470670710682	23.2305564660549	-34.4470670710682	56.0570629381825
20710000	38.5615329699072	-17.1654804867154	50.333776094913	-17.1654804867154	76.5212412425989	-23.2390953084257	50.333776094913	-23.2390953084257	78.0018063464908
20720000	27.2701104449085	-2.13620629355176	33.7838671881186	-2.13620629355176	54.3590427898522	-0.656796627826833	33.7838671881186	-0.656796627826833	51.3486746034492
20730000	14.9377754970133	-7.61716177679567	16.5604182260459	-7.61716177679567	40.7318455515918	-6.81141862585205	16.5604182260459	-6.81141862585205	44.2326677803533
20740000	7.75742221133957	-7.5137481414386	12.2979659149583	-7.5137481414386	59.0385568321752	-1.94664723562341	12.2979659149583	-1.94664723562341	40.9636219388205
20750000	5.77826163427533	-5.77674311434144	13.998153327891	-5.77674311434144	60.60336069259	4.68507746223644	13.998153327891	4.68507746223644	65.689889133165
20760000	11.8891927005725	-9.68419043814504	21.9836914476395	-9.68419043814504	58.6142866019268	-11.0839425479377	21.9836914476395	-11.0839425479377	51.3003797394506
20770000	3.04110323459922	-0.865717340964456	5.71983037277607	-0.865717340964455	67.0307769879371	-14.4407385116087	5.71983037277607	-14.4407385116087	36.7742992883684
20780000	24.1759318317862	-16.2708295030927	33.013176631818	-16.2708295030927	66.696980245611	-14.8057150348917	33.013176631818	-14.8057150348917	57.1721348994208
20790000	20.1964308813123	-2.05370710476048	27.0150300575311	-2.05370710476048	41.7045744104931	-3.8677498157318	27.0150300575311	-3.8677498157318	50.0234888368517
20800000	9.95217867233369	-4.00478543729688	17.793437091803	-4.00478543729688	61.1864545575055	-16.9555334435944	17.793437091803	-16.9555334435944	49.1817652037673
20810000	5.0601943607093	-3.93171277676156	12.6119740416349	-3.93171277676156	54.841228240419	-18.1918973819113	12.6119740416349	-18.1918973819113	57.2613641493227
20820000	1.60576246486556	-3.14239918872508	4.31502898617011	-3.14239918872508	73.2772415904827	-10.8741816495719	4.31502898617011	-10.8741816495719	34.8248216177382
20830000	5.82535997908991	-2.28737179972232	13.4444854917919	-2.28737179972232	57.6708948313211	-4.62060402099571	13.4444854917919	-4.6206040209957	52.6456419024232
20840000	4.78524033636804	-0.99963396471114	10.0470040193995	-0.99963396471114	51.5882504160893	-15.2554300442102	10.0470040193995	-15.2554300442102	39.5140959921035
20850000	13.2577989111332	-9.35709615133218	23.3821575775302	-9.35709615133218	62.94591223991	-15.5246456616251	23.3821575775302	-15.5246456616251	52.8761530599125
20860000	4.61061630008183	-2.53481925986362	10.5446994446894	-2.53481925986362	61.2936970240508	-9.0449790343308	10.5446994446894	-9.04497903433081	42.4164542611913
20870000	4.16124756774152	-4.4390802259896	9.63175542573691	-4.4390802259896	66.645756381317	-2.63386354266424	9.63175542573691	-2.63386354266424	47.9090464658917
20880000	12.213755480902	-4.14252236540805	17.6845084484621	-4.14252236540805	45.668216650757	-8.0636037212154	17.6845084484621	-8.0636037212154	47.3324945498415
20890000	6.58149954662855	-5.44388689846427	15.0900383453423	-5.44388689846427	64.1743441839342	-17.0494425532108	15.0900383453423	-17.0494425532108	48.3244008683243
20900000	1.86622284808441	-0.277716560395176	4.42559637366699	-0.277716560395176	55.3360227429564	-15.7903884914394	4.42559637366699	-15.7903884914394	45.7337399002972
20910000	6.04700586338194	-3.31342656291174	12.284716095524	-3.31342656291174	65.7674135526215	-5.60455410540629	12.284716095524	-5.60455410540629	42.3297456265014
20920000	18.5569711639405	10.4484923022937	24.0016574575545	10.4484923022937	63.0599991599233	7.83189658626076	24.0016574575545	7.83189658626076	52.149585364909
20930000	26.0424340098324	-19.0445176777562	33.0945871516222	-19.0445176777562	68.4066879269324	-22.8063627459599	33.0945871516222	-22.8063627459599	59.1407904817852
20940000	19.4230997371833	-4.91467867899939	31.4661071857807	-4.91467867899939	59.3153497937205	-8.3948317475862	31.4661071857807	-8.3948317475862	66.5419503867931
20950000	7.61047077533556	-2.39116841431103	11.6177262513858	-2.39116841431103	68.9966917734647	-21.451288545013	11.6177262513858	-21.451288545013	42.3345915250849
20960000	9.46570468976976	-0.811754230994311	10.044070046023	-0.811754230994311	62.2528597982326	-2.56230292231571	10.044070046023	-2.56230292231571	48.871431858626
20970000	3.28961150572843	-3.56787397806418	8.45349735257538	-3.56787397806418	62.8958249050534	-7.93125184394023	8.45349735257538	-7.93125184394023	63.4307851263624
20980000	8.5383661192411	-3.57688497256024	18.5896154088246	-3.57688497256024	77.8716446890923	-6.74161100162676	18.5896154088246	-6.74161100162676	48.1017942151048
20990000	18.8422761364283	-22.872611387881	23.9777038084828	-22.872611387881	82.6392341566864	-30.5011654818139	23.9777038084828	-30.5011654818139	49.1812321377809
2.1e+07	7.0014772690547	-5.49053622169282	17.3201658530418	-5.49053622169282	74.3286147575749	-10.0779984700742	17.3201658530418	-10.0779984700742	56.6585887285556
21010000	5.19457126370767	-2.60626908994546	10.0137715953714	-2.60626908994546	43.8556389572556	-8.63269650618468	10.0137715953714	-8.63269650618468	42.6938956413944
21020000	4.16280716188858	-0.86994530377568	12.4585566374204	-0.869945303775679	47.4178962075382	-12.27301695576	12.4585566374204	-12.27301695576	49.397051470108
21030000	8.4635503897542	-2.02601516569931	16.9735441864671	-2.02601516569931	52.6377980837576	-6.64628919126942	16.9735441864671	-6.64628919126942	48.8950396992344
21040000	9.21189781333787	1.3151291366814	16.7539804248618	1.3151291366814	83.5492109310471	-7.38380351413789	16.7539804248618	-7.3838035141379	41.7940989390601
21050000	8.14415698439572	-0.535114345891664	16.5160284954442	-0.535114345891664	61.4890307040354	-0.456752321712688	16.5160284954442	-0.456752321712688	58.2696344759697
21060000	8.72664875699258	-8.42698262557303	16.849317222795	-8.42698262557302	53.3436913738077	-6.19324163095431	16.849317222795	-6.19324163095431	49.3479635678845
21070000	4.5897263987992	-2.74619743312499	17.4600265521323	-2.74619743312499	47.4918642632951	-10.6598653481181	17.4600265521323	-10.6598653481181	89.54119713494
21080000	2.33921450767698	-3.4078690272118	5.04672281921473	-3.4078690272118	64.840457531945	-1.31077739273347	5.04672281921473	-1.31077739273347	44.8655915295797
21090000	2.39614908301675	-2.07759179065798	7.38836527354712	-2.07759179065798	51.937977548179	-16.4904036232882	7.38836527354712	-16.4904036232882	54.0347731650522
21100000	5.46034534364065	-5.28335232326065	14.6989984376706	-5.28335232326065	46.9572689669296	-12.195411582206	14.6989984376706	-12.195411582206	54.6317018475782
21110000	8.08198454723195	-1.41346397436833	18.1153306543241	-1.41346397436833	52.0272584147115	-8.77066984487286	18.1153306543241	-8.77066984487286	60.1616948236822
21120000	3.59588972751608	-3.39712041876671	5.76618384560513	-3.39712041876671	57.2695184758757	5.32799357166607	5.76618384560513	5.32799357166606	42.7765291757969
21130000	5.7588760634026	-5.37342559012432	13.2796734474016	-5.37342559012432	60.441156008026	-19.4965216045733	13.2796734474016	-19.4965216045733	46.031652692509
21140000	5.0206448032147	-3.55766153981543	8.54671576995788	-3.55766153981543	69.1438573143954	-4.54041052983465	8.54671576995788	-4.54041052983465	27.3328082881671
21150000	2.99896458177264	-5.64225589734488	7.84805437759731	-5.64225589734488	67.4439377613949	-15.1151728334675	7.84805437759731	-15.1151728334675	48.7550561170068
21160000	16.8039868061522	-6.39067490726829	32.5373474065936	-6.39067490726829	47.0989324449195	-11.4299513434716	32.5373474065936	-11.4299513434716	74.9760208401656
21170000	7.8075618520621	-7.49834257122524	16.5778905866137	-7.49834257122524	55.4854642229783	-14.4876447504771	16.5778905866137	-14.4876447504771	52.473744884941
21180000	8.46463210246916	-5.05218980883898	13.6697178660787	-5.05218980883898	46.2834464047651	-4.95686556798348	13.6697178660787	-4.95686556798348	46.4563001597501
21190000	5.96994820293473	-6.7921286389315	14.5716856696491	-6.7921286389315	93.9222365164475	1.8785507786197	14.5716856696491	1.8785507786197	56.1275811819403
21200000	10.7655249783164	-8.60902621439325	20.2345759120569	-8.60902621439325	45.6929631576555	-11.9752352897196	20.2345759120569	-11.9752352897196	46.3139680698274
21210000	4.61715025835237	-1.76358886455418	12.214407793604	-1.76358886455418	64.600061861327	-24.4899302295265	12.214407793604	-24.4899302295265	57.7812528708273
21220000	5.02569050264065	-0.427731809624316	13.3000384417973	-0.427731809624316	49.8301739004605	-6.37880383426419	13.3000384417973	-6.37880383426419	57.0857296204533
21230000	6.25813892781852	1.14351250801566	15.9646139647922	1.14351250801566	53.2803722356459	-0.0457767300608727	15.9646139647922	-0.0457767300608725	62.617984860588
21240000	3.42721432796134	-3.84044703816882	6.72796286497464	-3.84044703816882	75.1693980133044	-17.7075949668658	6.72796286497464	-17.7075949668658	39.4933072339345
21250000	3.3824509077828	-5.15587839469565	10.1667859872443	-5.15587839469565	66.0576151360088	-23.9912764706862	10.1667859872443	-23.9912764706862	49.9089821121151
21260000	9.10672626700842	-1.36524932854324	11.6430932983803	-1.36524932854324	53.8467414662528	-16.678487500721	11.6430932983803	-16.678487500721	58.3554231430967
21270000	56.0641947076657	1.43879917861938	41.8938549406813	1.43879917861938	38.8337046055246	-3.42322690942359	41.8938549406813	-3.42322690942359	59.9085004104265
21280000	33.8777806320011	-0.0658507854085796	24.8187984345731	-0.06585078540858	53.6644272682106	-4.83712420886396	24.8187984345731	-4.83712420886396	56.8070375796036
21290000	13.1417064867856	-7.61346379016498	22.9091127388816	-7.61346379016498	46.6863783310779	-12.996977378743	22.9091127388816	-12.996977378743	55.9052001595554
21300000	2.67509084221839	-2.49827727547993	9.1386079865311	-2.49827727547992	67.7316597690416	-9.63516791961418	9.1386079865311	-9.63516791961418	54.8415949037759
21310000	5.01553261435847	-5.5592372702112	12.9034158461657	-5.5592372702112	55.6232163682412	-10.0295189499611	12.9034158461656	-10.0295189499611	46.1931467397146
21320000	3.21345955357385	1.0940606375794	10.1790117423684	1.0940606375794	59.7462365983218	3.58467027088401	10.1790117423684	3.58467027088401	51.2920510227144
21330000	2.7293637837709	-2.95971342062511	6.55954069961828	-2.95971342062511	58.1973369979868	-5.76243627782149	6.55954069961829	-5.76243627782149	34.875207320743
21340000	2.18045102611891	-0.636323688516079	7.3619177888664	-0.636323688516079	56.0398720806345	-10.428548453848	7.3619177888664	-10.428548453848	55.6607946644509
21350000	2.28603541919684	-6.79241945291969	5.27875451811929	-6.79241945291969	92.0170178178954	-0.733176163503304	5.27875451811929	-0.733176163503306	49.3025802133926
21360000	4.96626279110381	-5.67824125671508	13.3804944073597	-5.67824125671508	37.7181453143671	-9.85196508688092	13.3804944073597	-9.85196508688092	49.6048119186158
21370000	6.1355276591224	-0.0764270598267614	9.07085223701924	-0.0764270598267619	55.1540223317047	-9.6489968841572	9.07085223701924	-9.6489968841572	41.1494892591913
21380000	4.93144535033419	-4.28003330328997	6.20546127466633	-4.28003330328997	81.4524820087635	-13.059580197575	6.20546127466634	-13.059580197575	51.1107271550276
21390000	13.4712247748769	-3.63277686646192	28.0704818427708	-3.63277686646192	80.1177556899856	-8.15981348647735	28.0704818427708	-8.15981348647735	70.862231524679
21400000	6.99799121672879	-4.57713166956545	13.3595129937611	-4.57713166956545	55.5701299032856	-5.17992647965821	13.3595129937611	-5.17992647965821	43.0736305003747
21410000	7.9254544142368	-0.716848451801801	18.0685898042601	-0.716848451801802	61.9342242475414	-12.879016748171	18.0685898042601	-12.879016748171	71.6414371817404
21420000	9.1239705645266	-1.47884327956894	13.9163901746144	-1.47884327956894	66.0856328762891	-5.12456275462321	13.9163901746144	-5.12456275462321	36.8668608118789
21430000	13.3649920126004	-12.7963510563625	16.5332032381968	-12.7963510563625	66.6971971069828	-8.66261521697772	16.5332032381968	-8.66261521697772	39.6198327573941
21440000	17.9605402347963	-9.77321838478558	24.5407921777287	-9.77321838478557	45.5541080445282	-11.3148938440843	24.5407921777287	-11.3148938440843	41.7377232941006
21450000	7.66707339850162	-10.1225135897609	18.3503416548651	-10.1225135897609	65.8998896154977	-17.6702204784499	18.3503416548651	-17.6702204784499	70.1346064534332
21460000	4.49045806004428	-6.37618426963838	12.438044342234	-6.37618426963838	68.9068985410138	-20.4649262215644	12.438044342234	-20.4649262215644	57.2162732767786
21470000	34.1283870436643	-16.4513611761297	35.7136447659344	-16.4513611761297	51.9585837653184	-15.9947911925442	35.7136447659344	-15.9947911925442	56.6850229095051
21480000	4.31887630485397	-1.45823678804333	12.6408021826273	-1.45823678804333	60.7257495603141	-13.0481329037134	12.6408021826273	-13.0481329037134	54.4319660071964
21490000	11.5064732099684	-14.6996039366311	18.5949898060944	-14.6996039366311	86.4137705689881	-16.6625837474532	18.5949898060944	-16.6625837474532	46.3036697895052
21500000	5.43040663758667	-4.71109900915925	17.7292838258259	-4.71109900915925	75.486326292249	1.13782106215323	17.7292838258259	1.13782106215322	82.7449565663481
21510000	9.28868610585377	-8.36288853455659	18.2934074663727	-8.36288853455659	56.7193895394036	-14.5446462439268	18.2934074663727	-14.5446462439268	48.244066548165
21520000	18.2561168925432	-15.2648592774736	22.7198073665071	-15.2648592774736	58.3562309471646	-18.1038585367759	22.7198073665071	-18.1038585367759	44.8530826402608
21530000	9.21463477079395	1.20430221553496	7.88529029456138	1.20430221553496	78.4842831015211	-13.5561012757316	7.88529029456138	-13.5561012757316	44.0179943143508
21540000	4.26295703959576	-4.02842215255144	11.9997916351786	-4.02842215255144	83.0816063287347	-6.36193810596617	11.9997916351786	-6.36193810596617	51.1232311253272
21550000	3.39533266449847	-9.2016957648871	8.83232334272386	-9.2016957648871	70.906086752818	-20.5503096025938	8.83232334272386	-20.5503096025938	39.0684194784041
21560000	10.6377271729339	-14.333974735887	18.5753089075215	-14.333974735887	72.9728303969032	-25.1542623303836	18.5753089075215	-25.1542623303836	51.7902109252215
21570000	4.90567500351535	-2.60857687966136	8.82888997304573	-2.60857687966136	56.2858192522655	-4.539159482423	8.82888997304573	-4.539159482423	43.0916176010511
21580000	9.34949846810392	-4.47662726662178	15.5358458304445	-4.47662726662178	65.0880436212356	-8.78964113644879	15.5358458304445	-8.78964113644879	40.443562059634
21590000	7.76148171227644	-5.1137688635433	13.2414199680955	-5.1137688635433	42.5601991721154	-10.5945402110088	13.2414199680955	-10.5945402110088	45.7990949701465
21600000	15.0433111938881	-5.17385689184729	7.03409965857902	-5.17385689184729	50.2478919734389	0.569255151700322	7.03409965857902	0.569255151700322	32.4231919523173
21610000	12.1316834648104	-6.42778051398654	14.7828770918206	-6.42778051398654	43.037643650875	-13.2298759416702	14.7828770918206	-13.2298759416702	47.6522265381999
21620000	40.8007292385061	-5.83828778792185	35.5856127461916	-5.83828778792186	75.1684280074575	-5.5330558973421	35.5856127461916	-5.5330558973421	57.153035900326
21630000	24.0457190286396	-7.33260409686289	26.023122900592	-7.3326040968629	48.613309638938	-5.67788085861071	26.023122900592	-5.67788085861071	37.7947000851125
21640000	18.7640543210378	-1.54327403778188	20.9040739680722	-1.54327403778188	79.9873699713759	-9.28283411568494	20.9040739680722	-9.28283411568494	48.9382633355184
21650000	5.97927807035132	-11.2353142639614	9.94300213907754	-11.2353142639614	82.6470242518879	-11.5397700662263	9.94300213907754	-11.5397700662263	42.9035948016961
21660000	3.54346883480372	-0.488866829137663	7.81340247260909	-0.488866829137663	58.8117541285341	-10.1641922886458	7.81340247260909	-10.1641922886458	54.0088649620734
21670000	5.15930719754982	-2.41223228320642	12.0625324755858	-2.41223228320642	45.1720348361904	-5.0892332445727	12.0625324755858	-5.0892332445727	41.5991619309004
21680000	2.63882220975651	0.115188815760688	6.26985282773968	0.115188815760688	61.4739481920368	-5.26370987954952	6.26985282773968	-5.26370987954952	42.114981674482
21690000	18.7128710885026	-3.03247370855091	23.0224506846439	-3.03247370855091	42.8566970430743	-4.99210250738421	23.0224506846439	-4.99210250738421	55.1587229005551
21700000	6.41303010105414	0.58154249672623	10.4120127809866	0.58154249672623	65.2625609790573	-1.18200905318235	10.4120127809866	-1.18200905318235	42.9109046436566
21710000	3.93564929332169	1.21588551319668	10.7172443267642	1.21588551319668	46.8860698983457	-2.18450823809542	10.7172443267642	-2.18450823809542	50.7068413969036
21720000	5.03336604028873	-8.50540478078636	12.5984733215738	-8.50540478078636	60.8830456747129	-17.5447333286805	12.5984733215738	-17.5447333286805	54.0242072131095
21730000	3.19059486998701	-4.16263985052187	11.6936713819111	-4.16263985052187	69.7119108682465	-16.1862465968048	11.6936713819111	-16.1862465968048	71.1298110622725
21740000	1.22782274351432	-0.9672522799802	2.51414716704646	-0.9672522799802	52.3083019615644	-1.06536262772792	2.51414716704646	-1.06536262772792	51.7118882701015
21750000	3.45645368600314	-2.22038198163802	7.9974541456839	-2.22038198163802	55.0177345316431	-10.8151784708453	7.9974541456839	-10.8151784708453	44.1288603316597
21760000	3.13087571134281	-3.64768179751748	11.0442862712884	-3.64768179751748	43.3993997096669	-11.7580934181917	11.0442862712884	-11.7580934181917	58.5715617557357
21770000	4.74637584960548	0.408410302020069	10.250105931045	0.408410302020069	60.7956914786213	-3.12912155729041	10.250105931045	-3.12912155729041	45.4682275884603
21780000	12.6978749126833	-3.76043893242601	16.8557452453783	-3.76043893242601	51.1919544056282	-2.39429234839534	16.8557452453783	-2.39429234839534	37.2247030752394
21790000	8.22537379138004	-1.45111807520898	20.0713955118562	-1.45111807520898	54.8896570607156	-3.98972785565747	20.0713955118562	-3.98972785565747	64.8939497474849
21800000	4.78178525780499	1.71991196341475	12.7683455297199	1.71991196341475	52.6047930671328	-7.43235359962156	12.7683455297199	-7.43235359962156	63.2025587057612
21810000	2.9090824909282	-4.81798235402654	9.72524766580585	-4.81798235402654	79.5473000709142	-9.15015101611142	9.72524766580584	-9.15015101611142	54.7797311417525
21820000	7.4669003613702	-7.04876601424719	19.74721661184	-7.04876601424719	50.0047694057617	-20.025830744579	19.74721661184	-20.025830744579	66.3946973007642
21830000	19.2964498129401	-7.48986410893674	16.2080979397795	-7.48986410893674	61.9575067650738	-5.18581942376519	16.2080979397795	-5.18581942376519	40.473409139195
21840000	42.873647792862	-3.57333868722192	28.1572782803143	-3.57333868722192	50.389112143062	0.072285474176959	28.1572782803143	0.0722854741769588	38.4173092012242
21850000	48.5543592631045	-0.494944480645214	41.9210599161554	-0.494944480645216	64.0340721805178	-7.93121532564257	41.9210599161554	-7.93121532564257	54.1640305822083
21860000	35.5697146958942	-18.8120356624018	34.058192544389	-18.8120356624018	68.4511764300971	-10.0359358354712	34.058192544389	-10.0359358354712	45.824007974779
21870000	28.1548606147652	-8.80630835016557	30.7164272633997	-8.80630835016557	50.0723988911696	-7.9787166346265	30.7164272633997	-7.9787166346265	45.5492573500938
21880000	10.3332745676462	-2.90439138313027	16.0838050423868	-2.90439138313027	55.3650196917678	6.29302950724832	16.0838050423868	6.29302950724832	36.8270797964562
21890000	4.18717405089492	-4.79450145127215	11.4692920408733	-4.79450145127215	61.0382130525333	-16.470993455507	11.4692920408733	-16.470993455507	52.8708866320139
21900000	3.32500540853616	-3.52998708698205	8.79845452300121	-3.52998708698205	48.2135728332351	-15.3753895892765	8.79845452300121	-15.3753895892765	57.1980383701237
21910000	3.52046478471432	-4.23630055466905	6.97961615596933	-4.23630055466905	81.1556832569085	-6.83766453126952	6.97961615596933	-6.83766453126952	33.3803754906023
21920000	9.66959398245101	-4.0705834509397	19.3165116934703	-4.0705834509397	72.6839151240514	-7.26131836120403	19.3165116934703	-7.26131836120403	50.7276708682513
21930000	7.94456435224632	-1.63663478374963	14.518178538249	-1.63663478374963	59.4315272255229	3.9488491842822	14.518178538249	3.9488491842822	50.6459987722455
21940000	15.3053821535031	-1.86978882071151	22.344577882043	-1.86978882071151	54.4346326869467	-1.40735730973988	22.344577882043	-1.40735730973988	59.1571695819167
21950000	1.66599698970908	-2.81198746257575	5.33289314848967	-2.81198746257575	66.4950769529916	-8.98328475680383	5.33289314848967	-8.98328475680383	44.9130184757269
21960000	4.37810722324311	-5.72250933877818	12.0432559234555	-5.72250933877818	53.2622959677182	-10.9327857323703	12.0432559234556	-10.9327857323703	61.2273001690751
21970000	4.51504289260824	3.32835725422224	10.886005250131	3.32835725422224	63.4311020209474	6.00359794137603	10.886005250131	6.00359794137603	45.9974968672898
21980000	12.3026937160656	-4.18940490766133	21.4097309351104	-4.18940490766133	55.4638595248872	-7.53346799384949	21.4097309351104	-7.53346799384949	51.1474587373292
21990000	24.8207710538758	-7.8473789419774	29.9039267596777	-7.8473789419774	78.7918191693958	-4.61397461167221	29.9039267596777	-4.61397461167222	46.7028683798484
2.2e+07	4.86398133575917	-1.86260081920602	10.55373145695	-1.86260081920602	61.2814046463982	-8.16943348382134	10.55373145695	-8.16943348382134	50.0725901036889
22010000	6.95677901510632	-1.16994480254993	12.7335661885598	-1.16994480254993	55.3646959540004	-12.009578219553	12.7335661885598	-12.009578219553	44.0984855451883
22020000	7.01705596809489	0.00771941747006168	13.0731791892509	0.00771941747006039	59.90570673597	-14.5722495594893	13.0731791892509	-14.5722495594893	43.7974636619976
22030000	22.4327420360166	-18.2504712797913	22.941987535437	-18.2504712797913	67.8014641386118	-16.0105552479115	22.941987535437	-16.0105552479115	57.9596591640657
22040000	16.937334186592	-13.9941606228907	28.3812505324828	-13.9941606228907	70.6782595278443	-17.1704934481921	28.3812505324828	-17.1704934481921	65.9972667418633
22050000	5.81250721125182	-3.9161776762189	12.4185549368814	-3.91617767621891	58.4231809228231	-18.9359620603838	12.4185549368814	-18.9359620603837	49.9566165452586
22060000	3.42096093237131	-1.02146877479619	7.14005147282151	-1.02146877479619	57.7807718362624	-5.93497307477143	7.14005147282151	-5.93497307477143	60.5771072059336
22070000	2.95011205995088	-4.92677378015002	7.21814051362882	-4.92677378015002	69.4166678407549	5.30582950074564	7.21814051362882	5.30582950074564	42.6221070763107
22080000	3.93165116601388	-3.35361711315579	7.43529305810483	-3.35361711315579	71.934480691038	-14.8139856579535	7.43529305810483	-14.8139856579535	39.7440642802781
22090000	2.71806841039359	1.32434727774699	7.0401228242193	1.32434727774699	70.4694316648961	-8.36823007689651	7.0401228242193	-8.36823007689651	42.8641905907857
22100000	3.33537883620935	-1.34712071045948	9.03400759724158	-1.34712071045948	62.576535287217	-9.27061368775098	9.03400759724158	-9.27061368775098	50.3933997368522
22110000	7.16636489278267	-8.23209942703071	17.6849773817407	-8.23209942703071	48.6212627909851	-19.4105727547947	17.6849773817407	-19.4105727547947	52.465723942709
22120000	2.33833908341042	-0.839298079771527	3.07937242860291	-0.839298079771527	34.9427100452844	4.14581395316554	3.07937242860291	4.14581395316554	43.4558076463175
22130000	9.8687248751979	-6.01445447249286	19.8745532297382	-6.01445447249286	52.6977624165339	-15.2082546246664	19.8745532297382	-15.2082546246664	58.4268456630679
22140000	20.5213158175393	-7.67791752455961	23.4962483267569	-7.67791752455961	70.6191016158886	-10.0424753067689	23.4962483267569	-10.0424753067689	44.9566379129951
22150000	23.174384997147	-13.6228644559711	26.5114688219364	-13.6228644559711	59.2703981147631	-13.8255679168153	26.5114688219364	-13.8255679168153	43.7897245006127
22160000	15.283705548247	3.84801348051573	21.3500492893543	3.84801348051573	53.4529847823324	-1.91189533169076	21.3500492893543	-1.91189533169076	51.6804000413791
22170000	18.0478981150086	-6.06418854531637	26.187986760972	-6.06418854531637	53.8835141576349	-6.45843935088962	26.187986760972	-6.45843935088962	43.8684898914585
22180000	8.4389611280076	-3.1033274705852	13.8074741551395	-3.1033274705852	54.0754866883947	2.0646005721756	13.8074741551395	2.0646005721756	43.1796769671754
22190000	27.9553644787465	-5.78622702986699	34.2325146335619	-5.78622702986698	53.784213410147	4.22604709949878	34.2325146335619	4.22604709949878	57.7558951385548
22200000	2.60313642962643	0.52463536873333	6.9537078594382	0.52463536873333	62.4655993969008	-1.3503457380622	6.9537078594382	-1.3503457380622	63.8564343292647
22210000	1.20252897254274	-2.07966339693272	3.98301985462408	-2.07966339693272	49.7613647510165	1.62127661081452	3.98301985462408	1.62127661081452	57.4092774292324
22220000	7.90899921120508	-1.1227769483098	13.4535328122678	-1.1227769483098	45.5107887766814	-8.98888953143456	13.4535328122678	-8.98888953143456	35.0548043095404
22230000	9.36186871372606	-2.61362580966283	15.8909317647728	-2.61362580966283	46.1522800145438	-9.4363446364934	15.8909317647728	-9.4363446364934	45.7307978159734
22240000	11.8743711123327	-15.9010606853942	22.3515945080627	-15.9010606853942	81.6645557879707	-19.4876688181812	22.3515945080627	-19.4876688181812	61.8904434374696
22250000	7.22268439007634	-7.67421051615736	18.2710296167283	-7.67421051615736	56.5401720253587	-26.1445779060618	18.2710296167283	-26.1445779060618	71.1294308416215
22260000	5.43567010511605	0.921739356821589	14.7268338809301	0.92173935682159	57.7440312694768	-7.22160775627258	14.7268338809301	-7.22160775627258	60.0730377922542
22270000	5.59553808317014	-7.38905859184939	16.3057607281179	-7.38905859184939	62.7721875788402	-11.9369184473454	16.3057607281179	-11.9369184473454	67.9316983379335
22280000	5.08767599235461	-4.47088222762123	11.8644760375343	-4.47088222762123	94.6130097471787	-27.1965752933199	11.8644760375343	-27.1965752933199	46.0901400091904
22290000	19.6837918972508	-10.2984483966395	20.9309261248534	-10.2984483966395	80.3665720647174	-15.142373246618	20.9309261248534	-15.142373246618	60.2550777281021
22300000	12.878904206493	-4.95810921764552	16.8409394493644	-4.95810921764552	56.8790153291351	-14.6868908997337	16.8409394493644	-14.6868908997337	51.4594190059208
22310000	12.7839257117481	-0.392225277241309	9.97114368534634	-0.392225277241309	59.5970211144099	-10.1343883963525	9.97114368534634	-10.1343883963525	48.1313324842773
22320000	14.5736711263854	-16.3321042609004	27.2684191338778	-16.3321042609004	69.024103649977	-29.4243529967261	27.2684191338778	-29.4243529967261	70.1931154564333
22330000	6.77990288589766	-0.561228164408822	18.0225549253759	-0.561228164408823	48.6733666021281	3.048533221875	18.0225549253759	3.04853322187501	61.8777006347585
22340000	1.53515958391053	-3.37078747691291	5.54883203504172	-3.37078747691291	58.1996248058877	-7.10327975560764	5.54883203504172	-7.10327975560764	50.6512690339601
22350000	3.03555879206204	-2.54415873251494	5.26515775464561	-2.54415873251494	50.0227898670966	0.110717147212292	5.26515775464561	0.110717147212292	42.1345796159522
22360000	3.73740908092108	-5.53490033916399	11.3879300179703	-5.53490033916399	71.4347051077619	-14.7971800594128	11.3879300179703	-14.7971800594128	59.0056760239995
22370000	6.73596095225641	-0.909334286091172	5.86725459363493	-0.909334286091172	62.1042451820185	0.660666099269128	5.86725459363493	0.660666099269128	68.2808800722293
22380000	12.5794919151781	-7.68156175246081	21.2353326292275	-7.68156175246082	46.7849354929451	-4.75000445595714	21.2353326292275	-4.75000445595713	46.7229856032876
22390000	21.7457892343291	-4.36194535611887	28.8788092710428	-4.36194535611887	43.5930012570128	-9.82470323951612	28.8788092710428	-9.82470323951612	49.2916399870405
22400000	8.17705758585176	-6.47462144867807	14.9321452453722	-6.47462144867807	51.269328811713	-8.70422635168942	14.9321452453722	-8.70422635168942	41.4046635969759
22410000	17.8536403585651	-14.6647500777924	29.2441052378132	-14.6647500777924	60.7367936547748	-10.0234038892381	29.2441052378132	-10.0234038892381	63.6175124869857
22420000	6.15711119944485	-4.93738964100274	12.7379126590386	-4.93738964100274	52.382864124879	-12.4559501909015	12.7379126590386	-12.4559501909015	52.8024446409233
22430000	2.69004128595396	-2.78107501977015	6.05576660801877	-2.78107501977015	70.5049822697529	6.52345639052782	6.05576660801877	6.52345639052783	55.3574030170213
22440000	8.84212124258969	-8.98507069129828	16.2819576988204	-8.98507069129827	77.1369207404325	-21.4552853709103	16.2819576988204	-21.4552853709103	53.502319423984
22450000	19.6611943093699	-2.5646628615274	24.6361307144387	-2.5646628615274	79.8113437627493	-4.20092919743798	24.6361307144387	-4.20092919743798	52.0130262363936
22460000	19.3937440853781	-11.5347033840818	31.7935889368826	-11.5347033840818	54.4620947719425	-14.0169192341325	31.7935889368826	-14.0169192341325	66.9255198321009
22470000	3.51613832511228	1.03876644160686	12.0114291576552	1.03876644160686	62.4398049326297	5.14719119851867	12.0114291576552	5.14719119851867	60.730844365397
22480000	8.63773588610274	-1.57085254783035	16.7842864816833	-1.57085254783035	63.4369838698961	-2.60005074422934	16.7842864816833	-2.60005074422934	59.9974823616355
22490000	8.97830617124966	-2.21219652705858	13.3536114876397	-2.21219652705858	86.8343209595436	-17.6942726761818	13.3536114876397	-17.6942726761818	44.0920630287242
22500000	6.79965897452327	3.15889451419238	8.18606431409871	3.15889451419238	80.6297514657266	-17.5274471962429	8.18606431409871	-17.5274471962429	46.5126485634292
22510000	5.0230278020195	-3.60263364913236	12.7907140537405	-3.60263364913236	54.5216220379947	-10.2739870830805	12.7907140537405	-10.2739870830805	48.1179974155809
22520000	6.71977873576333	-9.29810893228365	10.2505615672878	-9.29810893228365	70.2624357921244	-10.4166164954657	10.2505615672878	-10.4166164954657	64.0557409242497
22530000	7.76737971432352	-2.32458883879842	16.8720628799113	-2.32458883879842	54.4056156379428	-3.71168763506617	16.8720628799113	-3.71168763506617	50.5503423465706
22540000	7.38200758980369	-4.69718890660078	10.3795605745749	-4.69718890660078	45.1657802030059	-4.54308894949947	10.3795605745749	-4.54308894949947	57.4757082029758
22550000	2.41558626015889	1.56882784551389	8.35521051364871	1.56882784551389	48.2298508304036	-7.79531850378748	8.35521051364871	-7.79531850378748	66.3560265383259
22560000	6.14893999871444	-7.2517485152602	14.6627530770165	-7.2517485152602	51.3374855718567	-10.8350496960987	14.6627530770165	-10.8350496960987	52.8225441009923
22570000	2.50567188523019	-0.283996752077631	6.37021634755075	-0.283996752077631	47.5723017988577	-2.71709203645366	6.37021634755075	-2.71709203645366	37.2258750435615
22580000	6.95172645555604	1.21553238379017	10.6200320555023	1.21553238379017	61.2347690239611	2.64291700500752	10.6200320555023	2.64291700500752	46.8488864166197
22590000	10.4652414740381	-4.06575906541127	16.5137652198769	-4.06575906541127	48.0010657124142	-3.28540293209103	16.5137652198769	-3.28540293209103	47.8884428104768
22600000	13.4791521174557	-3.85887842831614	24.5970580860288	-3.85887842831614	71.3853914421863	-4.48071765963657	24.5970580860288	-4.48071765963657	65.4219292880089
22610000	2.25399498613806	-1.54526354765926	5.25650410590413	-1.54526354765926	83.0137982496836	-3.2293159894369	5.25650410590413	-3.2293159894369	35.5404140358516
22620000	6.29376242520973	-1.54069126905456	8.72710332598688	-1.54069126905456	68.1826494104178	-8.83709822504573	8.72710332598688	-8.83709822504573	45.4166761238103
22630000	11.5312930357665	-0.815532886101962	17.4122592774916	-0.815532886101962	62.8707878730689	-0.697926636302381	17.4122592774916	-0.697926636302381	36.0788406407211
22640000	21.9934238922579	-11.4086623631951	38.3415520886891	-11.4086623631951	52.2044443123889	-22.767050663883	38.3415520886891	-22.767050663883	77.2444432450467
22650000	43.2689338108246	-21.1653558789106	46.9388618532499	-21.1653558789106	63.07381364996	-26.0246947923172	46.9388618532499	-26.0246947923172	77.4581475026714
22660000	21.5693669998487	-17.4490614558059	23.6658050550649	-17.4490614558059	93.3113559348647	-1.65688124843341	23.6658050550649	-1.65688124843341	58.0442821719512
22670000	16.1559263336191	-5.37081628367095	23.8480196055526	-5.37081628367095	48.0531616968088	-8.06074018137488	23.8480196055526	-8.06074018137488	52.8861332260651
22680000	5.94739212623686	-5.37172952717129	12.7008486992604	-5.37172952717129	52.9435603397901	-12.6649463362125	12.7008486992604	-12.6649463362125	48.4279698629875
22690000	7.25694909827257	-3.82714055706796	15.8133684426246	-3.82714055706796	53.3573810632879	2.26009040742742	15.8133684426246	2.26009040742742	51.8522492305688
22700000	0.867173439284177	0.917468064059808	2.50986777806763	0.917468064059808	74.088304046892	-0.0564915527332635	2.50986777806763	-0.0564915527332635	42.7399540602826
22710000	2.21125592149528	-3.64748784528534	9.06263071606558	-3.64748784528534	51.9095005321335	-15.8393804300254	9.06263071606558	-15.8393804300254	59.2909596510715
22720000	4.15035886248243	-1.78181889513196	8.96935857414581	-1.78181889513196	40.9013676617355	-13.1866214235016	8.96935857414581	-13.1866214235016	51.8849960263977
22730000	3.30922305169707	-4.8265442243994	6.8594425360052	-4.8265442243994	55.5490710129931	-19.1832291926356	6.8594425360052	-19.1832291926356	60.0682590319976
22740000	3.45436133978511	-2.33264180286355	9.2732416991176	-2.33264180286355	50.7122544333305	-7.35645160823078	9.2732416991176	-7.35645160823078	40.0474551703896
22750000	2.70898595857443	-2.42883801768487	6.92876399205083	-2.42883801768487	53.1870652953983	-13.8985569974299	6.92876399205083	-13.8985569974298	43.4104388569743
22760000	4.06387360750896	-2.6621681830046	9.56270671178095	-2.6621681830046	58.0950760171567	4.98878904018316	9.56270671178095	4.98878904018316	55.5858572087248
22770000	2.3216920670338	-0.390864671494099	5.45827620362933	-0.390864671494099	53.3695625589778	-13.5245867491527	5.45827620362933	-13.5245867491527	54.2195530776424
22780000	2.60506023243752	-2.36803704157615	6.61585561785661	-2.36803704157615	72.9810387262815	-13.6371347615704	6.61585561785661	-13.6371347615704	45.0982422029604
22790000	0.80054190651543	-0.502818012508952	1.35806875747943	-0.502818012508952	49.4993820730305	-10.4160071233621	1.35806875747943	-10.4160071233621	45.016636414197
22800000	3.78175536228434	-0.283470759987504	9.24903477471962	-0.283470759987503	83.2380907682874	-21.3585496762947	9.24903477471962	-21.3585496762947	68.4013901500217
22810000	2.91769072441407	-2.54185440680871	7.89159713166416	-2.54185440680871	47.5274259019868	-4.84024651251755	7.89159713166416	-4.84024651251755	44.0918959051041
22820000	18.6349122707144	-9.21255365927317	26.1643245001339	-9.21255365927317	59.0748933928461	-8.60303610567518	26.1643245001339	-8.60303610567518	53.0444687937632
22830000	9.89779609652526	-11.7271838805802	18.4533975205831	-11.7271838805802	70.9084164217407	-14.3334932317545	18.4533975205831	-14.3334932317545	48.4769215576189
22840000	5.36977538545711	-5.61925793675825	16.7743595873395	-5.61925793675825	91.0842354172907	-20.0005274229704	16.7743595873395	-20.0005274229704	69.3392208431948
22850000	2.11646016700493	-2.86582290681083	7.1745628517903	-2.86582290681083	63.6338587030003	-16.0148898738262	7.1745628517903	-16.0148898738261	43.4554547194505
22860000	3.06124295842159	-0.780485770410344	6.19870481934356	-0.780485770410344	49.3506348799066	-8.99296884142637	6.19870481934357	-8.99296884142637	40.9520161884703
22870000	3.82368912253466	-2.97424939772152	11.6010161340916	-2.97424939772152	55.9274234736641	-0.772102587552752	11.6010161340916	-0.772102587552753	49.1010881011823
22880000	31.8280982088693	-12.0470008557176	42.019275732105	-12.0470008557176	50.8700061780691	-19.2741738366746	42.019275732105	-19.2741738366746	65.0471592159896
22890000	6.42113100867753	-13.4269375806864	13.1679195436336	-13.4269375806864	72.3471862493579	-15.7402435907449	13.1679195436336	-15.7402435907449	43.542846835595
22900000	2.75138256500766	2.80875875887208	5.81534602586188	2.80875875887208	59.9786538981437	5.72321238257494	5.81534602586188	5.72321238257494	35.8026168737672
22910000	9.51363748369989	0.412633180896775	18.2374884237729	0.412633180896775	62.6913637124294	-2.46205582317924	18.2374884237729	-2.46205582317924	52.6882412731195
22920000	7.74509946537457	-6.29485030006783	16.4462972079746	-6.29485030006783	53.2076717550295	-12.9818337539952	16.4462972079746	-12.9818337539952	43.5590621530523
22930000	2.7996517276744	-4.41016966169894	5.54535993616606	-4.41016966169894	74.8142637227371	-3.15571485481426	5.54535993616606	-3.15571485481426	32.4764761825816
22940000	13.809127743897	-4.6076303165069	24.5860817528621	-4.6076303165069	76.0005406192867	-9.09205235744234	24.5860817528621	-9.09205235744234	57.5498829991463
22950000	4.45028427759734	0.726746085445178	12.3538255348659	0.726746085445178	53.215621715116	3.00518971876028	12.3538255348659	3.00518971876028	45.309031641546
22960000	3.27914788442365	5.56444993717943	5.14521162366116	5.56444993717943	73.1649111762101	7.68646574885627	5.14521162366116	7.68646574885627	47.3554314350908
22970000	1.79433989785731	-0.264425292768622	3.79845448482042	-0.264425292768622	64.7467691929589	-17.0220306743463	3.79845448482042	-17.0220306743463	45.4423125751477
22980000	9.79250523389314	-1.04337226841376	16.6033129585655	-1.04337226841376	66.2047308260826	-13.9481737843474	16.6033129585655	-13.9481737843474	46.5885004779536
22990000	10.4414828124097	-10.8351148574489	15.9344574761906	-10.8351148574489	83.3568320500162	-8.58328724138797	15.9344574761906	-8.58328724138797	38.8837216822545
2.3e+07	5.77479325175699	-9.83910086116918	14.8442969424456	-9.83910086116918	71.3309434772346	-9.70444529264977	14.8442969424456	-9.70444529264977	65.6521621386404
23010000	5.34675582715435	4.20213540957394	4.37346553824019	4.20213540957394	74.0027049964051	-11.0987043163327	4.37346553824019	-11.0987043163327	46.5901321046345
23020000	29.1876920862596	-4.51270488599553	32.0343313643245	-4.51270488599553	50.7951780283473	-0.556565099257792	32.0343313643245	-0.55656509925779	43.9227604767242
23030000	10.4797158855456	-12.2293274968732	17.6679203819595	-12.2293274968732	44.5109116751825	-13.408775075219	17.6679203819595	-13.408775075219	63.4650337000633
23040000	29.0876824317119	-4.61748394593698	25.9322840205017	-4.61748394593698	65.1405746678429	-4.34469938009643	25.9322840205017	-4.34469938009643	42.8421158989268
23050000	14.9595056549759	-6.15657174280128	20.2197696133008	-6.15657174280128	70.3041037260415	-14.0670530315103	20.2197696133008	-14.0670530315103	50.8085441765133
23060000	21.2021092083927	-15.7536679210517	29.9673788097491	-15.7536679210517	74.7125322765338	-16.7234090947812	29.967378809749	-16.7234090947812	50.589692972672
23070000	6.27087700118537	-6.91732020889704	14.6275502212555	-6.91732020889704	60.9038027178587	-11.0897811530195	14.6275502212555	-11.0897811530195	45.3130099875969
23080000	3.01233317077719	-2.33708120908236	10.2210092418666	-2.33708120908236	76.2595916312608	-5.35501497094483	10.2210092418666	-5.35501497094483	61.4249776325019
23090000	23.6618696386408	-23.1188736241851	31.327959211269	-23.1188736241851	75.9976734342841	-18.8715574986451	31.327959211269	-18.8715574986451	56.1278115993733
23100000	5.18198823457274	-1.97629501895688	14.5161657154002	-1.97629501895688	60.443370471045	-4.56265314532311	14.5161657154002	-4.56265314532311	55.9527399182145
23110000	1.74147333825814	-0.831401675983302	5.16234248361537	-0.831401675983302	76.3327650920658	-8.48555839128096	5.16234248361537	-8.48555839128096	41.5466911321152
23120000	17.8676016296949	-12.3458432223273	28.0927658731731	-12.3458432223273	53.4977816029493	-16.7412105161741	28.0927658731731	-16.7412105161741	57.6490446120304
23130000	3.66917086984547	-3.46327565849628	10.1928705569511	-3.46327565849628	54.9106336665671	-8.50307281101621	10.1928705569511	-8.50307281101621	58.8004255903023
23140000	2.47798647383122	-1.34699584396752	8.56174434714959	-1.34699584396752	61.0070072593174	-9.47963947105188	8.56174434714959	-9.47963947105188	66.825753842223
23150000	2.47003667868469	-2.85137098560787	8.73458176495772	-2.85137098560787	49.0010114959137	0.508370294340138	8.73458176495772	0.50837029434014	64.0474755816194
23160000	3.22624358375875	-0.19654914531851	9.35709863579351	-0.19654914531851	39.2386645752641	-6.47932809873637	9.35709863579351	-6.47932809873637	73.7266527473317
23170000	4.68842657142613	-5.26651407484624	12.5288556233058	-5.26651407484624	72.7558809316572	-13.0380677803377	12.5288556233058	-13.0380677803377	54.0541889663586
23180000	1.324689843822	-1.5922419284958	5.55685634288662	-1.5922419284958	41.3502416739389	-0.0238973600808013	5.55685634288662	-0.0238973600808012	48.622432744337
23190000	5.83005663382885	-5.42306514298228	13.561543515488	-5.42306514298228	76.068320114124	-13.1459101536819	13.561543515488	-13.1459101536819	47.5731747769412
23200000	11.580349058988	-2.46550625738551	17.4900668340013	-2.46550625738551	62.5791375188418	-5.36891961871161	17.4900668340013	-5.36891961871161	46.8939257302461
23210000	7.28428325767304	-4.06250361296476	16.6271959108574	-4.06250361296476	50.4507007473477	-3.44042751381127	16.6271959108574	-3.44042751381127	54.8473341082693
23220000	5.31166503801317	-0.541072469676387	3.04859960807727	-0.541072469676387	59.1531351772064	-1.44157936410724	3.04859960807727	-1.44157936410724	45.0799737238181
23230000	15.9873661774011	-8.89729119137357	26.151190322228	-8.89729119137357	62.8651652167215	-2.82089283570574	26.151190322228	-2.82089283570574	68.3650915492658
23240000	3.48664783370814	-4.2659900287087	4.30535918341133	-4.2659900287087	62.00946552836	-15.3047841754935	4.30535918341133	-15.3047841754935	38.2205190239127
23250000	6.89837977858324	-0.0776399559432349	15.8833375147477	-0.0776399559432351	47.6541229198001	3.78901673379415	15.8833375147477	3.78901673379415	61.0336740804483
23260000	7.28078108626442	-4.24850866824893	15.4717911590556	-4.24850866824893	53.5890072371882	-8.23829311722998	15.4717911590556	-8.23829311722998	52.3154988622511
23270000	12.8634753774391	-7.59230118476717	24.5978431272325	-7.59230118476717	46.982451333777	-7.69054637186709	24.5978431272325	-7.69054637186709	68.1221018186347
23280000	4.85723300527905	-7.01200952946381	11.8094288880382	-7.0120095294638	51.10858716155	-13.8420690105004	11.8094288880382	-13.8420690105004	49.4289690190806
23290000	10.5090793018764	-11.70297279866	22.3024971128175	-11.70297279866	75.1298549079185	-23.0230171399798	22.3024971128175	-23.0230171399798	65.6161886898176
23300000	4.38610338581786	-0.802717838747488	10.4391762644751	-0.802717838747488	54.782065446998	-0.815671461283599	10.4391762644751	-0.8156714612836	49.0889476511714
23310000	4.6890985779331	-9.83845197650321	11.0215343550162	-9.83845197650321	107.304389893425	-17.2420299399214	11.0215343550162	-17.2420299399214	42.4751918498088
23320000	3.84996456874854	-2.25906652292093	8.72257117015969	-2.25906652292093	59.0213858083815	-6.43944582570676	8.72257117015969	-6.43944582570676	37.6429064014231
23330000	5.02029377055833	-1.59631995426764	11.1139616838074	-1.59631995426764	85.7203209297254	-22.7614586826569	11.1139616838074	-22.7614586826569	49.9965132929918
23340000	5.89389099704817	-3.6866980768776	14.9939326597774	-3.6866980768776	50.4111375062881	-4.42819460106238	14.9939326597774	-4.42819460106238	51.7575812759593
23350000	3.61882427390241	-4.40276651123566	12.1492869596776	-4.40276651123566	84.0327853037456	-1.95745531241416	12.1492869596776	-1.95745531241416	63.0271701226454
23360000	9.17025977940904	-7.94280217569087	18.3297248366932	-7.94280217569087	50.5381924606005	-8.62946923228313	18.3297248366932	-8.62946923228313	46.420254042192
23370000	6.62770675223299	-1.95985296567648	14.0692705282385	-1.95985296567648	48.8485787775863	-10.639101297121	14.0692705282385	-10.639101297121	44.0356414643564
23380000	2.69380383300202	3.03344065866706	8.58090063024265	3.03344065866706	57.5115570183873	-3.9313830984665	8.58090063024265	-3.9313830984665	54.1083700191318
23390000	2.30230444111176	-0.533606705008315	3.03243393905869	-0.533606705008315	50.0506578975016	-4.34671389065669	3.03243393905869	-4.34671389065669	46.5267973734786
23400000	3.51398436432032	-0.46743628541412	10.3857724801276	-0.46743628541412	72.9768350894125	-14.9386441779195	10.3857724801276	-14.9386441779195	61.4555485740012
23410000	7.9678987090841	-6.00520340401894	19.6435471972674	-6.00520340401895	60.2233579983374	-13.776660364902	19.6435471972674	-13.776660364902	67.1965537241101
23420000	5.93081076041827	-1.4519469790431	8.61386351058735	-1.4519469790431	54.913769568742	-4.55921575323319	8.61386351058735	-4.55921575323319	34.5270715064838
23430000	3.52067424569864	-2.8464986418184	9.69300483289266	-2.8464986418184	52.0635382446964	-12.7801320620873	9.69300483289266	-12.7801320620873	62.6214558887978
23440000	1.79204641946017	0.0343203104951601	6.10224710285278	0.03432031049516	55.4631005700933	-8.83324348339144	6.10224710285278	-8.83324348339144	45.0663920235792
23450000	3.75595072983489	-6.38271138138709	9.3891171985727	-6.38271138138709	77.4548116592463	-15.8169694524651	9.3891171985727	-15.8169694524651	39.7773642882197
23460000	30.517227285901	-21.3908660353173	36.1125616147057	-21.3908660353172	65.1111288279786	-20.8499400866775	36.1125616147057	-20.8499400866775	52.3974969479642
23470000	8.4848281524898	-7.1862330596282	15.3685333363699	-7.1862330596282	54.2076836952313	-10.9134605357102	15.3685333363699	-10.9134605357102	46.9545801416715
23480000	13.9220258363392	-2.14687813596536	17.5835784135438	-2.14687813596536	57.2310244402783	-0.40833096528211	17.5835784135438	-0.408330965282111	52.0501878745329
23490000	14.3595686750027	-15.8180870912573	21.7410607549077	-15.8180870912573	63.9321910270586	-14.22938685122	21.7410607549077	-14.22938685122	47.8264432847564
23500000	34.4393251449667	12.5029890131451	27.1472766617384	12.5029890131451	57.6718031669135	6.70849953176408	27.1472766617384	6.70849953176408	50.4959976719705
23510000	50.8218114360876	-16.0870258649215	48.2108285602942	-16.0870258649215	48.3441471532531	-9.79609211757899	48.2108285602942	-9.79609211757899	57.2007470602501
23520000	37.1662203797012	-15.1854277532564	30.1473608677422	-15.1854277532563	48.6999386097614	-9.6565158769179	30.1473608677422	-9.6565158769179	37.871064707615
23530000	12.3519483636921	-6.17971848164245	19.0962912700815	-6.17971848164245	53.5209148775268	-14.9020198565918	19.0962912700815	-14.9020198565918	47.5107772578905
23540000	15.121058216936	-11.7546043667736	24.4174427079967	-11.7546043667736	58.4171467276563	-17.7298715971419	24.4174427079967	-17.7298715971419	47.8153146102927
23550000	12.3036668464456	-5.36277508803904	24.1717971880221	-5.36277508803904	56.3011487335213	-10.6579341604299	24.1717971880221	-10.6579341604299	56.9763886418108
23560000	8.49913657161071	-5.54607670115318	18.5335050241001	-5.54607670115318	75.5178795209349	-12.1382561638748	18.5335050241001	-12.1382561638748	62.7741003669377
23570000	16.5494673064959	3.06233367093963	17.9954837789806	3.06233367093962	55.1770514043312	-11.1229558890057	17.9954837789806	-11.1229558890057	46.1141573497726
23580000	16.4514119819188	-8.2735618180377	23.7232752109925	-8.2735618180377	54.6036940277015	-12.1065805660151	23.7232752109925	-12.1065805660151	46.588157944143
23590000	5.96933235030542	-1.73670091971025	11.7459665034376	-1.73670091971025	44.3458415808855	-4.45868352157924	11.7459665034376	-4.45868352157924	39.027748516513
23600000	1.82876736053902	-6.09795888007916	5.63044587313891	-6.09795888007916	102.251392912972	-16.6353146734443	5.63044587313891	-16.6353146734443	43.2684785073376
23610000	5.11685164960708	-4.00442148309757	11.0922213190991	-4.00442148309757	53.5414059229922	-11.8322004302623	11.0922213190991	-11.8322004302623	58.7973895191046
23620000	3.12491057249682	-0.133693787401381	5.48909350678846	-0.133693787401381	46.4584935679548	-10.9525407015511	5.48909350678846	-10.9525407015511	34.2390472687703
23630000	3.65305086275454	-4.80354949688722	11.4738722289039	-4.80354949688722	71.8922987051738	-19.1096305939883	11.4738722289039	-19.1096305939883	56.7112222774402
23640000	22.1646196486561	-11.171521721522	23.6569546830952	-11.171521721522	51.9274448041484	-5.93777365913905	23.6569546830952	-5.93777365913905	46.3539477981271
23650000	28.6101306517161	-1.7056724044427	36.0799008202478	-1.7056724044427	55.4521866426408	-5.99468405398527	36.0799008202478	-5.99468405398527	56.8219907547386
23660000	18.8488573908853	-15.5331752472477	25.3280224029079	-15.5331752472477	76.9984061967746	-22.2176650844435	25.3280224029079	-22.2176650844435	49.515265646917
23670000	10.8885619901436	-6.19196795348812	18.03584073299	-6.19196795348812	45.5983341256428	-11.4554290730365	18.03584073299	-11.4554290730365	40.4400816475058
23680000	9.59845962650294	-2.25805767379864	18.872207024945	-2.25805767379864	50.7082645581896	1.69935151034501	18.872207024945	1.69935151034501	54.434383782009
23690000	6.17141288383056	-12.3618607154302	15.8827974392744	-12.3618607154302	77.1716056806734	-25.5978059102593	15.8827974392744	-25.5978059102593	56.927809395899
23700000	2.75614537549749	-1.34562063086573	9.1677806452561	-1.34562063086573	69.5207060540601	-14.98500576432	9.1677806452561	-14.98500576432	48.3884851693741
23710000	2.69342149936518	-2.78272703177109	0.70962997542483	-2.78272703177109	45.1825509749158	-5.55707740939975	0.70962997542483	-5.55707740939975	54.7323660587165
23720000	2.94740122084348	-8.51011727750659	8.71283383641145	-8.5101172775066	73.3519350502834	-24.3274055692709	8.71283383641145	-24.3274055692709	46.3322393519308
23730000	4.02905802156379	-0.878244418472718	12.5870596112528	-0.878244418472718	69.9014861963984	2.6506393614123	12.5870596112528	2.6506393614123	62.4886446627715
23740000	16.820891901062	-5.57791243667497	29.7628639578871	-5.57791243667497	49.018281119486	-11.9856760427719	29.7628639578871	-11.9856760427719	66.6228054968523
23750000	5.87289923973218	-5.18298447829782	13.7537609817516	-5.18298447829782	54.7440481517834	-16.9184065073553	13.7537609817516	-16.9184065073553	51.5417554502151
23760000	7.61675002194284	-0.910602573963557	14.3788037541126	-0.910602573963557	48.1811231104299	-3.1263183688147	14.3788037541126	-3.1263183688147	49.1033547939726
23770000	3.19042774128492	-2.21030244205279	6.10139039649834	-2.21030244205279	60.8558225474601	-10.4603316473023	6.10139039649834	-10.4603316473023	41.9669429097582
23780000	7.91908989352904	0.171722765557479	14.0473482052911	0.17172276555748	79.4046828596991	-4.35018556057404	14.0473482052911	-4.35018556057405	54.7220545963302
23790000	5.51643846266828	-2.6509933468031	14.5129050286787	-2.6509933468031	50.3011603349636	2.69884329863074	14.5129050286787	2.69884329863074	52.1319474929209
23800000	3.60282863531568	-1.15123250309172	6.70183635888082	-1.15123250309172	53.7867774029954	-5.54425402449019	6.70183635888082	-5.54425402449019	42.6261256786817
23810000	4.15630384703231	-2.19264135892856	8.97035805399475	-2.19264135892856	41.7600646535226	1.15896158247262	8.97035805399475	1.15896158247262	44.8421859936906
23820000	1.49242755500795	-1.64593439857928	6.8872684972804	-1.64593439857928	84.0999452313914	-13.893801903037	6.8872684972804	-13.893801903037	54.1325075803103
23830000	8.18733492654561	-5.95163533667321	15.391635874511	-5.95163533667321	65.1394409733563	-7.34727484048267	15.391635874511	-7.34727484048267	43.4569414416094
23840000	4.74851046099404	-0.416507234250334	10.0841209660123	-0.416507234250334	43.6565511819399	-4.29367524041925	10.0841209660123	-4.29367524041925	43.8865280449416
23850000	3.72269742558625	-4.18131444410627	13.1546543983871	-4.18131444410627	57.1928690608766	-10.3694631356396	13.1546543983871	-10.3694631356396	64.872635459189
23860000	2.31028742971494	-3.14389304952548	7.86364989631581	-3.14389304952548	50.5329941581401	-9.47363478573916	7.86364989631581	-9.47363478573916	51.8086075751533
23870000	29.3211308788004	-20.0649424032665	36.2826747235682	-20.0649424032665	72.0017773891407	-18.086843261281	36.2826747235682	-18.086843261281	67.2513794330022
23880000	18.4360555683307	-13.157274981206	26.2985795392725	-13.157274981206	65.6677849235412	-10.5825490539288	26.2985795392725	-10.5825490539288	58.6384172853551
23890000	23.4661585387679	-4.52756213917251	13.6989637945486	-4.52756213917251	69.6922684093348	-18.2624568680118	13.6989637945486	-18.2624568680118	39.1338464392254
23900000	8.76139423612322	2.39919901088809	11.4419784791211	2.39919901088809	79.2382538166402	-11.008289944211	11.4419784791211	-11.008289944211	46.8554745584658
23910000	10.7910201255922	-10.163424955739	17.8626737918623	-10.163424955739	63.625937678745	-7.47215751854137	17.8626737918623	-7.47215751854137	39.0609128028619
23920000	2.83004393728057	0.14937226955749	7.3966110893384	0.14937226955749	59.3164523003061	-7.22275524248377	7.3966110893384	-7.22275524248377	53.523007520203
23930000	2.27135104018559	4.37633695473689	5.21244428331905	4.37633695473689	65.7610808757441	1.68752861128447	5.21244428331905	1.68752861128447	38.7918805844443
23940000	3.01537309603116	-0.449912015345709	8.92885425874928	-0.449912015345709	75.8382446024629	-3.98857010256683	8.92885425874927	-3.98857010256683	45.3142435638965
23950000	6.20956096216877	-7.94513850611038	13.4500329885922	-7.94513850611038	67.313343277761	-8.64552050738938	13.4500329885922	-8.64552050738938	47.8116136431199
23960000	5.0440895656925	-0.349563432563653	12.6468320984945	-0.349563432563653	59.0244149120268	-0.304488715044541	12.6468320984945	-0.304488715044541	53.2092021441546
23970000	1.78437092681997	-1.93952179575881	5.98518397389032	-1.93952179575881	61.8165042794982	4.12635750661023	5.98518397389033	4.12635750661023	37.2228936524332
23980000	2.16753304786372	1.88078111661983	7.91915841510652	1.88078111661983	57.5557446308716	0.0456152965557786	7.91915841510652	0.0456152965557817	47.6855948866084
23990000	7.98649777577643	-5.62003559225202	13.6292291834268	-5.62003559225202	54.8970675035286	-7.36436350753016	13.6292291834268	-7.36436350753016	54.5569428596798
2.4e+07	20.1584274557902	-9.15705961596319	26.3440265955581	-9.1570596159632	78.9724728805839	-17.5957284306136	26.3440265955581	-17.5957284306136	48.5390110615276
24010000	34.0135555441195	-4.40160793805179	26.420610598209	-4.40160793805179	55.6916819346596	-5.55217856224325	26.420610598209	-5.55217856224325	42.9888941207734
24020000	48.0126813103794	-7.47520431754457	40.5130402058454	-7.47520431754457	49.4565040064493	-1.7983132015891	40.5130402058454	-1.7983132015891	54.9429354534858
24030000	28.0594045491403	-12.4420837570709	27.7339062358368	-12.4420837570709	46.7393106756703	-9.9750673453036	27.7339062358368	-9.9750673453036	50.1602032387415
24040000	37.7850254253348	-6.77965645901052	42.4458561893572	-6.77965645901051	44.8345218566498	-0.136632280542882	42.4458561893572	-0.136632280542885	56.4712084317908
24050000	23.3294859591952	-3.84481896000193	24.3406237493986	-3.84481896000192	55.184191550956	-4.75399646232837	24.3406237493986	-4.75399646232837	43.7855373550258
24060000	10.022303777842	-6.57589269908693	20.3682066763225	-6.57589269908693	46.7666867927072	-12.5520767869678	20.3682066763225	-12.5520767869678	55.1658042405217
24070000	11.7066104306901	-7.01544756296666	21.6002773620553	-7.01544756296666	55.4252691377084	-14.87657823049	21.6002773620553	-14.87657823049	52.099699127955
24080000	5.32411419314316	-4.76627786640743	14.4472083765785	-4.76627786640743	58.5531675405923	-10.1775376627358	14.4472083765785	-10.1775376627358	51.5328626801729
24090000	10.9288955416333	-10.2333713230608	22.8663044520759	-10.2333713230608	56.2836192527086	-15.6322999372616	22.8663044520759	-15.6322999372616	67.0981742191376
24100000	13.1974508129839	-4.98667382557692	22.2904064804098	-4.98667382557692	49.0985253038932	-12.7834578370544	22.2904064804098	-12.7834578370544	57.9706408869212
24110000	7.66062783921866	-4.17530508507349	9.26554299991867	-4.17530508507349	48.8055814771983	0.00255080922686869	9.26554299991867	0.00255080922686836	33.6538761542111
24120000	13.0041318704145	0.115619267632765	14.2663095647639	0.115619267632765	63.1893366380874	2.10032175260171	14.2663095647639	2.10032175260171	41.6013866666024
24130000	3.11802985053833	-2.95334267157566	8.67885211726399	-2.95334267157566	71.1198868490819	-17.0701531799768	8.67885211726398	-17.0701531799768	59.9382854143973
24140000	5.49264674583183	-2.61224276655445	11.9481272190918	-2.61224276655445	52.3124015292974	-2.18020102580054	11.9481272190918	-2.18020102580054	45.7455415897727
24150000	12.54078338771	-1.2248036119461	21.6897869633222	-1.2248036119461	59.8689937764122	4.9569523228236	21.6897869633222	4.9569523228236	51.2919520361879
24160000	12.4474862657637	-2.0413561934219	23.1757515617795	-2.0413561934219	67.0424828948617	0.769605725881773	23.1757515617795	0.769605725881773	50.0847216106902
24170000	5.56592238430582	-1.93878157098183	12.126011497354	-1.93878157098183	40.3222793805775	-1.06262838021283	12.126011497354	-1.06262838021283	47.1590390479919
24180000	19.2327201833752	-7.10471603539397	27.6373107315287	-7.10471603539397	63.9375249010401	-1.55312487939779	27.6373107315287	-1.55312487939779	50.4361717969275
24190000	4.39529874317958	-1.56019934195538	11.4515687555059	-1.56019934195538	54.2343967013591	-6.75272010038721	11.4515687555059	-6.75272010038721	54.1935040343563
24200000	9.29189064759871	-1.83992024969314	14.107356899708	-1.83992024969314	61.8260731841746	-5.78300748874047	14.107356899708	-5.78300748874047	43.7945380157622
24210000	9.50686272834103	8.41207684288564	12.4664593089856	8.41207684288564	80.1758832658497	-12.5776585317086	12.4664593089856	-12.5776585317086	54.4530412878998
24220000	9.38852248968131	-7.66224978810774	17.3475657985164	-7.66224978810774	82.3702150234516	-16.0075750444407	17.3475657985164	-16.0075750444407	50.4464996706062
24230000	16.9590652245813	-10.913064713043	26.3214236985351	-10.913064713043	64.4184959166702	-17.5770561138142	26.3214236985351	-17.5770561138142	44.9705445888331
24240000	8.73674926801286	2.7453703977739	11.8975644686271	2.7453703977739	55.9661961903747	-1.83599430963549	11.8975644686271	-1.83599430963549	40.7423562096145
24250000	4.401386194034	0.993704434464729	10.5062853105123	0.993704434464729	52.4948300302559	1.53066942743674	10.5062853105123	1.53066942743674	41.8067470719052
24260000	5.36988498877245	-1.41676577075289	11.5807791947861	-1.41676577075289	52.0446341300575	-14.8919179832505	11.5807791947861	-14.8919179832505	49.8317614478773
24270000	9.03729201394615	-10.9867920615748	16.367147396332	-10.9867920615748	78.235924456521	-11.5473057539224	16.367147396332	-11.5473057539224	44.0236709924699
24280000	3.87026637964439	-6.74765283390415	8.09030001033608	-6.74765283390415	62.732177202634	-20.7799531334525	8.09030001033608	-20.7799531334525	53.6006648208237
24290000	13.2233768205354	-5.99395886235108	25.9600310246068	-5.99395886235108	76.0691235415693	-9.5700310949837	25.9600310246068	-9.5700310949837	71.6157109950861
24300000	6.79184302883675	-5.25371059333823	14.8144259871105	-5.25371059333823	60.5954993816515	-18.8633576321567	14.8144259871105	-18.8633576321567	62.0946765245907
24310000	5.01674799100697	-0.635374393409341	11.8472500742503	-0.635374393409341	50.9076302273338	1.7730903222892	11.8472500742503	1.7730903222892	44.1895489223986
24320000	3.27450674066084	-1.59392410405978	9.64077621717197	-1.59392410405978	62.4798170736063	-6.59496822240695	9.64077621717197	-6.59496822240695	47.4148759306948
24330000	3.32563743191383	-2.92615764642587	9.05606067510496	-2.92615764642587	47.7915690239183	-3.63503027906224	9.05606067510496	-3.63503027906224	46.7222818520137
24340000	1.19102995036528	0.345770984005895	3.65514464502411	0.345770984005895	57.3548987572135	-9.74739247618416	3.65514464502411	-9.74739247618416	46.863407386307
24350000	2.75230502075926	-2.37570350171497	7.23821724779419	-2.37570350171497	47.2947871965522	-7.35259873460829	7.23821724779419	-7.35259873460829	49.4968895290893
24360000	2.26714197356954	-1.9516052294705	4.57742630278036	-1.9516052294705	83.0490773075516	-9.45761879605248	4.57742630278036	-9.45761879605248	34.7476356877028
24370000	1.60627914842206	-0.222903015479901	6.41578182330085	-0.2229030154799	46.5404212715098	-4.12358678176539	6.41578182330085	-4.12358678176539	44.3359530835654
24380000	1.10105126627603	-0.550380830094679	3.84031314351457	-0.550380830094679	54.6851955650475	-11.9928427029346	3.84031314351457	-11.9928427029346	41.5570608105984
24390000	3.98885486865163	-1.67952367709713	10.2055918928827	-1.67952367709713	69.9515253451103	2.14670805202948	10.2055918928827	2.14670805202948	58.4050899315516
24400000	3.67118145821814	-5.45814087311923	12.073248189303	-5.45814087311923	64.7068138538567	-17.8360947369514	12.073248189303	-17.8360947369515	63.9222071719186
24410000	1.86328056833024	-4.00787082956129	3.40006963389141	-4.00787082956129	57.2072518853957	9.07993354726026	3.40006963389141	9.07993354726026	59.5672747712073
24420000	1.86745946315495	-2.21030371821067	8.15088020185075	-2.21030371821067	63.5983400333496	-13.721040950045	8.15088020185075	-13.721040950045	60.3513526013951
24430000	3.10549083251444	-3.56857033786035	8.05204275548229	-3.56857033786035	52.0155411141434	-11.9867615720172	8.0520427554823	-11.9867615720172	32.9914507008218
24440000	4.2485357771744	-2.96593859757919	11.5763048848025	-2.96593859757919	67.6344642702562	-12.6655967120819	11.5763048848025	-12.6655967120819	45.0058632132368
24450000	14.9047623466364	-3.97127172345579	23.8627284219477	-3.97127172345579	46.502941359197	-6.59688581983244	23.8627284219477	-6.59688581983244	52.904527830667
24460000	7.26833618931915	-11.4635203549849	18.2226797398903	-11.4635203549849	58.2664353399464	-19.6476390741903	18.2226797398903	-19.6476390741903	67.6276013488538
24470000	4.51520934539644	-3.31702258582552	4.43631715765156	-3.31702258582552	69.3622476279308	-23.9561845309256	4.43631715765156	-23.9561845309256	60.737113129891
24480000	2.03792628793905	-3.30368594695386	7.30669162199314	-3.30368594695386	66.4271266967776	-7.97521826421307	7.30669162199314	-7.97521826421307	49.1456404074081
24490000	1.60505149648077	-0.946936434164383	6.71595296104351	-0.946936434164383	56.4963744852244	2.88574959038611	6.71595296104351	2.88574959038611	48.3560838485707
24500000	3.70278354050627	-3.20111238831073	10.0676197040966	-3.20111238831073	64.3946498166667	-10.4793281020155	10.0676197040966	-10.4793281020155	45.3199296396399
24510000	2.7426308869561	-4.82551590031584	7.94945323162551	-4.82551590031584	60.6451135757811	-8.88883022138061	7.94945323162551	-8.88883022138061	47.7642055489299
24520000	5.1497143854268	-0.531077709653405	15.0444386823075	-0.531077709653405	65.2534595841772	-0.0494788252293576	15.0444386823075	-0.0494788252293578	64.9285928547692
24530000	4.14123618936793	-4.86083459640997	10.1929136749737	-4.86083459640997	59.0096827141825	-0.945856124921562	10.1929136749737	-0.94585612492156	41.4059639223155
24540000	4.07233863422662	-6.15781504468483	10.7702661683713	-6.15781504468483	71.3602719456411	-4.8389877023988	10.7702661683713	-4.8389877023988	54.3727711925809
24550000	2.69130682060733	-0.0308473100674491	3.69301555270495	-0.0308473100674493	63.7402542777583	-24.2906188363991	3.69301555270495	-24.2906188363991	55.7536209469305
24560000	5.73571831740034	-2.77689816263356	15.3748028434298	-2.77689816263356	43.0461297458489	-4.45061107564319	15.3748028434298	-4.45061107564319	69.0335830211922
24570000	9.93784666882907	-14.690442494427	18.1500419884622	-14.690442494427	64.6854728837018	-18.7012012386651	18.1500419884622	-18.7012012386651	50.3920726989941
24580000	10.1901089610841	-6.9149509722637	15.9724113425339	-6.9149509722637	49.3076898363563	-10.2497526447802	15.9724113425339	-10.2497526447802	46.177895414319
24590000	10.6061389472319	-1.56092169487057	17.1940793809641	-1.56092169487057	52.5651568765675	8.87360409912531	17.1940793809641	8.87360409912531	44.923395396879
24600000	29.4362273230224	-11.2057843769765	27.5394722579562	-11.2057843769765	65.5596541106448	-14.3770726279333	27.5394722579562	-14.3770726279333	34.9758748269975
24610000	31.9584326597178	-16.8069251847156	34.1767911822259	-16.8069251847156	59.841254179345	-17.6292855634032	34.1767911822259	-17.6292855634032	44.084299911498
24620000	32.2913612135984	-5.25750678671246	32.9419897044225	-5.25750678671247	47.7436716878004	-5.27673065676354	32.9419897044225	-5.27673065676354	42.7333806518361
24630000	18.3036254491745	-8.82664247317461	26.8094000322042	-8.82664247317461	56.8788089139598	-14.9521622084449	26.8094000322042	-14.9521622084449	52.0224514695141
24640000	7.4927950192392	-4.32650103229198	16.3956878506937	-4.32650103229198	60.3038023706115	-8.29876311131357	16.3956878506937	-8.29876311131357	45.7774188785293
24650000	3.4397041337309	-3.38180624916726	9.52168427730123	-3.38180624916726	48.8080458557791	-7.93087571300618	9.52168427730122	-7.93087571300618	43.2039293485706
24660000	1.88839275598846	0.475256570835443	3.18398884610315	0.475256570835444	68.1711837435596	-10.361640671117	3.18398884610315	-10.361640671117	37.5547827102632
24670000	6.4560893103977	-3.85767953604367	11.4280322927518	-3.85767953604367	50.8991877225491	-1.91654796636471	11.4280322927518	-1.91654796636471	46.3465741549895
24680000	15.0034173072479	-13.9013967621349	19.2695597011079	-13.9013967621349	66.8819533559513	-13.3292608971805	19.2695597011079	-13.3292608971805	42.9182723392384
24690000	6.50772650699592	-3.10014446209702	12.64201009662	-3.10014446209702	76.4175989926832	-11.0402648336917	12.64201009662	-11.0402648336917	60.0963072531914
24700000	11.4303787281892	-3.24775775760991	24.5059018053973	-3.24775775760991	67.1605995574684	0.493752690988739	24.5059018053973	0.493752690988741	63.3050572453168
24710000	10.7732764235755	-5.96797407490249	19.603353697926	-5.96797407490249	52.9317352364649	-16.3733294476284	19.603353697926	-16.3733294476284	46.3949925546919
24720000	8.5319567177833	-4.93318404873623	16.4739558481188	-4.93318404873623	52.7595999238571	1.49485797863332	16.4739558481188	1.49485797863332	59.0886487527974
24730000	4.58650338316841	-0.485087011976973	11.0887324032552	-0.485087011976973	72.914458459633	2.73908971719163	11.0887324032552	2.73908971719163	47.5102824480215
24740000	5.58693874650693	0.492459670467675	9.92863095357963	0.492459670467675	51.5666283378188	-6.10061191617828	9.92863095357963	-6.10061191617828	35.1520839446582
24750000	9.23591766730791	0.451934324367746	21.0051424572835	0.451934324367747	61.058108885423	6.86459533342113	21.0051424572835	6.86459533342113	61.3565688721294
24760000	15.9918007709087	-7.33770264424702	26.0166971364012	-7.33770264424702	77.6189810778932	-18.8764787756383	26.0166971364012	-18.8764787756383	64.3464573076164
24770000	17.7276217469811	-17.4976612896063	29.1584638007204	-17.4976612896063	64.3745514502528	-25.4095956136729	29.1584638007204	-25.4095956136729	65.4311273151967
24780000	4.30755330686821	-4.68543851024211	10.3639900305952	-4.68543851024211	72.7884063164565	-9.27320989516862	10.3639900305952	-9.27320989516862	41.0523315338209
24790000	4.18811706665224	4.89484035061573	9.55411889439911	4.89484035061573	76.9463067024869	2.0786055948492	9.55411889439911	2.0786055948492	57.4212193474058
24800000	4.55603404584748	-6.71666089794474	8.71288109926166	-6.71666089794474	63.467126378749	-8.10858972454329	8.71288109926165	-8.10858972454329	54.6537281799545
24810000	3.34802396897537	2.37952956652742	8.8917811609148	2.37952956652742	49.9534695167009	-3.73659350079448	8.8917811609148	-3.73659350079448	52.098936486325
24820000	5.51901209199839	-4.57902975032792	9.79049046798502	-4.57902975032792	57.0301255698428	-14.4733330815521	9.79049046798502	-14.4733330815521	46.4223834214581
24830000	9.63688262602603	-4.93393026931746	22.327527046188	-4.93393026931746	69.1277401257888	-2.11526712081668	22.327527046188	-2.11526712081668	62.43949737058
24840000	6.93209843373165	-2.18633686825701	17.9388215741291	-2.18633686825701	41.0471541828031	-6.44356314210133	17.9388215741291	-6.44356314210133	68.8464329829234
24850000	11.0161256685616	-5.68149335870295	21.1221355747435	-5.68149335870295	42.0076184228494	-8.48463527182026	21.1221355747435	-8.48463527182026	50.5606657379747
24860000	10.6846750443975	-8.46128215073762	20.6533999886191	-8.46128215073762	58.5757572638692	-19.9428683815239	20.6533999886191	-19.9428683815239	54.9252184057315
24870000	2.57305132160154	3.20053810079397	6.42832005533645	3.20053810079397	87.1111054458156	-5.92197020064379	6.42832005533645	-5.9219702006438	41.8459487114457
24880000	6.66836952629572	-0.756526796524369	13.1822852589001	-0.756526796524369	56.6726279845859	1.84242921258554	13.1822852589001	1.84242921258554	49.9903114715454
24890000	4.81675725487529	-7.8580987863312	12.4130769903057	-7.8580987863312	69.9611154609345	-14.066248058928	12.4130769903057	-14.066248058928	43.1796524957541
24900000	2.71840252260177	-0.385382254657139	3.48124096554199	-0.385382254657139	40.8630331936191	-18.9289727179527	3.48124096554199	-18.9289727179527	51.2879004955825
24910000	7.01648406992638	-2.75423510599448	18.5178075709462	-2.75423510599448	42.3310291659017	-6.80490572243171	18.5178075709462	-6.80490572243171	61.0987570818925
24920000	2.52907526492853	-4.02954923243536	7.34408672949115	-4.02954923243536	55.6818969955911	-6.92813526332726	7.34408672949115	-6.92813526332726	46.2361323420752
24930000	1.42638414630375	-1.18970834245943	5.47576966380868	-1.18970834245943	44.8585758981855	-3.80823199498294	5.47576966380868	-3.80823199498294	43.6416555215449
24940000	6.70493445682161	-2.32952143521399	16.6311491898454	-2.32952143521399	52.6683208258311	-1.05163802267031	16.6311491898454	-1.05163802267031	58.7845698887752
24950000	7.15768153009892	-5.69286585868805	17.9009469404048	-5.69286585868805	65.4820429469057	-14.2097042142178	17.9009469404048	-14.2097042142178	55.9685529437389
24960000	9.51768970130578	-4.98685650761264	19.2490709901049	-4.98685650761264	42.2434533717082	-13.3851872349768	19.2490709901049	-13.3851872349768	57.5514131696707
24970000	8.07240522635087	-2.49362876205879	20.2728299238326	-2.49362876205879	95.0651349250266	-10.9298087621687	20.2728299238326	-10.9298087621687	58.6160921906943
24980000	8.16541345322795	-13.4156350189529	17.9587866505107	-13.4156350189529	89.5378071795808	-17.8882976177711	17.9587866505107	-17.8882976177711	63.5584840678828
24990000	4.82753511496383	-2.22612616797548	13.1944097274453	-2.22612616797547	63.188075792144	8.20982003086276	13.1944097274453	8.20982003086275	56.8929711131248
2.5e+07	5.53582463594983	-2.34825864941309	13.7162761766276	-2.34825864941309	53.7729694292858	-4.1152473357253	13.7162761766276	-4.1152473357253	48.2565290488518
25010000	2.21386584423199	-1.23954813038555	6.87546127021216	-1.23954813038555	44.3396348675235	-6.1901876195965	6.87546127021216	-6.1901876195965	66.5489088276601
25020000	4.08398626537009	-2.30150257040091	10.6558410353664	-2.30150257040091	41.1185664862894	-12.413967799024	10.6558410353664	-12.413967799024	47.268444992191
25030000	3.75135852416798	6.60786511927793	4.64247646726058	6.60786511927793	70.8735539810501	-11.3430452950167	4.64247646726058	-11.3430452950167	42.2196347817757
25040000	5.56586148705011	-6.87503889487947	17.1541961334714	-6.87503889487947	52.9368938735905	-20.1222998880746	17.1541961334714	-20.1222998880746	68.4012267365697
25050000	5.68016810197781	-13.1664538698809	15.5779874586017	-13.1664538698809	82.5254998051868	-37.3010066394204	15.5779874586017	-37.3010066394204	74.9344130177897
25060000	4.00538766658365	-0.937400012512264	7.98728362420992	-0.937400012512264	56.0345782089685	-12.6465385539307	7.98728362420992	-12.6465385539307	53.8689990608391
25070000	2.62137360925043	-6.79286797905298	7.28557059157536	-6.79286797905298	70.6343668988672	-11.3188478910396	7.28557059157536	-11.3188478910396	43.7743845328802
25080000	4.29708043055575	-6.07582825719804	10.7520363694845	-6.07582825719804	92.8896172855387	-6.48462136714535	10.7520363694845	-6.48462136714535	46.9467915053337
25090000	7.64742994207498	-2.40306430415832	10.8321685977039	-2.40306430415832	62.6577244156679	-16.2408452651755	10.8321685977039	-16.2408452651755	49.3176434000537
25100000	8.51644766685346	-5.0732471828575	19.5207608217573	-5.0732471828575	46.8320012495329	-13.9990300869965	19.5207608217573	-13.9990300869965	69.3993189093625
25110000	5.65508165602775	-1.18031253410749	11.8049812567115	-1.18031253410749	44.0840130779581	0.725556038530519	11.8049812567115	0.725556038530519	45.3790626530817
25120000	2.58617012899703	0.556436000892747	6.01593869255054	0.556436000892747	54.0612128607484	-10.0694305014352	6.01593869255054	-10.0694305014352	51.2124137945244
25130000	4.29835492153024	-3.17856274685228	10.3349470433164	-3.17856274685228	51.9200222786289	-1.82134818694827	10.3349470433164	-1.82134818694827	61.7161028087952
25140000	3.6734616481422	-5.85353597593127	11.0935208971659	-5.85353597593127	48.6823687200415	-23.7777973964425	11.0935208971659	-23.7777973964425	59.812427221416
25150000	1.10100503271633	-0.767406161234452	4.84843269867567	-0.767406161234451	55.6622160901827	5.73285571456456	4.84843269867567	5.73285571456456	43.4634994940173
25160000	3.13410811400002	-1.39565881865952	8.95952021797477	-1.39565881865952	45.4852756316968	-2.90728728613576	8.95952021797477	-2.90728728613576	43.4735721658354
25170000	3.82903837138478	-2.30409296612929	8.48303428721442	-2.30409296612929	64.1624865387139	-13.0551819321961	8.48303428721442	-13.055181932196	38.9059685595683
25180000	18.0750947552153	-0.178651131135865	24.8569774445764	-0.178651131135866	60.8121433876777	-11.6177580920903	24.8569774445764	-11.6177580920903	49.2472005372639
25190000	30.080198812075	-12.2426709105476	37.2499105042184	-12.2426709105476	56.2906944288485	-11.2192180804486	37.2499105042184	-11.2192180804486	55.9879844666596
25200000	11.1922708887413	-6.77481435753164	20.6845153436843	-6.77481435753164	88.8610297192945	-13.502202183068	20.6845153436843	-13.502202183068	53.9108486878552
25210000	6.9469038635917	-7.4679296535489	15.0299119624152	-7.46792965354891	55.6190256506396	-23.7421624053119	15.0299119624152	-23.7421624053119	53.7649786716019
25220000	5.28501227284332	-10.3990967899562	5.2200745676243	-10.3990967899562	67.1973796132043	-12.2412535070654	5.2200745676243	-12.2412535070654	39.7982057734169
25230000	2.23117219366251	0.678911371087181	6.19590153384427	0.67891137108718	54.5330680393902	-5.41981234383461	6.19590153384427	-5.41981234383461	46.7060796131335
25240000	4.4687339419206	-1.88945697937465	11.8629489781139	-1.88945697937465	78.5871789553402	-2.01376376973075	11.8629489781139	-2.01376376973075	54.8434702186981
25250000	8.95747844788284	-5.80507656697135	19.6383482545358	-5.80507656697135	66.3169177552221	-11.0669664984733	19.6383482545358	-11.0669664984733	53.5615678074576
25260000	6.57588972197096	-2.94763735945442	15.3904534580895	-2.94763735945442	50.0937446251461	-3.28081985212793	15.3904534580895	-3.28081985212793	47.1220313509587
25270000	5.1676052632694	-5.80240690163452	11.3158927699611	-5.80240690163452	52.5567854741092	-1.61490558424269	11.3158927699611	-1.61490558424268	50.2451075829898
25280000	3.89402097353377	2.53029402488351	7.08389994377056	2.53029402488351	67.1058111545435	11.7063496978814	7.08389994377056	11.7063496978814	64.0944154499213
25290000	3.00467433083264	-0.678845535169965	10.9289649680995	-0.678845535169965	53.0989936601218	-0.299163659558153	10.9289649680995	-0.299163659558153	67.468689429414
25300000	6.59794769441109	-2.48891525966996	16.6144146907375	-2.48891525966996	48.5592151040049	-9.82557051493865	16.6144146907375	-9.82557051493865	63.7515561637924
25310000	2.20023919823994	-2.82043657621321	6.28793241151657	-2.82043657621321	57.8987586151891	-5.83761731153455	6.28793241151657	-5.83761731153455	45.7234787095408
25320000	3.20088414038095	-2.91389115436749	12.0046781568938	-2.91389115436749	69.0482276696266	1.50638211593397	12.0046781568938	1.50638211593396	76.385452199952
25330000	1.32276764532055	-2.89175734526294	2.43057060884776	-2.89175734526294	74.459440119585	-3.75258072598053	2.43057060884776	-3.75258072598053	43.9310551020854
25340000	2.57493752420103	-0.537402122311561	8.4695287231783	-0.537402122311561	44.5306672878779	-1.54790404477303	8.4695287231783	-1.54790404477303	56.6925525364099
25350000	4.5711765868216	-3.95023035992109	14.0997289440741	-3.95023035992109	65.7848835921236	-12.115339205554	14.0997289440741	-12.115339205554	55.8871084627883
25360000	9.37765298568956	1.1272722910882	6.93812378806533	1.1272722910882	49.2066890444194	-15.2048836957372	6.93812378806533	-15.2048836957372	48.8650848681801
25370000	8.14763833651549	-8.78922943713498	16.8070353204904	-8.78922943713498	81.7779393150676	-16.6636839412858	16.8070353204904	-16.6636839412858	54.2912191618312
25380000	14.9543939691638	-8.63209986176877	30.0819352969813	-8.63209986176877	46.5310718836475	-20.7606202365657	30.0819352969813	-20.7606202365657	68.2389450677721
25390000	4.76329550460235	-0.943868530509626	11.9073591388027	-0.943868530509625	59.1481204304927	-10.1257435165409	11.9073591388027	-10.1257435165409	64.4687535974158
25400000	6.32915918627668	-8.0190041749209	10.6164571315869	-8.0190041749209	58.304387618563	-10.3518504647475	10.6164571315869	-10.3518504647475	53.7432705611835
25410000	9.96747170519345	-7.10733950316974	23.2087957472884	-7.10733950316975	62.9351089566723	-15.6449523501494	23.2087957472884	-15.6449523501494	75.5427335941014
25420000	19.6793867090654	-5.81047133424477	21.6850373242849	-5.81047133424477	62.5027313040789	-9.20463584450776	21.6850373242849	-9.20463584450776	49.0340449513717
25430000	50.2468805646652	-5.53151003466179	45.0847383787979	-5.53151003466179	44.9888555930171	-8.30533811211571	45.0847383787979	-8.30533811211571	56.5843313337795
25440000	49.0990410268662	-10.4048365933205	43.6695923564439	-10.4048365933205	53.0525017475548	-20.208926198505	43.6695923564439	-20.208926198505	62.7195853494335
25450000	10.9274791884841	-8.15166273901763	19.855465055978	-8.15166273901763	53.1041791294812	-17.3340963989382	19.855465055978	-17.3340963989382	59.0700184225823
25460000	4.55830470725127	-2.85938492019406	9.54227080911751	-2.85938492019406	65.1741297989254	-9.21467495791071	9.54227080911751	-9.21467495791071	59.8414503937196
25470000	4.36134922659303	-6.0256253800371	10.2714093134591	-6.02562538003711	59.8542651649946	-26.8964482476334	10.2714093134591	-26.8964482476334	59.0663952156154
25480000	4.99276667084304	-1.93474502886024	10.00069075091	-1.93474502886024	59.4764896770727	-5.34347639139408	10.00069075091	-5.34347639139408	43.6538783294241
25490000	4.2114361136627	-7.26938860683063	8.64202985245127	-7.26938860683063	79.9032268054048	-14.4191514322094	8.64202985245127	-14.4191514322094	41.5221212664724
25500000	3.03970771472401	-3.65346919416356	7.36392228400662	-3.65346919416356	55.7135466580619	-5.6626858968153	7.36392228400662	-5.6626858968153	36.428532220076
25510000	2.18209504539731	-1.20912293323859	4.86967312788416	-1.20912293323859	58.0512592825475	-14.7601425109103	4.86967312788416	-14.7601425109103	63.3378087260833
25520000	2.3526174159535	-1.06321619724646	5.80633874531104	-1.06321619724646	62.190052052148	-8.00402409930864	5.80633874531104	-8.00402409930863	44.2249429429161
25530000	4.30512041919664	2.28970097554477	-1.57514595161328	2.28970097554477	50.0147677161101	-8.25507984239939	-1.57514595161328	-8.25507984239939	54.0707796473307
25540000	7.04754541968653	0.564708446024696	15.6857023489801	0.564708446024696	47.8176752284458	-1.51526632937706	15.6857023489801	-1.51526632937706	47.6189053909938
25550000	8.52566414579787	-4.32522546217842	13.3932005713081	-4.32522546217842	56.5705644743949	-8.35978060097395	13.3932005713081	-8.35978060097395	40.9486994193553
25560000	8.66139943917743	-5.71658016595603	19.3703694166735	-5.71658016595603	52.5409223084915	-15.2147302507042	19.3703694166735	-15.2147302507042	57.1005981250869
25570000	5.11477639756796	-5.65557267042096	13.9692878028485	-5.65557267042096	89.0607012928994	-8.84867519923711	13.9692878028485	-8.84867519923711	50.6569824133607
25580000	0.773356600067924	-1.27992655479652	4.42410593912619	-1.27992655479652	51.1478189599079	-10.0075121270841	4.42410593912619	-10.0075121270841	48.7914515673235
25590000	2.29163001059003	-5.5705884227274	6.78146080703773	-5.57058842272739	55.7794339609926	-17.4690253852659	6.78146080703773	-17.4690253852659	51.0104923475312
25600000	7.36854573929266	-4.80228184343874	13.7790056997138	-4.80228184343874	48.94424904634	-7.43560068309407	13.7790056997138	-7.43560068309407	41.4490990970832
25610000	4.2351357838526	-6.17551274032925	10.5687302608093	-6.17551274032925	70.841735282649	-29.8887426902173	10.5687302608093	-29.8887426902173	46.2951365124613
25620000	2.57392336271871	-3.07272755382522	8.40745942557618	-3.07272755382522	46.0427812664015	-13.5193473840972	8.40745942557617	-13.5193473840972	49.1389028379369
25630000	5.0860779449569	2.74786032146793	4.98491201119466	2.74786032146793	57.4590936505495	-0.1732752805464	4.98491201119466	-0.1732752805464	36.7557788166825
25640000	2.43608719106157	-5.26040626902771	6.34543606532408	-5.26040626902771	53.9202159428291	-10.3369822397336	6.34543606532408	-10.3369822397336	56.2110405391368
25650000	8.36922637411144	-10.1799153645408	16.0336698296065	-10.1799153645408	61.4166651565949	-9.95384358512362	16.0336698296065	-9.95384358512363	40.4762673929478
25660000	13.9520958321206	-14.3586711087297	20.2127638783823	-14.3586711087297	77.813442756237	-25.6259871533816	20.2127638783823	-25.6259871533816	43.2582996674987
25670000	26.7945100024409	4.91272383920935	37.2931128613439	4.91272383920935	57.1805713471508	-1.6765594128474	37.2931128613439	-1.67655941284739	66.9820926510699
25680000	36.3219449309162	0.009476483949201	39.0578963850858	0.00947648394920039	57.7221650916583	-3.90547524445344	39.0578963850858	-3.90547524445344	57.9519955381294
25690000	4.26439639797887	1.40271406438753	9.32459826851295	1.40271406438753	64.2549491915202	-3.18383164284774	9.32459826851295	-3.18383164284774	39.9595091862862
25700000	18.6341966262743	-11.1976230157393	23.6245504521383	-11.1976230157393	77.0315983134137	-29.3665579280428	23.6245504521383	-29.3665579280428	53.6413050184685
25710000	15.1645598740372	-6.65336447544163	13.1682556774347	-6.65336447544163	42.4516706550265	-7.73233974291185	13.1682556774347	-7.73233974291185	43.3528698804409
25720000	32.1080762675787	-9.14528320503826	35.5261966600247	-9.14528320503827	53.5693567353255	-9.6959743351432	35.5261966600247	-9.6959743351432	55.3478777107663
25730000	5.70863518944927	-1.15837405607681	10.4094259933888	-1.15837405607681	54.9222023916621	-10.6353558027134	10.4094259933888	-10.6353558027134	51.688233160645
25740000	7.12649251869701	-5.0129740943475	12.6651199854747	-5.0129740943475	57.5516045104454	-8.16265507992671	12.6651199854747	-8.16265507992671	43.2614876690072
25750000	7.02311479418078	-5.2798946920439	14.9572727768309	-5.2798946920439	61.3777181433074	-9.89915503891975	14.9572727768309	-9.89915503891975	50.1317909300131
25760000	5.33963758823906	-2.67747632746939	14.2523610226945	-2.67747632746939	50.3022826005529	-18.628546947199	14.2523610226945	-18.628546947199	67.1409008241412
25770000	4.76827132183727	-4.59600799036275	6.35088250604641	-4.59600799036275	53.9976853552928	-2.81182343734717	6.35088250604641	-2.81182343734717	44.5037882914827
25780000	3.86319738246086	-1.16893856856778	8.64666560112931	-1.16893856856778	63.7723298280431	-13.5238291111004	8.64666560112931	-13.5238291111004	59.1131865410334
25790000	10.0756618591071	-6.41754195760934	16.4499756917509	-6.41754195760934	53.9079634365356	-6.36994081976067	16.4499756917509	-6.36994081976067	39.5343044738755
25800000	3.3456844588603	-0.7571048219465	8.59324558369034	-0.757104821946501	48.6384865480066	-10.4083897347767	8.59324558369034	-10.4083897347767	51.9456701585479
25810000	3.03620047632444	1.44787854142016	10.2202155620771	1.44787854142016	62.9369221223487	1.06885548580261	10.2202155620771	1.06885548580261	56.4059818767085
25820000	2.53155969855256	-0.288261125760424	7.11958160776836	-0.288261125760424	52.4941252408672	6.78006115590173	7.11958160776836	6.78006115590173	46.854421882729
25830000	2.36959656703576	2.01283676915556	7.77005489861995	2.01283676915556	73.406621926314	-19.1049121928156	7.77005489861995	-19.1049121928156	69.3266398050626
25840000	3.0787838119821	-6.08617023386675	10.3817775801342	-6.08617023386675	57.4195161982249	-21.2177271376484	10.3817775801342	-21.2177271376484	51.0296285713781
25850000	3.50659433038547	-1.5553534521798	10.0665437768	-1.5553534521798	71.6669393624279	-5.29316946462038	10.0665437768	-5.29316946462038	43.8836194253196
25860000	1.64247347683803	-0.410893158664071	5.46067701927786	-0.410893158664072	71.9726278790543	-7.46386450457787	5.46067701927786	-7.46386450457787	39.8846449220882
25870000	4.86904998019899	-2.80250083772739	13.659136341715	-2.8025008377274	51.8527960176544	-13.9185430777063	13.659136341715	-13.9185430777063	71.0990829021122
25880000	5.6133750027405	-3.84959913325014	13.6197769628154	-3.84959913325014	45.0016144992881	-4.66583276695408	13.6197769628154	-4.66583276695407	49.796683911094
25890000	13.7576320169175	-17.1527608017312	11.6416460372176	-17.1527608017312	101.835429022993	-32.1310882091967	11.6416460372176	-32.1310882091967	50.7613235830651
25900000	62.4054884741419	-0.870393704563627	42.4615785673394	-0.870393704563629	81.3613252201763	-14.6330345625152	42.4615785673394	-14.6330345625152	50.7188746672003
25910000	80.2383371909415	-33.9211971091907	37.6311214076194	-33.9211971091907	62.039095864269	-17.4543490855329	37.6311214076194	-17.4543490855329	42.2144423870168
25920000	16.964856805325	2.39737198086111	15.1223230585239	2.39737198086111	62.4583436953444	-20.8277970431741	15.1223230585239	-20.8277970431741	44.8616797328183
25930000	19.9456577237539	-15.0575169500782	32.9859220056435	-15.0575169500781	59.9137765716046	-19.4282357165334	32.9859220056435	-19.4282357165334	74.5715325220993
25940000	5.37791292838509	-1.99179870790885	10.8754751198665	-1.99179870790885	52.889029841046	-3.73247584835923	10.8754751198665	-3.73247584835923	39.8973424321667
25950000	5.86257069273616	-2.40808568523275	14.9835505448502	-2.40808568523275	59.9194374368268	-2.46187224697195	14.9835505448502	-2.46187224697195	55.130576027065
25960000	2.03264059975744	-0.332059147084255	6.64806100926756	-0.332059147084255	69.6033005869273	-7.30337702158981	6.64806100926756	-7.30337702158981	55.2084921499117
25970000	3.41319679482436	-3.21694333866516	8.41325081786424	-3.21694333866516	46.3979173182255	2.58609514802223	8.41325081786424	2.58609514802223	62.0834685852097
25980000	4.07107722480867	-0.231570079774385	10.1895263085349	-0.231570079774385	76.265942194296	-6.01466299798756	10.1895263085349	-6.01466299798756	46.0535966918002
25990000	4.63077251230649	-3.89414893099544	12.3584622019987	-3.89414893099544	76.009784908033	-4.59638707102881	12.3584622019987	-4.59638707102881	46.9500854273593
2.6e+07	1.96827815384122	-2.7027655471237	7.22348513416821	-2.7027655471237	62.2998681555287	-16.4149459774517	7.22348513416821	-16.4149459774517	59.2556264604239
26010000	3.32324866445626	2.73129598145746	6.83453167423768	2.73129598145746	79.2680494906753	-13.0903192229697	6.83453167423768	-13.0903192229697	40.3751525008059
26020000	1.2585068349969	-0.799187337698355	4.70073629493797	-0.799187337698355	68.9167960466565	-12.9029229970358	4.70073629493797	-12.9029229970358	49.5562452602023
26030000	12.7541055318701	-3.64441392116473	24.6802874796784	-3.64441392116473	67.3004489361079	-8.49070912974066	24.6802874796784	-8.49070912974066	57.1773110454371
26040000	4.0276633444841	-5.46782248519309	10.460360118713	-5.46782248519309	65.0108535147916	-14.1087380206292	10.460360118713	-14.1087380206292	67.523866332147
26050000	7.23736849309681	-7.74065514155514	17.0082788517551	-7.74065514155514	74.0408949657156	-8.4514051200338	17.008278851755	-8.45140512003381	51.533591394702
26060000	2.35508823621889	-3.5828740687096	6.77387760644936	-3.5828740687096	79.1147409099312	-8.3864265757758	6.77387760644936	-8.3864265757758	53.1607386368307
26070000	4.52156869226998	3.7618508649977	8.79390455617597	3.7618508649977	55.3068901142114	0.574295569183887	8.79390455617597	0.574295569183887	42.3555534609746
26080000	7.26921982043329	-9.18612807651514	13.4073159335083	-9.18612807651514	53.7057823138644	-7.94672156165846	13.4073159335083	-7.94672156165846	54.9943903726079
26090000	23.8658476041736	-10.0882156216129	31.7630456553136	-10.0882156216129	52.7964378279111	-13.716768545273	31.7630456553136	-13.716768545273	59.8464143167979
26100000	9.15623474171607	-8.26259312096473	17.2802308435513	-8.26259312096473	46.2517115743428	-11.2937513762689	17.2802308435513	-11.2937513762689	47.8458246443523
26110000	10.8334505540764	-4.80883658475306	24.2194779914015	-4.80883658475306	38.671335550306	-8.55546996563865	24.2194779914014	-8.55546996563865	72.6211538621899
26120000	5.2306540174559	-3.4074167027014	10.9938791951632	-3.4074167027014	51.8323160685363	-9.26530648910195	10.9938791951632	-9.26530648910195	49.4202229807701
26130000	8.76801763156957	-0.817087043577732	21.0045578491155	-0.817087043577732	68.6939038597079	-5.19544000278669	21.0045578491155	-5.1954400027867	64.8514526601249
26140000	3.28904886518943	-5.8334436710024	8.09739204634911	-5.8334436710024	58.0309332546594	-9.89544443903161	8.09739204634911	-9.8954444390316	37.457705667892
26150000	6.77376456406606	-7.81122037860604	15.6745397598212	-7.81122037860604	55.8448034453217	-14.8921541459679	15.6745397598212	-14.8921541459679	55.4600117493417
26160000	1.86314561110211	-1.78122000260016	6.86257283983868	-1.78122000260016	49.2633929320864	-12.7151104423335	6.86257283983868	-12.7151104423335	50.2216433955193
26170000	6.35377185164307	-0.275796810506619	12.6685719431904	-0.275796810506618	53.5227340672906	5.23846913641783	12.6685719431904	5.23846913641783	55.3774724763866
26180000	5.95210133930051	-5.79884804125551	13.1076684170253	-5.79884804125551	51.4586429880985	-10.6649487258355	13.1076684170253	-10.6649487258355	41.6381470856557
26190000	3.43062878277744	-4.04891425060528	9.67931247046925	-4.04891425060528	67.5606073059947	-5.36157225720061	9.67931247046925	-5.36157225720061	43.2065542488326
26200000	3.42102427965044	-3.22872042479862	10.5236250481545	-3.22872042479862	72.3068734665649	-3.41262052061178	10.5236250481545	-3.41262052061178	46.5219370331453
26210000	6.84419124921467	-2.23029585188529	10.7837277427626	-2.23029585188529	50.1033444106327	-8.61758078415252	10.7837277427626	-8.61758078415252	48.4135442904563
26220000	6.5689145473923	0.681232396220228	12.2777814623898	0.681232396220228	61.1132858877481	-8.55466609539508	12.2777814623898	-8.55466609539508	42.0121205623612
26230000	17.1394207851809	-14.9529843545172	27.3896284548383	-14.9529843545172	66.5779757283538	-23.1367333286965	27.3896284548383	-23.1367333286965	56.7762442950709
26240000	4.19033260117362	-0.0646452754294419	12.1174284921088	-0.0646452754294438	64.4819892345375	-14.9624885763558	12.1174284921088	-14.9624885763558	53.5738789654318
26250000	2.79294735330652	-2.38328759270986	7.83932933758559	-2.38328759270986	65.173362548439	-9.74648079358372	7.83932933758559	-9.74648079358372	49.6525453027358
26260000	1.01059122051312	-1.22734322179272	1.63896198805509	-1.22734322179272	63.8353289361697	-13.4420261355877	1.63896198805509	-13.4420261355877	40.4734563735669
26270000	2.88032326969775	-1.60879925685546	8.19895167542129	-1.60879925685546	39.9219236498379	-7.07852671072989	8.19895167542129	-7.07852671072989	59.9747017244395
26280000	4.36948139417553	-3.38220782657861	8.22235756388002	-3.38220782657861	61.4120833598121	-10.8540882754536	8.22235756388002	-10.8540882754536	51.380789561441
26290000	3.0543004548481	-1.26558199373147	9.24753682126805	-1.26558199373147	51.5522885313355	-0.271317067094506	9.24753682126805	-0.271317067094506	50.0105842923605
26300000	1.88631190934899	0.0673062991498684	3.12543565847889	0.0673062991498683	72.0972580247883	-5.80761133318857	3.12543565847889	-5.80761133318856	34.5055081372304
26310000	7.26239302892566	-9.7679792594279	17.6735922365074	-9.7679792594279	69.0512638199601	-25.0808249399238	17.6735922365074	-25.0808249399238	64.1905152089791
26320000	10.7732487543555	-7.89006564317422	17.5896160486577	-7.89006564317423	60.2042278017213	-2.79525248592298	17.5896160486577	-2.79525248592298	42.8897841075552
26330000	0.968724594894348	-1.08895110886065	4.19190862344912	-1.08895110886065	63.2424529246614	-9.46339466332078	4.19190862344912	-9.46339466332078	56.6647153742787
26340000	5.25902598597074	-4.40218937464953	11.4902561379454	-4.40218937464953	53.0919482485232	-9.40886900655068	11.4902561379454	-9.40886900655067	40.5749544610033
26350000	6.56036114395966	-2.48138551250298	14.5901286652917	-2.48138551250297	55.399311418765	-13.3774472200498	14.5901286652917	-13.3774472200498	52.6811784935985
26360000	8.31488364778058	-13.7193453820454	18.8105806505721	-13.7193453820454	74.9913796089056	-19.5091991073931	18.8105806505721	-19.5091991073931	65.2054006484575
26370000	2.86931368896494	-2.02190029562486	6.72309132669523	-2.02190029562486	59.4902100130978	-12.7672566570333	6.72309132669523	-12.7672566570333	38.0331675392616
26380000	2.62633053815557	-0.309619438259991	5.2470635743341	-0.309619438259991	51.1112866212643	-2.38998709105279	5.2470635743341	-2.38998709105279	38.6633105728878
26390000	3.21562434337833	-6.12452910602295	9.26926435708226	-6.12452910602295	58.4004706526213	-11.3277284689846	9.26926435708226	-11.3277284689846	44.6727648706767
26400000	2.86811620045498	-5.03356129043977	8.9774088849894	-5.03356129043977	66.2693567607917	-9.57635871652404	8.9774088849894	-9.57635871652403	43.715411806174
26410000	2.04338618118135	-3.10303260686075	6.50293679038603	-3.10303260686075	72.8469961724013	-12.9662397124974	6.50293679038603	-12.9662397124974	38.9330136235592
26420000	4.09074560128579	-2.30870640036949	13.3590393664874	-2.30870640036949	66.2241949042548	0.387461029855616	13.3590393664874	0.387461029855617	64.0962653397272
26430000	1.88059901403719	-0.0367445542502189	5.3464358856085	-0.0367445542502185	63.5741623089027	-11.2913260906263	5.3464358856085	-11.2913260906263	35.0531829172364
26440000	2.86432886611145	-2.44952345231511	7.23630560720562	-2.44952345231511	50.2236770736419	-19.1583406394683	7.23630560720562	-19.1583406394683	54.5052053090835
26450000	4.88428657217247	-9.61561134295922	8.82887681867647	-9.61561134295922	77.8035703520797	-6.73311344052105	8.82887681867647	-6.73311344052105	47.8400091294142
26460000	24.3805266308401	2.68166475714543	30.4870209205446	2.68166475714543	52.1864218665099	6.67343155818769	30.4870209205446	6.67343155818769	62.5389891290682
26470000	20.2037195099907	0.42452839106918	22.7109211588409	0.424528391069181	82.792539160086	-0.347894178585271	22.7109211588409	-0.347894178585272	36.3551602771725
26480000	29.6901289976436	-13.6906687043259	39.2743623186499	-13.6906687043259	53.3388004465486	-15.4807678935024	39.2743623186499	-15.4807678935024	67.9403620250733
26490000	33.8998288791515	-17.0961405813062	33.8248236690569	-17.0961405813062	64.2531918504964	-11.5387903253996	33.824823669057	-11.5387903253996	43.6130601846863
26500000	13.8067113737622	-5.1245405840117	29.5629163521781	-5.1245405840117	51.5909591638228	-3.43655633631181	29.5629163521781	-3.43655633631181	76.6255565282005
26510000	5.87906103946513	-7.63150885150933	13.7669190911651	-7.63150885150933	75.0196472732118	-14.8229685714252	13.7669190911651	-14.8229685714252	51.036539633318
26520000	3.20814466777476	-3.74969588141988	6.86838981077602	-3.74969588141988	35.6653071726304	-2.70179026815154	6.86838981077602	-2.70179026815154	33.4420128322393
26530000	2.99878695303632	-1.19584632483768	6.43820722481793	-1.19584632483768	43.6904126643963	-9.48571882289561	6.43820722481793	-9.48571882289561	46.0963336277771
26540000	2.21820646836166	-2.62832169355963	3.98154499451737	-2.62832169355963	69.0982538336215	-3.48671407641499	3.98154499451737	-3.48671407641499	61.8954055309967
26550000	6.99628763296301	-1.67972732078821	15.2025293938926	-1.67972732078822	62.5011934092152	-9.19179692565598	15.2025293938926	-9.19179692565598	52.7400665052554
26560000	7.0697282362812	-8.02431267982365	17.8224781130012	-8.02431267982365	54.9964135254194	-18.4835280719929	17.8224781130012	-18.4835280719929	62.7515853959933
26570000	5.88077084847366	-3.75268948852945	12.7582321102698	-3.75268948852945	65.2592637070795	-4.89149317873401	12.7582321102698	-4.89149317873401	43.4417714337721
26580000	7.98654222631	-4.16335203873082	18.4280530272312	-4.16335203873082	57.0924368677279	-1.48995268757154	18.4280530272312	-1.48995268757154	60.2751066583936
26590000	7.49943217317309	-7.90430560338571	16.9361326200059	-7.90430560338571	56.5232038050107	-12.2771057767045	16.9361326200059	-12.2771057767045	61.7336355606776
26600000	5.76915107773083	-7.63589306490955	9.98778322992898	-7.63589306490956	91.2775222172949	-9.52228672565754	9.98778322992898	-9.52228672565754	51.7819633254059
26610000	7.11982541560985	-5.38443333867765	17.200195358586	-5.38443333867765	43.3333648613817	-11.811308686567	17.200195358586	-11.811308686567	49.0932196678756
26620000	3.71480208841872	-4.1846256262787	12.2006582313546	-4.1846256262787	49.5548108546388	-16.9604638836948	12.2006582313546	-16.9604638836948	58.7538900117089
26630000	6.10167516885638	-0.452175778551643	9.57410200566177	-0.452175778551643	63.1312975124602	-7.02956045937304	9.57410200566177	-7.02956045937304	52.1300550909822
26640000	2.94606656172156	2.07067542127401	4.01647595287805	2.07067542127401	65.0336811727725	12.1334990315222	4.01647595287805	12.1334990315222	50.7714464690188
26650000	3.9751741706456	-4.7587644866156	8.47533292564079	-4.7587644866156	46.105861208549	-5.5551589375109	8.47533292564079	-5.5551589375109	49.047594896279
26660000	31.9707852936057	-11.8563002932821	42.0202036216655	-11.8563002932821	52.9787991195645	-18.0417281596497	42.0202036216655	-18.0417281596497	66.6813214316829
26670000	5.05715436432903	-3.06440584663451	12.7596334821483	-3.06440584663451	56.9820428790419	-19.3292797717182	12.7596334821483	-19.3292797717182	53.3798270049003
26680000	3.48687673661612	-4.47857248487469	10.4013509821116	-4.47857248487469	67.9150282891125	0.230763036932613	10.4013509821116	0.230763036932616	47.9704993412212
26690000	6.57379083020882	-3.62612171535537	13.454846621775	-3.62612171535537	52.6370888693224	-14.3685961876295	13.454846621775	-14.3685961876295	43.286358870259
26700000	16.5647556113624	-9.49600174193856	24.3802784302168	-9.49600174193856	74.0959685881085	-12.0708369781925	24.3802784302168	-12.0708369781925	50.163756787084
26710000	12.2053718818805	-7.73373400186605	17.5431163320163	-7.73373400186605	61.4974822493317	-23.2717149464104	17.5431163320163	-23.2717149464104	47.9725118744349
26720000	14.2401650884759	-10.2765835709712	23.9830123376939	-10.2765835709712	50.023175539997	-13.8141244570124	23.9830123376939	-13.8141244570124	55.6642882592395
26730000	8.6134267827794	0.300152672503943	14.3351387861807	0.300152672503943	59.836672854407	2.89244142480364	14.3351387861807	2.89244142480364	40.9107802819301
26740000	6.38498507809246	-2.3771553032773	12.6660426011828	-2.3771553032773	53.1679785868232	-6.14371789908021	12.6660426011828	-6.14371789908021	45.2894418578558
26750000	17.7109104893994	-2.71281591975752	18.2432923854813	-2.71281591975752	58.3833903964713	3.34652004021884	18.2432923854813	3.34652004021884	34.910998767026
26760000	28.072772736431	-11.6645110002245	34.9054330495764	-11.6645110002245	80.8639713058035	2.25869828873398	34.9054330495764	2.25869828873398	74.9863706975718
26770000	12.5075079120998	-7.20921591981548	17.5184388478195	-7.20921591981548	59.317902202045	1.89246829932732	17.5184388478195	1.89246829932732	45.0440899422319
26780000	2.59081969717913	-0.596725988573919	4.34094797669147	-0.596725988573919	47.9409488907628	-13.9424878601796	4.34094797669147	-13.9424878601796	38.942375143796
26790000	5.4153229372101	0.768721596736355	8.60816123443503	0.768721596736355	49.5805027338563	-14.2151943256176	8.60816123443503	-14.2151943256176	51.4038272408003
26800000	5.42187721120077	0.814023277729556	10.7888267804562	0.814023277729556	65.6981131151865	-4.60560774655034	10.7888267804562	-4.60560774655034	53.9858874162718
26810000	7.6524848181744	-8.74332412384193	9.05505442808944	-8.74332412384193	46.4128340177613	-7.4813581671196	9.05505442808944	-7.4813581671196	34.454075361292
26820000	16.6228951065919	-1.97955731262229	29.5539999904467	-1.97955731262229	74.6805151632689	0.0826298168805187	29.5539999904467	0.0826298168805184	66.2424361607424
26830000	35.1359785223959	0.188720504442598	32.0173098352892	0.188720504442598	54.802707520957	5.42472809031904	32.0173098352892	5.42472809031904	60.132968139104
26840000	35.9282668228471	-13.0161421307966	44.3040390693916	-13.0161421307966	65.1115840922889	-18.6552416536351	44.3040390693916	-18.6552416536351	75.0400393576812
26850000	45.2667521709946	-21.147553592152	39.901055562683	-21.147553592152	52.9007279919086	-8.21701154956541	39.901055562683	-8.21701154956541	62.4974064385032
26860000	68.7996655477808	-17.8230678558151	44.6173044104003	-17.823067855815	59.540255215112	-14.4055678270391	44.6173044104003	-14.4055678270391	47.82557011718
26870000	14.6719911486888	-18.4882451123681	24.3941330884913	-18.4882451123681	99.8382551204873	-32.2733366224915	24.3941330884913	-32.2733366224915	55.7184979246687
26880000	18.4919640702995	-7.2608300524183	23.2897518954691	-7.2608300524183	53.8211055439014	-14.7339772343124	23.2897518954691	-14.7339772343124	57.5652140126644
26890000	46.1401590934852	-4.600203356887	41.5270454629721	-4.600203356887	46.4561432995944	-3.60976829544116	41.5270454629721	-3.60976829544116	58.745270452739
26900000	36.2821250967086	0.54070348105409	33.5392759636915	0.54070348105409	71.5783815990327	-2.41730500611214	33.5392759636915	-2.41730500611214	60.5450774743115
26910000	23.306617105559	-1.39011589888014	22.3524345781747	-1.39011589888014	40.1949027232739	-3.23205908126854	22.3524345781747	-3.23205908126854	50.2886088265208
26920000	10.1261545898141	-5.47354190972758	16.8477087742161	-5.47354190972758	69.9169714313479	-16.2726571735629	16.8477087742161	-16.2726571735629	49.2990087354476
26930000	8.26988057756385	-10.1964400388942	15.3894352138245	-10.1964400388942	69.6619817189971	-18.6580891361353	15.3894352138245	-18.6580891361353	48.6431072438071
26940000	13.6933168618656	-3.74308445941217	23.7944643847102	-3.74308445941217	65.2910037517291	-8.57236425671301	23.7944643847102	-8.57236425671301	54.3421233855114
26950000	9.60489534487871	0.722411363017032	10.3600697506919	0.722411363017032	74.2707737598744	-3.49469681574147	10.3600697506919	-3.49469681574147	36.0149664950631
26960000	23.4847056199947	-13.9529018856311	27.1956875471846	-13.9529018856311	72.1386644468567	-6.41340830797999	27.1956875471846	-6.41340830798	39.3989336787451
26970000	7.70584074895217	-6.19749112523842	11.5066865145173	-6.19749112523842	55.9252671612407	-13.5532093782304	11.5066865145173	-13.5532093782304	58.546535312712
26980000	2.44674216624852	-4.77009527465848	6.91860171524331	-4.77009527465848	52.2932842483131	-7.95245944533908	6.91860171524331	-7.95245944533908	43.1029107201927
26990000	4.53392100262001	0.498483140928564	11.2737584262152	0.498483140928564	48.5173384171296	-1.13415761640658	11.2737584262152	-1.13415761640658	50.6968591891975
2.7e+07	4.13801985973701	-3.75635070197058	11.1035410611492	-3.75635070197059	60.2282421252856	-12.7962268302906	11.1035410611492	-12.7962268302906	57.239185167362
27010000	7.45362905719054	0.456285277175196	16.9902820402097	0.456285277175196	67.6197819869618	2.07750423787147	16.9902820402097	2.07750423787147	54.091684607846
27020000	6.06799130993331	-2.41164986423502	11.1969125208792	-2.41164986423502	48.1365572979363	-9.81157595411854	11.1969125208792	-9.81157595411854	45.3564330348105
27030000	2.95115201546599	1.56934831071518	3.70666673347265	1.56934831071518	64.9461249082268	-3.39740582873954	3.70666673347265	-3.39740582873954	46.6595615689979
27040000	6.1944350206853	-6.23008696473731	14.5894139739227	-6.23008696473731	85.2958265913682	-23.4602552979006	14.5894139739227	-23.4602552979006	52.9035239255923
27050000	4.72395378807955	-3.86840157193177	13.249001310261	-3.86840157193177	46.4852580120467	-10.8077024552234	13.249001310261	-10.8077024552234	52.2719648761582
27060000	2.32208906798629	-0.885045402630314	5.47514236960307	-0.885045402630314	53.1522400034749	-9.08376898624495	5.47514236960307	-9.08376898624495	53.0233938984073
27070000	23.6859670870149	-17.5230905784818	29.0835587543889	-17.5230905784818	60.4504047928443	-10.7759489476902	29.0835587543889	-10.7759489476903	63.4569701921298
27080000	7.80279429609065	-5.22933853185103	11.6256966731204	-5.22933853185103	41.6235376804797	-10.4322880131627	11.6256966731204	-10.4322880131627	55.8996875833562
27090000	7.24829707315874	-3.54307340623806	13.091004851151	-3.54307340623806	87.9250623921984	8.07456661263734	13.091004851151	8.07456661263734	40.911908592941
27100000	12.2429277293644	-8.31340295788413	23.7084026343661	-8.31340295788413	57.2413736388785	-17.6124602630539	23.7084026343661	-17.6124602630539	59.0628418799354
27110000	7.97251397458373	-6.91296426469663	16.0852903702019	-6.91296426469663	49.8692763031584	-5.99978505798658	16.0852903702019	-5.99978505798658	47.4024608005868
27120000	19.06716309052	-5.2733216053523	26.5901567586812	-5.27332160535229	83.3590982458379	-19.5705561229058	26.5901567586812	-19.5705561229058	69.7255878680398
27130000	4.50203435025523	0.954879778619981	10.0279813140053	0.954879778619981	54.2302327265891	-19.9576732372959	10.0279813140053	-19.9576732372959	62.6501379061431
27140000	4.85367996055124	-7.91042716849199	12.8407796881972	-7.91042716849199	66.6077219856705	-18.0986901872977	12.8407796881972	-18.0986901872977	53.8390688916352
27150000	2.48787642696545	-1.69203741461801	7.97968376206338	-1.69203741461801	42.1871391844986	-2.81841669650689	7.97968376206338	-2.81841669650689	42.590059420466
27160000	3.25405512220581	-3.8285588025486	9.60196607895344	-3.8285588025486	54.2025482012812	-10.3256677162343	9.60196607895344	-10.3256677162343	46.2009834712971
27170000	3.29063610306772	-5.92117582567855	7.65439141701807	-5.92117582567855	50.6133163268424	-10.4091236094794	7.65439141701807	-10.4091236094794	32.7941006511208
27180000	14.8643378759448	-9.04522253588868	22.8533364000336	-9.04522253588868	73.5460014303538	-4.66262559343307	22.8533364000336	-4.66262559343307	55.5441933665414
27190000	31.3678390200519	-5.2434228123173	36.7336941720222	-5.2434228123173	45.6183086881769	-6.61763875505911	36.7336941720222	-6.61763875505911	57.2544928894151
27200000	22.5727051778919	-11.3274210868867	26.8230018396426	-11.3274210868867	52.372880701166	-12.271033875056	26.8230018396426	-12.271033875056	45.6462052649606
27210000	7.22336502652709	5.27828170224079	6.86666899728476	5.27828170224079	54.0278695131756	-8.64899770534751	6.86666899728475	-8.64899770534751	37.9182709104561
27220000	7.53792930557543	-2.67911828506253	17.5025679125884	-2.67911828506253	78.4127554130257	-12.3331742596504	17.5025679125884	-12.3331742596504	60.5911294281554
27230000	9.47396263271555	-17.7595472061094	16.8565422337975	-17.7595472061094	112.143925878278	-17.9265463735863	16.8565422337975	-17.9265463735863	58.5407827962798
27240000	9.94899355705767	-7.41148722217874	17.6448493945968	-7.41148722217874	54.483125609671	-11.7938651639382	17.6448493945968	-11.7938651639382	43.701431516936
27250000	5.59765753705846	-5.66147041987208	12.2368062636285	-5.66147041987208	51.5370552836546	-9.18932155128381	12.2368062636285	-9.18932155128381	50.9189668925534
27260000	49.200993409682	-23.3824398751722	47.7116664820571	-23.3824398751722	61.2514332382754	-29.1258959014936	47.7116664820571	-29.1258959014936	63.1782166840428
27270000	15.6124740574785	-15.3914673094288	21.4872439343567	-15.3914673094288	65.559277607425	-16.5975282744772	21.4872439343567	-16.5975282744772	43.5896208523572
27280000	3.70433053536365	-0.770952683087822	11.2820793118915	-0.770952683087822	61.4937612651287	-1.21231544199864	11.2820793118915	-1.21231544199864	54.1720710564784
27290000	14.9821211307682	-4.23985242328885	29.1233233688622	-4.23985242328885	51.2995596219471	-3.99013587395189	29.1233233688622	-3.99013587395189	66.0439818301838
27300000	3.85633702241087	-0.29450266796047	4.59220759509789	-0.294502667960469	48.4152766063958	-9.99536950657618	4.59220759509789	-9.99536950657618	50.6435082902328
27310000	2.15093627573459	-4.04173184158909	8.60460247235118	-4.04173184158909	54.3370231038905	-10.508883702195	8.60460247235118	-10.508883702195	62.2610320519832
27320000	2.21926551600764	-3.14079808150555	8.88691425221191	-3.14079808150555	66.8150358567673	2.74354878238214	8.88691425221192	2.74354878238214	58.6755669586826
27330000	2.2054349543781	-3.24488444757247	7.72262978383891	-3.24488444757247	75.1446470095823	-13.0697633507814	7.72262978383891	-13.0697633507814	47.5767827241035
27340000	9.9197547529541	-7.77207278541084	19.7525649852359	-7.77207278541084	53.7814615096577	-13.9584253456525	19.7525649852359	-13.9584253456525	56.6695215497651
27350000	3.24158722853912	-4.60576755053923	9.43468047083582	-4.60576755053922	56.3394576077759	-11.5579087503257	9.43468047083582	-11.5579087503257	45.4494472128787
27360000	5.08927162803327	-2.10626636193235	11.5714918877856	-2.10626636193235	60.0515780007111	-5.42659145543358	11.5714918877856	-5.42659145543358	43.8173466706855
27370000	20.385162149015	4.57738745529626	22.8913380221701	4.57738745529626	75.5991616079265	-3.05528526553087	22.8913380221701	-3.05528526553087	47.7005152999478
27380000	8.73498004848749	-4.50567568527882	13.6714400062888	-4.50567568527882	67.9284521664848	-6.38753218859086	13.6714400062888	-6.38753218859085	42.4992581231738
27390000	6.9940512465581	-3.41445346069272	20.0127002583168	-3.41445346069271	55.5148431168267	-7.63893826989219	20.0127002583168	-7.63893826989219	72.1333888109823
27400000	4.45481098528272	0.171841742135223	11.3361834506963	0.171841742135224	54.9392894613704	-1.7205280114038	11.3361834506963	-1.7205280114038	48.0861166149632
27410000	6.09787992713783	1.18071554170131	7.49868326575313	1.18071554170131	55.3593470797672	-0.785788613924716	7.49868326575313	-0.785788613924716	46.4991845925771
27420000	5.74247209245739	-3.80869551638751	10.2125524238675	-3.80869551638751	48.8321547482498	-8.22535252867274	10.2125524238674	-8.22535252867274	41.0506991074337
27430000	23.8964469978211	-8.85181013516631	26.7358633030223	-8.85181013516631	74.4030332471688	-14.3058833283762	26.7358633030223	-14.3058833283762	53.943804256542
27440000	18.3184168755086	-5.1807518439162	26.6541559186055	-5.1807518439162	38.463743451467	-7.64458766986512	26.6541559186055	-7.64458766986512	52.9714380596376
27450000	23.0872055153698	-15.3769843239775	30.1853662148653	-15.3769843239776	68.640726756739	-14.9649146090272	30.1853662148654	-14.9649146090272	45.5431260280837
27460000	2.51411289371243	-4.38943922054447	8.08423708150815	-4.38943922054447	48.6904693131134	-13.954587801899	8.08423708150816	-13.954587801899	54.2166999438209
27470000	7.25851176114377	-5.43847133619781	14.6781416014989	-5.43847133619781	70.430675233453	-9.4252016141701	14.6781416014989	-9.4252016141701	50.7782849371472
27480000	3.89333074655123	-5.34521349668577	10.0645376046642	-5.34521349668577	62.2928600471207	-16.5626292335458	10.0645376046642	-16.5626292335458	49.4810079745096
27490000	6.56835106566584	-6.21226428420635	17.3492828794872	-6.21226428420635	56.6068246819988	-17.7986115877806	17.3492828794872	-17.7986115877806	62.8017888963114
27500000	4.87799561142865	-8.51523427577869	11.912989831963	-8.51523427577869	74.6977100476207	-18.4280678532428	11.912989831963	-18.4280678532428	53.3754100188986
27510000	3.02912203494425	-5.61589670868377	10.1260854524016	-5.61589670868377	47.5776473730308	-17.1909539762292	10.1260854524016	-17.1909539762292	63.926214021299
27520000	4.54386153108125	0.758791357328404	9.52345832373862	0.758791357328404	61.239949648687	3.99362703686527	9.52345832373862	3.99362703686527	48.9531989714046
27530000	6.84330069344245	-8.95083504864749	13.8075310685316	-8.95083504864749	72.596475304048	-10.4163638423174	13.8075310685316	-10.4163638423174	49.2278555463044
27540000	11.6616201531994	-6.64362047322782	20.1021362143751	-6.64362047322782	50.482998224776	-14.8029547945775	20.1021362143751	-14.8029547945775	57.0581116340312
27550000	10.4772715231139	-11.1951379481464	10.8698435363855	-11.1951379481464	66.4453622270447	-9.70660765166212	10.8698435363855	-9.70660765166212	33.4701489579247
27560000	6.43180147353672	0.0195857605682668	16.2151681987552	0.0195857605682657	49.0306116257491	8.99116322127962	16.2151681987552	8.99116322127962	53.5503502978308
27570000	14.5425181266193	-2.90308307781746	19.2577995200699	-2.90308307781746	70.5176516727591	10.0290881552729	19.2577995200699	10.0290881552729	42.0671879199744
27580000	6.05887573010346	-2.99303565005331	13.3754620483586	-2.99303565005331	63.1582122689416	-0.828334631055082	13.3754620483586	-0.82833463105508	48.0877829918439
27590000	5.65410045761807	-4.287726375875	11.8019232862563	-4.287726375875	77.919905591305	-14.0204464940114	11.8019232862563	-14.0204464940114	50.7919394441262
27600000	2.21959887146853	2.52512346356925	7.15982384218073	2.52512346356925	53.9008101635632	-5.94263449207161	7.15982384218073	-5.94263449207161	50.8451477296733
27610000	4.56160643449177	-1.14074459951208	11.9931119884404	-1.14074459951208	63.130249616771	-8.44574872228576	11.9931119884404	-8.44574872228576	51.1949919596766
27620000	12.8828462592805	-13.1780321295043	23.4264674259235	-13.1780321295043	80.3833563093508	-15.8358136672493	23.4264674259235	-15.8358136672493	59.8627627309835
27630000	10.0562862439226	7.68399568453411	9.28487574892514	7.68399568453411	53.0193355058774	1.26823504564235	9.28487574892513	1.26823504564235	43.937336660084
27640000	9.27471559945853	-3.29644361854554	21.5184664119853	-3.29644361854554	48.0277857303227	-7.15549834918163	21.5184664119853	-7.15549834918163	72.5640118851253
27650000	8.23548324180996	-4.46223706128145	14.3283360186862	-4.46223706128145	59.8395568472262	7.44890492950154	14.3283360186862	7.44890492950154	69.2045729775039
27660000	12.6619559476994	-13.0500884028183	18.6494487935799	-13.0500884028183	60.6761509429132	-12.2108079386622	18.6494487935799	-12.2108079386622	39.8891077319916
27670000	26.9470128530327	-18.683688412103	31.7793963661985	-18.683688412103	66.2563079289883	-18.1257198439589	31.7793963661985	-18.1257198439589	49.3230593609634
27680000	24.5772521477197	-8.90764364011322	33.5576317252334	-8.90764364011322	60.5419678795838	-12.4495632941834	33.5576317252334	-12.4495632941834	54.9174056037414
27690000	7.02639237624569	-5.03708719421013	11.9136138965983	-5.03708719421013	54.2259675988435	-10.1870986173594	11.9136138965983	-10.1870986173594	43.8740240836667
27700000	17.4113325158441	-4.55318875312692	32.6626119979796	-4.55318875312693	65.9792458461681	-0.707764287248513	32.6626119979796	-0.707764287248508	72.913715362326
27710000	4.20875285208223	-4.95230783544821	11.9593795612439	-4.95230783544822	49.095749649505	-11.4116196758873	11.9593795612439	-11.4116196758873	44.1994808522928
27720000	6.61353318181675	-6.90966706466136	14.5595491289294	-6.90966706466136	47.227854275132	-10.0454603425707	14.5595491289294	-10.0454603425707	51.218531251422
27730000	7.95103971556958	-4.87253104726874	13.9682600208422	-4.87253104726874	49.8503023350104	-6.82438763218177	13.9682600208422	-6.82438763218176	41.710949219565
27740000	13.3939688947497	-11.4666859568303	19.6700276025252	-11.4666859568303	56.4068840108117	-18.8420052613334	19.6700276025252	-18.8420052613335	49.8940108182312
27750000	18.5801752221416	-5.18568665807785	19.0482801868636	-5.18568665807785	54.1430420810406	-15.1933365026113	19.0482801868636	-15.1933365026113	38.0652538648745
27760000	19.8604952960169	-5.87125868736208	13.7320528710402	-5.87125868736208	68.8449314061284	0.345571241077863	13.7320528710402	0.345571241077862	45.499922217362
27770000	19.396936055472	-6.78120991128031	24.2004178146833	-6.78120991128031	58.1173255449504	-9.38545222531184	24.2004178146833	-9.38545222531184	47.3882491640029
27780000	5.86305328791638	-2.00429367658501	11.1258077409167	-2.00429367658501	54.9707562765932	-3.05220779814797	11.1258077409167	-3.05220779814797	45.5717299755167
27790000	5.14840721942125	-5.14329641014856	12.8589450054048	-5.14329641014856	76.3490908773332	-10.9877566051613	12.8589450054048	-10.9877566051613	49.440237747067
27800000	4.33002652236194	2.51249551362732	7.60779079343718	2.51249551362732	67.3339361662843	-12.1877346385571	7.60779079343719	-12.1877346385571	44.7223703170305
27810000	3.08561476741775	-3.2849262850065	8.32454219015444	-3.2849262850065	50.8546107101518	-12.3850188971053	8.32454219015444	-12.3850188971053	52.0473863023413
27820000	7.11986841185638	-2.34296343799866	13.0322690255403	-2.34296343799866	52.3888728625183	3.74223790841307	13.0322690255403	3.74223790841307	46.8670455940947
27830000	12.810829236199	-13.904117465559	20.5253170958868	-13.904117465559	65.5513466635406	-14.9087541852043	20.5253170958868	-14.9087541852043	59.263163947225
27840000	1.40262619531345	-3.71040309645162	2.64863049837132	-3.71040309645162	47.3120218855124	-14.1285182821027	2.64863049837132	-14.1285182821027	46.8087513350345
27850000	3.10319510279995	-2.6345143759152	6.91352415818054	-2.6345143759152	57.9098621812562	-17.3345100548015	6.91352415818054	-17.3345100548015	60.4348718222218
27860000	12.1125340822863	-7.26985999040417	20.1196638893877	-7.26985999040417	42.1341811551682	-15.105832226417	20.1196638893877	-15.105832226417	54.5026344754579
27870000	3.94651760333864	0.997040407558831	7.917065791379	0.997040407558831	41.6659196882328	2.45011140195231	7.917065791379	2.45011140195231	36.9760971004085
27880000	5.25204797094379	-2.97460891870447	13.2662618331823	-2.97460891870447	58.20528890493	-9.4844307695986	13.2662618331823	-9.4844307695986	45.4173589883952
27890000	7.55573674498478	-5.36198762706216	10.0076647065781	-5.36198762706216	69.0780380386942	-11.6132941290403	10.0076647065781	-11.6132941290403	41.3304194363794
27900000	18.1298013437652	-22.3579375860098	29.5663133553487	-22.3579375860099	95.3726752108271	-32.3576416639646	29.5663133553487	-32.3576416639646	61.7646949691148
27910000	6.10130157495411	-6.39272275495402	12.7034052843068	-6.39272275495402	55.639965001998	-9.11969185740623	12.7034052843068	-9.11969185740623	43.850455996261
27920000	3.68718327190755	-3.08181435874688	10.8896678944369	-3.08181435874688	51.0672389706281	-6.53958556466083	10.8896678944369	-6.53958556466084	51.6670425036804
27930000	4.30300379893244	-7.19420411525322	11.4643946624129	-7.19420411525322	67.4001730875522	-14.4449472135673	11.4643946624129	-14.4449472135673	73.9224500604661
27940000	5.45058210516179	-5.2074397286126	16.0130098312956	-5.2074397286126	46.4896275859382	-18.5115139903469	16.0130098312956	-18.5115139903469	65.1401863278367
27950000	29.1776463990737	-1.63391627764472	24.7312131950376	-1.63391627764472	49.4888518664938	-8.09926274457842	24.7312131950376	-8.09926274457842	35.988847135291
27960000	23.9956328459764	-11.4510238229816	35.4609309858495	-11.4510238229816	45.5003434988764	-13.2003498250961	35.4609309858495	-13.2003498250961	61.3396386633541
27970000	34.7246971281405	-14.8533074419436	37.5336851073868	-14.8533074419436	50.3297429676529	-13.454342638409	37.5336851073868	-13.454342638409	60.0308321726878
27980000	23.2511948640069	-12.030606797555	22.4315216208874	-12.030606797555	67.5084651788467	-0.157827489931693	22.4315216208874	-0.157827489931694	41.1439236334569
27990000	17.5773170835053	-9.67559501547908	18.398101562563	-9.67559501547908	56.4691461169167	-1.09166684306029	18.398101562563	-1.09166684306029	40.3777287496121
2.8e+07	17.1016275181884	-13.0915348664494	27.4295312403279	-13.0915348664494	60.4508829455159	-15.9152676645057	27.4295312403279	-15.9152676645057	57.070999520434
28010000	16.3620231731942	-10.2748139397185	20.3258610045129	-10.2748139397185	83.6602987038563	-17.3106857803381	20.3258610045129	-17.3106857803381	47.156180353875
28020000	8.34514218481292	-9.32157390221089	16.3065483458044	-9.32157390221089	61.0131122497568	-12.8828559080246	16.3065483458044	-12.8828559080247	48.9112860916657
28030000	2.86977694201137	-0.0431375527416094	5.54413000377492	-0.0431375527416095	44.2229264849405	-5.85733308849629	5.54413000377492	-5.85733308849629	45.8717841000495
28040000	9.0061841037554	-10.1956146499872	10.6670367690574	-10.1956146499872	72.1012542976865	5.19884828324814	10.6670367690574	5.19884828324814	37.4180121792609
28050000	10.4638965098573	-12.9612925074989	16.463700964149	-12.9612925074989	62.502596125096	-18.077111314957	16.463700964149	-18.077111314957	41.6059510162795
28060000	7.53428050196514	-2.52027932824794	18.4540319384591	-2.52027932824794	60.3252094439961	-13.2510637187274	18.4540319384591	-13.2510637187274	59.9490611012268
28070000	8.78485692528293	-2.51613595066213	19.120256021761	-2.51613595066213	60.3467344502715	-10.6249251030588	19.120256021761	-10.6249251030588	51.1288697761417
28080000	2.23341435348986	-2.97582414421053	7.54631390289662	-2.97582414421053	47.6131798984927	-13.04802610976	7.54631390289662	-13.04802610976	43.9582675193573
28090000	0.860750791003701	0.00536748215614947	5.12862165319017	0.00536748215614943	82.1665945096383	2.55800703791571	5.12862165319017	2.55800703791571	53.1350797364327
28100000	4.9892504566826	-2.19279333292665	12.8545910909104	-2.19279333292665	55.3715993740584	-6.660933662121	12.8545910909104	-6.660933662121	58.4888457816338
28110000	20.1527978695067	0.588325524778384	24.9242627031849	0.588325524778384	46.072042390841	-1.13871297336189	24.9242627031849	-1.13871297336189	41.9696526865454
28120000	8.76705094612623	-8.73891288900428	13.7557257380692	-8.73891288900428	60.3149252960737	-9.61089320502533	13.7557257380692	-9.61089320502533	47.0887229112069
28130000	36.5836987255675	-21.3779900671663	35.4796463775641	-21.3779900671663	51.1820715858385	-16.0141277294187	35.4796463775641	-16.0141277294187	42.9734665207929
28140000	11.2932898876184	-0.61476724561144	20.8226197593942	-0.614767245611441	85.3473751223337	-4.21290613795041	20.8226197593942	-4.21290613795041	50.9189532163127
28150000	4.33360157745955	-0.712949579877394	12.2646332140386	-0.712949579877394	65.1692039743266	2.91805575226055	12.2646332140386	2.91805575226055	59.1200211975782
28160000	1.34565762246908	-2.27621089731952	4.84381017456079	-2.27621089731952	50.9389293458042	-15.732492925719	4.84381017456079	-15.732492925719	47.5076145200946
28170000	6.33430437529545	0.600532692472552	16.2609479152236	0.600532692472552	46.7748788162584	2.48609766337879	16.2609479152236	2.48609766337879	63.2080465067843
28180000	2.85681540412725	1.67814852997815	6.20941155158815	1.67814852997815	67.3924328358829	-22.3002048893255	6.20941155158815	-22.3002048893255	51.1706812606619
28190000	3.0967300092898	-5.48298481669018	10.2586486827292	-5.48298481669018	61.6169069232334	-18.6643774331287	10.2586486827292	-18.6643774331287	61.7003776144043
28200000	8.15293301758474	7.82340204361738	7.51899638286538	7.82340204361738	64.7033605398649	-19.0878005576811	7.51899638286538	-19.0878005576811	52.5125142097071
28210000	15.544964089606	-15.3120926515896	21.0932889433329	-15.3120926515896	69.8622863007261	-18.1533456098339	21.0932889433329	-18.1533456098339	51.4997855844547
28220000	40.7648729123816	-22.4632360274447	48.344160841753	-22.4632360274447	78.6241151164646	-28.9276181270669	48.344160841753	-28.9276181270669	69.1694614528798
28230000	3.49394218852604	-3.9484030241292	9.67507817638293	-3.9484030241292	71.6969829367451	-12.7684894870042	9.67507817638293	-12.7684894870042	50.3789642199696
28240000	8.8085164611761	-6.77507615295521	22.8068699924555	-6.77507615295521	56.6977971017314	-19.1178071512837	22.8068699924555	-19.1178071512837	78.7824310900335
28250000	9.4884308742309	-7.65455575838288	14.0470626451011	-7.65455575838288	58.648703434496	-4.50545334250031	14.0470626451011	-4.50545334250031	40.5088494461856
28260000	14.1384341336143	1.97829651598017	22.1104808786265	1.97829651598017	60.7430159727134	7.03688016740147	22.1104808786265	7.03688016740147	52.9960399576258
28270000	22.0287347724536	-14.3168604223267	23.6879064343534	-14.3168604223267	67.7744670728904	-22.5711720005674	23.6879064343534	-22.5711720005674	51.2482356398614
28280000	21.5008704328347	-1.96794863091923	21.3377287014644	-1.96794863091923	61.5950189036967	-10.8417047387311	21.3377287014644	-10.8417047387311	43.9006055197674
28290000	7.49207347947472	-4.36880594385138	17.7954014983107	-4.36880594385138	54.7300974079781	-6.02084043602101	17.7954014983107	-6.02084043602101	63.7101131151408
28300000	11.1780784511113	-2.05145623176169	17.1720237715972	-2.05145623176169	74.4977384224091	-7.15820902022193	17.1720237715972	-7.15820902022193	37.359098157501
28310000	3.68971494334228	-3.27591727940815	9.2703736541987	-3.27591727940815	46.1893078833112	-0.22813134758175	9.2703736541987	-0.228131347581753	40.2636830957763
28320000	6.99743466625414	-1.6581480524455	10.2914952873099	-1.6581480524455	44.1784151339786	-7.01851442431507	10.2914952873099	-7.01851442431507	32.8175109248857
28330000	5.25216202666575	-1.08880279911826	8.86129881058369	-1.08880279911826	47.743909431536	-1.44100087039906	8.86129881058369	-1.44100087039906	47.3160428124648
28340000	7.10523149440473	-4.91780066056539	15.5920727392135	-4.91780066056539	48.3902048444049	-8.71633647411769	15.5920727392135	-8.71633647411769	46.3452167096387
28350000	2.7765266943832	-4.15594334415476	7.84250338924594	-4.15594334415476	72.267899393368	-4.17507793434032	7.84250338924594	-4.17507793434031	38.9424058711812
28360000	6.73162240608265	-6.96561447700318	13.4534003865136	-6.96561447700318	68.0580269214013	-9.6029690268795	13.4534003865136	-9.6029690268795	48.6534460762222
28370000	9.17425563164086	-3.53809037156253	14.8032499603912	-3.53809037156253	62.1485502739764	-12.1590790602184	14.8032499603912	-12.1590790602184	48.9718442279496
28380000	10.8893902078353	-9.02674939731443	19.3509268489305	-9.02674939731443	63.1201789161178	-14.1594616492027	19.3509268489305	-14.1594616492027	53.219916654946
28390000	2.03972353228332	-1.70412566441481	4.67031165302222	-1.70412566441481	63.0996464602195	-8.66555649648893	4.67031165302222	-8.66555649648893	44.63248286959
28400000	5.26548887738751	-9.18186710266164	9.39419375407335	-9.18186710266164	71.0708099722571	-12.9768987166017	9.39419375407335	-12.9768987166017	36.0214797132355
28410000	8.15390252153972	-1.27742057098417	16.3564145231387	-1.27742057098416	57.5810063897915	5.90186715608833	16.3564145231387	5.90186715608833	51.6567904801205
28420000	6.02719500546455	-1.98039849407125	11.9085463351199	-1.98039849407124	91.2600913247712	5.74115280353352	11.9085463351198	5.74115280353352	35.2598751414173
28430000	10.7798764230045	-7.82024427046922	15.2064660519473	-7.82024427046922	46.1300258209167	-6.80107637415299	15.2064660519473	-6.80107637415299	43.4673305230012
28440000	19.4034971908522	-12.3265133484608	24.4004994127486	-12.3265133484608	52.7969818205304	-9.98826217316017	24.4004994127486	-9.98826217316017	47.1645095576093
28450000	26.0362551135239	-2.35938275885581	25.5876167314101	-2.35938275885582	52.7343858072784	-14.9350129575966	25.5876167314101	-14.9350129575966	53.4845254911919
28460000	12.9408996114592	-2.30216034829295	12.3989127983027	-2.30216034829295	39.3502295117975	-4.52347779450936	12.3989127983027	-4.52347779450936	26.5284659616346
28470000	15.8412025668939	-9.79035017874958	24.2330881114764	-9.79035017874957	53.7035302627554	-5.86200357722067	24.2330881114764	-5.86200357722068	44.7317182555803
28480000	14.225656832873	-11.3300507759269	17.767421150948	-11.3300507759269	55.4206752520658	2.3297313277456	17.767421150948	2.3297313277456	38.966624025463
28490000	5.00500411409839	0.0144584980788261	12.024014661555	0.0144584980788259	53.213793241429	7.65032788422424	12.024014661555	7.65032788422424	61.5118647529921
28500000	2.6656075351985	0.455160269679783	7.8617943469084	0.455160269679782	65.0102725422044	-15.2930726387358	7.8617943469084	-15.2930726387358	64.6735809471721
28510000	1.26171092407735	-0.184824229950058	4.76207048270158	-0.184824229950058	62.0476707998694	-6.49874657276083	4.76207048270158	-6.49874657276083	42.1481112212936
28520000	5.45029559586704	-4.31194754373395	9.27173251799837	-4.31194754373395	50.8602178679933	-6.08696290936871	9.27173251799837	-6.08696290936871	62.7196763250164
28530000	5.44052466711012	-9.08299198295172	11.1205570501251	-9.08299198295172	75.3370733441706	-6.4979835736171	11.1205570501251	-6.4979835736171	36.4141603916045
28540000	1.34079749244583	-1.78471398022514	5.39005598757314	-1.78471398022514	65.9507347052547	-29.897911119259	5.39005598757314	-29.897911119259	62.4206593547557
28550000	6.91099807139742	-5.47253538864327	17.6838316770172	-5.47253538864327	38.7623539790375	-13.0856054902118	17.6838316770171	-13.0856054902118	63.8459113722651
28560000	2.82752734457484	-2.16879689731321	10.0855565658136	-2.16879689731321	60.5206960906349	-4.06049979979087	10.0855565658136	-4.06049979979087	62.9009838463894
28570000	9.63297136106921	-7.14242860728757	17.6082360246194	-7.14242860728757	73.6040221391204	-18.5578335752375	17.6082360246194	-18.5578335752375	43.4778805398345
28580000	9.59928524553495	-4.23675929035115	16.0931583760799	-4.23675929035115	57.0785389329091	-0.513724523743223	16.0931583760799	-0.513724523743223	46.9528592876092
28590000	12.820536983149	-2.08656270501623	25.8112886118438	-2.08656270501623	60.5963270343914	6.51412118242218	25.8112886118438	6.51412118242218	67.6919119190054
28600000	19.3530217703372	-9.50481316030339	26.3466022834489	-9.50481316030339	46.2728956387027	-7.19790014089661	26.3466022834489	-7.19790014089661	44.6990554085651
28610000	5.07633863477495	-1.04212493916981	11.9994313611816	-1.04212493916981	64.550299524664	-8.21904325811497	11.9994313611816	-8.21904325811497	48.2483623238129
28620000	4.96929220871567	-2.46061959507788	13.8512757402615	-2.46061959507788	87.8941306316751	0.835473882574629	13.8512757402615	0.835473882574631	56.562759372072
28630000	4.04989032282441	-4.04936988342908	11.9447447849574	-4.04936988342908	49.1182917875287	-11.6141753102924	11.9447447849574	-11.6141753102924	50.9251441524435
28640000	3.79986686644687	-7.65062307955796	8.64467589523838	-7.65062307955796	51.3175813954178	-8.87076840837206	8.64467589523839	-8.87076840837207	46.8385382892763
28650000	3.57336038386974	-3.58592566376738	10.7255217497437	-3.58592566376738	66.6697787268744	-15.9752880845949	10.7255217497437	-15.9752880845949	52.9785923606285
28660000	9.93886247834049	-5.40843188562964	22.5230257130319	-5.40843188562964	40.7043360984513	-13.0330890636135	22.5230257130319	-13.0330890636135	65.8090716748477
28670000	14.5621469581461	-12.8535201192247	18.6586801934284	-12.8535201192247	60.8183232308331	-14.1404464155061	18.6586801934284	-14.1404464155061	50.9960162471428
28680000	5.74861450042495	-1.23575096881824	11.3712310840926	-1.23575096881824	50.1198325557532	-2.06077832497289	11.3712310840926	-2.06077832497289	47.1779934654552
28690000	11.0232719401904	-9.27731347685949	14.1538049465322	-9.27731347685949	50.0836156530297	-1.72803376758177	14.1538049465322	-1.72803376758177	49.6076683513654
28700000	37.6054433497066	-7.09304987645659	32.324167620838	-7.09304987645659	42.142545104886	0.105866793836875	32.324167620838	0.105866793836873	53.7557798745721
28710000	8.06941795988674	-2.83653975653911	14.759886990836	-2.83653975653911	59.1318652636365	2.6392717840205	14.759886990836	2.6392717840205	48.7967038345638
28720000	2.18202715551947	-4.71411679486804	6.77397226014557	-4.71411679486804	53.3577845677875	-24.1298389227101	6.77397226014557	-24.1298389227101	50.4789355140364
28730000	3.77882647802085	-3.60037295912677	10.6871552883512	-3.60037295912677	58.0500089282225	0.00123977238800439	10.6871552883512	0.00123977238800466	44.7720297685284
28740000	4.94740250990266	2.00700430145656	14.005637185437	2.00700430145656	47.0342309359476	0.159781673465619	14.005637185437	0.159781673465619	74.3322782348602
28750000	2.94995871811584	-1.6539274749865	10.434550034403	-1.6539274749865	50.1505536983387	-4.68390298766514	10.434550034403	-4.68390298766514	51.606554340791
28760000	2.99872674720933	-3.19222069676855	8.76606253952596	-3.19222069676855	58.7298566325014	-11.2851104062309	8.76606253952596	-11.2851104062309	52.2988502188564
28770000	2.21537882775956	-3.57172120317739	7.04464254933209	-3.57172120317739	60.1200865145698	-15.8271500534875	7.04464254933209	-15.8271500534875	47.6277233714544
28780000	3.29166934003374	-2.16939690876933	5.28562648462843	-2.16939690876933	54.6551466366141	-6.61954190285726	5.28562648462843	-6.61954190285726	58.147776383344
28790000	3.83933615129282	0.232766006724119	8.52105442134531	0.232766006724119	49.9605623703194	-7.82385054736901	8.52105442134531	-7.82385054736901	52.5281272111237
28800000	8.63808246472119	-3.7131986810793	14.2975868331197	-3.7131986810793	60.2773275327789	-3.30751506547864	14.2975868331197	-3.30751506547864	56.4292715676652
28810000	5.1660406141307	-5.44810973356841	10.8269045033346	-5.44810973356842	70.8145165013964	-14.6770291886749	10.8269045033346	-14.6770291886749	50.5635925185162
28820000	24.4220050247469	-16.1003916177815	34.2012274977297	-16.1003916177815	92.7736346638489	-17.3569407024129	34.2012274977297	-17.3569407024129	60.0036019526034
28830000	5.14662125845251	-3.8177113940607	11.8473300706607	-3.8177113940607	56.2559476042525	-0.943136200821611	11.8473300706607	-0.94313620082161	58.2275428616536
28840000	11.1560278520463	0.310322776429978	21.9052199775886	0.310322776429978	56.9599953919093	-0.267401246605848	21.9052199775886	-0.267401246605848	53.2504768871959
28850000	8.31526275968915	-0.562426436265662	17.805914026894	-0.562426436265663	54.9068367770419	-12.57778394387	17.805914026894	-12.57778394387	65.8951160806742
28860000	3.87546953793144	-2.19862229244692	9.42754457250245	-2.19862229244692	53.0801142519755	-11.2377436236048	9.42754457250245	-11.2377436236048	41.0537170474774
28870000	2.59004628978804	0.465657229868658	4.0378420047441	0.465657229868658	62.1390965049147	-12.2370407271841	4.0378420047441	-12.2370407271841	42.3785809291709
28880000	2.47965013044664	-3.38943339513642	7.07193950404575	-3.38943339513642	52.7923778890804	-15.4865428767298	7.07193950404575	-15.4865428767298	45.3902149416686
28890000	3.20652514370755	-5.47413361106446	9.39172723303249	-5.47413361106446	92.4308530957773	-15.9859073054499	9.39172723303249	-15.9859073054499	42.8299053122999
28900000	2.29807937764758	2.41958697333033	8.56899877205169	2.41958697333033	44.6522533266761	3.84170058877873	8.56899877205169	3.84170058877873	70.1928423338556
28910000	3.70310219055134	-4.92601554686572	11.9742447862303	-4.92601554686572	60.671923194672	-12.0518035904678	11.9742447862303	-12.0518035904678	50.8938472487384
28920000	6.31889786515149	-7.40524571101617	11.4200846255148	-7.40524571101617	68.4177316737326	-10.1062213891437	11.4200846255148	-10.1062213891437	34.1020936213001
28930000	2.89399205602112	-0.436743919209063	5.66667541901625	-0.436743919209064	55.4938904425	11.6532409587728	5.66667541901625	11.6532409587728	50.3701729244256
28940000	5.69336393329507	-2.74300540714202	11.9870041878346	-2.74300540714202	39.3808638457811	-11.1337266794959	11.9870041878346	-11.1337266794959	41.3666060286332
28950000	8.60133410145846	-1.35328650047275	10.4511508723474	-1.35328650047275	56.8956889728565	-7.06103326372311	10.4511508723474	-7.06103326372311	41.0847354069285
28960000	22.375991046804	-6.0537166684312	26.9703398333594	-6.0537166684312	51.372231268502	-9.00993704128942	26.9703398333594	-9.00993704128942	48.1024296760031
28970000	10.4767254543491	0.015140279361365	13.7513386892611	0.015140279361365	64.5306842013268	-0.235332445408777	13.7513386892611	-0.235332445408777	36.7161021797824
28980000	43.2230674132523	-19.0887980697469	41.0735934391093	-19.0887980697469	66.6195320304238	-10.8834088950466	41.0735934391093	-10.8834088950466	57.4293656376453
28990000	49.9616269772436	-26.4864964857662	38.3609619146752	-26.4864964857662	73.7720552830488	-6.84562909324577	38.3609619146752	-6.84562909324577	58.2900459055989
2.9e+07	32.417206381458	3.32125402509653	28.0018577440191	3.32125402509653	70.9111953929048	-11.2402361118247	28.0018577440191	-11.2402361118247	45.352940790494
29010000	15.8970182889118	-0.349387749972305	23.1286310074885	-0.349387749972306	38.1516602884517	-4.76264995280063	23.1286310074885	-4.76264995280063	41.9158370222006
29020000	4.67245422645843	0.430038127636792	10.0541564650198	0.430038127636792	42.7193154632694	-1.35713148546218	10.0541564650198	-1.35713148546218	48.167162582476
29030000	15.1605060802794	-5.80753980488291	26.9767440336109	-5.80753980488291	60.6561413413633	-14.6552911968715	26.9767440336109	-14.6552911968715	63.1608023415452
29040000	43.0969813883578	-2.78921660108568	47.7955851467453	-2.78921660108568	66.5394022732371	-2.41890901457512	47.7955851467453	-2.41890901457512	67.0387007005389
29050000	14.2056749412764	-7.13463564990443	21.637061136787	-7.13463564990443	65.9271411649359	-11.2842268290628	21.637061136787	-11.2842268290628	42.765178005539
29060000	21.5709248850839	-11.0127189193952	31.3958833449309	-11.0127189193952	50.1226905940198	-9.7168831734891	31.3958833449309	-9.7168831734891	57.8618833512957
29070000	5.68832200222643	-4.92534696287797	19.1401674066091	-4.92534696287797	52.3942919514985	-20.361724766399	19.1401674066091	-20.361724766399	82.9760127244176
29080000	2.04111633161188	-3.12962171108727	5.54313861956581	-3.12962171108727	60.1282083019887	-12.6604612726267	5.54313861956581	-12.6604612726267	43.1398031342286
29090000	2.82145157850922	-6.53449962119479	9.77766053485352	-6.53449962119479	75.2010397904901	-35.9305361072783	9.77766053485352	-35.9305361072783	66.910404379046
29100000	3.26671869642845	-2.13472247049544	10.3737044527874	-2.13472247049544	47.9221361484344	6.70684364575595	10.3737044527874	6.70684364575595	63.6511951518774
29110000	4.05155902562481	-3.7535080507302	13.246360005775	-3.7535080507302	78.3041557386799	-0.667535324479609	13.246360005775	-0.667535324479602	56.5681789655033
29120000	5.54197650649869	-4.4265242882646	13.7656651485231	-4.4265242882646	47.4507028199722	-11.2010100002062	13.7656651485231	-11.2010100002062	50.0102637923746
29130000	4.15905045704526	1.79038297146569	7.28672155819255	1.79038297146569	47.9657351620161	-7.60067749967578	7.28672155819255	-7.60067749967578	43.0322899479909
29140000	5.37881714845352	-3.81630466830308	11.513850340191	-3.81630466830308	53.9906623677424	-5.92618939453503	11.513850340191	-5.92618939453504	40.686360965985
29150000	18.242632263816	-11.4642933244739	17.3848600356493	-11.4642933244739	61.2412196664191	-2.18789662565682	17.3848600356493	-2.18789662565681	37.9316584652855
29160000	13.0091694682931	-7.60356147974161	20.7089813324454	-7.60356147974161	51.0562451953827	-13.1937351025654	20.7089813324454	-13.1937351025654	64.1059020795446
29170000	7.74045755183209	-6.87400078307607	16.8625616333895	-6.87400078307607	51.3197218350167	-13.0858814896079	16.8625616333895	-13.0858814896079	49.4444852328159
29180000	20.8235694796698	-6.27192355056865	37.3097300844852	-6.27192355056865	41.3546961363681	-4.21002627030399	37.3097300844852	-4.21002627030399	78.9627096737807
29190000	12.4343669747602	-2.81431650674662	25.282434718819	-2.81431650674662	74.8195935278985	-8.84764388776057	25.282434718819	-8.84764388776057	72.6230484710116
29200000	10.6614719395851	-5.55801145980551	17.1969839279227	-5.55801145980551	53.3824373839285	-3.64479563605494	17.1969839279226	-3.64479563605494	39.2534731410087
29210000	12.5158223379795	-1.94711451450613	18.307225536959	-1.94711451450613	57.8885203237567	-9.91454504941109	18.307225536959	-9.91454504941109	41.4858178882848
29220000	12.4572204904281	-7.75598918666098	20.6615442258346	-7.75598918666098	65.9561105146453	0.0883227442527269	20.6615442258346	0.0883227442527256	51.7214549264165
29230000	2.77875859379331	-5.52048270760708	8.68210505474618	-5.52048270760708	61.9227085982319	-12.3777272381221	8.68210505474618	-12.3777272381221	42.1548332334196
29240000	4.63789227251165	-0.448257741644364	11.3985705702787	-0.448257741644365	61.8754679025874	-8.7049451355397	11.3985705702787	-8.7049451355397	56.9897459063738
29250000	7.73655322014071	-5.60735620299133	14.3912302158582	-5.60735620299133	57.387564706559	-12.7043632243711	14.3912302158582	-12.7043632243711	45.8657023419612
29260000	6.66668262561017	-3.2442686482542	14.4748150483478	-3.2442686482542	46.5564284868308	-3.51335561408129	14.4748150483478	-3.51335561408129	49.5046609713831
29270000	4.7048691908444	-8.12991172755964	8.22203836460073	-8.12991172755964	48.7736634891471	-13.6292929506321	8.22203836460073	-13.6292929506321	41.5313476549514
29280000	35.0327406465101	-7.58535956994853	36.3829897347776	-7.58535956994853	74.8209498921572	-3.70084117595088	36.3829897347776	-3.70084117595088	57.2992165928161
29290000	11.7575525578042	-4.10611736337857	20.7183867125337	-4.10611736337857	62.6288392938499	-6.91260631224885	20.7183867125337	-6.91260631224885	49.6128356595515
29300000	3.39518936062206	0.662606996511323	7.54265717494479	0.662606996511323	44.3128072140569	-3.18429675007769	7.54265717494479	-3.18429675007769	50.4184135991659
29310000	7.66610998879211	-5.79634733677691	12.4941234607736	-5.79634733677691	53.6272950381597	-7.65549087326581	12.4941234607736	-7.65549087326581	37.1090914108162
29320000	2.46513429295522	-2.34505384763507	7.88239001843135	-2.34505384763507	49.8873108857913	-8.10771412421049	7.88239001843135	-8.10771412421049	39.4726650383403
29330000	5.33093588858079	-4.91417422063824	13.2607589153917	-4.91417422063824	50.6171403597725	-7.80206349706093	13.2607589153917	-7.80206349706093	58.113805162713
29340000	13.2745634307727	-4.44740051785664	17.1627324678139	-4.44740051785664	48.1171571477688	-11.8846111169292	17.1627324678139	-11.8846111169292	54.7110709573599
29350000	24.8356996991905	-18.98136835194	28.3387958182481	-18.98136835194	65.8320750686197	-13.3565953057394	28.3387958182481	-13.3565953057394	58.6920171604491
29360000	25.0823848828729	-6.78382811460168	36.1205912934009	-6.78382811460168	63.0487824002776	-9.09360280317579	36.120591293401	-9.09360280317579	71.151730347213
29370000	4.93613931858134	-2.08307185771629	11.6274697477692	-2.08307185771629	46.0071073905747	-10.0102267050809	11.6274697477692	-10.0102267050809	61.5524717165939
29380000	3.42526174449832	-2.9265903140569	10.4559044496301	-2.9265903140569	54.4111338157375	-13.6877096352176	10.4559044496301	-13.6877096352176	56.9597674069263
29390000	9.54853131438933	-6.27631072160733	21.378511009616	-6.27631072160733	63.6348007034981	-4.65429690772448	21.378511009616	-4.65429690772447	59.5667111448788
29400000	2.02733202593098	4.5551247710775	2.75353953293292	4.5551247710775	59.8184465491502	-5.53173126679502	2.75353953293292	-5.53173126679502	42.6085004099381
29410000	2.23988508476287	-0.210728852551127	4.21528366207184	-0.210728852551127	77.9750001543813	-11.3370229393829	4.21528366207184	-11.3370229393829	45.033031021138
29420000	6.8530600845919	-4.04853353163167	13.3847336722539	-4.04853353163167	49.6206856863786	-1.95269211127234	13.3847336722539	-1.95269211127234	47.8239529295125
29430000	2.88615401396845	-1.99638573075297	7.64065219785609	-1.99638573075297	65.7936483141722	2.38797316863823	7.6406521978561	2.38797316863823	45.1744489911295
29440000	13.9287858057059	-6.46209217229836	19.7526554309593	-6.46209217229836	75.1338006274548	-9.92962752262009	19.7526554309593	-9.92962752262009	43.2632377194358
29450000	16.6990552761382	-10.8277497484026	17.1285220029674	-10.8277497484026	59.91907634776	-6.81432443522917	17.1285220029674	-6.81432443522917	35.9141994034558
29460000	2.11461247267543	-6.15070982466919	9.64745353160676	-6.15070982466919	100.954761323894	-31.2404405212428	9.64745353160676	-31.2404405212428	65.3142879639738
29470000	7.70634514448329	-5.58560502739924	20.7111134831488	-5.58560502739924	52.3188936165476	-13.3820439891955	20.7111134831488	-13.3820439891955	67.3337438989793
29480000	5.59114328754692	-6.21230638700904	15.4943365796901	-6.21230638700904	50.8219588714117	-25.6522777144907	15.4943365796901	-25.6522777144907	79.3913878976181
29490000	7.36611894129543	-8.51324988497346	15.6368063098673	-8.51324988497346	83.1388670150385	-7.70587117468534	15.6368063098673	-7.70587117468534	57.736153494653
29500000	11.4549297012552	-15.5926056812404	18.8709886157081	-15.5926056812404	86.1610160916993	-20.15579881257	18.8709886157081	-20.15579881257	45.9407257825096
29510000	8.37624781339495	-8.87101951698567	13.4003794979895	-8.87101951698567	60.5372919427252	-9.52878987637984	13.4003794979895	-9.52878987637984	44.8274790926136
29520000	5.48368629331308	-3.01867073759428	14.2204573589363	-3.01867073759428	51.8737847058887	-6.56682244570548	14.2204573589363	-6.56682244570548	53.6541846549366
29530000	15.1707698901871	-5.34760680645925	24.117241287251	-5.34760680645925	63.9460688710825	-0.297155843537402	24.117241287251	-0.2971558435374	49.4435842091482
29540000	17.3854891638066	-9.79348397345391	23.2750495235142	-9.79348397345391	58.8056857848754	-15.3157900235173	23.2750495235142	-15.3157900235173	53.1518928067903
29550000	16.590245823086	-5.94871029065183	20.4809938219236	-5.94871029065183	58.4432203960817	-2.61574515293839	20.4809938219236	-2.61574515293839	42.8630937484582
29560000	21.0122340669394	-15.2329143994241	25.4003138852969	-15.2329143994241	55.054332394645	-20.6352491166062	25.4003138852969	-20.6352491166062	44.5545791465707
29570000	5.51123500827867	-0.675257656913385	11.0438594827929	-0.675257656913385	53.6375442865813	-4.71648646228285	11.0438594827929	-4.71648646228285	50.7860849756703
29580000	3.83998529781473	2.00127078958682	9.83420571612633	2.00127078958682	63.6288065638658	-2.58629126268877	9.83420571612633	-2.58629126268877	47.3469628170769
29590000	14.9571268445778	-8.59066419272189	14.5241997258957	-8.59066419272189	66.7058341323211	-5.43960121793409	14.5241997258957	-5.43960121793409	42.9586694123185
29600000	23.7638385945629	-9.90873045969199	25.4298596442665	-9.90873045969199	50.2912575030217	-19.8320852898953	25.4298596442665	-19.8320852898953	66.6346337102053
29610000	11.3663608732825	-6.94744304603823	16.2987928941999	-6.94744304603823	62.9235163571629	-5.94195209622507	16.2987928941999	-5.94195209622507	49.7216119513542
29620000	8.65493278363877	-5.46620276298876	14.2914495469614	-5.46620276298876	46.7781675979845	-7.67479875414503	14.2914495469614	-7.67479875414503	57.7835044965116
29630000	6.81234995839739	-3.03943120073623	15.4197222421143	-3.03943120073623	58.4293296722895	-1.09244156715713	15.4197222421143	-1.09244156715713	48.1181121168488
29640000	2.84754502350011	-4.98587491754973	7.70653698455202	-4.98587491754973	56.2575849404562	-15.4668310244691	7.70653698455202	-15.4668310244691	40.4233892982851
29650000	2.05410386081419	-0.664652206453566	2.69386972523562	-0.664652206453566	51.2557244522419	-19.585403929881	2.69386972523562	-19.585403929881	50.754819534368
29660000	6.63117868678992	-1.38710153343005	10.8843574816556	-1.38710153343005	64.6867791923902	-1.62332787336241	10.8843574816556	-1.62332787336241	41.6667081799485
29670000	1.33741791838097	-3.01820941238531	1.95610065950237	-3.01820941238531	50.3179554262224	0.734736096857863	1.95610065950237	0.734736096857864	50.0474011420317
29680000	3.87095255897935	-2.95666596158121	9.4760087635936	-2.95666596158121	65.7743106466105	-8.91601327743598	9.4760087635936	-8.91601327743598	37.3961488787361
29690000	1.81455604964149	-1.69866246464517	7.3907277649424	-1.69866246464517	63.4742392438585	-8.7261623098366	7.3907277649424	-8.7261623098366	53.1186933185638
29700000	5.42558214311658	-0.623603219101615	9.76162948706183	-0.623603219101616	97.4665204433934	-16.6118244317035	9.76162948706183	-16.6118244317035	41.5328394016669
29710000	6.4289024116138	-0.369705881669036	14.3891197288604	-0.369705881669036	56.704008212905	-1.89476203388293	14.3891197288604	-1.89476203388293	48.2200937539443
29720000	1.23197116361017	-1.01886780525829	5.30082886557041	-1.01886780525829	75.7532722721053	-10.4584703991884	5.30082886557041	-10.4584703991884	51.168458425299
29730000	2.53186721750117	-0.0791565039788163	7.71930170602166	-0.0791565039788164	46.0988604836637	-6.24405439672291	7.71930170602166	-6.24405439672291	46.9580065430937
29740000	3.62904980030935	2.99642996706284	8.62887476009936	2.99642996706284	64.8809789737688	-8.89600619860735	8.62887476009936	-8.89600619860735	54.3064888460026
29750000	3.08978503063133	0.334988798142231	8.87511583222977	0.334988798142232	47.9330638938905	-7.04426192660648	8.87511583222977	-7.04426192660648	50.9969969958918
29760000	3.04091625463274	-5.57507787983192	9.88164494668654	-5.57507787983192	63.468037416828	-15.8166307865994	9.88164494668653	-15.8166307865994	47.9348408914768
29770000	3.58081227289291	-3.96519038410287	6.37599749930235	-3.96519038410287	74.8742672852097	-2.31968980691254	6.37599749930235	-2.31968980691254	38.8222440562914
29780000	8.2170346797039	-1.60170983278249	12.7713974091954	-1.60170983278248	73.8402509554482	-11.29950834966	12.7713974091954	-11.29950834966	41.6012907011444
29790000	3.18289750109243	-2.31692487575716	9.09232259073162	-2.31692487575716	66.5081005016218	-9.05585198912568	9.09232259073162	-9.05585198912568	47.7719699865168
29800000	8.7363777613187	-7.65978283480965	21.3940761502063	-7.65978283480965	49.3354812590661	-13.1337324621915	21.3940761502063	-13.1337324621915	70.7652540046541
29810000	2.42697421135857	-4.73250637298703	8.05269012447731	-4.73250637298703	55.0521415376717	-21.2995332072358	8.05269012447731	-21.2995332072358	57.215186205412
29820000	3.15792581521458	0.186804366867194	2.92717722447604	0.186804366867194	43.6760099050903	-6.48214938538837	2.92717722447604	-6.48214938538837	50.0383030241916
29830000	1.97878882788571	-5.34067292127602	7.58545624612022	-5.34067292127602	64.5521311837607	-20.131189542301	7.58545624612022	-20.131189542301	52.0204482165292
29840000	2.4342473945449	-0.100522578994781	6.29857826737296	-0.100522578994781	57.3869969209843	-6.56172280926189	6.29857826737296	-6.56172280926189	42.5121905514107
29850000	8.42777665644847	-5.49594413482983	18.9154689525593	-5.49594413482983	56.0879268408759	-12.4226930546536	18.9154689525593	-12.4226930546536	59.1220311988633
29860000	5.15921489315621	-3.39561591583236	11.4857796284298	-3.39561591583236	69.3475679884291	1.5484123588388	11.4857796284298	1.5484123588388	49.6827970093178
29870000	3.0990931636225	1.6372166679632	8.75787454487587	1.6372166679632	47.1423507183139	6.54580175751747	8.75787454487587	6.54580175751747	41.3522998275375
29880000	5.0809441095161	3.09736365350465	6.62198410166039	3.09736365350465	53.4668515359061	-7.88595168134393	6.62198410166039	-7.88595168134393	52.7696726346478
29890000	8.39229613510906	-1.56610581145817	15.1822593416659	-1.56610581145817	53.7978313753805	-4.09036591665701	15.1822593416659	-4.09036591665701	41.5043774551827
29900000	8.42147726544906	0.118554649406077	8.7069664316947	0.118554649406077	70.1361875525495	9.25141485786157	8.7069664316947	9.25141485786157	44.9578725602705
29910000	11.4223173752568	-6.17173578652919	19.5442827230283	-6.17173578652919	63.9554803077681	-15.0877496720915	19.5442827230283	-15.0877496720915	55.6956525629524
29920000	24.0273451635823	-20.4535523550542	35.2612542436539	-20.4535523550543	92.6979418932899	-35.580179952938	35.2612542436539	-35.580179952938	67.5092429741054
29930000	32.4690450715464	-16.8344096498023	34.14681359171	-16.8344096498023	48.6190288738409	-22.237430087669	34.14681359171	-22.237430087669	52.8345641266421
29940000	31.4576029481504	-22.0406476120285	26.0283276812939	-22.0406476120285	63.6846506753534	2.97115582647473	26.0283276812939	2.97115582647473	50.7609803838478
29950000	17.4562884145442	-5.33636215718879	20.0192304946801	-5.33636215718879	54.5617712736884	-3.91153223816661	20.0192304946801	-3.91153223816661	44.8625738007001
29960000	4.13962432984428	1.44908080364814	8.07185536708898	1.44908080364814	60.1512973652305	-15.868249112501	8.07185536708898	-15.868249112501	43.0037923418634
29970000	5.78285293539311	-3.57417713268628	6.20072114170273	-3.57417713268628	65.4173481143466	-7.66772463625539	6.20072114170273	-7.66772463625539	34.0899485240194
29980000	7.06456591747668	-4.24114734163997	9.59741307559283	-4.24114734163997	45.9394152734712	-11.9788644970423	9.59741307559283	-11.9788644970423	51.7354948232808
29990000	4.6151720399391	3.24807882825122	11.4398963803755	3.24807882825122	60.8264624576473	-2.24043690478628	11.4398963803755	-2.24043690478628	65.6862353423647
3e+07	4.97073285359887	-1.22930227374075	15.4585453538607	-1.22930227374075	66.4163769405372	5.08085299867218	15.4585453538607	5.08085299867218	74.2034349686343
30010000	2.02856638004009	-5.33874636323216	6.45773811932894	-5.33874636323216	61.8144803592345	-16.0171446683947	6.45773811932894	-16.0171446683947	47.1508085049355
30020000	2.24677712939331	-1.51300725421571	6.9506997844532	-1.51300725421571	62.8370143303484	3.77899717749521	6.9506997844532	3.77899717749521	51.6949482506345
30030000	3.05694427226538	-2.40054537371024	10.1450293156314	-2.40054537371023	90.3037265064875	-28.9736301502027	10.1450293156314	-28.9736301502027	54.4767195128511
30040000	6.8754612279008	-4.79536754427237	14.8097101346316	-4.79536754427237	57.5700640061852	-9.97898972659801	14.8097101346316	-9.97898972659801	41.8332269727453
30050000	5.3385254771426	-4.39397137260491	11.821516876647	-4.39397137260491	55.8226587444281	-1.78681528291418	11.821516876647	-1.78681528291418	58.3926433201662
30060000	3.44736328869209	-0.193712639915699	10.4950355086584	-0.193712639915699	61.6357128847356	-16.629744751656	10.4950355086584	-16.6297447516561	64.0820223037306
30070000	4.96062807900613	-0.885364865775935	11.3606791815438	-0.885364865775935	61.3369360817554	2.32586717355469	11.3606791815438	2.32586717355469	41.4097504196791
30080000	3.52444298954582	-5.36683460805129	8.36174682112017	-5.3668346080513	49.2525372885015	-4.62687605643457	8.36174682112018	-4.62687605643457	42.2810127054797
30090000	1.16296193262241	0.948299684513241	2.32236058300645	0.948299684513242	46.8293858299023	-4.45697842097791	2.32236058300645	-4.45697842097791	41.1179071145307
30100000	8.02652378344427	-5.46085470793723	22.4154311764593	-5.46085470793723	48.362687857439	-13.9412842872983	22.4154311764593	-13.9412842872983	74.06290325522
30110000	7.47117619234832	-10.6233387496096	21.8194066909851	-10.6233387496096	53.7650451061207	-25.7200643699126	21.8194066909852	-25.7200643699126	76.3348416394154
30120000	2.04952485933624	-0.989297507998751	5.00907425318343	-0.989297507998751	67.6073776964972	-9.33946979825837	5.00907425318343	-9.33946979825837	48.4852046845213
30130000	2.85984523420059	-0.833277254457479	9.82707237464748	-0.833277254457479	53.2724213840384	0.791882762824639	9.82707237464747	0.791882762824639	57.6112796316849
30140000	1.84480060938484	-1.00628875930222	6.01094277830602	-1.00628875930222	63.7147701008184	-9.03603626639202	6.01094277830602	-9.03603626639202	47.577364711872
30150000	4.31541100241523	-6.4779351140087	13.4532011589408	-6.4779351140087	56.4866411388723	-7.76383948878979	13.4532011589408	-7.7638394887898	68.0671359862267
30160000	2.48885586137833	-2.7418679685115	7.28254401005953	-2.7418679685115	66.3830649222773	-5.82855964867005	7.28254401005953	-5.82855964867005	46.6959527149982
30170000	5.05601549571132	-2.37106220489208	13.0807345972034	-2.37106220489208	46.4035231454828	3.97489659727019	13.0807345972034	3.97489659727018	46.4468653939151
30180000	22.9621655385826	-13.8364275417615	28.8824007735152	-13.8364275417615	67.0113922643931	-15.7488818494121	28.8824007735152	-15.7488818494121	56.885218885234
30190000	31.7859623341808	-11.863128006385	35.4309493977256	-11.863128006385	59.9817108005347	-11.4533064996444	35.4309493977256	-11.4533064996444	51.4810803720904
30200000	15.879151626815	4.48746139700216	21.3555808663123	4.48746139700216	62.6621144664061	3.41835879140551	21.3555808663123	3.41835879140551	46.7663755619905
30210000	11.0379743078406	-7.6312429950958	19.4671821806883	-7.6312429950958	55.6114413266196	-5.46134005024978	19.4671821806883	-5.46134005024978	47.0726277399036
30220000	4.29341502085557	-3.92618440478086	15.3386228678604	-3.92618440478086	62.4206557838691	-21.5438229376158	15.3386228678604	-21.5438229376158	94.5246026120436
30230000	6.08959607834364	-4.56059580724532	14.9460705514455	-4.56059580724532	71.3367481060704	-13.3273334210078	14.9460705514455	-13.3273334210078	50.7349449970984
30240000	3.91828574416735	-6.26657278032602	12.8029683840106	-6.26657278032602	82.2239440859255	-26.7297660233826	12.8029683840106	-26.7297660233826	56.7534465894243
30250000	5.15842734690846	0.694054111968236	7.01960664117249	0.694054111968236	80.6651888432821	-6.25495611313209	7.01960664117248	-6.25495611313209	44.1472446970734
30260000	2.96471238232179	-1.14559894111648	8.81027383903949	-1.14559894111648	48.3196438762532	-6.82350534861645	8.81027383903949	-6.82350534861645	37.1090749870717
30270000	6.1204203314646	4.96491709303099	10.9670397325827	4.96491709303099	50.958807745252	-0.687643719544337	10.9670397325827	-0.687643719544336	54.623163685133
30280000	14.6717705074762	-7.95028757399137	21.430995589212	-7.95028757399137	56.5046886245089	-7.49845296677642	21.430995589212	-7.49845296677642	44.3520907900518
30290000	13.5719634258265	0.938602214453585	18.4562996538449	0.938602214453585	53.8770756905647	-0.250471921921978	18.4562996538449	-0.250471921921979	38.3155860043659
30300000	6.19585301005673	-1.24571494921397	7.99326804307921	-1.24571494921397	50.2542702587945	-2.21578630709196	7.99326804307921	-2.21578630709196	59.4301578418695
30310000	29.7939598740321	-6.27177903878864	30.2054028593463	-6.27177903878864	56.1773938055077	-12.978135967871	30.2054028593463	-12.978135967871	40.949163536086
30320000	13.5691917865071	-12.8163198284056	17.4028084262663	-12.8163198284056	65.0659512343666	-9.79177533737502	17.4028084262663	-9.79177533737503	39.0487470709819
30330000	8.8585111479179	-6.49373581122622	17.0874240543571	-6.49373581122622	69.8896695930791	-20.4989911199704	17.0874240543571	-20.4989911199704	53.6670204532016
30340000	51.5289194597981	3.76708481949483	43.8099245307668	3.76708481949483	49.8976512887048	1.1026170483545	43.8099245307668	1.1026170483545	55.1921611824953
30350000	26.7354683109269	-10.2070051382893	31.9037913407077	-10.2070051382893	59.9742631723047	-2.82827598390758	31.9037913407077	-2.82827598390758	52.9250256622073
30360000	6.97785719345255	-1.46356182998881	11.8336173063681	-1.46356182998881	50.2569000242849	-1.50111860524552	11.8336173063681	-1.50111860524552	36.571085276313
30370000	10.5378988144886	-8.57685613197243	21.7792320918896	-8.57685613197243	78.6041938579851	-7.04977108420341	21.7792320918896	-7.04977108420341	60.3614953485134
30380000	8.52230573791695	-5.37524238938472	16.461429731292	-5.37524238938472	57.111780663395	-16.2849707253599	16.461429731292	-16.2849707253599	51.0664981413791
30390000	16.4517596968538	14.5564504832376	16.6782211027744	14.5564504832376	78.0829237062977	-18.0792421617622	16.6782211027744	-18.0792421617622	65.3406803801192
30400000	7.62785133481352	0.288813101927739	13.8022217681392	0.28881310192774	65.51471511598	-10.610824026694	13.8022217681392	-10.610824026694	54.7670772616978
30410000	13.0519796192458	1.34925922962454	16.8366948581943	1.34925922962454	63.9348308259614	-5.20732984230032	16.8366948581943	-5.20732984230032	49.1594171763283
30420000	4.5626525443175	-7.41524268029263	8.36719489345843	-7.41524268029263	82.2434878121609	-19.8250643590155	8.36719489345842	-19.8250643590155	49.416315108241
30430000	10.9270311547349	1.61830085781761	14.3271039519548	1.61830085781761	56.9389483075875	-7.10059967335763	14.3271039519548	-7.10059967335763	43.9040267995249
30440000	13.1374554052687	-2.09452190485807	16.0393321754942	-2.09452190485807	56.1444659976327	3.71553586649499	16.0393321754942	3.71553586649498	32.1890533077687
30450000	16.9832074168414	6.3147711275278	18.2794524095805	6.3147711275278	65.901667169342	-9.63239285122493	18.2794524095805	-9.63239285122493	52.6550722688134
30460000	19.834662436655	-2.40966404947087	26.1396867515992	-2.40966404947087	69.280290945379	-14.3274317162855	26.1396867515992	-14.3274317162855	68.8103373133678
30470000	12.4360791507675	-15.902697082166	24.2866133494581	-15.9026970821659	78.4767176249832	-22.8485960785604	24.2866133494581	-22.8485960785604	59.6880836348537
30480000	4.65076170674293	-4.13446644362328	9.91204219978896	-4.13446644362328	55.2060363227572	-1.49033119864003	9.91204219978896	-1.49033119864003	52.9647109626431
30490000	8.02589022400633	-1.83152713690786	15.8724107916239	-1.83152713690786	41.6265047468993	4.72102588168637	15.8724107916239	4.72102588168638	48.3807507930574
30500000	4.39673515609785	3.81363460827736	9.60339557762194	3.81363460827736	61.542180623629	-0.0442251891229694	9.60339557762194	-0.0442251891229696	46.7007479871799
30510000	2.07013234269698	-4.28963342583571	5.43044600381616	-4.28963342583571	49.9098291412713	-7.65113467623454	5.43044600381616	-7.65113467623454	36.7534035539812
30520000	2.32286532242843	-2.96063177930603	2.48165727536333	-2.96063177930603	68.3566384711473	-10.7113396162946	2.48165727536333	-10.7113396162946	46.4072701125188
30530000	2.54324725256978	-3.27922397905402	3.56612026734777	-3.27922397905402	46.9186469005732	-11.065719850352	3.56612026734777	-11.0657198503519	45.1653361417839
30540000	12.0324334110834	-13.5594418417748	18.1277834642126	-13.5594418417748	73.0656633758308	-10.811209593487	18.1277834642126	-10.811209593487	44.6032079510668
30550000	16.291759175086	-8.03259400550466	23.1717502214066	-8.03259400550466	62.8030201988877	-8.75046320427874	23.1717502214066	-8.75046320427874	45.222345549237
30560000	15.5211939081087	-12.2641401714079	19.8885474959195	-12.2641401714079	67.941285207707	-13.250814413385	19.8885474959195	-13.250814413385	44.0506342514237
30570000	7.1068647532109	-9.66593972287055	15.4053066231411	-9.66593972287055	70.358411133871	-11.8766485164296	15.4053066231411	-11.8766485164296	50.9321486336887
30580000	3.80480458565582	-2.86104590740523	6.30670346864004	-2.86104590740523	59.7354223997606	-19.958651999965	6.30670346864004	-19.958651999965	45.5145015631284
30590000	2.05693966134072	-0.725148538325027	4.77520696978685	-0.725148538325027	55.7835222182347	-12.5505845697138	4.77520696978685	-12.5505845697138	36.7428576580756
30600000	1.11862209547607	0.243715802697792	6.1015460192865	0.243715802697792	64.6802786688569	-2.32649262235651	6.1015460192865	-2.32649262235651	60.3489633028071
30610000	1.83960070527617	0.585941687939481	4.99107618627883	0.585941687939481	51.333352709131	-1.57337297985555	4.99107618627883	-1.57337297985555	51.4639744121643
30620000	1.52125306381022	-2.63960788922706	7.18217019689934	-2.63960788922706	105.81592899004	-27.2420970834745	7.18217019689934	-27.2420970834745	64.6245843543894
30630000	1.98306367410726	-0.134110469529577	5.78055564798809	-0.134110469529577	59.0962167856443	-10.9614154498933	5.78055564798809	-10.9614154498933	43.2858801767088
30640000	2.69327690134818	-3.6147425241496	8.38982353243122	-3.6147425241496	61.2043637572854	-12.7466093308587	8.38982353243122	-12.7466093308587	43.8289482543933
30650000	4.22245932997973	-0.598868201060488	11.1172025401997	-0.598868201060488	59.5079405683446	-7.1205048893236	11.1172025401997	-7.1205048893236	53.6843466366698
30660000	2.08051728315512	1.18324503846103	6.47814839603845	1.18324503846103	60.0670332646312	-2.19223787632018	6.47814839603845	-2.19223787632018	43.0490412514739
30670000	1.90350595683513	-2.23883302244364	5.93124824626517	-2.23883302244364	63.3550368852133	-14.3804618395596	5.93124824626516	-14.3804618395596	61.8101422851629
30680000	4.10076077920465	-5.91366539497789	9.19571621475923	-5.91366539497789	76.6464303757788	1.69829512151472	9.19571621475923	1.69829512151472	37.5128524864275
30690000	2.40169282581552	-3.54667420079638	8.85176047031868	-3.54667420079638	63.1783219898454	-13.0162317240284	8.85176047031868	-13.0162317240284	47.8709116612763
30700000	7.03576164956139	-5.28211104309503	13.5905840820931	-5.28211104309503	56.0508613729573	-16.989465709769	13.5905840820931	-16.9894657097689	51.6636735428055
30710000	2.02016513492976	-1.82846347395687	4.48366429285139	-1.82846347395687	77.5487422870972	3.56014589378542	4.48366429285139	3.56014589378542	49.1443318540037
30720000	3.40551273941693	-2.56397686279522	10.4789981053201	-2.56397686279522	69.8612048466511	-7.64105590103687	10.4789981053201	-7.64105590103687	62.0856986651716
30730000	6.08625348537562	-6.82219916026469	15.0032268588264	-6.82219916026469	55.8071086321579	-6.25492671490149	15.0032268588264	-6.25492671490148	63.0425342780922
30740000	6.77903229788228	-6.65546440017577	11.4198051386324	-6.65546440017577	60.5166505704071	-4.29657322892789	11.4198051386324	-4.29657322892789	49.0918081146739
30750000	2.8682809050823	-4.4665395779266	11.8613138036395	-4.4665395779266	53.8667693845701	-16.9040194484025	11.8613138036395	-16.9040194484025	74.5504818148615
30760000	5.47116896499954	-6.78379794877344	13.4534708979294	-6.78379794877344	71.9647240315629	-16.8698100614358	13.4534708979294	-16.8698100614358	43.6862240573651
30770000	8.0543339396811	-1.84512253056434	16.6393134585096	-1.84512253056434	59.0776798429294	3.37834500782064	16.6393134585096	3.37834500782064	53.6792107915031
30780000	4.4809163567059	-6.23127205702879	15.2071148286365	-6.23127205702879	55.6151512998176	-15.3609233205745	15.2071148286365	-15.3609233205745	66.8352122024024
30790000	3.22181989575897	-2.43485100318668	6.32597514717595	-2.43485100318668	47.9293900057566	-8.18321109410054	6.32597514717595	-8.18321109410054	45.172529249884
30800000	1.93241295029152	-4.70896733843603	8.96292901156826	-4.70896733843603	81.797113342306	-18.5014321272375	8.96292901156825	-18.5014321272375	61.8818436892312
30810000	4.0311932035116	-6.46190829367209	8.53349613036028	-6.46190829367209	65.0147459653288	-12.1597088875558	8.53349613036027	-12.1597088875558	42.0545853643479
30820000	8.12108026205665	-7.93280107965301	15.6869996139716	-7.93280107965301	65.2620278125325	-15.6075090251771	15.6869996139716	-15.6075090251771	45.0613147786496
30830000	12.9459860488509	-6.18307459019483	22.3726983811887	-6.18307459019483	52.392191898298	-4.7109271679896	22.3726983811887	-4.71092716798959	50.288773316781
30840000	4.13215017285055	1.10492679632473	14.4052679546907	1.10492679632473	53.1668086519826	11.7511189042492	14.4052679546907	11.7511189042492	67.2881004422008
30850000	3.50167843696471	-6.76260785913453	3.12872083287341	-6.76260785913453	79.5263099080502	-1.90337006009682	3.12872083287341	-1.90337006009682	42.547399721145
30860000	3.09781108895859	-2.66917182427006	9.11479730669953	-2.66917182427006	51.6497728293374	-23.7984207046218	9.11479730669952	-23.7984207046218	71.1522499232149
30870000	3.56037734016581	0.303322981325369	6.52206542520265	0.303322981325369	68.4605590037106	-1.89156735722523	6.52206542520265	-1.89156735722523	45.3437360741571
30880000	2.03193341186504	-1.64836277840373	7.45542054839674	-1.64836277840373	54.9380179895933	1.41178636477109	7.45542054839674	1.41178636477109	51.5198062889551
30890000	6.22950740014796	-4.50687111752467	12.6416869380626	-4.50687111752467	61.3179199677776	-2.1432499982248	12.6416869380626	-2.1432499982248	46.6017174845502
30900000	3.93682277841992	-1.43194938740148	9.82797500218065	-1.43194938740148	46.5554276183782	-1.45718949840655	9.82797500218066	-1.45718949840655	48.3718521211753
30910000	4.86617152619396	-5.05030683257759	11.6715735527996	-5.05030683257759	57.6235162928305	-5.71663662141749	11.6715735527996	-5.71663662141749	43.7224616499911
30920000	5.43927966757008	-6.47141063312098	11.3449442605372	-6.47141063312098	47.8008518624136	-6.62471339252487	11.3449442605372	-6.62471339252487	43.809281813174
30930000	4.68178248575623	-5.63628558675671	12.5566525739897	-5.63628558675671	64.9590653388445	-18.4001487673671	12.5566525739897	-18.4001487673671	54.0802837354626
30940000	1.59395171285235	0.124164356508634	5.73819388475361	0.124164356508634	46.1931678358875	-0.443003915782975	5.73819388475361	-0.443003915782975	66.2829620563296
30950000	5.26346911931284	-10.2248266853581	8.3500827835063	-10.2248266853581	58.1303747583899	-15.1837292509063	8.3500827835063	-15.1837292509063	54.540072208404
30960000	8.14336009965472	-5.59961199189751	7.63912333539399	-5.59961199189751	57.4808965419363	-3.27219356980772	7.63912333539399	-3.27219356980772	50.5316964645673
30970000	16.6878364930776	-18.1287585942327	22.3448624115251	-18.1287585942327	75.8534092983312	-12.4973987433765	22.3448624115251	-12.4973987433765	52.4200841376688
30980000	17.3598572595675	-5.92045870036571	20.7747797893724	-5.92045870036571	56.5335503299497	-6.02420524992884	20.7747797893724	-6.02420524992884	38.4836419065308
30990000	46.2091454284873	1.93984988614399	37.90587948203	1.93984988614399	52.7782782602959	-2.97496846606382	37.90587948203	-2.97496846606382	41.6708735279947
3.1e+07	25.3016263617448	-10.0590688970903	26.3497994265457	-10.0590688970903	60.4868583319443	3.78792208399036	26.3497994265457	3.78792208399036	43.1164380987555
31010000	4.81497057976497	-8.45601523802507	13.8611892905281	-8.45601523802507	57.7604800949746	-24.1367022289895	13.8611892905281	-24.1367022289895	66.768006437442
31020000	10.1694503063654	-7.58649606588135	13.1640366290144	-7.58649606588135	65.0347681959515	-16.3584738516443	13.1640366290144	-16.3584738516443	51.9390804083371
31030000	6.36314882608776	-0.00361999450403772	11.7119646899698	-0.00361999450403719	52.2458702949782	-11.0953727325299	11.7119646899698	-11.0953727325299	51.2493801801612
31040000	7.47941304187575	-1.98037822483753	16.0610145936217	-1.98037822483753	60.951119346819	4.73673014818564	16.0610145936217	4.73673014818563	55.3265645116284
31050000	4.03967245221877	-0.478719802446271	6.60969679985503	-0.478719802446271	63.3674114368772	-5.27730481222537	6.60969679985503	-5.27730481222537	42.2853675128558
31060000	3.59305458174839	-6.92913614076881	10.136569365065	-6.92913614076881	54.1910203966245	-12.1311002163196	10.136569365065	-12.1311002163196	45.1819960674344
31070000	3.15856135188957	-3.53812797088852	8.39348912612303	-3.53812797088852	81.2127197684957	-6.59002660875073	8.39348912612303	-6.59002660875073	39.9620739471605
31080000	6.3332810183401	-3.52377693468038	15.4910116753175	-3.52377693468038	55.4876203991945	-6.06643620844842	15.4910116753175	-6.06643620844843	49.6759322935951
31090000	3.02211508737616	-0.69489662462627	7.85973544877249	-0.69489662462627	80.91115406751	-5.83572316922145	7.85973544877249	-5.83572316922145	46.0914935955509
31100000	7.94414556977625	-6.51079916705843	14.5165012658171	-6.51079916705843	50.3520851124537	-13.1321758594427	14.5165012658171	-13.1321758594427	65.8685813573913
31110000	21.8042325069991	-11.2521710815019	26.9593916927672	-11.2521710815019	64.4284501968726	3.61816756919044	26.9593916927672	3.61816756919044	55.5955543682225
31120000	9.51825231672041	-2.57004178940821	21.4991359748951	-2.57004178940821	69.7238123268071	-14.583443300768	21.4991359748951	-14.583443300768	70.6636975245061
31130000	6.11097555092411	-7.82259031673125	14.7573626220515	-7.82259031673125	71.5239766379125	-12.4335944970858	14.7573626220515	-12.4335944970858	57.2293683492299
31140000	7.33707905634459	-2.76288024882095	15.8819210992133	-2.76288024882095	52.5671001559094	-5.13738954858319	15.8819210992133	-5.13738954858319	55.9401133801488
31150000	8.51986268781229	-6.10888663867802	13.9991995773046	-6.10888663867802	44.2093822705202	-12.0212424469148	13.9991995773046	-12.0212424469148	53.3247576851693
31160000	6.75205757453292	-6.44891512734933	11.8071491121641	-6.44891512734933	66.229941884389	-9.0562322561378	11.8071491121641	-9.0562322561378	35.9261033246318
31170000	7.23466556758271	-7.70324883061539	17.8140000416749	-7.70324883061539	80.2752017650491	-20.7158737475391	17.8140000416749	-20.7158737475391	61.1761622178977
31180000	6.29451592762091	-4.03672767499942	12.458836996553	-4.03672767499942	54.438155569627	-4.97943787467408	12.458836996553	-4.97943787467408	39.8114142854595
31190000	23.7891082545793	-18.1024618377729	26.6345651460138	-18.1024618377729	57.7361951023265	-10.6158671466541	26.6345651460138	-10.6158671466541	49.5965670630153
31200000	9.38483824166243	-5.24891726552978	17.8768994088646	-5.24891726552979	76.1829549665098	-3.57409773739808	17.8768994088646	-3.57409773739808	46.3074674286445
31210000	3.48144125010808	-2.82182998934165	12.1471726415012	-2.82182998934165	78.5792661313916	-7.22544240304228	12.1471726415012	-7.22544240304228	60.17264520767
31220000	3.01177309283195	1.03080187127641	9.20797535029887	1.03080187127641	54.9029271886849	7.58572022557667	9.20797535029887	7.58572022557667	47.2888360522826
31230000	4.38215839641209	-6.02689377661522	15.0685334107331	-6.02689377661522	68.3103602420077	-20.5691296913456	15.0685334107331	-20.5691296913456	63.7657953472071
31240000	2.59422186610898	-2.50772280083067	7.85384378816173	-2.50772280083067	76.5190441290603	-11.1635531971177	7.85384378816173	-11.1635531971177	39.429236698862
31250000	15.3736837593796	-12.7569619023108	18.4105005446146	-12.7569619023108	86.9625845156001	-18.3054789482573	18.4105005446146	-18.3054789482573	49.8178614704035
31260000	13.6199615913051	-11.568317151611	20.4822124401083	-11.568317151611	62.5652870760899	-12.4518716131237	20.4822124401083	-12.4518716131237	49.5750114011594
31270000	9.79652117469433	-8.40727247981616	14.5646525641283	-8.40727247981615	50.5365267430294	-5.45725579499259	14.5646525641283	-5.45725579499259	59.5464645478248
31280000	4.44127344911472	-3.49230856634578	4.28216854535101	-3.49230856634578	45.3901599618176	-6.23506760478255	4.28216854535101	-6.23506760478255	46.1413416273209
31290000	7.39695629011903	-4.21813239016513	15.5518884888561	-4.21813239016513	62.19185086937	-15.0312001318136	15.5518884888561	-15.0312001318136	47.5065030181127
31300000	4.1317350622397	-3.33367165399223	13.4839442873657	-3.33367165399223	63.2961811284985	-16.6648391165741	13.4839442873657	-16.6648391165741	61.6281807558061
31310000	2.89356045752917	-1.27678947651847	8.67744729961765	-1.27678947651847	67.1395268451209	-9.44522519778961	8.67744729961765	-9.44522519778961	55.4585082884568
31320000	6.40030940851832	0.0149323704409084	14.1835206710507	0.0149323704409084	68.5996037595261	0.214543879561118	14.1835206710507	0.214543879561118	54.0715697992753
31330000	3.29236238206386	-0.417973038585824	8.62098734355466	-0.417973038585824	61.4026994298084	-7.53085481442375	8.62098734355466	-7.53085481442375	42.8291720065022
31340000	5.12020401743693	-2.85120782311214	12.591876633064	-2.85120782311214	37.8990447188498	-5.11754053978628	12.591876633064	-5.11754053978628	62.1140782111646
31350000	3.85791104677713	-2.32508813840678	10.4623497203367	-2.32508813840678	54.0456474433061	-11.0700377762775	10.4623497203367	-11.0700377762775	60.2923410148014
31360000	5.70811871970456	-1.9725191348477	12.2185696059133	-1.9725191348477	59.5045185957829	-2.68322459985592	12.2185696059133	-2.68322459985592	41.2212599564801
31370000	2.93870960830192	0.740641764362405	3.96111710183859	0.740641764362406	60.652778472389	-16.0225322336984	3.96111710183859	-16.0225322336984	46.4484151554541
31380000	6.92968285340027	-6.8612622784168	19.4931271261573	-6.8612622784168	79.1721828132988	-7.37953203100746	19.4931271261573	-7.37953203100747	79.5724914055168
31390000	0.937635209456809	-3.18680922016675	4.35415720396179	-3.18680922016675	72.7940320862193	-20.9484824741938	4.35415720396179	-20.9484824741938	66.1366918601329
31400000	3.76240558422568	-7.78886014942998	7.60946996322361	-7.78886014942998	63.550199492568	-11.613797326187	7.60946996322361	-11.613797326187	47.9402114793456
31410000	4.4337322539541	-2.19698040408193	10.1456960228085	-2.19698040408193	75.5041288885869	-10.1166855301148	10.1456960228085	-10.1166855301148	48.2645422363652
31420000	2.18440811722668	1.71640028645458	7.08407978747418	1.71640028645458	69.4244597973133	-17.4154149504887	7.08407978747418	-17.4154149504887	67.4413132348115
31430000	3.57579293258578	-0.750402375966606	9.89169968311303	-0.750402375966606	68.0975710562401	11.872887280973	9.89169968311303	11.872887280973	63.3850168321565
31440000	16.3837028408321	-1.27028770101189	25.0362829094798	-1.27028770101189	56.4200966305833	-6.17941551448235	25.0362829094798	-6.17941551448235	49.8215445162531
31450000	8.42345669938589	-0.128423350309215	12.0717186435502	-0.128423350309216	52.5808114503964	-10.4644545284693	12.0717186435502	-10.4644545284693	49.1997816702612
31460000	31.7639883426593	-14.2788054478202	26.4783384036664	-14.2788054478202	55.9856914370783	-4.72920118799635	26.4783384036664	-4.72920118799635	43.6774147307663
31470000	10.4777979268604	-6.1897801698402	20.1625370225467	-6.1897801698402	60.8379189537533	-12.7409345670098	20.1625370225467	-12.7409345670098	52.9592097324199
31480000	5.15320086414738	-3.1047484162091	13.1332680693297	-3.1047484162091	73.1746134578409	-2.03170641679067	13.1332680693297	-2.03170641679066	51.5720281568244
31490000	2.41354520799959	-0.500983761769663	2.57799174638805	-0.500983761769663	69.9085992212204	-11.3672120714904	2.57799174638805	-11.3672120714904	45.6197490821832
31500000	8.78649283924161	-4.5135791499886	16.8003495549803	-4.5135791499886	66.0215450226894	-9.73778784333892	16.8003495549803	-9.73778784333892	51.4759836334049
31510000	5.7253751575877	-2.01720385163335	12.4274176422454	-2.01720385163335	45.941701350838	-16.9158594786172	12.4274176422454	-16.9158594786172	52.8947113537673
31520000	5.48663901276022	-7.59783955333669	13.1942733266344	-7.59783955333669	69.1940088348861	-12.0245846420552	13.1942733266344	-12.0245846420552	48.1549119157808
31530000	3.11529012796915	-1.18697744941742	8.40995841116023	-1.18697744941742	53.5586899655208	-4.87605198853847	8.40995841116023	-4.87605198853847	40.5146669496107
31540000	6.50011843085021	-13.0941416410394	12.7764896024256	-13.0941416410394	72.7958008721368	-23.5197826020086	12.7764896024256	-23.5197826020086	48.1090906004178
31550000	6.09924456442491	-2.16920331514388	13.0508805627406	-2.16920331514388	72.7515231719792	-9.31067425470093	13.0508805627406	-9.31067425470092	38.5227205856721
31560000	7.83858501720439	-0.868860021719315	16.742008401267	-0.868860021719314	57.4867659734388	-4.50930899192734	16.742008401267	-4.50930899192734	44.0943449303714
31570000	6.1627083957067	-7.60413738985136	15.783979292109	-7.60413738985136	60.2498582052658	-15.2678935033499	15.783979292109	-15.2678935033499	61.8897515340188
31580000	4.8421677722039	-5.83416328535219	11.5008185480814	-5.83416328535219	55.2232383029956	-9.10585873196043	11.5008185480814	-9.10585873196043	58.8755088009421
31590000	1.34751774790026	-3.19867659273911	3.75933161212728	-3.19867659273911	64.4927393469426	-2.16504449913885	3.75933161212728	-2.16504449913885	52.4230296856071
31600000	1.59400978752022	-0.177240793352038	3.96726951329192	-0.177240793352038	45.5132639136663	-4.2859359333779	3.96726951329192	-4.2859359333779	58.5528344850164
31610000	3.21374964853295	-6.37527665693972	10.5175111108635	-6.37527665693972	76.5617360987475	-14.3463918626014	10.5175111108635	-14.3463918626014	49.7619335190656
31620000	3.3824449690685	-1.88652566617806	8.13784903495405	-1.88652566617806	53.8527805599318	-10.309290594066	8.13784903495405	-10.309290594066	46.1664557007964
31630000	10.8740287130712	-1.41174402165766	16.4102878028652	-1.41174402165766	43.0404781018963	-1.46530108705133	16.4102878028652	-1.46530108705133	49.411259773087
31640000	4.22074379119562	0.208123324012758	8.20244967931205	0.208123324012758	50.7179591556975	-3.75338979456114	8.20244967931205	-3.75338979456114	46.431985976964
31650000	2.0066463004299	-2.53566209688085	5.55034338832556	-2.53566209688085	55.9741284435821	-4.14760499715869	5.55034338832556	-4.14760499715869	41.1991393062612
31660000	5.66197010619065	-5.56463245120458	12.459157805252	-5.56463245120458	57.8397215976374	-9.21777553645724	12.459157805252	-9.21777553645724	48.3335158390132
31670000	5.60666631653095	-1.66519613219504	6.03100345722265	-1.66519613219504	65.7949765721109	-7.33881779573051	6.03100345722265	-7.33881779573051	38.4056764389486
31680000	5.99452918973632	-2.2688863007796	14.2541093558588	-2.2688863007796	62.448442254304	-13.6199605037893	14.2541093558588	-13.6199605037893	61.1087467811151
31690000	8.51353620216315	-5.84136637237003	17.4444672497682	-5.84136637237003	60.6422465462096	-9.77231710228041	17.4444672497682	-9.77231710228041	52.7650589740577
31700000	6.85264970831517	2.86815487294531	18.5664345334778	2.86815487294531	63.852530649561	9.92602524869087	18.5664345334778	9.92602524869087	61.3165772232852
31710000	2.76909741726747	-4.04303867246343	10.3306136461635	-4.04303867246343	62.1121738940579	-13.6301598392049	10.3306136461635	-13.6301598392049	54.9715054721871
31720000	3.75577848173489	2.20265014067204	11.8532581570595	2.20265014067204	60.4094966472679	-5.59822534090166	11.8532581570595	-5.59822534090166	57.9458763074516
31730000	7.01022529956903	-4.79672535924201	8.68039301633016	-4.79672535924201	72.8916610827986	-9.77281157680205	8.68039301633016	-9.77281157680205	37.5067433802627
31740000	4.09723115036602	-2.45618723542294	12.1957122828831	-2.45618723542294	62.5810701864299	-9.39317212012196	12.1957122828831	-9.39317212012196	56.8733286064453
31750000	7.73521188046584	-6.89440892155738	10.3127160557475	-6.89440892155738	61.1746216571003	-4.05922490470919	10.3127160557475	-4.05922490470919	37.1423801248478
31760000	2.09615875750325	-1.03837053225938	4.52378082506513	-1.03837053225938	71.9103388926638	-0.293168117078181	4.52378082506513	-0.293168117078181	38.8492078389743
31770000	9.15127091144964	-8.17123457865406	19.0930905288005	-8.17123457865406	62.4927859687286	-20.204822737161	19.0930905288005	-20.204822737161	57.9002890452308
31780000	5.19720649731389	-2.8421016724023	11.1461646627511	-2.8421016724023	68.414681184317	2.33192414104825	11.1461646627511	2.33192414104825	49.2012511530324
31790000	7.65952583249458	-13.0219666359166	15.1466733286154	-13.0219666359166	62.7427771616896	-23.1952103743376	15.1466733286154	-23.1952103743376	43.9981028936957
31800000	9.96965341427356	-2.09886394193564	23.1915506938304	-2.09886394193564	61.2162165881633	1.77186782118047	23.1915506938304	1.77186782118047	76.693515780887
31810000	5.36482397906249	-3.57645951701424	13.1368162371175	-3.57645951701424	55.8126531443441	-5.83184091175702	13.1368162371175	-5.83184091175702	45.3056264174673
31820000	3.98163834169469	-6.44497285185697	11.7610603375613	-6.44497285185697	61.8384782593585	-12.19606425421	11.7610603375613	-12.19606425421	53.9782524327674
31830000	1.07756973599246	-0.780959681619811	4.95797868164566	-0.780959681619812	45.126090182676	-5.80731093292921	4.95797868164566	-5.80731093292921	49.4819142735103
31840000	1.86834915372128	-3.02450566744068	6.68878833387343	-3.02450566744068	41.9616269545316	-8.70620885420641	6.68878833387343	-8.70620885420641	45.5762613560122
31850000	2.54504032787873	-1.76117498831455	8.49468601427215	-1.76117498831455	49.9299934460174	0.398588195816231	8.49468601427215	0.398588195816233	45.7675853229706
31860000	7.57394494780486	-10.0862491235246	13.5623469697949	-10.0862491235246	72.8663766244215	3.96507887259532	13.5623469697949	3.96507887259532	48.9124517217209
31870000	8.73938236545251	-7.89516462887187	16.4839008043627	-7.89516462887186	59.0120812064699	-9.27251741155888	16.4839008043627	-9.27251741155888	49.4411443822311
31880000	1.55449827025843	0.619348851904153	4.93833201751256	0.619348851904153	60.3649048774305	3.32140447884889	4.93833201751256	3.32140447884889	41.6299286096938
31890000	6.45757270473074	-1.92527843070804	13.997472408754	-1.92527843070804	53.6467198016965	4.67137109278252	13.997472408754	4.67137109278252	59.9274254802518
31900000	8.33868061202035	-1.79938292901156	13.518768079221	-1.79938292901156	51.0324511086501	-1.580175562089	13.518768079221	-1.580175562089	40.7564018487822
31910000	29.6112965145151	-15.0883183176176	40.0647533510496	-15.0883183176176	74.7027351785808	-14.1005947810281	40.0647533510496	-14.1005947810281	65.0400465511585
31920000	33.1624091845957	-7.78881634405852	38.2519371582565	-7.78881634405852	49.2353054521798	-9.27246229688488	38.2519371582565	-9.27246229688488	54.9236675224137
31930000	58.3128044186296	-23.9291203597065	45.5165901033314	-23.9291203597065	53.5187858103806	-15.7491521246962	45.5165901033314	-15.7491521246962	58.8512657469203
31940000	15.8928615932989	-10.6177517078872	23.5325828525093	-10.6177517078872	62.7012493331533	-10.3575894247918	23.5325828525093	-10.3575894247918	51.4359510612614
31950000	3.30267838879655	-5.83782274332048	11.3912636198804	-5.83782274332048	69.8485374898261	-8.92837908797693	11.3912636198804	-8.92837908797693	64.1022593915669
31960000	3.3649247599341	-0.759300365996872	10.634793911711	-0.759300365996872	44.4635555443956	-1.32301074259895	10.634793911711	-1.32301074259895	80.9955032211079
31970000	37.1796240828485	-8.43015316057987	34.0544277064106	-8.43015316057987	60.2238568600616	-3.35384418521586	34.0544277064106	-3.35384418521585	50.9347243667909
31980000	18.1869772146854	-6.64270522894018	28.5778737404477	-6.64270522894018	46.8180349755845	-5.0057498499426	28.5778737404477	-5.0057498499426	62.2579517452296
31990000	14.1894661539574	-6.37527520759257	16.2296701147503	-6.37527520759257	58.5329427157656	-14.5187741221605	16.2296701147503	-14.5187741221605	52.1584083738621
3.2e+07	13.3886849089207	-4.12057435081762	25.5969112717259	-4.12057435081762	52.2003993859069	-5.48153183550784	25.5969112717259	-5.48153183550784	65.6098799890916
32010000	9.25357563155544	-2.32535869646887	18.8327480754768	-2.32535869646887	54.9430004143597	-1.14488945488252	18.8327480754768	-1.14488945488252	61.8414327066987
32020000	13.0783523917877	-13.2877675113005	19.2217991048147	-13.2877675113005	57.1385229826305	-15.5678922766888	19.2217991048147	-15.5678922766888	39.4949193016467
32030000	22.3097540440052	0.135560505718459	23.0179240765023	0.135560505718457	60.7671228013855	-8.01550019673779	23.0179240765023	-8.01550019673779	40.521295868767
32040000	5.63028386062117	0.0250223491256811	10.1055600812985	0.0250223491256816	63.6068070318198	-18.3553573146359	10.1055600812985	-18.3553573146359	55.4262271293569
32050000	11.7418910356296	-3.8808646252883	20.1988932158422	-3.8808646252883	67.0603014244468	-3.55284807840952	20.1988932158422	-3.55284807840953	49.0127516409509
32060000	13.8204057049285	-0.408692388883238	22.6118677750256	-0.408692388883239	62.1849866754221	4.34309405752756	22.6118677750256	4.34309405752756	49.7184620462906
32070000	5.31507501964227	-3.39792200463881	10.3766878759091	-3.3979220046388	43.8493766699293	-2.9446409632996	10.3766878759091	-2.9446409632996	51.9069745630608
32080000	8.17587187936151	-0.844769066243624	15.0683884861686	-0.844769066243623	60.4451162123399	-7.73005935073796	15.0683884861686	-7.73005935073796	43.6001358236469
32090000	4.25978428223784	-3.58049469167893	9.85784451957427	-3.58049469167893	69.7348417330565	-0.906100920874617	9.85784451957427	-0.906100920874616	42.7846795246296
32100000	12.5598142407885	-7.83914321361659	22.9577433734483	-7.8391432136166	74.1985172850902	-21.7144951412542	22.9577433734483	-21.7144951412542	50.2039925370846
32110000	12.4294804038333	-8.07473314421619	19.8869679282063	-8.07473314421619	58.3769251283233	-6.17668879072366	19.8869679282063	-6.17668879072367	46.2771056124079
32120000	27.066312075405	-8.83125495264841	33.5999996408876	-8.83125495264841	55.1783905900328	-14.8924122065393	33.5999996408876	-14.8924122065393	62.3789115784609
32130000	10.1524599387609	-5.66988279063931	19.223754100139	-5.66988279063931	39.7881565804445	-12.163255792845	19.223754100139	-12.163255792845	69.5419111331551
32140000	9.0235065945962	-2.87655787865878	11.0240168075356	-2.87655787865878	75.1564382592656	-5.37190983441476	11.0240168075356	-5.37190983441476	32.7319824662157
32150000	7.52710374832114	-10.4703340401506	15.5719683142922	-10.4703340401506	74.8699364465445	-11.2022293622698	15.5719683142922	-11.2022293622698	57.9521627113726
32160000	4.5977051304037	-5.20730534454366	12.6213505444295	-5.20730534454366	61.5950837149278	-8.75858745994082	12.6213505444295	-8.75858745994082	54.3664257798489
32170000	6.03075373920082	1.00661846237232	13.5918416639064	1.00661846237232	45.2492315173714	7.09908094623286	13.5918416639064	7.09908094623286	48.074010130084
32180000	6.80456137523677	-7.80189463441648	13.236602162198	-7.80189463441648	67.0044358361492	-10.6401398578238	13.236602162198	-10.6401398578238	50.3865579105615
32190000	1.89308246026962	-2.94599950118662	7.57234780454996	-2.94599950118661	67.986494300971	-6.64407604977111	7.57234780454996	-6.64407604977111	56.1438268578352
32200000	4.21364807785203	1.06572183471678	9.43230001750756	1.06572183471678	68.9654692548769	-16.1856850595853	9.43230001750756	-16.1856850595853	50.6248712276796
32210000	10.7298753008488	-6.78145335685669	20.3747647613677	-6.78145335685669	69.6632400708316	-8.89919135741034	20.3747647613677	-8.89919135741035	48.2663080470442
32220000	9.98013328882085	-10.0267106391559	14.8293919680121	-10.0267106391559	57.3001379110841	-2.94379116475914	14.8293919680121	-2.94379116475914	36.4339908667281
32230000	16.5380094642015	-14.3856142966006	24.3358419812274	-14.3856142966006	88.4985500286824	-13.2201058296742	24.3358419812274	-13.2201058296742	53.2220300756795
32240000	4.90307374683253	-3.63688896907901	10.5103906089909	-3.63688896907901	52.5707728304719	-13.2259128430158	10.5103906089909	-13.2259128430158	43.9496552332312
32250000	12.6694482286203	-12.676808913285	20.808336996444	-12.676808913285	64.204768082997	-18.388447313969	20.808336996444	-18.388447313969	47.979254140407
32260000	10.9254448585104	-7.30733312688736	20.9162758198755	-7.30733312688736	61.9307340283101	-14.6947051185611	20.9162758198755	-14.6947051185611	54.4281115763766
32270000	10.5678063318794	-3.56357114465241	17.1258320434099	-3.56357114465241	70.9662349835222	-11.0480945125704	17.1258320434099	-11.0480945125704	44.3541347413321
32280000	7.20036698186753	-3.79017057091436	17.1058793970175	-3.79017057091436	60.9349154806665	-6.50931340417473	17.1058793970175	-6.50931340417473	52.1413008578153
32290000	7.14316361142707	2.93113707120315	13.8392321643873	2.93113707120315	73.1346941240783	4.39036030828676	13.8392321643873	4.39036030828676	42.5899344461827
32300000	9.02541262334353	3.4597308927302	18.0762744637122	3.4597308927302	58.0457874979178	4.08328629082322	18.0762744637122	4.08328629082322	52.685876156785
32310000	14.0068609344518	-2.60910719908931	27.687644665894	-2.60910719908931	72.3495940940059	-8.27280231490854	27.687644665894	-8.27280231490854	66.3428840993458
32320000	3.22365318334008	-1.31685265277473	6.14056266774738	-1.31685265277473	54.8868943584125	-8.82457287067442	6.14056266774738	-8.82457287067442	38.0924804576236
32330000	4.36254826995768	-0.711418575692369	7.0764013226124	-0.711418575692369	68.2132997851435	-9.87038533765198	7.0764013226124	-9.87038533765198	35.7920947700498
32340000	4.28903308537649	-10.2041369548493	17.2745150346905	-10.2041369548493	65.6903812237342	-42.9881783944328	17.2745150346905	-42.9881783944328	87.6788439367324
32350000	4.41191810380896	-4.28662998168108	12.0770899720475	-4.28662998168108	53.8588207392405	-16.692082611573	12.0770899720475	-16.692082611573	48.0433697452198
32360000	5.82154743340336	-1.74708821239448	10.6222881967467	-1.74708821239448	62.8180838833418	-6.37391930736374	10.6222881967467	-6.37391930736374	42.8409607158216
32370000	4.50696146635925	0.694803228584093	10.3710833215681	0.694803228584094	69.5215873998179	-2.78259100953078	10.3710833215681	-2.78259100953078	38.150452232467
32380000	2.78895411676159	-3.46921278481319	8.93433351566577	-3.46921278481319	60.9164714855014	-16.8280148183567	8.93433351566577	-16.8280148183567	59.5879527061116
32390000	2.12575712311788	-1.76395401012517	7.1753247712388	-1.76395401012517	54.2925825047971	-3.54259549987056	7.1753247712388	-3.54259549987056	43.0565840347379
32400000	6.67748284944341	-6.13296200856781	11.2199508739035	-6.13296200856781	70.6168695633421	-5.88560282934712	11.2199508739035	-5.88560282934712	45.7807039361091
32410000	8.66830008621766	-6.63591093128094	17.8355654016234	-6.63591093128094	73.5926743727059	-11.0018469290831	17.8355654016234	-11.0018469290831	55.4368328353595
32420000	3.44454084914009	-0.705519852907777	7.56752089883477	-0.705519852907777	52.8600761505355	-0.0989514112422187	7.56752089883477	-0.0989514112422184	52.3642871275713
32430000	4.58735048262144	-3.5946089612182	11.0601399195537	-3.5946089612182	55.5423478101131	-3.21037565935433	11.0601399195537	-3.21037565935433	45.7888859352489
32440000	8.7904351895329	-3.36074152860038	17.0240416898524	-3.36074152860038	59.8614512045504	-15.6281236776503	17.0240416898524	-15.6281236776503	56.5322591412191
32450000	8.75499040140704	-5.98994657791268	16.3479509899745	-5.98994657791268	39.8601683345811	-10.8331435480193	16.3479509899745	-10.8331435480193	48.092053336634
32460000	10.4018929486246	-2.79628123021723	20.2532500081909	-2.79628123021724	45.3065009097645	-2.04934453294305	20.2532500081909	-2.04934453294305	48.5099809803198
32470000	33.3350935134384	-7.57865979031874	31.7704898131227	-7.57865979031874	79.2620171471204	-2.93987184916237	31.7704898131227	-2.93987184916237	49.6481343493974
32480000	7.55471810799272	-4.49601937443776	15.6489341984634	-4.49601937443776	51.9688218212838	-7.86209491902525	15.6489341984634	-7.86209491902525	44.8447822815097
32490000	1.26396507108333	-1.17827602101468	5.90728209849131	-1.17827602101468	43.1906439090022	-0.25649556923667	5.90728209849131	-0.25649556923667	56.0737765821059
32500000	2.49418611816561	1.1348936535293	8.08132543200104	1.1348936535293	62.9615221359343	5.50935428688525	8.08132543200104	5.50935428688525	51.9661909961088
32510000	3.22968035504149	1.25493940221071	6.97116464111509	1.25493940221071	63.0170093973808	-6.41385511994937	6.97116464111509	-6.41385511994937	51.2918485406447
32520000	2.48760282402854	-2.41053199024316	8.12148462357358	-2.41053199024316	46.8292983762444	-5.24430904555664	8.12148462357358	-5.24430904555664	43.5071768794395
32530000	10.8326669585442	-3.8770206292478	12.8996599770457	-3.8770206292478	49.0824714067205	-9.89096251092073	12.8996599770457	-9.89096251092073	43.8395500410617
32540000	5.02162141071612	-6.07285650769028	12.3109308251257	-6.07285650769028	47.0308238807303	-17.4278538403685	12.3109308251257	-17.4278538403685	52.3958292116464
32550000	9.60226053067724	-4.40234412095298	17.3311456693357	-4.40234412095299	69.366188048788	-5.09549303848893	17.3311456693357	-5.09549303848893	45.6284969131426
32560000	19.4085641459342	-0.966834508383175	28.7862893881136	-0.966834508383175	46.2952296476121	2.35824494985018	28.7862893881136	2.35824494985018	52.9770501630805
32570000	12.7917236381141	-8.62596242337296	19.1171375490538	-8.62596242337296	55.9454767575474	-9.60457195139988	19.1171375490538	-9.60457195139987	47.2832718382694
32580000	13.9795338211383	-2.04701334611229	16.0231931520254	-2.04701334611229	61.617186461205	-5.02270507018778	16.0231931520254	-5.02270507018778	32.6559127671955
32590000	11.6231218772665	-15.4168020037392	20.0194588615975	-15.4168020037392	61.45352374466	-13.8277182385258	20.0194588615975	-13.8277182385258	60.8847249091935
32600000	5.24063429828587	-9.57643626727925	13.7757864902806	-9.57643626727925	74.7643308677639	-21.085664014538	13.7757864902806	-21.085664014538	49.1008412101976
32610000	5.09474146694202	-1.39328946224953	13.1372692273816	-1.39328946224953	57.9904831454827	-9.436904031243	13.1372692273816	-9.436904031243	56.4816119319797
32620000	19.4913737371477	-12.4472674192763	22.8406629831413	-12.4472674192763	66.6593470450347	-22.8014030272678	22.8406629831413	-22.8014030272678	43.9443198274752
32630000	6.6659473689678	-5.73555105158646	16.491856885432	-5.73555105158646	48.7070960384032	-6.44146306709783	16.491856885432	-6.44146306709783	65.8927682644337
32640000	7.11458872341986	4.74098275232833	4.25143372344567	4.74098275232833	77.4476296597462	-16.567848656324	4.25143372344567	-16.567848656324	45.9310205944241
32650000	9.77840576467376	2.15273350582579	19.2274302979206	2.15273350582579	47.0921454159081	-15.5993599993029	19.2274302979206	-15.5993599993028	72.0853874513188
32660000	23.5687589601926	-3.36467870699355	25.2043291659637	-3.36467870699355	50.4177832692667	-0.962318420985244	25.2043291659637	-0.962318420985244	41.4773855883637
32670000	30.3907857494793	-20.7519672501885	35.7567646193827	-20.7519672501885	74.2466499312619	-28.3014307925538	35.7567646193827	-28.3014307925538	56.8762158863581
32680000	4.51759031642775	-3.61804905012503	12.426362465303	-3.61804905012503	58.8665063873661	-10.4310163857252	12.426362465303	-10.4310163857252	48.7974375660132
32690000	6.27786974660019	-3.67895127751467	13.6766917868603	-3.67895127751468	63.871727275611	-11.5908206580615	13.6766917868603	-11.5908206580615	49.6757822527525
32700000	11.0562781137332	0.759775874906783	19.130131711097	0.759775874906783	57.4936375997616	-7.03466389003122	19.130131711097	-7.03466389003122	54.7498478503936
32710000	2.05220003042976	0.573470019696237	7.36278045334001	0.573470019696237	64.4086416085242	-10.0537096864628	7.36278045334001	-10.0537096864628	70.9857236996397
32720000	1.79330174175106	-1.0051963038845	6.6570022156145	-1.0051963038845	52.6340781075098	-15.9238845250236	6.6570022156145	-15.9238845250236	72.1982536838163
32730000	9.7962657591857	-7.90330162048326	21.2204958458488	-7.90330162048326	65.8240282677962	-15.8142062318949	21.2204958458488	-15.8142062318949	67.4482105895417
32740000	20.1210104790284	-6.69983990954132	25.4053629127577	-6.69983990954132	38.7200862668691	-6.98012119948783	25.4053629127577	-6.98012119948783	45.4617785819726
32750000	6.53261654288114	-4.74554367169741	14.2090434464693	-4.74554367169741	50.2010343081091	-6.0734564727895	14.2090434464693	-6.0734564727895	47.6806398849033
32760000	1.54927352361085	-3.18969306958945	4.11203649649345	-3.18969306958945	56.7513007225581	-13.9583364831552	4.11203649649345	-13.9583364831552	52.6410020021561
32770000	1.40484703880051	-0.96496259155924	6.72973865648837	-0.96496259155924	55.3680545688363	-8.91204162348901	6.72973865648837	-8.91204162348901	60.5561443935103
32780000	2.95911890140363	-2.31290701469294	9.105336108325	-2.31290701469294	97.1556313623197	-12.4032404834029	9.105336108325	-12.4032404834029	47.5149357864863
32790000	20.3885561226952	-5.69155362017939	25.9776633627707	-5.69155362017939	75.5845012319824	-7.59816392243434	25.9776633627707	-7.59816392243434	43.0310591514996
32800000	2.93720780177584	-4.42283462763105	9.56818503544155	-4.42283462763105	67.4468221782877	-21.0036223530304	9.56818503544155	-21.0036223530304	59.3596968723881
32810000	2.01567055857696	-1.65062881409584	6.68136474334812	-1.65062881409584	47.3675374147165	-10.4625227725522	6.68136474334812	-10.4625227725522	46.3427472239877
32820000	4.54929402118639	-1.52920801738864	11.0160864646521	-1.52920801738864	62.3798063123566	-11.893719254918	11.0160864646521	-11.893719254918	50.6878478204209
32830000	3.81132000207181	-5.8329735047073	14.2214378981019	-5.8329735047073	63.9149823235086	-34.8779441081609	14.2214378981019	-34.8779441081609	85.0800623226633
32840000	4.76128838216511	-2.1460161333219	6.91207831776332	-2.1460161333219	52.7752059977554	12.252315663072	6.91207831776332	12.252315663072	53.405898838542
32850000	18.7401599473381	-9.22063427000466	27.826293041458	-9.22063427000466	57.0540336423556	-10.3060787251873	27.826293041458	-10.3060787251873	61.0873912382859
32860000	16.3203893933946	-10.1562195529193	20.7272321834234	-10.1562195529193	49.0505803776124	-11.3987601147663	20.7272321834234	-11.3987601147663	38.7013017390566
32870000	10.1686601401811	-3.44559740136004	8.11282705305261	-3.44559740136004	55.3382290300754	-18.0255814668345	8.11282705305261	-18.0255814668345	48.9685743950262
32880000	11.8968252688284	-4.90013895935585	25.8187010790366	-4.90013895935585	60.4924300643529	-14.2068125251423	25.8187010790366	-14.2068125251423	70.7387754548219
32890000	8.73915870658062	-8.16941315923618	22.0858624386886	-8.16941315923618	62.9074238125032	-9.74306079547707	22.0858624386886	-9.74306079547707	70.8409301846858
32900000	1.71062443267429	-2.12819698021491	7.01790523049274	-2.12819698021491	65.0650425622131	7.4773878880278	7.01790523049274	7.4773878880278	62.9526765625726
32910000	2.06725177016574	2.77927914161373	6.965433039116	2.77927914161373	52.64570127702	5.91870495712499	6.965433039116	5.91870495712499	62.4315802076464
32920000	2.01090464730917	-2.3803460221876	6.18460649469473	-2.3803460221876	67.19922892914	5.59208966759543	6.18460649469473	5.59208966759542	45.063910388957
32930000	2.04817265465743	0.11113773316845	6.79667739435137	0.11113773316845	80.3569963243102	-5.34339676464539	6.79667739435137	-5.34339676464539	45.6841317915601
32940000	1.5635134485587	-1.61157170725256	6.75584903340342	-1.61157170725256	56.9861512319626	-10.9870351142228	6.75584903340342	-10.9870351142228	55.2347128150455
32950000	2.20499084702997	0.299068991982079	6.21519754876619	0.299068991982079	54.0564492950889	-4.21226687316219	6.21519754876619	-4.21226687316219	43.6120629890457
32960000	6.16151040808416	-4.44294278526432	14.7581031854969	-4.44294278526432	50.7386165544229	-10.1756839998834	14.7581031854969	-10.1756839998834	56.4506399458909
32970000	6.92904898120385	0.341552959798227	14.2689867599254	0.341552959798228	64.8283860198636	9.2508629653114	14.2689867599254	9.2508629653114	53.8638582157827
32980000	4.16708448355473	-5.48524775396968	9.08396720515722	-5.48524775396968	65.8294286403804	-13.5788346402411	9.08396720515722	-13.5788346402411	39.7054603941512
32990000	3.72503399580054	-3.66493120561711	10.4604458873685	-3.66493120561711	66.0192041321887	-6.1325018908067	10.4604458873685	-6.1325018908067	63.0406586904757
3.3e+07	3.36255403466668	-4.40975145637103	8.44932455970351	-4.40975145637103	66.2797913144949	-20.5395726627591	8.44932455970351	-20.5395726627591	50.467310242139
33010000	2.26313977700303	-0.39183803189377	5.01331474360818	-0.39183803189377	67.452680562143	-13.4772721959588	5.01331474360818	-13.4772721959588	44.0492834186138
33020000	3.65979396397918	-3.53165384824344	9.80738921094218	-3.53165384824344	91.2177009796712	-22.5917897306455	9.80738921094218	-22.5917897306455	44.7000937454516
33030000	1.82263513092159	-1.87860745276657	3.38031543460909	-1.87860745276657	53.8871463992007	-9.21108701438351	3.38031543460909	-9.21108701438351	44.3781050833422
33040000	2.2193942689602	0.884814352218424	7.8850329821905	0.884814352218424	59.9217620311028	5.25042410906198	7.8850329821905	5.25042410906198	49.1005143577013
33050000	11.5557291687729	-2.25854033417367	19.7659424465058	-2.25854033417367	60.1050837803577	-3.68843718312925	19.7659424465058	-3.68843718312925	54.7747001694676
33060000	16.1733752093119	-10.8185750963911	28.8558050131821	-10.8185750963911	58.0255929178744	-15.9830287180572	28.8558050131821	-15.9830287180572	61.3620259644229
33070000	6.37768050067262	-6.15149859149337	9.8882825707716	-6.15149859149337	83.9014280309817	-18.5513805805465	9.8882825707716	-18.5513805805465	38.615662749003
33080000	19.580609043371	-9.64691287083937	22.0139266299391	-9.64691287083937	45.5088499853599	-11.8019132412565	22.0139266299391	-11.8019132412565	43.0896440456531
33090000	12.4484185661236	-6.57968987710618	26.9981523003566	-6.57968987710618	38.2652791041218	-14.1170103386612	26.9981523003566	-14.1170103386612	72.0782569601707
33100000	1.89855232307582	-2.26427734363176	6.0287550283044	-2.26427734363176	55.8545258783143	1.88690531377249	6.0287550283044	1.88690531377249	37.5634242353828
33110000	9.64783417816214	-10.754328199154	20.8169297137417	-10.754328199154	56.1711691760687	-14.0974663810124	20.8169297137417	-14.0974663810124	62.4046501079511
33120000	1.48589321085533	0.239834009131693	5.37711612357722	0.239834009131693	65.3755420956522	-6.47646943385752	5.37711612357722	-6.47646943385752	48.5500989087179
33130000	8.39773431386487	-1.8908089775353	20.9904323578741	-1.8908089775353	65.1975744240763	-23.504494183239	20.9904323578741	-23.504494183239	73.2421694072977
33140000	17.160352898609	-3.17478246969843	19.9325655224287	-3.17478246969843	68.6497374496616	-16.4458524867672	19.9325655224287	-16.4458524867672	57.8534139007281
33150000	8.95431744428473	-12.3935380476077	16.690848609864	-12.3935380476077	97.032017898647	-2.39514655835031	16.690848609864	-2.39514655835031	65.2747161951834
33160000	7.7271957150725	-4.08506808517441	19.1415946689616	-4.08506808517441	67.8283893172505	-3.87812628708319	19.1415946689616	-3.87812628708319	55.7770356694549
33170000	6.02797171182384	-7.89079682494188	11.9560571725511	-7.89079682494188	61.1601404493831	-9.97367591249834	11.9560571725511	-9.97367591249834	39.6191707192681
33180000	2.45488412926637	-4.17363259744412	9.13374319754133	-4.17363259744412	58.59919238589	-10.4869577797357	9.13374319754133	-10.4869577797357	46.8131258716209
33190000	7.88131378154259	-4.49876655415752	19.5808896206638	-4.49876655415752	81.243135296126	-9.15089676929801	19.5808896206638	-9.15089676929801	62.121440996066
33200000	1.90048294344006	1.16402223427152	5.24642170626105	1.16402223427152	70.2952997325962	-2.89885921344593	5.24642170626105	-2.89885921344593	36.7793498239474
33210000	21.2890491417073	-5.27209010958823	23.9264448785587	-5.27209010958823	50.027160522437	-5.64311620689232	23.9264448785587	-5.64311620689232	46.7024186783654
33220000	13.4890640405731	-8.44108218468648	21.3290297506032	-8.44108218468648	54.938192988165	-9.47149095266252	21.3290297506032	-9.47149095266253	50.1332582135454
33230000	68.3949944600511	2.06395475137041	29.5425409337811	2.0639547513704	53.3302972608014	-10.7730356533605	29.5425409337811	-10.7730356533605	62.1826244845941
33240000	145.277958495621	-8.83301967804248	72.3721117585663	-8.83301967804248	56.5167676217178	-5.76751064162852	72.3721117585663	-5.76751064162852	48.017513534896
33250000	92.5048707113397	-16.0974891777486	46.9113254139533	-16.0974891777486	53.8366563130267	-13.0588068123334	46.9113254139533	-13.0588068123334	43.7608862263711
33260000	31.4573176813186	-13.5931056456477	35.8670476222592	-13.5931056456477	45.7657292026898	-12.1417515027042	35.8670476222593	-12.1417515027042	59.4742618542593
33270000	34.535647839156	-18.6585276736305	40.8954594862533	-18.6585276736305	54.5814569807317	-14.2328674357239	40.8954594862533	-14.2328674357239	64.7839397094785
33280000	14.1911885630717	-0.982090170420292	13.6607773364382	-0.982090170420293	49.280413653342	-8.39592951888752	13.6607773364382	-8.39592951888752	48.5528971788795
33290000	26.8482869644662	-8.209238161863	27.5856444005169	-8.20923816186301	51.6422541587323	-11.2444518943626	27.5856444005169	-11.2444518943626	46.5954230080741
33300000	13.130183727382	-1.23620442289376	23.2826878813167	-1.23620442289376	54.8516738793336	-6.67288187568573	23.2826878813167	-6.67288187568573	54.3841457098393
33310000	23.0731919333191	-12.355497656923	15.4878716958209	-12.355497656923	62.181450534653	-8.87203738251725	15.4878716958209	-8.87203738251725	42.6697055124051
33320000	16.0722486017635	8.68688896602065	17.8930103914319	8.68688896602065	71.4348809196546	1.70806469561417	17.8930103914318	1.70806469561416	44.0396909693642
33330000	6.41813957283526	-9.90859934161713	13.3655966335506	-9.90859934161713	74.8608397381155	-13.3922034051189	13.3655966335506	-13.3922034051189	45.8866667496918
33340000	6.02018503424752	-0.377192707407817	12.9306508913901	-0.377192707407817	69.7835823401631	-0.616034209053342	12.9306508913901	-0.616034209053341	43.9080069684733
33350000	3.04154183373286	-3.03249081349044	11.0309181754672	-3.03249081349044	48.5565979288562	-17.1102078433658	11.0309181754672	-17.1102078433658	65.4199467842693
33360000	2.5914508158865	-0.718356741549175	8.23192145747472	-0.718356741549174	54.6424191066013	-14.7758284714633	8.23192145747472	-14.7758284714633	50.5096929497829
33370000	7.05043373549875	-1.91356367980561	14.9813588171452	-1.91356367980561	65.5561050879297	-3.41611201664573	14.9813588171452	-3.41611201664573	41.3385666095147
33380000	16.4668288888568	-9.63933404475325	21.7752402945247	-9.63933404475325	58.3830080522996	-10.9964020063529	21.7752402945247	-10.9964020063529	41.9506532517978
33390000	3.34192197991476	-2.11450326934552	10.538071697201	-2.11450326934553	68.5062564389961	3.57238787247297	10.538071697201	3.57238787247298	52.2380404944248
33400000	1.9266608382479	2.53510625463934	5.44247815068718	2.53510625463934	77.0773395745616	-5.57864909213083	5.44247815068718	-5.57864909213083	48.083492024894
33410000	7.5848652199362	-0.138224461224972	17.648867036829	-0.138224461224972	53.8767511307193	2.46370604466545	17.648867036829	2.46370604466545	55.821113238064
33420000	2.95278123032587	-2.35008371879148	10.3057071881278	-2.35008371879148	67.3023947030877	-2.91104120217709	10.3057071881278	-2.91104120217708	52.0538057656209
33430000	8.86865914810008	-1.60203394665467	17.7105011234853	-1.60203394665467	65.0780286235962	-6.78149147782932	17.7105011234853	-6.78149147782931	47.8385813236005
33440000	11.3375458960929	0.373087772963062	15.6461119296204	0.373087772963064	57.3303898456048	-12.5350139302355	15.6461119296204	-12.5350139302355	51.2287625223339
33450000	12.590939591516	-8.44077903526956	21.1741052982691	-8.44077903526957	56.0054030220574	-14.2603933558702	21.1741052982691	-14.2603933558702	52.1492386895759
33460000	18.3839949526127	-7.35966812374609	26.0420800211431	-7.35966812374609	52.7355001208434	-14.5992274572014	26.0420800211431	-14.5992274572014	50.2933536293897
33470000	11.3457350863136	0.40311890326954	7.13758743511974	0.40311890326954	58.5909930599583	-9.96797539557459	7.13758743511974	-9.96797539557459	43.2890334834892
33480000	15.9896545074428	0.341026516553173	19.8511637578985	0.341026516553173	45.4413355960679	-3.29087746526774	19.8511637578985	-3.29087746526774	48.7669319999319
33490000	65.8861189323741	-8.44303934283691	52.8824014542217	-8.44303934283691	57.9977792962942	-6.67939222163352	52.8824014542217	-6.67939222163351	52.41951197227
33500000	26.2683766515274	-6.84811210974414	35.2400205216324	-6.84811210974414	44.730304070729	-12.8966131153316	35.2400205216324	-12.8966131153316	60.6396044201208
33510000	5.82805340877504	-2.69891373329557	10.9853833697284	-2.69891373329557	67.7685192772451	-11.9420519529437	10.9853833697284	-11.9420519529437	40.8880699465746
33520000	2.95702650502381	-2.89598481617469	7.86293491961348	-2.89598481617469	48.0895343537529	-10.5818828916955	7.86293491961348	-10.5818828916955	42.8525775033936
33530000	3.07924258428549	-3.23408445237442	8.6404582649959	-3.23408445237442	58.5036442633294	2.48022428898134	8.6404582649959	2.48022428898134	46.6032229623961
33540000	1.92566577121666	3.02598460180334	4.59543252959239	3.02598460180334	75.2836952813133	-3.16628326842379	4.59543252959239	-3.1662832684238	34.9505437783914
33550000	2.85462483070894	-0.85616510731503	10.3280336612016	-0.85616510731503	73.5171154762314	-2.60034188262681	10.3280336612016	-2.60034188262681	53.7050224299132
33560000	1.08959481022614	1.26181901705905	4.20989931678977	1.26181901705905	58.6467403668279	-14.389410217699	4.20989931678977	-14.389410217699	50.6037058505153
33570000	2.02839152535254	-1.51674188895901	7.28254911331493	-1.51674188895901	61.1469504417714	-6.2573755954201	7.28254911331493	-6.2573755954201	38.4279218065596
33580000	3.63259557716871	2.21686024349542	9.14317141080269	2.21686024349542	55.2632931154365	-4.16320060598144	9.14317141080269	-4.16320060598144	47.630918866868
33590000	4.46330803149196	-2.76107343136712	11.7219307819586	-2.76107343136712	57.4751035168426	-8.3897644483752	11.7219307819586	-8.38976444837519	46.8351122205897
33600000	8.71362842929394	-12.4625713978532	19.2465457189723	-12.4625713978532	69.2456562079498	-14.8018583622857	19.2465457189723	-14.8018583622857	56.1737211439323
33610000	24.7271868795443	-12.8377659114549	31.9024708218276	-12.8377659114549	49.3223534043257	-9.76496808540686	31.9024708218276	-9.76496808540686	55.0239970757642
33620000	6.06530226836722	-2.89001884250467	14.9791333545135	-2.89001884250467	70.9099444485973	-3.34649540903222	14.9791333545135	-3.34649540903222	55.7890704145263
33630000	5.05753192938727	-3.03985622407318	13.2364739393986	-3.03985622407318	59.8885195409808	-4.45844136468747	13.2364739393986	-4.45844136468747	47.902826261106
33640000	2.59823111731246	-3.27862314247895	4.91924714446262	-3.27862314247895	62.0814571024122	-6.1487986112017	4.91924714446262	-6.1487986112017	41.2566071889499
33650000	4.53685890442631	-2.97976842774961	11.7690421518518	-2.97976842774961	65.3998686337893	-3.85272459333942	11.7690421518518	-3.85272459333942	41.0141548839881
33660000	12.8193009156742	-16.2823864741085	26.2339690354031	-16.2823864741085	73.3886463297938	-26.6317387070475	26.2339690354031	-26.6317387070475	63.8537185928676
33670000	9.65699878287908	-5.08959785472474	17.3259684160346	-5.08959785472474	51.8948007837636	-11.8811084438135	17.3259684160346	-11.8811084438135	41.2790933655569
33680000	3.02855303327631	-3.66167070945004	7.25510233314145	-3.66167070945004	51.637230357838	-2.60317993614975	7.25510233314145	-2.60317993614975	54.0548321824432
33690000	10.116527548107	-8.11420265801809	16.1228888163742	-8.11420265801809	73.6694874267296	-17.5758202767026	16.1228888163742	-17.5758202767026	42.7189610660387
33700000	6.23766262484273	-5.87282892914651	11.6663323388423	-5.87282892914651	53.9583289082579	-13.0586268299086	11.6663323388423	-13.0586268299086	63.4641762873136
33710000	18.2540284854002	-13.8750887281316	22.0726860537781	-13.8750887281316	68.4621032531424	-10.7486045860919	22.0726860537781	-10.7486045860919	39.5585496640522
33720000	57.2986559416241	-22.4299670875475	45.1944948351823	-22.4299670875475	56.9448625730692	-19.7808445966415	45.1944948351823	-19.7808445966415	61.7239999469116
33730000	11.9405790777616	-10.9021013688152	19.8389632293736	-10.9021013688152	59.2428610651331	-19.3337678279445	19.8389632293736	-19.3337678279445	50.8430311210968
33740000	38.3328900818321	-0.857252256916768	54.2244303882153	-0.85725225691677	48.617858251314	1.21530701671613	54.2244303882153	1.21530701671614	85.6234663331478
33750000	24.21117672302	-17.4906844563882	22.0878142693781	-17.4906844563882	61.3351861018076	-5.13740864963163	22.0878142693781	-5.13740864963163	41.5444738436862
33760000	3.39336299045134	-2.186467906875	4.86722497627426	-2.186467906875	63.9703616335109	-12.8208611021488	4.86722497627426	-12.8208611021488	51.8950788865263
33770000	2.52622587826802	-2.2313729708397	7.53440300892164	-2.2313729708397	61.6198689791214	-4.1534613778467	7.53440300892164	-4.1534613778467	55.8953368469674
33780000	11.8462809659727	-12.4317102265687	13.7175678611879	-12.4317102265687	67.4282431242773	-9.20469267830898	13.7175678611879	-9.20469267830898	33.8538970076804
33790000	9.25675621420723	-4.5636436306666	14.8018011672705	-4.5636436306666	55.9048786282036	-15.5100812337772	14.8018011672705	-15.5100812337772	62.587681332616
33800000	11.308196821984	-7.68637754404469	18.5101585311721	-7.68637754404469	84.2663483564891	-8.62725444468932	18.5101585311721	-8.62725444468932	51.6498741299472
