state	type_with_type	type_with_size	type_with_flowers	size_with_type	size_with_size	size_with_flowers	flowers_with_type	flowers_with_size	flowers_with_flowers
0	1	0	0	0	1	0	0	0	1
10000	1	-0.115115174513914	-0.626039067649338	-0.115115174513914	1	0.022091314628341	-0.626039067649338	0.022091314628341	1
20000	1	-0.481302099528209	-0.519641927758881	-0.481302099528209	1	0.261842207406745	-0.519641927758881	0.261842207406745	1
30000	1	-0.156635665584474	-0.424468915209219	-0.156635665584474	1	0.174516815851603	-0.424468915209219	0.174516815851603	1
40000	1	-0.0684627989418206	-0.690098204573568	-0.0684627989418206	1	-0.167009258669715	-0.690098204573569	-0.167009258669715	1
50000	1	0.0968017593569526	-0.689069826972235	0.0968017593569526	1	-0.14780121434569	-0.689069826972236	-0.14780121434569	1
60000	1	-0.186930024233363	-0.543677436681824	-0.186930024233363	1	0.0110071525322504	-0.543677436681824	0.0110071525322504	1
70000	1	-0.421525574220754	-0.620098365924349	-0.421525574220754	1	0.21744826698757	-0.620098365924349	0.21744826698757	1
80000	1	-0.430315458492631	-0.606368492308893	-0.430315458492631	1	0.214317859476531	-0.606368492308893	0.214317859476531	1
90000	1	-0.149397582738438	-0.420716465133413	-0.149397582738438	1	0.287086950196058	-0.420716465133413	0.287086950196058	1
1e+05	1	-0.209629741518901	-0.778967782347713	-0.209629741518901	1	0.22032203428454	-0.778967782347713	0.22032203428454	1
110000	1	-0.00814474640437042	-0.440157123913473	-0.00814474640437041	1	0.0834250227420711	-0.440157123913473	0.0834250227420711	1
120000	1	-0.25613764571847	-0.709092179197732	-0.25613764571847	1	0.124775086893103	-0.709092179197732	0.124775086893103	1
130000	1	0.0485343001071471	-0.552161930925991	0.0485343001071471	1	-0.00700145873609201	-0.552161930925991	-0.00700145873609201	1
140000	1	0.0344566925330628	-0.640258993654928	0.0344566925330628	1	-0.0202183386178386	-0.640258993654928	-0.0202183386178387	1
150000	1	-0.290053773302489	-0.538043665945549	-0.290053773302489	1	0.0414186804302001	-0.538043665945549	0.0414186804302001	1
160000	1	-0.0598876670935223	-0.560703182141892	-0.0598876670935223	1	0.030755289741701	-0.560703182141892	0.030755289741701	1
170000	1	0.0334875049512164	-0.404421258733159	0.0334875049512164	1	0.0350785944926688	-0.404421258733159	0.0350785944926688	1
180000	1	-0.238766660691881	-0.64991888710096	-0.238766660691882	1	0.280841532235447	-0.64991888710096	0.280841532235447	1
190000	1	0.0875182583792051	-0.549854483672634	0.0875182583792051	1	0.180164657284681	-0.549854483672634	0.180164657284681	1
2e+05	1	-0.476646558705632	-0.765863828330551	-0.476646558705632	1	0.339306588613975	-0.765863828330551	0.339306588613975	1
210000	1	-0.204699300346993	-0.715709007266998	-0.204699300346993	1	0.299004749134099	-0.715709007266998	0.2990047491341	1
220000	1	-0.0263699894195086	-0.443341078292477	-0.0263699894195086	1	0.178051022529082	-0.443341078292477	0.178051022529082	1
230000	1	-0.0324174203503101	-0.53140791292044	-0.0324174203503101	1	-0.0583682746735386	-0.53140791292044	-0.0583682746735386	1
240000	1	-0.321816531520675	-0.577412367513678	-0.321816531520675	1	0.285078809440482	-0.577412367513678	0.285078809440482	1
250000	1	-0.0402629010473034	-0.495782525216031	-0.0402629010473034	1	-0.0108499728085735	-0.49578252521603	-0.0108499728085735	1
260000	1	-0.161240390368387	-0.713754980340277	-0.161240390368387	1	0.00934345131835024	-0.713754980340277	0.00934345131835027	1
270000	1	-0.214116652854231	-0.732588577115336	-0.214116652854231	1	0.180383841474745	-0.732588577115336	0.180383841474745	1
280000	1	-0.311961703771984	-0.514854983734749	-0.311961703771984	1	0.347997013775311	-0.514854983734749	0.347997013775311	1
290000	1	-0.219154888955732	-0.2256070560346	-0.219154888955732	1	0.114670628688478	-0.2256070560346	0.114670628688478	1
3e+05	1	-0.177831937031692	-0.522449366715351	-0.177831937031692	1	0.222041897421848	-0.522449366715351	0.222041897421848	1
310000	1	0.0241877479507452	-0.814029273450115	0.0241877479507452	1	0.0975753705897299	-0.814029273450114	0.0975753705897299	1
320000	1	-0.033686597574965	-0.705187995867398	-0.0336865975749649	1	0.221151026397975	-0.705187995867398	0.221151026397975	1
330000	1	-0.112090773464361	-0.392599238622988	-0.112090773464361	1	0.244841187698136	-0.392599238622988	0.244841187698136	1
340000	1	-0.301063560861249	-0.53706203953078	-0.301063560861249	1	-0.141565832435175	-0.53706203953078	-0.141565832435175	1
350000	1	-0.307768167019824	-0.704469682023509	-0.307768167019824	1	0.289232488303014	-0.704469682023509	0.289232488303014	1
360000	1	-0.00770940188185997	-0.53128855820701	-0.00770940188185994	1	0.156150988479419	-0.53128855820701	0.156150988479419	1
370000	1	0.113246818404569	-0.326656860608959	0.113246818404569	1	0.161169086947553	-0.326656860608959	0.161169086947553	1
380000	1	-0.0584238381242079	-0.543802611074525	-0.0584238381242079	1	0.225265599167197	-0.543802611074525	0.225265599167197	1
390000	1	-0.213133170555833	-0.556344767102262	-0.213133170555833	1	0.174848901343027	-0.556344767102262	0.174848901343027	1
4e+05	1	-0.279993601484618	-0.422540505301853	-0.279993601484618	1	0.113611589876493	-0.422540505301853	0.113611589876493	1
410000	1	-0.399974863244406	-0.548974019929021	-0.399974863244406	1	0.108590319114287	-0.548974019929021	0.108590319114287	1
420000	1	0.0556753263147735	-0.578395362089455	0.0556753263147735	1	0.200952051434115	-0.578395362089455	0.200952051434115	1
430000	1	0.0554100812419797	-0.551672965579203	0.0554100812419797	1	0.0376748192608262	-0.551672965579203	0.0376748192608262	1
440000	1	-0.161262887903099	-0.568301969583158	-0.161262887903099	1	-0.0158367827420465	-0.568301969583158	-0.0158367827420465	1
450000	1	-0.0207455352251326	-0.487100418276027	-0.0207455352251326	1	-0.173368193472683	-0.487100418276027	-0.173368193472683	1
460000	1	-0.17055748611302	-0.636336506779926	-0.17055748611302	1	0.228854881423935	-0.636336506779927	0.228854881423935	1
470000	1	-0.149707626731611	-0.804188725829968	-0.149707626731611	1	0.00377454007155324	-0.804188725829968	0.00377454007155323	1
480000	1	-0.301741285913266	-0.253044579561604	-0.301741285913266	1	0.33189879623838	-0.253044579561604	0.33189879623838	1
490000	1	-0.481645731114315	-0.629119948927211	-0.481645731114315	1	0.276336955331159	-0.629119948927211	0.276336955331159	1
5e+05	1	-0.0486064476906161	-0.47992281069021	-0.0486064476906161	1	0.097549037517147	-0.47992281069021	0.097549037517147	1
510000	1	-0.0942238110420936	-0.609745327398038	-0.0942238110420937	1	0.125742165925219	-0.609745327398038	0.125742165925219	1
520000	1	-0.372042150915391	-0.633733602932003	-0.372042150915391	1	0.217007183026323	-0.633733602932003	0.217007183026323	1
530000	1	-0.108209702128749	-0.462528294354119	-0.108209702128749	1	0.206227942602911	-0.462528294354119	0.206227942602911	1
540000	1	-0.117212523875803	-0.744993656842583	-0.117212523875803	1	0.23322254507655	-0.744993656842583	0.23322254507655	1
550000	1	-0.308568621800605	-0.537447388567112	-0.308568621800605	1	0.0707137645574104	-0.537447388567112	0.0707137645574104	1
560000	1	0.033891489826899	-0.579944439330939	0.033891489826899	1	0.0280068665521237	-0.579944439330939	0.0280068665521237	1
570000	1	-0.365316003424691	-0.664611981483758	-0.365316003424691	1	0.388863146863787	-0.664611981483758	0.388863146863787	1
580000	1	-0.237883899305701	-0.699757663134845	-0.237883899305701	1	0.127171178600592	-0.699757663134845	0.127171178600592	1
590000	1	-0.267672014143493	-0.547589058059126	-0.267672014143493	1	-0.0173170949888523	-0.547589058059126	-0.0173170949888522	1
6e+05	1	-0.308685284129916	-0.232971127467028	-0.308685284129916	1	0.261013842426859	-0.232971127467028	0.261013842426859	1
610000	1	0.106260031614621	-0.62211472970637	0.106260031614621	1	-0.0411546150742414	-0.62211472970637	-0.0411546150742414	1
620000	1	-0.0846424124428277	-0.680792820802509	-0.0846424124428277	1	0.0442700430086885	-0.680792820802509	0.0442700430086885	1
630000	1	-0.320079152071292	-0.685320463392953	-0.320079152071292	1	0.419729723936908	-0.685320463392953	0.419729723936908	1
640000	1	-0.107544263188843	-0.575126804589876	-0.107544263188843	1	0.0357308448180983	-0.575126804589876	0.0357308448180983	1
650000	1	0.232744659838495	-0.67351035371529	0.232744659838495	1	-0.171978079414138	-0.67351035371529	-0.171978079414138	1
660000	1	-0.108451902524294	-0.746497281854427	-0.108451902524294	1	0.0411646207617845	-0.746497281854427	0.0411646207617845	1
670000	1	-0.345712254571837	-0.763049492174668	-0.345712254571837	1	0.28377184050316	-0.763049492174668	0.28377184050316	1
680000	1	-0.235426576037584	-0.738128911620911	-0.235426576037584	1	0.303451953741495	-0.738128911620911	0.303451953741495	1
690000	1	-0.50207226139233	-0.62036049467234	-0.50207226139233	1	0.278867717484901	-0.62036049467234	0.278867717484901	1
7e+05	1	0.0883691061027724	-0.559664225713577	0.0883691061027724	1	-0.167026070327227	-0.559664225713578	-0.167026070327227	1
710000	1	0.0209599504062801	-0.775540912376143	0.0209599504062802	1	0.0576034086063942	-0.775540912376143	0.0576034086063942	1
720000	1	-0.269343278057393	-0.770083838898004	-0.269343278057393	1	0.167015369589723	-0.770083838898004	0.167015369589723	1
730000	1	0.00409184650549053	-0.831105380494478	0.0040918465054905	1	0.0777400289379409	-0.831105380494478	0.0777400289379409	1
740000	1	-0.227940545182266	-0.581856540501421	-0.227940545182266	1	0.064783811636801	-0.581856540501421	0.0647838116368011	1
750000	1	-0.1848023734991	-0.314947281197746	-0.1848023734991	1	0.162823722745803	-0.314947281197746	0.162823722745803	1
760000	1	0.108327875853528	-0.744558613455457	0.108327875853528	1	-0.0928041290309227	-0.744558613455457	-0.0928041290309227	1
770000	1	0.00868698727012591	-0.610475889988097	0.00868698727012591	1	0.0231847465420494	-0.610475889988097	0.0231847465420494	1
780000	1	-0.166754959627294	-0.744063468219112	-0.166754959627294	1	0.210570231802188	-0.744063468219112	0.210570231802188	1
790000	1	-0.133528126047711	-0.412936499079126	-0.133528126047711	1	0.0234816681355262	-0.412936499079127	0.0234816681355263	1
8e+05	1	-0.361380415276908	-0.672898212480135	-0.361380415276908	1	0.320807425460705	-0.672898212480135	0.320807425460705	1
810000	1	-0.24787244343742	-0.567214103085723	-0.24787244343742	1	0.12317516206111	-0.567214103085723	0.12317516206111	1
820000	1	0.075260363528721	-0.614824315737663	0.075260363528721	1	0.18460578929462	-0.614824315737663	0.18460578929462	1
830000	1	-0.224177237374089	-0.651768703628333	-0.224177237374089	1	0.224873967724157	-0.651768703628333	0.224873967724157	1
840000	1	0.130486227069305	-0.714315139340918	0.130486227069305	1	0.129759031226514	-0.714315139340918	0.129759031226515	1
850000	1	0.0400294157571861	-0.633833915251891	0.0400294157571861	1	0.00304344766143446	-0.633833915251891	0.00304344766143445	1
860000	1	-0.124441586586334	-0.517497244103504	-0.124441586586334	1	0.139696605889964	-0.517497244103504	0.139696605889964	1
870000	1	-0.00536155004114458	-0.645053757667159	-0.00536155004114458	1	0.113399207752039	-0.645053757667159	0.113399207752039	1
880000	1	-0.070771069794413	-0.570799215937575	-0.070771069794413	1	0.10643800013434	-0.570799215937575	0.10643800013434	1
890000	1	-0.168600617951794	-0.622341560292113	-0.168600617951794	1	0.187318896976051	-0.622341560292113	0.187318896976051	1
9e+05	1	-0.445072825125641	-0.571882906858117	-0.445072825125641	1	0.257561979617712	-0.571882906858117	0.257561979617712	1
910000	1	-0.383175486476925	-0.586803129963223	-0.383175486476925	1	0.117083318746248	-0.586803129963223	0.117083318746248	1
920000	1	-0.103344960996966	-0.484679634449379	-0.103344960996966	1	0.0447203972843571	-0.484679634449379	0.0447203972843571	1
930000	1	-0.0869610297239033	-0.58255244234865	-0.0869610297239033	1	0.259415096659572	-0.58255244234865	0.259415096659572	1
940000	1	0.12117602736363	-0.589107735681963	0.12117602736363	1	0.0422822118160959	-0.589107735681963	0.0422822118160959	1
950000	1	-0.334473966295773	-0.632196472103662	-0.334473966295773	1	-0.0327192872348741	-0.632196472103662	-0.0327192872348741	1
960000	1	-0.147410594706789	-0.450571211435452	-0.147410594706789	1	0.126805132157515	-0.450571211435452	0.126805132157515	1
970000	1	0.0172233183552053	-0.718982321084258	0.0172233183552053	1	-0.231394871601495	-0.718982321084258	-0.231394871601495	1
980000	1	-0.418213967049437	-0.722515349357008	-0.418213967049437	1	0.304448255929959	-0.722515349357008	0.304448255929959	1
990000	1	0.107016159838861	-0.677206822840583	0.107016159838861	1	-0.0140532538461653	-0.677206822840583	-0.0140532538461653	1
1e+06	1	-0.0282508322171947	-0.406090774734093	-0.0282508322171947	1	0.118747961518763	-0.406090774734093	0.118747961518763	1
1010000	1	-0.332579617615805	-0.372725573321505	-0.332579617615805	1	-0.0352562410909554	-0.372725573321505	-0.0352562410909554	1
1020000	1	0.0597172445900051	-0.610257794761326	0.0597172445900051	1	-0.0593105795465056	-0.610257794761326	-0.0593105795465056	1
1030000	1	0.253438490684494	-0.22716540951843	0.253438490684494	1	0.340722618534577	-0.22716540951843	0.340722618534577	1
1040000	1	-0.0924498483160275	-0.526512165081503	-0.0924498483160275	1	-0.128577925261533	-0.526512165081503	-0.128577925261533	1
1050000	1	-0.304972926372148	-0.561316729518776	-0.304972926372148	1	0.127831847772442	-0.561316729518776	0.127831847772442	1
1060000	1	0.0320656231164345	-0.677772160398725	0.0320656231164345	1	0.0458701452052219	-0.677772160398725	0.0458701452052218	1
1070000	1	-0.163648234353285	-0.710709621591674	-0.163648234353285	1	0.156531284688828	-0.710709621591674	0.156531284688828	1
1080000	1	-0.00149446795759166	-0.544761479094228	-0.00149446795759166	1	-0.0375615382479674	-0.544761479094228	-0.0375615382479674	1
1090000	1	-0.376451693287786	-0.617989813569502	-0.376451693287786	1	0.322937305624826	-0.617989813569502	0.322937305624826	1
1100000	1	-0.276681265224419	-0.559856042975423	-0.276681265224419	1	0.0250723355363042	-0.559856042975423	0.0250723355363042	1
1110000	1	-0.345311105109355	-0.520172037121178	-0.345311105109355	1	0.0270129999293897	-0.520172037121178	0.0270129999293897	1
1120000	1	0.0777226321010714	-0.468372624584493	0.0777226321010715	1	0.177859694376221	-0.468372624584493	0.177859694376221	1
1130000	1	0.0988890803437504	-0.633986637710314	0.0988890803437504	1	-0.0948259326416223	-0.633986637710314	-0.0948259326416223	1
1140000	1	-0.0175576721962988	-0.502869332478921	-0.0175576721962988	1	0.120021373567841	-0.502869332478921	0.120021373567841	1
1150000	1	-0.122631152113606	-0.713792414084515	-0.122631152113606	1	0.135105237110941	-0.713792414084515	0.135105237110941	1
1160000	1	-0.0883051857935643	-0.560401324338956	-0.0883051857935643	1	-0.162855204533202	-0.560401324338956	-0.162855204533202	1
1170000	1	0.157233210907182	-0.430736950205712	0.157233210907182	1	0.205692845914723	-0.430736950205712	0.205692845914723	1
1180000	1	-0.136623907242759	-0.704202574449523	-0.136623907242759	1	0.0857012325144968	-0.704202574449523	0.0857012325144968	1
1190000	1	-0.240056998937731	-0.574904016480322	-0.240056998937731	1	0.383669742856039	-0.574904016480322	0.383669742856039	1
1200000	1	-0.120844954328323	-0.757053153971384	-0.120844954328323	1	0.0366657725527992	-0.757053153971384	0.0366657725527991	1
1210000	1	0.00720897696113995	-0.498333929143147	0.00720897696113995	1	0.125510102006413	-0.498333929143147	0.125510102006413	1
1220000	1	0.0555860815700185	-0.72680131881942	0.0555860815700185	1	-0.0192305751834445	-0.72680131881942	-0.0192305751834445	1
1230000	1	-0.081780769158639	-0.62678045917096	-0.081780769158639	1	0.120992188093382	-0.62678045917096	0.120992188093382	1
1240000	1	-0.33239796380637	-0.491375188329876	-0.33239796380637	1	0.0718606917165141	-0.491375188329876	0.0718606917165141	1
1250000	1	0.0723217050113962	-0.423589169231998	0.0723217050113962	1	0.176870648231444	-0.423589169231998	0.176870648231444	1
1260000	1	-0.0536169009727548	-0.445415803771939	-0.0536169009727548	1	0.046243404826584	-0.445415803771939	0.046243404826584	1
1270000	1	-0.113965320608493	-0.588692658880104	-0.113965320608493	1	0.0603099241376627	-0.588692658880104	0.0603099241376627	1
1280000	1	-0.054897760321007	-0.392190475730389	-0.054897760321007	1	-0.0222439101125648	-0.392190475730389	-0.0222439101125648	1
1290000	1	-0.201079429795711	-0.326076276548959	-0.201079429795711	1	-0.0486924891816693	-0.326076276548959	-0.0486924891816693	1
1300000	1	-0.282816556778604	-0.754325210929383	-0.282816556778605	1	0.228909884498485	-0.754325210929383	0.228909884498485	1
1310000	1	-0.30065552044635	-0.391063979006907	-0.30065552044635	1	-0.241552905706445	-0.391063979006907	-0.241552905706445	1
1320000	1	-0.361812327594938	-0.678840847258296	-0.361812327594938	1	0.29804205842414	-0.678840847258296	0.29804205842414	1
1330000	1	-0.0881237555993128	-0.486501081669062	-0.0881237555993128	1	0.2582727828959	-0.486501081669062	0.2582727828959	1
1340000	1	-0.286111980759509	-0.38358070055895	-0.286111980759509	1	0.0917511686228164	-0.38358070055895	0.0917511686228164	1
1350000	1	-0.0900981908719404	-0.575825509923595	-0.0900981908719404	1	0.199197653613689	-0.575825509923595	0.199197653613689	1
1360000	1	-0.118572127487921	-0.473840666277571	-0.118572127487921	1	0.0595248468562027	-0.473840666277571	0.0595248468562027	1
1370000	1	-0.00319364148407566	-0.650482426169475	-0.00319364148407564	1	0.10412902433775	-0.650482426169475	0.10412902433775	1
1380000	1	0.0419496912798508	-0.428790982766771	0.0419496912798508	1	0.143021075943553	-0.428790982766771	0.143021075943553	1
1390000	1	-0.211125266603687	-0.776815032912915	-0.211125266603687	1	0.208162890420238	-0.776815032912915	0.208162890420238	1
1400000	1	-0.194139231182722	-0.721325351905956	-0.194139231182722	1	0.0270578849563017	-0.721325351905956	0.0270578849563017	1
1410000	1	-0.475492326847433	-0.760020930243656	-0.475492326847433	1	0.359913216179775	-0.760020930243656	0.359913216179775	1
1420000	1	-0.0953227991715123	-0.642820040490093	-0.0953227991715123	1	0.0598826392685119	-0.642820040490093	0.0598826392685119	1
1430000	1	-0.232603549112586	-0.65510152438377	-0.232603549112586	1	0.0763852168457746	-0.65510152438377	0.0763852168457746	1
1440000	1	-0.215560029340344	-0.524818381391587	-0.215560029340343	1	0.0123612129553352	-0.524818381391587	0.0123612129553352	1
1450000	1	-0.0549205158555647	-0.490638989810509	-0.0549205158555647	1	-0.0402769804532223	-0.490638989810509	-0.0402769804532223	1
1460000	1	-0.181560168042982	-0.698002242931192	-0.181560168042982	1	0.079588460960131	-0.698002242931192	0.079588460960131	1
1470000	1	-0.127831359857481	-0.659292498640393	-0.127831359857481	1	0.0914880862148386	-0.659292498640393	0.0914880862148386	1
1480000	1	-0.027655581043452	-0.629553288758781	-0.027655581043452	1	0.478438463747911	-0.629553288758781	0.478438463747911	1
1490000	1	0.198259705299901	-0.584594755402617	0.198259705299901	1	-0.100839787926505	-0.584594755402617	-0.100839787926505	1
1500000	1	0.0191306734532226	-0.740455474519332	0.0191306734532226	1	0.249119080439804	-0.740455474519332	0.249119080439804	1
1510000	1	-0.184349592990953	-0.586376294468097	-0.184349592990953	1	-0.0420298217460638	-0.586376294468097	-0.0420298217460638	1
1520000	1	-0.255518350463201	-0.549636137042254	-0.255518350463201	1	0.159522535905797	-0.549636137042254	0.159522535905797	1
1530000	1	-0.39480941450969	-0.420884140608754	-0.39480941450969	1	0.120296107970351	-0.420884140608754	0.120296107970351	1
1540000	1	-0.0480370269422445	-0.536283324220308	-0.0480370269422445	1	-0.0981598901000962	-0.536283324220308	-0.0981598901000962	1
1550000	1	0.0989892184401648	-0.465524898601826	0.0989892184401648	1	0.109821340845236	-0.465524898601826	0.109821340845236	1
1560000	1	-0.37133284221676	-0.488699858463091	-0.37133284221676	1	0.20759335409388	-0.488699858463091	0.20759335409388	1
1570000	1	-0.214295486656367	-0.59461370304567	-0.214295486656367	1	0.230542613704706	-0.59461370304567	0.230542613704706	1
1580000	1	-0.334071253869701	-0.573537778033948	-0.334071253869701	1	0.309502802193748	-0.573537778033948	0.309502802193748	1
1590000	1	-0.17348951578002	-0.548908902434483	-0.17348951578002	1	0.00680792550249939	-0.548908902434483	0.00680792550249937	1
1600000	1	-0.240544628679079	-0.569447435709413	-0.240544628679079	1	-0.00927668694865454	-0.569447435709413	-0.00927668694865452	1
1610000	1	-0.289694946685578	-0.63185060385093	-0.289694946685578	1	0.29820092249815	-0.63185060385093	0.29820092249815	1
1620000	1	-0.201635604537684	-0.466810066166039	-0.201635604537684	1	0.287307727535659	-0.466810066166039	0.287307727535659	1
1630000	1	-0.0456100935416575	-0.662233319945558	-0.0456100935416575	1	0.200115008543943	-0.662233319945558	0.200115008543943	1
1640000	1	0.0427148960493505	-0.697300007014439	0.0427148960493505	1	0.141126455664996	-0.697300007014439	0.141126455664996	1
1650000	1	0.32598829176038	-0.624932999162508	0.32598829176038	1	0.0930156645938024	-0.624932999162508	0.0930156645938024	1
1660000	1	0.136472387256895	-0.580196820791013	0.136472387256895	1	-0.0667685233958651	-0.580196820791013	-0.0667685233958651	1
1670000	1	-0.245296983153111	-0.413862941371521	-0.245296983153111	1	0.238494147388862	-0.413862941371521	0.238494147388862	1
1680000	1	-0.313040976390074	-0.640383977636406	-0.313040976390074	1	0.177535942856737	-0.640383977636406	0.177535942856737	1
1690000	1	-0.154625781835307	-0.777093383080998	-0.154625781835307	1	0.188393373946578	-0.777093383080998	0.188393373946578	1
1700000	1	-0.302540913528212	-0.678110443330128	-0.302540913528212	1	0.0508369396812249	-0.678110443330128	0.0508369396812249	1
1710000	1	-0.349368989496164	-0.587308397484601	-0.349368989496164	1	0.0659136312367994	-0.587308397484601	0.0659136312367994	1
1720000	1	-0.0409293716475932	-0.586324750048183	-0.0409293716475932	1	0.169427466846751	-0.586324750048183	0.169427466846751	1
1730000	1	-0.397354507146949	-0.74705790578055	-0.397354507146949	1	0.337511554019487	-0.74705790578055	0.337511554019487	1
1740000	1	-0.088455111946456	-0.581656764981619	-0.088455111946456	1	0.169337420663335	-0.581656764981619	0.169337420663335	1
1750000	1	0.0790874347435526	-0.75056303837593	0.0790874347435526	1	0.0606854708851543	-0.75056303837593	0.0606854708851543	1
1760000	1	0.0943772108514349	-0.499240370345981	0.0943772108514349	1	0.0148704589500854	-0.499240370345981	0.0148704589500854	1
1770000	1	-0.0317054367403084	-0.3511677240148	-0.0317054367403084	1	0.0516941064368677	-0.3511677240148	0.0516941064368677	1
1780000	1	-0.332254759268917	-0.650384299010076	-0.332254759268917	1	0.149182143656419	-0.650384299010076	0.149182143656419	1
1790000	1	0.0477992065340659	-0.489997013289265	0.0477992065340659	1	0.245572179791086	-0.489997013289265	0.245572179791086	1
1800000	1	-0.374761891465994	-0.640417795069339	-0.374761891465994	1	0.0709654846075924	-0.640417795069339	0.0709654846075924	1
1810000	1	-0.376490443428131	-0.375031961540417	-0.376490443428131	1	0.141248059657995	-0.375031961540417	0.141248059657995	1
1820000	1	0.234546087243898	-0.564741167311152	0.234546087243898	1	-0.178110085656758	-0.564741167311152	-0.178110085656758	1
1830000	1	-0.375953734539322	-0.546876170064965	-0.375953734539322	1	0.0927346106166673	-0.546876170064965	0.0927346106166673	1
1840000	1	0.00941131262422161	-0.491625088071289	0.00941131262422163	1	0.0724302574289715	-0.491625088071289	0.0724302574289715	1
1850000	1	-0.107005933044732	-0.459189155778947	-0.107005933044732	1	0.118283795740492	-0.459189155778947	0.118283795740492	1
1860000	1	-0.453153841350823	-0.697621072063887	-0.453153841350823	1	0.334832024125339	-0.697621072063887	0.334832024125339	1
1870000	1	-0.161897563820156	-0.429099155028815	-0.161897563820156	1	0.19508337747877	-0.429099155028815	0.19508337747877	1
1880000	1	-0.0718598125318828	-0.430648220364303	-0.0718598125318828	1	0.115268421404307	-0.430648220364303	0.115268421404307	1
1890000	1	-0.104227239603821	-0.505220928887499	-0.104227239603821	1	0.00473153463297722	-0.505220928887499	0.00473153463297722	1
1900000	1	-0.0459883415180227	-0.639050583212612	-0.0459883415180228	1	-0.0344653764810885	-0.639050583212612	-0.0344653764810885	1
1910000	1	-0.375509072241455	-0.767919021743009	-0.375509072241455	1	0.368659332368783	-0.767919021743009	0.368659332368783	1
1920000	1	-0.00112879645640987	-0.68612912116026	-0.00112879645640987	1	-0.0213684310061908	-0.68612912116026	-0.0213684310061908	1
1930000	1	0.0209843355963355	-0.650272089324224	0.0209843355963355	1	0.0269678129013821	-0.650272089324224	0.0269678129013821	1
1940000	1	0.136021450361042	-0.622203723994242	0.136021450361042	1	-0.0839917150241901	-0.622203723994242	-0.0839917150241901	1
1950000	1	-0.185544246729121	-0.688639704008583	-0.185544246729121	1	0.293197553892992	-0.688639704008583	0.293197553892992	1
1960000	1	-0.212936983381443	-0.427576098732414	-0.212936983381443	1	0.11897091516572	-0.427576098732414	0.11897091516572	1
1970000	1	-0.127918910596499	-0.714457382078747	-0.127918910596499	1	0.0359963537080728	-0.714457382078747	0.0359963537080728	1
1980000	1	-0.236946978294327	-0.492201734222296	-0.236946978294327	1	0.0749329007536935	-0.492201734222296	0.0749329007536935	1
1990000	1	-0.075184457691998	-0.747595413089503	-0.075184457691998	1	0.0473366602342236	-0.747595413089503	0.0473366602342236	1
2e+06	1	-0.089345720383136	-0.437055815614808	-0.089345720383136	1	0.161060568974412	-0.437055815614808	0.161060568974412	1
2010000	1	0.0937553046104508	-0.586845437975758	0.0937553046104508	1	0.0012108833889737	-0.586845437975758	0.00121088338897371	1
2020000	1	-0.191635304830781	-0.758400095564267	-0.191635304830781	1	0.0151482574740334	-0.758400095564267	0.0151482574740333	1
2030000	1	-0.218881555885984	-0.550747741934257	-0.218881555885984	1	0.0956924751994493	-0.550747741934257	0.0956924751994493	1
2040000	1	-0.440403562623167	-0.663588751684835	-0.440403562623167	1	0.34970395611377	-0.663588751684835	0.34970395611377	1
2050000	1	-0.496671572757405	-0.481166697925875	-0.496671572757405	1	0.203559815795794	-0.481166697925875	0.203559815795794	1
2060000	1	0.0223308100454047	-0.549123940184159	0.0223308100454047	1	-0.0035288375723331	-0.549123940184159	-0.0035288375723331	1
2070000	1	-0.343942516108929	-0.768896373670153	-0.343942516108929	1	0.141178156396379	-0.768896373670153	0.141178156396379	1
2080000	1	-0.0782387580563652	-0.677438603742662	-0.0782387580563652	1	0.0136844795819444	-0.677438603742662	0.0136844795819444	1
2090000	1	-0.091746086065248	-0.624794559404497	-0.091746086065248	1	0.1343207788424	-0.624794559404497	0.1343207788424	1
2100000	1	-0.0851153277885827	-0.332346980616056	-0.0851153277885827	1	0.208274547047182	-0.332346980616056	0.208274547047182	1
2110000	1	-0.160899479872035	-0.735031703601234	-0.160899479872035	1	0.0876886824125316	-0.735031703601234	0.0876886824125316	1
2120000	1	-0.0607031806475551	-0.706427063201679	-0.0607031806475551	1	0.0753721300533947	-0.706427063201679	0.0753721300533947	1
2130000	1	-0.109577922178288	-0.324055403823047	-0.109577922178288	1	0.18464824472847	-0.324055403823047	0.18464824472847	1
2140000	1	-0.0417316824074831	-0.686128945599317	-0.041731682407483	1	0.287364580414679	-0.686128945599317	0.287364580414679	1
2150000	1	-0.278892711003399	-0.634567423262662	-0.278892711003399	1	0.225285591930485	-0.634567423262662	0.225285591930485	1
2160000	1	-0.284608123099368	-0.34210383746478	-0.284608123099368	1	0.0292317901738031	-0.34210383746478	0.0292317901738031	1
2170000	1	0.0453909344614686	-0.56420665350298	0.0453909344614686	1	-0.0314233969169161	-0.56420665350298	-0.0314233969169161	1
2180000	1	0.0985057789085962	-0.695252447849651	0.0985057789085962	1	-0.0547152465047878	-0.695252447849652	-0.0547152465047878	1
2190000	1	-0.308554014859156	-0.36929710628841	-0.308554014859156	1	0.308021478467008	-0.36929710628841	0.308021478467008	1
2200000	1	-0.266612048032923	-0.698908633745185	-0.266612048032923	1	0.24256771001997	-0.698908633745185	0.24256771001997	1
2210000	1	-0.0300530209460788	-0.61049140350053	-0.0300530209460788	1	0.158611250295466	-0.61049140350053	0.158611250295466	1
2220000	1	0.0275725150941376	-0.551296875062578	0.0275725150941376	1	0.0341735685328121	-0.551296875062578	0.0341735685328121	1
2230000	1	-0.108533284345108	-0.551305771946576	-0.108533284345108	1	-0.0427822503957901	-0.551305771946576	-0.0427822503957901	1
2240000	1	-0.22601609699223	-0.82165003544386	-0.22601609699223	1	0.125816109111412	-0.82165003544386	0.125816109111412	1
2250000	1	-0.261076651300972	-0.457846751864683	-0.261076651300972	1	0.0879952560674982	-0.457846751864683	0.0879952560674982	1
2260000	1	-0.102049475408477	-0.62485934670177	-0.102049475408477	1	0.21238967878644	-0.62485934670177	0.21238967878644	1
2270000	1	0.0301754190959094	-0.229910180845882	0.0301754190959094	1	0.124119019256795	-0.229910180845882	0.124119019256795	1
2280000	1	-0.140642971136248	-0.449026566689429	-0.140642971136248	1	0.124973343357903	-0.449026566689429	0.124973343357903	1
2290000	1	-0.0411231000342779	-0.612782831180604	-0.0411231000342779	1	0.0254436494001653	-0.612782831180604	0.0254436494001653	1
2300000	1	-0.36009975342661	-0.368635895633957	-0.36009975342661	1	0.077801836805737	-0.368635895633957	0.077801836805737	1
2310000	1	-0.116501668376276	-0.624959697983642	-0.116501668376276	1	0.166671403160287	-0.624959697983642	0.166671403160287	1
2320000	1	-0.139701591167786	-0.744764666542976	-0.139701591167786	1	0.113280616316474	-0.744764666542976	0.113280616316474	1
2330000	1	0.0310931892818059	-0.50101111420603	0.0310931892818059	1	0.129496239033193	-0.50101111420603	0.129496239033193	1
2340000	1	-0.0454861259040941	-0.622181843922702	-0.0454861259040941	1	0.234832979603318	-0.622181843922702	0.234832979603318	1
2350000	1	-0.323057289719975	-0.627035109972257	-0.323057289719975	1	0.116086370930727	-0.627035109972257	0.116086370930727	1
2360000	1	-0.420763467630987	-0.34765915802071	-0.420763467630987	1	0.0411709097956342	-0.34765915802071	0.0411709097956342	1
2370000	1	-0.217132423867366	-0.534248442003058	-0.217132423867366	1	0.257591741331609	-0.534248442003058	0.257591741331609	1
2380000	1	-0.171994185939162	-0.599198166967603	-0.171994185939162	1	0.139195510760884	-0.599198166967603	0.139195510760884	1
2390000	1	-0.103783287599516	-0.688348468256872	-0.103783287599516	1	0.204293880190738	-0.688348468256873	0.204293880190738	1
2400000	1	0.214184696308756	-0.588953554521505	0.214184696308756	1	-0.0730232792755855	-0.588953554521505	-0.0730232792755856	1
2410000	1	-0.0735929398640891	-0.583404101391443	-0.0735929398640891	1	-0.07070147442725	-0.583404101391443	-0.07070147442725	1
2420000	1	-0.170135504823667	-0.640453274733473	-0.170135504823668	1	0.0925992781274076	-0.640453274733473	0.0925992781274076	1
2430000	1	-0.0386104929521342	-0.548435785800153	-0.0386104929521342	1	-0.175989670233849	-0.548435785800153	-0.175989670233849	1
2440000	1	-0.251266024759549	-0.723170338741223	-0.251266024759549	1	0.156375541611144	-0.723170338741223	0.156375541611144	1
2450000	1	-0.236634377834452	-0.563033552468212	-0.236634377834452	1	0.0244998271671746	-0.563033552468212	0.0244998271671746	1
2460000	1	0.11319383550032	-0.550066582379425	0.11319383550032	1	-0.00320354027038576	-0.550066582379425	-0.00320354027038576	1
2470000	1	-0.107995309794847	-0.530559337799943	-0.107995309794847	1	-0.0200679967982448	-0.530559337799943	-0.0200679967982448	1
2480000	1	-0.27266396473131	-0.480505969458722	-0.27266396473131	1	0.202797019531437	-0.480505969458722	0.202797019531437	1
2490000	1	-0.209079201790129	-0.547581032054921	-0.209079201790129	1	-0.157654327022005	-0.547581032054921	-0.157654327022005	1
2500000	1	-0.187744245962122	-0.651376162622158	-0.187744245962122	1	0.0180523421722297	-0.651376162622158	0.0180523421722297	1
2510000	1	-0.0542213332707532	-0.493169087087958	-0.0542213332707533	1	0.199031291783793	-0.493169087087958	0.199031291783793	1
2520000	1	-0.105941950708983	-0.739652260332069	-0.105941950708983	1	-0.038517354282376	-0.739652260332069	-0.038517354282376	1
2530000	1	-0.490637740533467	-0.656319626673867	-0.490637740533467	1	0.294177095308892	-0.656319626673867	0.294177095308892	1
2540000	1	-0.135835890123796	-0.318298306121504	-0.135835890123796	1	0.147470384614823	-0.318298306121504	0.147470384614823	1
2550000	1	-0.114572839898863	-0.594106790960415	-0.114572839898863	1	0.132401621722366	-0.594106790960415	0.132401621722366	1
2560000	1	0.078536296323855	-0.523003705531013	0.0785362963238551	1	0.140905289554253	-0.523003705531013	0.140905289554253	1
2570000	1	0.362237910125134	-0.586862559413189	0.362237910125134	1	-0.173882738000648	-0.586862559413189	-0.173882738000648	1
2580000	1	-0.119777846492962	-0.509055329960029	-0.119777846492962	1	0.105891926350503	-0.509055329960029	0.105891926350503	1
2590000	1	0.142014899929269	-0.510082968393216	0.142014899929269	1	-0.0156288824291782	-0.510082968393216	-0.0156288824291782	1
2600000	1	-0.0465522564574598	-0.575730973392507	-0.0465522564574598	1	0.0709751656213871	-0.575730973392507	0.0709751656213871	1
2610000	1	-0.248502643165942	-0.705731036255371	-0.248502643165942	1	0.299593388560592	-0.705731036255371	0.299593388560592	1
2620000	1	-0.464928387244379	-0.534773606165851	-0.464928387244379	1	0.0528424516051469	-0.534773606165851	0.0528424516051469	1
2630000	1	-0.298056657656498	-0.601776966588347	-0.298056657656498	1	0.010206638584829	-0.601776966588347	0.010206638584829	1
2640000	1	-0.0947110018147784	-0.586344946471755	-0.0947110018147783	1	0.155861689867012	-0.586344946471755	0.155861689867012	1
2650000	1	-0.0616492918821063	-0.671308235040409	-0.0616492918821063	1	-0.00716930933467946	-0.671308235040408	-0.00716930933467946	1
2660000	1	-0.1808153959897	-0.474168050671132	-0.1808153959897	1	0.0755123229576198	-0.474168050671132	0.0755123229576198	1
2670000	1	-0.213432616187171	-0.574958631246368	-0.213432616187171	1	0.274155595570982	-0.574958631246368	0.274155595570982	1
2680000	1	-0.1041261284721	-0.50519785304506	-0.1041261284721	1	0.304613275305175	-0.50519785304506	0.304613275305175	1
2690000	1	0.0547255743602299	-0.559338423960594	0.0547255743602299	1	0.0137700910211523	-0.559338423960594	0.0137700910211523	1
2700000	1	-0.323304649277334	-0.597509469473303	-0.323304649277334	1	0.180359685311725	-0.597509469473303	0.180359685311725	1
2710000	1	0.161732469429799	-0.592510207465752	0.161732469429799	1	0.166686855203759	-0.592510207465752	0.166686855203759	1
2720000	1	-0.31672747016599	-0.697351135069116	-0.31672747016599	1	0.251721084757545	-0.697351135069116	0.251721084757545	1
2730000	1	0.105362909432492	-0.278898508574747	0.105362909432492	1	0.162309367318269	-0.278898508574747	0.162309367318269	1
2740000	1	-0.333998813690588	-0.64346649720547	-0.333998813690588	1	0.200376391983949	-0.64346649720547	0.200376391983949	1
2750000	1	-0.376397414731815	-0.623383509814312	-0.376397414731815	1	0.0280416724654652	-0.623383509814312	0.0280416724654651	1
2760000	1	-0.208937961879759	-0.700120843116455	-0.208937961879759	1	0.062977427865706	-0.700120843116455	0.062977427865706	1
2770000	1	-0.00430945957803964	-0.694237852239015	-0.00430945957803963	1	0.104391702286948	-0.694237852239015	0.104391702286948	1
2780000	1	-0.0317828190617083	-0.450441082766234	-0.0317828190617083	1	0.23241947741705	-0.450441082766234	0.23241947741705	1
2790000	1	0.0189762718955217	-0.692571709916368	0.0189762718955217	1	0.0930691711682892	-0.692571709916368	0.0930691711682892	1
2800000	1	-0.262640504885688	-0.4160119864359	-0.262640504885688	1	0.0886761789946857	-0.416011986435899	0.0886761789946857	1
2810000	1	-0.0553649481999176	-0.522619741012695	-0.0553649481999176	1	0.0502414705464379	-0.522619741012694	0.0502414705464379	1
2820000	1	-0.25853378856263	-0.570392249068125	-0.25853378856263	1	0.234793196889978	-0.570392249068125	0.234793196889978	1
2830000	1	0.271069345841287	-0.288599232858725	0.271069345841287	1	0.11982378412063	-0.288599232858725	0.11982378412063	1
2840000	1	-0.221166830753749	-0.58820416502636	-0.221166830753749	1	0.275650954394474	-0.58820416502636	0.275650954394474	1
2850000	1	-0.188322486565315	-0.573815208076227	-0.188322486565315	1	0.0147824053098253	-0.573815208076227	0.0147824053098253	1
2860000	1	-0.056346772296554	-0.583400108588558	-0.056346772296554	1	0.0367716271646841	-0.583400108588558	0.0367716271646841	1
2870000	1	-0.329682164759387	-0.484429695183586	-0.329682164759387	1	-0.0540494227207012	-0.484429695183586	-0.0540494227207012	1
2880000	1	-0.4219564145076	-0.442794595664555	-0.4219564145076	1	0.330747860036232	-0.442794595664555	0.330747860036232	1
2890000	1	0.210306487045013	-0.311890191700939	0.210306487045013	1	0.140564413949794	-0.311890191700939	0.140564413949794	1
2900000	1	-0.0413355135958569	-0.573798267323708	-0.0413355135958569	1	-0.0694320430992405	-0.573798267323708	-0.0694320430992405	1
2910000	1	-0.284686419045654	-0.68918240554136	-0.284686419045654	1	0.363345462909489	-0.68918240554136	0.363345462909489	1
2920000	1	-0.195631088307133	-0.62175565365488	-0.195631088307133	1	0.28124570823951	-0.62175565365488	0.28124570823951	1
2930000	1	-0.112910067580756	-0.702454510890517	-0.112910067580756	1	-0.0296998653473593	-0.702454510890517	-0.0296998653473594	1
2940000	1	-0.232214054012647	-0.625078202352824	-0.232214054012647	1	0.250968649038364	-0.625078202352824	0.250968649038364	1
2950000	1	-0.511966633179153	-0.539180286421885	-0.511966633179153	1	0.184120842066611	-0.539180286421885	0.184120842066611	1
2960000	1	-0.128177453724398	-0.751541825138291	-0.128177453724398	1	0.143472918005722	-0.751541825138291	0.143472918005722	1
2970000	1	-0.197695641083332	-0.368783224023703	-0.197695641083332	1	0.143345511385445	-0.368783224023703	0.143345511385445	1
2980000	1	0.0450978239568672	-0.467755488196574	0.0450978239568672	1	0.0406300143598999	-0.467755488196574	0.0406300143598999	1
2990000	1	-0.323124072222558	-0.485552664452519	-0.323124072222558	1	0.0705693661992759	-0.485552664452519	0.0705693661992759	1
3e+06	1	-0.366222332999605	-0.428973558675449	-0.366222332999605	1	0.222440972224349	-0.428973558675449	0.222440972224349	1
3010000	1	-0.271078012942735	-0.683426253480154	-0.271078012942735	1	0.30417511463285	-0.683426253480154	0.30417511463285	1
3020000	1	-0.0274621290777131	-0.725376641587587	-0.0274621290777131	1	0.176795470814308	-0.725376641587587	0.176795470814308	1
3030000	1	-0.0106397658707548	-0.28263538060513	-0.0106397658707548	1	0.174258376694566	-0.28263538060513	0.174258376694566	1
3040000	1	-0.0690634510876241	-0.693203895286664	-0.069063451087624	1	0.162091507451192	-0.693203895286664	0.162091507451192	1
3050000	1	0.00230126024773233	-0.270063410372716	0.00230126024773233	1	0.184434536913732	-0.270063410372716	0.184434536913732	1
3060000	1	-0.357741397384431	-0.61871451196339	-0.357741397384431	1	0.263253810603043	-0.61871451196339	0.263253810603043	1
3070000	1	0.0524894993538992	-0.579998758533659	0.0524894993538991	1	0.0224543648710668	-0.579998758533659	0.0224543648710668	1
3080000	1	-0.051219086968324	-0.740761199263335	-0.051219086968324	1	0.0841291178642894	-0.740761199263335	0.0841291178642894	1
3090000	1	-0.0526284590330062	-0.638026845913417	-0.0526284590330062	1	0.282329750292714	-0.638026845913417	0.282329750292714	1
3100000	1	-0.0761663327495473	-0.551859040373526	-0.0761663327495473	1	0.242944336745659	-0.551859040373526	0.242944336745659	1
3110000	1	-0.467355629046761	-0.788436628374604	-0.467355629046761	1	0.351233548408639	-0.788436628374604	0.351233548408639	1
3120000	1	0.202481205318404	-0.588248413663461	0.202481205318404	1	-0.330751332576587	-0.588248413663461	-0.330751332576587	1
3130000	1	-0.135144564443642	-0.645566959307552	-0.135144564443642	1	-0.032821713690284	-0.645566959307552	-0.032821713690284	1
3140000	1	-0.238113952450277	-0.696180640637167	-0.238113952450277	1	0.0623000775610807	-0.696180640637167	0.0623000775610807	1
3150000	1	0.364226501888933	-0.654699440456315	0.364226501888933	1	-0.226055833096476	-0.654699440456316	-0.226055833096476	1
3160000	1	-0.269386237728087	-0.302927688674017	-0.269386237728087	1	0.0226491960370932	-0.302927688674017	0.0226491960370932	1
3170000	1	-0.105700509704029	-0.748044488603092	-0.105700509704029	1	-0.105848646291562	-0.748044488603092	-0.105848646291562	1
3180000	1	-0.325286505413911	-0.615869958229932	-0.325286505413911	1	0.247865371675956	-0.615869958229932	0.247865371675956	1
3190000	1	-0.261449316860831	-0.673881410604301	-0.261449316860831	1	0.0337113770407742	-0.673881410604301	0.0337113770407742	1
3200000	1	-0.29874659058448	-0.48611000499361	-0.29874659058448	1	0.0754489256000144	-0.48611000499361	0.0754489256000145	1
3210000	1	-0.288877259570924	-0.551449841346538	-0.288877259570924	1	0.151495016777568	-0.551449841346538	0.151495016777568	1
3220000	1	-0.230507489342434	-0.6814538697929	-0.230507489342434	1	0.0536549217523679	-0.6814538697929	0.0536549217523679	1
3230000	1	-0.069194077841798	-0.513243428412732	-0.069194077841798	1	0.153330959965658	-0.513243428412732	0.153330959965658	1
3240000	1	-0.0775390761963101	-0.423857644296023	-0.0775390761963101	1	0.0218040945779517	-0.423857644296023	0.0218040945779517	1
3250000	1	-0.193966978647229	-0.666935456111582	-0.193966978647229	1	0.136644815871479	-0.666935456111582	0.136644815871479	1
3260000	1	-0.095818336722907	-0.569684598684561	-0.095818336722907	1	0.257837482437498	-0.569684598684562	0.257837482437498	1
3270000	1	-0.422774930346769	-0.652469107072029	-0.422774930346769	1	0.284097250629677	-0.65246910707203	0.284097250629677	1
3280000	1	-0.358843325454076	-0.774528429008353	-0.358843325454076	1	0.178770119369281	-0.774528429008353	0.178770119369281	1
3290000	1	-0.233096874537069	-0.72165117584516	-0.233096874537069	1	0.181384844534675	-0.72165117584516	0.181384844534675	1
3300000	1	-0.00413690982370908	-0.605350494123952	-0.00413690982370907	1	0.202688973278024	-0.605350494123952	0.202688973278024	1
3310000	1	-0.322404341952161	-0.521687987246823	-0.322404341952161	1	0.0592493426372313	-0.521687987246822	0.0592493426372313	1
3320000	1	-0.380443980066847	-0.433482868739092	-0.380443980066847	1	0.179497044864634	-0.433482868739092	0.179497044864634	1
3330000	1	-0.0371459133519105	-0.619430045276241	-0.0371459133519105	1	-0.121362638564667	-0.619430045276241	-0.121362638564667	1
3340000	1	0.0282845175138937	-0.641218966935107	0.0282845175138937	1	-0.0843880399367848	-0.641218966935107	-0.0843880399367848	1
3350000	1	-0.242408096649293	-0.679246466345936	-0.242408096649293	1	-0.0453362782993379	-0.679246466345936	-0.0453362782993379	1
3360000	1	0.120087537637498	-0.57691532393389	0.120087537637498	1	-0.139487350324816	-0.57691532393389	-0.139487350324816	1
3370000	1	-0.369855732148275	-0.614442968676036	-0.369855732148275	1	0.536974855506295	-0.614442968676036	0.536974855506295	1
3380000	1	-0.272231838307121	-0.662629292546814	-0.272231838307121	1	0.0491417930975492	-0.662629292546814	0.0491417930975492	1
3390000	1	-0.408260507405009	-0.663102356724015	-0.408260507405009	1	0.311441860414172	-0.663102356724014	0.311441860414172	1
3400000	1	0.228863375890317	-0.31704640366621	0.228863375890317	1	0.0728950033959297	-0.31704640366621	0.0728950033959297	1
3410000	1	-0.161594064274894	-0.363959314252927	-0.161594064274894	1	0.363777395703544	-0.363959314252927	0.363777395703544	1
3420000	1	-0.300412920231725	-0.694367504450699	-0.300412920231725	1	0.339861087906244	-0.694367504450699	0.339861087906244	1
3430000	1	-0.018996043373951	-0.646251168937584	-0.018996043373951	1	-0.00143901602586505	-0.646251168937584	-0.00143901602586505	1
3440000	1	-0.322373495019281	-0.669378619956237	-0.322373495019281	1	0.257637560087744	-0.669378619956237	0.257637560087744	1
3450000	1	-0.107754987801611	-0.584547752239908	-0.107754987801611	1	0.026420415105388	-0.584547752239908	0.026420415105388	1
3460000	1	-0.441651318084605	-0.594769905372178	-0.441651318084605	1	0.280549425946917	-0.594769905372178	0.280549425946917	1
3470000	1	-0.389319258742542	-0.607077642650314	-0.389319258742542	1	0.171524630964446	-0.607077642650314	0.171524630964446	1
3480000	1	-0.33139738865405	-0.787700647724646	-0.33139738865405	1	0.255841859166301	-0.787700647724646	0.255841859166301	1
3490000	1	-0.327442020438512	-0.662904563625699	-0.327442020438512	1	0.0711273739308611	-0.662904563625699	0.071127373930861	1
3500000	1	-0.22610215502821	-0.719193332840947	-0.22610215502821	1	0.23412535108285	-0.719193332840947	0.23412535108285	1
3510000	1	-0.0265363657903238	-0.689710707215243	-0.0265363657903238	1	-0.0239905977216483	-0.689710707215243	-0.0239905977216483	1
3520000	1	-0.28021971399897	-0.730481172261227	-0.28021971399897	1	0.186143884947186	-0.730481172261227	0.186143884947186	1
3530000	1	-0.160055661651658	-0.634328994648933	-0.160055661651658	1	0.142377029638297	-0.634328994648933	0.142377029638297	1
3540000	1	0.0292563513690577	-0.786331712914795	0.0292563513690577	1	0.0509020007515472	-0.786331712914795	0.0509020007515472	1
3550000	1	-0.0178645336888681	-0.562568124762488	-0.0178645336888681	1	0.0297725779845361	-0.562568124762488	0.0297725779845361	1
3560000	1	-0.256523060472634	-0.504630560494745	-0.256523060472634	1	0.221415808367234	-0.504630560494745	0.221415808367234	1
3570000	1	-0.160700674891075	-0.767126871279567	-0.160700674891075	1	0.236079932974858	-0.767126871279568	0.236079932974858	1
3580000	1	-0.00726918979852649	-0.427993970806616	-0.00726918979852649	1	0.0598360304548519	-0.427993970806616	0.0598360304548519	1
3590000	1	0.055588067463611	-0.669437104563729	0.055588067463611	1	0.032995638010503	-0.669437104563729	0.032995638010503	1
3600000	1	-0.199949355052092	-0.493702431575456	-0.199949355052092	1	0.0156801937249608	-0.493702431575456	0.0156801937249608	1
3610000	1	-0.0460687875870121	-0.351971027245887	-0.0460687875870121	1	0.0454655357403735	-0.351971027245887	0.0454655357403735	1
3620000	1	-0.383193472617199	-0.563829586225342	-0.383193472617199	1	0.166961922654026	-0.563829586225342	0.166961922654026	1
3630000	1	-0.0955509411123966	-0.415767832548992	-0.0955509411123966	1	0.34826023310085	-0.415767832548992	0.34826023310085	1
3640000	1	-0.338019290733284	-0.559114079833665	-0.338019290733284	1	0.099910681411596	-0.559114079833665	0.099910681411596	1
3650000	1	-0.238634811252532	-0.597034087061518	-0.238634811252532	1	0.323782513450016	-0.597034087061518	0.323782513450016	1
3660000	1	-0.108624657290849	-0.687206950863089	-0.108624657290849	1	0.168059479660245	-0.687206950863089	0.168059479660245	1
3670000	1	-0.0534699121019629	-0.597835147418717	-0.0534699121019629	1	-0.0214288530467917	-0.597835147418717	-0.0214288530467917	1
3680000	1	-0.133639910081399	-0.54411408789787	-0.133639910081399	1	-0.029649969360898	-0.54411408789787	-0.029649969360898	1
3690000	1	-0.25287942216254	-0.610593646365379	-0.252879422162539	1	0.240101703045595	-0.610593646365379	0.240101703045595	1
3700000	1	-0.205784756811652	-0.644221865312339	-0.205784756811652	1	0.379340630318985	-0.64422186531234	0.379340630318985	1
3710000	1	-0.328144482432085	-0.652726280961933	-0.328144482432085	1	0.257591220396587	-0.652726280961933	0.257591220396587	1
3720000	1	-0.319603925498679	-0.56769999843083	-0.319603925498679	1	0.173581350018866	-0.56769999843083	0.173581350018866	1
3730000	1	-0.0454142873330177	-0.399349531725979	-0.0454142873330176	1	0.289781922282229	-0.399349531725979	0.289781922282229	1
3740000	1	-0.314776804132427	-0.729604843902018	-0.314776804132427	1	0.0845396839016776	-0.729604843902018	0.0845396839016776	1
3750000	1	0.30735683134109	-0.348711725629789	0.30735683134109	1	-0.0733214372479509	-0.348711725629789	-0.0733214372479508	1
3760000	1	-0.219044500552461	-0.62275181344278	-0.21904450055246	1	0.0500772120982596	-0.62275181344278	0.0500772120982596	1
3770000	1	-0.187449528092758	-0.57073942563	-0.187449528092758	1	0.102508427028589	-0.57073942563	0.10250842702859	1
3780000	1	-0.332141350491688	-0.517617118709674	-0.332141350491688	1	0.0666541213221452	-0.517617118709674	0.0666541213221452	1
3790000	1	0.0392541362695689	-0.631426241864577	0.0392541362695689	1	0.113030491032441	-0.631426241864577	0.113030491032441	1
3800000	1	-0.374595168363732	-0.758021066823084	-0.374595168363732	1	0.0271992411179628	-0.758021066823084	0.0271992411179628	1
3810000	1	-0.379257411573335	-0.611197918692629	-0.379257411573335	1	0.0169916399886868	-0.611197918692629	0.0169916399886868	1
3820000	1	-0.0324491257998938	-0.618810571581229	-0.0324491257998938	1	-0.0116993763077584	-0.618810571581228	-0.0116993763077584	1
3830000	1	-0.301599361181297	-0.715228619344962	-0.301599361181297	1	-0.0300293765330125	-0.715228619344962	-0.0300293765330125	1
3840000	1	-0.394778889773216	-0.671753177134457	-0.394778889773216	1	0.154465342055723	-0.671753177134457	0.154465342055723	1
3850000	1	-0.0399243481009914	-0.313108585398126	-0.0399243481009914	1	-0.255332661569293	-0.313108585398126	-0.255332661569293	1
3860000	1	-0.170616150821481	-0.630158419691923	-0.170616150821481	1	0.142004930823664	-0.630158419691923	0.142004930823664	1
3870000	1	0.0750198853247828	-0.44415412846591	0.0750198853247828	1	0.0267263724269989	-0.44415412846591	0.0267263724269989	1
3880000	1	0.117255854734069	-0.53290650048986	0.117255854734069	1	0.1405342140178	-0.53290650048986	0.1405342140178	1
3890000	1	-0.244924134767584	-0.481309517941823	-0.244924134767584	1	0.0744069322799287	-0.481309517941823	0.0744069322799287	1
3900000	1	-0.312501926794862	-0.651876454995182	-0.312501926794862	1	0.307546694471677	-0.651876454995182	0.307546694471677	1
3910000	1	0.24527235841954	-0.422501656473489	0.24527235841954	1	-0.0526446334760562	-0.422501656473489	-0.0526446334760562	1
3920000	1	0.0175356628460879	-0.488164023832816	0.0175356628460879	1	0.068259439089117	-0.488164023832816	0.068259439089117	1
3930000	1	-0.0355173751655904	-0.654440374220921	-0.0355173751655904	1	0.238452077883181	-0.654440374220921	0.238452077883181	1
3940000	1	-0.0415925310880243	-0.660019137459885	-0.0415925310880243	1	0.0720407750175395	-0.660019137459885	0.0720407750175395	1
3950000	1	-0.224014781333844	-0.54382802976723	-0.224014781333844	1	0.28054956790179	-0.54382802976723	0.28054956790179	1
3960000	1	-0.306832788025995	-0.493219903681	-0.306832788025995	1	0.160054279629966	-0.493219903681	0.160054279629966	1
3970000	1	0.00477225108855457	-0.570203301881514	0.00477225108855456	1	0.136294871263081	-0.570203301881514	0.136294871263081	1
3980000	1	-0.0651735773306379	-0.584481457118261	-0.0651735773306379	1	0.0730283146837061	-0.584481457118261	0.0730283146837061	1
3990000	1	-0.0713310596483804	-0.620152490172341	-0.0713310596483804	1	0.14472840350102	-0.620152490172341	0.14472840350102	1
4e+06	1	-0.10764179708401	-0.638158359586958	-0.10764179708401	1	0.327984536816223	-0.638158359586958	0.327984536816223	1
4010000	1	-0.283955004531059	-0.620511608123609	-0.283955004531059	1	0.106645287284179	-0.620511608123609	0.106645287284179	1
4020000	1	-0.316358703651932	-0.66356456104357	-0.316358703651932	1	0.222890979480658	-0.66356456104357	0.222890979480658	1
4030000	1	0.0175369003551518	-0.735980890405189	0.0175369003551518	1	-0.155674096697014	-0.735980890405189	-0.155674096697014	1
4040000	1	-0.346102786273099	-0.666146580226366	-0.346102786273099	1	0.201483751374098	-0.666146580226367	0.201483751374098	1
4050000	1	-0.346780990082271	-0.679297159685629	-0.346780990082271	1	0.191422646807951	-0.679297159685629	0.191422646807951	1
4060000	1	-0.0689742993074102	-0.559144799353054	-0.0689742993074102	1	0.111910518100508	-0.559144799353054	0.111910518100508	1
4070000	1	-0.0778226173678234	-0.622888346265796	-0.0778226173678234	1	-0.06336612446388	-0.622888346265796	-0.06336612446388	1
4080000	1	0.0092912540200482	-0.539953350102358	0.00929125402004822	1	0.227314783450908	-0.539953350102358	0.227314783450908	1
4090000	1	-0.396267915171759	-0.764067190804644	-0.396267915171759	1	0.308592141325999	-0.764067190804644	0.308592141325999	1
4100000	1	-0.123821295974002	-0.628807930991155	-0.123821295974002	1	0.0603657981839031	-0.628807930991155	0.0603657981839031	1
4110000	1	-0.0974570409888857	-0.330754184833602	-0.0974570409888857	1	-0.065161347200354	-0.330754184833602	-0.065161347200354	1
4120000	1	-0.134152879861798	-0.603477649418104	-0.134152879861798	1	0.263544016551082	-0.603477649418104	0.263544016551082	1
4130000	1	-0.0846427861024273	-0.610991898289394	-0.0846427861024273	1	0.170363207606431	-0.610991898289395	0.170363207606431	1
4140000	1	-0.0868718072361233	-0.544107427498995	-0.0868718072361233	1	0.278182427031109	-0.544107427498995	0.278182427031109	1
4150000	1	-0.12630382012466	-0.629926631749574	-0.12630382012466	1	0.264170414756874	-0.629926631749574	0.264170414756874	1
4160000	1	-0.317734059953562	-0.794074915636996	-0.317734059953563	1	0.182546058532268	-0.794074915636996	0.182546058532268	1
4170000	1	-0.28102230193142	-0.695260316097461	-0.28102230193142	1	0.0973067046600986	-0.695260316097461	0.0973067046600986	1
4180000	1	-0.142433538568729	-0.588505361407759	-0.142433538568729	1	0.173549087631402	-0.588505361407759	0.173549087631402	1
4190000	1	-0.199975442259844	-0.587104422124392	-0.199975442259844	1	0.127374945386346	-0.587104422124392	0.127374945386346	1
4200000	1	-0.19086901426015	-0.636332193932153	-0.19086901426015	1	0.01384584039066	-0.636332193932153	0.01384584039066	1
4210000	1	-0.284529695713366	-0.509487303132931	-0.284529695713366	1	0.116254646966092	-0.509487303132931	0.116254646966092	1
4220000	1	0.245388053042897	-0.627959185095541	0.245388053042897	1	-0.00957246426103228	-0.627959185095541	-0.00957246426103232	1
4230000	1	-0.466362163792145	-0.485926218918507	-0.466362163792145	1	0.145248654913524	-0.485926218918507	0.145248654913524	1
4240000	1	-0.162531108656793	-0.693891581232129	-0.162531108656793	1	0.160690954780393	-0.693891581232129	0.160690954780393	1
4250000	1	-0.0739237053117442	-0.38772206125208	-0.0739237053117442	1	0.235015915093592	-0.38772206125208	0.235015915093592	1
4260000	1	-0.0969386690923854	-0.583762399491554	-0.0969386690923854	1	0.136635084170718	-0.583762399491555	0.136635084170718	1
4270000	1	0.0547282963378865	-0.433761690583684	0.0547282963378865	1	0.149439369176463	-0.433761690583684	0.149439369176463	1
4280000	1	-0.0815912192972691	-0.556565977640295	-0.0815912192972691	1	-0.0278307051180306	-0.556565977640295	-0.0278307051180306	1
4290000	1	0.197892627012379	-0.426038468344051	0.197892627012379	1	0.0321236859656531	-0.426038468344051	0.0321236859656531	1
4300000	1	-0.049786597719108	-0.58975476826014	-0.049786597719108	1	0.469956618252732	-0.58975476826014	0.469956618252732	1
4310000	1	0.0168590456294449	-0.557514719266957	0.0168590456294449	1	0.170514673275152	-0.557514719266957	0.170514673275152	1
4320000	1	-0.468277382909771	-0.382043020490148	-0.468277382909771	1	0.0749772221491132	-0.382043020490148	0.0749772221491132	1
4330000	1	-0.11471204768051	-0.752493977155522	-0.11471204768051	1	0.137753432928146	-0.752493977155522	0.137753432928146	1
4340000	1	-0.0493326967848569	-0.278728447218786	-0.0493326967848569	1	0.213154945762091	-0.278728447218786	0.213154945762091	1
4350000	1	0.0967690491830553	-0.491689551007578	0.0967690491830553	1	0.391290897427367	-0.491689551007578	0.391290897427367	1
4360000	1	-0.195962565531468	-0.610917883499769	-0.195962565531468	1	0.0390094673143659	-0.610917883499769	0.0390094673143659	1
4370000	1	-0.138592447904789	-0.562034095391965	-0.138592447904789	1	0.0991060167346513	-0.562034095391965	0.0991060167346513	1
4380000	1	0.0644381965263629	-0.807084856238444	0.064438196526363	1	-0.121351681467741	-0.807084856238444	-0.121351681467741	1
4390000	1	-0.213391545839483	-0.751297780994089	-0.213391545839483	1	0.251297924833881	-0.751297780994089	0.251297924833881	1
4400000	1	-0.246409211994669	-0.524332428063274	-0.246409211994669	1	0.135785779655124	-0.524332428063274	0.135785779655124	1
4410000	1	-0.333857741915202	-0.828048569423576	-0.333857741915202	1	0.276003198258509	-0.828048569423576	0.276003198258509	1
4420000	1	-0.020958975559002	-0.521841491464104	-0.020958975559002	1	-0.014592191532104	-0.521841491464104	-0.014592191532104	1
4430000	1	-0.0871796446696172	-0.463319692399228	-0.0871796446696172	1	0.148472610885508	-0.463319692399228	0.148472610885508	1
4440000	1	0.115829557751746	-0.37560333699787	0.115829557751746	1	-0.134104464740361	-0.37560333699787	-0.134104464740361	1
4450000	1	-0.530275298720822	-0.579900170768408	-0.530275298720822	1	0.188193326488045	-0.579900170768408	0.188193326488045	1
4460000	1	-0.196959157978442	-0.443013687615974	-0.196959157978442	1	0.0894749736205331	-0.443013687615974	0.0894749736205331	1
4470000	1	0.00792844189552358	-0.549715904961639	0.00792844189552357	1	0.212123504604936	-0.549715904961639	0.212123504604936	1
4480000	1	-0.253751271674391	-0.396493670644988	-0.253751271674391	1	-0.00198413360522018	-0.396493670644988	-0.00198413360522017	1
4490000	1	0.0507150452247967	-0.641307391714973	0.0507150452247967	1	0.102390941506845	-0.641307391714973	0.102390941506845	1
4500000	1	-0.451778495496336	-0.687609493183693	-0.451778495496336	1	0.328438404867187	-0.687609493183693	0.328438404867187	1
4510000	1	-0.04085975828287	-0.78773374038929	-0.04085975828287	1	0.0898268149666423	-0.78773374038929	0.0898268149666423	1
4520000	1	-0.259520082934912	-0.403554318894549	-0.259520082934912	1	0.0507240417760542	-0.403554318894549	0.0507240417760542	1
4530000	1	-0.245764608081736	-0.533981231741845	-0.245764608081736	1	0.288837768307895	-0.533981231741845	0.288837768307895	1
4540000	1	-0.204592885121517	-0.705804426525262	-0.204592885121517	1	0.0794578873651228	-0.705804426525262	0.0794578873651228	1
4550000	1	-0.261531818124696	-0.640088520529705	-0.261531818124696	1	0.244330219658701	-0.640088520529705	0.244330219658701	1
4560000	1	-0.257664182202255	-0.619907200728613	-0.257664182202255	1	0.179789542736899	-0.619907200728613	0.179789542736899	1
4570000	1	-0.18287455691101	-0.699219919988799	-0.18287455691101	1	0.126053390362305	-0.699219919988799	0.126053390362305	1
4580000	1	-0.185966970280058	-0.709420821787846	-0.185966970280058	1	0.377634876786344	-0.709420821787846	0.377634876786344	1
4590000	1	0.00666144903003708	-0.606822164950386	0.00666144903003708	1	0.155092020969455	-0.606822164950386	0.155092020969455	1
4600000	1	-0.495538026685649	-0.510420062040251	-0.495538026685649	1	0.0803697135619102	-0.510420062040251	0.0803697135619102	1
4610000	1	-0.318434986914413	-0.628118838748964	-0.318434986914413	1	0.0322831274268796	-0.628118838748964	0.0322831274268796	1
4620000	1	-0.263184134422092	-0.760590046527397	-0.263184134422092	1	0.164873205930568	-0.760590046527397	0.164873205930568	1
4630000	1	-0.0448817487431156	-0.506046381440651	-0.0448817487431156	1	0.150202677060884	-0.506046381440651	0.150202677060884	1
4640000	1	-0.0608707563783433	-0.69379093681468	-0.0608707563783433	1	0.206428531995814	-0.69379093681468	0.206428531995814	1
4650000	1	-0.201117957723361	-0.606202660943668	-0.201117957723361	1	0.199803493564559	-0.606202660943668	0.199803493564559	1
4660000	1	-0.120128857022781	-0.379174800750807	-0.12012885702278	1	-0.0337375052299703	-0.379174800750807	-0.0337375052299703	1
4670000	1	-0.364318874926894	-0.568719924592434	-0.364318874926894	1	0.22376768539134	-0.568719924592434	0.22376768539134	1
4680000	1	-0.26946545822354	-0.584967472188767	-0.26946545822354	1	0.0230407668838699	-0.584967472188767	0.0230407668838698	1
4690000	1	-0.271787425435457	-0.612859382250422	-0.271787425435457	1	0.10343202860922	-0.612859382250422	0.10343202860922	1
4700000	1	-0.291966846565451	-0.676637972697139	-0.291966846565451	1	0.103371836224342	-0.67663797269714	0.103371836224342	1
4710000	1	-0.182365809451813	-0.677568656789395	-0.182365809451813	1	0.0593151018018816	-0.677568656789395	0.0593151018018816	1
4720000	1	-0.068368923093973	-0.488741711471896	-0.0683689230939731	1	0.311949794677444	-0.488741711471896	0.311949794677444	1
4730000	1	-0.0781634866980876	-0.80318994910996	-0.0781634866980876	1	0.0311753894656364	-0.80318994910996	0.0311753894656364	1
4740000	1	-0.190299331408493	-0.545236565981692	-0.190299331408493	1	-0.189450039154226	-0.545236565981692	-0.189450039154226	1
4750000	1	0.273060156371988	-0.662617702063052	0.273060156371988	1	-0.0591968958243014	-0.662617702063052	-0.0591968958243014	1
4760000	1	0.0434833257410381	-0.632727860093231	0.0434833257410381	1	0.110579650772372	-0.632727860093231	0.110579650772372	1
4770000	1	-0.220042331438269	-0.63968446474317	-0.220042331438269	1	0.236925112169827	-0.63968446474317	0.236925112169827	1
4780000	1	-0.302672437031724	-0.658568101554498	-0.302672437031725	1	0.12429220501119	-0.658568101554498	0.12429220501119	1
4790000	1	0.0642165575178364	-0.6629587326718	0.0642165575178364	1	0.227344201766177	-0.6629587326718	0.227344201766177	1
4800000	1	-0.0914081601818044	-0.436348226898572	-0.0914081601818044	1	0.0722333934211167	-0.436348226898572	0.0722333934211167	1
4810000	1	-0.262692907668324	-0.579138433996598	-0.262692907668324	1	-0.000331833039182131	-0.579138433996598	-0.000331833039182128	1
4820000	1	0.0520312675094607	-0.692522840437216	0.0520312675094607	1	0.0575480436547344	-0.692522840437216	0.0575480436547344	1
4830000	1	-0.0788075317150407	-0.557190149119544	-0.0788075317150406	1	0.0678150050304778	-0.557190149119544	0.0678150050304779	1
4840000	1	-0.0320881878853842	-0.524140020042253	-0.0320881878853842	1	0.229570899362402	-0.524140020042253	0.229570899362402	1
4850000	1	-0.0413966720921934	-0.79507033760427	-0.0413966720921934	1	0.10831930828781	-0.79507033760427	0.10831930828781	1
4860000	1	-0.442922953258398	-0.444307019191128	-0.442922953258398	1	0.209760281286085	-0.444307019191128	0.209760281286085	1
4870000	1	-0.190717775148439	-0.74772865325885	-0.190717775148439	1	0.11248404199298	-0.74772865325885	0.11248404199298	1
4880000	1	-0.129294030263068	-0.748555219833168	-0.129294030263068	1	0.0695267829034393	-0.748555219833168	0.0695267829034393	1
4890000	1	-0.302625565509179	-0.71552111963419	-0.302625565509179	1	0.215036150495781	-0.71552111963419	0.215036150495781	1
4900000	1	-0.22614130783855	-0.528022223230855	-0.22614130783855	1	0.23343844446821	-0.528022223230855	0.23343844446821	1
4910000	1	-0.489239805438787	-0.348924706404888	-0.489239805438787	1	0.066698611646331	-0.348924706404888	0.066698611646331	1
4920000	1	0.243012695653858	-0.299832999815223	0.243012695653858	1	-0.0187382313360927	-0.299832999815223	-0.0187382313360927	1
4930000	1	-0.00202697346486721	-0.519547029078371	-0.00202697346486721	1	0.0298428400312896	-0.519547029078371	0.0298428400312896	1
4940000	1	0.0598340957694522	-0.703139478740494	0.0598340957694522	1	0.0786234625561199	-0.703139478740494	0.0786234625561199	1
4950000	1	-0.270250096264754	-0.721933543132587	-0.270250096264754	1	0.270849747653738	-0.721933543132587	0.270849747653738	1
4960000	1	-0.285870430586274	-0.473962281708302	-0.285870430586274	1	0.100620367101345	-0.473962281708302	0.100620367101345	1
4970000	1	-0.200141535249593	-0.658095256929911	-0.200141535249593	1	0.0749069971160816	-0.658095256929911	0.0749069971160816	1
4980000	1	-0.255364257649573	-0.642157360775184	-0.255364257649573	1	0.291311999204942	-0.642157360775184	0.291311999204942	1
4990000	1	-0.148420425069406	-0.604745014166892	-0.148420425069406	1	0.231845957301939	-0.604745014166892	0.231845957301939	1
5e+06	1	-0.220541835738437	-0.447012317002669	-0.220541835738438	1	0.349660161604751	-0.447012317002669	0.349660161604751	1
5010000	1	-0.326994955203036	-0.525073291425591	-0.326994955203036	1	0.16021164678262	-0.525073291425591	0.16021164678262	1
5020000	1	-0.0468149482004499	-0.559356377890342	-0.0468149482004499	1	0.252755976412262	-0.559356377890342	0.252755976412262	1
5030000	1	-0.286180442770777	-0.613231773253722	-0.286180442770777	1	0.271519746267916	-0.613231773253721	0.271519746267916	1
5040000	1	-0.229439445445234	-0.647820159063079	-0.229439445445235	1	0.190530477431112	-0.647820159063079	0.190530477431112	1
5050000	1	0.0669018677334678	-0.633267508497823	0.0669018677334678	1	0.0836707602864895	-0.633267508497823	0.0836707602864895	1
5060000	1	-0.201567721643402	-0.657383617277534	-0.201567721643402	1	0.135066373346003	-0.657383617277534	0.135066373346003	1
5070000	1	0.0097312555454407	-0.726102255924932	0.00973125554544067	1	-0.133120326152653	-0.726102255924932	-0.133120326152653	1
5080000	1	0.0566144629930263	-0.549466719536193	0.0566144629930263	1	-0.0842458484106376	-0.549466719536193	-0.0842458484106376	1
5090000	1	-0.0985220993747866	-0.330596217262063	-0.0985220993747867	1	0.195813268458478	-0.330596217262063	0.195813268458478	1
5100000	1	-0.0356634842895522	-0.564066066273658	-0.0356634842895523	1	0.283585034456487	-0.564066066273658	0.283585034456487	1
5110000	1	0.12659713067221	-0.385854343242578	0.12659713067221	1	0.081528562170189	-0.385854343242578	0.081528562170189	1
5120000	1	-0.0973978107546219	-0.73195128119558	-0.097397810754622	1	0.0730081418469611	-0.73195128119558	0.0730081418469611	1
5130000	1	-0.167609263729237	-0.610777125489258	-0.167609263729237	1	0.315013438209954	-0.610777125489258	0.315013438209954	1
5140000	1	-0.413264883459834	-0.454964576023335	-0.413264883459834	1	0.174896930374747	-0.454964576023335	0.174896930374747	1
5150000	1	-0.0634638916685574	-0.623753448091056	-0.0634638916685574	1	0.0107832713267816	-0.623753448091056	0.0107832713267816	1
5160000	1	-0.177061793600509	-0.593894622545701	-0.177061793600509	1	0.213884164265215	-0.593894622545701	0.213884164265215	1
5170000	1	-0.489838924231797	-0.670760607534688	-0.489838924231797	1	0.288060190510666	-0.670760607534688	0.288060190510666	1
5180000	1	-0.281353210770455	-0.606963799237266	-0.281353210770455	1	0.159656778298581	-0.606963799237267	0.159656778298581	1
5190000	1	-0.0299440793428064	-0.685781334809064	-0.0299440793428064	1	0.00764033505368467	-0.685781334809064	0.00764033505368466	1
5200000	1	-0.0979467056337036	-0.690166012439767	-0.0979467056337037	1	0.0411965907395277	-0.690166012439767	0.0411965907395277	1
5210000	1	0.157703836481684	-0.505692252387817	0.157703836481684	1	0.0188605758309367	-0.505692252387817	0.0188605758309367	1
5220000	1	-0.191402860444491	-0.757421321190036	-0.191402860444491	1	-0.097505419498023	-0.757421321190036	-0.097505419498023	1
5230000	1	-0.388534343692171	-0.593633677221906	-0.388534343692171	1	0.229235149281375	-0.593633677221906	0.229235149281375	1
5240000	1	-0.128384146978593	-0.483108493244622	-0.128384146978593	1	0.22780305509491	-0.483108493244622	0.22780305509491	1
5250000	1	-0.230440749583293	-0.740858566206867	-0.230440749583293	1	0.331899836070512	-0.740858566206867	0.331899836070512	1
5260000	1	0.0807110617852052	-0.586267258423488	0.0807110617852052	1	-0.0466186675204204	-0.586267258423488	-0.0466186675204204	1
5270000	1	0.00056077472241075	-0.653849396399603	0.000560774722410737	1	0.17328674291274	-0.653849396399603	0.17328674291274	1
5280000	1	-0.0749507480987761	-0.590542367096588	-0.0749507480987761	1	0.180243616137914	-0.590542367096588	0.180243616137914	1
5290000	1	-0.303482805875731	-0.630486308488691	-0.303482805875731	1	0.398304749593887	-0.630486308488691	0.398304749593887	1
5300000	1	-0.290380721887526	-0.565645047916087	-0.290380721887526	1	0.0214649961260361	-0.565645047916087	0.0214649961260361	1
5310000	1	-0.0639766578150678	-0.636384202514095	-0.0639766578150678	1	0.0018980856880057	-0.636384202514095	0.0018980856880057	1
5320000	1	-0.125375738502938	-0.492479201867039	-0.125375738502938	1	0.11645781946833	-0.492479201867039	0.11645781946833	1
5330000	1	-0.255396241051645	-0.596742723797202	-0.255396241051645	1	0.185825143267872	-0.596742723797202	0.185825143267872	1
5340000	1	-0.394452927292789	-0.650299758015478	-0.394452927292789	1	0.280726218330548	-0.650299758015478	0.280726218330548	1
5350000	1	-0.193418907262105	-0.823560364070119	-0.193418907262105	1	0.192621773030311	-0.823560364070119	0.192621773030311	1
5360000	1	-0.267261792630519	-0.53723664289336	-0.267261792630519	1	0.00942857357622364	-0.53723664289336	0.00942857357622364	1
5370000	1	-0.0365522780297781	-0.476657117151087	-0.036552278029778	1	0.216537185437109	-0.476657117151087	0.216537185437109	1
5380000	1	-0.00654422462276188	-0.829479723089102	-0.00654422462276184	1	-0.105624931305235	-0.829479723089102	-0.105624931305235	1
5390000	1	-0.186499655268727	-0.553017764641596	-0.186499655268728	1	0.281536715990713	-0.553017764641596	0.281536715990713	1
5400000	1	0.00864815956383906	-0.545284248250541	0.00864815956383904	1	0.162576373415045	-0.545284248250541	0.162576373415045	1
5410000	1	-0.209171521972285	-0.573070616534056	-0.209171521972285	1	0.0960836885546181	-0.573070616534056	0.096083688554618	1
5420000	1	-0.179312181453199	-0.371375719918796	-0.179312181453199	1	0.242296134610428	-0.371375719918796	0.242296134610428	1
5430000	1	-0.294714782458826	-0.64428206684689	-0.294714782458826	1	-0.0894212005835442	-0.64428206684689	-0.0894212005835442	1
5440000	1	-0.0276896043037614	-0.429715166103486	-0.0276896043037614	1	-0.128989267576314	-0.429715166103486	-0.128989267576314	1
5450000	1	0.221845061700482	-0.346052892730564	0.221845061700482	1	0.0584444716983009	-0.346052892730564	0.0584444716983009	1
5460000	1	-0.00695952484207055	-0.488612785273925	-0.00695952484207054	1	0.0855800925952072	-0.488612785273924	0.0855800925952072	1
5470000	1	-0.200127169153646	-0.492608387018506	-0.200127169153646	1	0.127023052506143	-0.492608387018506	0.127023052506143	1
5480000	1	-0.52090810595786	-0.642770708907221	-0.52090810595786	1	0.312964991267885	-0.642770708907221	0.312964991267885	1
5490000	1	0.114307344564916	-0.557740408061024	0.114307344564916	1	0.124821548943693	-0.557740408061024	0.124821548943693	1
5500000	1	-0.0490913502056982	-0.666502369733619	-0.0490913502056981	1	0.172971021705076	-0.666502369733619	0.172971021705076	1
5510000	1	-0.432890145332192	-0.751097820319161	-0.432890145332192	1	0.238084845357211	-0.751097820319161	0.238084845357211	1
5520000	1	-0.260316631148879	-0.525166080743868	-0.260316631148879	1	0.0639798806391965	-0.525166080743868	0.0639798806391965	1
5530000	1	-0.0460094249452594	-0.621217888474148	-0.0460094249452593	1	0.211908911384371	-0.621217888474148	0.211908911384372	1
5540000	1	0.324011558563138	-0.725578872874761	0.324011558563138	1	-0.0872598833854241	-0.725578872874761	-0.0872598833854242	1
5550000	1	-0.331130278900676	-0.645527025894537	-0.331130278900676	1	0.189861919374297	-0.645527025894537	0.189861919374297	1
5560000	1	0.195245383395436	-0.579347351704684	0.195245383395436	1	-0.0134071881913869	-0.579347351704684	-0.0134071881913869	1
5570000	1	0.0443996210980478	-0.634829106432928	0.0443996210980478	1	-0.0376478829210767	-0.634829106432928	-0.0376478829210767	1
5580000	1	0.169142142848408	-0.568532545742115	0.169142142848408	1	0.216414162424787	-0.568532545742115	0.216414162424787	1
5590000	1	-0.117420442165938	-0.66220591956237	-0.117420442165938	1	0.126098651952341	-0.66220591956237	0.126098651952341	1
5600000	1	-0.219567642709898	-0.59598065783274	-0.219567642709898	1	0.194274866551494	-0.59598065783274	0.194274866551493	1
5610000	1	-0.0224232564621193	-0.561996172035596	-0.0224232564621193	1	0.036966130976937	-0.561996172035596	0.036966130976937	1
5620000	1	0.0302956715385279	-0.340377341862108	0.0302956715385279	1	0.229300241609845	-0.340377341862108	0.229300241609845	1
5630000	1	0.194133686622461	-0.525397361080313	0.194133686622461	1	-9.65448263740133e-05	-0.525397361080313	-9.65448263740238e-05	1
5640000	1	-0.491206519019785	-0.458027977284003	-0.491206519019785	1	0.0295352973641127	-0.458027977284003	0.0295352973641127	1
5650000	1	-0.252221467355896	-0.737606297287118	-0.252221467355896	1	0.164942081498683	-0.737606297287118	0.164942081498683	1
5660000	1	-0.0836797920869312	-0.207016240296352	-0.0836797920869312	1	0.113943966066713	-0.207016240296352	0.113943966066713	1
5670000	1	0.0599362080339466	-0.691202171075796	0.0599362080339466	1	-0.043029899767278	-0.691202171075797	-0.043029899767278	1
5680000	1	-0.1587216958176	-0.663700410572663	-0.1587216958176	1	0.192453552470458	-0.663700410572663	0.192453552470458	1
5690000	1	-0.44810293828895	-0.636621909695329	-0.44810293828895	1	0.321263768611359	-0.636621909695329	0.321263768611359	1
5700000	1	-0.29801901395464	-0.630602061852109	-0.298019013954641	1	0.107145817685481	-0.630602061852109	0.107145817685481	1
5710000	1	-0.220570157362081	-0.628960024091826	-0.220570157362081	1	0.0598426712680594	-0.628960024091826	0.0598426712680594	1
5720000	1	-0.215581524307125	-0.543355935048064	-0.215581524307125	1	0.163807032237337	-0.543355935048064	0.163807032237337	1
5730000	1	-0.167160154555752	-0.475620396499662	-0.167160154555752	1	0.0136258981317131	-0.475620396499662	0.0136258981317131	1
5740000	1	-0.192076406958543	-0.716191013211074	-0.192076406958543	1	0.129521691666165	-0.716191013211074	0.129521691666165	1
5750000	1	-0.297230500206125	-0.565723484473594	-0.297230500206125	1	0.110920082819689	-0.565723484473594	0.110920082819689	1
5760000	1	-0.101016483932969	-0.720900723548356	-0.101016483932969	1	0.166375141417842	-0.720900723548356	0.166375141417842	1
5770000	1	-0.0966808610155261	-0.458123574843083	-0.0966808610155261	1	0.3055918059399	-0.458123574843083	0.3055918059399	1
5780000	1	-0.283452026144028	-0.717777092274844	-0.283452026144028	1	0.264698817526839	-0.717777092274844	0.264698817526839	1
5790000	1	-0.105240634990577	-0.651262261248925	-0.105240634990577	1	0.178240607610195	-0.651262261248925	0.178240607610195	1
5800000	1	-0.148182630278498	-0.776997631164228	-0.148182630278498	1	0.16079078757793	-0.776997631164228	0.16079078757793	1
5810000	1	-0.222731706525912	-0.457535327505994	-0.222731706525912	1	0.086369013161942	-0.457535327505994	0.086369013161942	1
5820000	1	0.0339327985753629	-0.654052487948287	0.0339327985753629	1	0.106501435343123	-0.654052487948287	0.106501435343123	1
5830000	1	-0.17638131022418	-0.727707337837194	-0.17638131022418	1	0.0804728775091597	-0.727707337837194	0.0804728775091597	1
5840000	1	0.113037496961167	-0.324661570542478	0.113037496961167	1	0.274636557905519	-0.324661570542478	0.274636557905519	1
5850000	1	0.0977712240989659	-0.352408608621903	0.0977712240989659	1	-0.117361350351192	-0.352408608621903	-0.117361350351192	1
5860000	1	0.0536450605926574	-0.71978011720842	0.0536450605926574	1	-0.0581453866339418	-0.71978011720842	-0.0581453866339418	1
5870000	1	-0.34364394121738	-0.602575230715516	-0.34364394121738	1	0.17936609121572	-0.602575230715516	0.17936609121572	1
5880000	1	0.0217919591125906	-0.496620654009293	0.0217919591125906	1	0.127860755262847	-0.496620654009293	0.127860755262847	1
5890000	1	-0.247719371016264	-0.664091317417346	-0.247719371016264	1	0.117673203464244	-0.664091317417346	0.117673203464244	1
5900000	1	-0.213524934783374	-0.681299512813022	-0.213524934783374	1	0.219564758223168	-0.681299512813022	0.219564758223168	1
5910000	1	-0.265710546987226	-0.380544037112367	-0.265710546987226	1	0.0163407910996837	-0.380544037112367	0.0163407910996837	1
5920000	1	-0.426406577098904	-0.689735693575236	-0.426406577098904	1	0.222707687586427	-0.689735693575236	0.222707687586427	1
5930000	1	-0.0145754740386937	-0.701871384756322	-0.0145754740386937	1	0.0370896762611075	-0.701871384756322	0.0370896762611075	1
5940000	1	-0.244354033350491	-0.712752577292054	-0.244354033350491	1	0.20517996259174	-0.712752577292054	0.20517996259174	1
5950000	1	-0.199056194159124	-0.534317846874429	-0.199056194159124	1	0.113368079216368	-0.534317846874429	0.113368079216368	1
5960000	1	-0.101346846422633	-0.527471316683196	-0.101346846422633	1	-0.0284397719904549	-0.527471316683196	-0.0284397719904549	1
5970000	1	-0.342612779510783	-0.757866314646265	-0.342612779510783	1	0.107991958050182	-0.757866314646265	0.107991958050182	1
5980000	1	-0.432336164824716	-0.499217968119567	-0.432336164824716	1	0.00763297837583701	-0.499217968119567	0.00763297837583698	1
5990000	1	0.00294791077992485	-0.651743553413957	0.00294791077992485	1	0.126227046480656	-0.651743553413957	0.126227046480656	1
6e+06	1	0.0578961176711938	-0.59999161745285	0.0578961176711938	1	0.0730354274365204	-0.59999161745285	0.0730354274365204	1
6010000	1	-0.148940309949425	-0.447113448236186	-0.148940309949425	1	0.222988785444774	-0.447113448236186	0.222988785444774	1
6020000	1	-0.170376324629372	-0.642084222205533	-0.170376324629372	1	0.295984742670336	-0.642084222205533	0.295984742670336	1
6030000	1	-0.398850378274333	-0.663861135502957	-0.398850378274333	1	0.191933667948044	-0.663861135502957	0.191933667948044	1
6040000	1	-0.170599158934366	-0.527418434577731	-0.170599158934366	1	0.290709173039313	-0.527418434577731	0.290709173039313	1
6050000	1	0.0529074072872245	-0.680530404049805	0.0529074072872245	1	0.116254932739906	-0.680530404049805	0.116254932739906	1
6060000	1	-0.0436469084950436	-0.574160483821002	-0.0436469084950436	1	0.0960480714923699	-0.574160483821002	0.0960480714923699	1
6070000	1	-0.290954859926685	-0.634906701700764	-0.290954859926685	1	-0.00481838786590599	-0.634906701700764	-0.00481838786590595	1
6080000	1	-0.328902837348686	-0.541998734988264	-0.328902837348686	1	0.260943865621959	-0.541998734988264	0.260943865621959	1
6090000	1	-0.276315275527817	-0.513870439916793	-0.276315275527817	1	-0.115546679247683	-0.513870439916793	-0.115546679247683	1
6100000	1	0.0895848092977795	-0.667271483124158	0.0895848092977795	1	0.154845383164388	-0.667271483124158	0.154845383164389	1
6110000	1	-0.176422028786996	-0.682805348838934	-0.176422028786996	1	-0.0696220745621028	-0.682805348838934	-0.0696220745621028	1
6120000	1	-0.179406118284906	-0.633445215101185	-0.179406118284906	1	-0.0118043083817001	-0.633445215101185	-0.0118043083817001	1
6130000	1	0.217717994822305	-0.498193801024015	0.217717994822305	1	-0.0666906789946321	-0.498193801024015	-0.0666906789946321	1
6140000	1	-0.163272749334423	-0.605804627781333	-0.163272749334423	1	-0.0730550315754631	-0.605804627781333	-0.0730550315754632	1
6150000	1	-0.344650357212876	-0.667959457869634	-0.344650357212876	1	0.371831758785238	-0.667959457869634	0.371831758785238	1
6160000	1	-0.299654087769325	-0.673876039200291	-0.299654087769325	1	0.292593807324124	-0.673876039200291	0.292593807324124	1
6170000	1	0.00653089754322635	-0.698190805232561	0.00653089754322634	1	0.00690818086474938	-0.698190805232561	0.00690818086474938	1
6180000	1	-0.0405825279515473	-0.668826102536101	-0.0405825279515473	1	0.119819262202986	-0.668826102536101	0.119819262202986	1
6190000	1	-0.173146864230374	-0.623939988440657	-0.173146864230374	1	0.187095086851736	-0.623939988440657	0.187095086851736	1
6200000	1	0.0675559729525496	-0.21854826736045	0.0675559729525496	1	0.116081839027355	-0.21854826736045	0.116081839027355	1
6210000	1	-0.137930713977398	-0.793640716511526	-0.137930713977398	1	0.124188961301955	-0.793640716511526	0.124188961301955	1
6220000	1	-0.240163734454142	-0.622835457684048	-0.240163734454142	1	-0.0240581406730667	-0.622835457684048	-0.0240581406730667	1
6230000	1	-0.105149390823228	-0.708171435290173	-0.105149390823228	1	0.1070670794621	-0.708171435290173	0.1070670794621	1
6240000	1	-0.290021224226325	-0.573848933144693	-0.290021224226325	1	0.0900661803670729	-0.573848933144693	0.0900661803670729	1
6250000	1	-0.102204700560797	-0.727751744709559	-0.102204700560797	1	0.0305708633600441	-0.727751744709559	0.0305708633600441	1
6260000	1	0.24189778204436	-0.157211776153533	0.24189778204436	1	0.176863655820316	-0.157211776153533	0.176863655820316	1
6270000	1	-0.145789629381022	-0.647009431588664	-0.145789629381022	1	0.0707850693283124	-0.647009431588664	0.0707850693283124	1
6280000	1	0.0424187792368825	-0.715293094994833	0.0424187792368825	1	0.061799245954423	-0.715293094994833	0.061799245954423	1
6290000	1	0.0519710973248186	-0.855110257654329	0.0519710973248187	1	-0.0443426946848257	-0.855110257654329	-0.0443426946848257	1
6300000	1	-0.135123548833334	-0.750728989025113	-0.135123548833334	1	0.0290886176550899	-0.750728989025113	0.02908861765509	1
6310000	1	-0.500974773879426	-0.476649990621152	-0.500974773879426	1	0.235914431816759	-0.476649990621152	0.235914431816759	1
6320000	1	0.0909429642853465	-0.532898579476856	0.0909429642853465	1	0.184181992275182	-0.532898579476856	0.184181992275182	1
6330000	1	0.236126686635006	-0.253587820926071	0.236126686635006	1	0.306842978698619	-0.253587820926071	0.306842978698618	1
6340000	1	-0.210589601398315	-0.641033666280061	-0.210589601398315	1	0.130054381567489	-0.641033666280061	0.130054381567489	1
6350000	1	-0.429025857292829	-0.732413491970402	-0.429025857292829	1	0.262425494587676	-0.732413491970402	0.262425494587676	1
6360000	1	-0.314802066158255	-0.411110976071384	-0.314802066158255	1	0.0592988139371891	-0.411110976071384	0.0592988139371891	1
6370000	1	-0.202008519349929	-0.694224058182027	-0.202008519349929	1	0.19017196039045	-0.694224058182027	0.190171960390449	1
6380000	1	-0.153651563753146	-0.541995406090868	-0.153651563753146	1	0.184161846862154	-0.541995406090868	0.184161846862154	1
6390000	1	-0.308522529768902	-0.71635733026395	-0.308522529768902	1	0.312178179130487	-0.71635733026395	0.312178179130487	1
6400000	1	-0.251915920824434	-0.619008863834406	-0.251915920824434	1	0.145052655855443	-0.619008863834406	0.145052655855443	1
6410000	1	-0.267165264916931	-0.607734074434769	-0.267165264916931	1	0.161289649151943	-0.607734074434769	0.161289649151943	1
6420000	1	-0.174378593839814	-0.444196303835904	-0.174378593839814	1	0.0350500812370859	-0.444196303835904	0.0350500812370859	1
6430000	1	-0.260407413678793	-0.371685771822347	-0.260407413678793	1	0.0499581621576658	-0.371685771822347	0.0499581621576658	1
6440000	1	-0.304745971514125	-0.755790891798525	-0.304745971514125	1	0.223589852393382	-0.755790891798525	0.223589852393382	1
6450000	1	-0.02014008176036	-0.577891873368366	-0.02014008176036	1	-0.00019499701318526	-0.577891873368366	-0.000194997013185261	1
6460000	1	-0.175663566253019	-0.317299671179692	-0.175663566253019	1	0.224290343572155	-0.317299671179691	0.224290343572155	1
6470000	1	-0.289084682351684	-0.744863742767386	-0.289084682351684	1	0.246351463190669	-0.744863742767386	0.246351463190669	1
6480000	1	-0.185405044279793	-0.695128120348247	-0.185405044279793	1	0.324142705338964	-0.695128120348247	0.324142705338964	1
6490000	1	0.115702462563815	-0.424573339509	0.115702462563815	1	0.0896537395452356	-0.424573339509	0.0896537395452356	1
6500000	1	-0.348770764088977	-0.512873191095607	-0.348770764088977	1	0.147279937561795	-0.512873191095607	0.147279937561795	1
6510000	1	-0.294456679165425	-0.571861810850871	-0.294456679165425	1	0.241983990280377	-0.571861810850871	0.241983990280377	1
6520000	1	-0.145453067491834	-0.720458416738023	-0.145453067491834	1	0.118185647966503	-0.720458416738023	0.118185647966503	1
6530000	1	-0.324081400248598	-0.678547346298683	-0.324081400248598	1	0.0235165048726049	-0.678547346298683	0.0235165048726049	1
6540000	1	-0.254534673847693	-0.734742436563356	-0.254534673847693	1	0.294604845310557	-0.734742436563356	0.294604845310557	1
6550000	1	0.0349221454082033	-0.567294883018821	0.0349221454082034	1	0.00171067350520391	-0.567294883018821	0.00171067350520391	1
6560000	1	-0.092172161416097	-0.584680006387726	-0.0921721614160969	1	0.235934070944309	-0.584680006387726	0.235934070944309	1
6570000	1	0.067017172361845	-0.579700465394275	0.0670171723618449	1	0.0778395567900415	-0.579700465394275	0.0778395567900415	1
6580000	1	-0.227368460922636	-0.650801008961451	-0.227368460922636	1	0.208671293458522	-0.650801008961452	0.208671293458522	1
6590000	1	-0.194216444955376	-0.717118462291908	-0.194216444955376	1	0.276613065780131	-0.717118462291908	0.276613065780131	1
6600000	1	-0.506018271321462	-0.617120308049419	-0.506018271321462	1	0.359598893855464	-0.617120308049419	0.359598893855464	1
6610000	1	-0.39451426503809	-0.456251288270254	-0.39451426503809	1	0.0815773574226816	-0.456251288270254	0.0815773574226816	1
6620000	1	0.172747258614781	-0.709986992004112	0.172747258614781	1	-0.317970339092605	-0.709986992004112	-0.317970339092605	1
6630000	1	-0.406727192295184	-0.667066772910946	-0.406727192295184	1	0.364538052754399	-0.667066772910946	0.364538052754399	1
6640000	1	-0.174852311271798	-0.516761846558338	-0.174852311271798	1	0.146695062248747	-0.516761846558338	0.146695062248747	1
6650000	1	-0.363808193661666	-0.51591687722536	-0.363808193661666	1	0.18154151820231	-0.51591687722536	0.18154151820231	1
6660000	1	-0.34135408256038	-0.688274018082335	-0.34135408256038	1	0.269025226250603	-0.688274018082335	0.269025226250603	1
6670000	1	-0.247868593215238	-0.710125623757973	-0.247868593215238	1	0.170114743613864	-0.710125623757973	0.170114743613864	1
6680000	1	-0.0954211137033863	-0.525011680332236	-0.0954211137033863	1	0.266218949449827	-0.525011680332236	0.266218949449827	1
6690000	1	-0.0953206670120611	-0.66140103150522	-0.0953206670120611	1	0.269085522907513	-0.66140103150522	0.269085522907513	1
6700000	1	-0.354247981541903	-0.537976332705832	-0.354247981541903	1	0.111037612188095	-0.537976332705832	0.111037612188095	1
6710000	1	-0.168057499446244	-0.564928505149761	-0.168057499446244	1	0.0580406053519389	-0.564928505149761	0.0580406053519389	1
6720000	1	-0.358919750492991	-0.668362311411268	-0.358919750492991	1	0.165484940961568	-0.668362311411268	0.165484940961568	1
6730000	1	-0.38500639184572	-0.669913649985939	-0.38500639184572	1	0.277681151684576	-0.669913649985939	0.277681151684576	1
6740000	1	-0.116703131932942	-0.731623179595847	-0.116703131932942	1	0.1361158536722	-0.731623179595847	0.1361158536722	1
6750000	1	-0.129666489666152	-0.594922742840959	-0.129666489666152	1	0.18416339115821	-0.594922742840959	0.18416339115821	1
6760000	1	-0.250237471031001	-0.461660533608528	-0.250237471031001	1	0.0148081624617835	-0.461660533608528	0.0148081624617834	1
6770000	1	-0.0428214772685177	-0.629245587403668	-0.0428214772685177	1	0.0504844779612832	-0.629245587403669	0.0504844779612832	1
6780000	1	-0.165995217541021	-0.644065415867793	-0.165995217541021	1	0.135689663283226	-0.644065415867793	0.135689663283226	1
6790000	1	0.0147560273008803	-0.560729597866373	0.0147560273008803	1	0.0799609302345785	-0.560729597866372	0.0799609302345786	1
6800000	1	-0.229997628697728	-0.674179462226942	-0.229997628697728	1	0.191142519968762	-0.674179462226942	0.191142519968762	1
6810000	1	-0.360100438887829	-0.541969164309059	-0.360100438887829	1	0.05935837603445	-0.541969164309059	0.05935837603445	1
6820000	1	-0.275101263303435	-0.230568258821153	-0.275101263303435	1	0.132065163852729	-0.230568258821153	0.132065163852729	1
6830000	1	-0.158335568231134	-0.455487491721054	-0.158335568231134	1	0.01430837136887	-0.455487491721054	0.01430837136887	1
6840000	1	-0.0905834103028542	-0.52815603302919	-0.0905834103028542	1	0.123263411466335	-0.52815603302919	0.123263411466335	1
6850000	1	0.138789450806269	-0.284978166408857	0.138789450806269	1	0.108759216883035	-0.284978166408857	0.108759216883035	1
6860000	1	-0.595088237153242	-0.700886852183877	-0.595088237153242	1	0.302508056846709	-0.700886852183877	0.302508056846709	1
6870000	1	-0.487254460673243	-0.580047834373014	-0.487254460673243	1	0.216662251334871	-0.580047834373014	0.216662251334871	1
6880000	1	0.00417998853397878	-0.445299140428688	0.00417998853397878	1	0.107170753307571	-0.445299140428688	0.107170753307571	1
6890000	1	-0.256746247225296	-0.437750882734288	-0.256746247225296	1	0.087339367859069	-0.437750882734288	0.087339367859069	1
6900000	1	-0.211386131633958	-0.579340864176783	-0.211386131633958	1	0.246555858547058	-0.579340864176783	0.246555858547058	1
6910000	1	-0.564958843243261	-0.5679856435148	-0.564958843243261	1	0.116501162482347	-0.5679856435148	0.116501162482347	1
6920000	1	0.0333582734000216	-0.746201493752098	0.0333582734000216	1	-0.0160397702670305	-0.746201493752098	-0.0160397702670305	1
6930000	1	-0.292040109024329	-0.628583862729103	-0.292040109024329	1	-0.0740199769617998	-0.628583862729103	-0.0740199769617998	1
6940000	1	-0.0836832640135867	-0.437795434671229	-0.0836832640135866	1	0.380363305533164	-0.437795434671229	0.380363305533164	1
6950000	1	-0.0476569848712705	-0.473176797296611	-0.0476569848712705	1	-0.141152638343242	-0.473176797296611	-0.141152638343242	1
6960000	1	0.228693132217003	-0.446872845295708	0.228693132217003	1	0.216938130334475	-0.446872845295708	0.216938130334475	1
6970000	1	-0.286393862785133	-0.731867477444615	-0.286393862785133	1	0.244725900343969	-0.731867477444615	0.244725900343969	1
6980000	1	0.271963921941417	-0.500200630518931	0.271963921941417	1	0.0351611020764991	-0.500200630518931	0.0351611020764991	1
6990000	1	-0.311904811554551	-0.453825366158953	-0.311904811554551	1	-0.000689761217392447	-0.453825366158953	-0.00068976121739247	1
7e+06	1	-0.210056154323164	-0.618809099335837	-0.210056154323164	1	0.156598850341788	-0.618809099335837	0.156598850341788	1
7010000	1	-0.247532015553269	-0.536306246713529	-0.247532015553269	1	0.023927283384231	-0.536306246713529	0.023927283384231	1
7020000	1	-0.0511388632594345	-0.782988597176196	-0.0511388632594345	1	-0.0620125684942882	-0.782988597176196	-0.0620125684942882	1
7030000	1	-0.106715320485408	-0.783887002099334	-0.106715320485408	1	0.0245774650306226	-0.783887002099334	0.0245774650306226	1
7040000	1	0.028357981084306	-0.570706289753496	0.028357981084306	1	0.201606431611414	-0.570706289753496	0.201606431611414	1
7050000	1	-0.436547747772186	-0.530880803325246	-0.436547747772186	1	0.114943243602404	-0.530880803325246	0.114943243602404	1
7060000	1	0.0227587696737785	-0.609002375003994	0.0227587696737785	1	-0.0285245031107843	-0.609002375003994	-0.0285245031107843	1
7070000	1	0.142002386952836	-0.667338177396512	0.142002386952836	1	-0.101944690708787	-0.667338177396512	-0.101944690708787	1
7080000	1	-0.148925951181259	-0.638064603450018	-0.148925951181259	1	0.25602108087485	-0.638064603450018	0.25602108087485	1
7090000	1	0.263072642533696	-0.60750833075326	0.263072642533696	1	-0.154735077799126	-0.60750833075326	-0.154735077799126	1
7100000	1	-0.185334759577273	-0.499940291821559	-0.185334759577273	1	0.319620678181396	-0.49994029182156	0.319620678181396	1
7110000	1	-0.117725294009338	-0.774602407798024	-0.117725294009338	1	0.193752988611965	-0.774602407798024	0.193752988611965	1
7120000	1	-0.24012167860525	-0.341813813637762	-0.24012167860525	1	0.0175609766581894	-0.341813813637762	0.0175609766581894	1
7130000	1	-0.212842536031451	-0.648118808672619	-0.212842536031451	1	0.0806061425629987	-0.648118808672619	0.0806061425629987	1
7140000	1	-0.00461287120913182	-0.467401312265225	-0.00461287120913182	1	0.218781275392153	-0.467401312265225	0.218781275392153	1
7150000	1	-0.0286634467652616	-0.39360795913959	-0.0286634467652616	1	-0.0832914282855488	-0.39360795913959	-0.0832914282855488	1
7160000	1	0.0416532043519811	-0.420176071285533	0.0416532043519811	1	0.377400044435629	-0.420176071285533	0.377400044435629	1
7170000	1	-0.295533566237211	-0.447507052794664	-0.295533566237211	1	0.0464819905183614	-0.447507052794664	0.0464819905183614	1
7180000	1	-0.191034332453935	-0.597806044608001	-0.191034332453935	1	0.0316939269693186	-0.597806044608001	0.0316939269693186	1
7190000	1	-0.118644752875917	-0.552685041809877	-0.118644752875917	1	0.0692176115262166	-0.552685041809877	0.0692176115262166	1
7200000	1	-0.257792249851777	-0.445984590968861	-0.257792249851777	1	0.0861345217745316	-0.445984590968861	0.0861345217745316	1
7210000	1	0.125739331734334	-0.70729457060384	0.125739331734334	1	-0.0866246280280944	-0.70729457060384	-0.0866246280280943	1
7220000	1	-0.0174405099129599	-0.605296500722843	-0.0174405099129599	1	0.0451147484881202	-0.605296500722843	0.0451147484881202	1
7230000	1	-0.0253643650011041	-0.496187471695603	-0.0253643650011041	1	-0.0535235312163831	-0.496187471695603	-0.0535235312163831	1
7240000	1	0.0383610522105295	-0.569875525158626	0.0383610522105295	1	0.20150093164724	-0.569875525158626	0.20150093164724	1
7250000	1	0.0406384598019631	-0.571172952639375	0.0406384598019631	1	0.176349997518787	-0.571172952639375	0.176349997518787	1
7260000	1	0.054996131455208	-0.641933485347212	0.054996131455208	1	0.0512589695532624	-0.641933485347212	0.0512589695532624	1
7270000	1	-0.141031631575664	-0.469332148200368	-0.141031631575664	1	0.252752370549045	-0.469332148200368	0.252752370549045	1
7280000	1	-0.27905600759488	-0.401994313003769	-0.27905600759488	1	0.253013703409802	-0.401994313003769	0.253013703409802	1
7290000	1	-0.418209812021074	-0.692590827842873	-0.418209812021074	1	0.291596234080627	-0.692590827842873	0.291596234080627	1
7300000	1	-0.170722964017328	-0.523359619405257	-0.170722964017328	1	0.13026304528012	-0.523359619405257	0.13026304528012	1
7310000	1	-0.145159389065665	-0.581489363111477	-0.145159389065665	1	0.135049218870383	-0.581489363111477	0.135049218870383	1
7320000	1	-0.0978880345279364	-0.689730498312564	-0.0978880345279364	1	0.0645591627457321	-0.689730498312564	0.064559162745732	1
7330000	1	-0.238959962500216	-0.494644316807656	-0.238959962500216	1	0.0188137029583318	-0.494644316807656	0.0188137029583318	1
7340000	1	0.063761200218708	-0.69223577649058	0.063761200218708	1	0.162462612849582	-0.69223577649058	0.162462612849582	1
7350000	1	-0.0933275624438727	-0.623224337374218	-0.0933275624438727	1	0.180701545516426	-0.623224337374217	0.180701545516426	1
7360000	1	-0.00690685808358087	-0.689203305185438	-0.00690685808358088	1	0.0481404475850473	-0.689203305185438	0.0481404475850473	1
7370000	1	-0.0852085515426482	-0.403483345197171	-0.0852085515426482	1	0.00512999866067209	-0.403483345197172	0.00512999866067209	1
7380000	1	0.0927616677728478	-0.483678178326546	0.0927616677728478	1	0.163868753121606	-0.483678178326546	0.163868753121606	1
7390000	1	-0.0683095139639738	-0.602458755753462	-0.0683095139639738	1	-0.0485985541076082	-0.602458755753462	-0.0485985541076082	1
7400000	1	0.315733066459867	-0.387787987573314	0.315733066459867	1	0.23046318713512	-0.387787987573314	0.23046318713512	1
7410000	1	-0.159573468634913	-0.430458158836034	-0.159573468634913	1	0.344144403335096	-0.430458158836034	0.344144403335096	1
7420000	1	-0.294213419204767	-0.665353288902982	-0.294213419204767	1	0.0510498228113446	-0.665353288902982	0.0510498228113446	1
7430000	1	-0.428308140261034	-0.646142703003857	-0.428308140261034	1	0.162882864393618	-0.646142703003857	0.162882864393617	1
7440000	1	-0.0985641738463692	-0.74695660900545	-0.0985641738463691	1	0.110030604338846	-0.74695660900545	0.110030604338847	1
7450000	1	-0.194551802948177	-0.585744044979768	-0.194551802948177	1	0.128426677571691	-0.585744044979768	0.128426677571691	1
7460000	1	-0.341747842707321	-0.645127139962689	-0.341747842707321	1	0.329374705786395	-0.645127139962689	0.329374705786395	1
7470000	1	-0.0773052660439976	-0.526567180561848	-0.0773052660439977	1	0.114217381160835	-0.526567180561849	0.114217381160835	1
7480000	1	-0.334718956783575	-0.6922407595264	-0.334718956783575	1	0.256511893157898	-0.6922407595264	0.256511893157898	1
7490000	1	-0.388917258776515	-0.663341814479623	-0.388917258776515	1	0.123322432809304	-0.663341814479623	0.123322432809304	1
7500000	1	-0.0395871983992354	-0.524148190383022	-0.0395871983992354	1	0.155438915637797	-0.524148190383022	0.155438915637797	1
7510000	1	0.203502758868155	-0.633777553874478	0.203502758868155	1	-0.122726560780398	-0.633777553874478	-0.122726560780398	1
7520000	1	0.0749001302833457	-0.574571184775388	0.0749001302833457	1	0.193421048018238	-0.574571184775388	0.193421048018238	1
7530000	1	0.0650910722108287	-0.530103490034259	0.0650910722108287	1	0.00183458535138684	-0.530103490034259	0.00183458535138684	1
7540000	1	-0.10117284990018	-0.772188824131392	-0.10117284990018	1	0.139907684835331	-0.772188824131392	0.139907684835331	1
7550000	1	-0.210178543432597	-0.404804925693353	-0.210178543432597	1	0.246388798173624	-0.404804925693353	0.246388798173624	1
7560000	1	-0.207631990374275	-0.521477629409312	-0.207631990374275	1	0.117151644683615	-0.521477629409312	0.117151644683615	1
7570000	1	-0.293670729159173	-0.68253339747076	-0.293670729159173	1	0.281251873170033	-0.68253339747076	0.281251873170033	1
7580000	1	-0.0999899316402447	-0.500835252962678	-0.0999899316402447	1	0.405181828825228	-0.500835252962678	0.405181828825228	1
7590000	1	-0.321781743633076	-0.828838504822713	-0.321781743633076	1	0.0871359130098129	-0.828838504822713	0.087135913009813	1
7600000	1	0.166702389539537	-0.334043322171051	0.166702389539537	1	0.0996646746582124	-0.334043322171051	0.0996646746582124	1
7610000	1	-0.194573570509269	-0.74422460132056	-0.194573570509269	1	0.135446488326083	-0.74422460132056	0.135446488326083	1
7620000	1	-0.181816720285538	-0.706806886403595	-0.181816720285538	1	0.00998153954061807	-0.706806886403595	0.00998153954061808	1
7630000	1	0.0475396186263866	-0.622393576492036	0.0475396186263866	1	-0.113448438582519	-0.622393576492036	-0.113448438582519	1
7640000	1	-0.271600857336298	-0.670862923809888	-0.271600857336298	1	0.0886199296164802	-0.670862923809888	0.0886199296164802	1
7650000	1	-0.101457590639071	-0.573514790078771	-0.101457590639071	1	0.0769463600431323	-0.573514790078771	0.0769463600431323	1
7660000	1	-0.123298669481703	-0.524085795926248	-0.123298669481703	1	0.216839680819042	-0.524085795926248	0.216839680819042	1
7670000	1	-0.280354384625894	-0.60156684921653	-0.280354384625894	1	0.139395152171101	-0.60156684921653	0.139395152171101	1
7680000	1	-0.241533326109376	-0.656527333805849	-0.241533326109376	1	0.179222358295379	-0.656527333805849	0.179222358295379	1
7690000	1	-0.104099675978092	-0.565012008674512	-0.104099675978092	1	-0.0856524370869842	-0.565012008674512	-0.0856524370869842	1
7700000	1	0.000824670594634269	-0.327545880601749	0.00082467059463426	1	0.145277845465328	-0.327545880601749	0.145277845465328	1
7710000	1	-0.228540095611651	-0.658426278258955	-0.228540095611651	1	0.134271310451169	-0.658426278258955	0.134271310451169	1
7720000	1	-0.193672886987728	-0.756748562119503	-0.193672886987728	1	0.09583077426387	-0.756748562119503	0.09583077426387	1
7730000	1	0.0548056214178227	-0.652625261138765	0.0548056214178227	1	0.0451738183808175	-0.652625261138765	0.0451738183808175	1
7740000	1	-0.127375143601143	-0.460356911076987	-0.127375143601143	1	0.227934928695919	-0.460356911076987	0.227934928695919	1
7750000	1	-0.128440800291666	-0.365606118074468	-0.128440800291666	1	0.105342416143024	-0.365606118074468	0.105342416143024	1
7760000	1	-0.326671948143325	-0.690249184939794	-0.326671948143325	1	0.0855110585016842	-0.690249184939794	0.0855110585016842	1
7770000	1	0.160705149460062	-0.703192366075855	0.160705149460062	1	-0.122859256341988	-0.703192366075855	-0.122859256341988	1
7780000	1	-0.0685802983177883	-0.468459898019743	-0.0685802983177883	1	0.179762066346208	-0.468459898019743	0.179762066346208	1
7790000	1	-0.0843972535298378	-0.497741703477154	-0.0843972535298377	1	0.0656278755633712	-0.497741703477154	0.0656278755633712	1
7800000	1	-0.118322390856002	-0.573911631579543	-0.118322390856002	1	0.176011439476887	-0.573911631579543	0.176011439476887	1
7810000	1	-0.353823657828587	-0.518107664000253	-0.353823657828587	1	0.135782591995547	-0.518107664000253	0.135782591995547	1
7820000	1	-0.29774638529644	-0.468139820356767	-0.29774638529644	1	0.080664180487711	-0.468139820356767	0.080664180487711	1
7830000	1	-0.0536506383148634	-0.542132314821534	-0.0536506383148634	1	-0.104739101842333	-0.542132314821534	-0.104739101842333	1
7840000	1	-0.256478686696283	-0.645372193716394	-0.256478686696283	1	0.281759849068198	-0.645372193716394	0.281759849068198	1
7850000	1	-0.10479153595794	-0.600268347225132	-0.10479153595794	1	-0.00462670616550929	-0.600268347225132	-0.00462670616550929	1
7860000	1	-0.258751822756113	-0.601618195125313	-0.258751822756113	1	0.0591485052549101	-0.601618195125313	0.0591485052549101	1
7870000	1	-0.12737402297835	-0.580078115524339	-0.12737402297835	1	0.0537512881709469	-0.580078115524339	0.0537512881709469	1
7880000	1	-0.000266073354642747	-0.564960950378599	-0.000266073354642722	1	-0.209002549084788	-0.564960950378599	-0.209002549084788	1
7890000	1	-0.369593572451566	-0.534412286026385	-0.369593572451566	1	0.0839922863439148	-0.534412286026385	0.0839922863439149	1
7900000	1	-0.0879815995410617	-0.622196095038485	-0.0879815995410617	1	0.173676550742849	-0.622196095038485	0.173676550742849	1
7910000	1	0.14055446902815	-0.726925910075842	0.14055446902815	1	-0.133257272263782	-0.726925910075842	-0.133257272263782	1
7920000	1	0.0212680836704528	-0.494713907558234	0.0212680836704528	1	0.05443027209984	-0.494713907558234	0.0544302720998401	1
7930000	1	-0.581902052260371	-0.31297683949946	-0.581902052260371	1	0.118593011819205	-0.31297683949946	0.118593011819205	1
7940000	1	0.0502099792088137	-0.497176603434946	0.0502099792088138	1	-0.052758575781785	-0.497176603434946	-0.052758575781785	1
7950000	1	0.283005674071452	-0.326697418313082	0.283005674071451	1	0.0991864099602902	-0.326697418313082	0.0991864099602901	1
7960000	1	-0.242499968633378	-0.651972017472559	-0.242499968633378	1	0.264256084890509	-0.651972017472559	0.264256084890509	1
7970000	1	-0.305070774507297	-0.526976562761047	-0.305070774507297	1	0.141129068085499	-0.526976562761047	0.141129068085499	1
7980000	1	-0.217667319213097	-0.790160251330612	-0.217667319213097	1	0.0311768208542806	-0.790160251330611	0.0311768208542805	1
7990000	1	-0.0199195069818123	-0.465425987207965	-0.0199195069818123	1	0.0134593783010367	-0.465425987207965	0.0134593783010367	1
