state	type_with_type	type_with_size	type_with_flowers	size_with_type	size_with_size	size_with_flowers	flowers_with_type	flowers_with_size	flowers_with_flowers
0	20	0	0	0	20	0	0	0	20
10000	6.00605146328013	-1.83376927767024	-12.497654920171	-1.83376927767024	42.2508240036925	1.16969254247153	-12.497654920171	1.16969254247153	66.3536987562159
20000	5.80454394463776	-11.4300509494061	-10.3651341199259	-11.4300509494061	97.1611657225465	21.3684342562797	-10.3651341199259	21.3684342562797	68.5446207882925
30000	10.5969669526274	-3.71000361255457	-11.4549263493822	-3.71000361255457	52.9402236099646	10.526543414215	-11.4549263493822	10.526543414215	68.72444473579
40000	5.08540677884902	-1.24997320617409	-11.2324009450415	-1.24997320617409	65.5490511346124	-9.75938844036132	-11.2324009450415	-9.75938844036132	52.0951990935744
50000	6.51984296533155	1.7864715388055	-12.7865478040549	1.7864715388055	52.2382436175503	-7.76325391340015	-12.7865478040549	-7.76325391340015	52.8132642391528
60000	2.08106099547492	-2.07147210447778	-5.30015114106238	-2.07147210447778	59.0085909608077	0.571395935693569	-5.30015114106238	0.571395935693569	45.6676937397368
70000	2.48931728747592	-5.64047623513018	-6.89206961877501	-5.64047623513018	71.9289026959021	12.9914195881597	-6.89206961877501	12.9914195881597	49.6246986519353
80000	3.37028822513211	-6.63399198498719	-8.9502002705341	-6.63399198498719	70.5194548437188	14.4702302346207	-8.9502002705341	14.4702302346207	64.6435517290726
90000	2.23887964871972	-1.84739036419666	-4.10441725464947	-1.84739036419666	68.296658879818	15.468913191135	-4.10441725464947	15.468913191135	42.5102092747522
1e+05	7.01548217387951	-4.04958443978503	-19.154069426885	-4.04958443978503	53.1933809824729	14.9176196215311	-19.154069426885	14.9176196215311	86.1837917268144
110000	2.52563124197306	-0.101362291011013	-5.89787861029197	-0.101362291011014	61.3236168678044	5.50824613493817	-5.89787861029197	5.50824613493817	71.0896289916838
120000	14.1134609878471	-7.98180021114421	-24.0234903842144	-7.98180021114421	68.8052143230127	9.33372937107919	-24.0234903842144	9.33372937107919	81.326727108922
130000	10.8928276275814	1.23025961874185	-13.8679716988993	1.23025961874185	58.9868717409957	-0.409206370693643	-13.8679716988993	-0.409206370693643	57.9098367677431
140000	11.6250993896154	0.847496468212388	-16.8130318610582	0.847496468212388	52.0393597013472	-1.12331989062893	-16.8130318610582	-1.12331989062893	59.3176615861051
150000	3.67088868042406	-4.65252289518487	-9.63568390146761	-4.65252289518487	70.0888257670717	3.24115697049081	-9.63568390146761	3.24115697049081	87.3692943653558
160000	3.13122636962632	-0.816205085093826	-7.31097099850595	-0.816205085093826	59.3211190937529	1.74545757737032	-7.31097099850595	1.74545757737032	54.2962223687438
170000	2.23066865707255	0.379694453094342	-4.08661909163405	0.379694453094342	57.6325530259066	1.80172607474901	-4.08661909163405	1.80172607474901	45.7746783156478
180000	2.34990364445898	-2.52027514301165	-7.45877714071011	-2.52027514301165	47.4131146942535	14.4775149683908	-7.45877714071011	14.4775149683908	56.0488738927121
190000	9.21653120915746	1.9430702503563	-11.7406113385463	1.9430702503563	53.4825583674906	9.26690857508268	-11.7406113385463	9.26690857508267	49.4673201213557
2e+05	3.70831652009664	-6.84779959365593	-11.6867029893357	-6.84779959365594	55.6586110223949	20.0590576007487	-11.6867029893357	20.0590576007486	62.791968926216
210000	2.77638963777779	-2.99767822126468	-9.96935912888125	-2.99767822126468	77.2426018205205	21.9683320376836	-9.96935912888125	21.9683320376836	69.8845384721445
220000	2.79459201998128	-0.333320798540884	-5.30909314029483	-0.333320798540884	57.1724102677451	9.64408183296451	-5.30909314029483	9.64408183296451	51.3152356830589
230000	2.37189026645632	-0.349340752155867	-6.82219303529593	-0.349340752155867	48.9606307572763	-3.40446636938688	-6.82219303529593	-3.40446636938688	69.4860109684219
240000	1.7772823103247	-3.18311202131082	-5.98812640801483	-3.18311202131082	55.0466289097619	16.4534497428177	-5.98812640801483	16.4534497428177	60.5136483907004
250000	1.54328206432469	-0.349105258174543	-4.54720692001129	-0.349105258174543	48.7143984333122	-0.559098296784562	-4.54720692001129	-0.559098296784562	54.5081817101475
260000	3.83786997927356	-2.54268376162552	-11.8374945027616	-2.54268376162552	64.7957855973813	0.636716665048645	-11.8374945027616	0.636716665048643	71.6689463931484
270000	8.94769594364092	-4.2548856272521	-17.1916446490263	-4.25488562725211	44.1330225454377	9.40115345507404	-17.1916446490263	9.40115345507404	61.5464982652515
280000	2.81897764516788	-3.99738845961947	-6.45183368021623	-3.99738845961947	58.2449812313686	19.8224439447235	-6.45183368021623	19.8224439447235	55.7063691438648
290000	2.35501139825335	-2.50707355715708	-2.43868703848536	-2.50707355715708	55.5697972494816	6.02113666245788	-2.43868703848536	6.02113666245788	49.6150884310718
3e+05	2.12023403868316	-2.24925536923783	-6.58785070113659	-2.24925536923783	75.4526002650654	16.7024305807948	-6.58785070113659	16.7024305807948	74.9920593596709
310000	15.6162124459411	0.845542045987598	-33.7610831464127	0.845542045987597	78.2535123493876	9.05900758995812	-33.7610831464127	9.05900758995812	110.148094529251
320000	4.38264769857397	-0.538724838360903	-13.2840480576186	-0.538724838360903	58.3556809369269	15.2015466489258	-13.2840480576186	15.2015466489258	80.9682016286955
330000	1.14633966444804	-1.11932697233898	-3.50045486830643	-1.11932697233898	86.9883086018402	19.0166183486557	-3.50045486830643	19.0166183486557	69.3484469461691
340000	2.61888353416263	-3.78559296776647	-7.47217011538673	-3.78559296776647	60.3719577300794	-9.45671450568912	-7.47217011538673	-9.45671450568912	73.914288845958
350000	2.12187691673367	-3.68790977442987	-9.44587812415307	-3.68790977442987	67.6695035760968	21.9009778265544	-9.44587812415307	21.9009778265544	84.7305201894052
360000	1.70216871724104	-0.0736712784056974	-6.93867024237008	-0.0736712784056976	53.6478641805786	11.44894420636	-6.93867024237008	11.44894420636	100.204901563907
370000	1.10298714435315	1.09264199099238	-2.56134151745562	1.09264199099238	84.3982231734232	11.0544942286777	-2.56134151745562	11.0544942286777	55.7417962978979
380000	3.39865058475543	-0.847246854994117	-7.20597936253117	-0.847246854994117	61.8775692778377	12.7367892896204	-7.20597936253117	12.7367892896204	51.6650594993375
390000	5.60625074366856	-3.66026891655924	-9.69243986087621	-3.66026891655924	52.6079499687567	9.33128481748544	-9.69243986087621	9.33128481748544	54.1384349645511
4e+05	4.8423964563415	-4.92356684284348	-6.34876646608434	-4.92356684284348	63.8562072465599	6.19890571347237	-6.34876646608434	6.19890571347237	46.6210087992353
410000	3.91908279870374	-7.19350064197641	-10.1494584356668	-7.19350064197641	82.533590202948	9.21309047114788	-10.1494584356668	9.21309047114788	87.2163114813849
420000	2.82671230932909	0.749626329225706	-8.22547236239546	0.749626329225706	64.1331411407944	13.6122193997104	-8.22547236239546	13.6122193997104	71.5468439533283
430000	2.00697456176391	0.542827458390697	-7.15615881609826	0.542827458390697	47.8194056654684	2.38550646990114	-7.15615881609826	2.38550646990114	83.8406561308676
440000	2.52653643613571	-1.94863947461098	-6.49848688512574	-1.94863947461098	57.7921112780287	-0.86610698648049	-6.49848688512574	-0.866106986480489	51.7536048390702
450000	7.00364415965155	-0.437729108010265	-8.65618420347218	-0.437729108010266	63.5678457940953	-9.28184094085281	-8.65618420347218	-9.28184094085282	45.0912112822937
460000	2.31361184498554	-1.84669709341883	-7.61830867644785	-1.84669709341883	50.6709748574959	12.8223104113223	-7.61830867644785	12.8223104113223	61.9516606617705
470000	3.79352989385768	-2.06410965256229	-14.1779537987612	-2.0641096525623	50.1111266881718	0.241860499333803	-14.1779537987612	0.241860499333803	81.9346574266061
480000	1.34509153812217	-3.16782898506571	-2.36644123854926	-3.16782898506571	81.941166499193	24.2258773530255	-2.36644123854926	24.2258773530255	65.0197853891747
490000	2.91734861230114	-6.53155009438547	-9.29455110155099	-6.53155009438547	63.0360170709417	18.9772880227286	-9.29455110155099	18.9772880227286	74.8172251908384
5e+05	2.59956805515806	-0.58894448490011	-5.35171037350917	-0.588944484900109	56.4754580092029	5.07018123335624	-5.35171037350917	5.07018123335624	47.8344987885066
510000	2.7707940414534	-1.24759507498239	-7.61452052662978	-1.24759507498239	63.2734807583591	7.50384333538052	-7.61452052662978	7.50384333538052	56.2838655139159
520000	3.2515191425131	-6.46480747260162	-8.12985596451425	-6.46480747260162	92.8625453179178	14.8774109402998	-8.12985596451425	14.8774109402998	50.6134470578644
530000	1.47609753367013	-0.834670006323599	-3.85003929487333	-0.834670006323599	40.3071561042109	8.9703196181171	-3.85003929487333	8.9703196181171	46.9395216422557
540000	7.4770713649787	-2.62544672249311	-15.3444112928477	-2.62544672249311	67.1006703090565	14.3901676153679	-15.3444112928477	14.3901676153679	56.7366626001675
550000	3.54072589177057	-4.04003340406024	-7.00455562063352	-4.04003340406024	48.4143475645656	3.40792067925068	-7.00455562063352	3.40792067925068	47.9730085735234
560000	2.6381367597118	0.415852060921732	-7.58836307966209	0.415852060921732	57.0688459494145	1.70442198802671	-7.58836307966209	1.70442198802671	64.897224283491
570000	2.40363628332021	-3.90608156966551	-8.70551454196303	-3.90608156966551	47.5637918492661	22.6582792364645	-8.70551454196303	22.6582792364645	71.3811937622666
580000	7.21313770255651	-4.37161761982177	-14.7891341983088	-4.37161761982177	46.8198496672616	6.84757312477949	-14.7891341983088	6.84757312477949	61.9249907039322
590000	1.46595856321635	-2.23555629649599	-5.46348181222501	-2.23555629649599	47.5820986804673	-0.984352681464217	-5.46348181222501	-0.984352681464217	67.9059431731009
6e+05	2.29451928883807	-3.27519892122897	-3.1476447742469	-3.27519892122897	49.0627401281165	16.3071173427541	-3.1476447742469	16.3071173427541	79.55647148545
610000	2.59182425983392	1.22782083416847	-7.2772523208872	1.22782083416847	51.5139158993475	-2.14622376818012	-7.2772523208872	-2.14622376818012	52.7944594488271
620000	5.53402838914473	-1.60334084995429	-13.1462003081281	-1.60334084995429	64.838695219273	2.92611684261959	-13.1462003081281	2.92611684261959	67.3797155617408
630000	37.7487218619918	-18.4095454854043	-38.5729051538122	-18.4095454854043	87.633287749065	35.9949688637961	-38.5729051538122	35.9949688637961	83.9218497344281
640000	11.7156398029603	-2.77257763696729	-15.8252535254543	-2.77257763696729	56.7318471621062	2.16351947440835	-15.8252535254543	2.16351947440835	64.6261261130644
650000	27.0693171688805	7.98017519130236	-25.8960255806703	7.98017519130236	43.4298270852572	-8.37562709856	-25.8960255806703	-8.37562709856	54.613546191776
660000	3.87952575127602	-1.70104968793156	-11.0010876827013	-1.70104968793156	63.4133957699702	2.45263374794448	-11.0010876827013	2.45263374794448	55.9804199357426
670000	23.401472615358	-14.4558232013755	-27.7707079392489	-14.4558232013755	74.7158806373203	18.4539103448171	-27.7707079392489	18.4539103448171	56.6011557355957
680000	13.8839734026195	-7.49598237761818	-22.2009706085113	-7.49598237761818	73.0184093396214	20.9309519559174	-22.2009706085113	20.9309519559174	65.1576958067534
690000	6.54180774678927	-9.56085185953278	-11.9638129676662	-9.56085185953278	55.4323059468832	15.6551166395407	-11.9638129676662	15.6551166395407	56.8529737805529
7e+05	2.10542120573386	0.942583997147643	-6.16894683356121	0.942583997147643	54.0381170559289	-9.32713689518587	-6.16894683356121	-9.32713689518587	57.7069295751643
710000	3.6854950681269	0.278556167326032	-12.5755280946598	0.278556167326032	47.9235764098757	3.36818854712959	-12.5755280946598	3.36818854712959	71.3423158248276
720000	4.92988000107579	-4.77977300110221	-14.2597139571556	-4.77977300110221	63.880147833904	11.1325338840859	-14.2597139571556	11.1325338840859	69.5519420394525
730000	6.65177755266525	0.0720389910727748	-17.3348002754227	0.0720389910727752	46.5970967228148	4.29158794710295	-17.3348002754227	4.29158794710295	65.4015106037231
740000	11.9482143250292	-5.3027352988428	-14.8656767736926	-5.3027352988428	45.2953612375478	3.22263131931876	-14.8656767736926	3.22263131931876	54.6304183204632
750000	7.30678256906711	-4.06040866015058	-6.94257674145699	-4.06040866015057	66.0690735813704	10.7928594635999	-6.94257674145699	10.7928594635999	66.502728908936
760000	5.92664888761388	2.10166538075891	-14.3025030971563	2.10166538075891	63.5093235623205	-5.83572208885381	-14.3025030971563	-5.83572208885381	62.2611470581341
770000	2.59933361175497	0.0895816810825334	-8.01015162934518	0.0895816810825335	40.9108048317819	1.20687578442528	-8.01015162934518	1.20687578442528	66.2342188007124
780000	3.35249024910135	-2.2444555553321	-10.7414117983823	-2.2444555553321	54.0377151109296	12.2043059558952	-10.7414117983823	12.2043059558952	62.1634694956337
790000	3.1647375028595	-1.64204754488056	-5.63400403526509	-1.64204754488056	47.7846328895488	1.2449104379401	-5.63400403526509	1.2449104379401	58.8206840674903
8e+05	8.03297951073223	-8.22634887449999	-15.2436352586583	-8.22634887449999	64.5072254993462	20.5944139517289	-15.2436352586583	20.5944139517289	63.8854103707847
810000	5.97156351252417	-4.88527357933089	-12.1709931278412	-4.88527357933089	65.0478920905839	8.7231778080925	-12.1709931278412	8.72317780809251	77.1027623335319
820000	18.3819434477647	2.79427851588167	-19.4213022045806	2.79427851588167	74.9920687152902	11.7783534251278	-19.4213022045806	11.7783534251278	54.2829193859039
830000	5.86055218693619	-4.06337394476971	-11.9436420057439	-4.06337394476971	56.0598613896582	12.7449811781395	-11.9436420057439	12.7449811781395	57.2991278695776
840000	7.85923840485082	2.60403370732735	-15.0400695940473	2.60403370732735	50.6737905723384	6.93743696663366	-15.0400695940473	6.93743696663366	56.4078464141032
850000	1.65422060510077	0.357137629882903	-6.33134590287929	0.357137629882903	48.1192993608855	0.163964315176628	-6.33134590287929	0.163964315176629	60.318107738889
860000	1.47559141098636	-1.27143486643531	-4.41575705150721	-1.27143486643531	70.7442319517501	8.25363849224444	-4.41575705150721	8.25363849224444	49.3432943094539
870000	7.57512450990853	-0.110587358412443	-14.5973911602311	-0.110587358412443	56.1617284590334	6.98738545654119	-14.5973911602311	6.98738545654119	67.6034557869282
880000	2.44970041865457	-1.11356118068887	-6.17475363316398	-1.11356118068887	101.065672007397	7.39568351893714	-6.17475363316398	7.39568351893714	47.7704746512442
890000	1.92057823908914	-1.70372200181049	-6.46522215295274	-1.70372200181049	53.1676097052909	10.2386761345942	-6.46522215295274	10.2386761345942	56.192362579605
9e+05	2.29930874211793	-4.42526079157107	-6.18511313770575	-4.42526079157106	42.9950335833616	12.0457206556785	-6.18511313770575	12.0457206556785	50.8725812044031
910000	3.67018101033752	-5.78806558709075	-8.16665209563437	-5.78806558709075	62.1704439448009	6.7064841042904	-8.16665209563437	6.7064841042904	52.7734859435877
920000	4.0989385062395	-1.47931867307519	-7.33695665425326	-1.47931867307519	49.9888866476094	2.36411100899031	-7.33695665425326	2.36411100899031	55.905039723662
930000	2.63299153486579	-1.13571259321073	-7.21322581330542	-1.13571259321073	64.7795717569686	15.9325045790877	-7.21322581330542	15.9325045790877	58.2290277540512
940000	2.5348822498937	1.67018859835509	-7.85679022431551	1.67018859835509	74.9445088778435	3.0661905684514	-7.85679022431551	3.0661905684514	70.168642374019
950000	24.2839517464104	-13.3667607555121	-21.8685904725922	-13.3667607555121	65.767047924148	-1.86258907619508	-21.8685904725922	-1.86258907619508	49.2740303051494
960000	14.3770237420686	-4.62396659445313	-11.6107510072707	-4.62396659445313	68.4388950577493	7.12936258638307	-11.6107510072707	7.12936258638307	46.1875317323839
970000	4.82784387762124	0.300878191147598	-14.2127952677111	0.300878191147598	63.2112739617777	-16.5514360643638	-14.2127952677111	-16.5514360643638	80.9411479297758
980000	4.18609094215812	-6.6755849736952	-13.0584648872721	-6.6755849736952	60.8657435929182	20.9817000818327	-13.0584648872721	20.9817000818327	78.0335628802003
990000	3.05103242234534	1.57297181334102	-8.73835124773555	1.57297181334102	70.8102834097532	-0.873594354281069	-8.73835124773555	-0.873594354281069	54.5719562945449
1e+06	1.21104902434037	-0.247633187788232	-3.25629384477964	-0.247633187788231	63.4444272220158	6.89195615856192	-3.25629384477964	6.89195615856192	53.093237110851
1010000	1.39475819152812	-3.36828192523403	-3.85869947474184	-3.36828192523403	73.540518842795	-2.6503403971381	-3.85869947474184	-2.65034039713811	76.8430524792035
1020000	2.91093215345449	0.795774435494134	-8.18518031710529	0.795774435494134	61.0026022599515	-3.64170886053257	-8.18518031710529	-3.64170886053257	61.8013196292858
1030000	8.82647683267592	5.8704756038073	-5.86479510685162	5.8704756038073	60.7874663881678	23.0847372215689	-5.86479510685162	23.0847372215689	75.5151168229996
1040000	8.84857486834791	-1.66665901337904	-10.7417703460482	-1.66665901337904	36.7288875839431	-5.34442626138923	-10.7417703460482	-5.34442626138923	47.0393786418779
1050000	3.05208236382426	-4.50564624754119	-7.36913311040349	-4.50564624754119	71.5147061245434	8.12357204194691	-7.36913311040349	8.12357204194691	56.4703632075982
1060000	2.83809669432449	0.420803338560275	-9.30467994000901	0.420803338560275	60.6808699075568	2.9117905543498	-9.30467994000901	2.9117905543498	66.4061401729852
1070000	3.65550914925506	-2.60589172021771	-11.870459622373	-2.60589172021771	69.3652904088872	11.3886869827772	-11.870459622373	11.3886869827772	76.3137517675707
1080000	8.16070282420519	-0.0312899989070252	-12.5653137889583	-0.0312899989070252	53.7168227481002	-2.22280668704294	-12.5653137889583	-2.22280668704294	65.1938056143718
1090000	2.59690281324001	-4.61097904633307	-6.57663231902405	-4.61097904633307	57.771293375622	16.2094642195892	-6.57663231902405	16.2094642195892	43.6102719259575
1100000	8.29940336410459	-6.12083944550826	-9.69667749679804	-6.12083944550826	58.9678912236717	1.15751262033787	-9.69667749679804	1.15751262033787	36.144838629698
1110000	8.2174066655825	-7.70263428084938	-10.5390475204039	-7.70263428084938	60.5511904067903	1.48566581653686	-10.5390475204039	1.48566581653686	49.954422335329
1120000	7.06971790426878	1.52665352671726	-8.68884339188027	1.52665352671726	54.5737612134102	9.1672464806909	-8.68884339188027	9.1672464806909	48.6786860512146
1130000	1.956641557775	1.07148393447887	-6.22220852825521	1.07148393447887	60.001675517583	-5.15368217543153	-6.22220852825521	-5.15368217543153	49.2286176730802
1140000	2.17328840257053	-0.212604787600957	-5.07836530777741	-0.212604787600957	67.4675352797112	6.75330122028491	-5.07836530777741	6.75330122028491	46.9267213417976
1150000	10.1475306470632	-3.01955947323454	-17.3414620593358	-3.01955947323454	59.7482496878586	7.96468077152131	-17.3414620593358	7.96468077152131	58.1657312385976
1160000	2.57618792517397	-1.07312172186085	-6.72541454351394	-1.07312172186085	57.3255214788096	-9.21948760933257	-6.72541454351394	-9.21948760933257	55.9064957376636
1170000	1.57144207235769	1.50227370323403	-3.9240181710609	1.50227370323402	58.0913122653398	11.3931672676341	-3.9240181710609	11.3931672676341	52.8128234068598
1180000	3.59411799581873	-2.15257300798778	-10.9590715069689	-2.15257300798778	69.0669132091487	5.8465824396005	-10.9590715069689	5.8465824396005	67.3844942966562
1190000	2.83112978218667	-2.932396360487	-8.19845486408621	-2.932396360487	52.705607110695	23.6071054091677	-8.19845486408621	23.6071054091677	71.8312718456836
1200000	20.8953252702994	-3.60334037348293	-26.2250128501859	-3.60334037348293	42.5504733416143	1.81249912851316	-26.2250128501859	1.81249912851316	57.4287729530546
1210000	7.36051774179041	0.149089367740145	-11.500497135904	0.149089367740145	58.1082380402621	8.13840898676771	-11.500497135904	8.13840898676771	72.3575661099049
1220000	4.92890012627721	1.00632855052354	-12.9034545940607	1.00632855052354	66.496295191389	-1.25402524946262	-12.9034545940607	-1.25402524946262	63.948529790461
1230000	2.4885706621824	-0.797803387282843	-7.8893808729014	-0.797803387282843	38.2418939852463	5.97007124102907	-7.8893808729014	5.97007124102907	63.6656199400392
1240000	3.20358008090362	-4.4324195972979	-6.2745025176534	-4.43241959729789	55.5046589718626	3.81948136015447	-6.2745025176534	3.81948136015447	50.8975133053972
1250000	2.98391125355385	0.892340895449405	-5.9192976268184	0.892340895449405	51.0197561960786	10.2201515523932	-5.9192976268184	10.2201515523932	65.4432347780823
1260000	2.58493667064119	-0.652284927272181	-5.05380849041318	-0.652284927272181	57.2560471560378	2.46938433430594	-5.05380849041318	2.46938433430594	49.8031038027145
1270000	1.68362286645394	-1.07154254197176	-5.34494186478995	-1.07154254197176	52.5083760711018	3.05798276738305	-5.34494186478995	3.05798276738305	48.9625373671539
1280000	3.43307328793782	-0.718028222000795	-5.46629587635234	-0.718028222000795	49.8299786032838	-1.18116627114755	-5.46629587635234	-1.18116627114755	56.5860149998665
1290000	2.43316341379571	-2.27506634168662	-3.63955669954407	-2.27506634168662	52.6116064821549	-2.52723952727863	-3.63955669954407	-2.52723952727863	51.2020436026774
1300000	19.3207598778401	-9.37710748800008	-25.5418665433855	-9.37710748800007	56.8989070691623	13.3014325158751	-25.5418665433855	13.3014325158751	59.3422233684021
1310000	3.41672731216852	-4.60206170914106	-4.98823944921299	-4.60206170914106	68.5734802497535	-13.8033557144768	-4.98823944921299	-13.8033557144768	47.6199172430799
1320000	3.0718248041904	-5.58229503150598	-9.45082318533421	-5.58229503150598	77.4929883316737	20.8406955053688	-9.45082318533421	20.8406955053688	63.0967368493869
1330000	2.49887349988637	-1.05468367845042	-5.34507984131028	-1.05468367845042	57.321056223174	13.5904546318174	-5.34507984131028	13.5904546318174	48.3054911001975
1340000	3.2758118632706	-4.38786270084143	-4.59554795079604	-4.38786270084143	71.7984419727206	5.14624185775728	-4.59554795079604	5.14624185775728	43.8169512686441
1350000	6.16934884715446	-1.71017948985358	-11.2385073960261	-1.71017948985358	58.3998750331842	11.9615717075795	-11.2385073960261	11.9615717075795	61.744196237838
1360000	3.97228601209881	-1.68021124771547	-6.52275926476067	-1.68021124771547	50.5501024063268	2.92306229633319	-6.52275926476067	2.92306229633319	47.7043001716308
1370000	3.80545249541992	-0.0440021411621502	-10.2227629658351	-0.0440021411621505	49.8848870374394	5.92496605255209	-10.2227629658351	5.92496605255209	64.902158585353
1380000	10.9229839144678	1.01708493693574	-9.73729269431776	1.01708493693574	53.8165201969076	7.20907893928646	-9.73729269431776	7.20907893928646	47.2110726330564
1390000	14.7743324583427	-5.78661085877347	-22.4135616980767	-5.78661085877347	50.846406581279	11.1422465048557	-22.4135616980767	11.1422465048557	56.3480173383269
1400000	3.07658466915364	-2.66630867783916	-10.5924255415139	-2.66630867783916	61.3091605598547	1.77372512793061	-10.5924255415139	1.77372512793061	70.090567368193
1410000	5.18848013054011	-9.17851724025986	-15.6876568867399	-9.17851724025985	71.8154476750438	27.6387998625418	-15.6876568867399	27.6387998625418	82.1154545429128
1420000	4.46538441715411	-1.76124169698891	-10.3460510306728	-1.76124169698891	76.4514084898908	3.98794776139755	-10.3460510306728	3.98794776139755	58.0111619321164
1430000	7.2786330858021	-4.85461502401403	-12.0469797362498	-4.85461502401403	59.8448923327646	4.02779647088059	-12.0469797362498	4.02779647088059	46.4610812328009
1440000	7.80820846929748	-5.17818766850054	-10.1312116625	-5.17818766850055	73.9039590520671	0.734127667435915	-10.1312116625	0.734127667435914	47.7258094182209
1450000	2.44279375499225	-0.707628512885064	-5.58451202839697	-0.707628512885065	67.9601973058515	-2.41804284858829	-5.58451202839697	-2.41804284858829	53.0346302478453
1460000	7.76227728308525	-3.65933816377505	-12.217409940596	-3.65933816377505	52.3328980543699	3.61713944202384	-12.217409940596	3.61713944202384	39.4689437243381
1470000	9.57223004101201	-2.84289094755924	-16.2394621329555	-2.84289094755924	51.6692855298159	5.23561512912448	-16.2394621329555	5.23561512912448	63.383159777621
1480000	29.5705804484275	-1.46221931177915	-27.6862129196804	-1.46221931177915	94.5365189353278	37.6207130873968	-27.6862129196804	37.6207130873968	65.4036921214651
1490000	47.3686677941786	11.2888894299937	-32.6465617794808	11.2888894299937	68.4450988978433	-6.76924216235299	-32.6465617794809	-6.76924216235299	65.8375860409527
1500000	43.9802002832679	1.12833499956304	-40.9823113657103	1.12833499956304	79.0967062812017	18.490773997254	-40.9823113657103	18.490773997254	69.652674594301
1510000	19.1080949948755	-7.09285153478649	-19.734929361609	-7.09285153478649	77.4711461099163	-2.84824939826115	-19.734929361609	-2.84824939826115	59.2790112811504
1520000	28.8555946779045	-10.3841460377787	-24.0243950906506	-10.3841460377787	57.2357469772953	9.82014478087061	-24.0243950906506	9.82014478087062	66.2101141302079
1530000	10.1245622517785	-11.1585859891985	-9.71086428838604	-11.1585859891985	78.8981960701653	7.74804811948477	-9.71086428838604	7.74804811948477	52.5792505951565
1540000	2.29555077039347	-0.57503574959091	-6.7319783873409	-0.57503574959091	62.4238495062905	-6.42560916133689	-6.7319783873409	-6.42560916133689	68.6451626071129
1550000	4.00297089008012	1.39796193191898	-7.48443215995842	1.39796193191898	49.8232975535092	6.22913440839424	-7.48443215995842	6.22913440839424	64.5727752513235
1560000	11.494548225997	-9.50442250789967	-11.3248241931126	-9.50442250789967	56.9944855649584	10.7120642043899	-11.3248241931126	10.7120642043899	46.7182540779437
1570000	3.30926063563271	-3.36517459168766	-8.05899874528384	-3.36517459168766	74.5174835496011	14.8272629939611	-8.05899874528384	14.8272629939611	55.5087408702292
1580000	3.24194246670463	-5.00247474222725	-9.07599167094399	-5.00247474222725	69.1649857005775	22.6223198612575	-9.07599167094399	22.6223198612575	77.2429434851248
1590000	9.37189595234776	-3.67677982709025	-13.2911455339947	-3.67677982709025	47.924911582859	0.372772498638875	-13.2911455339947	0.372772498638876	62.5600114665478
1600000	15.2908653480875	-6.61286079248505	-15.5951043731676	-6.61286079248505	49.425989178348	-0.456761192509218	-15.5951043731676	-0.456761192509219	49.0497981226377
1610000	6.7727783996886	-5.46961612335186	-13.8322273749848	-5.46961612335186	52.6338318787469	18.1985069337552	-13.8322273749848	18.1985069337552	70.7601203300522
1620000	4.94086110628528	-3.40120000272443	-7.7574007528137	-3.40120000272443	57.5873710337459	16.2999257530192	-7.7574007528137	16.2999257530192	55.8919659101829
1630000	1.61381222845607	-0.399968662170596	-6.53671951255512	-0.399968662170596	47.6515468274698	10.7334783338032	-6.53671951255511	10.7334783338032	60.3732619770991
1640000	1.69921938907927	0.441736968815419	-6.53672223111952	0.441736968815419	62.9389264508973	8.05162859428937	-6.53672223111952	8.05162859428936	51.7167550150917
1650000	7.16810647275087	7.07592250728927	-11.8410998501748	7.07592250728927	65.7290997666931	5.33692742662957	-11.8410998501748	5.33692742662958	50.0855818370509
1660000	3.15169521246845	1.62466976534251	-7.9252947652331	1.62466976534251	44.967258173225	-3.44498986704285	-7.9252947652331	-3.44498986704285	59.2019410706297
1670000	2.05341635783096	-2.59930084338241	-4.5437029769579	-2.59930084338241	54.6829158238595	13.5119628669697	-4.5437029769579	13.5119628669697	58.6988739455675
1680000	2.36002821001726	-3.5609657147293	-7.50022656818745	-3.5609657147293	54.8297178890276	10.0223513819208	-7.50022656818745	10.0223513819208	58.123352588899
1690000	9.90603456255097	-3.77408608427327	-21.6614142777956	-3.77408608427327	60.1395186502357	12.9392551195229	-21.6614142777956	12.9392551195229	78.4381524949599
1700000	5.80688403988438	-5.69907143579554	-12.8108423101052	-5.69907143579554	61.1078241384512	3.11554109853527	-12.8108423101052	3.11554109853527	61.4626599798799
1710000	3.4693876881883	-4.53746365018958	-7.4180764129345	-4.53746365018958	48.6188606639941	3.11656581192279	-7.4180764129345	3.11656581192278	45.9830052253586
1720000	6.83149904066045	-0.892545756791116	-11.1618369465809	-0.892545756791116	69.6105095709227	10.2958134548688	-11.1618369465809	10.2958134548688	53.0492052723208
1730000	15.116384953544	-10.3600513254875	-23.7052032658584	-10.3600513254875	44.9696579033132	18.4719984095148	-23.7052032658584	18.4719984095148	66.6086899399347
1740000	24.1020824446617	-3.34302439204634	-19.9051854539872	-3.34302439204634	59.2623201279955	9.08687232920852	-19.9051854539872	9.08687232920852	48.5897116327932
1750000	16.7128567515573	2.16208296432498	-23.6291689608378	2.16208296432498	44.7176570255518	3.12507306109829	-23.6291689608378	3.12507306109829	59.3023436689122
1760000	1.47762479865856	0.866842215346064	-4.79008002829152	0.866842215346064	57.0928415611489	0.886882711093925	-4.79008002829152	0.886882711093924	62.3019979248575
1770000	1.42372874073936	-0.300359185379753	-3.18021828560011	-0.300359185379753	63.0357759862816	3.1150376189791	-3.18021828560011	3.1150376189791	57.6046341539943
1780000	3.72884773099118	-4.48176743623555	-9.07028780633319	-4.48176743623555	48.7957012051555	7.52612314045052	-9.07028780633319	7.52612314045052	52.1587757914957
1790000	4.59277263990639	0.755966106387375	-7.87620370611328	0.755966106387376	54.461340575045	13.5928136398526	-7.87620370611328	13.5928136398526	56.2564169093964
1800000	5.48289196594695	-6.83238572449549	-11.0514351943726	-6.83238572449549	60.6211568792399	4.07201837254164	-11.0514351943726	4.07201837254164	54.312637333903
1810000	1.75108542521982	-3.76059967377291	-4.21392712164208	-3.76059967377291	56.9769189761277	9.05309428522808	-4.21392712164208	9.05309428522808	72.0991499879065
1820000	1.04629051255803	1.88987384883204	-4.12867064257459	1.88987384883204	62.0521679171613	-10.0277071059917	-4.12867064257458	-10.0277071059917	51.0821651374547
1830000	5.45612140300665	-5.91151159681949	-9.52928444951145	-5.91151159681949	45.3152374618055	4.65686085429435	-9.52928444951145	4.65686085429435	55.6491528493879
1840000	3.26193437030871	0.128622384690927	-6.42459513477478	0.128622384690927	57.2608111140264	3.96572773307044	-6.42459513477478	3.96572773307044	52.3538031473826
1850000	4.05933640303457	-1.67399805418897	-7.90475223727203	-1.67399805418897	60.2891467966627	7.84718585723066	-7.90475223727202	7.84718585723066	73.0025843069113
1860000	14.3640663223013	-14.1333928139151	-20.3266356118014	-14.1333928139151	67.7211190382884	21.1834290193947	-20.3266356118014	21.1834290193947	59.1036662545054
1870000	9.28083144180119	-4.20304977996972	-8.05382597777392	-4.20304977996972	72.6208879763325	10.242410623326	-8.05382597777392	10.242410623326	37.9579088903706
1880000	3.92635714224713	-1.17849465682358	-6.47711998524452	-1.17849465682358	68.5004264644597	7.24138050147337	-6.47711998524452	7.24138050147338	57.6140984144214
1890000	15.0406007416877	-3.12787036686566	-14.3921031569696	-3.12787036686566	59.8783516683034	0.268934971555018	-14.3921031569696	0.268934971555018	53.953631014616
1900000	24.6693696630213	-1.78534210559145	-25.1483115352792	-1.78534210559145	61.0927038389506	-2.13438259084585	-25.1483115352792	-2.13438259084585	62.775349537644
1910000	8.0637820978331	-7.93052274474156	-19.5373115534795	-7.93052274474156	55.3125879401658	24.5650247687648	-19.5373115534795	24.5650247687648	80.2712396037007
1920000	4.91975798350535	-0.0188326700188899	-11.7234237974844	-0.0188326700188898	56.5781548339728	-1.23815144198945	-11.7234237974844	-1.23815144198945	59.3408121533984
1930000	9.01943249655664	0.624939110782424	-14.4460925527733	0.624939110782425	98.3344631940521	1.97817302309669	-14.4460925527733	1.97817302309669	54.7181424512055
1940000	1.58637711358497	1.32020920443049	-6.05512425529824	1.32020920443049	59.3832926262785	-5.00098810928764	-6.05512425529824	-5.00098810928764	59.7000192582286
1950000	5.68548309341622	-3.45854776500963	-12.5540854448259	-3.45854776500963	61.1118172827148	17.5239609735962	-12.5540854448259	17.5239609735962	58.4545969906548
1960000	7.10700698142536	-3.95208099528176	-7.95541457796874	-3.95208099528176	48.4688523537192	5.78067024555695	-7.95541457796874	5.78067024555695	48.7093182154211
1970000	3.31356332719655	-1.77074014706942	-11.6198676961359	-1.77074014706942	57.8288942943219	2.44572809616034	-11.6198676961359	2.44572809616034	79.8278505460112
1980000	1.7651174009584	-2.45533492532735	-5.10285767573721	-2.45533492532735	60.8338828511186	4.56067191789991	-5.10285767573721	4.56067191789991	60.8929529983626
1990000	2.03071271663964	-0.868543311259811	-9.25802234134008	-0.86854331125981	65.7170906710971	3.33475651926454	-9.25802234134008	3.33475651926454	75.518734616558
2e+06	1.35865165697303	-0.870512458521343	-3.71411986959695	-0.870512458521343	69.8705801849825	9.81524975429236	-3.71411986959695	9.81524975429236	53.1532595742153
2010000	1.96762687468345	0.90734680734505	-5.64710435882143	0.90734680734505	47.6005736736793	0.0573111499754215	-5.64710435882143	0.0573111499754213	47.0610286729026
2020000	2.15693907973629	-2.16884289935082	-8.68393984091206	-2.16884289935082	59.3837018404139	0.910114008799535	-8.68393984091206	0.910114008799538	60.785357473471
2030000	2.16176143764941	-2.29960654766425	-6.22202083192157	-2.29960654766425	51.0600191429158	5.25403701148177	-6.22202083192157	5.25403701148177	59.0404563619604
2040000	4.73136587229554	-7.38621992556565	-11.1988830513958	-7.38621992556565	59.4506064762648	20.9199728799325	-11.1988830513958	20.9199728799325	60.1956147700983
2050000	1.99881464524656	-5.63398749689548	-5.56115193541439	-5.63398749689548	64.3755018334823	13.3516611031784	-5.56115193541439	13.3516611031784	66.8291403727973
2060000	9.57834056758039	0.511116575178947	-11.229836656081	0.511116575178947	54.6941277623346	-0.172448707237205	-11.229836656081	-0.172448707237205	43.6632287921547
2070000	53.0491576817811	-19.3953059062378	-43.8226151787459	-19.3953059062378	59.9436311073047	8.5532321946847	-43.8226151787458	8.5532321946847	61.2325667323022
2080000	7.52672428218765	-1.79216617083171	-16.9888014839789	-1.79216617083171	69.7118562931806	1.04441092551828	-16.9888014839789	1.04441092551828	83.556375595426
2090000	2.53265038489128	-1.01560110909831	-9.22390468421186	-1.01560110909831	48.383357038393	8.66724646619118	-9.22390468421186	8.66724646619118	86.0557496537026
2100000	2.8023399461551	-1.11201558037549	-3.78059625943617	-1.11201558037549	60.9095477343604	11.0455422202232	-3.78059625943617	11.0455422202232	46.1759998482595
2110000	2.01146054494209	-1.46092353124539	-7.65665964308666	-1.46092353124539	40.9858711213368	4.1232355052451	-7.65665964308666	4.1232355052451	53.9454751526549
2120000	3.24283326723005	-0.852471528870261	-11.1185709397232	-0.852471528870262	60.8152158022425	5.13731561443337	-11.1185709397232	5.13731561443337	76.3903791580833
2130000	1.6150101772497	-1.33577248039227	-3.2049190284075	-1.33577248039227	92.0118151300197	13.7840596745668	-3.2049190284075	13.7840596745668	60.5648050836951
2140000	5.7204511122108	-0.787490336364038	-13.3249495322392	-0.787490336364039	62.2484297451908	18.4095058006138	-13.3249495322392	18.4095058006138	65.9309577826591
2150000	3.49818226351019	-4.2599874440742	-8.40301738047099	-4.2599874440742	66.6960135612671	13.0262565691692	-8.40301738047099	13.0262565691692	50.1270958483009
2160000	1.28083783377669	-2.48817817635105	-2.89190098075317	-2.48817817635105	59.6724986364408	1.68663428152935	-2.89190098075317	1.68663428152935	55.7900560941273
2170000	4.34624891366968	0.729890867692563	-9.24242771861736	0.729890867692563	59.4926093142945	-1.90447467377998	-9.24242771861736	-1.90447467377998	61.7420611865719
2180000	4.03710972363756	1.36984820220975	-10.4906340795023	1.36984820220975	47.9016988599515	-2.8438569950803	-10.4906340795023	-2.8438569950803	56.395944080717
2190000	7.48950979566955	-6.82410125807314	-7.62060271738254	-6.82410125807314	65.3093149211894	18.7696115727254	-7.62060271738254	18.7696115727254	56.8556252775814
2200000	2.78416379333906	-3.71421771443047	-10.6467414015783	-3.71421771443047	69.7076417443833	18.4893691305135	-10.6467414015783	18.4893691305135	83.3485058844121
2210000	2.52592921351056	-0.36501626777948	-6.3587160623041	-0.36501626777948	58.4019027217816	7.94377214918871	-6.3587160623041	7.94377214918871	42.9495466377556
2220000	12.883468428695	0.744719380268902	-15.4493564990835	0.744719380268902	56.6238960411273	2.00769931612019	-15.4493564990835	2.00769931612019	60.9560659841134
2230000	7.13556017147769	-2.66820419616796	-11.4446060491567	-2.66820419616796	84.7001465939849	-3.0598488815687	-11.4446060491567	-3.0598488815687	60.3932698526301
2240000	16.742708310142	-7.26429075668571	-33.5709400990504	-7.26429075668571	61.6995482805194	9.86826973754968	-33.5709400990504	9.86826973754968	99.7074337325337
2250000	7.03627907624496	-4.79591906181796	-8.39920058025309	-4.79591906181796	47.9583868752908	4.21442015146335	-8.39920058025309	4.21442015146335	47.8291402313135
2260000	5.94587204008577	-1.68919851804054	-11.9873752613801	-1.68919851804054	46.0812521800359	11.3430434398268	-11.9873752613801	11.3430434398268	61.8967865363434
2270000	2.34997775235288	0.331698377793675	-2.71179767287127	0.331698377793675	51.4181353587911	6.84799921961535	-2.71179767287127	6.84799921961535	59.201731723635
2280000	5.10425191151273	-2.37827313898181	-7.46100948125093	-2.37827313898181	56.0215726977526	6.87946304082517	-7.46100948125093	6.87946304082517	54.0902526522145
2290000	4.16931479336502	-0.571496143836507	-9.45671053376466	-0.571496143836507	46.3223122416457	1.30880721647555	-9.45671053376466	1.30880721647555	57.1218582283975
2300000	2.29636966369936	-4.27443212843302	-3.97288924160643	-4.27443212843302	61.3577466836653	4.33423531620966	-3.97288924160643	4.33423531620966	50.5796558959392
2310000	5.35983958390507	-2.22143619058876	-11.5664444532206	-2.22143619058876	67.8346524910712	10.9738460381846	-11.5664444532206	10.9738460381846	63.9063388484136
2320000	3.19563742605647	-1.96365359984696	-9.9121196260156	-1.96365359984696	61.8257725812275	6.63145917121381	-9.9121196260156	6.63145917121381	55.4290508284434
2330000	3.87936868498565	0.52523210082912	-7.99548612927868	0.52523210082912	73.5547841374252	8.99869649127255	-7.99548612927868	8.99869649127255	65.6498853954473
2340000	1.17470059441812	-0.396712244000263	-5.21867530479075	-0.396712244000263	64.7539286548458	14.6241791490466	-5.21867530479075	14.6241791490466	59.8906046508321
2350000	11.3736500080282	-8.22445597545831	-17.2244434396613	-8.22445597545831	56.9843252276596	7.13776668924217	-17.2244434396613	7.13776668924217	66.3447889898957
2360000	3.81470729324947	-7.43657529162503	-5.12203670297617	-7.43657529162503	81.8858172434546	2.8103034098171	-5.12203670297617	2.8103034098171	56.900594584584
2370000	1.28855456236383	-1.88340945310425	-4.11980702416506	-1.88340945310425	58.3898443913792	13.3715821494419	-4.11980702416506	13.3715821494419	46.1492243251465
2380000	2.29126861820919	-1.73420118705037	-6.37904612612511	-1.73420118705037	44.3706119744511	6.5210901060971	-6.37904612612511	6.5210901060971	49.4646027712757
2390000	2.55500320459915	-1.19260588163697	-7.30603300865192	-1.19260588163697	51.6829859273951	9.75229231927298	-7.30603300865192	9.75229231927297	44.0915239937985
2400000	2.16291799653244	2.52243119970144	-5.91666752960007	2.52243119970144	64.1241662054758	-3.99436998166553	-5.91666752960007	-3.99436998166553	46.6608003076892
2410000	2.52170305608274	-0.884110328935755	-7.90273188896887	-0.884110328935755	57.2330221865917	-4.56260222913507	-7.90273188896887	-4.56260222913507	72.7648428391501
2420000	8.5149187719525	-4.04552735629457	-15.1849184424557	-4.04552735629457	66.4018022617186	6.13101379065578	-15.1849184424557	6.13101379065578	66.0190874189177
2430000	4.4761881025202	-0.62916811557829	-9.11061427573241	-0.62916811557829	59.3218095161658	-10.6429515008317	-9.11061427573241	-10.6429515008317	61.650332207321
2440000	14.6868639495689	-7.22315783412148	-23.320005017239	-7.22315783412148	56.2674974487416	9.87009028830626	-23.320005017239	9.87009028830626	70.8022398969648
2450000	2.90504123286486	-3.89025728813312	-7.61424991923213	-3.89025728813312	93.0354949027371	1.87501202543661	-7.61424991923213	1.87501202543661	62.9554599659433
2460000	1.07955522441581	0.844100822742901	-4.48678300868677	0.844100822742901	51.5107925173474	-0.180499779983981	-4.48678300868677	-0.180499779983981	61.6303659620717
2470000	2.77814799028078	-1.44282468838689	-7.03884403388234	-1.44282468838689	64.2483478330342	-1.28033818037841	-7.03884403388234	-1.28033818037841	63.3547793785983
2480000	2.34921995778992	-3.05890536361723	-5.88545730122916	-3.05890536361723	53.573856429543	11.8619914786468	-5.88545730122916	11.8619914786468	63.8615080601335
2490000	8.11367953494796	-4.24485134190854	-12.5027327913669	-4.24485134190854	50.8025431942301	-9.00733365088901	-12.5027327913669	-9.00733365088901	64.2532732333767
2500000	7.4015946112788	-3.93286277751978	-13.120888396233	-3.93286277751978	59.2869380584587	1.02915739753056	-13.120888396233	1.02915739753056	54.8198023513409
2510000	2.37139476927932	-0.615268980995649	-5.88523869702967	-0.615268980995648	54.2982457324467	11.3652912073852	-5.88523869702967	11.3652912073852	60.0527104336012
2520000	6.77169727705114	-2.20110962384599	-16.2633443683461	-2.20110962384599	63.7455510175603	-2.59845314298474	-16.2633443683461	-2.59845314298474	71.3948694012392
2530000	7.64173147787246	-9.29391927945267	-12.6800953867375	-9.29391927945267	46.9552455486024	14.0884156415561	-12.6800953867375	14.0884156415561	48.8452666545737
2540000	2.84379656743062	-1.56264706155155	-4.57692509913154	-1.56264706155155	46.5365525685624	8.57812028444486	-4.57692509913154	8.57812028444486	72.7077039219527
2550000	5.5870500550607	-2.14415989829383	-11.815671129131	-2.14415989829383	62.685691379236	8.82023408956796	-11.815671129131	8.82023408956796	70.7954250540792
2560000	1.97140128680411	0.974671683950138	-5.51697452443897	0.974671683950138	78.1269426616773	9.35699519015887	-5.51697452443897	9.35699519015887	56.443948843562
2570000	4.34128097559895	6.06098263668787	-8.97971912249736	6.06098263668787	64.4882193670031	-10.2544899665475	-8.97971912249736	-10.2544899665475	53.9305442836261
2580000	0.857938003536632	-0.893333177955087	-3.29851830885447	-0.893333177955087	64.8362697555417	5.96482650623341	-3.29851830885447	5.96482650623341	48.9386420243281
2590000	1.25791051020817	1.34295671037233	-3.99539323868595	1.34295671037233	71.0896632809066	-0.920290602818217	-3.99539323868595	-0.920290602818217	48.7739208756862
2600000	2.31903714276501	-0.590408955490444	-6.93065222092691	-0.590408955490444	69.3612154233092	4.67267334734402	-6.93065222092691	4.67267334734402	62.4886755286293
2610000	5.01114859024069	-3.93035331360591	-12.5694648027832	-3.93035331360591	49.9187704191466	16.8412023371319	-12.5694648027832	16.8412023371319	63.3020621138986
2620000	3.98439580334373	-7.16754621863825	-8.6419545230748	-7.16754621863825	59.6494443649699	3.30405246416153	-8.6419545230748	3.30405246416153	65.5422807961259
2630000	2.03312541292605	-2.87397286628205	-5.99617579600205	-2.87397286628205	45.7302424785288	0.482326585551679	-5.99617579600205	0.48232658555168	48.8330020333822
2640000	2.51001189675169	-1.0981312225761	-6.7369736760486	-1.0981312225761	53.5589234261491	8.27235329523467	-6.7369736760486	8.27235329523467	52.5953740360507
2650000	3.53224081600633	-0.992640903511073	-9.29453709535915	-0.992640903511073	73.3969214763503	-0.452477386740215	-9.29453709535915	-0.452477386740215	54.2701817427219
2660000	1.48114272328814	-2.00259752930786	-3.53995261133249	-2.00259752930786	82.8170256953721	4.21545396289272	-3.53995261133249	4.21545396289272	37.6299300739553
2670000	1.74746011666544	-2.11800260674611	-4.97396421092111	-2.11800260674611	56.3539201782662	13.4685735586597	-4.97396421092111	13.4685735586597	42.827709071736
2680000	5.99504406989006	-1.83835976609682	-8.7224849414842	-1.83835976609682	51.9935164624884	15.4883788808628	-8.7224849414842	15.4883788808628	49.7238885349455
2690000	1.90204347962089	0.581974541976327	-5.89804811012403	0.581974541976327	59.4575318704376	0.811827363916299	-5.89804811012403	0.811827363916299	58.4583929637794
2700000	3.1363061198566	-4.05734624780958	-7.90012014537559	-4.05734624780958	50.2159631692125	9.54201397605597	-7.90012014537559	9.54201397605597	55.7390242441472
2710000	7.43347822570155	3.40283603598759	-13.2494827448181	3.40283603598759	59.5518884151313	10.5500901927923	-13.2494827448181	10.5500901927923	67.2688651549935
2720000	13.382498567474	-10.3392631885347	-22.0982994739963	-10.3392631885347	79.6288624714358	19.4577935136883	-22.0982994739963	19.4577935136883	75.0373485392577
2730000	6.30000939766137	2.23391018776883	-4.66277862042743	2.23391018776883	71.3534064197488	9.13227427576366	-4.66277862042743	9.13227427576366	44.3665860876472
2740000	5.92408337390799	-6.3530989997397	-11.643697347959	-6.3530989997397	61.0745443164495	11.6420928223536	-11.643697347959	11.6420928223536	55.2724575912854
2750000	4.81869905721801	-6.62717753199056	-9.65003040774708	-6.62717753199056	64.333050045865	1.58609593919698	-9.65003040774708	1.58609593919699	49.729826026112
2760000	2.87678711086086	-2.61451761280332	-9.60268565950505	-2.61451761280332	54.4302979204266	3.75725886856015	-9.60268565950505	3.75725886856015	65.3930640013251
2770000	3.24587493768169	-0.0628446436284949	-11.4417480131367	-0.0628446436284951	65.5177734728887	7.72971965440964	-11.4417480131367	7.72971965440964	83.6828372999472
2780000	1.35336220495015	-0.278408629856028	-3.98100977807841	-0.278408629856028	56.697839628638	13.295479494569	-3.98100977807841	13.295479494569	57.7160308931962
2790000	1.81248726790124	0.185331927850349	-7.812894055971	0.185331927850349	52.6264086165406	5.6574069348311	-7.812894055971	5.6574069348311	70.2133041516843
2800000	1.80039148303297	-2.89324120877191	-4.3466358063437	-2.89324120877191	67.4029532333855	5.66905105739963	-4.3466358063437	5.66905105739963	60.6356264424883
2810000	5.2822158266804	-0.830853368236366	-8.28878967070527	-0.830853368236366	42.6346627204142	2.26381532932031	-8.28878967070527	2.26381532932031	47.6205575699025
2820000	6.23523866894365	-4.51135381384245	-9.68316665036124	-4.51135381384245	48.8344246578728	11.1549029670266	-9.68316665036124	11.1549029670266	46.2204851817877
2830000	2.64405998005494	3.208529442689	-3.22729982436306	3.208529442689	52.988294275471	5.99848381194311	-3.22729982436306	5.99848381194311	47.2951907269959
2840000	9.8494602807839	-5.68806897801278	-14.8809080530796	-5.68806897801278	67.1548349625547	18.2093005792598	-14.8809080530796	18.2093005792598	64.9815763671019
2850000	2.82251661857447	-2.11137559060148	-6.80843074571452	-2.11137559060148	44.5338380491667	0.696701722927758	-6.80843074571452	0.696701722927759	49.8785054751938
2860000	19.5646486709383	-1.73455015580817	-19.411848201507	-1.73455015580817	48.4354773399524	1.92512526773333	-19.411848201507	1.92512526773333	56.5885685496225
2870000	21.2582436122618	-10.4512375231334	-15.900211857781	-10.4512375231334	47.2734338717007	-2.6455020276695	-15.900211857781	-2.6455020276695	50.6777036947462
2880000	4.03369805033216	-6.09354795681822	-7.3167138564139	-6.09354795681822	51.7013513849575	19.5663607771391	-7.3167138564139	19.5663607771391	67.6899406435501
2890000	4.14726710632675	3.45823713056209	-4.65939546131062	3.45823713056209	65.1991890071778	8.32613281922242	-4.65939546131062	8.32613281922242	53.813805263067
2900000	5.99069027058198	-0.767574868711174	-13.5483622098646	-0.767574868711174	57.5596244046577	-5.08168866195792	-13.5483622098646	-5.08168866195792	93.0632609650131
2910000	3.87767187893243	-4.36326512645592	-11.0206459121379	-4.36326512645592	60.5785186982212	22.9649976361455	-11.0206459121379	22.9649976361455	65.9439074827291
2920000	1.93276421866685	-2.1632018959369	-6.96621637681247	-2.1632018959369	63.2615008316658	18.0278289109569	-6.96621637681247	18.0278289109569	64.9494618277021
2930000	3.30057407548639	-1.67991055308274	-11.9174958755127	-1.67991055308274	67.0683308063515	-2.27135643512648	-11.9174958755127	-2.27135643512648	87.2055498982796
2940000	13.7776104844462	-5.81703867038156	-16.8758676665206	-5.81703867038156	45.5462891009748	12.3194346347679	-16.8758676665206	12.3194346347679	52.9041341505192
2950000	4.51679869563459	-7.83857398300374	-9.23282786977165	-7.83857398300374	51.8991294968586	10.6873087326603	-9.23282786977165	10.6873087326603	64.9188372064897
2960000	8.77805648205622	-3.0146794354487	-17.4274812728511	-3.0146794354487	63.0174210475787	8.91420317266697	-17.4274812728511	8.91420317266697	61.2582475020789
2970000	1.43809948867742	-1.80530222911412	-3.57483639142988	-1.80530222911412	57.9851409644939	8.8233397952379	-3.57483639142988	8.8233397952379	65.3402956692386
2980000	1.65335262312994	0.454013508178346	-4.45206404661796	0.454013508178346	61.3000581326642	2.35470868818445	-4.45206404661796	2.35470868818445	54.7923004253502
2990000	3.16365266445963	-4.78021124766743	-5.69980612508085	-4.78021124766743	69.1778014349659	3.87372635605146	-5.69980612508085	3.87372635605146	43.5570729783162
3e+06	2.43780411716369	-4.28709649353885	-5.02465061773388	-4.28709649353885	56.2131679727622	12.5115108674438	-5.02465061773388	12.5115108674438	56.2797143546082
3010000	3.69714944497331	-3.62859318211808	-10.8748723693594	-3.62859318211808	48.4641910017768	17.5239970715228	-10.8748723693594	17.5239970715228	68.4854029666587
3020000	6.77306391777489	-0.493639658415327	-12.3675620163013	-0.493639658415326	47.7052860140101	7.9998589593285	-12.3675620163013	7.9998589593285	42.9196218252186
3030000	2.11757067487684	-0.112859032306209	-2.93007770899139	-0.112859032306209	53.1337646243144	9.04925055157847	-2.93007770899139	9.04925055157847	50.7536534804536
3040000	4.02795215057681	-1.37045642430763	-10.9806182975596	-1.37045642430763	97.7573920406734	12.6490734365705	-10.9806182975596	12.6490734365705	62.2941549062112
3050000	1.29091257110677	0.0181699577842874	-2.79260302095411	0.0181699577842874	48.2924829956808	11.6647935877498	-2.79260302095411	11.6647935877498	82.8304616046135
3060000	4.44901022349896	-5.55578139758234	-9.73632822617491	-5.55578139758234	54.2111345834938	14.460793234789	-9.73632822617491	14.460793234789	55.6604103235964
3070000	4.64115838433053	0.861936179267912	-11.0784444330466	0.861936179267913	58.1003796612602	1.51750030002522	-11.0784444330466	1.51750030002522	78.6098649317971
3080000	7.45814345536891	-1.04737421924438	-15.8856056774396	-1.04737421924438	56.0672637570076	4.94665021247215	-15.8856056774396	4.94665021247215	61.662392472647
3090000	5.36245878155946	-1.07645833197359	-11.1813061443128	-1.07645833197359	78.0169866892473	18.8722131314427	-11.1813061443128	18.8722131314427	57.2721128138034
3100000	2.47083362133792	-0.839610960965768	-6.49939275439648	-0.839610960965768	49.1797826956607	12.7650626843994	-6.49939275439648	12.7650626843994	56.1365526067085
3110000	5.2553961199178	-10.2052645166564	-15.1426011759178	-10.2052645166564	90.7294169525614	28.0285747990209	-15.1426011759178	28.0285747990209	70.1878481714623
3120000	2.74899448813534	2.95474475862845	-8.4659375109861	2.95474475862845	77.4634148067394	-25.2683731044892	-8.4659375109861	-25.2683731044892	75.345048820149
3130000	5.12865832613589	-1.85019917398673	-9.04093503279515	-1.85019917398673	36.5456787675366	-1.227013777398	-9.04093503279515	-1.227013777398	38.2419773916614
3140000	12.9561474640346	-6.60057313167096	-18.2931505036699	-6.60057313167096	59.3086070591264	3.50248330156562	-18.2931505036699	3.50248330156562	53.2914145285143
3150000	1.95608516006276	4.25392472112383	-6.72026784734134	4.25392472112383	69.734671041366	-13.8544991470992	-6.72026784734134	-13.8544991470992	53.8643555339526
3160000	3.26263447407953	-3.376975611536	-3.87217217926485	-3.376975611536	48.1655604123651	1.11237847976472	-3.87217217926485	1.11237847976472	50.0798428548603
3170000	2.2229538805077	-1.21875141968927	-8.34149835191636	-1.21875141968927	59.8061235389571	-6.12222870823681	-8.34149835191636	-6.12222870823681	55.9374712062416
3180000	4.96519459050442	-5.50629512043166	-11.610165505249	-5.50629512043166	57.7099372110885	15.9302434282208	-11.610165505249	15.9302434282208	71.5751897365068
3190000	8.96528061661454	-6.31727965974237	-14.0528150030162	-6.31727965974237	65.1210352002963	1.89467641801402	-14.0528150030162	1.89467641801402	48.5060397003683
3200000	3.14443583759299	-3.50922771389805	-7.51148436450311	-3.50922771389805	43.880791078571	4.35522025334232	-7.51148436450311	4.35522025334232	75.9345945511297
3210000	1.77205374425871	-2.85431165502048	-5.71023930593832	-2.85431165502048	55.0933500649759	8.74697301208971	-5.71023930593832	8.74697301208971	60.508961131684
3220000	3.58999008599633	-3.4477598581183	-10.0507806515364	-3.4477598581183	62.3175954614267	3.29709619352512	-10.0507806515364	3.29709619352512	60.5945293534568
3230000	3.41659223955754	-1.03775398914053	-7.99484280228346	-1.03775398914053	65.8351487664682	10.4845240880471	-7.99484280228346	10.4845240880471	71.0198765391336
3240000	3.50168634893158	-1.16795681036234	-5.65377570085563	-1.16795681036234	64.7940428342865	1.25108129167689	-5.65377570085563	1.25108129167689	50.8112485484483
3250000	2.7809986992101	-2.45991685087802	-8.7482426794832	-2.45991685087802	57.8341646781946	8.17376253235793	-8.7482426794832	8.17376253235793	61.86902125403
3260000	3.60302793226813	-1.34660520601	-8.21295639127012	-1.34660520601	54.8170542313903	14.49890227436	-8.21295639127012	14.49890227436	57.6849403140867
3270000	6.70482121583386	-7.65352258493118	-12.6456551183389	-7.65352258493118	48.878411240515	14.8666579720068	-12.6456551183389	14.8666579720068	56.0241862739541
3280000	10.9044745149361	-8.74474052532755	-22.321628002087	-8.74474052532756	54.4602170590158	11.5138547452066	-22.321628002087	11.5138547452066	76.1679495113054
3290000	8.31963327869935	-5.43922697303073	-20.1483998634678	-5.43922697303073	65.4481356093975	14.2040038977896	-20.1483998634678	14.2040038977896	93.6962677727269
3300000	8.74585404280108	-0.0904455570367913	-14.3450749846862	-0.0904455570367915	54.653772153566	12.0070136014873	-14.3450749846862	12.0070136014873	64.2080702769351
3310000	2.90822380946249	-4.27082706681953	-7.1027782224388	-4.27082706681953	60.3384824551263	3.67438139203069	-7.1027782224388	3.67438139203069	63.7392590016725
3320000	3.79309116748692	-4.68349343114169	-5.97222369201712	-4.68349343114169	39.9544463319498	8.02615140602529	-5.97222369201712	8.02615140602529	50.0420362621337
3330000	4.86254138261934	-0.583029362845682	-9.91126360131037	-0.583029362845683	50.6635318363121	-6.26812784342866	-9.91126360131037	-6.26812784342866	52.6514346732505
3340000	3.8205978592423	0.406867978864417	-9.08460906084445	0.406867978864417	54.1599363752228	-4.50146825088847	-9.08460906084445	-4.50146825088847	52.5373832383502
3350000	3.12276956113953	-3.12522598997805	-10.0502234695002	-3.12522598997805	53.2265937233853	-2.76941834457399	-10.0502234695002	-2.76941834457399	70.1062478745104
3360000	2.845191865913	1.40445933156653	-7.4812448728545	1.40445933156653	48.0740707124505	-7.43526222418476	-7.4812448728545	-7.43526222418476	59.1033411135387
3370000	10.9276878648537	-10.1119583247899	-19.6810233182805	-10.1119583247899	68.4033785567006	43.0323122492804	-19.6810233182805	43.0323122492804	93.8866650572352
3380000	3.38422019162589	-4.07091750779966	-9.11724344661087	-4.07091750779966	66.0766718069142	2.98771174051246	-9.11724344661087	2.98771174051246	55.9406140472004
3390000	4.69749039210362	-8.27119730321806	-9.70318074393526	-8.27119730321806	87.3767966699059	19.6551174799824	-9.70318074393526	19.6551174799824	45.5828209986019
3400000	7.23728195012317	4.62600029964173	-6.86381319007165	4.62600029964173	56.4525054489858	4.40751956507696	-6.86381319007165	4.40751956507696	64.7604346960833
3410000	3.25961623870371	-2.67535047705931	-5.36898805118978	-2.67535047705931	84.0899484892565	27.2561252145912	-5.36898805118978	27.2561252145912	66.7594462968935
3420000	2.62807359932311	-4.90957772829244	-8.23350302635728	-4.90957772829244	101.628038365423	25.0602104758058	-8.23350302635728	25.0602104758059	53.4999035479
3430000	4.03482658693656	-0.289838128204136	-9.75883320382986	-0.289838128204136	57.6978796772043	-0.0821731005383929	-9.75883320382986	-0.0821731005383927	56.5155857513814
3440000	2.81776209986059	-3.75563538824509	-8.7226286880332	-3.75563538824509	48.1663643518117	13.8804804198048	-8.7226286880332	13.8804804198048	60.2624485795537
3450000	2.31417281418589	-1.4450277423417	-7.02619663604211	-1.4450277423417	77.7108784682927	1.84027597862824	-7.02619663604211	1.84027597862824	62.4316513761078
3460000	3.97073435614819	-6.28697833743139	-9.13938248734843	-6.28697833743139	51.0333446778597	15.4549943765762	-9.13938248734843	15.4549943765762	59.4654762509228
3470000	6.26449393259381	-7.36506460707548	-12.157920021691	-7.36506460707548	57.1288330753244	10.3735216297001	-12.157920021691	10.3735216297001	64.024190079592
3480000	6.93622754985521	-7.25793425827276	-16.8404196650526	-7.25793425827276	69.1519711653861	17.2704608164315	-16.8404196650526	17.2704608164315	65.896156223786
3490000	11.9804924763564	-10.1173723446416	-18.6281692251792	-10.1173723446416	79.6878249840742	5.15483289842797	-18.6281692251792	5.15483289842797	65.9118741638097
3500000	9.3079812880856	-4.73004794770135	-16.1960646640077	-4.73004794770135	47.0182197344831	11.8499803682257	-16.1960646640076	11.8499803682257	54.4844030746646
3510000	8.87244266843592	-0.698246725108851	-14.6387343693276	-0.698246725108851	78.0354111741275	-1.51008673031709	-14.6387343693276	-1.51008673031709	50.7726606659682
3520000	4.06148338380515	-3.73908043965845	-11.3775161632351	-3.73908043965845	43.8376802782412	9.52508039937214	-11.3775161632351	9.52508039937214	59.7299550691656
3530000	3.84804695580918	-2.20824712072477	-9.19852172530197	-2.20824712072477	49.4666956511911	7.40252141417845	-9.19852172530197	7.40252141417845	54.6470330491605
3540000	16.6429589905367	0.937942750403931	-24.8353221992365	0.937942750403931	61.7563745356095	3.09688076886268	-24.8353221992365	3.09688076886268	59.9373409204623
3550000	6.38478120415333	-0.391073805229486	-9.83026615952865	-0.391073805229486	75.0564580673493	1.78372385438433	-9.83026615952865	1.78372385438433	47.8227219639579
3560000	1.96493155065462	-2.61730468271077	-5.57256871837604	-2.61730468271076	52.9795558265853	12.6961180841331	-5.57256871837604	12.6961180841331	62.0606533678074
3570000	3.22935983605318	-2.04436389154209	-10.7785833437929	-2.04436389154209	50.114633934335	13.0670521118634	-10.7785833437929	13.0670521118634	61.1325536144873
3580000	1.15402211554386	-0.0666327386540221	-3.50257848254082	-0.0666327386540221	72.8096893970639	3.88956041975584	-3.50257848254082	3.88956041975584	58.0345093126085
3590000	2.34366707264088	0.565446705989469	-8.25211140792475	0.565446705989469	44.1493472173017	1.76533046833408	-8.25211140792475	1.76533046833408	64.8357720087951
3600000	4.49639810513169	-2.85678866711458	-8.48592341505549	-2.85678866711458	45.3995405023759	0.856403860488026	-8.48592341505549	0.856403860488025	65.7056819900791
3610000	1.94032282148357	-0.455427352564294	-4.33927221310413	-0.455427352564294	50.3675311041186	2.8558186692422	-4.33927221310413	2.8558186692422	78.3332178986109
3620000	0.889927301459082	-2.90656955877672	-3.98048904664172	-2.90656955877672	64.6503240255189	10.0464840011668	-3.98048904664171	10.0464840011668	56.0044599411774
3630000	1.34015175689225	-0.91068442362084	-3.40713176562314	-0.91068442362084	67.7816129191571	20.2964877027327	-3.40713176562314	20.2964877027327	50.1097352477147
3640000	1.1916794214784	-3.07520455320426	-5.44610408112402	-3.07520455320426	69.4553342962455	7.42968689639661	-5.44610408112402	7.42968689639661	79.6180572348431
3650000	1.26696188886579	-2.1006177690578	-4.96167757515734	-2.1006177690578	61.1593588203401	18.6953021261377	-4.96167757515734	18.6953021261377	54.5123961208751
3660000	1.69975609878828	-0.947762905912632	-6.62523197237664	-0.947762905912632	44.7874119542602	8.3168954034514	-6.62523197237664	8.3168954034514	54.6815079747778
3670000	3.98717866488051	-0.802056509760428	-7.33680827018315	-0.802056509760428	56.4319813746057	-0.989360240938587	-7.33680827018315	-0.989360240938587	37.7733719344138
3680000	11.7650774007757	-3.61667699196964	-11.8486922761097	-3.61667699196964	62.2518566178215	-1.48519493258547	-11.8486922761097	-1.48519493258547	40.3056668808887
3690000	2.38634931006439	-3.26267111445542	-6.31635562137511	-3.26267111445542	69.7566474208476	13.4287418576961	-6.31635562137511	13.4287418576961	44.8429907871556
3700000	5.54442574879554	-4.08239247166519	-10.9301225507304	-4.08239247166519	70.9817223690424	23.0284078570519	-10.9301225507304	23.0284078570519	51.918551699396
3710000	3.61864777755618	-5.17117179561671	-9.15980117951552	-5.17117179561671	68.628010129301	15.742132062369	-9.15980117951552	15.742132062369	54.4206322188751
3720000	3.71696748376085	-5.44145785546986	-6.9780253930774	-5.44145785546986	77.9861657022166	9.7730724292515	-6.9780253930774	9.77307242925151	40.6479402110979
3730000	3.07853175135618	-0.510977627327265	-5.23887332100131	-0.510977627327265	41.1220850357028	13.8938226642036	-5.23887332100131	13.8938226642036	55.9018007532355
3740000	2.61405638604635	-3.88286749236217	-8.88344714146851	-3.88286749236217	58.2082771480532	4.85723740191205	-8.88344714146851	4.85723740191205	56.711701383942
3750000	4.04062866178974	5.91372382892507	-5.80283690390758	5.91372382892507	91.6193903519686	-5.80997162633256	-5.80283690390758	-5.80997162633256	68.5328332385474
3760000	5.11629739917839	-3.16598353849274	-11.0352970378338	-3.16598353849274	40.8316392465712	2.50685772629504	-11.0352970378338	2.50685772629504	61.3736952211324
3770000	15.7661113617066	-5.90265613756347	-15.1536238671634	-5.90265613756347	62.8929079042829	5.43596612263898	-15.1536238671634	5.43596612263898	44.71288257014
3780000	19.4673850656854	-10.431631975166	-17.3140895465785	-10.431631975166	50.6700111749747	3.5969941075827	-17.3140895465785	3.5969941075827	57.4743988378592
3790000	10.1213639653104	0.973838078299399	-14.3799725352609	0.973838078299398	60.8084047181638	6.30947650685385	-14.3799725352609	6.30947650685385	51.2426777902502
3800000	11.0772132888071	-9.36342315619849	-18.9976542335065	-9.36342315619849	56.4045891887992	1.53821645054547	-18.9976542335065	1.53821645054547	56.7031112301159
3810000	4.46303565483714	-6.40078024462854	-10.5383807840493	-6.40078024462854	63.8215465900062	1.10788785628512	-10.5383807840493	1.10788785628512	66.6121856982621
3820000	28.756277454653	-1.3689667011644	-26.1569418025167	-1.3689667011644	61.8937934704319	-0.725519634197484	-26.1569418025167	-0.725519634197483	62.1334999735247
3830000	15.907821930149	-9.60758138262995	-23.1420431726313	-9.60758138262995	63.7905854936805	-1.94570083169818	-23.1420431726313	-1.94570083169818	65.8116697598441
3840000	12.0069247446916	-10.052719831526	-18.18134127509	-10.052719831526	54.0041987113343	8.8663548600867	-18.18134127509	8.8663548600867	61.0099390032794
3850000	3.18791364901072	-0.54665273236094	-4.24462661518205	-0.54665273236094	58.8085985716393	-14.8668181650445	-4.24462661518205	-14.8668181650445	57.6477663424371
3860000	8.38828182578101	-4.56254888771564	-12.945855955147	-4.56254888771564	85.2514489229396	9.3003400823563	-12.945855955147	9.3003400823563	50.3140226481998
3870000	5.18075910366276	1.23720981281853	-7.28431261474717	1.23720981281853	52.4977295369507	1.39530274801131	-7.28431261474717	1.39530274801131	51.9178077796191
3880000	5.64617971031364	1.98386568793747	-9.30097022585149	1.98386568793747	50.699159735545	7.3499153554321	-9.30097022585149	7.3499153554321	53.9510343558329
3890000	5.36997759880978	-4.55740385893615	-8.24717695299746	-4.55740385893615	64.4761938621796	4.41781699532045	-8.24717695299746	4.41781699532045	54.6750579432643
3900000	3.07337703468133	-4.53797083173716	-8.69130620382612	-4.53797083173716	68.6123287101611	19.3742089021047	-8.69130620382612	19.3742089021047	57.8393854242588
3910000	1.52226336116276	2.24667911169574	-3.99560722358902	2.24667911169574	55.1182076066225	-2.99578833796047	-3.99560722358903	-2.99578833796047	58.7514991118886
3920000	1.63396471493335	0.162745596464167	-5.01447600285295	0.162745596464167	52.714664311916	3.9826018223594	-5.01447600285295	3.9826018223594	64.5768565224696
3930000	2.38213521829906	-0.408937546677902	-7.03145520192995	-0.408937546677903	55.650085909212	12.3830023606273	-7.03145520192995	12.3830023606273	48.4600490990114
3940000	12.6778030371937	-0.979791805902908	-15.3905913765948	-0.979791805902908	43.7716488093148	3.12141568778421	-15.3905913765948	3.12141568778421	42.8897543383751
3950000	11.2929756197484	-6.58506133941867	-14.5900027976676	-6.58506133941867	76.5169952969814	19.5919719255831	-14.5900027976676	19.5919719255831	63.7351751561986
3960000	4.15745806621625	-5.15088259297318	-7.84944357850804	-5.15088259297318	67.7847333104427	10.285314508663	-7.84944357850804	10.285314508663	60.921232178146
3970000	3.19083039909481	0.0657833995598421	-9.27788963714394	0.0657833995598422	59.5500779293503	9.58050263570606	-9.27788963714394	9.58050263570606	82.9727009708589
3980000	12.3185639104129	-1.78787152894281	-15.9493718175944	-1.78787152894281	61.0899003099098	4.43781088458767	-15.9493718175944	4.43781088458767	60.4485112038583
3990000	2.62732895013587	-0.925207437653641	-8.77790559323863	-0.925207437653641	64.0333802165411	10.1132833107709	-8.77790559323863	10.1132833107709	76.2553600953701
4e+06	1.60660558621202	-0.95549713957152	-6.78100968019145	-0.95549713957152	49.0441972467601	19.2556617968229	-6.78100968019145	19.2556617968229	70.278507635527
4010000	1.03663795690974	-2.0570002312089	-5.63155614453666	-2.0570002312089	50.6223753704839	6.76359949287516	-5.63155614453666	6.76359949287516	79.4565874875349
4020000	3.63666602032148	-4.12167482265875	-9.41967974478662	-4.12167482265875	46.675014069121	11.3353769319193	-9.41967974478662	11.3353769319193	55.4118295203469
4030000	5.74460772556046	0.311560776275	-13.3826605863503	0.311560776275001	54.9439031443903	-8.7543084537643	-13.3826605863503	-8.75430845376429	57.5561151382818
4040000	9.1707292034937	-7.83247740016607	-16.3052884869133	-7.83247740016607	55.8449929085716	12.1699529138029	-16.3052884869133	12.1699529138029	65.330126506664
4050000	4.1480684102831	-5.36585152156584	-9.84602461717621	-5.36585152156584	57.7192697248927	10.3497984915707	-9.8460246171762	10.3497984915707	50.6473033588974
4060000	2.49103701907217	-0.875799826669322	-8.17381926310292	-0.875799826669322	64.7224477600027	8.33890493880694	-8.17381926310292	8.33890493880694	85.7869642545516
4070000	3.693779551755	-1.07534572583706	-8.21611607765921	-1.07534572583706	51.6908397389278	-3.12668992426534	-8.21611607765921	-3.12668992426534	47.1022603536411
4080000	3.48829910272201	0.110497105362152	-6.88313952943169	0.110497105362152	40.5451973510363	9.8791792513124	-6.88313952943169	9.8791792513124	46.5850912197633
4090000	7.75785391143134	-8.57755051716662	-14.9337365822097	-8.57755051716662	60.3958575129708	16.8288552325495	-14.9337365822097	16.8288552325495	49.2416132800927
4100000	2.66184996368495	-1.58645337148313	-7.60422786397783	-1.58645337148313	61.6709105744393	3.51379526328258	-7.60422786397783	3.51379526328258	54.9402524120023
4110000	1.54636323636029	-0.932658193800845	-3.15450865430845	-0.932658193800845	59.2252717011887	-3.84604359775716	-3.15450865430845	-3.84604359775716	58.8221961190305
4120000	14.3234364544605	-4.13004913831305	-15.7398825615137	-4.13004913831306	66.1703164714878	14.7741141828325	-15.7398825615137	14.7741141828325	47.4934118315448
4130000	1.28745285446085	-0.66893979424165	-5.72953757238229	-0.66893979424165	48.5135247809676	9.80676291747461	-5.72953757238229	9.80676291747461	68.3025481074393
4140000	4.42062018971631	-1.48846531097363	-8.45033352951372	-1.48846531097363	66.410464794513	16.7454007896155	-8.45033352951372	16.7454007896155	54.5626166558006
4150000	2.92494750903633	-1.58966782860604	-7.9889871168442	-1.58966782860604	54.1578881781341	14.4164307944169	-7.9889871168442	14.4164307944169	54.9902160119724
4160000	21.3757190035878	-12.6791828733493	-29.1151764631513	-12.6791828733493	74.4962231975924	12.4950262152768	-29.1151764631513	12.4950262152768	62.8919654648371
4170000	12.3112505607681	-8.29434483382452	-19.6860065307799	-8.29434483382452	70.7587952620206	6.60529286968283	-19.6860065307799	6.60529286968283	65.1205704656267
4180000	3.30313548029204	-1.974468282316	-8.97255512445329	-1.974468282316	58.1767436460808	11.1045140309793	-8.97255512445329	11.1045140309793	70.3728331977795
4190000	2.77525442536609	-2.43078801724181	-6.88304856143322	-2.43078801724181	53.2399989051804	6.54059276902879	-6.88304856143322	6.54059276902879	49.5254192067509
4200000	3.44617879123629	-2.29320914830347	-10.5914559030789	-2.29320914830347	41.8869429007711	0.803454924561117	-10.5914559030789	0.803454924561117	80.390684653422
4210000	2.8935871312161	-4.09736048433078	-6.73145976213847	-4.09736048433078	71.6665645345852	7.64409756085227	-6.73145976213847	7.64409756085227	60.3274839735211
4220000	4.82706831177791	4.48366588792898	-9.16032838380404	4.48366588792898	69.1633802316766	-0.528566654998779	-9.16032838380404	-0.528566654998777	44.0834734289687
4230000	7.23411195626414	-10.1399084252223	-8.98250803624413	-10.1399084252223	65.34859019629	8.06983954237389	-8.98250803624413	8.06983954237389	47.2355892770542
4240000	3.9539860883573	-2.24422017656888	-11.0116734975304	-2.24422017656888	48.2195099746864	8.90526743827032	-11.0116734975304	8.90526743827032	63.6924973917351
4250000	3.54789404481292	-1.08679224166791	-5.2656856034262	-1.08679224166791	60.9193082511499	13.2258577256601	-5.2656856034262	13.2258577256601	51.9874102026111
4260000	2.69442633007764	-1.26223919915336	-7.44616025410348	-1.26223919915336	62.9249540212431	8.42241788700023	-7.44616025410348	8.42241788700023	60.3846018311798
4270000	3.33470350709843	0.819740246544588	-5.28391580255225	0.819740246544588	67.2777458286351	8.17667665752889	-5.28391580255225	8.17667665752889	44.499196093745
4280000	1.7197904432966	-0.853702791253205	-5.55777571616599	-0.853702791253206	63.6577119854768	-1.69081588238304	-5.55777571616599	-1.69081588238304	57.9820001659241
4290000	3.70708769163444	3.2214779714305	-6.5988694580048	3.2214779714305	71.4855470416532	2.18493633416463	-6.5988694580048	2.18493633416463	64.7155408766718
4300000	3.73907264487571	-0.783252425678404	-9.76665599248	-0.783252425678406	66.1934011434319	32.7459501898226	-9.76665599248	32.7459501898226	73.347439434568
4310000	2.58396132409682	0.205425733960555	-5.87983725168771	0.205425733960555	57.458953706987	8.48020941150962	-5.87983725168771	8.48020941150962	43.0459132296086
4320000	1.86355123715648	-5.36351169784779	-4.75272103769451	-5.36351169784779	70.3964504168931	5.73276463666138	-4.75272103769451	5.73276463666138	83.0460097650483
4330000	6.66594424839832	-1.91924450192929	-15.5693778573748	-1.91924450192929	41.9933835607366	7.15369231627473	-15.5693778573748	7.15369231627473	64.2206628786243
4340000	3.96762735073449	-0.811867663313189	-4.26277436481153	-0.81186766331319	68.2605680932652	13.521534337471	-4.26277436481153	13.521534337471	58.951006527464
4350000	17.1969655267196	3.81140122123956	-16.6428707882275	3.81140122123956	90.2078992630889	30.3342583781744	-16.6428707882275	30.3342583781744	66.6227728224968
4360000	6.16630031794277	-4.37417783899054	-10.8337538318282	-4.37417783899054	80.8019731882364	2.50417566941526	-10.8337538318282	2.50417566941526	50.9996947818255
4370000	1.43258560475887	-1.22789956622179	-4.76114470404376	-1.22789956622179	54.7931133510886	5.19220029283516	-4.76114470404376	5.19220029283516	50.0929783651634
4380000	4.50106791340588	0.993940564911696	-12.5905250001477	0.993940564911696	52.8589474644998	-6.48741846023332	-12.5905250001477	-6.48741846023332	54.0671797730463
4390000	3.8928853834774	-3.40636416465104	-10.8278724259627	-3.40636416465104	65.4570026167539	14.8512214855628	-10.8278724259627	14.8512214855628	53.3568805514669
4400000	1.93646680221974	-2.71979262057325	-5.56364850921621	-2.71979262057325	62.9140504691894	8.2125126666224	-5.56364850921621	8.2125126666224	58.1427913650675
4410000	2.92135616722736	-5.09235471362474	-13.6348950391875	-5.09235471362474	79.6397489964256	23.7291832076196	-13.6348950391875	23.7291832076196	92.8127128787756
4420000	3.93491276451406	-0.308247581746175	-8.27055475091322	-0.308247581746175	54.9697985312718	-0.864392667070305	-8.27055475091322	-0.864392667070305	63.8347203045061
4430000	2.0223903501221	-0.917658515188102	-4.31016019397892	-0.917658515188102	54.7856759378652	7.18885986731775	-4.31016019397892	7.18885986731775	42.7917768728639
4440000	2.65565616456481	1.56989450931377	-4.11886121020147	1.56989450931377	69.1719947312977	-7.50533670789258	-4.11886121020147	-7.50533670789258	45.2817900984098
4450000	4.51673180093772	-9.71155658012669	-9.0869915163111	-9.71155658012669	74.2592556254318	11.957330930536	-9.0869915163111	11.957330930536	54.3637577509674
4460000	1.81036666329099	-2.33749662368418	-4.56959432740203	-2.33749662368418	77.8006244619805	6.05020862728027	-4.56959432740203	6.05020862728026	58.7698334826244
4470000	5.53867229510296	0.146616767798593	-8.86336344878192	0.146616767798593	61.7427425697108	11.4192918486808	-8.86336344878192	11.4192918486808	46.9369473760352
4480000	2.00376942159109	-2.97609187000962	-3.62043176303444	-2.97609187000962	68.648091425004	-0.106043824325951	-3.62043176303444	-0.106043824325951	41.6102639018733
4490000	1.80882892331006	0.458044080806794	-6.05377963316739	0.458044080806794	45.0965607932117	4.82608384849744	-6.05377963316739	4.82608384849745	49.263269400761
4500000	2.89982701488923	-5.91181737558871	-8.89790116226537	-5.91181737558871	59.0498526438513	19.1788698034284	-8.89790116226537	19.1788698034284	57.7456581121088
4510000	3.57413042362824	-0.47958519390838	-12.1232864553432	-0.47958519390838	38.5451332219252	4.53990220455754	-12.1232864553432	4.53990220455754	66.2691564464865
4520000	3.56316884613599	-4.53644781431649	-5.82700004747807	-4.53644781431649	85.7538235718568	3.5930678560829	-5.82700004747807	3.5930678560829	58.5126330438527
4530000	2.77998753341369	-2.78450417499318	-7.54833389782988	-2.78450417499318	46.1757773704674	16.6404388037462	-7.54833389782988	16.6404388037462	71.8798846618233
4540000	6.34086283408479	-3.91596462416529	-13.4140220381625	-3.91596462416529	57.7760846874215	4.55839049264644	-13.4140220381625	4.55839049264644	56.9640576010624
4550000	3.87629621605264	-4.01955293993221	-10.0580575076851	-4.01955293993221	60.9381804838784	15.2225540246452	-10.0580575076851	15.2225540246452	63.6987917239479
4560000	4.38725885768038	-3.69876141483244	-9.34790126459326	-3.69876141483244	46.9689957057008	8.87076084262655	-9.34790126459326	8.87076084262655	51.8300480650293
4570000	6.31373552648123	-3.69128315832727	-13.7123570373712	-3.69128315832727	64.530014500927	7.90297375691468	-13.7123570373712	7.90297375691468	60.9130372382022
4580000	23.5437392880678	-7.84908054353634	-26.4837295034333	-7.84908054353634	75.6642096213351	25.2728860657551	-26.4837295034333	25.2728860657551	59.1936315532577
4590000	36.4395952839383	0.313912244613621	-27.5274717255378	0.313912244613621	60.9404349145609	9.09830197592555	-27.5274717255378	9.09830197592555	56.4723986274185
4600000	173.893859669066	-49.4664146246091	-47.926859068397	-49.4664146246091	57.3036975161624	4.33204392874416	-47.926859068397	4.33204392874416	50.7011975186964
4610000	74.0090428421137	-19.6118290846797	-38.6985641116993	-19.6118290846797	51.2518864731899	1.6551645125496	-38.6985641116993	1.6551645125496	51.2886510062072
4620000	17.4127858283563	-9.90906107241897	-23.2515894089814	-9.90906107241897	81.4099225700603	10.8982466345924	-23.2515894089814	10.8982466345924	53.6705142842845
4630000	2.60041837138196	-0.597655789050231	-6.20825998894022	-0.597655789050231	68.1898123372981	9.43616182639978	-6.20825998894022	9.43616182639978	57.8783203094
4640000	2.53176190911451	-0.761602341941755	-8.89967990619568	-0.761602341941755	61.8324255887094	13.0861592051716	-8.89967990619568	13.0861592051716	64.993311795503
4650000	2.53965647787756	-2.25831022988935	-7.80305564478191	-2.25831022988935	49.6467160317143	11.3712371830234	-7.80305564478191	11.3712371830234	65.2407213992116
4660000	2.90929505222048	-1.6420636234899	-5.07475936346429	-1.6420636234899	64.2240224086924	-2.12150382056742	-5.07475936346429	-2.12150382056742	61.5692983438532
4670000	2.814493396447	-4.98834918777108	-6.69976083305825	-4.98834918777108	66.6116383211416	12.8242851556508	-6.69976083305825	12.8242851556508	49.3084644323137
4680000	3.09696216644126	-3.56523981045921	-7.51640335329718	-3.56523981045921	56.5243256468812	1.26480925624928	-7.51640335329718	1.26480925624928	53.3114900010144
4690000	3.21496552252686	-3.73838187623938	-7.91146316357439	-3.73838187623938	58.8480783510612	5.71253661511242	-7.91146316357439	5.71253661511242	51.8341071988439
4700000	3.10175108311518	-4.13698340290802	-9.59782552916918	-4.13698340290802	64.7282009035177	6.69826016809947	-9.59782552916918	6.69826016809947	64.8673305834836
4710000	4.45658579293429	-3.00662170213661	-10.5310751926423	-3.00662170213661	60.9913810113452	3.41049787725002	-10.5310751926423	3.41049787725002	54.2046494108692
4720000	2.24370771680596	-0.832066432393284	-5.84805649423189	-0.832066432393284	66.0134216057446	20.2464944721502	-5.84805649423189	20.2464944721502	63.8113637936758
4730000	3.87623555711254	-1.12325969990457	-10.8657238558869	-1.12325969990457	53.277317010594	1.56357377850561	-10.8657238558869	1.56357377850561	47.2139826052135
4740000	6.75055916543529	-3.82822762330555	-10.1604203646337	-3.82822762330555	59.948901901408	-10.5206396133489	-10.1604203646337	-10.5206396133489	51.4415039104884
4750000	16.477720492347	9.42498444184374	-19.6288726537619	9.42498444184374	72.3015292248557	-3.67330028725191	-19.6288726537619	-3.67330028725191	53.2558738367475
4760000	14.8348206606899	1.41355803657837	-18.4492783468658	1.41355803657837	71.2359928874979	7.06555416876932	-18.4492783468658	7.06555416876932	57.3116023210781
4770000	35.2205126771444	-10.0273076659417	-33.3894133935124	-10.0273076659417	58.9604150442307	16.0006088921862	-33.3894133935124	16.0006088921862	77.3553397035533
4780000	9.80561330703431	-7.66803579584919	-13.5904671315827	-7.66803579584919	65.4557424801459	6.62695591375707	-13.5904671315827	6.62695591375707	43.4302794597767
4790000	13.0606014504375	1.77712557359992	-17.4490804406504	1.77712557359992	58.637981927578	12.6787912259686	-17.4490804406504	12.6787912259686	53.040660219201
4800000	2.21416884140044	-0.970506591326289	-4.42655498178909	-0.970506591326289	50.9115486914467	3.51377098118868	-4.42655498178909	3.51377098118868	46.4787628630546
4810000	2.90324537470393	-3.17060388393441	-7.35431221142899	-3.17060388393441	50.1768665007303	-0.0175181885761252	-7.35431221142899	-0.0175181885761254	55.5438025247573
4820000	3.73564561267511	0.811898715391636	-9.93339651436011	0.811898715391636	65.1792303045474	3.4479901257913	-9.93339651436012	3.4479901257913	55.07590859579
4830000	4.80919377541826	-1.3533562095346	-9.17742489413046	-1.3533562095346	61.3220285038363	3.98855261872908	-9.17742489413046	3.98855261872908	56.4108368333417
4840000	4.6673364423625	-0.62521653503268	-7.7351514589262	-0.62521653503268	81.3394850827194	14.1434217479627	-7.7351514589262	14.1434217479627	46.663132955734
4850000	3.77348326385302	-0.58746903558641	-13.7344143724626	-0.58746903558641	53.3699350957924	7.03700073178072	-13.7344143724626	7.03700073178072	79.0800184050965
4860000	4.22732564933145	-6.78583891251891	-6.53702981145629	-6.78583891251891	55.5245455850392	11.1848509765419	-6.53702981145629	11.1848509765419	51.2069463051432
4870000	7.07858186400584	-3.7007899141225	-14.4038085122626	-3.7007899141225	53.1937075284185	5.93992868290383	-14.4038085122626	5.93992868290383	52.4228191767162
4880000	3.3623877232899	-2.09991328125354	-12.1018499747439	-2.09991328125354	78.4509095250331	5.42944142185604	-12.1018499747439	5.42944142185604	77.7334694560988
4890000	4.48727581550123	-4.33331539850751	-13.1000519122517	-4.3333153985075	45.6926774876229	12.5630172982091	-13.1000519122517	12.5630172982091	74.6996134286483
4900000	5.22104630501305	-4.13282658406173	-9.42009699807234	-4.13282658406173	63.9700987125114	14.577575249389	-9.42009699807234	14.577575249389	60.9605394861315
4910000	2.46995458628641	-6.99510048992525	-3.97390118339492	-6.99510048992525	82.7666501007254	4.39729235461596	-3.97390118339492	4.39729235461596	52.5147999543206
4920000	4.12383880585575	3.61993354079722	-4.34182909176207	3.61993354079722	53.8073480143683	-0.980148419503191	-4.34182909176207	-0.98014841950319	50.8492916773126
4930000	4.67043276117495	-0.0314390549559145	-8.54340682468444	-0.0314390549559144	51.5093079426272	1.62971126669433	-8.54340682468444	1.62971126669433	57.8969011198723
4940000	3.6129049800826	0.81631947287652	-10.3666661628711	0.81631947287652	51.5188676333011	4.37728356108017	-10.3666661628711	4.37728356108017	60.1642796614076
4950000	2.42831005730829	-3.446184427592	-9.34103614257954	-3.446184427592	66.9639676703213	18.4032610505241	-9.34103614257954	18.4032610505241	68.9432138583899
4960000	3.21848808459754	-4.78042565646097	-6.31545255253127	-4.78042565646097	86.8845907678606	6.96613713516659	-6.31545255253127	6.96613713516659	55.1657446193144
4970000	4.43250835886386	-3.98280876528363	-9.58400677355775	-3.98280876528363	89.3418397857871	4.89760102022052	-9.58400677355775	4.89760102022052	47.8483690658731
4980000	7.40869046299117	-5.99504775391564	-13.6523990823171	-5.99504775391564	74.3915524877909	19.6253300630444	-13.6523990823171	19.6253300630444	61.0089526641127
4990000	3.13348484912303	-1.76970197433434	-9.1010359391259	-1.76970197433434	45.3717290109517	13.27690737793	-9.1010359391259	13.27690737793	72.2785558389633
5e+06	1.42124066486802	-2.01403437913406	-3.86934360874932	-2.01403437913406	58.679197208925	19.4478784439483	-3.86934360874932	19.4478784439483	52.7191004406261
5010000	6.18597773187215	-7.1343587496253	-9.60544396000858	-7.13435874962529	76.9519147405136	10.3370624094982	-9.60544396000858	10.3370624094982	54.0986810751697
5020000	4.84224427730119	-0.732776354345215	-8.38083715594403	-0.732776354345215	50.5972723061703	12.2416637467058	-8.38083715594403	12.2416637467058	46.3607999504491
5030000	8.44328377024223	-6.45472916779484	-13.0079901898019	-6.45472916779484	60.2510695646389	15.3855724136567	-13.0079901898019	15.3855724136567	53.2917176398047
5040000	3.75469596574996	-3.79093904605577	-9.92439442489853	-3.79093904605577	72.7080769913786	12.8445222271938	-9.92439442489853	12.8445222271938	62.5063787790608
5050000	1.36174837221265	0.560111207819933	-5.18799387418854	0.560111207819933	51.4724898271086	4.21429681352571	-5.18799387418854	4.21429681352571	49.2864607323501
5060000	7.50696590945534	-4.04518445663075	-13.7217319867675	-4.04518445663075	53.650063722349	7.53685558389872	-13.7217319867675	7.53685558389872	58.0384315783379
5070000	6.07748084537146	0.161544153193179	-15.2332016226652	0.16154415319318	45.3441363706218	-7.62845423679783	-15.2332016226652	-7.62845423679783	72.4207819617819
5080000	10.9107982723472	1.48288808257069	-12.9299287550105	1.48288808257069	62.8789729040107	-4.75913148545361	-12.9299287550105	-4.75913148545361	50.7519755027192
5090000	4.77546472661022	-1.65691191431327	-5.21638966838738	-1.65691191431327	59.2264749617538	10.8808891133345	-5.21638966838738	10.8808891133345	52.1349126952469
5100000	16.0138367804778	-1.1071846080991	-17.8826326769756	-1.1071846080991	60.1862298655516	17.4295294015881	-17.8826326769756	17.4295294015881	62.7635596383352
5110000	8.12018301479586	2.86328612681288	-8.0803461405859	2.86328612681288	62.996432428246	4.75544785924527	-8.0803461405859	4.75544785924527	54.0066608803766
5120000	7.88418342878875	-1.9904560894737	-15.9587199656262	-1.9904560894737	52.972453980988	4.12604405026856	-15.9587199656262	4.12604405026856	60.294130656629
5130000	25.2865846844387	-8.24858504478254	-25.5829799185632	-8.24858504478254	95.7795297852346	25.6796268984241	-25.5829799185632	25.6796268984241	69.3819588137118
5140000	8.56902041171322	-10.3422111056787	-9.76037793306078	-10.3422111056787	73.0867436815193	10.9578400265067	-9.76037793306078	10.9578400265067	53.7089824693156
5150000	2.29393678346522	-0.720684501395084	-7.28765721033737	-0.720684501395084	56.2154277581732	0.623681048065201	-7.28765721033737	0.623681048065201	59.5070620225438
5160000	2.82180986393012	-2.07369867512863	-7.99415622360979	-2.07369867512863	48.6086807857552	11.9490922215153	-7.99415622360979	11.9490922215153	64.2094173455414
5170000	5.65040816229043	-8.395195876402	-13.3876125480651	-8.395195876402	51.9846663817269	17.4387980905375	-13.3876125480651	17.4387980905375	70.500362556022
5180000	3.4997606255026	-4.04088897081583	-8.23317195244726	-4.04088897081583	58.9402187650629	8.88747637282189	-8.23317195244726	8.88747637282189	52.573931146392
5190000	2.94550501273874	-0.342599996574833	-8.6737499115521	-0.342599996574833	44.4419404081247	0.375361964170951	-8.67374991155211	0.375361964170951	54.3103629113817
5200000	3.94782293408457	-1.45110016800741	-10.4864334961479	-1.45110016800741	55.5977802081025	2.34901293865186	-10.4864334961479	2.34901293865186	58.4777711489433
5210000	2.87377883630561	2.0619573096769	-7.1251733518751	2.0619573096769	59.4869194849497	1.20906083079464	-7.1251733518751	1.20906083079464	69.0820040643447
5220000	12.2592365624739	-4.60761603207573	-27.1806058050076	-4.60761603207573	47.2707277163634	-6.87091842343602	-27.1806058050076	-6.87091842343602	105.046064456113
5230000	6.9084542632005	-6.51653294887881	-11.5836775525914	-6.51653294887881	40.7186599956011	10.8596401481153	-11.5836775525914	10.8596401481153	55.1156548003601
5240000	1.67130209132547	-1.2237735454693	-5.07580958504323	-1.2237735454693	54.3656224948083	13.6506992138344	-5.07580958504323	13.6506992138344	66.0490143712144
5250000	11.676298651607	-6.40597762093762	-21.8258936034562	-6.40597762093762	66.1830962790238	23.279020787217	-21.8258936034562	23.279020787217	74.3307062593279
5260000	2.932606421397	1.08708970429589	-7.63472224313926	1.08708970429589	61.8601348946049	-2.78827752439728	-7.63472224313927	-2.78827752439728	57.8284325825202
5270000	3.49284257446905	0.00793298052108317	-9.82792948692848	0.00793298052108335	57.2950239966342	10.5491772698811	-9.82792948692848	10.5491772698811	64.6829170523583
5280000	0.763795230104924	-0.46969520439638	-4.09018362475766	-0.46969520439638	51.4166013440389	10.2427093483623	-4.09018362475766	10.2427093483623	62.806782892333
5290000	2.98968345214457	-4.3430521850528	-8.63141582397683	-4.3430521850528	68.5009676593165	26.1010280981978	-8.63141582397683	26.1010280981978	62.6884528368714
5300000	17.3440992356727	-8.47657238272973	-15.30530486184	-8.47657238272973	49.1307324694295	0.977528783862821	-15.30530486184	0.97752878386282	42.212807843647
5310000	22.1192294778681	-2.38787824455728	-22.944871210623	-2.38787824455728	62.9812486108733	0.115478912308632	-22.944871210623	0.115478912308632	58.7709179274553
5320000	20.8788318597634	-4.50673893054382	-16.4844150312197	-4.50673893054382	61.8858836069195	6.71115083560124	-16.4844150312197	6.71115083560124	53.6617825545332
5330000	27.0175289756454	-8.85962427846036	-24.6770079849632	-8.85962427846036	44.5405916155813	9.86654323623548	-24.6770079849632	9.86654323623548	63.2943745623819
5340000	11.2253203176469	-10.8444103115419	-16.9917436612747	-10.8444103115419	67.3321951160857	17.9646742201028	-16.9917436612747	17.9646742201028	60.8204974531176
5350000	9.32670577757131	-4.83895205086538	-20.9250324118793	-4.83895205086538	67.1083421414927	13.1280491879749	-20.9250324118793	13.1280491879749	69.2170567486556
5360000	7.14618692148327	-4.99527130369376	-12.460416068586	-4.99527130369376	48.8843714439455	0.571953528840173	-12.460416068586	0.571953528840173	75.2765078252599
5370000	6.29536094825823	-0.551191565490504	-8.37958981764556	-0.551191565490504	36.1206530703785	9.11835811936372	-8.37958981764556	9.11835811936372	49.0922255617825
5380000	9.0759969469905	-0.172015471373202	-22.4409847323405	-0.172015471373203	76.1244702669134	-8.27594406935015	-22.4409847323405	-8.27594406935015	80.645090085652
5390000	4.69047668964568	-3.09050430352558	-8.31792493572903	-3.09050430352558	58.5444400612072	14.9604718792324	-8.31792493572903	14.9604718792324	48.2319529044499
5400000	0.970851005137335	0.0694744121884839	-4.44015240368219	0.069474412188484	66.4736902903357	10.9542073838058	-4.44015240368219	10.9542073838058	68.2963139747176
5410000	1.9773474940805	-2.19673951465722	-6.07276830685626	-2.19673951465722	55.7787803171524	5.40780777001366	-6.07276830685627	5.40780777001366	56.7902974861383
5420000	3.32129769871902	-3.03406779385657	-5.7345176096668	-3.03406779385657	86.2031564350883	19.0606431974016	-5.7345176096668	19.0606431974016	71.7891751660862
5430000	12.0167413548695	-8.36138461587519	-19.2484697766159	-8.36138461587519	66.9831933944227	-6.30739791445365	-19.2484697766159	-6.30739791445365	74.2768741797589
5440000	4.92431174073648	-0.441905995934829	-7.2633661019781	-0.441905995934829	51.7226479636591	-7.06607814204659	-7.2633661019781	-7.06607814204659	58.0188301251901
5450000	1.3462641464513	2.09223500718983	-2.81378225486897	2.09223500718983	66.0679935249368	3.32906180897277	-2.81378225486897	3.32906180897277	49.1095240436341
5460000	1.79796453921971	-0.0689013319410104	-4.74257527920304	-0.0689013319410105	54.5148641281744	4.57392526773213	-4.74257527920304	4.57392526773213	52.3983595851856
5470000	4.90062503285753	-2.98480211561223	-8.45824926432447	-2.98480211561223	45.3907657232233	6.63772476843785	-8.45824926432447	6.63772476843786	60.1597304471164
5480000	2.30140387845709	-5.26557099113297	-7.62595532610286	-5.26557099113297	44.3992744136852	16.3089294700889	-7.62595532610286	16.3089294700889	61.1622589962356
5490000	1.8993908920435	1.42043141562936	-5.88879102342156	1.42043141562936	81.2976355918064	8.62214619002094	-5.88879102342156	8.62214619002094	58.6912979655091
5500000	4.39434630244557	-0.886263964385059	-11.5932155921102	-0.886263964385059	74.1689189731227	12.3605956627445	-11.5932155921102	12.3605956627445	68.8509837141276
5510000	10.3665675979787	-10.324624968248	-17.2199469168014	-10.324624968248	54.872934752109	12.5582366047995	-17.2199469168014	12.5582366047995	50.7032303341945
5520000	8.22147435834069	-5.16732325700728	-13.5304110018838	-5.16732325700728	47.9267218658642	3.97989629149592	-13.5304110018838	3.97989629149592	80.7381761967692
5530000	9.20336665101069	-1.09546425638338	-14.983859779689	-1.09546425638338	61.596507529582	13.2231111906689	-14.983859779689	13.2231111906689	63.2139269309756
5540000	12.0900524083395	8.33285350164484	-25.5469421892193	8.33285350164484	54.7064210125687	-6.53542725350533	-25.5469421892193	-6.53542725350533	102.53695347199
5550000	4.77697953871278	-4.98294008848472	-11.296030424256	-4.98294008848472	47.4045643978403	10.4660469982447	-11.296030424256	10.4660469982447	64.1016881614117
5560000	2.26364773254317	2.10166354509979	-7.58379250757856	2.10166354509979	51.1865656573697	-0.834562172386797	-7.58379250757856	-0.834562172386798	75.6982760715194
5570000	3.69867126034311	0.637543851011348	-8.85233891255775	0.637543851011348	55.7462762094904	-2.03810627444239	-8.85233891255775	-2.03810627444239	52.5722629208695
5580000	2.31351854477337	1.80868323737213	-6.3214564278815	1.80868323737213	49.4251943242923	11.1220590409888	-6.3214564278815	11.1220590409888	53.4380559752108
5590000	4.62815755017351	-1.62815937525302	-10.9539656208071	-1.62815937525302	41.5430397426056	6.24933530183772	-10.9539656208071	6.24933530183772	59.1219153318557
5600000	4.13256368541925	-3.1255804976167	-9.54122514377164	-3.1255804976167	49.0348829749587	10.7135004488427	-9.54122514377164	10.7135004488427	62.0189490390499
5610000	1.78827266587016	-0.236497140585427	-4.70573570815913	-0.236497140585427	62.20433932873	1.82554122243852	-4.70573570815913	1.82554122243852	39.2061873259735
5620000	3.00683245297936	0.407278093413988	-4.38984258601073	0.407278093413988	60.1051528367628	13.221905708046	-4.38984258601073	13.221905708046	55.3181160195029
5630000	2.42411977030256	2.5895788842386	-5.93098519282933	2.5895788842386	73.4010737143621	-0.00599711156526796	-5.93098519282933	-0.00599711156526731	52.5682877921779
5640000	2.42865333701587	-6.07546171038937	-5.15087760647161	-6.07546171038937	62.989013096755	1.69153196635553	-5.15087760647161	1.69153196635553	52.0730384601284
5650000	5.05561445726875	-3.977847800656	-13.7025893620509	-3.977847800656	49.1992272386072	9.55876237040735	-13.7025893620509	9.55876237040735	68.2624870688945
5660000	6.2388738290658	-1.5971745911482	-3.93607673860743	-1.5971745911482	58.3925440912445	6.62790186091303	-3.93607673860743	6.62790186091303	57.9444809854065
5670000	9.5085101105083	1.24426449250834	-15.3334249813184	1.24426449250834	45.324645594729	-2.08408479816109	-15.3334249813184	-2.08408479816109	51.755401935015
5680000	11.930606400795	-3.84311054302466	-16.540679496546	-3.84311054302466	49.1394900475087	9.73399806998247	-16.540679496546	9.73399806998247	52.0595011468632
5690000	5.04605203416659	-9.11950657469931	-9.82382630967583	-9.11950657469931	82.0796268963579	19.9941372217765	-9.82382630967583	19.9941372217765	47.189618243823
5700000	3.72903646121309	-4.11913791702506	-9.85823937569239	-4.11913791702506	51.2304404670823	6.2084748554498	-9.85823937569239	6.2084748554498	65.5377181327862
5710000	4.45819333927776	-3.17956787122155	-9.94221829019176	-3.17956787122155	46.610503576653	3.05867737553559	-9.94221829019176	3.05867737553559	56.0481914638571
5720000	4.12838180147073	-3.30322079195706	-8.15384549331495	-3.30322079195706	56.8685657615945	9.12340207343414	-8.15384549331495	9.12340207343414	54.54767825792
5730000	1.93030304848556	-1.84627955337908	-5.43581236453828	-1.84627955337908	63.1980816493786	0.891062822029963	-5.43581236453828	0.891062822029963	67.6678653658949
5740000	2.40497144899063	-2.26080995686611	-8.22127706514773	-2.26080995686611	57.6063214222526	7.27667594341585	-8.22127706514773	7.27667594341585	54.7912123341153
5750000	1.14356358934712	-2.71789257711487	-5.08526787573349	-2.71789257711487	73.1168564421013	7.9725712408302	-5.08526787573349	7.9725712408302	70.6576087735907
5760000	4.66762546455598	-1.62657806798061	-13.2165484726006	-1.62657806798061	55.5481152425651	10.5224699215388	-13.2165484726006	10.5224699215388	72.0093984409272
5770000	3.96328720306752	-1.43702305628476	-6.89477867700947	-1.43702305628476	55.7430732182942	17.2483309133317	-6.89477867700947	17.2483309133317	57.150473477541
5780000	5.90484557637532	-5.3272225322294	-13.7108963480324	-5.3272225322294	59.8182910817215	16.0931472019484	-13.7108963480324	16.0931472019484	61.7936663112274
5790000	1.46211411302994	-1.19611193863132	-6.03097215029108	-1.19611193863132	88.3477434893772	12.8305466600576	-6.03097215029108	12.8305466600576	58.6518278559709
5800000	3.17643269600358	-1.9324463700628	-12.6472542942817	-1.9324463700628	53.5402806949855	10.7450443300313	-12.6472542942817	10.7450443300313	83.4091037252455
5810000	1.33440874144699	-1.78284828439779	-3.77661885427359	-1.78284828439779	48.0148755460141	4.27641600537763	-3.7766188542736	4.27641600537763	51.0585139073054
5820000	13.333249610437	0.826751213624398	-19.3681585605741	0.826751213624398	44.5219640208937	5.76302287135856	-19.3681585605741	5.76302287135856	65.7681234132312
5830000	6.59166295588542	-3.07792175791546	-14.9942712516003	-3.07792175791546	46.1971335992446	4.38963245523233	-14.9942712516003	4.38963245523233	64.4083576141831
5840000	2.44739316546368	1.1797433634025	-4.19135335473209	1.1797433634025	44.5067906303755	15.1196941399843	-4.19135335473209	15.1196941399843	68.0993612487818
5850000	4.28363503918763	1.67776642406266	-5.52150645508995	1.67776642406266	68.7429919475593	-7.36621104201191	-5.52150645508995	-7.36621104201191	57.3072658386732
5860000	5.86020217620466	0.90178599867523	-17.6907429476472	0.90178599867523	48.2208538765441	-4.09942209484582	-17.6907429476472	-4.09942209484582	103.081291996846
5870000	2.86974982044647	-4.40732917097732	-8.28671901477044	-4.40732917097732	57.3178057059847	11.0238790751791	-8.28671901477044	11.0238790751791	65.9020064542293
5880000	1.83119296210595	0.265321564063637	-4.46495611555118	0.265321564063637	80.9502950983181	7.64314054320952	-4.46495611555118	7.64314054320952	44.1418696419029
5890000	3.02349236729453	-3.2440983256538	-8.36641098167339	-3.24409832565379	56.7230015383758	6.42116947656843	-8.36641098167339	6.42116947656843	52.4945126551254
5900000	8.94873109466849	-5.09336872358426	-18.3249209561931	-5.09336872358426	63.5845468547513	15.7420659253242	-18.3249209561931	15.7420659253242	80.8437788393404
5910000	4.04646512028677	-4.26989799661514	-5.46065762159979	-4.26989799661514	63.8177682486155	0.931206524036326	-5.46065762159979	0.931206524036326	50.8866957326545
5920000	6.54091807755344	-8.47802448818176	-12.1837295945249	-8.47802448818176	60.4369910056936	11.9581726989133	-12.1837295945249	11.9581726989133	47.7041751967631
5930000	7.73223701717539	-0.319757753468978	-12.3798828872585	-0.319757753468978	62.2431600665468	1.85611670770341	-12.3798828872585	1.85611670770341	40.2358185854997
5940000	7.70819157863781	-4.64376094133489	-16.9531576382333	-4.64376094133489	46.8541630748819	12.0321875441946	-16.9531576382333	12.0321875441946	73.3957829738397
5950000	7.65909675750793	-4.31196530221426	-10.1973924829438	-4.31196530221426	61.2662877395774	6.11930708903535	-10.1973924829438	6.11930708903535	47.5555658061508
5960000	1.92476594421486	-1.02247509023806	-5.01355883929903	-1.02247509023806	52.881902133892	-1.4168959188194	-5.01355883929903	-1.4168959188194	46.9371385756981
5970000	4.28769907906791	-6.12996484651467	-13.2989444360004	-6.12996484651467	74.6594100149571	7.90762582111436	-13.2989444360004	7.90762582111436	71.8165993799619
5980000	3.86134506546385	-6.20686905027114	-6.6417109019114	-6.20686905027114	53.3781380825621	0.377568883021983	-6.6417109019114	0.377568883021985	45.8396090895409
5990000	8.1289178495505	0.0692308561268019	-16.3163256724903	0.069230856126802	67.848148289802	9.12957738090168	-16.3163256724903	9.12957738090168	77.1007331112844
6e+06	15.9576549182827	1.90304273049397	-19.4670350589329	1.90304273049397	67.706306982604	4.88110591852143	-19.4670350589329	4.88110591852143	65.9690434768837
6010000	6.14680734074757	-2.81043835070406	-8.81203142717527	-2.81043835070406	57.9260638209026	13.4912917878014	-8.81203142717527	13.4912917878014	63.1927140198881
6020000	7.58013607667113	-3.73472055616496	-14.3554741366051	-3.73472055616496	63.3899970129883	19.1366860585196	-14.3554741366051	19.1366860585196	65.9438173053246
6030000	2.71811867320565	-4.83418579795545	-8.3529082652149	-4.83418579795545	54.0453390371022	10.7685330701411	-8.3529082652149	10.7685330701411	58.2441780313572
6040000	3.94826411448594	-2.59257248726135	-8.83282710073722	-2.59257248726135	58.4927241227631	18.7391973649863	-8.83282710073722	18.7391973649863	71.0366792635976
6050000	45.2037806058087	3.0378319956101	-38.8319612361315	3.03783199561009	72.9322792758427	8.4260822805137	-38.8319612361315	8.4260822805137	72.0292390300686
6060000	10.4096813839707	-1.19094046751771	-14.1132013763266	-1.19094046751771	71.5213481281582	6.1884233479549	-14.1132013763266	6.1884233479549	58.0426244727652
6070000	2.41463144639247	-3.54808125688512	-7.5498902168792	-3.54808125688512	61.5864301299084	-0.289367379339449	-7.5498902168792	-0.289367379339451	58.5612850808799
6080000	5.89719704485244	-7.07110482626677	-10.0948444447173	-7.07110482626677	78.3779087776979	17.7183169509162	-10.0948444447173	17.7183169509162	58.8243419015336
6090000	6.46561057900488	-5.97985882179102	-10.6908531042404	-5.97985882179101	72.4373457846849	-8.04623453600655	-10.6908531042404	-8.04623453600655	66.9434220417534
6100000	16.609297810767	2.80213616618235	-22.8941886121437	2.80213616618235	58.9058533150511	10.0051716107311	-22.8941886121437	10.0051716107311	70.8751695070445
6110000	19.3196269919274	-6.6531858225943	-21.9455119885988	-6.6531858225943	73.6130726282341	-4.36791186953272	-21.9455119885988	-4.36791186953272	53.4686068521019
6120000	16.9371598126263	-5.38202923044842	-19.5000379331264	-5.38202923044842	53.1345515453438	-0.643628342187331	-19.5000379331264	-0.643628342187331	55.95156095566
6130000	7.04805201850413	4.21719537356561	-9.45692490105069	4.21719537356561	53.234072339463	-3.47918125539879	-9.45692490105069	-3.47918125539879	51.1250965338447
6140000	2.12363888749468	-1.63885488988284	-6.45684353346589	-1.63885488988284	47.443085001988	-3.68030604150662	-6.45684353346589	-3.68030604150662	53.4927200873825
6150000	6.53203545681936	-6.38028244996415	-12.9277570321548	-6.38028244996415	52.4654993425516	20.3953985861053	-12.9277570321548	20.3953985861053	57.3452726459285
6160000	4.80593143889018	-5.04123081110906	-11.9944204624112	-5.04123081110906	58.8918476393787	18.230693470782	-11.9944204624112	18.230693470782	65.9205675392041
6170000	5.45884420123589	0.110073979194753	-11.2388232908315	0.110073979194753	52.0382750815996	0.343337715928734	-11.2388232908315	0.343337715928734	47.46710400279
6180000	6.12752636852977	-0.631314914021536	-13.9063136245639	-0.631314914021536	39.4937812636363	6.32480602077671	-13.9063136245639	6.32480602077671	70.5525024045583
6190000	5.25209418647927	-2.88015049427959	-10.5826642650294	-2.88015049427959	52.68276923593	10.0503833107007	-10.5826642650294	10.0503833107007	54.7736761724457
6200000	5.36610032372186	1.26980075207856	-3.58380872614212	1.26980075207856	65.8392485910535	6.66768038118142	-3.58380872614212	6.66768038118142	50.1113521829849
6210000	9.20220011103055	-2.95948951208062	-21.1625888994509	-2.95948951208062	50.0287864997128	7.72132792723754	-21.1625888994509	7.72132792723754	77.2677092155209
6220000	5.73025980046085	-4.34967433769027	-12.0920962015612	-4.34967433769027	57.2432543430419	-1.47626840982048	-12.0920962015612	-1.47626840982048	65.7782351733808
6230000	13.9324306729026	-2.60988584057112	-20.6851878892331	-2.60988584057112	44.2183578248142	5.57140693926182	-20.6851878892331	5.57140693926182	61.2371879154448
6240000	8.89897309799784	-6.77808698319202	-12.093661348245	-6.77808698319202	61.3782948194227	4.98493422358731	-12.093661348245	4.98493422358731	49.9091938745552
6250000	11.5709220537184	-2.78228221253522	-18.3773007558068	-2.78228221253522	64.0460942563406	1.8162202460438	-18.3773007558068	1.8162202460438	55.1098167825421
6260000	1.84050212210574	2.41522273185213	-1.9474333983684	2.41522273185213	54.1644428124373	11.8851622811622	-1.9474333983684	11.8851622811622	83.371719089379
6270000	3.99352952008415	-2.34932427271568	-11.0962988702964	-2.34932427271568	65.0243124209177	4.89856224158593	-11.0962988702964	4.89856224158594	73.6509188091967
6280000	3.33278643559558	0.530376191089812	-8.85481754224455	0.530376191089812	46.9077091229823	2.87010066542389	-8.85481754224455	2.87010066542389	45.9815580810251
6290000	6.43391963179116	0.927278533988617	-20.7165153949895	0.927278533988617	49.4790106745855	-2.97912935062286	-20.7165153949895	-2.97912935062286	91.2249323886675
6300000	3.73063926525833	-2.05525054022817	-11.6817348697078	-2.05525054022817	62.0132081531941	1.84543058258748	-11.6817348697078	1.84543058258747	64.9030432528498
6310000	1.47369005275925	-5.51496075722202	-3.91858509040572	-5.51496075722202	82.2331610742039	14.4878726086351	-3.91858509040572	14.4878726086351	45.8620257394688
6320000	3.53667525050639	1.33920262651131	-9.08865467129928	1.33920262651131	61.3139350819423	13.0792912119724	-9.08865467129928	13.0792912119724	82.2460210483643
6330000	3.57325428389729	3.65190959464259	-3.4604168895013	3.65190959464259	66.9400398126821	18.1228811722385	-3.4604168895013	18.1228811722385	52.1118077913295
6340000	1.26655735166286	-2.09239347946038	-5.35051940709359	-2.09239347946038	77.9449550097378	8.51572578977863	-5.35051940709359	8.51572578977863	55.0054028548028
6350000	4.04221741775891	-7.25953608211893	-10.7062995871515	-7.25953608211893	70.8322653562252	16.0581241584793	-10.7062995871515	16.0581241584793	52.8623471705923
6360000	1.49180008100382	-3.24154362287898	-4.09290733966653	-3.24154362287898	71.075179683011	4.07495218886627	-4.09290733966653	4.07495218886627	66.4408308892961
6370000	3.27488473981784	-3.17373947887231	-9.10443515737468	-3.17373947887231	75.3714999183948	11.9647987985285	-9.10443515737468	11.9647987985285	52.5183018373847
6380000	1.97874211328064	-1.42235430937058	-5.00850492821392	-1.42235430937058	43.3064335923372	7.96147935033942	-5.00850492821392	7.96147935033942	43.15546524623
6390000	5.12278024886981	-5.55417214361643	-12.5562592818629	-5.55417214361643	63.26436860038	19.2291388237455	-12.5562592818629	19.2291388237455	59.9729491089442
6400000	4.50089814185983	-4.47758515144944	-10.4962781823502	-4.47758515144944	70.1903312594038	9.71299584631194	-10.4962781823502	9.71299584631194	63.8818881491277
6410000	9.03157427223684	-4.95452763897007	-11.7038867913508	-4.95452763897007	38.0786082253961	6.37796052375397	-11.7038867913508	6.37796052375397	41.0647887272375
6420000	7.54174250300368	-3.84733406946202	-9.02339503394342	-3.84733406946202	64.5448734924162	2.0829511553139	-9.02339503394342	2.0829511553139	54.716506394726
6430000	14.7182228458575	-7.35988261485574	-10.455023576919	-7.35988261485574	54.2724856767391	2.69847067312662	-10.455023576919	2.69847067312662	53.7579607295287
6440000	4.67464482934916	-5.88640932688667	-11.3878821683773	-5.88640932688667	79.8134990805614	13.9205779300527	-11.3878821683773	13.9205779300527	48.566186397985
6450000	4.74925637458366	-0.338054043496743	-8.52752830068422	-0.338054043496743	59.3231491036026	-0.0101695990995985	-8.52752830068422	-0.0101695990995984	45.8487553067468
6460000	1.29685925846844	-1.28141600020278	-2.455449941802	-1.28141600020278	41.0321286046184	9.76309778499854	-2.455449941802	9.76309778499854	46.1774640226057
6470000	2.8978519748945	-3.45640716920652	-9.471881614689	-3.45640716920652	49.3313994826222	12.9252273765977	-9.471881614689	12.9252273765977	55.8010865204042
6480000	6.13273884107091	-3.16511148350541	-14.6769718145089	-3.1651114835054	47.5204408350084	19.0511348043826	-14.6769718145089	19.0511348043826	72.69235424838
6490000	8.13070448047201	2.32884468446039	-8.61584440489369	2.32884468446039	49.827336155537	4.50384341884388	-8.61584440489369	4.50384341884388	50.6479741367262
6500000	3.17732549644839	-4.39359936196964	-6.75632413973918	-4.39359936196964	49.9458089517278	7.69241563811435	-6.75632413973918	7.69241563811435	54.6184347233153
6510000	3.52380355013426	-3.67271031171605	-8.89402180957019	-3.67271031171605	44.1487935498462	13.3213213376556	-8.89402180957018	13.3213213376556	68.6439871045212
6520000	3.98239864130524	-1.85921120381531	-11.0808453656166	-1.85921120381531	41.0267349172667	5.8343143859288	-11.0808453656166	5.8343143859288	59.399558741755
6530000	8.70351290972544	-7.62406333460927	-15.7681642952305	-7.62406333460927	63.5872729262624	1.47710567403344	-15.7681642952305	1.47710567403344	62.0450847630827
6540000	2.74956345766816	-3.27914554916875	-10.736521507548	-3.27914554916875	60.3620159679409	20.1705784898828	-10.736521507548	20.1705784898828	77.6592516579901
6550000	2.40643543324644	0.381673721071682	-6.58084397852154	0.381673721071682	49.637336748611	0.0901274298138607	-6.58084397852154	0.0901274298138607	55.9205253498733
6560000	19.9124649722649	-3.11898686726509	-21.5133990008936	-3.11898686726509	57.5045916744943	14.752655461121	-21.5133990008936	14.752655461121	67.991802242154
6570000	11.9684191647552	1.44284068603966	-14.7819782046366	1.44284068603966	38.7282408122598	3.5704647731322	-14.7819782046366	3.5704647731322	54.3276633428782
6580000	13.2895928585036	-6.60143341298844	-20.4547067237543	-6.60143341298844	63.431411261042	14.328611134178	-20.4547067237543	14.328611134178	74.3324423808129
6590000	4.4000150851959	-3.28842370820764	-11.7803300308389	-3.28842370820764	65.1552439580008	17.4858540431923	-11.7803300308389	17.4858540431923	61.330844174132
6600000	2.0130452944892	-6.03221014074009	-6.94231766818989	-6.03221014074009	70.593868349088	23.9557464657417	-6.94231766818989	23.9557464657417	62.8659874094991
6610000	6.98500725780058	-9.32904048151318	-9.38389568068	-9.32904048151318	80.053748227836	5.68010161223538	-9.38389568068	5.68010161223538	60.5607539287656
6620000	2.59280244562857	1.89222804354205	-8.82566333097036	1.89222804354206	46.2759340294201	-16.6984614195618	-8.82566333097036	-16.6984614195618	59.5970141309397
6630000	18.4724417518285	-15.3888294167884	-21.1424081440264	-15.3888294167884	77.496207205071	23.6649768633346	-21.1424081440264	23.6649768633346	54.380848769228
6640000	9.79194067220599	-3.98850091372212	-11.4548543431578	-3.98850091372212	53.1383253490743	7.57502674475179	-11.4548543431578	7.57502674475179	50.1798647018578
6650000	6.7620449860288	-7.52999564435703	-9.1007996448278	-7.52999564435703	63.3528916374707	9.80211908918866	-9.1007996448278	9.80211908918866	46.017347393962
6660000	3.96044653243263	-5.49702131780997	-11.0537810722257	-5.49702131780997	65.4787658492005	17.567932493596	-11.0537810722257	17.567932493596	65.1260610658536
6670000	4.21853101266559	-4.14657783461935	-11.0409179805894	-4.14657783461935	66.3399887695234	10.4886363568554	-11.0409179805894	10.4886363568554	57.3031839725563
6680000	2.18050841949961	-1.04825739772751	-5.64363503146737	-1.04825739772751	55.3463699639493	14.4176542742741	-5.64363503146737	14.4176542742741	52.9934436543944
6690000	6.89020378466188	-1.83735694479076	-12.8763135728446	-1.83735694479076	53.923845822976	14.6551883741573	-12.8763135728446	14.6551883741573	55.0074213130263
6700000	2.5564370724428	-4.0287626794913	-6.89118929706338	-4.0287626794913	50.5933567834405	6.32747325002544	-6.89118929706338	6.32747325002544	64.1840197363762
6710000	6.01162552163125	-3.8187102405081	-9.76236992962877	-3.8187102405081	85.886656734615	3.79105944204348	-9.76236992962877	3.79105944204348	49.6742848894023
6720000	2.57329880840823	-3.82636395748744	-8.28807004580603	-3.82636395748744	44.1659545126109	8.50156032565672	-8.28807004580603	8.50156032565672	59.7575388043492
6730000	3.88061833718744	-7.3940673940945	-10.197753480839	-7.3940673940945	95.045158322958	20.9192744459695	-10.197753480839	20.9192744459695	59.7132120307178
6740000	1.71978727283964	-1.06157561323343	-6.02868795566427	-1.06157561323343	48.1129640991109	5.93250006262015	-6.02868795566427	5.93250006262015	39.4817111711734
6750000	3.83342686068391	-1.816901964364	-9.75212370337141	-1.816901964364	51.2177268613893	11.0346482173401	-9.75212370337141	11.0346482173401	70.0954903894022
6760000	7.96096969164313	-5.10326960326699	-9.30063439905472	-5.10326960326699	52.2427909299836	0.764224917735018	-9.30063439905472	0.764224917735018	50.9816253226379
6770000	2.48655384927344	-0.542599845945739	-7.64249632886604	-0.542599845945739	64.5710981029593	3.12459030902693	-7.64249632886603	3.12459030902693	59.3242492976563
6780000	5.85014428500046	-3.20166487822436	-11.0471066749305	-3.20166487822436	63.5907598832472	7.67324475968447	-11.0471066749305	7.67324475968447	50.2887173491821
6790000	1.5028367719556	0.132132140789472	-6.02813390385068	0.132132140789472	53.3539072825169	5.12193964161454	-6.02813390385068	5.12193964161454	76.9036596217482
6800000	2.77149293866394	-3.05715279427609	-8.19821937151212	-3.05715279427609	63.7490616727416	11.1475989078811	-8.19821937151212	11.1475989078811	53.3548934931189
6810000	3.70683588379482	-5.91009221671234	-7.9168415954317	-5.91009221671234	72.6671043635229	3.83907535304008	-7.9168415954317	3.83907535304008	57.564057293655
6820000	2.7809096908663	-3.62067600846966	-2.70458280879919	-3.62067600846966	62.2884140906319	7.33160792195813	-2.70458280879919	7.33160792195813	49.4782853606472
6830000	2.78040922169244	-2.07727877737353	-5.32042112854209	-2.07727877737353	61.9047363143759	0.788619182602347	-5.32042112854209	0.788619182602346	49.0716191813858
6840000	3.85564601002673	-1.49189070032129	-7.22070503067863	-1.49189070032129	70.3524984574678	7.19851191750079	-7.22070503067863	7.19851191750079	48.4772041119441
6850000	3.51895818738452	1.90869769006118	-3.75340155254212	1.90869769006118	53.7461394710567	5.59817019109561	-3.75340155254212	5.59817019109561	49.2961243413464
6860000	4.59457970846007	-9.6410813488044	-10.7564491995069	-9.6410813488044	57.1272045297756	16.3702968394212	-10.7564491995069	16.3702968394212	51.262082392386
6870000	11.8924855438099	-13.7690732571413	-13.4618286605184	-13.7690732571413	67.1467723611364	11.9481249391743	-13.4618286605184	11.9481249391743	45.2905782658456
6880000	3.42611179939131	0.061285147773183	-5.47233177881394	0.061285147773183	62.7420585568852	5.63605812376625	-5.47233177881394	5.63605812376625	44.0797980372848
6890000	2.08441852018299	-2.93721085535304	-4.4674522436986	-2.93721085535304	62.7880676048273	4.89202907363992	-4.4674522436986	4.89202907363992	49.9667213077712
6900000	1.46450370987181	-2.11461598719963	-4.9683289296941	-2.11461598719963	68.3312812303709	14.442954672852	-4.9683289296941	14.442954672852	50.218285294403
6910000	6.92124061942316	-11.4964237174178	-11.4692472648098	-11.4964237174178	59.8284778967195	6.91655475164358	-11.4692472648098	6.91655475164358	58.9130037747155
6920000	9.82096656761681	0.870881171544942	-18.4039358755281	0.870881171544942	69.3995160915627	-1.05160791411225	-18.4039358755281	-1.05160791411225	61.9376839993104
6930000	5.05943599241439	-5.4653684015457	-9.94037587718495	-5.4653684015457	69.2232162072519	-4.32975536088547	-9.94037587718494	-4.32975536088547	49.4284569226913
6940000	3.80654438384256	-1.38985291194072	-6.68129170472447	-1.38985291194072	72.4652111823367	25.3271982630765	-6.68129170472447	25.3271982630764	61.1853589228482
6950000	2.62065526565613	-0.689042322111042	-5.80359884280597	-0.689042322111041	79.768013314466	-9.55151771152661	-5.80359884280597	-9.55151771152661	57.4034499978826
6960000	1.88969507147747	2.60909479248899	-5.31416373323336	2.60909479248899	68.8781922369487	15.5751365869822	-5.31416373323336	15.5751365869822	74.8359371946662
6970000	4.72964934125629	-4.63404329843545	-12.312035391813	-4.63404329843545	55.3558874079018	14.0846084697524	-12.312035391813	14.0846084697524	59.8364569873301
6980000	10.1872347689002	7.62611391105052	-12.2686967591946	7.62611391105052	77.1840690727305	2.37384497789949	-12.2686967591946	2.37384497789949	59.0543753578164
6990000	7.88929777349094	-5.32723053081483	-9.52697198813622	-5.32723053081483	36.9760473767818	-0.0313477201958373	-9.52697198813622	-0.0313477201958362	55.8590949386219
7e+06	5.89088676213428	-4.6397448095457	-11.5569398106595	-4.6397448095457	82.8202799500235	10.9661135732344	-11.5569398106595	10.9661135732344	59.2095343934748
7010000	8.02110688785118	-5.87594402049335	-12.0840796436728	-5.87594402049335	70.2519266712045	1.59553407810682	-12.0840796436728	1.59553407810682	63.2946704758163
7020000	13.7919405193004	-1.49047703822118	-29.9690851565602	-1.49047703822118	61.5918237707401	-5.01587393066445	-29.9690851565602	-5.01587393066445	106.221082077467
7030000	14.5661026595018	-3.41377133929066	-23.8914787240972	-3.41377133929066	70.2541434860949	1.64509484893925	-23.8914787240972	1.64509484893925	63.7728414790941
7040000	5.19824583470764	0.488172123675635	-9.17738229124594	0.488172123675635	57.0083565065464	10.7362199489206	-9.17738229124594	10.7362199489206	49.745696262776
7050000	7.31418003429667	-6.87355104575138	-11.3807670418616	-6.87355104575138	33.8948077198331	5.30446666864146	-11.3807670418616	5.30446666864146	62.8323608695575
7060000	2.03547503064652	0.211495009521718	-6.77549259436011	0.211495009521718	42.4264708788321	-1.44885705797828	-6.77549259436011	-1.44885705797828	60.810419307711
7070000	5.17927623397384	2.78928621402368	-11.1525377818649	2.78928621402368	74.4947722900315	-6.46131190534372	-11.1525377818649	-6.46131190534372	53.9245326795458
7080000	0.840226006577806	-1.00201910926821	-4.39163567061947	-1.00201910926821	53.878453696759	14.1106454436256	-4.39163567061947	14.1106454436256	56.3802740466629
7090000	3.28355877425617	3.51907460238114	-8.70502497502836	3.51907460238114	54.4955171851634	-9.03263691807173	-8.70502497502836	-9.03263691807173	62.5303375345326
7100000	3.43016488041951	-3.11206658063508	-7.2745674925814	-3.11206658063508	82.1994677850729	22.7667433424792	-7.2745674925814	22.7667433424792	61.7252816484564
7110000	7.66788143742906	-2.36322141327918	-17.7682812795123	-2.36322141327918	52.5525591554001	11.6352100640987	-17.7682812795123	11.6352100640987	68.6211144475366
7120000	2.85922907433119	-3.1968159149953	-4.437801767353	-3.1968159149953	61.9902752255588	1.06160819224775	-4.437801767353	1.06160819224775	58.9532329779527
7130000	2.63465344124503	-2.40700884987957	-8.65846849751968	-2.40700884987957	48.5417050942711	4.62221731155847	-8.65846849751968	4.62221731155847	67.7406587205377
7140000	10.8947380726832	-0.111617564889157	-12.924865007158	-0.111617564889157	53.7409865519048	13.4366392966198	-12.924865007158	13.4366392966198	70.1867904839359
7150000	4.47846371770241	-0.466546846027943	-6.3816952992592	-0.466546846027943	59.1567940490117	-4.90806478964373	-6.3816952992592	-4.90806478964373	58.6969216667693
7160000	1.40655278836803	0.338429346747563	-4.20936915745845	0.338429346747563	46.9335236627517	21.8399282961798	-4.20936915745845	21.8399282961798	71.3535132025513
7170000	6.6449838309954	-6.47003179145208	-8.19285828879849	-6.47003179145208	72.1282294786509	2.80366388956234	-8.19285828879849	2.80366388956234	50.4402451740178
7180000	6.31793370759203	-3.62304757488714	-10.3929093290964	-3.62304757488714	56.931176512543	1.65401878010712	-10.3929093290964	1.65401878010712	47.8386161457071
7190000	6.56439262558753	-2.05980663445523	-11.6377769513463	-2.05980663445523	45.9157078776456	3.85471519062186	-11.6377769513463	3.85471519062186	67.5445150876826
7200000	2.3653395245675	-2.80772903297782	-5.770661640622	-2.80772903297782	50.1507212355218	5.13186059681835	-5.770661640622	5.13186059681835	70.7812168059025
7210000	1.54783227165724	1.33378298281601	-7.40210867424997	1.33378298281601	72.6949347776505	-6.21278954406775	-7.40210867424998	-6.21278954406775	70.7597627169798
7220000	6.48877231550523	-0.338361527587952	-13.4713638734272	-0.338361527587952	58.0070876876776	3.00207271569995	-13.4713638734272	3.00207271569995	76.3350987993694
7230000	1.23425936217369	-0.218872815531183	-3.76087807156042	-0.218872815531183	60.3294312013509	-2.83628336498848	-3.76087807156042	-2.83628336498848	46.5457988441369
7240000	4.16666379819406	0.614193974040445	-8.49507177424378	0.614193974040446	61.5235831716687	11.5422555752727	-8.49507177424378	11.5422555752727	53.3317254766873
7250000	2.17284304555436	0.414050070248925	-6.1321006065412	0.414050070248925	47.7752413082139	8.87777966568975	-6.1321006065412	8.87777966568975	53.0462782921192
7260000	3.06680324270015	0.641083206876606	-8.4229228473696	0.641083206876606	44.3076386235669	2.55646004274903	-8.4229228473696	2.55646004274903	56.1383534465194
7270000	1.72164093892108	-1.52394603019555	-5.2191723384016	-1.52394603019555	67.8208974325594	17.6411562747707	-5.2191723384016	17.6411562747707	71.8290441436686
7280000	5.02401065007818	-4.89136015989529	-7.15753221776064	-4.89136015989529	61.1541563585916	15.7171992876611	-7.15753221776064	15.7171992876611	63.1010016804802
7290000	5.16383598072427	-8.53956342700967	-13.47493233027	-8.53956342700966	80.7440374830742	22.4336933546785	-13.47493233027	22.4336933546785	73.3039327142651
7300000	2.41412502900576	-2.08164125855674	-5.21639826323307	-2.08164125855674	61.5840336630669	6.55761542685225	-5.21639826323307	6.55761542685225	41.1510861594473
7310000	3.21183561185807	-2.19045131344395	-8.82913185950416	-2.19045131344395	70.896310838143	9.63392960206481	-8.82913185950416	9.63392960206481	71.7792881484336
7320000	3.74744939116783	-1.31165649704332	-9.01658239231716	-1.31165649704332	47.9121032659794	3.01769362179548	-9.01658239231716	3.01769362179548	45.6025653959222
7330000	2.098920973451	-2.23449123159614	-4.74629569692464	-2.23449123159614	41.6592013116287	0.80425445786739	-4.74629569692464	0.80425445786739	43.8659408333866
7340000	9.10792030703925	1.2806593022556	-16.3388706220201	1.2806593022556	44.2929930173193	8.45627950972888	-16.3388706220201	8.45627950972888	61.1669413032243
7350000	2.3719164404724	-1.07691652996424	-6.85474147585491	-1.07691652996424	56.1364383860778	9.66899370671122	-6.85474147585491	9.66899370671122	51.0027937654837
7360000	8.09307628289303	-0.156795046899756	-13.9541287860899	-0.156795046899756	63.6780828442001	2.73403249495486	-13.9541287860899	2.73403249495486	50.6520604825226
7370000	5.34030741256708	-1.52092848173062	-6.1878214643251	-1.52092848173062	59.6602353506767	0.262959439753406	-6.1878214643251	0.262959439753406	44.0410906914092
7380000	1.78960666820964	0.834201656359036	-4.70106341061061	0.834201656359035	45.190527398519	8.0035133651791	-4.70106341061062	8.0035133651791	52.7863509519955
7390000	11.4163705201776	-2.08767314559363	-19.7167236404556	-2.08767314559363	81.8153068629031	-4.25778797607453	-19.7167236404556	-4.25778797607453	93.8181364036653
7400000	2.85773725868296	4.00449835864546	-5.51163988228216	4.00449835864546	56.2903316882626	14.5376363485003	-5.51163988228216	14.5376363485003	70.6888094299933
7410000	2.46831366220065	-2.0854656458381	-4.89144111869378	-2.0854656458381	69.1965373102649	20.7056374363105	-4.89144111869378	20.7056374363105	52.3132167164342
7420000	3.23405107706615	-4.0622151857203	-10.0425981636793	-4.0622151857203	58.9459568176	3.289588616059	-10.0425981636793	3.28958861605899	70.4434601963525
7430000	2.81796624443167	-6.40212969556329	-8.4861468318209	-6.4021296955633	79.2867273630123	11.3472297627265	-8.4861468318209	11.3472297627266	61.2108498108863
7440000	7.67808253668121	-1.97227484192245	-14.873080109529	-1.97227484192245	52.1487522312636	5.70971740343777	-14.873080109529	5.70971740343777	51.6366797835716
7450000	2.78036206013481	-2.44208415508205	-7.49397549411889	-2.44208415508205	56.6694996655512	7.41794563800158	-7.49397549411889	7.41794563800159	58.8718142332734
7460000	4.66674350999681	-5.53020803272304	-9.76752907085221	-5.53020803272304	56.1122187621496	17.2922457605998	-9.76752907085221	17.2922457605998	49.1207362236707
7470000	2.80108703064973	-0.992674227188176	-6.86523960229235	-0.992674227188175	58.8665700783915	6.82661128922415	-6.86523960229235	6.82661128922415	60.6844221534053
7480000	2.82926712483178	-4.38685957322176	-10.6882668577827	-4.38685957322176	60.7117698158271	18.3466635689999	-10.6882668577827	18.3466635689999	84.2609379636298
7490000	2.68253144342892	-4.28702786012689	-8.0639197203937	-4.28702786012689	45.2953227345133	6.16034696442432	-8.0639197203937	6.16034696442432	55.0900061726615
7500000	2.01701075667818	-0.464229861993551	-5.52560821008526	-0.464229861993551	68.1786499402098	9.52699301684802	-5.52560821008526	9.52699301684802	55.0990081124535
7510000	2.26600152174154	2.33598660344653	-6.55172714487193	2.33598660344653	58.1486847387611	-6.42683813095399	-6.55172714487193	-6.42683813095399	47.1604238497183
7520000	1.76726847227228	0.956273215445122	-5.95695937678781	0.956273215445123	92.2351179066012	14.4870986457198	-5.95695937678781	14.4870986457198	60.8217712041943
7530000	9.85208556312663	1.39542701505885	-11.6798809180896	1.39542701505885	46.6490954678298	0.0879575652252226	-11.6798809180896	0.0879575652252225	49.2750788604767
7540000	6.2275078886961	-1.59302307202899	-15.9979169666955	-1.59302307202899	39.8108892051984	7.32867212546761	-15.9979169666955	7.32867212546762	68.9232212474163
7550000	2.10210515016909	-2.19108837393857	-4.12640389042124	-2.19108837393857	51.6997682966216	12.4555808545697	-4.12640389042124	12.4555808545697	49.4307790852364
7560000	1.96002876673778	-2.1561305294636	-5.43545820150681	-2.1561305294636	55.0172803422012	6.46944766829546	-5.43545820150681	6.46944766829546	55.42918718884
7570000	4.89676950586747	-5.83556767755342	-12.6241326922648	-5.83556767755342	80.6371621244202	21.1098843466424	-12.6241326922648	21.1098843466424	69.8627417764267
7580000	8.37069646034706	-1.99554124362957	-11.4939079193176	-1.99554124362957	47.5825025600903	22.1699965892002	-11.4939079193176	22.1699965892002	62.9193246278778
7590000	48.2035968597965	-18.0525239868546	-52.3164868089162	-18.0525239868546	65.294051053253	6.40122251553167	-52.3164868089162	6.40122251553166	82.6528553899398
7600000	2.5551067889373	2.42572507568168	-3.71251077688517	2.42572507568168	82.8686853747154	6.30807544496936	-3.71251077688517	6.30807544496936	48.3415756435617
7610000	5.18091997035406	-3.27323566345058	-13.8805225358145	-3.27323566345058	54.6235558340122	8.20268596736967	-13.8805225358145	8.20268596736967	67.1423755894474
7620000	4.07069690137211	-3.1742726290063	-13.3059064404801	-3.1742726290063	74.8776219493909	0.805903168038418	-13.3059064404801	0.805903168038418	87.0599913895527
7630000	5.83642863516774	0.9755929917687	-14.6331535934785	0.9755929917687	72.1570512911377	-9.37858137855699	-14.6331535934785	-9.37858137855699	94.7105762513122
7640000	1.4138520401235	-2.56426526472954	-6.58486325429057	-2.56426526472954	63.046308554584	5.80861003525326	-6.58486325429057	5.80861003525326	68.1431141428483
7650000	3.45351101036076	-1.45905769140315	-7.97573064395578	-1.45905769140315	59.8845781085596	4.45595720636662	-7.97573064395578	4.45595720636662	56.0003663127252
7660000	3.51597886936544	-1.96453926616525	-8.50416803162356	-1.96453926616525	72.2035233781075	15.9449906855132	-8.50416803162356	15.9449906855132	74.8880686484523
7670000	9.42553244324895	-6.07200162023506	-13.6077207211078	-6.07200162023506	49.767194544782	7.24549057403863	-13.6077207211078	7.24549057403863	54.2871561269603
7680000	3.78001477530855	-3.22194788023314	-10.5158839647002	-3.22194788023314	47.0748993553454	10.130552048912	-10.5158839647002	10.130552048912	67.8722816265423
7690000	3.34353048278527	-1.43281782306163	-7.18670963908912	-1.43281782306163	56.6601745161861	-4.48485550443589	-7.18670963908912	-4.48485550443589	48.388209645529
7700000	4.0652239353618	0.0121859220157587	-5.15517682855897	0.0121859220157589	53.7119966417158	8.31120944197489	-5.15517682855897	8.31120944197489	60.9338158366105
7710000	8.87917065714322	-5.07954995913	-14.5512260905851	-5.07954995913	55.6356619442212	7.42790069301026	-14.5512260905851	7.42790069301026	55.0063037870977
7720000	27.6058083307384	-8.42839257419577	-30.6453060531192	-8.42839257419577	68.6043083787358	6.11776536784363	-30.6453060531192	6.11776536784363	59.405170785242
7730000	12.7991103785809	1.4866518003489	-17.334798453647	1.4866518003489	57.4894991475218	2.5429984086979	-17.334798453647	2.5429984086979	55.1226450360706
7740000	3.53200828327935	-1.86046736455437	-7.81621363424352	-1.86046736455437	60.4022373823646	16.0039907388872	-7.81621363424352	16.0039907388872	81.6172192613517
7750000	3.97774380704116	-1.98835949773946	-6.71187463547618	-1.98835949773946	60.2486058963607	7.52642526526604	-6.71187463547618	7.52642526526604	84.7274146670821
7760000	1.51835618176312	-2.99638671124772	-5.70724786569665	-2.99638671124772	55.4113049120485	4.27125472417482	-5.70724786569665	4.27125472417482	45.026480518205
7770000	7.46801643826201	3.48821098561138	-17.4488426607475	3.48821098561138	63.0871109757475	-8.86070032520839	-17.4488426607475	-8.86070032520839	82.4479180005433
7780000	10.6859252162061	-1.6556377222599	-10.127600994278	-1.6556377222599	54.5405804172828	8.77982838905019	-10.127600994278	8.77982838905019	43.7377256320083
7790000	1.41483144769801	-0.715327990388775	-4.3257686738615	-0.715327990388776	50.7749034010933	3.41680196472583	-4.3257686738615	3.41680196472583	53.3843327112481
7800000	1.32063456272165	-0.932144689051291	-4.82707375349016	-0.932144689051291	46.9948347434429	8.8310742510485	-4.82707375349016	8.8310742510485	53.5667325692
7810000	6.92273044006164	-7.10973337167231	-11.2198113773776	-7.10973337167231	58.3250972097417	8.53490436436343	-11.2198113773776	8.53490436436343	67.7413203599508
7820000	16.7673621305777	-9.03842039196337	-13.9791131661874	-9.03842039196337	54.9575463535222	4.36079888397886	-13.9791131661874	4.36079888397887	53.1793872593843
7830000	12.6521827097798	-1.7281276284878	-13.7826228955399	-1.7281276284878	82.0042546078767	-6.77908203298057	-13.7826228955399	-6.77908203298057	51.08433007489
7840000	6.66032597098547	-4.60888919615546	-12.4551204730438	-4.60888919615546	48.4835584137602	14.6712220432841	-12.4551204730438	14.6712220432841	55.9216376397468
7850000	2.6778095369437	-1.08372922101456	-6.32295266258545	-1.08372922101456	39.9401297368723	-0.188218063131301	-6.32295266258545	-0.188218063131301	41.4351857990899
7860000	7.89066956594223	-5.02514369148186	-9.81157446457745	-5.02514369148186	47.7987210933396	2.3741749899537	-9.81157446457745	2.3741749899537	33.7071184084774
7870000	4.55324103684866	-1.93419936138234	-9.49410107250991	-1.93419936138234	50.6430785524666	2.93397206676303	-9.49410107250991	2.93397206676303	58.8320657402817
7880000	3.02088337957187	-0.0033571912537072	-7.26598961595962	-0.00335719125370751	52.7005849623187	-11.2271277162195	-7.26598961595962	-11.2271277162195	54.754362184833
7890000	4.30921054079493	-5.34349390206458	-7.91535096516367	-5.34349390206458	48.5069650678134	4.17384522321517	-7.91535096516367	4.17384522321517	50.9084378811882
7900000	1.41786515020399	-0.765437788157062	-5.30798108339755	-0.765437788157062	53.3827770346786	9.09130834855797	-5.30798108339755	9.09130834855797	51.3297610572984
7910000	5.88652523670745	2.80746034704426	-13.0211674918334	2.80746034704426	67.7764681510639	-8.09954564835037	-13.0211674918334	-8.09954564835037	54.5080370720509
7920000	2.43990324826917	0.268757796765701	-6.41699993664074	0.268757796765701	65.4474633700209	3.65660903136541	-6.41699993664074	3.65660903136541	68.9577727190011
7930000	3.39728867680766	-9.15031816892632	-4.64384421254801	-9.15031816892631	72.7847108966925	8.14476193712669	-4.64384421254801	8.14476193712669	64.8034953120801
7940000	1.8378692654314	0.512119904181622	-4.44515183070125	0.512119904181622	56.6041942791357	-2.61779707798303	-4.44515183070125	-2.61779707798304	43.4947879444701
7950000	1.50984570096443	2.67047917303967	-2.8380336116628	2.67047917303967	58.9733145930957	5.38499728942326	-2.8380336116628	5.38499728942326	49.9817085168897
7960000	2.08732010790165	-2.51049040194427	-6.86507576661815	-2.51049040194427	51.3457734524956	13.8006390270274	-6.86507576661815	13.8006390270274	53.1182428304706
7970000	2.48534641776389	-3.98177491631129	-6.35177718216776	-3.98177491631129	68.5433414865203	8.93325227969737	-6.35177718216776	8.93325227969737	58.4549075143534
7980000	1.94300523885868	-2.60312968138716	-9.57888546495498	-2.60312968138716	73.609044377313	2.32627060533033	-9.57888546495498	2.32627060533034	75.6354911612111
7990000	1.53064668330306	-0.180189100531769	-3.72193506569032	-0.180189100531769	53.4595020959604	0.636089374125924	-3.72193506569032	0.636089374125924	41.7793204701687
