# BEAST v10.5.0
# Generated Wed May 13 08:32:44 PDT 2026 [seed=1778686334225]
# -window -working -options
state	posterior	prior	likelihood	precisionMatrix11	precisionMatrix12	precisionMatrix13	precisionMatrix21	precisionMatrix22	precisionMatrix23	precisionMatrix31	precisionMatrix32	precisionMatrix33
0	-276.12216177225923	3.6393376519144516	-279.7614994241737	0.05	0.0	0.0	0.0	0.05	0.0	0.0	0.0	0.05
10000	-182.4271414036855	2.5914267628614067	-185.0185681665469	0.26715227869960756	-0.01664831335297602	0.05451843996807293	-0.01664831335297602	0.02462215432905706	-0.0042763998880367155	0.05451843996807293	-0.0042763998880367155	0.02626046044316786
20000	-191.92929108027926	2.709718051778381	-194.63900913205765	0.2252111587606159	0.001551033204330943	0.06963664652438216	0.001551033204330943	0.01731055265431753	-0.0018540396291802463	0.06963664652438216	-0.0018540396291802463	0.03788360343050112
30000	-198.52366131026238	2.924721702959342	-201.44838301322173	0.13758465370651998	-0.01062492370210572	0.04281577478010925	-0.01062492370210572	0.016780963409216584	-0.005387469876184201	0.04281577478010925	-0.005387469876184201	0.030475159051533852
40000	-181.53939159642653	2.499961978248199	-184.03935357467472	0.31804857739949766	-0.004379042816436226	0.0660110730171297	-0.004379042816436226	0.01726390735270338	-0.0038637084604060215	0.0660110730171297	-0.0038637084604060215	0.036241147448890385
50000	-172.80275434895864	2.393007346522766	-175.19576169548142	0.4297935337923446	0.04246365619586567	0.04955529847468279	0.04246365619586567	0.02407487193080417	0.004842592834079293	0.04955529847468279	0.004842592834079293	0.022842070151347996
60000	-189.39120710328157	2.6661709772229476	-192.05737808050452	0.25277224972440826	-0.012102393819071841	0.07023253274266918	-0.012102393819071841	0.013166895406770412	-0.0031710192370304523	0.07023253274266918	-0.0031710192370304523	0.0398397126126307
70000	-199.25525704804707	3.0202893139238474	-202.27554636197092	0.1931858664815345	-0.005989002932675528	0.06197251269691143	-0.005989002932675528	0.01837855750091743	-0.004547732429315996	0.06197251269691143	-0.004547732429315996	0.039109436100625714
80000	-193.3634651147178	3.2235492135722517	-196.58701432829005	0.15925269086030952	0.02598218974437045	0.03909553563944434	0.02598218974437045	0.020423133200477315	0.006451636133516028	0.03909553563944434	0.006451636133516028	0.03073357933308723
90000	-222.7914491681299	3.376654914577552	-226.16810408270746	0.060885706369292844	0.014753379422865883	0.022320794146309712	0.014753379422865883	0.026787110393042025	0.002644643047739805	0.022320794146309712	0.002644643047739805	0.027947522567472027
100000	-190.14486123227678	3.0561800448659167	-193.2010412771427	0.23099593766542886	0.024546770889730927	0.05212876810211347	0.024546770889730927	0.020376603607412586	0.005041337203683768	0.05212876810211347	0.005041337203683768	0.029028496670938687
110000	-224.1431584511989	3.550024845663208	-227.69318329686212	0.08457308408264246	-0.008608863234789653	0.011375820011907407	-0.008608863234789653	0.023587480571352515	-0.005015917709632569	0.011375820011907407	-0.005015917709632569	0.019268792709860313
120000	-209.72095403359378	3.2512945875090145	-212.9722486211028	0.14328677537317425	-0.005412060961363942	0.06738788702163571	-0.005412060961363942	0.016675580667184935	-0.007558951124850543	0.06738788702163571	-0.007558951124850543	0.04781180731456319
130000	-199.82983204696916	2.873499815735603	-202.70333186270477	0.32807962802570456	0.014360640680392943	0.09418545155736327	0.014360640680392943	0.017087708932368134	-0.0015780862052444042	0.09418545155736327	-0.0015780862052444042	0.04555951615408535
140000	-201.39863415571114	3.3100765616262295	-204.70871071733737	0.1338119673027757	-0.0050716062334262915	0.03895549982617109	-0.0050716062334262915	0.01307444543259019	-0.006640354876361642	0.03895549982617109	-0.006640354876361642	0.02827397812037049
150000	-179.0258255826496	2.8689283315225644	-181.89475391417216	0.3267128351312001	-0.002731426948035053	0.0540940237834953	-0.002731426948035053	0.01990798994830023	0.0012313589806149934	0.0540940237834953	0.0012313589806149934	0.021287952487728683
160000	-126.68412234101926	-6.646763557618712	-120.03735878340055	2.409539399247322	0.04751110372681643	0.20328995536823144	0.04751110372681643	0.021405437560619994	9.419356983994365E-4	0.20328995536823144	9.419356983994365E-4	0.028475381672943736
170000	-158.50670649122998	1.1789827540788482	-159.68568924530882	0.7052083870877595	0.035339627697529845	0.022937062172513446	0.035339627697529845	0.01914375854117047	-0.00223480113830455	0.022937062172513446	-0.00223480113830455	0.015105336460655863
180000	-167.54584005416234	2.4120001002886644	-169.957840154451	0.4677938509954477	0.047802753242963236	0.07918897107404682	0.047802753242963236	0.02408153251888638	0.003675835060220797	0.07918897107404682	0.003675835060220797	0.033533951004305396
190000	-186.59862891705518	3.588955806151548	-190.18758472320673	0.18808446611820953	0.004633705171355408	0.04092963919419617	0.004633705171355408	0.021652669716043165	-0.0016510752085663024	0.04092963919419617	-0.0016510752085663024	0.03086877704769238
200000	-176.9163531529376	2.5421832715884722	-179.45853642452607	0.447078247085302	0.0031492000534294375	0.08768476255645911	0.0031492000534294375	0.02013950545824	-0.00788754354041402	0.08768476255645911	-0.00788754354041402	0.03847419358020916
210000	-155.77467194374083	0.25226443713254276	-156.02693638087337	0.9698305789193346	0.018985552193721687	0.09555001146894375	0.018985552193721687	0.01666224238147526	0.0010708144223483566	0.09555001146894375	0.0010708144223483566	0.02894713647069348
220000	-185.23335581847635	3.443341466921807	-188.67669728539815	0.17134758170137257	-0.004121109677294053	0.022671334466174736	-0.004121109677294053	0.018778670103164224	-0.0010713949660667132	0.022671334466174736	-0.0010713949660667132	0.01709625430773399
230000	-185.3878876069761	2.9630581294045206	-188.35094573638062	0.33373039599819115	-0.028767978755036686	0.055608264971592075	-0.028767978755036686	0.015288465192580494	-0.00605297424761223	0.055608264971592075	-0.00605297424761223	0.030588365070875215
240000	-164.61602077021286	2.1403615702681518	-166.756382340481	0.5432653999382983	-0.0038424060902938263	0.07072679631447597	-0.0038424060902938263	0.014742871110291548	-0.004028763713079588	0.07072679631447597	-0.004028763713079588	0.03184374471314896
250000	-159.67573247329238	1.2468478734965367	-160.92258034678892	0.7643069966151532	0.036332393953814206	0.07292140854449267	0.036332393953814206	0.0166030875259121	5.984341931874748E-4	0.07292140854449267	5.984341931874748E-4	0.026142328817052796
260000	-148.71087678121185	-0.4551089627920849	-148.25576781841977	1.1469675787154165	0.06161385933418741	0.0796184878499225	0.06161385933418741	0.016747133287288298	0.00442877326256288	0.0796184878499225	0.00442877326256288	0.02762053860633954
270000	-175.13054703847635	2.44683597606316	-177.57738301453952	0.40965849380271013	0.006695524146929455	0.049291094629108974	0.006695524146929455	0.016519580208234345	-0.00100053637216394	0.049291094629108974	-0.00100053637216394	0.01773335541196826
280000	-167.63615991078626	2.349433214663698	-169.98559312544995	0.4558943722557262	-0.00982696881909273	0.09777802250297975	-0.00982696881909273	0.014325434355249956	-0.002718766066821697	0.09777802250297975	-0.002718766066821697	0.03656098982718365
290000	-162.7238554791316	2.26351022368645	-164.98736570281804	0.5629833684734245	0.010237721039202135	0.08005112908988601	0.010237721039202135	0.018573429776825915	0.004572657332614545	0.08005112908988601	0.004572657332614545	0.02823032485131058
300000	-173.2648657540713	2.6032552079510793	-175.86812096202237	0.4806550275599362	0.024044209397909067	0.07103531740438249	0.024044209397909067	0.01658341415764211	1.1344869334224466E-4	0.07103531740438249	1.1344869334224466E-4	0.027972803512491443
310000	-187.2683175343241	3.016381149202599	-190.2846986835267	0.36630402658695077	0.025728428517832615	0.0764278323076341	0.025728428517832615	0.016281433154921237	0.004462602278772668	0.0764278323076341	0.004462602278772668	0.03264722714836176
320000	-189.76207259679663	3.7329468132259818	-193.49501941002262	0.21121401508317394	-0.0027394639669655455	0.04268207504690572	-0.0027394639669655455	0.01881589673024754	-0.0018487037428829166	0.04268207504690572	-0.0018487037428829166	0.024839972534650694
330000	-197.19416008995088	3.678348100288346	-200.87250819023922	0.19712875270718358	0.018956348643764564	0.04344774733274925	0.018956348643764564	0.015853546814122293	0.0014869193806878143	0.04344774733274925	0.0014869193806878143	0.030563926207496157
340000	-156.1170131937964	2.2158451461967563	-158.33285833999315	0.6052845612532037	0.01119419092863618	0.08972082432942072	0.01119419092863618	0.014836536094254048	8.400031587006653E-4	0.08972082432942072	8.400031587006653E-4	0.028930145748220018
350000	-153.2273321508305	1.7737369517840653	-155.00106910261457	0.784790743671317	-0.011299116066135012	0.1205432439772951	-0.011299116066135012	0.021265214673151834	-0.002670153048187544	0.1205432439772951	-0.002670153048187544	0.040356665879688544
360000	-167.21099347820402	2.6953750631830284	-169.90636854138705	0.5088616179865051	-0.0184980221889419	0.07487768139187972	-0.0184980221889419	0.02085024428731732	-0.008042995709491263	0.07487768139187972	-0.008042995709491263	0.03180570250498377
370000	-190.41954923949893	3.7572281836037895	-194.17677742310272	0.2311291113472534	0.013580744558402672	0.04089202611370318	0.013580744558402672	0.02614023007933487	-0.0025588149140759815	0.04089202611370318	-0.0025588149140759815	0.02567972362202355
380000	-194.94318007170463	3.8971436812610913	-198.84032375296573	0.21161056729140595	-0.003739064336325664	0.026506003437304422	-0.003739064336325664	0.019257986467188265	-2.789366164163659E-4	0.026506003437304422	-2.789366164163659E-4	0.021970270698209546
390000	-188.84110256721806	3.8486878683376773	-192.68979043555575	0.22957873778820775	0.027084776799013402	0.058070640551670875	0.027084776799013402	0.023722404382952984	0.007945122816061044	0.058070640551670875	0.007945122816061044	0.030560316486764542
400000	-178.33051008503142	2.97103422962161	-181.30154431465303	0.4337796260255743	0.023314785553666537	0.09141131334078134	0.023314785553666537	0.01787212278294001	0.0027010993453550737	0.09141131334078134	0.0027010993453550737	0.03982150307994217
410000	-182.76160730738965	3.4207547483517864	-186.18236205574144	0.28044248972330227	0.003930768425545317	0.05941620641591571	0.003930768425545317	0.015437574373622713	-0.003357527202046508	0.05941620641591571	-0.003357527202046508	0.02883653000719884
420000	-171.39747356519842	2.3793596081348114	-173.77683317333324	0.5218148262941714	0.015556613006523418	0.07698391552020203	0.015556613006523418	0.017716142751458684	-0.0010625691799982851	0.07698391552020203	-0.0010625691799982851	0.024620775339967087
430000	-167.23816133178963	2.6201367710446015	-169.85829810283423	0.5266453458931777	-0.0328395386883749	0.06871841074751148	-0.0328395386883749	0.022058131902340836	-0.0039055379099913676	0.06871841074751148	-0.0039055379099913676	0.030672014993519462
440000	-154.69310959924104	2.108049732876406	-156.80115933211744	0.5840096884334985	-0.0019837693738317132	0.04583343896292636	-0.0019837693738317132	0.012579935519272495	-8.930415268402097E-4	0.04583343896292636	-8.930415268402097E-4	0.023327458187520005
450000	-180.2296080146159	2.8825370545842617	-183.11214506920018	0.3886224365533805	0.023315932440850236	0.07014323037721981	0.023315932440850236	0.02320786750459949	-0.0034665203518385746	0.07014323037721981	-0.0034665203518385746	0.027473958547198557
460000	-172.22740929276438	2.8116316648232695	-175.03904095758764	0.4084396462947146	0.021774589942267702	0.06054593217363953	0.021774589942267702	0.017575314882038152	-4.690242266394409E-4	0.06054593217363953	-4.690242266394409E-4	0.029356128304188888
470000	-165.35163037088003	2.3952138985717806	-167.7468442694518	0.5110913571764325	0.011795440566751823	0.09937500277914126	0.011795440566751823	0.01935931768279745	0.001894708630614217	0.09937500277914126	0.001894708630614217	0.03555014437409168
480000	-157.14968406083494	1.4873455698243516	-158.6370296306593	0.6827682900487659	-0.025578776210741724	0.11014111158722978	-0.025578776210741724	0.01568525845944657	-0.006821922528102096	0.11014111158722978	-0.006821922528102096	0.03814122904733894
490000	-188.73017820784918	3.356254427126594	-192.08643263497578	0.21708962596677528	0.006441253997656732	0.023394035919021693	0.006441253997656732	0.018494597300432247	-0.006802960609040916	0.023394035919021693	-0.006802960609040916	0.024328519383431658
500000	-182.67937034901067	2.83681982196561	-185.51619017097627	0.2968682110618441	-0.004871269439211655	0.08157815594291999	-0.004871269439211655	0.014953843007767748	-0.003118973656655754	0.08157815594291999	-0.003118973656655754	0.03523974524166623
510000	-189.22074370597565	3.1924217379065882	-192.41316544388224	0.282477741122767	-0.005239469460293511	0.0675058068005657	-0.005239469460293511	0.02591309878077853	0.0026425192521461645	0.0675058068005657	0.0026425192521461645	0.03428206851012888
520000	-162.3256103108039	-1.0922835777175073	-161.23332673308641	1.215500936128188	-0.04440941407449643	0.1262771348780223	-0.04440941407449643	0.01877282810140034	-0.009374755637889663	0.1262771348780223	-0.009374755637889663	0.030735927256558115
530000	-162.4113965131244	2.0215872159052086	-164.43298372902962	0.5197793256655125	-0.0071801232644654565	0.05253230402589634	-0.0071801232644654565	0.014373163669361757	-0.0018220561147087467	0.05253230402589634	-0.0018220561147087467	0.02291718548747196
540000	-157.72925701417932	1.9097809275525894	-159.6390379417319	0.6071287904749965	0.015293006783857432	0.0901113197720297	0.015293006783857432	0.01743267991809757	-0.002257265491557087	0.0901113197720297	-0.002257265491557087	0.03304535364381355
550000	-157.9172533388589	1.713421227967801	-159.6306745668267	0.6569296878898001	0.0207689471391481	0.02716540917779373	0.0207689471391481	0.02008689378916134	-0.0039141021007613845	0.02716540917779373	-0.0039141021007613845	0.021910057474986325
560000	-164.58502279752997	2.382052223893227	-166.9670750214232	0.44342609869208743	0.01259308448425237	0.03871687525137096	0.01259308448425237	0.02020008940891052	-0.0024767772735766694	0.03871687525137096	-0.0024767772735766694	0.0166056131304183
570000	-173.49284339838874	2.26978769523522	-175.76263109362395	0.4351575216688314	0.05707579884174094	0.049317110602137185	0.05707579884174094	0.02417016650337723	0.0053417220300792	0.049317110602137185	0.0053417220300792	0.022668091637841944
580000	-165.36669134457838	1.9326817991559335	-167.29937314373433	0.5372320355111571	0.02256927744068207	0.06622381506800178	0.02256927744068207	0.017147940331584614	-8.844078222729041E-4	0.06622381506800178	-8.844078222729041E-4	0.034340542793869194
590000	-169.64599295530076	2.2936815966529918	-171.93967455195374	0.3801897867480594	-0.014245371911412497	0.056110212089294925	-0.014245371911412497	0.016470191397109427	-0.0038465832989126652	0.056110212089294925	-0.0038465832989126652	0.02247877265549952
600000	-162.81180023955443	0.4548947269144028	-163.26669496646883	0.8408449671732372	-0.004041807021169462	0.019793250698456534	-0.004041807021169462	0.02074594935944827	2.2308742895882426E-4	0.019793250698456534	2.2308742895882426E-4	0.016696506265943895
610000	-162.91992694804955	1.6410147303951188	-164.56094167844466	0.5390704703856458	0.0031237634220678866	0.08101871868983868	0.0031237634220678866	0.013838287395265153	-0.0014881217886600737	0.08101871868983868	-0.0014881217886600737	0.032895593844717484
620000	-157.1175281954681	1.0271107279696592	-158.14463892343778	0.6757345697757804	-0.003961853603126145	0.07983610344463012	-0.003961853603126145	0.02271330521421846	-0.0055205710460428815	0.07983610344463012	-0.0055205710460428815	0.023454653745661476
630000	-156.54216198750194	0.04381612108783761	-156.58597810858979	0.9827551107167664	0.0359685017039214	0.06673014520947254	0.0359685017039214	0.02065954766125685	-8.28465532168499E-4	0.06673014520947254	-8.28465532168499E-4	0.025141320396146805
640000	-176.36269095702158	2.3480442685350007	-178.7107352255566	0.36046044873537597	0.008832035755757401	0.057644178349649675	0.008832035755757401	0.010822344764722587	0.001962278022989849	0.057644178349649675	0.001962278022989849	0.025451830690381993
650000	-147.3785822143159	0.013176167334704947	-147.39175838165062	0.9771087706133774	0.025791032199255316	0.054659565278790796	0.025791032199255316	0.012058452245162282	0.00394869572128514	0.054659565278790796	0.00394869572128514	0.023437300374837988
660000	-169.36869987478477	3.043780487197239	-172.412480361982	0.3015953265777396	0.0029676069723103254	0.042202198615221904	0.0029676069723103254	0.02030202560063389	0.0026040120999536753	0.042202198615221904	0.0026040120999536753	0.022739394066658796
670000	-177.44795330032878	2.6237608965310995	-180.0717141968599	0.4075738654284909	-0.00622616667801729	0.05276356273744057	-0.00622616667801729	0.01954220680419545	-0.00320537558725809	0.05276356273744057	-0.00320537558725809	0.02418748971760735
680000	-152.46687014419246	1.3460611607870967	-153.81293130497954	0.718996083808615	0.00834856827488188	0.06633418735504867	0.00834856827488188	0.016059978978296644	-0.0017223912247798013	0.06633418735504867	-0.0017223912247798013	0.02185464311686267
690000	-174.35586345080176	3.1984008344732846	-177.55426428527505	0.28693366722177327	0.005098832116311442	0.04575741779981995	0.005098832116311442	0.015076728576598959	-4.954416826873854E-4	0.04575741779981995	-4.954416826873854E-4	0.027164222389684994
700000	-175.77215538212693	2.698726673441887	-178.4708820555688	0.3424073425158287	0.017455410995551833	0.07418616997377848	0.017455410995551833	0.014838055940565439	0.0023765209372087273	0.07418616997377848	0.0023765209372087273	0.029534630735698487
710000	-186.91822639521675	3.5567154941334653	-190.47494188935022	0.17581989990032734	0.01782695163720579	0.021815942394747125	0.01782695163720579	0.021311916533226692	-3.727657284976413E-4	0.021815942394747125	-3.727657284976413E-4	0.026023648663455343
720000	-150.61082697304656	0.585040647153522	-151.1958676202001	0.8492881286116608	0.04758273129151274	0.07324526967010321	0.04758273129151274	0.01642141312451019	0.00320754362604386	0.07324526967010321	0.00320754362604386	0.020968269806274743
730000	-162.57736364873887	1.4523696718063253	-164.0297333205452	0.6139831988244194	0.006825282018711811	0.0995652098324843	0.006825282018711811	0.011770356057494108	-0.0010467004670359117	0.0995652098324843	-0.0010467004670359117	0.03195288495001222
740000	-146.0433011507543	0.3495944047273366	-146.39289555548163	0.9131611133916634	0.003406803012926461	0.08967317483723673	0.003406803012926461	0.01680304371840276	-0.002681673003595432	0.08967317483723673	-0.002681673003595432	0.02352597363481396
750000	-169.19735071214393	1.8506986358454833	-171.0480493479894	0.57267269342428	0.027267530246606195	0.13573951802521939	0.027267530246606195	0.018763092313534274	0.004768940178550731	0.13573951802521939	0.004768940178550731	0.04692610012217675
760000	-176.3965658315323	2.4828908673634587	-178.87945669889578	0.3598903534029443	0.015407049163684588	0.08310244075680812	0.015407049163684588	0.013623907766005408	0.0016105908132020706	0.08310244075680812	0.0016105908132020706	0.03882599092405277
770000	-191.089800295683	3.0405303722611303	-194.13033066794412	0.2568782574904594	-0.002773614763221006	0.06009642523617283	-0.002773614763221006	0.02006759243506819	-0.0010772914176130667	0.06009642523617283	-0.0010772914176130667	0.03620248235840401
780000	-162.7268858437265	1.6566203417830252	-164.38350618550953	0.5755946400663811	0.03610399418765736	0.09830225646455149	0.03610399418765736	0.019637234929828017	0.006139466956698577	0.09830225646455149	0.006139466956698577	0.02926130164093827
790000	-160.5955866179178	1.697205101279848	-162.29279171919765	0.608113000421363	0.018204122780677564	0.08860613738243635	0.018204122780677564	0.021451630319798687	7.973236897995273E-4	0.08860613738243635	7.973236897995273E-4	0.027071600165094478
800000	-185.5617112921434	2.651656348616545	-188.21336764075994	0.3324471057119211	0.004619718999619752	0.07333657472795702	0.004619718999619752	0.01366863528194034	-0.004911602317221939	0.07333657472795702	-0.004911602317221939	0.03790814464072103
810000	-163.40503430419307	2.1605082185526343	-165.5655425227457	0.4465190632794382	0.013902302030891435	0.08585182165722613	0.013902302030891435	0.012138264530934894	0.0019046737542365933	0.08585182165722613	0.0019046737542365933	0.03329980475161591
820000	-168.250882026445	1.5317483006821075	-169.7826303271271	0.6339568447588527	0.002244785649914678	0.11912215321837881	0.002244785649914678	0.01955967337745236	0.0025448009881100064	0.11912215321837881	0.0025448009881100064	0.03477724380521252
830000	-182.62303564074816	3.074422255317759	-185.6974578960659	0.23419863660380086	-0.009002635619495965	0.03820280983221324	-0.009002635619495965	0.02205441404459924	-0.00524773016529886	0.03820280983221324	-0.00524773016529886	0.021919703464419474
840000	-202.33998415486815	3.3680613530855723	-205.70804550795373	0.13190478335606495	9.823243061204891E-4	0.02929412359566011	9.823243061204891E-4	0.01733542685638954	0.0018068658296613903	0.02929412359566011	0.0018068658296613903	0.02811120618937528
850000	-195.57969447857846	3.303449812339429	-198.8831442909179	0.18934169364285297	0.016037987488367326	0.04173314881367591	0.016037987488367326	0.019112035570288458	-7.393927323551502E-4	0.04173314881367591	-7.393927323551502E-4	0.024242140738495822
860000	-208.56461349939886	3.27439597633255	-211.83900947573142	0.13440932216893128	0.007841822621887044	0.03868480129751113	0.007841822621887044	0.02230782090568158	-0.0044530039536951884	0.03868480129751113	-0.0044530039536951884	0.024456588740118364
870000	-177.13307971330585	2.6998444682353697	-179.83292418154122	0.369539871454561	0.031215696623138726	0.06918177763958777	0.031215696623138726	0.0233119004721669	0.004348073551352338	0.06918177763958777	0.004348073551352338	0.026480716687733434
880000	-190.82551481722857	3.154562372103842	-193.9800771893324	0.18594771727699091	0.005981926152803046	0.059039182854322594	0.005981926152803046	0.016592771449409068	0.0040940141456489035	0.059039182854322594	0.0040940141456489035	0.03176037772506818
890000	-177.97666214058188	2.914419536490655	-180.89108167707255	0.3165552909158954	-0.007756203352537593	0.03252753822711193	-0.007756203352537593	0.016102439680987186	0.003100152724447342	0.03252753822711193	0.003100152724447342	0.01944207200551125
900000	-171.9638990223271	2.166264452733754	-174.13016347506084	0.5180601883982278	0.04546092467009236	0.060087926316879335	0.04546092467009236	0.020437254933014515	-0.0014954668308292248	0.060087926316879335	-0.0014954668308292248	0.027133801647285606
910000	-172.73048558540674	2.687368586698973	-175.4178541721057	0.35485087061514536	0.013914089884270559	0.06183573959186247	0.013914089884270559	0.016574259462801465	0.001154383499249548	0.06183573959186247	0.001154383499249548	0.025222502911839605
920000	-214.41672596903052	3.3913967404324015	-217.80812270946294	0.1066000544484435	0.002281751094361363	0.036465483228353336	0.002281751094361363	0.021490037647765293	-0.0027770345953540155	0.036465483228353336	-0.0027770345953540155	0.027873738448891686
930000	-189.39624502059735	3.06025021623103	-192.45649523682837	0.21042995605847092	0.021577207502077412	0.032458942342572315	0.021577207502077412	0.017236822898872257	-2.4238085165112023E-4	0.032458942342572315	-2.4238085165112023E-4	0.019337374315633517
940000	-211.11252894875213	3.2694315815067596	-214.38196053025888	0.10623840020647929	0.015395037654798176	0.04249577890869306	0.015395037654798176	0.01729612578235274	0.00516987941437971	0.04249577890869306	0.00516987941437971	0.030791847693681415
950000	-189.73214236674553	2.9568644893253584	-192.6890068560709	0.3538979678772013	0.015570328436147763	0.06928468806877672	0.015570328436147763	0.0219280703949768	-8.296173946783125E-4	0.06928468806877672	-8.296173946783125E-4	0.03497026688065423
960000	-191.32320276212633	3.381697007265967	-194.70489976939228	0.1956729650878107	-0.015853162856059675	0.04269419607813428	-0.015853162856059675	0.018385237107434175	-0.005823033280532543	0.04269419607813428	-0.005823033280532543	0.032917810868056674
970000	-163.52174741770315	2.1993172493853996	-165.72106466708854	0.5063370381246003	0.0017348944344369396	0.06940617300035419	0.0017348944344369396	0.016028551582187186	-8.416578384681357E-4	0.06940617300035419	-8.416578384681357E-4	0.026832725066871413
980000	-179.5918845329422	2.813240447747692	-182.4051249806899	0.3232570988266474	-5.653481609110599E-4	0.07793029143933435	-5.653481609110599E-4	0.017437863126783252	7.447737789769064E-4	0.07793029143933435	7.447737789769064E-4	0.034188547472828054
990000	-167.55706754932407	2.1511442594718315	-169.7082118087959	0.5153655645854914	0.03784063343035047	0.05190932669526167	0.03784063343035047	0.02292751073439064	-0.0015043503131653238	0.05190932669526167	-0.0015043503131653238	0.020200510052159625
1000000	-189.53376643587208	3.1136446233079713	-192.64741105918006	0.25685161014727304	-0.031162452180046218	0.03854248679364638	-0.031162452180046218	0.01740561783071107	-0.00712069169713092	0.03854248679364638	-0.00712069169713092	0.023423171466519645
1010000	-211.50694843206995	2.317869781007005	-213.82481821307695	0.13550841080988335	0.001940841759527925	0.029518579986219644	0.001940841759527925	0.0156675627175124	-0.003253445961010609	0.029518579986219644	-0.003253445961010609	0.024593243357132366
1020000	-172.06729322571252	3.3669896507235952	-175.4342828764361	0.5358127806596401	-0.03872539510154846	0.049729527580692906	-0.03872539510154846	0.020772185140856873	-0.006449434597093764	0.049729527580692906	-0.006449434597093764	0.026544225134567757
1030000	-178.69261909479587	3.9795990076568977	-182.67221810245277	0.4362034151652013	-0.007823697065024749	0.08851843572742377	-0.007823697065024749	0.021140065467947118	-0.0055464718285982255	0.08851843572742377	-0.0055464718285982255	0.03979967659944059
1040000	-212.06271280080253	1.2362807296722087	-213.29899353047475	0.08850311654347437	-0.008341823627011814	0.020844222165941954	-0.008341823627011814	0.014533961336911932	-0.004276920626689294	0.020844222165941954	-0.004276920626689294	0.026262325392070317
1050000	-158.7131592885836	2.3381334361848705	-161.05129272476847	0.7019745319050635	0.01124740738513604	0.10266690095200671	0.01124740738513604	0.013891037599811763	-8.799725352427836E-4	0.10266690095200671	-8.799725352427836E-4	0.03739736512316974
1060000	-172.822940330464	3.8916854291448395	-176.71462575960885	0.32415630557272906	-0.005175654123635704	0.062106364415172116	-0.005175654123635704	0.01701688365616731	-0.0033806370740260723	0.062106364415172116	-0.0033806370740260723	0.036396971347880364
1070000	-150.6605982112125	2.200254678678469	-152.86085288989096	0.6226776722114111	0.011817350955596616	0.04732925615964987	0.011817350955596616	0.021413264384408874	5.511244278218544E-5	0.04732925615964987	5.511244278218544E-5	0.024237632921532328
1080000	-178.40575711423435	0.7078145851742268	-179.11357169940857	0.37514065322806145	0.037962873498995506	0.052652696425197154	0.037962873498995506	0.018347052991295396	0.007212639026050118	0.052652696425197154	0.007212639026050118	0.027520572363143096
1090000	-159.3024087018326	2.735286639862246	-162.03769534169484	0.5854204091784836	-0.008580972059100522	0.08001869358643181	-0.008580972059100522	0.019080774913358654	-4.833475036872491E-4	0.08001869358643181	-4.833475036872491E-4	0.02604885466481749
1100000	-152.30411899391365	0.3348985783330257	-152.63901757224667	0.9285596350770594	0.013310461850304916	0.053579310820829264	0.013310461850304916	0.013243807605365171	-0.0011252737155963595	0.053579310820829264	-0.0011252737155963595	0.02586493432947164
1110000	-171.8763163185315	3.6562402290591782	-175.53255654759067	0.47491765559186155	0.019019630930298674	0.09027368479402421	0.019019630930298674	0.017956267793126264	0.002073715460099908	0.09027368479402421	0.002073715460099908	0.0354448201479039
1120000	-175.10223023107804	3.4220485894170705	-178.5242788204951	0.33929753060012924	0.03633356194842407	0.06013917779490237	0.03633356194842407	0.022257074401895373	9.021200692260357E-4	0.06013917779490237	9.021200692260357E-4	0.0326451920729325
1130000	-173.97282279673848	4.329040192649903	-178.30186298938838	0.2980133117306323	0.01848137398122672	0.026263604410715173	0.01848137398122672	0.02076845753889906	-7.579518110948347E-4	0.026263604410715173	-7.579518110948347E-4	0.022623231104308347
1140000	-174.52636882357754	3.4394243987912283	-177.96579322236877	0.4893685455810079	0.005029998820268675	0.09414386603539228	0.005029998820268675	0.02836275376896282	-0.00857383143812965	0.09414386603539228	-0.00857383143812965	0.034950219963871765
1150000	-187.19027584612854	4.808712498450632	-191.99898834457917	0.1717023840302981	0.0065866672360879045	0.03966667456875143	0.0065866672360879045	0.024850947987536048	-0.0014051709614435095	0.03966667456875143	-0.0014051709614435095	0.028594599875495858
1160000	-165.6043830580758	1.5209625808795542	-167.12534563895534	0.5157663529043337	0.028425484447259734	0.06318318828014607	0.028425484447259734	0.021383851720877277	9.165758666078443E-4	0.06318318828014607	9.165758666078443E-4	0.018552426733738747
1170000	-178.51172458277392	3.191430684117183	-181.70315526689112	0.3285225378856126	0.025786909715378864	0.04667611830896497	0.025786909715378864	0.01872115006558226	0.002490224911280965	0.04667611830896497	0.002490224911280965	0.029338012625300166
1180000	-178.13224600539195	4.37809124750108	-182.51033725289304	0.2819468680098655	0.01813854999414494	0.048599805753641825	0.01813854999414494	0.02048979926676639	0.0014659644802873686	0.048599805753641825	0.0014659644802873686	0.024352219474555965
1190000	-164.53929006064033	2.9482979461908503	-167.48758800683117	0.5824826902510949	0.02036234171543825	0.062046073742835106	0.02036234171543825	0.02234955126538257	-0.005143846886143057	0.062046073742835106	-0.005143846886143057	0.024569545120621195
1200000	-167.11526810275805	2.879871047995761	-169.9951391507538	0.6319339282760794	0.03763782129714114	0.10831107381586177	0.03763782129714114	0.024101715022001625	0.0047461674967562316	0.10831107381586177	0.0047461674967562316	0.04461993654584405
1210000	-191.9741128747545	4.528788285224259	-196.50290115997876	0.21520113263274065	-0.0015169963812925458	0.06523575506944135	-0.0015169963812925458	0.01587145833165035	-0.0010911876657161508	0.06523575506944135	-0.0010911876657161508	0.0372108612111755
1220000	-176.26830936421314	1.2535659921547304	-177.52187535636787	0.4147921652907617	0.010204345090796823	0.05727983212064788	0.010204345090796823	0.013405362162799106	-8.85822104256001E-4	0.05727983212064788	-8.85822104256001E-4	0.022149592824158158
1230000	-168.17849439181194	3.8537759510441085	-172.03227034285604	0.40447483033621046	0.017217802009215646	0.0484894765336322	0.017217802009215646	0.015762977824886597	-7.3013922741754E-4	0.0484894765336322	-7.3013922741754E-4	0.020143578518756915
1240000	-175.47817863351364	2.5642059018463024	-178.04238453535993	0.5357900209272792	0.023619867131930438	0.08770721025148627	0.023619867131930438	0.01928509306923126	-0.003879403449603433	0.08770721025148627	-0.003879403449603433	0.03790062915870607
1250000	-177.12431923419578	3.7557111023491734	-180.88003033654496	0.3939508574296878	-0.010416324622371458	0.046363927968221384	-0.010416324622371458	0.02211932746134117	-0.0037002779068655033	0.046363927968221384	-0.0037002779068655033	0.03126214608305789
1260000	-197.243332255973	4.401995960550915	-201.64532821652392	0.1869330164638208	0.004277143981901691	0.050972048856943855	0.004277143981901691	0.01625349459078002	-0.004615770730143791	0.050972048856943855	-0.004615770730143791	0.032718963583616534
1270000	-171.77779239972404	3.6710205888274547	-175.44881298855148	0.28114874070110396	0.012261291550127939	0.04567255199625807	0.012261291550127939	0.01562699770089916	4.1713533474834765E-4	0.04567255199625807	4.1713533474834765E-4	0.02394112273309947
1280000	-199.69300184527026	3.655100917390656	-203.34810276266091	0.20932125648720923	-0.0017906894930242979	0.042833056753352125	-0.0017906894930242979	0.018378176936036134	-4.3340933914784555E-4	0.042833056753352125	-4.3340933914784555E-4	0.024451320405025286
1290000	-164.63079526931313	2.0948101954844662	-166.72560546479758	0.4208138143767831	0.007147831501490065	0.06303629428993238	0.007147831501490065	0.016519752520167828	-0.002561417476586508	0.06303629428993238	-0.002561417476586508	0.027129484034859857
1300000	-165.30304862574238	2.050848426500289	-167.35389705224267	0.6152379150536815	-0.02401086201994363	0.07913757901703236	-0.02401086201994363	0.022655559284519	-0.008312041839325197	0.07913757901703236	-0.008312041839325197	0.02857147432875495
1310000	-153.50798801550306	2.165248052117993	-155.67323606762105	0.7218747502601901	0.006870157452906262	0.07329198530715937	0.006870157452906262	0.017761108696495283	-5.641370730992568E-4	0.07329198530715937	-5.641370730992568E-4	0.02807316345045252
1320000	-171.72671408294948	2.398818741882762	-174.12553282483225	0.4511484102984248	0.03991041407824218	0.04582422355343101	0.03991041407824218	0.020246459249936052	0.0016461411967503134	0.04582422355343101	0.0016461411967503134	0.026079065021928905
1330000	-169.55437024256193	2.2283608874396603	-171.7827311300016	0.5645310591593744	0.029729970132450705	0.05147661258067141	0.029729970132450705	0.02415015205546681	0.004363834793370321	0.05147661258067141	0.004363834793370321	0.02205827842868592
1340000	-182.23971976144836	3.6922278877672654	-185.93194764921563	0.24539230405261575	-0.0029181769460337775	0.04704285457188137	-0.0029181769460337775	0.012249774197924022	3.570734234442227E-4	0.04704285457188137	3.570734234442227E-4	0.021644666405316978
1350000	-221.9044231625302	2.1150788290442724	-224.0195019915745	0.06936132289739241	0.0022775916627613803	0.02309389322004878	0.0022775916627613803	0.015340178504452998	3.7602809104409613E-4	0.02309389322004878	3.7602809104409613E-4	0.02722357763725668
1360000	-165.80962827321795	-2.554238576718334	-163.2553896964996	0.8959695548990229	-0.029350095478525646	0.08270227421294297	-0.029350095478525646	0.014547888732703967	-0.0073477999205828395	0.08270227421294297	-0.0073477999205828395	0.02784650940318263
1370000	-166.89468104174	3.1070943935040716	-170.00177543524407	0.6554428750755498	0.012867121852845246	0.033377720779752776	0.012867121852845246	0.018145816952358267	-9.26767451667037E-4	0.033377720779752776	-9.26767451667037E-4	0.017283043277236836
1380000	-172.0509334662217	3.060978487187039	-175.11191195340874	0.3635212006644983	0.007709238337594935	0.03716276903379557	0.007709238337594935	0.017822908977729243	-0.0044248465069133295	0.03716276903379557	-0.0044248465069133295	0.022464885634166237
1390000	-160.41522648112476	3.598241322622363	-164.01346780374712	0.5196503415057335	-0.0021215469729773426	0.036262755650747464	-0.0021215469729773426	0.01699481285535841	-0.003525318217791748	0.036262755650747464	-0.003525318217791748	0.016895434530052232
1400000	-167.63280305609948	3.268455876641008	-170.9012589327405	0.40422146759509175	0.032038489213458164	0.06134423932949934	0.032038489213458164	0.015965169925996538	-5.374894966621848E-4	0.06134423932949934	-5.374894966621848E-4	0.023438039542415155
1410000	-163.58295649114442	3.6821648340745687	-167.26512132521898	0.3913999421699876	-0.009236039864344809	0.011897133595524696	-0.009236039864344809	0.017689406184054436	-0.0028783280722286986	0.011897133595524696	-0.0028783280722286986	0.017122281590522
1420000	-181.514840346924	3.9580122328927394	-185.47285257981673	0.23628124146388346	0.0020279790703367512	0.03768772457529196	0.0020279790703367512	0.020055886585389253	-0.002897580301217551	0.03768772457529196	-0.002897580301217551	0.020398401714426723
1430000	-171.04344800486007	3.4945731688810326	-174.5380211737411	0.4456340205854659	-0.01225823707765767	0.0966488287658678	-0.01225823707765767	0.02390195605877879	-0.01002727051003057	0.0966488287658678	-0.01002727051003057	0.03993153687824878
1440000	-166.86572208627732	2.1436937683109623	-169.00941585458827	0.5339248835206534	0.05678059304587407	0.029746120290938118	0.05678059304587407	0.02094932557114252	-8.408830908413841E-4	0.029746120290938118	-8.408830908413841E-4	0.02152626605308783
1450000	-189.76687777050512	3.0626198462889755	-192.8294976167941	0.28028780788884616	0.010909026488027742	0.06581189687440743	0.010909026488027742	0.0160740908257313	0.0017609033765860075	0.06581189687440743	0.0017609033765860075	0.03808066190571302
1460000	-174.25529664003193	3.1518830546669006	-177.40717969469884	0.44196324499058437	0.0068110013646476035	0.012593151507430159	0.0068110013646476035	0.013051947089814797	-0.0043293872916806255	0.012593151507430159	-0.0043293872916806255	0.01924438113774209
1470000	-171.62331669218995	2.3831257972879536	-174.0064424894779	0.3726740507913629	0.03183960978036132	0.022611317633949378	0.03183960978036132	0.02754817924766867	2.8511760201787965E-6	0.022611317633949378	2.8511760201787965E-6	0.018463044576976933
1480000	-151.19574551101704	0.07140177491969613	-151.26714728593674	1.0463984579906376	9.972521265542253E-4	0.07407097133309848	9.972521265542253E-4	0.015018761156026367	-0.003112288735120837	0.07407097133309848	-0.003112288735120837	0.02485584414320735
1490000	-153.25262344808547	1.3871345579335543	-154.63975800601904	0.9849597852164625	-0.012700078082673635	0.11697828319356605	-0.012700078082673635	0.016843402393667294	-0.006001956628827322	0.11697828319356605	-0.006001956628827322	0.03732810470918721
1500000	-168.05144713183722	3.3921330679890707	-171.4435801998263	0.4680780506903529	0.034308840367233036	0.11069318014512697	0.034308840367233036	0.017088145999982214	0.0032574805722278286	0.11069318014512697	0.0032574805722278286	0.04070956730866259
1510000	-182.67832912675846	1.197085488492867	-183.87541461525132	0.3207111069068472	0.007492410375583155	0.06310140622782967	0.007492410375583155	0.013941008269014198	0.002986163400435131	0.06310140622782967	0.002986163400435131	0.026323633575999504
1520000	-166.02893449432312	2.945785949249694	-168.9747204435728	0.6206139483939555	0.019984949522067943	0.08786846342913296	0.019984949522067943	0.019584705074159468	4.4748842104283667E-4	0.08786846342913296	4.4748842104283667E-4	0.029726539074484547
1530000	-179.29165404152783	3.803680546463238	-183.09533458799106	0.3341024160185762	0.002638495937974167	0.0643529051694941	0.002638495937974167	0.015567855871305917	-0.0024196881935958413	0.0643529051694941	-0.0024196881935958413	0.03437056653930212
1540000	-199.1735876722634	3.485554056638189	-202.6591417289016	0.1583284029183805	0.00354648667224538	0.02690004470251559	0.00354648667224538	0.01835966276439508	-0.0031531334981958637	0.02690004470251559	-0.0031531334981958637	0.024162413371859367
1550000	-184.22726732305546	4.285216457593213	-188.51248378064867	0.340132855389635	-0.013364278660445131	0.05913829063777346	-0.013364278660445131	0.020473591198605805	-0.0052497202850540475	0.05913829063777346	-0.0052497202850540475	0.024290255842089523
1560000	-194.4914415058405	4.63459114325341	-199.1260326490939	0.14864972229841666	-0.0023044804427598555	0.03867424146240637	-0.0023044804427598555	0.017553850751015673	-9.5300061623479E-4	0.03867424146240637	-9.5300061623479E-4	0.025494268222651773
1570000	-209.94452856896027	3.6991545179344856	-213.64368308689475	0.09468572023885619	0.00807689908464116	0.027758698915415	0.00807689908464116	0.018179708441544016	-9.011726646790705E-4	0.027758698915415	-9.011726646790705E-4	0.025332531519879496
1580000	-141.5502678930953	0.5470021616513051	-142.09727005474662	1.1981863148138878	0.05127002847928057	0.06251367065443704	0.05127002847928057	0.022187083593526245	-0.0012468681384833124	0.06251367065443704	-0.0012468681384833124	0.019388758948542577
1590000	-180.81649991233925	3.707699261896949	-184.5241991742362	0.3710352249058576	-0.013779887998156813	0.06185320111848763	-0.013779887998156813	0.021721031728548962	-0.0020721201286500886	0.06185320111848763	-0.0020721201286500886	0.03204668762241132
1600000	-174.0493753579551	2.6649322019288544	-176.71430755988396	0.593740512918787	0.025748224417774048	0.12639844617464613	0.025748224417774048	0.01484788914803186	0.004388450248277786	0.12639844617464613	0.004388450248277786	0.04895914644869126
1610000	-173.11193928669127	1.0488737498586147	-174.16081303654988	0.5871624176271844	0.019283571217692523	0.05698781752756935	0.019283571217692523	0.017231677742007793	-0.0017323852831220786	0.05698781752756935	-0.0017323852831220786	0.025327944945967983
1620000	-157.03933177552133	2.7482999751803927	-159.78763175070173	0.7278353252821954	-0.010792390760524196	0.0682422794134868	-0.010792390760524196	0.018676839729368726	-0.0010407122651959208	0.0682422794134868	-0.0010407122651959208	0.028819580355096713
1630000	-170.8697224944411	2.478778168580175	-173.34850066302127	0.5722724503793406	-0.011160796219754856	0.07146889957662826	-0.011160796219754856	0.01678169357498756	-0.0012181412061747596	0.07146889957662826	-0.0012181412061747596	0.02299105641902228
1640000	-154.2415331821283	-0.10515288645164045	-154.13638029567667	0.9483487599580677	0.0012448702010387455	0.17373293046230112	0.0012448702010387455	0.017664918245483847	-0.004121833472053597	0.17373293046230112	-0.004121833472053597	0.04961824669397483
1650000	-166.95116528536806	0.19842454832225287	-167.14958983369033	1.1219540835944297	0.01484224212427232	0.08929416767362025	0.01484224212427232	0.015840141970160735	-0.0012802578347168182	0.08929416767362025	-0.0012802578347168182	0.03432676540781025
1660000	-179.69396077691667	3.2422322276049833	-182.93619300452164	0.25781421124291676	0.010718103327623909	0.06495658691625954	0.010718103327623909	0.025305354253669643	-5.716581244679542E-4	0.06495658691625954	-5.716581244679542E-4	0.033504718321167665
1670000	-182.75161947919466	3.332018583086195	-186.08363806228084	0.24167397803827706	0.0015891585722753935	0.02480248533352802	0.0015891585722753935	0.016187488815815367	-8.45385492120359E-4	0.02480248533352802	-8.45385492120359E-4	0.024294957504193054
1680000	-163.60072650930272	2.786862871870802	-166.3875893811735	0.46785036573741523	0.0048804366283298276	0.028066226289563068	0.0048804366283298276	0.01684768492655517	0.0015108846104968784	0.028066226289563068	0.0015108846104968784	0.01566090769332146
1690000	-198.4451978201003	4.502708964610913	-202.94790678471122	0.2041392097419815	2.6365968765462326E-4	0.07059187735240177	2.6365968765462326E-4	0.017293651119922832	0.0012553346248030178	0.07059187735240177	0.0012553346248030178	0.03708284517646736
1700000	-163.53546243534308	0.8667791899587298	-164.4022416253018	0.5970577058675185	0.031125180473068982	0.0679555255349288	0.031125180473068982	0.014505425369836334	0.0012988589472760128	0.0679555255349288	0.0012988589472760128	0.022138727214207864
1710000	-167.00579961844693	1.8264431773134673	-168.8322427957604	0.7291530447645433	-0.033379304848616266	0.1649400556928939	-0.033379304848616266	0.019964443959692674	-0.004270610714309578	0.1649400556928939	-0.004270610714309578	0.04830033008748286
1720000	-201.21197885328985	4.339358700823537	-205.5513375541134	0.15771781485131056	-0.001148779436114002	0.05118567833778508	-0.001148779436114002	0.02354104503576959	-0.003002681957595502	0.05118567833778508	-0.003002681957595502	0.03495176545141762
1730000	-166.85225461300453	2.4039731532190496	-169.2562277662236	0.6482120865226921	0.015379748676446323	0.12359601830343604	0.015379748676446323	0.015836698322697514	-0.0015289520299980315	0.12359601830343604	-0.0015289520299980315	0.042782761527585
1740000	-129.77293365657417	-2.96632776753285	-126.80660588904131	1.9383077312900967	0.06203899120235038	0.07451788151353624	0.06203899120235038	0.013744307925256515	0.0015692927572701187	0.07451788151353624	0.0015692927572701187	0.01903660492599281
1750000	-155.92004650950298	1.7388610964097015	-157.65890760591267	0.728657047632685	0.0026459678410758014	0.09971117292548025	0.0026459678410758014	0.015760327743991418	-0.0013775861971814106	0.09971117292548025	-0.0013775861971814106	0.03614677540430767
1760000	-161.0314890343545	2.8645595736822327	-163.89604860803675	0.7082829927332311	0.016237933575917383	0.13127159059148416	0.016237933575917383	0.019067809048995025	6.992687973858165E-4	0.13127159059148416	6.992687973858165E-4	0.04839955928920621
1770000	-162.09801849951015	2.5684744026724347	-164.66649290218257	0.606306192074199	0.005277122596404876	0.05609506696132319	0.005277122596404876	0.0243015587215874	2.02670485767841E-4	0.05609506696132319	2.02670485767841E-4	0.02744750998593805
1780000	-203.06216409934893	4.169192228340706	-207.23135632768964	0.14852984676821504	-0.005989764391962371	0.04057196041722526	-0.005989764391962371	0.017823414491674405	-0.003288390735966251	0.04057196041722526	-0.003288390735966251	0.028715436422739996
1790000	-212.4228916305957	4.747903340202073	-217.17079497079777	0.1030526121975528	-0.019760912756801995	0.03185337432155042	-0.019760912756801995	0.022492237239476506	-0.007035801608526356	0.03185337432155042	-0.007035801608526356	0.02442809678911338
1800000	-159.1729141214729	2.9318263120837305	-162.10474043355663	0.611884510745915	9.301887629744386E-4	0.07184998404867314	9.301887629744386E-4	0.013200441620830101	0.001413451408456223	0.07184998404867314	0.001413451408456223	0.02272802987536785
1810000	-131.97246211733471	-8.430654098075792	-123.54180801925891	2.6925070100772364	0.09603763810774418	0.19129581331080794	0.09603763810774418	0.023222856397488223	0.0051816316822789945	0.19129581331080794	0.0051816316822789945	0.03014877855516396
1820000	-164.7964650760062	3.7855642775074188	-168.5820293535136	0.4123043319356833	0.0017880403424529302	0.020219316301121937	0.0017880403424529302	0.02038741450593496	-0.003223959843406069	0.020219316301121937	-0.003223959843406069	0.019381272570612135
1830000	-165.2814794380623	2.795298255442705	-168.076777693505	0.6050685967611185	-0.024840582863445513	0.10272897842423458	-0.024840582863445513	0.02471548827177383	-0.005657206953337993	0.10272897842423458	-0.005657206953337993	0.03300796338567198
1840000	-153.5375058427272	2.1636743388866218	-155.7011801816138	0.7580700562988701	0.01769376112567678	0.04301527462981324	0.01769376112567678	0.026272290119782025	-0.001717030430173181	0.04301527462981324	-0.001717030430173181	0.020483408966299587
1850000	-146.2961638242428	-0.11222924043909316	-146.1839345838037	1.260455259429306	0.00793714902026604	0.12835071693208616	0.00793714902026604	0.013565440758000693	-0.0016995453242395293	0.12835071693208616	-0.0016995453242395293	0.031614194954859544
1860000	-182.44526650443424	3.9508714166236554	-186.39613792105789	0.2770358914389966	0.040588772008941315	0.0678726803490091	0.040588772008941315	0.02195805741343827	0.005954339395303955	0.0678726803490091	0.005954339395303955	0.038654674364136964
1870000	-183.10715101841424	2.673359026500592	-185.78051004491485	0.3495162893808446	0.014711141527137149	0.06681613141289273	0.014711141527137149	0.018507434548280684	0.005191029871419747	0.06681613141289273	0.005191029871419747	0.030470357348137536
1880000	-213.49515316105584	4.165901211500605	-217.66105437255644	0.07144219656384997	0.004103335987997467	0.02547115743271121	0.004103335987997467	0.0165706600112679	1.976875566229385E-4	0.02547115743271121	1.976875566229385E-4	0.022974405723559257
1890000	-173.80085493239233	3.8415718080811647	-177.6424267404735	0.389486855668142	-0.001672407704031528	0.07269708624659163	-0.001672407704031528	0.012547901856391241	-0.0012806247483051342	0.07269708624659163	-0.0012806247483051342	0.033360422501997354
1900000	-207.18179663708804	2.991324388861047	-210.1731210259491	0.11847285259596854	0.017325966405939426	0.03852370655980907	0.017325966405939426	0.016672474440268533	0.003119808985704268	0.03852370655980907	0.003119808985704268	0.031575195901533355
1910000	-189.66570343878297	3.9746017698525766	-193.64030520863554	0.18045397407406738	0.006694461541922901	0.029097090123625814	0.006694461541922901	0.016806794738582022	0.004350186197150006	0.029097090123625814	0.004350186197150006	0.017494132527869348
1920000	-169.12786495322808	3.570433329748589	-172.69829828297668	0.4116333049294397	0.012924845889297137	0.08660277101127878	0.012924845889297137	0.022786592370560837	-9.917323092903697E-4	0.08660277101127878	-9.917323092903697E-4	0.037372918248744495
1930000	-203.68632877815654	3.2304333646280474	-206.9167621427846	0.13524765159659569	0.02115424388844597	0.04998166123794878	0.02115424388844597	0.025427344957852073	0.006657650723027896	0.04998166123794878	0.006657650723027896	0.0362533145550825
1940000	-191.3278173441556	1.7794576298509304	-193.10727497400651	0.31739423863376226	0.0046490770076011555	0.0839677858417732	0.0046490770076011555	0.02571870986231203	0.0015862726132171907	0.0839677858417732	0.0015862726132171907	0.034149261570347894
1950000	-153.11490855978136	1.146911231270463	-154.2618197910518	0.7143785495627895	-0.021896688891727755	0.07124899089995627	-0.021896688891727755	0.015480350708731506	-0.0028054173877363107	0.07124899089995627	-0.0028054173877363107	0.02314860797117905
1960000	-156.35857699565415	1.5900933414907472	-157.9486703371449	0.9907470422901461	-0.017665496167472663	0.11652919622007281	-0.017665496167472663	0.019106862656749418	-0.0028980298478211656	0.11652919622007281	-0.0028980298478211656	0.03370557809431376
1970000	-163.2924440295951	3.1981677318206594	-166.49061176141575	0.5092152063845194	0.030573936188620855	0.06931085233501745	0.030573936188620855	0.022716885402060297	0.002755712753820116	0.06931085233501745	0.002755712753820116	0.023663621309786685
1980000	-179.3930704812264	0.044029902723688785	-179.43710038395008	0.41372088907373833	0.022611128469966765	0.034201375335485916	0.022611128469966765	0.01614078917165925	-5.091980679933954E-4	0.034201375335485916	-5.091980679933954E-4	0.02354958721940672
1990000	-200.85607068277807	4.491995444961803	-205.34806612773988	0.14235604789716322	-0.015659027639246186	0.016382653996313272	-0.015659027639246186	0.02009059122970605	-0.005817455986333098	0.016382653996313272	-0.005817455986333098	0.019627006507508957
2000000	-173.79533809428233	4.441623542374541	-178.23696163665687	0.29270282247159585	0.005041230197817038	0.059942599483921784	0.005041230197817038	0.021601818518063746	-0.001356775810557276	0.059942599483921784	-0.001356775810557276	0.028237475524605614
2010000	-199.23765230005014	2.49979779705291	-201.73745009710305	0.1994407300774483	-0.0015326983426202057	0.05974510481220945	-0.0015326983426202057	0.017104350874012554	-0.0010493482875197587	0.05974510481220945	-0.0010493482875197587	0.03705380455509745
2020000	-181.58211197401806	3.981982227778257	-185.5640942017963	0.3244065041355465	-0.004823063053579379	0.008518433249350872	-0.004823063053579379	0.015181129751243711	-0.0025118349156249232	0.008518433249350872	-0.0025118349156249232	0.01933790901914297
2030000	-157.1075104510953	1.3900073261627748	-158.49751777725808	0.7703162793004668	-3.8671647445203273E-4	0.02994583067924729	-3.8671647445203273E-4	0.023786994847298307	1.9310844494065671E-4	0.02994583067924729	1.9310844494065671E-4	0.027207827600297635
2040000	-167.03721726880403	3.0467996125302967	-170.08401688133432	0.5850077587667993	0.03120960845580551	0.11638907552628938	0.03120960845580551	0.015107255376272144	0.006147330463211978	0.11638907552628938	0.006147330463211978	0.036018232902101446
2050000	-202.92920000467015	4.642548124119851	-207.57174812879	0.15054889605167618	0.02852688534795564	0.023570489972837828	0.02852688534795564	0.02097610340795613	0.003782946692594673	0.023570489972837828	0.003782946692594673	0.024107675809004067
2060000	-197.2521142257356	3.293499497186476	-200.54561372292207	0.16608364866632883	0.002587625237218979	0.040711285356127454	0.002587625237218979	0.022525754312915612	0.002492021216322148	0.040711285356127454	0.002492021216322148	0.02921646840567467
2070000	-179.19923970699892	4.150414675111534	-183.34965438211046	0.33056135385549146	0.02509123663269482	0.057621307947610785	0.02509123663269482	0.020428217319182256	0.0020039539413815983	0.057621307947610785	0.0020039539413815983	0.024805366615797395
2080000	-185.0791220968596	1.9600808185700291	-187.03920291542963	0.30378275066420024	-0.007710954843934163	0.0491826082847078	-0.007710954843934163	0.014257386767205811	-0.0047387343878831905	0.0491826082847078	-0.0047387343878831905	0.03390037736179238
2090000	-160.3982012070719	3.3047366092262056	-163.70293781629812	0.5365302714853981	0.016423510797922133	0.0632798603755525	0.016423510797922133	0.01316192156294824	0.003002131896602629	0.0632798603755525	0.003002131896602629	0.022478057206108234
2100000	-193.58858293883338	3.632018862958346	-197.22060180179173	0.1967031375048404	-0.021754185182725254	0.0335355862957625	-0.021754185182725254	0.021263111234017074	-0.003932643662617186	0.0335355862957625	-0.003932643662617186	0.021187516078615014
2110000	-161.96024187051907	2.903444212380389	-164.86368608289945	0.5069222062256877	0.02008690840947862	0.04298520586218195	0.02008690840947862	0.015498237033089075	-0.0023231125699138045	0.04298520586218195	-0.0023231125699138045	0.019944383491205708
2120000	-178.13024630078556	0.717518861703411	-178.84776516248897	0.3747682751172975	0.011833484622243654	0.09196158219224278	0.011833484622243654	0.01634658870833605	-0.0013072501439070757	0.09196158219224278	-0.0013072501439070757	0.042089192685476014
2130000	-196.4684566593788	3.3410727982790136	-199.80952945765782	0.21640421926281928	-0.007344960802821468	0.03871575216986457	-0.007344960802821468	0.015149219315467966	-3.7650299501348027E-4	0.03871575216986457	-3.7650299501348027E-4	0.019203820382860042
2140000	-161.57833085451387	3.0184551423234987	-164.59678599683735	0.6302109070256771	0.009010209892452067	0.09868617368972245	0.009010209892452067	0.01749323929870894	-0.0017179822529826984	0.09868617368972245	-0.0017179822529826984	0.03291518437297864
2150000	-178.58229977277546	3.295384824225477	-181.87768459700092	0.31526911972922345	-0.02076736210105831	0.06264653601499261	-0.02076736210105831	0.02965324034774893	-0.01089991820132721	0.06264653601499261	-0.01089991820132721	0.028298600527003823
2160000	-165.62460881123562	3.6337170497716738	-169.25832586100728	0.5470533769527786	0.05238316321854932	0.053214303991049636	0.05238316321854932	0.023349560983821797	0.0077103132399911865	0.053214303991049636	0.0077103132399911865	0.02498334823341474
2170000	-152.94352548811514	2.664815696996431	-155.60834118511158	0.7830954827158959	-8.012357558985487E-4	0.07258757866382455	-8.012357558985487E-4	0.019490970322921245	-0.004573721492664243	0.07258757866382455	-0.004573721492664243	0.03066446903038746
2180000	-185.3145155553498	3.2817547467580765	-188.59627030210788	0.24458816422946345	0.016905935651552198	0.05590622193940383	0.016905935651552198	0.017611102940332548	0.002506827811913848	0.05590622193940383	0.002506827811913848	0.030336021740977125
2190000	-204.82436775631203	3.669614035056805	-208.49398179136884	0.12248604826231783	-0.006183695419035435	0.03786654121666512	-0.006183695419035435	0.013335468744100323	-0.002167598688636463	0.03786654121666512	-0.002167598688636463	0.032882885763642254
2200000	-184.37828039858695	4.418838250265273	-188.79711864885223	0.23057903168838395	0.020076063580461212	0.06273398550613513	0.020076063580461212	0.02017533919677529	0.0018724714311021563	0.06273398550613513	0.0018724714311021563	0.034602263957921965
2210000	-175.5769783895574	4.055965044720586	-179.632943434278	0.2949034798492027	-0.011894681533754902	0.0652166122891124	-0.011894681533754902	0.01725313554592257	-0.0012025801346099703	0.0652166122891124	-0.0012025801346099703	0.029176341807270238
2220000	-184.15047958691196	3.8002133831090283	-187.95069297002098	0.346330047953029	0.04205698852586945	0.038749721834303696	0.04205698852586945	0.016529360668530717	0.004573001128934444	0.038749721834303696	0.004573001128934444	0.016683388753813738
2230000	-183.95328813312008	0.32964585309212424	-184.2829339862122	0.24567038597030258	0.004710308560333729	0.052941722729756446	0.004710308560333729	0.016329388286817546	4.611232100479956E-4	0.052941722729756446	4.611232100479956E-4	0.026434574662007916
2240000	-185.9568753637803	3.8560445550385722	-189.8129199188189	0.1968158691441422	0.022089124962040275	0.03638649540410008	0.022089124962040275	0.020460078094122355	9.247741153068467E-4	0.03638649540410008	9.247741153068467E-4	0.023856304578316175
2250000	-215.55937725800962	3.5916356215077583	-219.15101287951737	0.1109490471807689	0.017932768260408696	0.04429947671873136	0.017932768260408696	0.020272357789301004	0.0061218542972678106	0.04429947671873136	0.0061218542972678106	0.028812765536583018
2260000	-196.71113075338567	4.243387608758214	-200.9545183621439	0.18500442396221636	0.02030356632092986	0.05662690606393504	0.02030356632092986	0.017697122156543527	0.006144509759270085	0.05662690606393504	0.006144509759270085	0.031865005057698605
2270000	-154.23830683467253	2.8381368439728467	-157.07644367864538	0.6884618241010989	0.01906874118756411	0.05668433650176648	0.01906874118756411	0.018120483675446813	2.5177432357550316E-4	0.05668433650176648	2.5177432357550316E-4	0.023812821632465668
2280000	-163.116830619162	2.5656592000959737	-165.68248981925797	0.7240996503860883	-0.0021776183771327244	0.11765176396633965	-0.0021776183771327244	0.01849266885538252	-0.006341955999111364	0.11765176396633965	-0.006341955999111364	0.042328868122206875
2290000	-171.8972903528598	3.9221787542837188	-175.81946910714353	0.36505723124095574	0.004771880298980471	0.06719936103607746	0.004771880298980471	0.0139145175411637	6.649742668216578E-4	0.06719936103607746	6.649742668216578E-4	0.02894374472935022
2300000	-174.0965349780244	2.89287879590077	-176.98941377392518	0.5440702322285685	0.032839189383968584	0.11596601473461186	0.032839189383968584	0.027798972817633646	0.0026702801229826732	0.11596601473461186	0.0026702801229826732	0.04183434436226266
2310000	-169.74178433286266	2.4204089585396966	-172.16219329140236	0.6170463529958107	0.021777592061732354	0.09796617329976162	0.021777592061732354	0.021101699491533517	-0.001277657453556813	0.09796617329976162	-0.001277657453556813	0.034041537050028256
2320000	-149.86321988172014	2.0074019407756296	-151.87062182249576	0.6868397930845633	-0.0027949983531686848	0.05854113894250221	-0.0027949983531686848	0.01973682649590167	-0.003272359390445699	0.05854113894250221	-0.003272359390445699	0.021076413716576717
2330000	-151.3862247313349	-3.5497552224136313	-147.83646950892125	1.3112424003224707	0.06733245498702785	0.18240336892603468	0.06733245498702785	0.016516618481692516	0.006934329151728609	0.18240336892603468	0.006934329151728609	0.0392375123689338
2340000	-192.5257576393472	0.8245181016600416	-193.35027574100724	0.1906461991724542	0.010955257888942456	0.03062761485630341	0.010955257888942456	0.016467702761464188	-0.005170474354028273	0.03062761485630341	-0.005170474354028273	0.026037632515455426
2350000	-181.74882860667094	2.96007100501243	-184.70889961168336	0.4629470526346992	0.013588471273805832	0.08605500725326957	0.013588471273805832	0.02190171744460616	0.0014409562631068236	0.08605500725326957	0.0014409562631068236	0.03596350015040129
2360000	-177.76973933668526	3.3399995700021217	-181.1097389066874	0.4498829790480771	0.019546657235073813	0.04583848210251937	0.019546657235073813	0.02064136717313679	0.001383437399801166	0.04583848210251937	0.001383437399801166	0.025666740788028126
2370000	-168.17328665627136	3.5603700355870336	-171.73365669185839	0.4279546506690165	0.03078483566888051	0.05395410909305959	0.03078483566888051	0.016955829762375918	0.006218735385363902	0.05395410909305959	0.006218735385363902	0.027426206171634045
2380000	-202.4256139010286	4.781825707691716	-207.20743960872034	0.13608024771956234	-0.007197456888342297	0.03921048242833668	-0.007197456888342297	0.018671892234421898	-0.0020220183278891754	0.03921048242833668	-0.0020220183278891754	0.03498388045977401
2390000	-171.66037789969755	1.2594541171794313	-172.919832016877	0.4186619316556036	0.017922226304067725	0.04652234481170218	0.017922226304067725	0.015443944417516304	-2.6367339240589106E-4	0.04652234481170218	-2.6367339240589106E-4	0.025895566439718683
2400000	-163.97713442851915	1.9121899104310756	-165.88932433895022	0.6292357780613012	0.001155055464675775	0.07760657522698602	0.001155055464675775	0.021724268781584465	-0.002260242184595014	0.07760657522698602	-0.002260242184595014	0.03333226458256866
2410000	-187.72084502066147	0.6672932465577075	-188.38813826721918	0.3740059240824101	6.294581029728604E-4	0.06491243121989253	6.294581029728604E-4	0.014071605353160408	-0.004484523816202003	0.06491243121989253	-0.004484523816202003	0.0294577113413602
2420000	-158.29794576473404	3.099578724647683	-161.3975244893817	0.6870410807311168	0.002795507821969563	0.07148933348614715	0.002795507821969563	0.017297551971089273	-0.0015422516930429793	0.07148933348614715	-0.0015422516930429793	0.03557962951679333
2430000	-178.61659644578646	3.48774615618717	-182.10434260197363	0.48742517895071447	0.01545703807048079	0.14679192917802963	0.01545703807048079	0.016744313656911043	0.007055033648388618	0.14679192917802963	0.007055033648388618	0.06721590200170191
2440000	-189.29738152770324	3.8350694450372083	-193.13245097274046	0.24336748597270602	-0.005111594860467747	0.04340786898951496	-0.005111594860467747	0.016818395527377066	-0.0020273395015377683	0.04340786898951496	-0.0020273395015377683	0.02159799542013868
2450000	-161.4891415894129	2.7710935484059998	-164.26023513781888	0.6410648771442669	0.012995314549735452	0.10848919941020031	0.012995314549735452	0.01653282742546509	0.004939679630399705	0.10848919941020031	0.004939679630399705	0.034711979518460986
2460000	-178.3564590908793	1.6672697086150734	-180.02372879949436	0.3692900365355421	0.03628487652053379	0.08064376055923723	0.03628487652053379	0.018838143027366097	0.002635371981525334	0.08064376055923723	0.002635371981525334	0.03721132392256734
2470000	-167.6317863505779	1.2832206685073122	-168.9150070190852	0.4725771493097047	0.029085803676224306	0.06158466251407207	0.029085803676224306	0.020751213370846545	0.002175801559241166	0.06158466251407207	0.002175801559241166	0.022842721121682744
2480000	-169.70630820762807	3.5578428615854563	-173.26415106921354	0.3889124058155815	-0.003541536529251395	0.04838808296959915	-0.003541536529251395	0.013392905925180216	-0.002300021523857814	0.04838808296959915	-0.002300021523857814	0.021182573154854924
2490000	-156.80724770730035	2.4595154150928025	-159.26676312239314	0.6758883977767989	0.0304826504126331	0.09424252336959482	0.0304826504126331	0.01504586352644462	0.0031888864300731825	0.09424252336959482	0.0031888864300731825	0.031074531058958126
2500000	-139.02504577247603	-2.04420462417269	-136.98084114830334	1.7814799492615307	-0.010971172681250026	0.1810754982829328	-0.010971172681250026	0.0186649359495935	-0.0028887142061969897	0.1810754982829328	-0.0028887142061969897	0.036728939167883334
2510000	-175.34408115548342	4.230280825463223	-179.57436198094663	0.253011132805242	0.015466154729758246	0.049381286856709325	0.015466154729758246	0.023278090393303922	0.0010693976273739678	0.049381286856709325	0.0010693976273739678	0.024330706614862974
2520000	-166.89087046848763	3.146191244573389	-170.03706171306104	0.46836381339618294	-0.0013866151777046937	0.03910499618027092	-0.0013866151777046937	0.022655198842460773	-0.004468666786379588	0.03910499618027092	-0.004468666786379588	0.020983716533555855
2530000	-151.6954131619256	2.164575221292881	-153.85998838321848	0.8407350418539111	0.012711104978635769	0.04493296395276121	0.012711104978635769	0.018652479406355095	-1.3076443674839137E-4	0.04493296395276121	-1.3076443674839137E-4	0.01545600393466554
2540000	-153.92368166126397	1.6178219127312465	-155.54150357399521	0.9231484827553587	-0.005967339420872039	0.08036958861255118	-0.005967339420872039	0.01637366865180608	-8.487236541553974E-4	0.08036958861255118	-8.487236541553974E-4	0.031105683523564374
2550000	-172.52378859592585	3.851953602972351	-176.3757421988982	0.4649815315989196	-0.03661674356756163	0.06729388015139945	-0.03661674356756163	0.020708276097174308	-0.010453996027261206	0.06729388015139945	-0.010453996027261206	0.03009019275353455
2560000	-187.43414306337732	1.850901932721447	-189.28504499609878	0.43722307225017315	0.006123644588183161	0.0983921448775974	0.006123644588183161	0.018007276861913828	-0.002516170772232677	0.0983921448775974	-0.002516170772232677	0.045008133179494716
2570000	-166.19780900573124	3.718904413361664	-169.9167134190929	0.4341963801162164	-0.005059334125027102	0.07924145836809492	-0.005059334125027102	0.016230519254998355	-0.0035515736279841154	0.07924145836809492	-0.0035515736279841154	0.03242167618665982
2580000	-176.44257929024786	2.6220940938825805	-179.06467338413043	0.4254191922493033	-0.010969745316985316	0.0837263547907234	-0.010969745316985316	0.020984822197313478	-0.004978389802151756	0.0837263547907234	-0.004978389802151756	0.029229305324048722
2590000	-170.21811432116056	2.518246035648047	-172.7363603568086	0.4609310549938186	-0.007336721267934763	0.06964975820546032	-0.007336721267934763	0.015888702847759645	-0.004235803188328089	0.06964975820546032	-0.004235803188328089	0.023989563439200827
2600000	-142.86652206912277	1.363907453379185	-144.23042952250196	0.9057167574368901	-0.02264739532511578	0.06726795681633951	-0.02264739532511578	0.013577808637158378	-0.0035535620303675996	0.06726795681633951	-0.0035535620303675996	0.018009740568632002
2610000	-192.0763983778376	4.105693134655959	-196.18209151249354	0.16269048782053375	0.0033063649540910904	0.033645774736460764	0.0033063649540910904	0.018005274899209427	0.00223778798580004	0.033645774736460764	0.00223778798580004	0.03455849045549929
2620000	-191.7462684441632	4.562548119851496	-196.3088165640147	0.23005591780519236	0.014026101618368423	0.03338084673847375	0.014026101618368423	0.0204597825752834	3.8287204443081236E-4	0.03338084673847375	3.8287204443081236E-4	0.019254524087660225
2630000	-153.35800746792466	1.8618452508534182	-155.21985271877807	0.7697873714022584	-0.019828426332356826	0.06137287441576543	-0.019828426332356826	0.013984782664205001	-0.00208804022160733	0.06137287441576543	-0.00208804022160733	0.022583190320191862
2640000	-157.78143261194688	3.178673156847178	-160.96010576879405	0.6615177681140331	0.04293197421798463	0.10664339634717056	0.04293197421798463	0.024847018377392203	0.005804037437687735	0.10664339634717056	0.005804037437687735	0.03767885588056094
2650000	-164.48965951494566	2.0089765283930707	-166.49863604333873	0.744519911115743	0.04328594305102543	0.05880773015820566	0.04328594305102543	0.014663178965668575	0.0018898562113312711	0.05880773015820566	0.0018898562113312711	0.02435479618552057
2660000	-163.95124947345434	2.895235878506408	-166.84648535196075	0.49526191109018647	-0.0072093896964410395	0.0526737431974733	-0.0072093896964410395	0.018247381142242017	-9.507973214725556E-4	0.0526737431974733	-9.507973214725556E-4	0.025241244231003487
2670000	-155.35065769159215	2.5065698348519567	-157.8572275264441	0.6575185626257076	0.008466122642699858	0.09240090410586994	0.008466122642699858	0.01462476227410183	-7.512495926959622E-4	0.09240090410586994	-7.512495926959622E-4	0.032007031254017146
2680000	-147.4310924649885	0.7836327682228421	-148.21472523321134	1.1754701909931764	0.03291817982673008	0.12039947411642654	0.03291817982673008	0.02130787308214789	0.00478192595065926	0.12039947411642654	0.00478192595065926	0.029206268206833863
2690000	-162.9831408850166	2.8036561850506194	-165.78679707006722	0.6622842175538023	0.016167516511448835	0.10374108230502972	0.016167516511448835	0.01924517391320108	8.287851098209011E-4	0.10374108230502972	8.287851098209011E-4	0.03294742891767912
2700000	-167.33556331282566	3.539538261227608	-170.87510157405328	0.5050828547766711	0.041283743460330015	0.07370165008548182	0.041283743460330015	0.022293395446037315	0.006793489081161905	0.07370165008548182	0.006793489081161905	0.026043839418399026
2710000	-195.38076564230454	4.497033634567281	-199.87779927687183	0.1966887299541512	0.015434771209081386	0.05124144581291553	0.015434771209081386	0.028328872561457826	4.998391277541057E-4	0.05124144581291553	4.998391277541057E-4	0.02722480302472021
2720000	-172.55189714645306	3.247841491288856	-175.7997386377419	0.5688431527418949	0.03241113713759189	0.07900112117329126	0.03241113713759189	0.026613457484136533	0.003139315102422811	0.07900112117329126	0.003139315102422811	0.025241537622875135
2730000	-150.44682892832245	2.053618057640459	-152.5004469859629	0.8154656131206061	0.02516428949994418	0.11306881398942684	0.02516428949994418	0.021718485143057256	-0.0013657257781482242	0.11306881398942684	-0.0013657257781482242	0.02823893502335903
2740000	-138.25122378162098	-0.15331380579846843	-138.09790997582252	1.333615247220105	0.07590826308140142	0.11386674978599882	0.07590826308140142	0.020336290385610203	0.004535906110414121	0.11386674978599882	0.004535906110414121	0.02805503914502684
2750000	-139.9375090286178	-1.164639715167648	-138.77286931345014	1.4009800819105886	0.031039111161698232	0.12074968706708776	0.031039111161698232	0.02194135546174409	-7.080035586949961E-4	0.12074968706708776	-7.080035586949961E-4	0.02734626955224375
2760000	-147.63669125255726	2.0966167220894207	-149.73330797464666	0.8030065864830039	0.03656212379070196	0.050878666198053944	0.03656212379070196	0.018516622369171995	0.001029151715286675	0.050878666198053944	0.001029151715286675	0.02076252160466732
2770000	-139.025703926207	0.28932015587102056	-139.31502408207803	1.1467968139257991	0.0023700588850909215	0.08584230672149055	0.0023700588850909215	0.016912171455327547	-0.0031092436435600818	0.08584230672149055	-0.0031092436435600818	0.024834273961238565
2780000	-170.30677453210106	3.063782187097518	-173.3705567191986	0.36568223291089874	0.0031318865955830243	0.07234337183409424	0.0031318865955830243	0.018635174900295124	0.002446864237544784	0.07234337183409424	0.002446864237544784	0.03530593478386932
2790000	-137.52768113481196	-0.880585033456335	-136.64709610135563	1.3820453153769483	0.028821136524908766	0.17660371806343766	0.028821136524908766	0.014795553506651887	0.001680394149614877	0.17660371806343766	0.001680394149614877	0.03944236468289547
2800000	-187.45094805957658	4.360129706659462	-191.81107776623602	0.31609903060172845	-0.021161688799783647	0.06169380622710414	-0.021161688799783647	0.021328902063976276	-0.004967993440317924	0.06169380622710414	-0.004967993440317924	0.030382495254607546
2810000	-151.48087282266712	-0.6174097687244884	-150.86346305394264	1.0458626890343599	0.02290931495080434	0.09241750533581353	0.02290931495080434	0.019389133275015392	3.443223927475636E-4	0.09241750533581353	3.443223927475636E-4	0.02168065460101771
2820000	-177.2882216251917	3.449792159972833	-180.73801378516455	0.3508554750420088	0.012007434626240094	0.07410161417665025	0.012007434626240094	0.012672261648595223	4.152831662768532E-4	0.07410161417665025	4.152831662768532E-4	0.03349031841578572
2830000	-162.58487550155962	3.899305555175249	-166.48418105673488	0.4582372062624283	-0.011416001171368116	0.0728356704053922	-0.011416001171368116	0.018502892128445768	-6.349317760315628E-4	0.0728356704053922	-6.349317760315628E-4	0.035160337081817726
2840000	-175.1685172494009	2.0898651051537307	-177.25838235455464	0.3084004266264027	0.027647772014626277	0.03936893719861946	0.027647772014626277	0.015044827007177004	0.0033856844684045997	0.03936893719861946	0.0033856844684045997	0.019508651080471173
2850000	-166.8352170579635	2.3022346404590057	-169.1374516984225	0.4757972906037788	0.029642715834414284	0.04881456315149643	0.029642715834414284	0.01506189443594519	0.0011912998331499898	0.04881456315149643	0.0011912998331499898	0.02186935410781604
2860000	-177.2143939146569	3.847367551480738	-181.06176146613765	0.3922488649378556	0.04053933943037983	0.09790818920149785	0.04053933943037983	0.018995261693497092	0.009388831484182698	0.09790818920149785	0.009388831484182698	0.04106767369991074
2870000	-190.02680293748037	4.164814642915558	-194.19161758039593	0.26895768540722875	0.011698836734877802	0.06395998227602778	0.011698836734877802	0.015253995243842676	-0.0025932419608139783	0.06395998227602778	-0.0025932419608139783	0.0362716307999108
2880000	-216.94650989320277	4.3741916839659165	-221.32070157716868	0.11768779788439147	0.005141970479776413	0.04287635779929016	0.005141970479776413	0.017341039887017993	-0.00162195562361621	0.04287635779929016	-0.00162195562361621	0.0318016995858309
2890000	-193.044234516969	4.232989473967765	-197.27722399093676	0.24358233069254578	0.006684944683933256	0.048690929551284255	0.006684944683933256	0.015494032979214822	-0.0026046757855836614	0.048690929551284255	-0.0026046757855836614	0.025541022129156023
2900000	-185.55650732117365	3.7369712524286087	-189.29347857360227	0.2027261523804987	-0.004750771722865066	0.016322721021616762	-0.004750771722865066	0.017469913782455437	6.736792913944875E-4	0.016322721021616762	6.736792913944875E-4	0.017849130024825282
2910000	-230.06847370354402	5.014013594489066	-235.08248729803307	0.08318153005643744	0.005406822507366452	0.03621105857890718	0.005406822507366452	0.026970895320018905	-0.003961584911535507	0.03621105857890718	-0.003961584911535507	0.03489403588468927
2920000	-205.19269193158672	2.604348322771146	-207.79704025435788	0.14382297658716606	0.006392373774870206	0.05543084921638763	0.006392373774870206	0.015742189664461084	-6.30597912254483E-4	0.05543084921638763	-6.30597912254483E-4	0.037774941806795
2930000	-206.98674939637561	4.815406234523412	-211.80215563089902	0.10877114240610793	-0.00492645958946044	0.03240943367099114	-0.00492645958946044	0.022223505940197945	-0.006810599075841563	0.03240943367099114	-0.006810599075841563	0.02794115401160602
2940000	-198.5080603120754	3.969599829712093	-202.47766014178748	0.2571422447820963	-0.014922002483568278	0.08842359344991646	-0.014922002483568278	0.01683909431087986	-0.005978025205366303	0.08842359344991646	-0.005978025205366303	0.04807755079427219
2950000	-225.31200030555084	4.904951341007868	-230.2169516465587	0.04871810102507201	0.006079216140558308	0.01677846548746953	0.006079216140558308	0.02330196570644216	-0.004809634319059426	0.01677846548746953	-0.004809634319059426	0.025657547226854777
2960000	-214.82265963842488	4.386907722886755	-219.20956736131163	0.08293784296322271	-0.002177826260688179	0.02686357648931092	-0.002177826260688179	0.019713997698297948	-0.0035707413769090765	0.02686357648931092	-0.0035707413769090765	0.023004797936958962
2970000	-241.42131779930233	3.7484640445681126	-245.16978184387045	0.030897186167561784	0.005836096809065912	0.012741150699691419	0.005836096809065912	0.016920649136871482	-5.716708150722708E-4	0.012741150699691419	-5.716708150722708E-4	0.021727283493276454
2980000	-236.01030192931714	4.380296388631184	-240.39059831794833	0.034134071592791825	0.002917643662227851	0.01353393751499967	0.002917643662227851	0.018753517091125414	0.0011795379666885324	0.01353393751499967	0.0011795379666885324	0.021447354248514586
2990000	-191.1963461877994	3.620171782176928	-194.81651796997633	0.14686596028057142	0.0036633109051514533	0.025260724332064794	0.0036633109051514533	0.015879272048223654	-0.005321353760859468	0.025260724332064794	-0.005321353760859468	0.02399972633370957
3000000	-179.1928103670203	3.6104981834532794	-182.80330855047356	0.42488491188508076	0.03219503104200753	0.06350998969469696	0.03219503104200753	0.025813543392691866	0.0058966045822092675	0.06350998969469696	0.0058966045822092675	0.027984225191874455
3010000	-189.5370152139469	4.475827334320835	-194.0128425482677	0.2819180209302541	0.005602380548152728	0.08028564870177364	0.005602380548152728	0.019830203555553715	-0.0013225484508305081	0.08028564870177364	-0.0013225484508305081	0.043063914387723695
3020000	-191.62582056265134	4.952013236168264	-196.5778337988196	0.17290928681653692	-0.00446480833218108	0.037524098094774805	-0.00446480833218108	0.022153978259029435	-0.003953450275064781	0.037524098094774805	-0.003953450275064781	0.0323377463867471
3030000	-241.66697324830602	4.548314717955133	-246.21528796626114	0.040234223056879584	0.005273465338619676	0.01780361755894991	0.005273465338619676	0.0178866169033587	0.005049925660497615	0.01780361755894991	0.005049925660497615	0.024238307109992446
3040000	-221.98450008281705	3.7808769646468066	-225.76537704746386	0.060611647240685	-5.556662442565807E-4	0.018696657991114335	-5.556662442565807E-4	0.019853294942296075	-0.0017164768239067974	0.018696657991114335	-0.0017164768239067974	0.01895358231620667
3050000	-168.5692443115669	2.9780039379766343	-171.54724824954354	0.5446968103185763	0.032394093328103814	0.06068461831846737	0.032394093328103814	0.017381032348298513	0.0025187967237841336	0.06068461831846737	0.0025187967237841336	0.018370321847084904
3060000	-181.73628399822766	3.87311936473401	-185.60940336296167	0.27119074954342665	-0.008610129659204201	0.06010193810966934	-0.008610129659204201	0.013722572031652721	-0.0012846993650364597	0.06010193810966934	-0.0012846993650364597	0.027453262384311367
3070000	-158.39970262151343	3.115714722437301	-161.51541734395073	0.6017473100272722	0.00492807641735421	0.07500877571202323	0.00492807641735421	0.015030401311061517	0.002597154288471098	0.07500877571202323	0.002597154288471098	0.029435589766864095
3080000	-167.76969967305732	2.8282510125108	-170.59795068556812	0.5659730440888856	-0.010396213409215047	0.07575213218531104	-0.010396213409215047	0.02390321916166178	-0.005982457851391444	0.07575213218531104	-0.005982457851391444	0.02411367473081119
3090000	-185.35189070347667	4.1132286165762	-189.46511932005288	0.2624134438547468	0.019412504838684685	0.03981373258599513	0.019412504838684685	0.01752114966719794	0.005218460235935967	0.03981373258599513	0.005218460235935967	0.02317659280274266
3100000	-188.78251747708256	3.7466610412696566	-192.5291785183522	0.3343172519822937	0.01068479304447248	0.06400507502574929	0.01068479304447248	0.020458210773490783	-0.0031011004541755373	0.06400507502574929	-0.0031011004541755373	0.027638401941049183
3110000	-193.23794938058248	4.766605330873905	-198.0045547114564	0.15891308261567139	0.002196587168290908	0.03539392948002846	0.002196587168290908	0.018437528050498628	-0.0023809980929367495	0.03539392948002846	-0.0023809980929367495	0.02441818933270766
3120000	-197.43204452121387	3.2174560868309454	-200.6495006080448	0.1819048123762978	-0.01247417724439336	0.03931549223960541	-0.01247417724439336	0.01945722528350581	-8.408627738297652E-4	0.03931549223960541	-8.408627738297652E-4	0.01921934089620071
3130000	-175.30470607435007	3.599354947906541	-178.9040610222566	0.3152164943455571	0.03372530178098318	0.056993391520936236	0.03372530178098318	0.017717605723038352	0.00351301177875605	0.056993391520936236	0.00351301177875605	0.0277347206018633
3140000	-194.5029359028146	2.69919050954956	-197.20212641236418	0.21250908064683408	0.014323064361174665	0.03788143904754911	0.014323064361174665	0.018515543381296642	-8.27449918331234E-4	0.03788143904754911	-8.27449918331234E-4	0.01935349395544512
3150000	-150.5511715327786	1.519304202465543	-152.07047573524414	0.949187046337227	0.015137859536427694	0.06951063841391833	0.015137859536427694	0.017315919447791803	-0.001345063052228397	0.06951063841391833	-0.001345063052228397	0.019342032057792478
3160000	-184.49296924333132	4.6316219952975946	-189.1245912386289	0.3132909895337256	0.008914032431618275	0.07488062018113865	0.008914032431618275	0.023297245552366858	0.003696532232541714	0.07488062018113865	0.003696532232541714	0.04510694687791733
3170000	-171.90655337027297	2.9793751823265957	-174.88592855259958	0.38425660332121625	0.041667524113275296	0.06395659518864569	0.041667524113275296	0.01889788836936822	0.002952087030860781	0.06395659518864569	0.002952087030860781	0.026541559656905703
3180000	-148.59201899752358	1.2979125271844658	-149.88993152470806	1.076096153442602	0.045876584063021975	0.07967036634604953	0.045876584063021975	0.02475562335882429	0.001801317802107401	0.07967036634604953	0.001801317802107401	0.020620190622024775
3190000	-164.56739615396734	3.5542255618241576	-168.1216217157915	0.5355916958473136	-0.006554786826531559	0.073535842570399	-0.006554786826531559	0.01505067812844657	-0.006253701959177897	0.073535842570399	-0.006253701959177897	0.035717914536000164
3200000	-174.16471258817361	3.2272538597068414	-177.39196644788046	0.3003057719480713	0.013615382407819432	0.04471835775144968	0.013615382407819432	0.013529653839229777	0.0016399577389132835	0.04471835775144968	0.0016399577389132835	0.026045751635432816
3210000	-190.39657501163356	4.290331015240738	-194.68690602687428	0.34185724290777114	0.024440475828830875	0.032929830135860524	0.024440475828830875	0.019039931074718897	6.756685101591479E-4	0.032929830135860524	6.756685101591479E-4	0.021274193375318603
3220000	-181.17388770930873	3.4666350564882884	-184.64052276579702	0.40840892548985286	0.03764959256622111	0.10433921096127494	0.03764959256622111	0.01345449467599446	0.007625615054927008	0.10433921096127494	0.007625615054927008	0.04039869925697872
3230000	-175.55432194664945	1.9858849290904326	-177.5402068757399	0.7438706307251443	0.0552614501009625	0.14991764508183206	0.0552614501009625	0.020526012039051262	0.00561184302299341	0.14991764508183206	0.00561184302299341	0.05071097188023874
3240000	-231.06346248366597	1.5983104848577745	-232.66177296852374	0.05640584101557143	0.007981341753412353	0.021761723466504766	0.007981341753412353	0.01511587227092382	-2.7801828355651604E-4	0.021761723466504766	-2.7801828355651604E-4	0.028018761516900255
3250000	-179.63555471013896	4.260939707289785	-183.89649441742876	0.3496005042874921	0.02900105225693465	0.03912125282418748	0.02900105225693465	0.022556897408835173	0.007025029199909334	0.03912125282418748	0.007025029199909334	0.02115535038828166
3260000	-148.66643539736688	0.9571900685312357	-149.62362546589813	0.9610177711791515	0.049083847407441705	0.07967202641008898	0.049083847407441705	0.02352895548094925	0.00195960266785803	0.07967202641008898	0.00195960266785803	0.01957945665331373
3270000	-156.22139257393815	2.817568425795446	-159.0389609997336	0.6674811906030588	0.0024879490508147445	0.03364425817299502	0.0024879490508147445	0.013410668352528046	-0.0015338513692808153	0.03364425817299502	-0.0015338513692808153	0.018231174880538503
3280000	-187.1870136718734	4.122999060329159	-191.31001273220255	0.21920235402401775	0.004246315980185726	0.06872696114233064	0.004246315980185726	0.020827947013789195	-0.006075080836695116	0.06872696114233064	-0.006075080836695116	0.0411044538650875
3290000	-201.5848834061852	4.556465099599857	-206.14134850578506	0.16952892336642608	0.029749792593041786	0.04932422136858241	0.029749792593041786	0.027462972575054624	0.006669479226541807	0.04932422136858241	0.006669479226541807	0.03476597924727316
3300000	-204.9244614914953	4.503766843098594	-209.42822833459388	0.15322124572435275	0.013700457929543648	0.026216239127492724	0.013700457929543648	0.016608671673920224	2.578167603633566E-4	0.026216239127492724	2.578167603633566E-4	0.02569698333429809
3310000	-183.08772779656184	4.2892624790720015	-187.37699027563383	0.3344389805153362	0.03493943573924277	0.07280477394118734	0.03493943573924277	0.01919747791481425	0.007194753927377414	0.07280477394118734	0.007194753927377414	0.03440444471399684
3320000	-173.3153274869646	3.9493024287360132	-177.26462991570062	0.38137555656927336	0.016921631560193367	0.07640183323509948	0.016921631560193367	0.018987445447088032	0.0013940140808490465	0.07640183323509948	0.0013940140808490465	0.026589293482944552
3330000	-185.81324713663264	4.254873727892559	-190.0681208645252	0.33795199737585974	0.03382104141110998	0.044823657153310464	0.03382104141110998	0.01841894015233591	0.0029642553848337576	0.044823657153310464	0.0029642553848337576	0.021695542036175713
3340000	-185.2908758043355	-2.6663708512601074	-182.62450495307542	0.29594285397376136	0.010092169502307572	0.07120010952079328	0.010092169502307572	0.016953175941547983	0.004214780921636336	0.07120010952079328	0.004214780921636336	0.0330929765984765
3350000	-191.796173188346	4.402365542294103	-196.19853873064008	0.2572413751338856	-0.022725495240727676	0.05787538868725243	-0.022725495240727676	0.01728010294528216	-0.004364308326408398	0.05787538868725243	-0.004364308326408398	0.0327853752113024
3360000	-185.41913513754872	2.030292841867539	-187.44942797941627	0.2631270105678412	-0.008920474151216193	0.05975099457919035	-0.008920474151216193	0.015717357032964244	-0.007716756979793023	0.05975099457919035	-0.007716756979793023	0.029931354320582537
3370000	-168.65148797875247	2.943588489740073	-171.59507646849255	0.6326487708552189	0.0420463272370733	0.07617087860387213	0.0420463272370733	0.022129434126495418	0.00593719546992176	0.07617087860387213	0.00593719546992176	0.022670035193951145
3380000	-174.8052884599546	4.024401673722823	-178.82969013367742	0.3773906949749732	0.0015654368337468406	0.06306560394416777	0.0015654368337468406	0.02160937631621023	-0.0024655209740882815	0.06306560394416777	-0.0024655209740882815	0.028655149178713646
3390000	-147.86882457729268	0.18431084620763372	-148.05313542350032	1.155870404390185	-0.007759419721662734	0.09962913411145193	-0.007759419721662734	0.02301600137021408	-0.006041117143778895	0.09962913411145193	-0.006041117143778895	0.03106882696203223
3400000	-169.31464170669008	4.01768722734743	-173.33232893403752	0.4240246117114106	0.02670317475434805	0.04487031889202751	0.02670317475434805	0.01896272053476795	-5.714710528720861E-4	0.04487031889202751	-5.714710528720861E-4	0.022505362994752684
3410000	-172.09843415006466	2.8426391608761494	-174.94107331094082	0.4030550844041104	-0.03669376570469106	0.04379915672527557	-0.03669376570469106	0.018461027811767023	-0.008401396351616693	0.04379915672527557	-0.008401396351616693	0.019857394976804995
3420000	-157.54073072941208	2.2697069334050717	-159.81043766281715	0.7409309862289023	-0.00375853949520193	0.05395219220723462	-0.00375853949520193	0.021046157149256558	-4.4245872903475884E-4	0.05395219220723462	-4.4245872903475884E-4	0.01737331434303868
3430000	-151.84478113232296	2.1637367154281013	-154.00851784775108	0.8460151457765729	0.011334856627670798	0.07894771086437709	0.011334856627670798	0.01399722345818274	-5.697603592671407E-4	0.07894771086437709	-5.697603592671407E-4	0.025644666547492236
3440000	-164.674795724779	0.7862796264529566	-165.46107535123195	0.4464705697077163	-0.013830381681217568	0.049108271351617085	-0.013830381681217568	0.017082118840154453	-0.005372334946460927	0.049108271351617085	-0.005372334946460927	0.024228524715559446
3450000	-168.07296633307325	2.2755161766245267	-170.3484825096978	0.5121079673502192	0.019281844439618962	0.04362458642342172	0.019281844439618962	0.018568568795611237	0.0017156824186404078	0.04362458642342172	0.0017156824186404078	0.020121000648359744
3460000	-144.60074699309067	-1.492875907031637	-143.10787108605902	1.498916923780243	0.03427397411628569	0.0745045572858147	0.03427397411628569	0.020084576786797526	2.284625148028924E-4	0.0745045572858147	2.284625148028924E-4	0.021580199077634615
3470000	-150.83407097707078	-1.5920150806002074	-149.24205589647056	1.57549599021991	0.08562778111153237	0.13951454238940716	0.08562778111153237	0.02214878893596183	0.006194789769956399	0.13951454238940716	0.006194789769956399	0.028392186374326167
3480000	-180.09385751605012	4.330388702640326	-184.42424621869046	0.31813672878678617	-0.003529253486480646	0.06594874471073095	-0.003529253486480646	0.016843800573799896	-0.0020702067582128694	0.06594874471073095	-0.0020702067582128694	0.03428512804057806
3490000	-175.9882825090939	2.704046790236829	-178.6923292993307	0.4793301464524515	0.00952887052540556	0.06015004762080284	0.00952887052540556	0.013609150799220678	-0.0018138326682185517	0.06015004762080284	-0.0018138326682185517	0.028546466702058737
3500000	-162.7514989481337	2.7033279071339704	-165.45482685526767	0.7173174115643106	0.03963064649467545	0.040476236399410156	0.03963064649467545	0.025578343259570084	-0.0040805915811019736	0.040476236399410156	-0.0040805915811019736	0.024360988273024894
3510000	-160.1831377182828	2.224198207814271	-162.4073359260971	0.7696997791491916	0.01813307562911169	0.06265737465263768	0.01813307562911169	0.01802548440389774	-5.798213604993067E-4	0.06265737465263768	-5.798213604993067E-4	0.01953970692339186
3520000	-171.92603452884168	3.1698026569026383	-175.09583718574433	0.3896920176818565	-0.027756550911304433	0.06190640565463345	-0.027756550911304433	0.015763848228422583	-0.007589535482063917	0.06190640565463345	-0.007589535482063917	0.028321325177702146
3530000	-158.44749380568697	-0.5962429361583692	-157.8512508695286	0.9248845229270153	0.010115944356480796	0.15925621384454794	0.010115944356480796	0.02965156376408536	0.0038564963849733952	0.15925621384454794	0.0038564963849733952	0.045018607119455475
3540000	-154.04054979215317	2.039047400264841	-156.07959719241802	0.9287421085129393	-0.00842242097712902	0.08765210930204104	-0.00842242097712902	0.019642080632020838	-0.007444557110679981	0.08765210930204104	-0.007444557110679981	0.0354633969172511
3550000	-145.69907500328293	-2.0897302591716533	-143.60934474411127	1.4060334906893845	0.01969898497164061	0.06251777665605125	0.01969898497164061	0.018322582718056018	0.002473054177273784	0.06251777665605125	0.002473054177273784	0.01985794069616084
3560000	-151.63321956329622	2.455700001798802	-154.088919565095	0.6760508702100131	-0.007216395216560832	0.05046247901191465	-0.007216395216560832	0.01594531390019151	-9.027779288851229E-4	0.05046247901191465	-9.027779288851229E-4	0.019459885495345882
3570000	-162.65467393470718	3.0047019705895814	-165.65937590529677	0.5693031896095792	0.035605230270668205	0.08763476888505554	0.035605230270668205	0.020120034531330756	0.0055533299082122034	0.08763476888505554	0.0055533299082122034	0.02871519273566996
3580000	-173.07087617078997	0.9784084784090545	-174.04928464919902	0.4353617988841783	0.034845457229306535	0.04434059691898708	0.034845457229306535	0.021583978476459004	-0.001496171351927679	0.04434059691898708	-0.001496171351927679	0.030761293969860094
3590000	-181.4429970515714	1.1138795834525577	-182.55687663502397	0.4517088549724576	0.020461783415257943	0.07375226340714142	0.020461783415257943	0.024443040154833826	-0.003168008400785538	0.07375226340714142	-0.003168008400785538	0.03138398059071855
3600000	-188.2729938808793	1.2349414160491246	-189.50793529692842	0.19486213785007714	0.013660974256485445	0.024323459922063723	0.013660974256485445	0.020628313763824475	0.0028473020686327743	0.024323459922063723	0.0028473020686327743	0.02462075336029536
3610000	-199.55476569469138	4.095938718680343	-203.65070441337173	0.1274701320907351	6.859924234581536E-4	0.04557325888374652	6.859924234581536E-4	0.013709829696640146	0.0013005694288200655	0.04557325888374652	0.0013005694288200655	0.032465233523878735
3620000	-188.36273638539862	4.172677459664197	-192.5354138450628	0.27094680220710193	0.029955432435333128	0.059112194978213066	0.029955432435333128	0.025884493436829237	0.002404184968439772	0.059112194978213066	0.002404184968439772	0.031874955533211076
3630000	-172.6977313385881	2.3514145154696533	-175.04914585405777	0.3086393437539937	0.004526463396018124	0.05692104069435452	0.004526463396018124	0.025156788579822602	7.055127106713806E-4	0.05692104069435452	7.055127106713806E-4	0.02345401449248328
3640000	-193.75757260217236	4.272063940583317	-198.02963654275567	0.1799396415667664	0.002163341571437625	0.02434145099783719	0.002163341571437625	0.01588270749194617	-4.606196813522894E-4	0.02434145099783719	-4.606196813522894E-4	0.02394697087301962
3650000	-236.88012681688767	4.6251848190748	-241.50531163596247	0.03554551872265271	0.008081680113241955	0.021217525255637408	0.008081680113241955	0.024272074617304355	0.0036338612238779712	0.021217525255637408	0.0036338612238779712	0.028447010906436507
3660000	-214.23937347912735	3.025525761144966	-217.2648992402723	0.11407903120604974	-0.007080929156942556	0.03183968905182198	-0.007080929156942556	0.01472261001713629	-0.00535087211830459	0.03183968905182198	-0.00535087211830459	0.028567742570093525
3670000	-173.79656821099104	3.333751118480834	-177.1303193294719	0.301051008103341	-0.013557460920972113	0.05462794436378126	-0.013557460920972113	0.016515743944720482	-0.0016857402858124694	0.05462794436378126	-0.0016857402858124694	0.030343047796138663
3680000	-168.101923831992	2.735869115936155	-170.83779294792816	0.5011136810469548	0.006298786094684988	0.07757825690203564	0.006298786094684988	0.016483265253511317	-0.001788045128035689	0.07757825690203564	-0.001788045128035689	0.030411117762945306
3690000	-157.56553117501196	-0.47938365667366956	-157.0861475183383	0.9298234486730561	0.02335566797424288	0.0975009905970002	0.02335566797424288	0.025419779771115286	-7.428361085101095E-4	0.0975009905970002	-7.428361085101095E-4	0.025717618808988544
3700000	-151.3736233693753	1.3180997978803637	-152.69172316725567	1.0097130120143707	0.04779437521473047	0.08080131368924084	0.04779437521473047	0.014166762604781122	0.005435216944788893	0.08080131368924084	0.005435216944788893	0.0227896534254892
3710000	-183.0559025692016	3.523136713622186	-186.5790392828238	0.4642951296578207	-0.006695788493741799	0.0334223960161524	-0.006695788493741799	0.0224226064385383	6.184223069191207E-4	0.0334223960161524	6.184223069191207E-4	0.020034275566967942
3720000	-168.0481070477547	2.8982660608577024	-170.94637310861242	0.5654479609860906	0.03784125281125894	0.09161849918515444	0.03784125281125894	0.024516364431376014	0.009459658729004032	0.09161849918515444	0.009459658729004032	0.028661623701948136
3730000	-150.2567454106655	0.8596796824702428	-151.11642509313575	1.1316237746693638	0.07609611190347021	0.09693975509644545	0.07609611190347021	0.017218923576261792	0.003914502652387042	0.09693975509644545	0.003914502652387042	0.030690958338098123
3740000	-144.69548633075703	-3.7418041686966736	-140.95368216206037	1.5057169967182162	0.03609090023875596	0.2005624504241969	0.03609090023875596	0.015586222439552173	0.003074615959393679	0.2005624504241969	0.003074615959393679	0.04421393574884379
3750000	-142.4568124204115	-5.72329741999712	-136.73351500041437	1.8380048743377908	0.016087727810149645	0.16248601395698584	0.016087727810149645	0.01683251152130145	0.0020718555632488365	0.16248601395698584	0.0020718555632488365	0.031084361618192786
3760000	-191.80694450082555	3.846037574677671	-195.65298207550322	0.21287484122062128	0.012183394398767448	0.046216354852510126	0.012183394398767448	0.018342268903799242	-6.186266980641206E-4	0.046216354852510126	-6.186266980641206E-4	0.03124336199451684
3770000	-192.37927612569095	4.096446434495189	-196.47572256018614	0.20262751896313966	0.024233267057133318	0.027457137041568783	0.024233267057133318	0.021513688343784323	-0.0012833092190095768	0.027457137041568783	-0.0012833092190095768	0.02029119076620632
3780000	-192.37426329042094	3.6485038918320662	-196.022767182253	0.22851216109884587	-0.0031271498437385106	0.056796738546105396	-0.0031271498437385106	0.012731040911764049	-0.004791698760748816	0.056796738546105396	-0.004791698760748816	0.0273762764684592
3790000	-168.36443263235788	0.04385328269993005	-168.4082859150578	0.7117678515174657	-0.03602035796343629	0.10430385533188642	-0.03602035796343629	0.025011324884929197	-0.0066387247151501174	0.10430385533188642	-0.0066387247151501174	0.02933505224616056
3800000	-167.5232319672694	-2.084481564210332	-165.43875040305906	0.6060907815456721	0.004973061930281914	0.06397909602096731	0.004973061930281914	0.014813498194855548	3.6542535036045826E-4	0.06397909602096731	3.6542535036045826E-4	0.020805122511704285
3810000	-151.8775310169112	2.3644847855038336	-154.24201580241504	0.7989380612293663	0.01593796747677462	0.027073946591507685	0.01593796747677462	0.01809645542771439	0.002752919346238312	0.027073946591507685	0.002752919346238312	0.013711711227148897
3820000	-159.38518891374025	2.9905885652003388	-162.3757774789406	0.6546065574145361	0.014858687199084899	0.05329018809655197	0.014858687199084899	0.020995960310389587	0.0011620540898809074	0.05329018809655197	0.0011620540898809074	0.019375241963100732
3830000	-173.00371225618062	3.0155153579673284	-176.01922761414795	0.475011030558092	0.020151167829532447	0.06110057430775278	0.020151167829532447	0.019096829442520665	0.006893122367322594	0.06110057430775278	0.006893122367322594	0.022616129470556502
3840000	-158.77333077079584	2.7883966617225218	-161.56172743251835	0.6770721420510891	0.018767710281040326	0.07458295346279077	0.018767710281040326	0.015914831319069275	0.0045165570368671665	0.07458295346279077	0.0045165570368671665	0.029742485866871855
3850000	-145.65307879011664	1.8694713635656224	-147.52255015368226	0.9097746168504417	-0.01832861287457335	0.08970457129456147	-0.01832861287457335	0.02390245642925116	-5.747009793176932E-4	0.08970457129456147	-5.747009793176932E-4	0.02581865082482903
3860000	-155.90428020005618	1.6278411039242373	-157.5321213039804	0.7264557913893308	0.011798961237562269	0.03209733790304648	0.011798961237562269	0.01763705555710064	0.0011028581054267756	0.03209733790304648	0.0011028581054267756	0.01830051614409383
3870000	-164.78505375095742	3.140421846550936	-167.92547559750835	0.44075700300113707	-0.0024104971918730953	0.04150895984992363	-0.0024104971918730953	0.015278537402220483	3.142260290750376E-5	0.04150895984992363	3.142260290750376E-5	0.021857228704857054
3880000	-183.58714882509872	4.454370133211059	-188.04151895830978	0.26462179980298123	0.020863355097956483	0.0707749333598845	0.020863355097956483	0.01850063514755326	0.005680732458979788	0.0707749333598845	0.005680732458979788	0.03611019778283257
3890000	-174.83248176670946	3.5742827976159335	-178.40676456432539	0.35727881729108846	0.012077359237789529	0.05416278653700164	0.012077359237789529	0.01823375169818108	-0.0015809703514078404	0.05416278653700164	-0.0015809703514078404	0.026307533278045886
3900000	-169.472936236094	4.086036513998966	-173.55897275009298	0.34381711452777913	0.010179154442140867	0.032705609018866655	0.010179154442140867	0.02436749629323321	-0.0011156297285466283	0.032705609018866655	-0.0011156297285466283	0.01826723620343098
3910000	-145.69926849563967	-1.6970492319825938	-144.00221926365708	1.656118673184258	0.01608932765586436	0.09708445489175162	0.01608932765586436	0.01549654455013049	-5.098556786602838E-4	0.09708445489175162	-5.098556786602838E-4	0.020348452571987682
3920000	-190.99043869476893	4.781569403709134	-195.77200809847807	0.21994379665514935	0.014299369080100464	0.06543649910571528	0.014299369080100464	0.024325654795244987	0.00242396053956373	0.06543649910571528	0.00242396053956373	0.03848929044168169
3930000	-171.12294607109135	3.260794920546296	-174.38374099163764	0.5640194738660207	-0.023093374109968486	0.07937889287561052	-0.023093374109968486	0.010133174602186847	-0.004373505148666613	0.07937889287561052	-0.004373505148666613	0.0339099456185779
3940000	-154.0619169345616	3.109198190662159	-157.17111512522376	0.6531241468033461	0.025877408616860362	0.048738583910434514	0.025877408616860362	0.02536305167503625	-0.004071149895602952	0.048738583910434514	-0.004071149895602952	0.020159585444886868
3950000	-182.0296257397181	2.9121951345906556	-184.94182087430877	0.28963504203925267	-0.003205459050484577	0.04261445800488512	-0.003205459050484577	0.012401743298097357	-0.0015486481977280676	0.04261445800488512	-0.0015486481977280676	0.025669806060518045
3960000	-156.7200209194074	1.841361174576834	-158.56138209398424	0.7412834805325107	0.057237092053711164	0.07182896131252237	0.057237092053711164	0.023211408655642016	0.004898402023502218	0.07182896131252237	0.004898402023502218	0.024719583216034388
3970000	-139.56844903291054	1.1101553774448103	-140.67860441035535	1.091585202657573	0.0013405068160897435	0.053613556137575104	0.0013405068160897435	0.02011704221080152	6.759049994517595E-5	0.053613556137575104	6.759049994517595E-5	0.022562647581184283
3980000	-143.5179189688857	-0.5909403921537436	-142.92697857673195	1.127379337031049	-0.007542528579003882	0.08023331794236782	-0.007542528579003882	0.016262815938723498	-0.004664256532840532	0.08023331794236782	-0.004664256532840532	0.021085378454594496
3990000	-158.41369017379708	2.4639555735894163	-160.8776457473865	0.7284025839848117	0.007823688154192057	0.06401472729561489	0.007823688154192057	0.015596831977948467	-0.0036693156504124472	0.06401472729561489	-0.0036693156504124472	0.021036010049686256
4000000	-192.16613550038446	4.207318386217851	-196.3734538866023	0.2378565683594625	0.006746246037420826	0.05816441123379061	0.006746246037420826	0.014202917498766142	0.00415695686858421	0.05816441123379061	0.00415695686858421	0.033378352009091825
4010000	-178.70173089232716	3.9849024525469394	-182.6866333448741	0.4252189652202649	0.014931605467649765	0.07638145689746957	0.014931605467649765	0.02122858114819432	-0.00803341312901383	0.07638145689746957	-0.00803341312901383	0.033906024071394064
4020000	-203.14607017816837	4.752802815754341	-207.8988729939227	0.12107609412739011	-0.001951053149397436	0.019087533568206298	-0.001951053149397436	0.02009260240048063	6.418425600989339E-4	0.019087533568206298	6.418425600989339E-4	0.016644085850041363
4030000	-197.4285878666894	2.4628352715582915	-199.89142313824772	0.25677583506423657	0.001812734668524997	0.06629395870233194	0.001812734668524997	0.017379781477647335	-0.003657750434912848	0.06629395870233194	-0.003657750434912848	0.03719958719397547
4040000	-217.87419798586822	4.592298685925078	-222.4664966717933	0.0950999624726312	-5.022884464931141E-4	0.040843714555614224	-5.022884464931141E-4	0.0167045093678631	-0.002409296528258712	0.040843714555614224	-0.002409296528258712	0.029272446847197507
4050000	-197.4171291057388	4.752090688651163	-202.16921979438996	0.1365068700377976	0.006372731507976954	0.025439028321315876	0.006372731507976954	0.016739001205418696	0.001279215364821411	0.025439028321315876	0.001279215364821411	0.019908312437428598
4060000	-142.6454710430327	-1.2128121651776	-141.4326588778551	1.4057761172800032	1.4831586752201494E-4	0.12360429950461385	1.4831586752201494E-4	0.01734233749538742	-0.0014074593938771106	0.12360429950461385	-0.0014074593938771106	0.030760207773936368
4070000	-155.69058066941764	1.9348525155106975	-157.62543318492834	0.6632181577741889	0.005845525531855226	0.12282586813638104	0.005845525531855226	0.01963748112150852	-0.0010273525076612286	0.12282586813638104	-0.0010273525076612286	0.041361539737041
4080000	-148.52118143078772	-2.8178756397880558	-145.70330579099968	1.5881372410146157	0.017482721255436526	0.10824064100019974	0.017482721255436526	0.023014131239973784	0.0025567983616395394	0.10824064100019974	0.0025567983616395394	0.02132483434781307
4090000	-166.2725359484332	1.3850622116700415	-167.65759816010322	0.5875582627132422	0.02063767244271143	0.03239817108260554	0.02063767244271143	0.020477807479631963	-0.004378792843035582	0.03239817108260554	-0.004378792843035582	0.023692641129636385
4100000	-180.78951611205625	2.087331610274534	-182.87684772233078	0.46906102477640377	0.03353377926134575	0.11482274389408169	0.03353377926134575	0.017811301093606936	0.006346831681502904	0.11482274389408169	0.006346831681502904	0.05184972869984568
4110000	-213.0229229433686	4.979763345836239	-218.00268628920483	0.11006689381607479	0.015412935642648236	0.030445991209955083	0.015412935642648236	0.019093467700812817	0.003542224699074248	0.030445991209955083	0.003542224699074248	0.0303282677714779
4120000	-213.1892343370058	4.65444086791089	-217.84367520491668	0.10669347852437333	-0.019155516722366945	0.030290489105344154	-0.019155516722366945	0.01856323073448019	-0.00707651686346175	0.030290489105344154	-0.00707651686346175	0.031062398633519315
4130000	-159.5851242822956	-2.8956752811665663	-156.68944900112902	0.8764251962998616	0.02532977866660343	0.08325059063578644	0.02532977866660343	0.017816636488088827	0.0011874199351696157	0.08325059063578644	0.0011874199351696157	0.02281675029262021
4140000	-143.3930139925785	0.503735907801413	-143.8967499003799	1.2158849180866405	0.04009609254082576	0.07695130089079016	0.04009609254082576	0.02548018657757145	-0.002520699097161467	0.07695130089079016	-0.002520699097161467	0.027749557624885544
4150000	-158.72047245125327	2.657477869115618	-161.37795032036888	0.6308161723167731	-0.005951773109112321	0.025836238824025633	-0.005951773109112321	0.016115080666858034	-0.003625365531741781	0.025836238824025633	-0.003625365531741781	0.019433579350925306
4160000	-197.5835263100062	4.3406249770526335	-201.92415128705883	0.20195812026688537	0.020587395927265495	0.05471605094158423	0.020587395927265495	0.0162200335127328	0.003689810441387476	0.05471605094158423	0.003689810441387476	0.03668381888350941
4170000	-164.1834412156633	1.3873766952089104	-165.5708179108722	0.9186780717638146	-0.02455537205172166	0.13890761503548085	-0.02455537205172166	0.018815730643500294	-0.007710433276339204	0.13890761503548085	-0.007710433276339204	0.04139683547169616
4180000	-183.29136699636814	4.304095056498379	-187.5954620528665	0.2663143048657288	0.019839333069395056	0.07344225249098643	0.019839333069395056	0.020618031272974173	6.303133040621153E-4	0.07344225249098643	6.303133040621153E-4	0.038056441394454174
4190000	-172.60291889191905	4.446205193662917	-177.04912408558195	0.2931195780722601	0.024138860918907188	0.03907321079059979	0.024138860918907188	0.019117063469938758	0.0038360060751564014	0.03907321079059979	0.0038360060751564014	0.022204187855175597
4200000	-197.5822373010192	4.171643986003827	-201.75388128702303	0.1853286282580002	0.009698635196072674	0.03831263518758491	0.009698635196072674	0.01535901860672453	7.533473830758936E-4	0.03831263518758491	7.533473830758936E-4	0.029716675280839683
4210000	-191.852492481773	3.4893100888395905	-195.3418025706126	0.24321452106435038	0.021508476217305523	0.055705847477001115	0.021508476217305523	0.02124103434364207	0.0032336417619079705	0.055705847477001115	0.0032336417619079705	0.027518129708507783
4220000	-199.24737167758963	4.631737449182111	-203.87910912677174	0.17745102317249478	0.004385856222175959	0.0513060875849758	0.004385856222175959	0.01795120353998652	-6.437201809537745E-5	0.0513060875849758	-6.437201809537745E-5	0.03157928887477221
4230000	-169.718015134234	4.09204085054283	-173.81005598477682	0.36853392679774566	0.007904517495013953	0.05818195918436576	0.007904517495013953	0.017517432902453042	3.202617747914974E-4	0.05818195918436576	3.202617747914974E-4	0.024796482686689734
4240000	-172.14205458206732	3.999560798947774	-176.1416153810151	0.3594259015245936	0.04429181659569319	0.0785619943273038	0.04429181659569319	0.02485475437238718	0.010045799407835392	0.0785619943273038	0.010045799407835392	0.03829648014090287
4250000	-183.080567957469	3.774642203405463	-186.85521016087446	0.3148964266153146	0.013478433774878744	0.040968103847388866	0.013478433774878744	0.019248728584342983	0.002329915365782851	0.040968103847388866	0.002329915365782851	0.019994790338843226
4260000	-174.94462394169886	4.079584111299971	-179.02420805299883	0.391280280377555	0.006353622966657894	0.09262731019701632	0.006353622966657894	0.020004920468276097	-3.081173141099914E-4	0.09262731019701632	-3.081173141099914E-4	0.0374143385118645
4270000	-168.86951432806686	2.3723359083708666	-171.24185023643773	0.48297927963443604	0.035081203014212595	0.08400047224547161	0.035081203014212595	0.017383914975709888	0.006489939543352059	0.08400047224547161	0.006489939543352059	0.030082198162658176
4280000	-148.81315345027053	-0.06266906813533846	-148.7504843821352	1.045096783887026	0.04993870887597731	0.11831971685859616	0.04993870887597731	0.021226259536208405	0.0035628525046120527	0.11831971685859616	0.0035628525046120527	0.03004856847450765
4290000	-170.5594505194383	4.137322575314197	-174.69677309475247	0.33330617471679275	0.021300596489265904	0.04623086507494482	0.021300596489265904	0.018715944682272605	4.7156423957384454E-4	0.04623086507494482	4.7156423957384454E-4	0.022357855254162937
4300000	-167.68930217841046	2.887687689874592	-170.57698986828504	0.4058402720205781	0.01961058687013047	0.06586809501203036	0.01961058687013047	0.01571956494614555	7.12867708711411E-4	0.06586809501203036	7.12867708711411E-4	0.023520361924434303
4310000	-204.4074903975607	4.517162448971891	-208.9246528465326	0.1270589954616943	0.00385539866375656	0.039868196407384864	0.00385539866375656	0.019483242574958905	-0.007580396671001248	0.039868196407384864	-0.007580396671001248	0.037590038548490926
4320000	-194.56424382483314	4.870691985547753	-199.4349358103809	0.16600411232310885	-0.010384145609580519	0.03952636327044892	-0.010384145609580519	0.017989457146962408	-0.006616716718461535	0.03952636327044892	-0.006616716718461535	0.03223383179080037
4330000	-196.0841290345339	3.9392372477980833	-200.02336628233198	0.21000148086080617	-0.0035313314211773777	0.05407838795884223	-0.0035313314211773777	0.019442790864197344	-0.002029469716638241	0.05407838795884223	-0.002029469716638241	0.029467191304133153
4340000	-189.9664751211423	4.564964612432485	-194.53143973357479	0.2928066497504674	-0.008842226956048381	0.04739368771091884	-0.008842226956048381	0.024869530852298524	-0.010489701927265543	0.04739368771091884	-0.010489701927265543	0.025687968697826323
4350000	-202.5145648405276	3.9842661301032503	-206.49883097063085	0.172288367711476	-0.013608787011334129	0.05612574713123254	-0.013608787011334129	0.017859657007852345	-0.005007085344080482	0.05612574713123254	-0.005007085344080482	0.03709516444118535
4360000	-221.0342427408111	4.825154160952628	-225.85939690176372	0.05131866221940051	0.008569739167340443	0.016334075094502496	0.008569739167340443	0.022816728720709216	-0.003817971184918932	0.016334075094502496	-0.003817971184918932	0.027261092765610704
4370000	-175.86372159106074	3.2087662702029025	-179.07248786126365	0.4201489047568632	0.0017011304186445395	0.05119823290946126	0.0017011304186445395	0.012922435325255876	-0.0012356338942198031	0.05119823290946126	-0.0012356338942198031	0.01950976894156036
4380000	-189.4960446581278	4.094730567108684	-193.59077522523648	0.26442313122209454	4.3227289611338644E-4	0.05220103430783151	4.3227289611338644E-4	0.020684809088047762	-0.005583661623479051	0.05220103430783151	-0.005583661623479051	0.028735751553121438
4390000	-219.53914647946607	3.883560408282522	-223.4227068877486	0.0673861968286717	0.01466087866927583	0.021035604260683394	0.01466087866927583	0.02033723109458075	0.00840053804993383	0.021035604260683394	0.00840053804993383	0.019916358019767547
4400000	-221.26313069559896	4.810050592318606	-226.07318128791758	0.07431273431926554	0.023660576299608476	0.031862370461804054	0.023660576299608476	0.02399435916102257	0.005043809154564904	0.031862370461804054	0.005043809154564904	0.03282589015791258
4410000	-177.36823466953877	3.3520351515755653	-180.72026982111433	0.5056959112447125	-0.010055893498591944	0.04381338529037443	-0.010055893498591944	0.018393414199609708	-0.004617014744449393	0.04381338529037443	-0.004617014744449393	0.01950283921341122
4420000	-160.80098722191303	2.71369895811088	-163.51468618002392	0.7652692447648607	-0.004174690161851388	0.06087217972399565	-0.004174690161851388	0.01883001846621988	-0.007239829557909927	0.06087217972399565	-0.007239829557909927	0.030453318403049715
4430000	-170.3731840365364	1.1472520397432482	-171.52043607627965	0.6905145453578715	0.02248620627699388	0.09475732690735594	0.02248620627699388	0.02257091895072895	-0.003967280513606235	0.09475732690735594	-0.003967280513606235	0.03270142818093043
4440000	-185.7993475970782	4.611094926428182	-190.4104425235064	0.1903454929616913	0.004794920587792418	0.047971741979975474	0.004794920587792418	0.01741936792473712	-5.100154674803692E-4	0.047971741979975474	-5.100154674803692E-4	0.02889732143673765
4450000	-216.04847904698835	3.3836965351429593	-219.4321755821313	0.09691537838191872	0.0024573333446408965	0.03508948208745599	0.0024573333446408965	0.017206052608028315	-7.749844008204193E-4	0.03508948208745599	-7.749844008204193E-4	0.03382828651146315
4460000	-222.40544706910708	3.8555690243035468	-226.26101609341063	0.06983364278997037	0.005001225525315727	0.02521455956701034	0.005001225525315727	0.021057710959012575	-0.0011636776235419634	0.02521455956701034	-0.0011636776235419634	0.023730492142591472
4470000	-192.10594646410718	3.6054221699761912	-195.71136863408336	0.20859970621269852	-0.014583135876053869	0.048348844663056896	-0.014583135876053869	0.019907551029038857	-0.006863631616156756	0.048348844663056896	-0.006863631616156756	0.026832745740624282
4480000	-180.7412906216769	1.7099416380546009	-182.4512322597315	0.5570888349109294	-0.020350727764435222	0.1139909663172275	-0.020350727764435222	0.0254869817720447	-0.0067862696096578	0.1139909663172275	-0.0067862696096578	0.03764791759236645
4490000	-153.03555567744635	1.8444227623369533	-154.87997843978332	0.7797731068714906	0.019539472645057603	0.08954861927580035	0.019539472645057603	0.020174517145951493	0.0015496874477180817	0.08954861927580035	0.0015496874477180817	0.026232785080702654
4500000	-182.48558026362926	3.5129830662580828	-185.99856332988733	0.3792862283194886	-0.025271132480626263	0.06326315641943826	-0.025271132480626263	0.010789546786825189	-0.007288742870017905	0.06326315641943826	-0.007288742870017905	0.02936471689670487
4510000	-216.30414393570828	4.790205667808281	-221.09434960351658	0.07209566201445064	-0.006601666812453434	0.030320224465775397	-0.006601666812453434	0.018963863662191577	-0.005841957747861186	0.030320224465775397	-0.005841957747861186	0.0384371654932998
4520000	-160.39181663227137	3.1448505799605515	-163.53666721223192	0.597406730418407	0.013380349568551263	0.10050760164608001	0.013380349568551263	0.019661792153725644	-0.0029975114610043528	0.10050760164608001	-0.0029975114610043528	0.030122938554171516
4530000	-162.5744284390425	3.12458346722917	-165.69901190627166	0.4974803116739576	0.009168318286964338	0.08815652163067857	0.009168318286964338	0.014854335660457048	-1.495737713992011E-4	0.08815652163067857	-1.495737713992011E-4	0.029920723073729547
4540000	-154.24404785762198	3.2773855401904655	-157.52143339781244	0.6179882455616497	0.04497312245031278	0.037301103720854684	0.04497312245031278	0.024226737532619263	0.001991149609995131	0.037301103720854684	0.001991149609995131	0.02233132114594641
4550000	-156.74919576684744	2.6760042961539767	-159.4252000630014	0.6579554487062238	0.023529567669629086	0.08427132476984142	0.023529567669629086	0.016313955426135392	0.005513473418778071	0.08427132476984142	0.005513473418778071	0.020518287784145592
4560000	-165.01682715907222	1.8945222159871382	-166.91134937505936	0.7252653119421475	0.01080568524273348	0.07225371305506015	0.01080568524273348	0.01649167770686058	0.003156118980487459	0.07225371305506015	0.003156118980487459	0.024357531665340194
4570000	-189.0181073810644	4.93558689729224	-193.95369427835664	0.1722267607120524	0.006068565662253329	0.03813923314545964	0.006068565662253329	0.01844069887708997	-7.936975747093481E-4	0.03813923314545964	-7.936975747093481E-4	0.028287148973995365
4580000	-184.2471031030412	4.526322973157626	-188.77342607619883	0.25726448684690006	0.01222732193344195	0.04177519974620662	0.01222732193344195	0.014069846836087063	1.3119211943071946E-4	0.04177519974620662	1.3119211943071946E-4	0.024276707950135687
4590000	-162.16808279369812	3.7801874988096174	-165.94827029250774	0.49154482802412425	-3.040690664674659E-4	0.05904052645002141	-3.040690664674659E-4	0.0193038803602511	6.906356937292205E-4	0.05904052645002141	6.906356937292205E-4	0.02941909062007163
4600000	-175.3215849769934	3.669212885289355	-178.99079786228276	0.34175855868849847	0.01074561539230904	0.02787055506462241	0.01074561539230904	0.01563835578761174	-0.007094662849160908	0.02787055506462241	-0.007094662849160908	0.01966483336694764
4610000	-217.0783545252712	4.755805099426211	-221.8341596246974	0.09872666051501205	0.0015311026722931319	0.033512872394673876	0.0015311026722931319	0.013091660998533153	-0.0020126527224321464	0.033512872394673876	-0.0020126527224321464	0.031508253033244255
4620000	-177.28923782434254	3.834683110464116	-181.12392093480665	0.37341624072262597	0.0020767011899425775	0.06486710800382993	0.0020767011899425775	0.01981599675453609	-0.002407728546835527	0.06486710800382993	-0.002407728546835527	0.03000905560910127
4630000	-144.90387889580856	-0.7411738211166243	-144.16270507469193	1.2984623777062456	0.04837120937102509	0.10042116114080951	0.04837120937102509	0.026759568673189425	0.0034350102186908736	0.10042116114080951	0.0034350102186908736	0.020311992893429966
4640000	-153.06596409982916	1.701178440967817	-154.76714254079698	0.8932994907186487	0.06273080757312004	0.14054360769440852	0.06273080757312004	0.017708644398662664	0.00645775397523486	0.14054360769440852	0.00645775397523486	0.0391808331966511
4650000	-160.91670058751566	1.8160190801617475	-162.7327196676774	0.8658059807109607	0.06444827560483894	0.11364552151400216	0.06444827560483894	0.024611642994759337	0.0050340635480466515	0.11364552151400216	0.0050340635480466515	0.040460256673378645
4660000	-186.43055284908957	4.1678250469984155	-190.59837789608798	0.3575801889929672	0.014709666962860949	0.11370480431671764	0.014709666962860949	0.01798567597847788	-3.175561044333527E-4	0.11370480431671764	-3.175561044333527E-4	0.05632954414743038
4670000	-183.99510400443864	4.440686460077129	-188.43579046451578	0.22338027537704466	0.007997243724791164	0.05908291942405107	0.007997243724791164	0.014772682347741976	-3.943943718257479E-4	0.05908291942405107	-3.943943718257479E-4	0.03120667679580294
4680000	-167.4965835673453	3.3146911709146325	-170.81127473825995	0.40450298135876245	-0.013921761182414852	0.023904415935366605	-0.013921761182414852	0.01733360547695816	-0.003997520195461603	0.023904415935366605	-0.003997520195461603	0.021643622256087194
4690000	-143.38240899402768	0.9903091619531226	-144.3727181559808	1.059511016833049	-0.027395197061433882	0.12341424837979094	-0.027395197061433882	0.019742611610412672	-0.003854826961328878	0.12341424837979094	-0.003854826961328878	0.028234272011989157
4700000	-177.0842853832491	4.184803508434986	-181.26908889168408	0.2435037369640524	0.012794626790714065	0.054049580833965494	0.012794626790714065	0.014938311201277471	2.552786959536331E-4	0.054049580833965494	2.552786959536331E-4	0.03133632434850342
4710000	-155.54647779318253	2.314326460018485	-157.86080425320102	0.8249879311019668	0.03813989029537577	0.10990737148739145	0.03813989029537577	0.026821691674004833	0.0011176715048259993	0.10990737148739145	0.0011176715048259993	0.03370400049863603
4720000	-182.7629686994963	3.69161191664398	-186.45458061614028	0.3974335297904978	0.02341280182010729	0.09996783976928521	0.02341280182010729	0.021491595662300085	0.0030659368433181133	0.09996783976928521	0.0030659368433181133	0.03911661240447805
4730000	-158.18018293023576	-2.175880773724392	-156.00430215651136	1.1701042437966924	0.07120513749208708	0.17556610103000655	0.07120513749208708	0.018522048112363153	0.008216460648366468	0.17556610103000655	0.008216460648366468	0.041157158357973636
4740000	-155.20209867384378	0.8587661761725625	-156.06086485001634	0.7884022714187086	-0.04528107513826552	0.13875534841699513	-0.04528107513826552	0.021765694084899492	-0.010856451148377848	0.13875534841699513	-0.010856451148377848	0.04600557179383998
4750000	-163.34396864830785	2.831910534082605	-166.17587918239045	0.4623999359290529	-0.005409647140829544	0.052815351867277864	-0.005409647140829544	0.015811989714405682	-0.004298557646628324	0.052815351867277864	-0.004298557646628324	0.0235602415680738
4760000	-224.7904997945866	4.6545283302244	-229.445028124811	0.0827231276807918	0.007864978262363214	0.02472876402712267	0.007864978262363214	0.021139019315366617	9.230842217933341E-4	0.02472876402712267	9.230842217933341E-4	0.021408366320328942
4770000	-203.3001560213512	3.952638083847323	-207.25279410519852	0.12608095844661643	-0.002593864673113323	0.018974674389927493	-0.002593864673113323	0.01611953382988062	-0.0024650942639931825	0.018974674389927493	-0.0024650942639931825	0.0198928696431152
4780000	-185.21319716658223	4.470601010610253	-189.6837981771925	0.2623072148848019	0.022496085552933275	0.04345101544148239	0.022496085552933275	0.017754525542306814	-4.3450175323994297E-4	0.04345101544148239	-4.3450175323994297E-4	0.029694800892296407
4790000	-174.12709423222645	4.083889530844154	-178.2109837630706	0.34046167415351736	-0.011362058640245988	0.07036302130210752	-0.011362058640245988	0.014990889252254426	-0.005871880242355689	0.07036302130210752	-0.005871880242355689	0.033810232234858545
4800000	-136.08955791771797	-4.049114630659303	-132.04044328705868	1.6405863030092658	-0.004263063405857645	0.12764235039194882	-0.004263063405857645	0.02224395547282944	-0.0034169678386632117	0.12764235039194882	-0.0034169678386632117	0.027284267759949986
4810000	-177.28750739238183	3.974668197262294	-181.26217558964413	0.2671128950732359	0.0017086401784699604	0.029765939930005897	0.0017086401784699604	0.020685271962097695	-0.006365272236082739	0.029765939930005897	-0.006365272236082739	0.021412244323327688
4820000	-175.05553458387564	1.2996780284560794	-176.3552126123317	0.36076615493970604	-0.011578998515092847	0.052272127675072146	-0.011578998515092847	0.021083877808208414	-0.004301189433112639	0.052272127675072146	-0.004301189433112639	0.023341485728353456
4830000	-158.02320981699194	3.1353458994516332	-161.15855571644357	0.6835723701322713	-0.02161138848430794	0.07744073913141086	-0.02161138848430794	0.021739925043120854	-0.007738239334539607	0.07744073913141086	-0.007738239334539607	0.03188195352508079
4840000	-184.84792065756423	4.47180225414606	-189.3197229117103	0.2100710299939352	0.007473262313457262	0.056565215969830974	0.007473262313457262	0.020439504557633405	-0.0026298437008179876	0.056565215969830974	-0.0026298437008179876	0.0340346173922193
4850000	-178.9439982008898	3.2630817748746086	-182.20707997576443	0.4451825319172084	0.06481107539033609	0.09839971184481516	0.06481107539033609	0.02486300307514784	0.011742503106481342	0.09839971184481516	0.011742503106481342	0.038362676889932466
4860000	-142.7815517112324	0.5745255355251923	-143.3560772467576	0.9800321132336107	0.020035354059957794	0.08540815772292983	0.020035354059957794	0.0164796385829551	-0.0025564051824598006	0.08540815772292983	-0.0025564051824598006	0.02319613099517433
4870000	-155.1712646269888	1.9655319680731362	-157.13679659506192	0.6140156682293597	0.00835202935863968	0.08516662915683319	0.00835202935863968	0.01528554903087372	-0.00198951167696042	0.08516662915683319	-0.00198951167696042	0.03567410819934481
4880000	-144.3530782656173	-0.7829992104523921	-143.5700790551649	1.3618718173620812	-0.02720968997410819	0.08895092405897853	-0.02720968997410819	0.01766439790216304	-0.008025790177778156	0.08895092405897853	-0.008025790177778156	0.0202530623203869
4890000	-155.8226051664911	1.59734251964312	-157.4199476861342	0.7333283557058711	-0.005359504203792264	0.0772811164119082	-0.005359504203792264	0.013430325489370482	-0.0025172532804399097	0.0772811164119082	-0.0025172532804399097	0.02923079600685627
4900000	-148.40407774218812	1.3199372611239257	-149.72401500331205	0.9964823727316955	0.00939382673968671	0.07561371568203652	0.00939382673968671	0.021248017373554074	2.476764450752341E-4	0.07561371568203652	2.476764450752341E-4	0.020493194935843864
4910000	-178.76351814610197	3.299884389347548	-182.0634025354495	0.2665298660367694	0.002083243831980112	0.03494142817845303	0.002083243831980112	0.02089444608818235	-0.005505294253044775	0.03494142817845303	-0.005505294253044775	0.029150415578981504
4920000	-151.95972456219536	1.9471465760641746	-153.90687113825953	0.811056356813534	-0.03477554406198942	0.10176804734551673	-0.03477554406198942	0.017055860040379654	-0.00593127446649498	0.10176804734551673	-0.00593127446649498	0.02977090817563867
4930000	-174.65010698672702	3.3620659458697126	-178.01217293259674	0.41528166974861186	-0.006561729900029999	0.07334166568985018	-0.006561729900029999	0.01064913595539333	-0.00327131873983992	0.07334166568985018	-0.00327131873983992	0.031093534609733034
4940000	-222.54349079895806	3.4779314248109228	-226.02142222376898	0.08874716120941409	-0.003560631013295203	0.0418733230147318	-0.003560631013295203	0.016556758134020057	-0.006391612936544774	0.0418733230147318	-0.006391612936544774	0.04334010438709672
4950000	-193.03826869831536	4.419938456562585	-197.45820715487795	0.18620891573962306	0.005414941100008992	0.03517193553336118	0.005414941100008992	0.020842770547410336	-0.0028280217397736165	0.03517193553336118	-0.0028280217397736165	0.02501662610324581
4960000	-171.6339353024547	2.5352619875423787	-174.16919728999707	0.46079773857701883	0.004614835257830781	0.06899249873676984	0.004614835257830781	0.014057494035842201	-0.003803189466567137	0.06899249873676984	-0.003803189466567137	0.03713507648269175
4970000	-190.81235370771063	3.9960675562219685	-194.8084212639326	0.20918492215523718	0.0032520595063846	0.05491325689252404	0.0032520595063846	0.020937457980026573	-0.006061992706467704	0.05491325689252404	-0.006061992706467704	0.03377992303532898
4980000	-190.792018028405	4.134624078371718	-194.92664210677674	0.2550367870341025	0.0039134159358938025	0.0646669966167028	0.0039134159358938025	0.012969570097353965	-0.0016997474044538163	0.0646669966167028	-0.0016997474044538163	0.03543773143334232
4990000	-160.10566226279482	1.7558375902930314	-161.86149985308785	0.6036816896285165	0.035105042517968865	0.048933515856085144	0.035105042517968865	0.023607832683428552	-2.0652474408921215E-4	0.048933515856085144	-2.0652474408921215E-4	0.024419125300947836
5000000	-143.66792582389485	0.4784701192445916	-144.14639594313945	1.217715523851872	0.062468696907954396	0.11914946875758683	0.062468696907954396	0.0167914463212719	0.004497895898541753	0.11914946875758683	0.004497895898541753	0.031316636820434285
5010000	-151.70457943212602	1.8161531532018613	-153.5207325853279	0.9121279328676158	0.02050951166782354	0.13676359046446837	0.02050951166782354	0.016354844229725725	3.171842411534517E-4	0.13676359046446837	3.171842411534517E-4	0.038390552151082905
5020000	-157.29626203868096	1.920241372681682	-159.21650341136265	0.8632234739648869	-0.008656734140428267	0.1380025780840195	-0.008656734140428267	0.02053695466322693	-0.003222180952694104	0.1380025780840195	-0.003222180952694104	0.033021417337330154
5030000	-176.84642648735237	3.8086191052173977	-180.65504559256976	0.3392981919889559	-0.020134376397066937	0.0593033039965249	-0.020134376397066937	0.014441040251375149	-0.0036519461766830585	0.0593033039965249	-0.0036519461766830585	0.026887925272521263
5040000	-153.81665892299904	2.4340635811659013	-156.25072250416494	0.7260403314870482	0.009327612582327754	0.07742598518967218	0.009327612582327754	0.02001460865170431	-0.0033501474260797656	0.07742598518967218	-0.0033501474260797656	0.027894252119263708
5050000	-169.3968841737372	2.8689849493333868	-172.2658691230706	0.47120512803689096	-0.029409696481422373	0.09676161430833753	-0.029409696481422373	0.023100752856858902	-0.00813519259325964	0.09676161430833753	-0.00813519259325964	0.03783880710439468
5060000	-163.00292546733832	2.113157147713411	-165.11608261505174	0.61722382598886	0.0037202864011043014	0.11217048364711792	0.0037202864011043014	0.015265735253833863	1.1244308662031036E-4	0.11217048364711792	1.1244308662031036E-4	0.037255208162765854
5070000	-172.05524546337244	4.0259816141295115	-176.08122707750195	0.3006100190234473	0.011757245203421396	0.04589720401602018	0.011757245203421396	0.018226707706212698	6.355563375555315E-4	0.04589720401602018	6.355563375555315E-4	0.024699196478480973
5080000	-175.64751401719852	3.77393696037624	-179.42145097757475	0.3590977844989345	0.021775367971877378	0.04694366697406083	0.021775367971877378	0.01971679096403983	0.0043408431685102045	0.04694366697406083	0.0043408431685102045	0.027889614877589106
5090000	-167.67779766091854	2.757477303328336	-170.43527496424687	0.568785681621778	0.03243227564520803	0.11641385679719041	0.03243227564520803	0.025520922104888356	0.0022862172617490843	0.11641385679719041	0.0022862172617490843	0.03876336712051781
5100000	-159.10190783527966	2.864669929883856	-161.96657776516352	0.7019873107993109	0.027406809211706153	0.02588167916999395	0.027406809211706153	0.01706994927428702	-8.349741236023981E-4	0.02588167916999395	-8.349741236023981E-4	0.01625726027185295
5110000	-169.5573003618751	2.4803524321454615	-172.03765279402054	0.5474101864435191	0.026546431738206807	0.09616981188146714	0.026546431738206807	0.016476986554537033	0.0025767619714291575	0.09616981188146714	0.0025767619714291575	0.03242904805516569
5120000	-167.96441901480452	4.327412726352292	-172.2918317411568	0.33421285333379486	-0.009759801166840464	0.040331623919863835	-0.009759801166840464	0.015930135949586137	-0.002088742986359644	0.040331623919863835	-0.002088742986359644	0.02283036382822341
5130000	-167.8139786017895	3.9806685097815953	-171.7946471115711	0.40672377102420765	-0.014470444708537747	0.04006113737643381	-0.014470444708537747	0.023193573629720233	-0.0050599023332517125	0.04006113737643381	-0.0050599023332517125	0.023579933546435936
5140000	-155.69371109610563	1.8440438521314013	-157.53775494823702	0.8728452658693505	-0.0074673096119959115	0.07895048898184456	-0.0074673096119959115	0.013481874750387632	-0.0031637696850933886	0.07895048898184456	-0.0031637696850933886	0.02481734873112945
5150000	-169.0468717913026	1.9183293416718157	-170.9652011329744	0.579366705812206	0.0020854797506966805	0.10654940092831552	0.0020854797506966805	0.02245090813847647	-2.2705373187971797E-4	0.10654940092831552	-2.2705373187971797E-4	0.04050558152905567
5160000	-164.0054755668474	3.2835365990036123	-167.289012165851	0.6154096369689783	-0.005972812952563058	0.08823598045907309	-0.005972812952563058	0.02054145559879334	-0.0029726124837139408	0.08823598045907309	-0.0029726124837139408	0.030611193173300785
5170000	-162.86739616414812	2.1298935650209003	-164.997289729169	0.7191157476182972	0.01446281046556868	0.08896944927227854	0.01446281046556868	0.011641535669676953	8.054274637715752E-4	0.08896944927227854	8.054274637715752E-4	0.03317089244675469
5180000	-173.96373400662796	3.577096586497426	-177.54083059312538	0.3411391860516171	0.012675762744179501	0.05847797524602564	0.012675762744179501	0.017580669376990495	0.004895141923607512	0.05847797524602564	0.004895141923607512	0.028702397610199857
5190000	-175.56117217354662	3.9378401714429914	-179.4990123449896	0.337384246942113	-1.6716480718004866E-4	0.05111467873167962	-1.6716480718004866E-4	0.013353731073307135	8.031061465613296E-4	0.05111467873167962	8.031061465613296E-4	0.024435501224381498
5200000	-143.30513002970363	0.5066592793901658	-143.8117893090938	1.1939345725161536	0.03394091760302572	0.10560114022493547	0.03394091760302572	0.02448154296160157	0.002326517413296442	0.10560114022493547	0.002326517413296442	0.027733956277608187
5210000	-137.64278694938474	-1.7374699439992352	-135.9053170053855	1.3369640077921716	0.030393253662285444	0.11259775161338817	0.030393253662285444	0.013309927349856943	0.0036617176699449156	0.11259775161338817	0.0036617176699449156	0.02690780206055365
5220000	-177.1070543338063	4.315622281543572	-181.42267661534987	0.3384186662890352	-0.007643158111764517	0.048583685447894105	-0.007643158111764517	0.015012094320864294	-0.0022001742228083473	0.048583685447894105	-0.0022001742228083473	0.03009412598133328
5230000	-167.91707693971978	3.7234905812944867	-171.64056752101428	0.4107200043582069	0.038642890028207304	0.04394964387455609	0.038642890028207304	0.020904257666613222	0.0018827033626452258	0.04394964387455609	0.0018827033626452258	0.01811099154729554
5240000	-198.23719252283075	2.643181993509827	-200.88037451634057	0.2542924458432598	-0.0035049242111931597	0.046074655610545724	-0.0035049242111931597	0.018808321398562654	-0.0019508943751448593	0.046074655610545724	-0.0019508943751448593	0.020320778251808655
5250000	-155.38472672843514	2.6004677286601656	-157.9851944570953	0.574606179119097	-0.0129082600349814	0.04717224140291614	-0.0129082600349814	0.020479730278240557	-0.001713922336468312	0.04717224140291614	-0.001713922336468312	0.019041807587442235
5260000	-159.30714489515032	1.9172259074779263	-161.22437080262824	0.7063831535016499	0.009841623502974217	0.1532033991179808	0.009841623502974217	0.016848252161274915	-0.0013413070508092265	0.1532033991179808	-0.0013413070508092265	0.05208828361998588
5270000	-163.05089518007995	3.06663828086425	-166.1175334609442	0.502598732701439	0.002596553765092641	0.03198374016373804	0.002596553765092641	0.012687616746246922	-0.0014790240735356912	0.03198374016373804	-0.0014790240735356912	0.024074766978836534
5280000	-181.79683550358354	3.339946252109062	-185.1367817556926	0.299709060054499	-0.0033601293907725323	0.05019880200791186	-0.0033601293907725323	0.012778454528816036	-0.002876392672224063	0.05019880200791186	-0.002876392672224063	0.02792390610970743
5290000	-171.897143353249	4.354290341965583	-176.2514336952146	0.3073706229946266	0.01640449102242168	0.027792361974284606	0.01640449102242168	0.014313857640744098	-0.0032376759886304984	0.027792361974284606	-0.0032376759886304984	0.02345541519859053
5300000	-179.82785272244982	3.9869269171379647	-183.81477963958778	0.2547441286027002	0.007355708184111851	0.056441538462121826	0.007355708184111851	0.01890551519258547	-0.001396900131044056	0.056441538462121826	-0.001396900131044056	0.032915209158179436
5310000	-159.0941299458374	-0.5320456584591238	-158.5620842873783	0.9967814533590151	-0.005489797708655328	0.12012550132969127	-0.005489797708655328	0.016920604361017933	0.0011750605293408792	0.12012550132969127	0.0011750605293408792	0.03297051187830882
5320000	-168.74859095393154	3.0518859325199434	-171.8004768864515	0.4332113801795211	-0.010678423723683803	0.07001153628931518	-0.010678423723683803	0.014830421660843349	-0.005824371031579443	0.07001153628931518	-0.005824371031579443	0.029402619047554535
5330000	-155.4266941447633	3.0458384357890456	-158.47253258055235	0.6171619715335686	-8.89382246217731E-4	0.08985770861529367	-8.89382246217731E-4	0.01638450060150646	-1.9257628281503037E-4	0.08985770861529367	-1.9257628281503037E-4	0.03878329218658492
5340000	-185.96113822880517	2.127376094796513	-188.0885143236017	0.4293771054434287	-0.003925501282645186	0.07684804378689825	-0.003925501282645186	0.013900377286910442	-0.005424393017414623	0.07684804378689825	-0.005424393017414623	0.030524237647090124
5350000	-185.89052987509996	4.280157865339511	-190.17068774043946	0.2030259675285078	0.02364269639946303	0.03531372566002155	0.02364269639946303	0.017253445821600374	0.004413614184360502	0.03531372566002155	0.004413614184360502	0.018483718303040735
5360000	-202.6998947093149	2.062427589841784	-204.76232229915666	0.10660699750997259	-0.005268094503220285	0.04015993818641227	-0.005268094503220285	0.018397855742116918	-0.004884234981721881	0.04015993818641227	-0.004884234981721881	0.03151411168988402
5370000	-192.30496416999335	1.5556763993571399	-193.8606405693505	0.25111001449320336	0.002211369592408198	0.058042467319393096	0.002211369592408198	0.01863774390981337	-0.0017754747869143592	0.058042467319393096	-0.0017754747869143592	0.035112682488151345
5380000	-168.62667305107792	3.7321475342678694	-172.3588205853458	0.46649958919410967	0.021984618376688622	0.062269249438337705	0.021984618376688622	0.01953022109444956	0.003867536627596933	0.062269249438337705	0.003867536627596933	0.028931807595457104
5390000	-177.8955118711901	4.06035865949887	-181.95587053068897	0.38383661111218004	0.04431258638567327	0.09934690451352046	0.04431258638567327	0.025108736047739784	0.009603850010382489	0.09934690451352046	0.009603850010382489	0.04771787361037737
5400000	-179.7788475942052	4.218307785545365	-183.99715537975055	0.23974670346260826	0.013945928989830127	0.04351189232733769	0.013945928989830127	0.017684521914145008	0.002469539774674403	0.04351189232733769	0.002469539774674403	0.029080894153547657
5410000	-186.11114133908353	4.078087842630646	-190.18922918171418	0.2566954026845189	0.0014922092749999943	0.0477225885387136	0.0014922092749999943	0.011386490118550238	-2.196104963276421E-4	0.0477225885387136	-2.196104963276421E-4	0.028248968862676825
5420000	-208.88453071350983	4.350339404262465	-213.2348701177723	0.10793084393781913	0.005298112447158267	0.025897320487492968	0.005298112447158267	0.01477012070202673	-0.004705659527875755	0.025897320487492968	-0.004705659527875755	0.02761736957365775
5430000	-191.88522520202642	1.4673132957313113	-193.35253849775773	0.30740805243725866	0.018616279256799168	0.08157326376960751	0.018616279256799168	0.017838041902837384	0.0033219664366092123	0.08157326376960751	0.0033219664366092123	0.03692613844064217
5440000	-188.93875208350158	2.08033439094526	-191.01908647444685	0.20999986016443944	-0.0044116260842898885	0.042376198555971085	-0.0044116260842898885	0.010451313935440618	-0.0012848223754156173	0.042376198555971085	-0.0012848223754156173	0.022448846502589333
5450000	-177.8902119315665	4.5464550438649285	-182.43666697543145	0.2370481145375823	0.01900350639793615	0.028468967444835545	0.01900350639793615	0.01876008065228859	-0.0029158546072020363	0.028468967444835545	-0.0029158546072020363	0.021258345091849217
5460000	-187.4460350723876	4.597469613124346	-192.04350468551192	0.2828126017178624	0.02305296784927703	0.04445640351373474	0.02305296784927703	0.023178787329923133	-0.0018797441032005796	0.04445640351373474	-0.0018797441032005796	0.028341075820188005
5470000	-198.7754945602503	4.466645118951441	-203.24213967920176	0.17780406298275137	6.304397120769724E-4	0.0694590913401747	6.304397120769724E-4	0.015575747159767128	-0.004032801431416203	0.0694590913401747	-0.004032801431416203	0.04554783035568408
5480000	-203.83186537361058	4.5021528795191905	-208.33401825312978	0.12853474511267926	0.006663322039896466	0.0243352626066457	0.006663322039896466	0.019503358514612504	-0.0023499447153224485	0.0243352626066457	-0.0023499447153224485	0.02288327630533018
5490000	-156.39182218522816	-1.5034366027274424	-154.88838558250072	1.4988200001551086	-0.034436353203922306	0.20631994925966102	-0.034436353203922306	0.014719149569385644	-0.006113752093817834	0.20631994925966102	-0.006113752093817834	0.04861463987570394
5500000	-163.7262610066305	2.587476584437824	-166.31373759106833	0.49800558536722456	0.029438622844046133	0.06150738010919698	0.029438622844046133	0.021015755968009173	3.481438913332086E-4	0.06150738010919698	3.481438913332086E-4	0.02573189017835672
5510000	-167.39457929223187	4.146185391014025	-171.5407646832459	0.3369467027484608	0.009396935031485974	0.047515744636156355	0.009396935031485974	0.019213104511089905	-0.0011709322988777008	0.047515744636156355	-0.0011709322988777008	0.028301302564921367
5520000	-172.48088323725503	3.758365602601972	-176.239248839857	0.39804794852838227	0.02783685093269964	0.07051580917053005	0.02783685093269964	0.02069987804422462	0.003049417743604067	0.07051580917053005	0.003049417743604067	0.034558052324998256
5530000	-190.52829359074153	2.3964607157015054	-192.92475430644302	0.29987390531967284	-0.005026666097850203	0.06338871095286687	-0.005026666097850203	0.0135852640575182	-0.003746709770646871	0.06338871095286687	-0.003746709770646871	0.029731825057296178
5540000	-198.13167642722254	4.137789946466818	-202.26946637368937	0.21404171325663926	-0.012536233149238261	0.038105470116681875	-0.012536233149238261	0.01833241264628828	-0.007572497422729897	0.038105470116681875	-0.007572497422729897	0.019808953318165838
5550000	-165.4355834862309	3.318855244993113	-168.754438731224	0.5591976284341944	0.022594962825670688	0.10715588620441965	0.022594962825670688	0.02230652976032896	-2.087957772347812E-4	0.10715588620441965	-2.087957772347812E-4	0.03887642309998336
5560000	-207.09517460917536	5.022453373783011	-212.11762798295837	0.13735014391357991	-0.013222739334131779	0.04007359252702894	-0.013222739334131779	0.01902355744963602	-0.006962798553834974	0.04007359252702894	-0.006962798553834974	0.038524119958665046
5570000	-224.23408536604867	3.4570777892658415	-227.6911631553145	0.061061104668311425	1.8715352088544802E-4	0.018094105999830187	1.8715352088544802E-4	0.015079869155006663	0.001660396279513558	0.018094105999830187	0.001660396279513558	0.022170129197131714
5580000	-189.27459618547127	4.738000993641205	-194.01259717911248	0.19596000971719685	0.0028530327742981735	0.03990872183849683	0.0028530327742981735	0.013249557394253991	-3.675047606418978E-4	0.03990872183849683	-3.675047606418978E-4	0.0291911071989555
5590000	-197.5600404413165	3.317198313782021	-200.87723875509852	0.21149354061790504	-0.009957307973571373	0.046408366988566575	-0.009957307973571373	0.017630080686555378	-0.008306284322554243	0.046408366988566575	-0.008306284322554243	0.03120585535685718
5600000	-178.12323018190506	4.23720325740421	-182.36043343930928	0.324727853794292	0.02841776219454626	0.053815017656432144	0.02841776219454626	0.018228948175868103	0.0011317681996405714	0.053815017656432144	0.0011317681996405714	0.02520645537758911
5610000	-159.9742161288515	-1.285103406938954	-158.68911272191255	0.9112459491860395	0.005431706241726312	0.10479681590078443	0.005431706241726312	0.020932618369032086	-8.915928707196451E-4	0.10479681590078443	-8.915928707196451E-4	0.030417796794195172
5620000	-174.53606790279292	3.768650982109481	-178.3047188849024	0.36413687038910497	5.222811835613664E-4	0.06742439083900238	5.222811835613664E-4	0.01860741913953379	-0.00141224301547137	0.06742439083900238	-0.00141224301547137	0.028275221436205897
5630000	-147.92238205336372	1.3472251993567106	-149.26960725272042	0.9755441428039123	-0.020984350607905645	0.1071646055517584	-0.020984350607905645	0.021747470760146822	-0.004494416206422181	0.1071646055517584	-0.004494416206422181	0.026259033922587306
5640000	-153.04032663209122	2.63521784953062	-155.67554448162184	0.7213665934005756	0.03481318972263567	0.05768801704741967	0.03481318972263567	0.021696109220929204	0.003394335125854995	0.05768801704741967	0.003394335125854995	0.022580677342807505
5650000	-179.12141501907757	4.1038724556836055	-183.2252874747612	0.3074097504493751	0.027743626801307885	0.025454724873954032	0.027743626801307885	0.022693916905870443	-8.433437810792684E-4	0.025454724873954032	-8.433437810792684E-4	0.02486643872378355
5660000	-183.99291241703713	4.292960940539799	-188.28587335757692	0.2288760560383633	-0.014400526484098787	0.04706015111151191	-0.014400526484098787	0.016598583478681032	-0.005381730326268893	0.04706015111151191	-0.005381730326268893	0.02585648147945632
5670000	-185.16972390151093	4.193048746591151	-189.3627726481021	0.27767052492410654	0.007508897326450938	0.07199424941483164	0.007508897326450938	0.021224972174168043	-6.824490948299422E-4	0.07199424941483164	-6.824490948299422E-4	0.02958449863144983
5680000	-154.58827198335808	2.3493682155232847	-156.93764019888138	0.6663929967557364	0.025570205066656308	0.03572071693332041	0.025570205066656308	0.01943342525643638	-0.003506947277515502	0.03572071693332041	-0.003506947277515502	0.01539358063085047
5690000	-154.14961186799763	2.55754869511622	-156.70716056311386	0.7154050937219306	-0.004498485202411913	0.10852214007038222	-0.004498485202411913	0.016286643329818024	-0.002903456203156407	0.10852214007038222	-0.002903456203156407	0.03369993762805358
5700000	-198.82270827507585	4.6071974774646325	-203.4299057525405	0.1686309581396932	0.006050997725086955	0.057945137994277494	0.006050997725086955	0.01763244779540247	0.0010451893156683168	0.057945137994277494	0.0010451893156683168	0.03777699109893318
5710000	-188.86609186712113	2.3284569758128786	-191.194548842934	0.18046574778438643	0.01925850112095391	0.04205138623255226	0.01925850112095391	0.016154915211207835	0.004243328745014456	0.04205138623255226	0.004243328745014456	0.02523314144243566
5720000	-195.2622591914389	3.764792723406704	-199.0270519148456	0.24283206248202072	0.011705647680678832	0.07216558489018292	0.011705647680678832	0.022615175916270856	0.002997319835984725	0.07216558489018292	0.002997319835984725	0.04314298990504142
5730000	-165.9501174723321	3.469876301993131	-169.41999377432523	0.40928765256567445	0.0036916387612116247	0.06859043070103112	0.0036916387612116247	0.015588662841245219	-0.0029819275355265603	0.06859043070103112	-0.0029819275355265603	0.029323035551561204
5740000	-165.11431943397233	3.317935625839383	-168.43225505981172	0.4144243123615194	0.017686060714092993	0.055838572342163925	0.017686060714092993	0.018189057068213492	4.9289097257079664E-5	0.055838572342163925	4.9289097257079664E-5	0.02267570523173023
5750000	-159.66746859005121	1.2066744667883378	-160.87414305683956	0.5243315267051513	0.03035438684135567	0.02603515151225762	0.03035438684135567	0.02556240109880134	-1.1776250329502847E-4	0.02603515151225762	-1.1776250329502847E-4	0.015022622023640561
5760000	-154.7691136346978	0.06977625781504093	-154.83888989251284	0.9291295543482538	-0.02082105351188551	0.10514619939516857	-0.02082105351188551	0.01836757787232929	3.2422747167177657E-4	0.10514619939516857	3.2422747167177657E-4	0.03429981884245596
5770000	-173.9702487083435	2.846118363275571	-176.81636707161906	0.4641118066780531	0.007887896095578164	0.07478371329823832	0.007887896095578164	0.024935199610680775	0.0023601462972668037	0.07478371329823832	0.0023601462972668037	0.03122518781919319
5780000	-169.16273249363698	1.6052958211464334	-170.7680283147834	0.5347002772357944	0.011848445824774751	0.11767732003668054	0.011848445824774751	0.019222848295140843	-3.1301714836872926E-4	0.11767732003668054	-3.1301714836872926E-4	0.04577567875474665
5790000	-184.92843103108765	2.673034034891562	-187.60146506597923	0.2705994970697589	0.0037624302219259856	0.07035453492797783	0.0037624302219259856	0.021764630947630665	-3.768465369824775E-4	0.07035453492797783	-3.768465369824775E-4	0.034319632930017586
5800000	-160.1663022264609	-0.018749682159399317	-160.1475525443015	0.6233539899184865	-0.008037455728548906	0.07666163936572276	-0.008037455728548906	0.018561719437820586	-0.0015541962607485335	0.07666163936572276	-0.0015541962607485335	0.02405220621877273
5810000	-168.80826784831999	3.3351300168152163	-172.1433978651352	0.39826297432473556	0.007848315582002927	0.022295181586934984	0.007848315582002927	0.01668267067551185	-0.004057224712516312	0.022295181586934984	-0.004057224712516312	0.024067872112605408
5820000	-166.26322865281537	1.958933733862914	-168.2221623866783	0.5771654782998183	0.015089974915617302	0.09496414875487853	0.015089974915617302	0.018360074069337214	-0.0025904540684572423	0.09496414875487853	-0.0025904540684572423	0.03442132143859884
5830000	-189.62216973804067	4.112886239891037	-193.7350559779317	0.2274097980048653	0.0034673879171999425	0.060674934217062534	0.0034673879171999425	0.01206028647849134	9.255860429500462E-4	0.060674934217062534	9.255860429500462E-4	0.03173069502636416
5840000	-171.40216412097553	3.184302280211226	-174.58646640118675	0.426251696034829	0.01308915949292097	0.08415466806782296	0.01308915949292097	0.01843366502402215	0.0052205074225283	0.08415466806782296	0.0052205074225283	0.02823352094943149
5850000	-172.01787032823975	2.65954001635715	-174.6774103445969	0.32202996757342506	0.001519031106783871	0.06798884544381462	0.001519031106783871	0.013944112544641162	3.125458843418361E-4	0.06798884544381462	3.125458843418361E-4	0.034819665513540515
5860000	-141.19183911388077	0.004941983025183894	-141.19678109690597	1.32229100224835	-0.025977306011712213	0.07541764112879577	-0.025977306011712213	0.016880281060092147	-0.0038524077263697287	0.07541764112879577	-0.0038524077263697287	0.022207077581058082
5870000	-171.73692180502192	1.2190868629167109	-172.95600866793862	0.5023613444443662	0.029343264633296538	0.07306462082999785	0.029343264633296538	0.021596170901026782	0.005277172703578824	0.07306462082999785	0.005277172703578824	0.02367829926482009
5880000	-175.86693674504272	2.3793275072122393	-178.24626425225497	0.34032582541298834	-3.718846897849001E-4	0.03455539450839568	-3.718846897849001E-4	0.016792827397560352	-0.005813197779088729	0.03455539450839568	-0.005813197779088729	0.0241157044428317
5890000	-190.8873202368907	2.673857394928088	-193.5611776318188	0.21143200231251608	0.006918229702223655	0.025934443904657205	0.006918229702223655	0.016795341385168954	3.028679329724527E-4	0.025934443904657205	3.028679329724527E-4	0.020951191587304605
5900000	-190.38308304251046	2.761931638262683	-193.14501468077316	0.1983437459560549	0.013323698825563047	0.04809932347587477	0.013323698825563047	0.017320501712618064	0.0051795453152732665	0.04809932347587477	0.0051795453152732665	0.03136796235201596
5910000	-251.21576580981	3.600937875707432	-254.81670368551744	0.024076119343844588	0.0038203448229832005	0.012502730273714265	0.0038203448229832005	0.014422786380017913	-6.898913235963045E-4	0.012502730273714265	-6.898913235963045E-4	0.02301403004516255
5920000	-244.84721050947462	4.594328059383711	-249.44153856885833	0.028912578905804412	-0.00258437640944252	0.016229743730720836	-0.00258437640944252	0.019309518121152752	0.00141806707508791	0.016229743730720836	0.00141806707508791	0.026650610463038238
5930000	-212.80771113818065	4.665460667483107	-217.47317180566375	0.10105043847712238	0.01311419188881012	0.05206441595203926	0.01311419188881012	0.02042961732653702	0.0054691919830166585	0.05206441595203926	0.0054691919830166585	0.043902109095483734
5940000	-232.39988788022885	2.2941579972275843	-234.69404587745643	0.054051336258161824	0.015799181060538122	0.025948128557962986	0.015799181060538122	0.018185398758303672	0.0061043521498065035	0.025948128557962986	0.0061043521498065035	0.030219668989313192
5950000	-189.21282814955867	3.295992226982065	-192.50882037654074	0.2583514210581572	0.023509698843248134	0.037881545663320866	0.023509698843248134	0.01784475300768768	0.0031011519050215407	0.037881545663320866	0.0031011519050215407	0.02102962464233346
5960000	-179.98109671299338	3.757755056965708	-183.7388517699591	0.48338577618223916	0.025638304673512833	0.06061562744298536	0.025638304673512833	0.027323789990477774	0.008028434529888814	0.06061562744298536	0.008028434529888814	0.032290710393007974
5970000	-155.89781823972618	-0.40271812702206056	-155.4951001127041	1.0100511283756286	-0.011224685254527345	0.11593878476046675	-0.011224685254527345	0.013837141227077155	-0.0039132810761073255	0.11593878476046675	-0.0039132810761073255	0.032310211609348674
5980000	-165.30931662156613	3.5664542795475422	-168.87577090111367	0.4891195991428963	0.019156842895103426	0.05363188943007156	0.019156842895103426	0.023039486082534293	5.294769881838848E-4	0.05363188943007156	5.294769881838848E-4	0.02109738777739494
5990000	-175.99063384697675	3.851044463481931	-179.8416783104587	0.31784564312341257	-0.017905057851849586	0.053644319370513734	-0.017905057851849586	0.022806507616031525	-0.008391967260059426	0.053644319370513734	-0.008391967260059426	0.026292262468070177
6000000	-156.03733599180723	1.8373919623793702	-157.8747279541866	0.7206890716729929	0.025847360040620385	0.12312730637465379	0.025847360040620385	0.0173251708694525	0.0013474218419613861	0.12312730637465379	0.0013474218419613861	0.04795740365266512
6010000	-170.48254399132327	3.444649137630367	-173.92719312895363	0.46104865399791284	0.02201995931293056	0.06558094681839265	0.02201995931293056	0.018168913592715375	-0.0010001700011650163	0.06558094681839265	-0.0010001700011650163	0.026883349897160402
6020000	-169.43687978507094	3.5953852982559575	-173.0322650833269	0.3098944316468286	0.022279232917348027	0.03315512638544599	0.022279232917348027	0.017697826030275806	-0.001847368494149367	0.03315512638544599	-0.001847368494149367	0.020379700703836694
6030000	-201.48021103396695	2.784242294644808	-204.26445332861175	0.20687795118179247	0.027346746563467382	0.05037768999356259	0.027346746563467382	0.01731183324078506	0.004003510890952767	0.05037768999356259	0.004003510890952767	0.02805168993669096
6040000	-184.22379942084723	2.089805016103844	-186.31360443695107	0.30045826326280317	-0.012571645047481646	0.07053871523489849	-0.012571645047481646	0.018536113625948977	-0.0026045566770775503	0.07053871523489849	-0.0026045566770775503	0.03246856698501034
6050000	-176.14501041535925	3.617464366369464	-179.7624747817287	0.4197086235199382	0.043781359828454845	0.05454382017682854	0.043781359828454845	0.017406522903794772	-3.2729653627860435E-4	0.05454382017682854	-3.2729653627860435E-4	0.02507358563781576
6060000	-158.75504177770898	1.9911705476060153	-160.74621232531499	0.8602571581105012	0.05226669553656635	0.07382352145342949	0.05226669553656635	0.023959855945715525	0.002878041886169501	0.07382352145342949	0.002878041886169501	0.026485101322526846
6070000	-147.33037447731184	1.4206961102178455	-148.75107058752968	0.8404830416473998	0.02259333709660966	0.06824478866335919	0.02259333709660966	0.017402175457128105	-0.0031710828422799207	0.06824478866335919	-0.0031710828422799207	0.024225345955606395
6080000	-149.28676734742638	0.03434092295106361	-149.32110827037744	1.267215040466581	0.016624642749180164	0.14971136162031126	0.016624642749180164	0.020468462982868085	0.001875154052946374	0.14971136162031126	0.001875154052946374	0.03709931536008977
6090000	-163.9715099688648	3.5286976352582453	-167.50020760412306	0.5494824040383334	0.006495299700057033	0.08290017738359184	0.006495299700057033	0.021216603740033896	-5.829704930263825E-4	0.08290017738359184	-5.829704930263825E-4	0.029427402378453447
6100000	-179.53787120115302	2.756135694606542	-182.29400689575957	0.4080074729096963	-0.011113377647436171	0.046744258884439095	-0.011113377647436171	0.018239919494347983	-0.002905980311331862	0.046744258884439095	-0.002905980311331862	0.015710900469910104
6110000	-180.12064958264537	3.1484779850491713	-183.26912756769454	0.35715491133872146	0.02227958808640052	0.07676289459740593	0.02227958808640052	0.016994890671202665	0.004349605108792887	0.07676289459740593	0.004349605108792887	0.030702192052630747
6120000	-166.2811659200441	3.3731309324725194	-169.6542968525166	0.5181034120621602	-0.005143971112407425	0.07067113524241292	-0.005143971112407425	0.013949479438386089	-0.002650465188088882	0.07067113524241292	-0.002650465188088882	0.028860212877202022
6130000	-171.51581615940685	2.472806495741923	-173.9886226551488	0.41701340062493614	0.0045424227004985185	0.07467398623221323	0.0045424227004985185	0.01627968304954356	-0.0018203950755502974	0.07467398623221323	-0.0018203950755502974	0.030932177545883455
6140000	-160.9010944098156	1.7879056118845353	-162.68900002170014	0.5043261283636632	-0.012376148809253897	0.06490904438949656	-0.012376148809253897	0.0157510720457551	-0.0028893454325909563	0.06490904438949656	-0.0028893454325909563	0.026938544270653203
6150000	-161.58438546019406	2.62165093083594	-164.20603639102998	0.5315547864829387	0.022326364702922707	0.05309882893933067	0.022326364702922707	0.015554328209625552	7.792062658542624E-4	0.05309882893933067	7.792062658542624E-4	0.031775419636234335
6160000	-195.18784259897248	2.496926060329827	-197.6847686593023	0.18199738782510827	0.02618918952314599	0.009713018464689279	0.02618918952314599	0.019391282957888892	-0.0015590230497952145	0.009713018464689279	-0.0015590230497952145	0.016066152092735993
6170000	-187.31035041083447	3.9411580437136586	-191.25150845454814	0.2136170127085895	0.006828102044228177	0.03897800146066015	0.006828102044228177	0.01535972316085262	-0.001265844129058228	0.03897800146066015	-0.001265844129058228	0.022432815802336872
6180000	-164.6325385027276	3.2622821182526205	-167.89482062098023	0.4803513294628017	0.055729215143360794	0.07689212238439125	0.055729215143360794	0.028126079795776887	0.0058669992799446485	0.07689212238439125	0.0058669992799446485	0.025223372220533738
6190000	-158.97259730137037	2.5700312687954474	-161.54262857016582	0.5904868598709183	-0.010681779099173068	0.0934049603547406	-0.010681779099173068	0.01569791182255738	-0.0033940172361116233	0.0934049603547406	-0.0033940172361116233	0.03315251250637603
6200000	-179.8731189454578	3.801659255565041	-183.67477820102283	0.34898066761877	-0.002310332329302969	0.03320235153571089	-0.002310332329302969	0.02097744419862818	-0.0010553505497386906	0.03320235153571089	-0.0010553505497386906	0.015300907357557804
6210000	-197.2281952639754	2.643639402095572	-199.87183466607098	0.2574798355021189	-0.01115487553810333	0.0652889028363326	-0.01115487553810333	0.020284735099908663	-0.005701619590169241	0.0652889028363326	-0.005701619590169241	0.02833236347977741
6220000	-187.61760536732405	4.062810015443341	-191.6804153827674	0.1805762437147793	-0.007126581958521503	0.04017754955796306	-0.007126581958521503	0.012662639442395573	-0.0010808702855525315	0.04017754955796306	-0.0010808702855525315	0.025326035531741356
6230000	-182.026894581831	3.3469986165758083	-185.3738931984068	0.30667111174632905	0.031148839738843793	0.03531519136533781	0.031148839738843793	0.018556957929076023	0.0019960975312599133	0.03531519136533781	0.0019960975312599133	0.023018756980319813
6240000	-192.28152255785216	4.732400228622013	-197.01392278647418	0.24250719048159883	0.011173769418371407	0.04223464849207698	0.011173769418371407	0.02147082109508057	7.465839545936896E-4	0.04223464849207698	7.465839545936896E-4	0.032738942401832755
6250000	-175.09115659753408	2.942768631257238	-178.03392522879133	0.43935718379050515	0.015518029298260991	0.05972772464048507	0.015518029298260991	0.020176897597772355	-2.3845867175674527E-4	0.05972772464048507	-2.3845867175674527E-4	0.02238905013509311
6260000	-177.0853219866877	2.342337366239618	-179.4276593529273	0.41480427760391286	0.01758651702762949	0.06712787472555298	0.01758651702762949	0.016498163923222082	0.0018381811289300493	0.06712787472555298	0.0018381811289300493	0.025123328992724517
6270000	-157.51767761304555	0.7605223311377983	-158.27819994418334	0.8317618875965055	0.06048846220761877	0.09012015934782225	0.06048846220761877	0.021038072262815115	0.005722637124674661	0.09012015934782225	0.005722637124674661	0.02496291769466635
6280000	-160.7189146320492	1.436937328453757	-162.15585196050296	0.8391850198627587	-0.00447209302717942	0.08781436467228618	-0.00447209302717942	0.02013941026332807	-0.0037048793374988612	0.08781436467228618	-0.0037048793374988612	0.02905333252714285
6290000	-164.18154261344557	2.43807839409607	-166.61962100754164	0.6072059085898417	0.028848239502535816	0.08221464458269208	0.028848239502535816	0.021631118052076112	-0.0013218665830568655	0.08221464458269208	-0.0013218665830568655	0.03105755189453374
6300000	-154.54554619376862	2.0916493967332297	-156.63719559050185	0.5876276534812227	-0.012773864759674377	0.07061402174077311	-0.012773864759674377	0.016736887452738776	-0.0031661441021621183	0.07061402174077311	-0.0031661441021621183	0.02363709322453586
6310000	-167.01078653552412	2.917123773187617	-169.92791030871174	0.505067044451666	0.03485970412859664	0.08187543855027903	0.03485970412859664	0.020921720051932633	0.006245354878590549	0.08187543855027903	0.006245354878590549	0.03236238350779047
6320000	-182.31367940279355	3.691068619713496	-186.00474802250704	0.2939546141448669	0.029158607170593993	0.03456632628494674	0.029158607170593993	0.026243848468619792	0.0022318352168974286	0.03456632628494674	0.0022318352168974286	0.02273902966138514
6330000	-173.6391628941003	2.2609712602887075	-175.900134154389	0.5795978581799779	-0.015291496030663787	0.08899998531538661	-0.015291496030663787	0.019537009374990526	-0.005219355743610872	0.08899998531538661	-0.005219355743610872	0.028365711313500883
6340000	-164.91805990480063	2.6267506160335214	-167.54481052083415	0.4873318707801744	-0.005384919410193855	0.06317739436781371	-0.005384919410193855	0.01639965005950517	-0.006918798292151754	0.06317739436781371	-0.006918798292151754	0.022416418871500456
6350000	-159.68063683148654	2.3632934417843323	-162.04393027327086	0.7659159794087379	0.021043582834074894	0.06998652394096697	0.021043582834074894	0.014802793439193237	0.001384039433178933	0.06998652394096697	0.001384039433178933	0.023343204420708398
6360000	-174.17161214116817	3.7899150753125346	-177.9615272164807	0.34847854344228135	-0.019449745673723852	0.06685303632291616	-0.019449745673723852	0.02000303884872089	-0.007711187496398767	0.06685303632291616	-0.007711187496398767	0.027249479616318226
6370000	-176.6083428320519	3.5486647790175367	-180.15700761106945	0.3028277344080865	0.007613408115753883	0.06502894764025223	0.007613408115753883	0.019371610772614952	-0.0016354370576300006	0.06502894764025223	-0.0016354370576300006	0.03002393143257113
6380000	-155.62693406045548	-0.011419385780477964	-155.615514674675	1.1226955239835186	0.022491840397990973	0.09927383600433198	0.022491840397990973	0.018293633542139958	0.003066903720688287	0.09927383600433198	0.003066903720688287	0.027433769333111452
6390000	-137.0262143768124	-1.315945347979091	-135.7102690288333	1.5575779391922777	-0.021864664072749222	0.12701849443925947	-0.021864664072749222	0.016787927742928598	-3.954330493111456E-4	0.12701849443925947	-3.954330493111456E-4	0.023820455120536176
6400000	-159.9572786655653	1.3352544779774802	-161.29253314354278	0.7171345402525771	0.002278343193532145	0.11231157343721261	0.002278343193532145	0.01584635674440028	-0.004024095134013087	0.11231157343721261	-0.004024095134013087	0.03388250390879356
6410000	-178.8369183756977	4.441094978139478	-183.2780133538372	0.27227443483776687	0.02112940502785664	0.031964010088734014	0.02112940502785664	0.019499383347828678	0.003942572939430948	0.031964010088734014	0.003942572939430948	0.016342842960761064
6420000	-175.90411210716107	3.2318753883134352	-179.1359874954745	0.3713698407937788	0.014776669556567494	0.11526990698011774	0.014776669556567494	0.015477625423791481	0.001322214579826399	0.11526990698011774	0.001322214579826399	0.053066000039976066
6430000	-172.45247514495998	2.2298566101759367	-174.68233175513592	0.45853102429854203	0.05588170024931587	0.07847318732420139	0.05588170024931587	0.02210533909277183	0.005993892254341652	0.07847318732420139	0.005993892254341652	0.030470989438623065
6440000	-179.99038381045753	1.8989348851866485	-181.8893186956442	0.23770835569913928	0.001077419834211289	0.036734393487802476	0.001077419834211289	0.018755445621534517	-0.0045202886644989376	0.036734393487802476	-0.0045202886644989376	0.024723110965575126
6450000	-211.73433920060126	4.954213120250793	-216.68855232085204	0.09684807760972931	0.013204699738190913	0.035530224127781056	0.013204699738190913	0.019010997154464353	1.49096379661812E-4	0.035530224127781056	1.49096379661812E-4	0.03344620865004996
6460000	-185.62905600460442	3.3163732322412214	-188.94542923684565	0.3349450710422333	-0.0017819259997044578	0.05623728457850275	-0.0017819259997044578	0.015413635250771104	-6.315896233138293E-4	0.05623728457850275	-6.315896233138293E-4	0.0318173889561076
6470000	-165.68372922179307	3.2570098860102044	-168.94073910780327	0.4772355758999383	0.005836943198280925	0.06930027605509433	0.005836943198280925	0.018221892283526133	-2.201782928478753E-4	0.06930027605509433	-2.201782928478753E-4	0.029553195203140564
6480000	-170.75193735375962	2.4463241357332572	-173.19826148949286	0.5033869551099944	0.0044984991507221	0.0885590231226672	0.0044984991507221	0.013604867712518903	0.001487781997677332	0.0885590231226672	0.001487781997677332	0.0288085386981089
6490000	-189.21691956218402	3.549443164572983	-192.766362726757	0.22083474062698885	-0.003162581619697213	0.05092116934843676	-0.003162581619697213	0.018388019495036982	-2.599607437357466E-4	0.05092116934843676	-2.599607437357466E-4	0.026835797712612942
6500000	-154.23835655788895	1.4070476245877006	-155.64540418247665	0.7489541647732041	0.004284463018832586	0.09739122121946335	0.004284463018832586	0.01939812485823024	-0.0023690705445264747	0.09739122121946335	-0.0023690705445264747	0.03430283358055506
6510000	-175.28942130847494	2.3599766656006405	-177.64939797407558	0.3989197554389017	-0.001522223101037972	0.06594824720597124	-0.001522223101037972	0.014652186562177861	-0.004607274285728631	0.06594824720597124	-0.004607274285728631	0.028053429865282708
6520000	-184.25544940646	4.293035630789889	-188.5484850372499	0.32587377141706686	0.006448339537144766	0.06499172666118855	0.006448339537144766	0.02055710930249357	-0.0021174887089627763	0.06499172666118855	-0.0021174887089627763	0.031233480129704238
6530000	-224.77850347782743	4.120166550239127	-228.89867002806656	0.051037606731543124	-0.007565273692938822	0.024923439124624178	-0.007565273692938822	0.020595442393774366	-0.007307699502540102	0.024923439124624178	-0.007307699502540102	0.03012221561902686
6540000	-209.9368850798811	4.552243993222197	-214.4891290731033	0.1339860094394481	0.00735270321571455	0.06306885438239966	0.00735270321571455	0.026060935802342654	-6.235590045336054E-4	0.06306885438239966	-6.235590045336054E-4	0.05390704422937852
6550000	-182.65833499555183	2.5329258028781	-185.19126079842994	0.3551131174546123	0.016786704001873074	0.0897225953468186	0.016786704001873074	0.016042813305330684	0.0036902603843817945	0.0897225953468186	0.0036902603843817945	0.04299495976912529
6560000	-160.61400592935493	1.9569809956848911	-162.57098692503982	0.6419468016227131	0.0017719647445715342	0.08637767991865038	0.0017719647445715342	0.019675804808642658	-0.0015727379618834438	0.08637767991865038	-0.0015727379618834438	0.02992602037098738
6570000	-184.16964904696206	2.3812788101580153	-186.5509278571201	0.394408649074967	-0.012312512360458496	0.06823463961693851	-0.012312512360458496	0.01862219777754239	-0.0021088408847330926	0.06823463961693851	-0.0021088408847330926	0.03542650493673048
6580000	-191.4373635628198	3.957342149043691	-195.39470571186348	0.18083135590922156	0.005498454667787177	0.02821335022733222	0.005498454667787177	0.013830528635548213	-8.723098745225177E-4	0.02821335022733222	-8.723098745225177E-4	0.020469916701057893
6590000	-181.5354687619218	1.7293338933282847	-183.2648026552501	0.41656579822118184	0.01117652956945639	0.09818137876173684	0.01117652956945639	0.013916771046470518	-9.348942828096211E-4	0.09818137876173684	-9.348942828096211E-4	0.038522106111836055
6600000	-167.77394105007758	3.848669071111455	-171.62261012118904	0.3468313767594205	0.005608825051554992	0.034840535798594884	0.005608825051554992	0.015426397951589047	0.0012067412020505997	0.034840535798594884	0.0012067412020505997	0.01707391631211448
6610000	-165.71204927745046	-0.12186528012882558	-165.59018399732165	0.7740881846476814	0.03800663968545229	0.0548509270323252	0.03800663968545229	0.01840198768375749	0.00558219294622481	0.0548509270323252	0.00558219294622481	0.02167022754535241
6620000	-142.93150325371158	0.6036753072786366	-143.53517856099023	1.1645676088336927	0.014891484203058015	0.11606682684750828	0.014891484203058015	0.01980285470934087	-0.0025717640350910996	0.11606682684750828	-0.0025717640350910996	0.027666612510745765
6630000	-172.46190604251746	3.1003075331087278	-175.56221357562617	0.51774034848665	-0.02648684989343004	0.11387072235384445	-0.02648684989343004	0.02210963046842803	-0.006247800431822287	0.11387072235384445	-0.006247800431822287	0.03679786054907164
6640000	-154.36064519119222	3.044984256009828	-157.40562944720205	0.5637675803228317	0.009550926138691391	0.04881777344189497	0.009550926138691391	0.013441779750340931	-0.0021892363038427173	0.04881777344189497	-0.0021892363038427173	0.02353847368604252
6650000	-159.43128595254674	2.995590190501754	-162.4268761430485	0.5783943101803153	-7.923529830979589E-4	0.07364378015815713	-7.923529830979589E-4	0.015980672100967305	-0.0016478669768083295	0.07364378015815713	-0.0016478669768083295	0.030545933198911957
6660000	-149.1511221119465	-2.371883614922402	-146.7792384970241	1.3575267099013963	0.033502178411724336	0.12153422386592122	0.033502178411724336	0.014284663908951301	0.002905022024923961	0.12153422386592122	0.002905022024923961	0.025403637522119826
6670000	-153.44904511761519	-0.6540536095518266	-152.79499150806336	1.041450210672265	0.020368620924146603	0.14383237482389327	0.020368620924146603	0.018298697096715152	-0.0016068428758606907	0.14383237482389327	-0.0016068428758606907	0.03998928869824388
6680000	-178.73554450085203	3.923348755448553	-182.6588932563006	0.3316092363929156	0.025744078737972347	0.0639517217775408	0.025744078737972347	0.019038107502924097	-0.0010797287679213414	0.0639517217775408	-0.0010797287679213414	0.03123756738884499
6690000	-149.75770027776278	-0.2139647377457755	-149.543735540017	1.3400319323519578	0.025777142255013083	0.10371169094321858	0.025777142255013083	0.018672076246394255	-0.0015444322815196766	0.10371169094321858	-0.0015444322815196766	0.025854385888180946
6700000	-139.7356907128141	1.05103856926094	-140.78672928207504	1.0495833259641068	0.026011853800684416	0.06250098641339608	0.026011853800684416	0.02047737985349869	-0.004784440923865522	0.06250098641339608	-0.004784440923865522	0.02217731796086322
6710000	-151.67716144295872	1.0680663839299038	-152.74522782688862	1.1130510019596311	-0.020339537482316806	0.0752180969548314	-0.020339537482316806	0.017407783627737716	-9.299988574726795E-4	0.0752180969548314	-9.299988574726795E-4	0.02353112585843245
6720000	-139.10893064979646	0.5644675842099927	-139.67339823400644	1.1815117036539748	0.03430488512042636	0.07633236173777709	0.03430488512042636	0.017575009401448467	4.2157295601470387E-4	0.07633236173777709	4.2157295601470387E-4	0.027189254647145014
6730000	-155.1780007726354	1.2107383366247122	-156.3887391092601	1.045636776227716	0.02603777662494859	0.047746352182146276	0.02603777662494859	0.023464598249122618	0.005828503691830935	0.047746352182146276	0.005828503691830935	0.01968829327634028
6740000	-178.25466835296893	3.818758988648352	-182.07342734161728	0.30604483544578925	0.008584099988614872	0.04392398080176678	0.008584099988614872	0.014781797021547662	-3.7094680186200955E-4	0.04392398080176678	-3.7094680186200955E-4	0.02376707335180512
6750000	-159.93367846982034	2.659927939642737	-162.59360640946306	0.6006362668868914	0.001713045295417466	0.06397921650414162	0.001713045295417466	0.0170691866389343	5.745964037299812E-4	0.06397921650414162	5.745964037299812E-4	0.0242691721833508
6760000	-182.65225522733786	3.4246323996266357	-186.0768876269645	0.2931099772396461	0.011488909812261574	0.05430348458921472	0.011488909812261574	0.016478511035974863	6.821291948011653E-4	0.05430348458921472	6.821291948011653E-4	0.024074592716537092
6770000	-197.00849919723737	4.710985539854611	-201.719484737092	0.17811170159789388	-0.0011681791369982763	0.06116886094785255	-0.0011681791369982763	0.02129979265242586	2.996335861408783E-4	0.06116886094785255	2.996335861408783E-4	0.039886553916200496
6780000	-197.0206557978262	4.2095646464374585	-201.23022044426367	0.17490496476852269	-0.027425190562377147	0.04354246425704212	-0.027425190562377147	0.021405869362543885	-0.007058191734627132	0.04354246425704212	-0.007058191734627132	0.023468928939874113
6790000	-161.61588502378007	2.670860442581695	-164.28674546636177	0.6353707842911314	-0.004898950452219521	0.09827609453086257	-0.004898950452219521	0.018484781149562736	-0.00568744004128043	0.09827609453086257	-0.00568744004128043	0.03102508167164004
6800000	-169.8539424965381	3.895909212935805	-173.74985170947392	0.4111824648094271	0.031537580580817674	0.06000074063426769	0.031537580580817674	0.02102008610845535	0.007184010367881987	0.06000074063426769	0.007184010367881987	0.02453211050210858
6810000	-181.1141772465609	4.029895112827555	-185.14407235938845	0.3064705441974862	-0.0018892881809214933	0.04578303175047684	-0.0018892881809214933	0.01820362906895847	6.916883611457925E-5	0.04578303175047684	6.916883611457925E-5	0.020421193221856312
6820000	-183.5902940763424	4.157109430690511	-187.74740350703289	0.2672271385231315	-0.005220301524377835	0.07062795064458159	-0.005220301524377835	0.017245743679619466	-0.004103318335617524	0.07062795064458159	-0.004103318335617524	0.03443065889881532
6830000	-174.5358782595246	3.36012403326321	-177.8960022927878	0.31762455079139695	0.01001873047496054	0.024505850304890428	0.01001873047496054	0.02485597501338181	-0.0065816514668043495	0.024505850304890428	-0.0065816514668043495	0.020479824098296427
6840000	-195.28795916723584	4.986768119477669	-200.2747272867135	0.13615326107145534	0.018744251462744745	0.0367832535479421	0.018744251462744745	0.0231866776989882	0.001947941852618971	0.0367832535479421	0.001947941852618971	0.0298960978571209
6850000	-183.67499691314197	4.0975405525742135	-187.77253746571617	0.23034034583454663	0.007014671943970767	0.04438148496858389	0.007014671943970767	0.019265482526672102	-0.003079236027855436	0.04438148496858389	-0.003079236027855436	0.027191098976388252
6860000	-175.1389991559314	3.8586696732996386	-178.99766882923103	0.31025772846547417	0.0059069389260243705	0.06991902637649447	0.0059069389260243705	0.015658627501932164	1.1872536424628079E-4	0.06991902637649447	1.1872536424628079E-4	0.029983615982168782
6870000	-185.99081495129312	4.370414691127205	-190.3612296424203	0.23331324885442925	-0.014945567732756548	0.05415330867050147	-0.014945567732756548	0.018676055501276333	-0.004639010640240612	0.05415330867050147	-0.004639010640240612	0.03374811229861032
6880000	-168.9347289250996	3.6598558237906578	-172.59458474889024	0.499918469502291	0.018433936964507756	0.09044415030611061	0.018433936964507756	0.019569137992944456	7.452634357595217E-4	0.09044415030611061	7.452634357595217E-4	0.03760347668420751
6890000	-193.48715285270669	4.88420152277773	-198.3713543754844	0.14200755876454407	0.010960092087946476	0.044274050644867835	0.010960092087946476	0.02088454178605029	0.0010275625241104526	0.044274050644867835	0.0010275625241104526	0.032603872916138595
6900000	-168.1928277911705	-0.23816778885551226	-167.95466000231497	0.7501387598055765	0.02825894602183275	0.10635735286430698	0.02825894602183275	0.022773892650675996	0.002394320402742723	0.10635735286430698	0.002394320402742723	0.03391251038503029
6910000	-168.76756188270306	0.5766182054004814	-169.34418008810354	0.5046094823660923	0.022248817047795844	0.0854148776730085	0.022248817047795844	0.017209070324232162	-4.309683234571516E-4	0.0854148776730085	-4.309683234571516E-4	0.028810577094192876
6920000	-168.4540627494428	3.7808339412761347	-172.23489669071895	0.3614915612805242	0.007134274773957509	0.05251026809048219	0.007134274773957509	0.01979981596791242	-5.196204234564439E-4	0.05251026809048219	-5.196204234564439E-4	0.024324943215847522
6930000	-161.3384225247514	2.3094478904052336	-163.64787041515663	0.788062246121265	9.430411514541515E-4	0.12101358059044069	9.430411514541515E-4	0.017463884230045933	-0.0041511570191615065	0.12101358059044069	-0.0041511570191615065	0.03317706410423643
6940000	-172.81108842647956	3.6655468876959154	-176.47663531417547	0.4840586736847103	0.056148043737937206	0.06477627708141945	0.056148043737937206	0.02172410234802958	0.003902704219949454	0.06477627708141945	0.003902704219949454	0.02761413823956283
6950000	-187.19295646676568	4.253296406958032	-191.44625287372372	0.2557353661906302	-0.0031065500993055265	0.07985112842446174	-0.0031065500993055265	0.015178643562852092	-0.0018068352361014848	0.07985112842446174	-0.0018068352361014848	0.042220091897070634
6960000	-201.41297023549296	2.8310353581254426	-204.2440055936184	0.15212177344098082	-0.007654554604362652	0.04677368327524488	-0.007654554604362652	0.01591656989210581	-5.626011804256712E-4	0.04677368327524488	-5.626011804256712E-4	0.03136954769450159
6970000	-187.5221967055055	4.2442014935247725	-191.76639819903028	0.30515195790309385	0.001354263322743562	0.06312643098406501	0.001354263322743562	0.012647740797592028	-0.0010453918970395608	0.06312643098406501	-0.0010453918970395608	0.03327085355353093
6980000	-154.4658464635758	1.5779020255707126	-156.0437484891465	0.8494344685659477	9.477527001558173E-4	0.07696074554760562	9.477527001558173E-4	0.01861743228052171	-0.0015921543680903099	0.07696074554760562	-0.0015921543680903099	0.018321719647256623
6990000	-172.5402801983534	3.6954374132953514	-176.23571761164874	0.28928697972605405	0.0025484954192167703	0.057453734338407836	0.0025484954192167703	0.012242339736032502	-9.28107897089237E-4	0.057453734338407836	-9.28107897089237E-4	0.027090443364552616
7000000	-145.13064777521623	1.2875739676853575	-146.41822174290158	0.9640993459334879	-0.0010822547938904822	0.09818591818877861	-0.0010822547938904822	0.013691831561186056	-0.004457132945192293	0.09818591818877861	-0.004457132945192293	0.03137640733788577
7010000	-180.6845064147796	4.754650702397171	-185.43915711717676	0.2570715430840307	-0.017636737374063263	0.048516097283173666	-0.017636737374063263	0.021214825517443605	-0.00955840447040034	0.048516097283173666	-0.00955840447040034	0.036060018259837734
7020000	-155.97772269058885	3.2069545314163603	-159.1846772220052	0.4628392374450955	0.01644235902056053	0.06560289584808492	0.01644235902056053	0.02118244376188875	-0.002279728405336515	0.06560289584808492	-0.002279728405336515	0.02763495447734014
7030000	-150.82906269472122	1.8223896826232773	-152.6514523773445	0.9343388187237435	0.043860597284888385	0.08537864802323163	0.043860597284888385	0.03152594991074351	0.005654976013728044	0.08537864802323163	0.005654976013728044	0.024822594379048782
7040000	-166.13207716371565	-1.0384256114461072	-165.09365155226953	0.5473767069613275	-0.004062179721248766	0.06569934196052372	-0.004062179721248766	0.015790011200955044	-8.652952500058145E-4	0.06569934196052372	-8.652952500058145E-4	0.027687717731526645
7050000	-194.1006151468373	0.21587435578481529	-194.31648950262212	0.243419714265124	0.0076529604497860655	0.058140485848539154	0.0076529604497860655	0.021997485080722304	-6.531448042017649E-4	0.058140485848539154	-6.531448042017649E-4	0.03010656244577284
7060000	-183.66749630353848	4.056417436396056	-187.72391373993455	0.2766987117502387	0.019055367980789027	0.05360402489003591	0.019055367980789027	0.014587968668086012	0.0022676974536496647	0.05360402489003591	0.0022676974536496647	0.026531880944603313
7070000	-164.28312653698086	3.26126187186649	-167.54438840884734	0.505922991290445	6.627116063384326E-4	0.03843667365164746	6.627116063384326E-4	0.02304996137280358	-0.006195152714316425	0.03843667365164746	-0.006195152714316425	0.017674424145146632
7080000	-172.70344869664967	3.476632134906759	-176.18008083155644	0.3274393518783923	0.006470673604737988	0.049020984263280235	0.006470673604737988	0.01407822162486512	0.0012597895807522305	0.049020984263280235	0.0012597895807522305	0.026148680970299636
7090000	-170.26372162557666	-3.0381440676294913	-167.22557755794716	0.5127123808511456	-0.002501780771049392	0.056559591852757225	-0.002501780771049392	0.01677059621374071	-0.0017963183114743167	0.056559591852757225	-0.0017963183114743167	0.021592835905428313
7100000	-154.24555228364568	2.0369526996281095	-156.28250498327378	0.567556391062479	0.0022018137050428296	0.05906057239770774	0.0022018137050428296	0.021173528457740974	-0.002476206015552634	0.05906057239770774	-0.002476206015552634	0.02403812484944003
7110000	-150.19633753979605	1.4690353764785442	-151.6653729162746	0.905417245664925	0.01943330431095267	0.12001157055202029	0.01943330431095267	0.017456118635902084	0.002524296391856044	0.12001157055202029	0.002524296391856044	0.03649356231974147
7120000	-207.39703281610844	4.1679504062800135	-211.56498322238843	0.12779985553433923	0.006675012849725769	0.037661186054354104	0.006675012849725769	0.01852946478045096	0.0017076630505944606	0.037661186054354104	0.0017076630505944606	0.03281253999882732
7130000	-166.5018045407149	2.844951803347999	-169.3467563440629	0.5253179357313134	9.355277563406157E-4	0.0715595880329346	9.355277563406157E-4	0.019095073022839585	-1.1107317060832076E-4	0.0715595880329346	-1.1107317060832076E-4	0.02441578676647983
7140000	-172.51884911931782	3.942709176640773	-176.46155829595858	0.38159236475557323	0.0067955530870005155	0.06274110371802348	0.0067955530870005155	0.020101732118285566	-0.0027387167249937694	0.06274110371802348	-0.0027387167249937694	0.032357979374460506
7150000	-148.46333814325226	-0.5945029491858147	-147.86883519406643	0.8667547380525837	0.008387983549575467	0.06665679392563653	0.008387983549575467	0.01821533455224537	-0.0011064046836516072	0.06665679392563653	-0.0011064046836516072	0.024502834913188623
7160000	-172.90571867470072	1.9977064216613778	-174.9034250963621	0.49698264438669515	-0.020963807419179966	0.0909350178725853	-0.020963807419179966	0.016739267100918807	-0.004863318128998353	0.0909350178725853	-0.004863318128998353	0.02968734996889751
7170000	-170.62658259120857	3.5269129264818946	-174.15349551769046	0.36395225474471093	0.022936251870105628	0.06510518470886938	0.022936251870105628	0.02179675245943903	0.0019875703972623403	0.06510518470886938	0.0019875703972623403	0.037123723108841294
7180000	-166.27839096269622	3.5201677233925985	-169.79855868608882	0.522386190017861	0.04952173225059492	0.08819431568970303	0.04952173225059492	0.02240242810958181	0.0068704841198988075	0.08819431568970303	0.0068704841198988075	0.03166950802037915
7190000	-156.04885009216213	-0.8404937842932743	-155.20835630786885	1.0119552289212805	0.05250823156560098	0.13369385180180252	0.05250823156560098	0.021402073466648176	0.009632182094746344	0.13369385180180252	0.009632182094746344	0.030714282893574748
7200000	-157.02452954911962	2.5229585950095843	-159.5474881441292	0.6572363007783749	0.016333767502730277	0.069005938313198	0.016333767502730277	0.01872656214591348	-0.001645605851075878	0.069005938313198	-0.001645605851075878	0.02144533676475963
7210000	-178.0734771208553	1.0849200262842738	-179.15839714713957	0.3043186681186626	0.007745882502742304	0.05820477749771385	0.007745882502742304	0.019620323250441964	-0.004037565861781788	0.05820477749771385	-0.004037565861781788	0.02424534277415721
7220000	-177.95034752808505	4.359693737710459	-182.31004126579552	0.3171717806808968	0.007660159471075977	0.05991562851476324	0.007660159471075977	0.014824749286650327	-0.0036433132101413197	0.05991562851476324	-0.0036433132101413197	0.032656786208037726
7230000	-170.41419692823007	3.216315207110695	-173.63051213534075	0.479368692912186	0.023689070721369127	0.09482478538169438	0.023689070721369127	0.013756450703498752	0.004099853353160834	0.09482478538169438	0.004099853353160834	0.03145782504651922
7240000	-165.54681020845948	3.1251239854388504	-168.67193419389832	0.5005037899383591	0.04057530469674094	0.019694627587466762	0.04057530469674094	0.017308732051151108	-0.0016558528728069842	0.019694627587466762	-0.0016558528728069842	0.018683762045060677
7250000	-196.35987810839796	3.103593982718952	-199.46347209111693	0.26571224191841253	-0.0216928409684971	0.07254055231413493	-0.0216928409684971	0.01916107823991021	-0.008490319719049962	0.07254055231413493	-0.008490319719049962	0.040750111993058696
7260000	-225.9288583408486	4.736504427343933	-230.66536276819252	0.05144830608330627	0.005831281264118545	0.024402411513545615	0.005831281264118545	0.016669713651735484	-3.1639568368290035E-4	0.024402411513545615	-3.1639568368290035E-4	0.03410009023207128
7270000	-203.75148568519822	3.593035223257967	-207.3445209084562	0.18250587718571723	-0.03099100124538289	0.04645533698403362	-0.03099100124538289	0.023573053230267607	-0.007779209477869491	0.04645533698403362	-0.007779209477869491	0.026502884266834593
7280000	-176.73600068263008	2.499718263820352	-179.23571894645042	0.43135958304952304	0.03162247973127672	0.07512323243185795	0.03162247973127672	0.02050696588133388	0.001265161928704679	0.07512323243185795	0.001265161928704679	0.025300240573040644
7290000	-180.67431736385646	4.168697505118295	-184.84301486897476	0.2531572353741317	-0.0053252924324045025	0.05785763912916801	-0.0053252924324045025	0.017291203069615187	-0.002136675182734629	0.05785763912916801	-0.002136675182734629	0.02475964679490645
7300000	-172.90952582819796	3.9295646581064028	-176.83909048630437	0.3256499694917457	0.021936278982030818	0.04635749918124686	0.021936278982030818	0.012484808658135331	5.312038276663361E-4	0.04635749918124686	5.312038276663361E-4	0.02362530127099196
7310000	-162.18125610433975	2.384049893752188	-164.56530599809193	0.5836058074014603	0.034834481781841196	0.055946302904839894	0.034834481781841196	0.01872082629757054	0.0038326988967755924	0.055946302904839894	0.0038326988967755924	0.027905501422922287
7320000	-181.94879022853286	4.289900364606441	-186.2386905931393	0.21738374883209094	0.015543627202194347	0.05153667313953352	0.015543627202194347	0.019433717928456228	-1.5112880825231528E-4	0.05153667313953352	-1.5112880825231528E-4	0.02870505566186091
7330000	-238.2099449101179	2.8027444102741566	-241.01268932039207	0.038238835780507074	0.006022201891297034	0.015639160804586327	0.006022201891297034	0.018677801085547754	-6.366368560060814E-4	0.015639160804586327	-6.366368560060814E-4	0.02290875738117954
7340000	-192.40786113996904	4.523211801214404	-196.93107294118346	0.21612814336822547	-0.006104327365422337	0.059441306797512986	-0.006104327365422337	0.019041186499749004	-0.0034185117855574073	0.059441306797512986	-0.0034185117855574073	0.030800292954670492
7350000	-193.2482919214676	3.6028223707747427	-196.85111429224233	0.22578794544342734	0.017832155123444705	0.08717168985034097	0.017832155123444705	0.018725275919220227	0.005597414814525529	0.08717168985034097	0.005597414814525529	0.0497645158809594
7360000	-173.34735921829147	2.6594674317244182	-176.00682665001588	0.5682591111120442	-0.014350718116652816	0.07791214565087543	-0.014350718116652816	0.01705065992389706	-0.007671436484200175	0.07791214565087543	-0.007671436484200175	0.03220800400034317
7370000	-160.2137162188113	3.134753219644906	-163.3484694384562	0.5529643458120347	0.026797392286317834	0.03330761056111581	0.026797392286317834	0.017661744874038814	-0.0031145217315492087	0.03330761056111581	-0.0031145217315492087	0.019283378413948758
7380000	-170.0066417879609	4.211806184899198	-174.21844797286008	0.3561680382208979	0.004312763947796555	0.058003603032663595	0.004312763947796555	0.015223065117050384	-0.004130938840464208	0.058003603032663595	-0.004130938840464208	0.027575901835580355
7390000	-158.0734419906389	2.942306513767008	-161.0157485044059	0.6415117532900251	0.014128046395166596	0.07044795603311964	0.014128046395166596	0.012536324048642312	6.005976095378699E-4	0.07044795603311964	6.005976095378699E-4	0.02282504879652519
7400000	-191.5383058326296	4.217780914930238	-195.75608674755983	0.212458794464942	-0.01945463416916639	0.04939263962631572	-0.01945463416916639	0.013515757944967979	-0.006440217630830929	0.04939263962631572	-0.006440217630830929	0.02297082722946128
7410000	-206.5557092888205	-0.2175332381447559	-206.33817605067574	0.1567674825148822	0.021607167573312647	0.04262852929215287	0.021607167573312647	0.019555936845779633	0.0029042190129326853	0.04262852929215287	0.0029042190129326853	0.03404717932394778
7420000	-186.27476390902308	3.5622937227183344	-189.8370576317414	0.40431007465547564	0.015402974139378982	0.11152898515455438	0.015402974139378982	0.020393932514482096	0.0031599576095599612	0.11152898515455438	0.0031599576095599612	0.049775396971582016
7430000	-188.51784507287385	4.461230987248142	-192.979076060122	0.22261811924077704	0.009063796354269064	0.04708176942713908	0.009063796354269064	0.014407494448125465	0.001607156118919924	0.04708176942713908	0.001607156118919924	0.03208477962865218
7440000	-174.56673187685746	4.083853416499421	-178.65058529335687	0.3996301921088331	0.010797258083544559	0.0654825622710664	0.010797258083544559	0.01672530094968085	-0.004019915938427277	0.0654825622710664	-0.004019915938427277	0.031785234466644226
7450000	-188.4446963635688	3.1474981295991435	-191.59219449316794	0.4302834066803164	-0.018761291887219405	0.05995417841453981	-0.018761291887219405	0.020310064884902553	-0.005071665226527253	0.05995417841453981	-0.005071665226527253	0.023798601636425547
7460000	-182.4774235927955	4.493633751540573	-186.9710573443361	0.24790706660458894	0.012386755510425635	0.0637670408143002	0.012386755510425635	0.019951758664124408	0.0012752722968374778	0.0637670408143002	0.0012752722968374778	0.03363946829338754
7470000	-207.26539402253806	3.6232403380514473	-210.88863436058952	0.10458219750948597	0.011795294670491095	0.04637365421389984	0.011795294670491095	0.018855492687633726	0.0037196355783959962	0.04637365421389984	0.0037196355783959962	0.034120709200352595
7480000	-200.51021182875405	4.868852042319776	-205.37906387107384	0.13512201919553946	-0.016335423860740682	0.03239688440927861	-0.016335423860740682	0.021136082071352154	-0.0015624294907142858	0.03239688440927861	-0.0015624294907142858	0.02440045011626636
7490000	-204.22876280750557	4.697280195152439	-208.92604300265802	0.13857658010556792	0.005080251248205266	0.0416982164027648	0.005080251248205266	0.021103268638189357	9.9384370377649E-4	0.0416982164027648	9.9384370377649E-4	0.032763003876153204
7500000	-204.58278793973992	4.357696191945003	-208.9404841316849	0.1405234881224486	0.010585523057877098	0.016879386673133556	0.010585523057877098	0.01859028139739668	-0.002905919691054121	0.016879386673133556	-0.002905919691054121	0.017772655765162612
7510000	-193.7562448065121	4.323910139190865	-198.08015494570296	0.21839136707802698	0.010549308512483379	0.030934621967191104	0.010549308512483379	0.01440072715780474	7.075802072417814E-4	0.030934621967191104	7.075802072417814E-4	0.017452038308126874
7520000	-170.13905232099913	2.0869728026220984	-172.2260251236212	0.4623141338314202	0.038123762294659996	0.08373753082691654	0.038123762294659996	0.016612993282671025	0.005246244949935787	0.08373753082691654	0.005246244949935787	0.026136730138425213
7530000	-169.80365496954096	1.561803129304077	-171.36545809884504	0.5814231676081161	0.030344363755069673	0.09598414916300367	0.030344363755069673	0.017286227449434626	0.004291298620831796	0.09598414916300367	0.004291298620831796	0.02797665411894284
7540000	-167.77452663601434	2.47847220135946	-170.2529988373738	0.6050199945647975	0.05099425700828532	0.10199503631718017	0.05099425700828532	0.024865289525184173	0.007312649182390836	0.10199503631718017	0.007312649182390836	0.0309141195271285
7550000	-173.20329435043436	2.5402186905538	-175.74351304098815	0.4532835024151024	-0.006949550932423231	0.06572855688788345	-0.006949550932423231	0.018751688913749977	-5.350217763160417E-4	0.06572855688788345	-5.350217763160417E-4	0.0284896831038387
7560000	-156.86953841577522	2.7851117361869924	-159.65465015196222	0.5971031343537876	0.022638918218937935	0.08122933294644198	0.022638918218937935	0.019775462143861472	0.0040838727384444025	0.08122933294644198	0.0040838727384444025	0.02578218292867223
7570000	-160.11815122724036	1.1240575734681206	-161.24220880070848	0.7837994195547217	0.011534164234090842	0.07422165481750395	0.011534164234090842	0.011552666429468806	-0.002362272047964672	0.07422165481750395	-0.002362272047964672	0.022943503239295483
7580000	-175.99413352251244	2.110370237836576	-178.10450376034902	0.3571367404457301	0.04070679111141092	0.06552265196828716	0.04070679111141092	0.02767379978743655	0.00645481901772371	0.06552265196828716	0.00645481901772371	0.02858273118819975
7590000	-182.54719874659696	0.23817996694018007	-182.78537871353714	0.326395601816252	0.017357522843749106	0.06181049545520438	0.017357522843749106	0.017872421957708804	0.006085865240925543	0.06181049545520438	0.006085865240925543	0.030580055143675993
7600000	-179.42406259088554	4.113825174403156	-183.5378877652887	0.3273270863350135	0.01787232639853649	0.05557914281536049	0.01787232639853649	0.02399735669662961	-0.0014970594369078175	0.05557914281536049	-0.0014970594369078175	0.028226686952615956
7610000	-200.58175233955228	4.019839784958578	-204.60159212451086	0.18942671840790654	0.009243604161293141	0.05317860230349422	0.009243604161293141	0.024644900345149684	-0.0011333181650578323	0.05317860230349422	-0.0011333181650578323	0.032375495654932036
7620000	-167.7843156992122	3.1119558076374103	-170.8962715068496	0.5157604725479276	-0.013428714423729228	0.05658900545165953	-0.013428714423729228	0.02474127408931543	-0.0042954646038214925	0.05658900545165953	-0.0042954646038214925	0.021002455348696297
7630000	-180.05786584934543	2.4971781091056173	-182.55504395845105	0.3716801983220052	0.018482501093850134	0.10828033141197889	0.018482501093850134	0.019276067153970223	0.0034564331249793646	0.10828033141197889	0.0034564331249793646	0.049219814475323004
7640000	-192.82965356976862	2.869745212707158	-195.69939878247578	0.22313890292320948	0.013264628191916447	0.02422315656799603	0.013264628191916447	0.019257147889648614	0.0017826181612776103	0.02422315656799603	0.0017826181612776103	0.018333072141358073
7650000	-215.28105140499727	4.72100941255072	-220.002060817548	0.21515340385945825	-0.02099787804616802	0.05949751588587223	-0.02099787804616802	0.021818957295409135	-0.0029310849428510304	0.05949751588587223	-0.0029310849428510304	0.03803808430208254
7660000	-180.1092864127598	3.995827934737446	-184.10511434749722	0.3453299327227779	0.003581830755869998	0.07274810976062367	0.003581830755869998	0.01838538795612268	5.845522772091914E-4	0.07274810976062367	5.845522772091914E-4	0.03143579614654521
7670000	-164.38546144981458	2.725755579923227	-167.11121702973782	0.6101224295031671	-0.006513788342395685	0.060405376989382566	-0.006513788342395685	0.02043976503160837	-0.00348360112095533	0.060405376989382566	-0.00348360112095533	0.02192763403716101
7680000	-152.41360423251868	1.5708885372953132	-153.98449276981398	0.9328552730866657	-0.012895279326763459	0.11616928628980316	-0.012895279326763459	0.012743737729218968	-4.965148188928582E-4	0.11616928628980316	-4.965148188928582E-4	0.035714820731312276
7690000	-186.5842535304489	3.890361841904023	-190.47461537235293	0.22379539278714145	0.029985485150000765	0.052064495628316776	0.029985485150000765	0.016582818233651403	0.007932472621291932	0.052064495628316776	0.007932472621291932	0.02791443087758412
7700000	-171.49882184468834	3.2461480198851156	-174.74496986457345	0.4541195545340206	0.012430797583571022	0.10483847236583882	0.012430797583571022	0.015556126910294062	0.002224641861226096	0.10483847236583882	0.002224641861226096	0.040916128953278466
7710000	-190.26910516818927	3.153260368898118	-193.4223655370874	0.1946300345416622	0.002785210065565052	0.05135918024928127	0.002785210065565052	0.015130130273350422	-0.002898797815925364	0.05135918024928127	-0.002898797815925364	0.026882684491878455
7720000	-178.91813736606449	2.647297070195202	-181.5654344362597	0.4471438490239796	0.04449574181979162	0.07790213909725352	0.04449574181979162	0.01805657877396491	0.003828190513714906	0.07790213909725352	0.003828190513714906	0.034578809804201915
7730000	-169.53315103416554	3.1826951542086572	-172.7158461883742	0.4234882754194083	0.018544613037815016	0.032031382131463323	0.018544613037815016	0.020528448391071347	-0.0029510003745311757	0.032031382131463323	-0.0029510003745311757	0.01971186911760992
7740000	-168.91035660573147	3.673624404198347	-172.5839810099298	0.3722163241412416	0.003763482012296942	0.039630546740629026	0.003763482012296942	0.018782866876947638	0.002293822805624852	0.039630546740629026	0.002293822805624852	0.01799706772047762
7750000	-159.96207388652704	2.8608684273743568	-162.8229423139014	0.5173875187213937	0.03055719482777912	0.072112448148309	0.03055719482777912	0.01771346363797606	0.0037686475538791695	0.072112448148309	0.0037686475538791695	0.030413121378211068
7760000	-167.86796976063926	3.018557868380417	-170.88652762901967	0.41142165876859166	-0.0052241469351723	0.07103760571253916	-0.0052241469351723	0.01472045453919191	-0.00487875459856978	0.07103760571253916	-0.00487875459856978	0.02916233006937647
7770000	-183.13591055563384	2.1069737557619352	-185.24288431139578	0.3334782593879426	0.038413134797070383	0.083203877160975	0.038413134797070383	0.025791916602573257	0.0034647233692518776	0.083203877160975	0.0034647233692518776	0.042361422813163505
7780000	-210.9274941049544	3.2594977762083728	-214.18699188116278	0.09958066503783225	-5.428833867545162E-5	0.037353275117134745	-5.428833867545162E-5	0.013609365438637932	-4.87589594905522E-4	0.037353275117134745	-4.87589594905522E-4	0.029484076063628715
7790000	-215.2222964163602	3.9228463725630123	-219.1451427889232	0.09924181290830807	-0.002016187898519881	0.03655208692596881	-0.002016187898519881	0.018633443202110196	-0.004312482164828239	0.03655208692596881	-0.004312482164828239	0.033288568337279466
7800000	-161.94873454033254	3.3637176342835198	-165.31245217461606	0.5658371080543863	-0.024128299283921857	0.0852528038491892	-0.024128299283921857	0.019739360089644113	-0.004315264749793562	0.0852528038491892	-0.004315264749793562	0.031771285887717986
7810000	-174.68104215817604	3.0499511338610854	-177.7309932920371	0.3240207387590367	0.0047915012036419975	0.04434248956691081	0.0047915012036419975	0.013516597326900208	-0.0027707536039756034	0.04434248956691081	-0.0027707536039756034	0.02594021804084138
7820000	-177.48580617555277	4.633195007414406	-182.11900118296717	0.22776525823845803	0.009054488744444748	0.04352075433157084	0.009054488744444748	0.01741220003467954	0.001400154287506307	0.04352075433157084	0.001400154287506307	0.022717549888691405
7830000	-242.08124270844084	4.511955076295404	-246.59319778473625	0.03185211996772774	0.004877653960299474	0.016964495371161896	0.004877653960299474	0.021788388405417868	-3.7125725530603223E-4	0.016964495371161896	-3.7125725530603223E-4	0.0269713473391182
7840000	-229.62460417182618	4.3058024713953795	-233.93040664322154	0.06520807588353812	0.018741156705306718	0.029510363332525404	0.018741156705306718	0.02760325847847774	0.006994239410604036	0.029510363332525404	0.006994239410604036	0.032542942898131255
7850000	-229.97607683954757	3.8893656482889396	-233.8654424878365	0.05649744453458415	-0.003299337081535148	0.014422351575744171	-0.003299337081535148	0.025143512258281542	-0.013425404257444973	0.014422351575744171	-0.013425404257444973	0.03404360160913672
7860000	-180.97285307008016	3.5802774968692272	-184.5531305669494	0.3775642499365469	0.013291758307856543	0.027434667398627606	0.013291758307856543	0.013528560638554095	2.816294801989068E-4	0.027434667398627606	2.816294801989068E-4	0.01945159614215211
7870000	-199.37454406749336	3.079418115726492	-202.45396218321986	0.16282807795755475	0.005814180980767737	0.06734715068306857	0.005814180980767737	0.016784391520468355	-0.0011174656921085595	0.06734715068306857	-0.0011174656921085595	0.050493161372625564
7880000	-204.18907463149762	3.96329231663325	-208.15236694813086	0.16840857291245184	-0.014817510515449725	0.03855932731135718	-0.014817510515449725	0.01770670578675433	-0.006748285656937672	0.03855932731135718	-0.006748285656937672	0.02695303062865948
7890000	-196.8717783704813	4.4919919931658345	-201.36377036364715	0.16274512677809888	-0.005707421688928633	0.04557284252261536	-0.005707421688928633	0.013038646058496871	-0.0026354084035199775	0.04557284252261536	-0.0026354084035199775	0.028726003114975043
7900000	-137.50477368059398	-3.970048390041504	-133.53472529055247	1.8867919166941522	-1.5066275670895198E-4	0.20330514617753065	-1.5066275670895198E-4	0.01655191354299266	1.1749461702798618E-4	0.20330514617753065	1.1749461702798618E-4	0.03846576707747823
7910000	-158.1183128798984	0.09008399959847635	-158.2083968794969	0.9035199209653515	0.004216678294262695	0.09678001230695321	0.004216678294262695	0.012840232323309456	-7.617111106144731E-4	0.09678001230695321	-7.617111106144731E-4	0.02859486782479092
7920000	-144.89311199182953	0.5194283367211127	-145.41254032855065	1.193613309137775	0.022438137941384145	0.11992470917090893	0.022438137941384145	0.016942590907904433	-0.005607694805815121	0.11992470917090893	-0.005607694805815121	0.034109323721970064
7930000	-139.85862010303308	-2.850877000294013	-137.00774310273906	1.6067731556192915	0.06436995715494839	0.18702727558557367	0.06436995715494839	0.02239021171645337	0.005304980199468709	0.18702727558557367	0.005304980199468709	0.035623318466265055
7940000	-179.97227195919675	3.283062526168662	-183.2553344853654	0.3855582029722013	0.009671493562498	0.0622290181620043	0.009671493562498	0.01497581338917722	0.0017170761622120672	0.0622290181620043	0.0017170761622120672	0.02861264150987981
7950000	-160.80580775883328	2.613052660324013	-163.41886041915728	0.5998661047772349	0.026420238155195532	0.09762400444579471	0.026420238155195532	0.0191501414693748	0.004006349429736877	0.09762400444579471	0.004006349429736877	0.031416594577357695
7960000	-188.9258420289946	3.024948082154018	-191.95079011114862	0.22604160852839023	0.00537936705994744	0.04872822780225089	0.00537936705994744	0.015872569347565424	-0.0036411780983772618	0.04872822780225089	-0.0036411780983772618	0.032283796337203186
7970000	-158.81349727769845	2.350878759398959	-161.1643760370974	0.7080908790030431	-0.011737644174793982	0.07178393424121576	-0.011737644174793982	0.01941817428502655	-0.0038445651992466386	0.07178393424121576	-0.0038445651992466386	0.021534349102997962
7980000	-185.25389625203582	4.160215982707601	-189.4141122347434	0.30336322320486814	0.001097376152308181	0.04879492523738435	0.001097376152308181	0.018336977323669124	-0.002451423285151185	0.04879492523738435	-0.002451423285151185	0.02185292910809957
7990000	-193.39211257242624	2.190502733617635	-195.5826153060439	0.18398329859349027	0.010883702582055198	0.03435406686523082	0.010883702582055198	0.017190712915545466	0.0011644999616087174	0.03435406686523082	0.0011644999616087174	0.022128905530573374
8000000	-194.70244040016541	2.543678359928995	-197.24611876009442	0.22087758464659357	0.015479571175956535	0.04828497330343793	0.015479571175956535	0.016653208909148568	-9.241999937947528E-4	0.04828497330343793	-9.241999937947528E-4	0.030905840120181667
8010000	-167.56753628764415	2.643750537947034	-170.21128682559117	0.6015885723282511	0.053933572145453336	0.015860844541830742	0.053933572145453336	0.031112758792930118	-0.003255841474055848	0.015860844541830742	-0.003255841474055848	0.015881631550003487
8020000	-152.80513156238524	1.8474863974051294	-154.65261795979038	0.827401443322323	-0.013682959821421734	0.09839776338424444	-0.013682959821421734	0.01959924381418605	-3.11735688593817E-4	0.09839776338424444	-3.11735688593817E-4	0.028561920314645946
8030000	-170.6646417934238	2.6018942263813045	-173.2665360198051	0.5502141117340273	0.003570136589721068	0.11610103596784273	0.003570136589721068	0.016319004032409126	-0.0013203197222398763	0.11610103596784273	-0.0013203197222398763	0.03850759895023105
8040000	-165.56451520174718	1.8071473750252234	-167.3716625767724	0.4227754567266737	0.015105921775711142	0.03415417371472005	0.015105921775711142	0.02005723621710221	-0.002552772944429285	0.03415417371472005	-0.002552772944429285	0.023856689475732384
8050000	-166.51010652736215	-0.5145774730490373	-165.99552905431312	0.6718568862275583	0.020047559985908285	0.12579296916665497	0.020047559985908285	0.01590136688026785	0.0017394416535559997	0.12579296916665497	0.0017394416535559997	0.04104722564333475
8060000	-146.13432966485803	1.9622628242756028	-148.09659248913363	0.8545841927338226	0.006190021822163943	0.08139911673010149	0.006190021822163943	0.01844481595736209	6.957190145998074E-4	0.08139911673010149	6.957190145998074E-4	0.028264478295794856
8070000	-162.307315069595	3.291752178986193	-165.5990672485812	0.49606084447026416	0.019001312689296283	0.04868716500078932	0.019001312689296283	0.014121992552917684	8.870852263311243E-4	0.04868716500078932	8.870852263311243E-4	0.01728088408215772
8080000	-146.83577890612892	1.7402094216856376	-148.57598832781457	0.8789150016923016	-0.02061768295864364	0.09101049429131623	-0.02061768295864364	0.019560580821640704	-0.0023252346185289848	0.09101049429131623	-0.0023252346185289848	0.027989367153890096
8090000	-174.69230652944086	2.5286578945856086	-177.22096442402648	0.4793588568772623	-0.005981538013985023	0.08718335029497114	-0.005981538013985023	0.017954448068502608	-0.0022432775256445705	0.08718335029497114	-0.0022432775256445705	0.03830434315909334
8100000	-168.28777171764926	3.871016062599729	-172.15878778024899	0.4613488502950834	0.026659763166641905	0.06498179985438106	0.026659763166641905	0.022802081760184726	0.003647506806197353	0.06498179985438106	0.003647506806197353	0.02764899696447335
8110000	-180.44956882253211	4.334292004586513	-184.78386082711862	0.29349035107384197	-0.006788545672091634	0.07355167374203421	-0.006788545672091634	0.013969555490230089	-0.00138997747331083	0.07355167374203421	-0.00138997747331083	0.04001727512256155
8120000	-174.9379116752775	3.431640495850875	-178.36955217112836	0.540886449712837	0.03724995999832014	0.07594409769963865	0.03724995999832014	0.018397857857594575	0.002167432500535867	0.07594409769963865	0.002167432500535867	0.02790560958310386
8130000	-173.60405870731546	3.6056913538890085	-177.20975006120446	0.4081561590144124	0.028999275600594662	0.06284460090987193	0.028999275600594662	0.018201860264521953	0.005725757442224451	0.06284460090987193	0.005725757442224451	0.02722998648222638
8140000	-222.19387838125394	3.983267399474402	-226.17714578072835	0.07965334311621498	-0.007069700212477257	0.025415581750797056	-0.007069700212477257	0.017836726232041335	-0.002446672197561461	0.025415581750797056	-0.002446672197561461	0.016876264005154788
8150000	-169.50666557856363	3.5253811902670527	-173.03204676883067	0.47156947434648533	0.022198073672926432	0.09704528615795559	0.022198073672926432	0.014760642758608427	0.0018568961315815666	0.09704528615795559	0.0018568961315815666	0.03388809007653003
8160000	-191.99555722903446	2.6760524658616083	-194.67160969489606	0.22453879381911418	-0.00740643122705999	0.05227456399536052	-0.00740643122705999	0.018804452232487775	-0.0030628120613545038	0.05227456399536052	-0.0030628120613545038	0.03204070821786091
8170000	-188.85098247665533	4.3183802216199165	-193.16936269827525	0.21981546557621387	-0.003927461474773416	0.04337427611709729	-0.003927461474773416	0.01769368506935897	-0.007432888504566409	0.04337427611709729	-0.007432888504566409	0.024811267646054645
8180000	-166.26710117826212	1.426587970413694	-167.69368914867582	0.4932829681205632	0.006922209329705748	0.03532563883580413	0.006922209329705748	0.02327465614113793	-0.003170616697475092	0.03532563883580413	-0.003170616697475092	0.025024566353724104
8190000	-208.90795263495872	4.109634937897677	-213.0175875728564	0.11284065692857091	0.014998148945114743	0.03327035325151924	0.014998148945114743	0.016353646234731862	0.0023052799116632006	0.03327035325151924	0.0023052799116632006	0.027662417853784673
8200000	-157.79480999341249	1.8164307530606045	-159.6112407464731	0.8616900207564466	0.00797926909728236	0.05685572933610376	0.00797926909728236	0.02014313606114089	-0.001951954042828103	0.05685572933610376	-0.001951954042828103	0.022487667094273394
8210000	-184.02831131260533	3.9966985385533844	-188.0250098511587	0.341515259800735	-0.0013920621746302167	0.0786905195449176	-0.0013920621746302167	0.019440409833137346	-0.0027632104647300976	0.0786905195449176	-0.0027632104647300976	0.03620865056728177
8220000	-155.53624130802461	-5.1198968199717445	-150.41634448805286	1.0021268025159105	0.006813965104980077	0.10270304719132088	0.006813965104980077	0.017880770136167488	-0.004359966531503592	0.10270304719132088	-0.004359966531503592	0.02630201573047826
8230000	-171.3806309526496	3.865379416566387	-175.24601036921598	0.40646777962249936	0.02453908391213837	0.08569225848879443	0.02453908391213837	0.022947427197949597	0.0019044466547873517	0.08569225848879443	0.0019044466547873517	0.037845521207076946
8240000	-178.01687166484038	0.34239461601933385	-178.3592662808597	0.8007610623614956	-0.03274396048804892	0.09996745649425769	-0.03274396048804892	0.015138305657016753	-0.007826671837785171	0.09996745649425769	-0.007826671837785171	0.03001010481093103
8250000	-219.94420888556118	4.955316493052089	-224.89952537861328	0.06275015326187704	-1.6389604714426467E-4	0.027366242413513944	-1.6389604714426467E-4	0.019839592356717423	-4.2711653294615765E-4	0.027366242413513944	-4.2711653294615765E-4	0.03282601470766012
8260000	-165.15016494430256	3.5142541460052774	-168.66441909030783	0.5214711331386105	0.03874583855655902	0.05357528225618645	0.03874583855655902	0.02792707734462904	-0.0019189609930067063	0.05357528225618645	-0.0019189609930067063	0.029614118018387793
8270000	-179.81436755414825	1.549068939434831	-181.36343649358307	0.3886274493517003	0.014056648220175126	0.05180248298152458	0.014056648220175126	0.018829446802577206	-0.00493895085397149	0.05180248298152458	-0.00493895085397149	0.026761711080224466
8280000	-161.45671709130846	3.277530404734817	-164.73424749604328	0.5771264234395825	-0.019925003388880553	0.09350536251648302	-0.019925003388880553	0.019266774009374772	-0.006020459761455014	0.09350536251648302	-0.006020459761455014	0.034110846396949265
8290000	-161.67406913945655	2.2684566566039672	-163.94252579606052	0.6626849408379412	0.06556341056065353	0.07860964734996391	0.06556341056065353	0.02292582168145004	0.007859210256660268	0.07860964734996391	0.007859210256660268	0.032110192080482075
8300000	-178.0598117514118	4.384091744424939	-182.44390349583674	0.3013819207260518	0.005538460132331761	0.056522986439122326	0.005538460132331761	0.02156314218684128	6.953919461836816E-4	0.056522986439122326	6.953919461836816E-4	0.029082033358243733
8310000	-202.11512226792257	4.46445102484318	-206.57957329276576	0.12157326656397774	-0.0022686916493014674	0.026612631605805737	-0.0022686916493014674	0.013200382947054244	-0.0032944171497003936	0.026612631605805737	-0.0032944171497003936	0.02556979169288049
8320000	-211.11192696107764	4.389873313334988	-215.50180027441263	0.11172091400454556	0.0031282173675883087	0.030295906571826233	0.0031282173675883087	0.01393324062972187	0.005438806364161033	0.030295906571826233	0.005438806364161033	0.023553289131461312
8330000	-216.1106753917849	3.731279398535041	-219.84195479031993	0.09227164356323175	0.005830079993433884	0.042922976472083166	0.005830079993433884	0.020545185856323093	-2.173435482937169E-4	0.042922976472083166	-2.173435482937169E-4	0.040011125617865406
8340000	-159.86107740881826	1.5664365354698213	-161.42751394428808	0.8007537448347338	-0.03585160950684252	0.057989700757752026	-0.03585160950684252	0.01767731970790172	-0.003481102762152342	0.057989700757752026	-0.003481102762152342	0.02115168635179668
8350000	-153.79382166327474	1.3648099241262903	-155.15863158740103	1.0244696724709121	0.011574436715714584	0.08630458768119752	0.011574436715714584	0.01740839169553083	-0.00473211866003061	0.08630458768119752	-0.00473211866003061	0.02718681331102069
8360000	-171.52194836529486	3.8382938877551758	-175.36024225305005	0.38606860426719714	0.01377585282528409	0.03992235617101346	0.01377585282528409	0.015088538431755153	0.001079689586631046	0.03992235617101346	0.001079689586631046	0.018418115249757804
8370000	-149.8444338059233	0.9329657082090775	-150.77739951413238	1.0270959211544997	0.053570478036058314	0.09090846381790335	0.053570478036058314	0.021765308989845588	0.003573697203580249	0.09090846381790335	0.003573697203580249	0.024651104651963806
8380000	-164.41635585415287	1.2525892001316028	-165.66894505428448	0.6513666982596428	0.05944405880077962	0.06682366190188206	0.05944405880077962	0.022355797477379938	0.0015697490729020677	0.06682366190188206	0.0015697490729020677	0.020172410920900385
8390000	-141.40934203702935	-2.9822830895828774	-138.42705894744648	1.7343804507064855	-0.01922762859341127	0.0889922074158123	-0.01922762859341127	0.016512349874828622	-0.001433621981948094	0.0889922074158123	-0.001433621981948094	0.025323301417657946
8400000	-155.3204252068461	-0.9281063877448936	-154.3923188191012	0.794250345522937	0.03437932888968611	0.06720546229807776	0.03437932888968611	0.017891999535755702	0.0026542707008112244	0.06720546229807776	0.0026542707008112244	0.021971278710754584
8410000	-159.8036425584493	0.2049139644939384	-160.00855652294322	0.6314130553216705	-0.0146536917886077	0.06744364510036431	-0.0146536917886077	0.01928949465306861	-0.006305914568159305	0.06744364510036431	-0.006305914568159305	0.02355348372070644
8420000	-154.66917598062741	1.326370057136936	-155.99554603776434	0.814700209341205	0.01342480395710689	0.09550870794483227	0.01342480395710689	0.024281225011411636	0.0026015026393753802	0.09550870794483227	0.0026015026393753802	0.03606676472352482
8430000	-167.05362567165523	2.6975422248771457	-169.75116789653237	0.44094336416507574	0.0058358968723389495	0.06633615603075381	0.0058358968723389495	0.01591913861485885	-0.0011444248297494233	0.06633615603075381	-0.0011444248297494233	0.026309641521886414
8440000	-167.34154077583779	3.876313652922412	-171.2178544287602	0.4527006562189378	-0.015434879535688468	0.05071015273735035	-0.015434879535688468	0.015232359002480975	-0.002113071199676408	0.05071015273735035	-0.002113071199676408	0.028556233431175537
8450000	-173.53326997167227	-0.28211954599087896	-173.2511504256814	0.363353996384468	0.022882565496222158	0.06575096793719258	0.022882565496222158	0.01997273103240381	0.00342897328058221	0.06575096793719258	0.00342897328058221	0.033580091810195965
8460000	-175.00046642696694	3.934497419990241	-178.93496384695717	0.3374843647860253	0.009871709053304627	0.065424645935656	0.009871709053304627	0.01355046676912672	4.857372588652491E-4	0.065424645935656	4.857372588652491E-4	0.026897686247644954
8470000	-183.7057433452069	2.80121221632978	-186.5069555615367	0.3986286521175304	0.027664525441397348	0.09682970739697273	0.027664525441397348	0.015502879700880259	0.0033073927192648297	0.09682970739697273	0.0033073927192648297	0.04286532688493201
8480000	-188.30200152435907	0.9570511492678646	-189.25905267362694	0.2696433957973928	0.016185381827575507	0.05505626388961553	0.016185381827575507	0.01616474290783607	0.006323720955538166	0.05505626388961553	0.006323720955538166	0.03197220052660053
8490000	-163.4975021936297	3.7466207510406795	-167.24412294467038	0.43673090041192686	0.0030612692057581173	0.09039134432237782	0.0030612692057581173	0.020256196974106234	-0.003974854945943133	0.09039134432237782	-0.003974854945943133	0.035341477231806084
8500000	-170.07606019692113	2.671189826892425	-172.74725002381356	0.6195284822304193	0.014601499711729946	0.09896432583146518	0.014601499711729946	0.02121546002882969	-0.004302393193163225	0.09896432583146518	-0.004302393193163225	0.030598234091957097
8510000	-192.86743263547083	4.660658842747963	-197.52809147821878	0.23889652954011967	0.007603907934754338	0.04209902651145558	0.007603907934754338	0.01840780272495676	0.0021072848472356584	0.04209902651145558	0.0021072848472356584	0.026186609678114238
8520000	-213.79600195577476	4.376874053792525	-218.1728760095673	0.09301216914382635	0.00277891445978799	0.0286791663730233	0.00277891445978799	0.01190986927030749	-1.5403258330274835E-4	0.0286791663730233	-1.5403258330274835E-4	0.025650296749694476
8530000	-198.58769647291587	4.387246791371877	-202.97494326428773	0.1587957076809169	0.02316084965329983	0.03939875734548915	0.02316084965329983	0.020662428105793267	0.00474152815862537	0.03939875734548915	0.00474152815862537	0.023802568029488012
8540000	-140.97317753963617	0.5967930869141179	-141.5699706265503	1.1383142070036494	0.03988640585031371	0.11897029983800715	0.03988640585031371	0.0170150474228839	0.0038085166917615847	0.11897029983800715	0.0038085166917615847	0.026344661790294217
8550000	-199.24330470389287	4.2926048663581495	-203.53590957025102	0.11973919618005052	0.017485569814282797	0.036583861894766215	0.017485569814282797	0.01845223656766315	0.0024859244314281415	0.036583861894766215	0.0024859244314281415	0.027053282873343187
8560000	-178.44746438724206	3.732821192627409	-182.18028557986946	0.3099046541897575	-4.634825780464949E-4	0.04191513188445727	-4.634825780464949E-4	0.018408191240766595	-0.002231572597109986	0.04191513188445727	-0.002231572597109986	0.028072438637987335
8570000	-155.76739182632974	1.3804047638037624	-157.1477965901335	1.0327694525629028	-0.01023215706965509	0.07557578001957353	-0.01023215706965509	0.01425054729050916	-2.490958043204005E-4	0.07557578001957353	-2.490958043204005E-4	0.02242963898719629
8580000	-179.66341807571928	3.837961270443748	-183.50137934616302	0.30544934278967223	0.020202301154424826	0.07286876659763727	0.020202301154424826	0.017337755656862585	0.004349454377489017	0.07286876659763727	0.004349454377489017	0.03470016670633115
8590000	-149.83682870459612	1.6011581835337774	-151.4379868881299	0.9083095971647217	0.012365973864549618	0.04537128606161552	0.012365973864549618	0.014002513360239398	0.0012210600094661721	0.04537128606161552	0.0012210600094661721	0.014458534565847779
8600000	-159.45251010794692	2.4863045629028946	-161.9388146708498	0.7793017331714642	0.012536554345682417	0.07947990730337179	0.012536554345682417	0.01756905260728936	8.855047976466936E-5	0.07947990730337179	8.855047976466936E-5	0.02643106029641319
8610000	-168.76640951757798	0.41257623068177507	-169.17898574825975	0.710572092240105	0.022699398134121206	0.1272913851464151	0.022699398134121206	0.019678472455610142	3.887789381781348E-4	0.1272913851464151	3.887789381781348E-4	0.03924009148031984
8620000	-180.63629387097197	2.586337146576951	-183.2226310175489	0.34610784172735476	0.012896310069477258	0.06659928984643437	0.012896310069477258	0.015905953881082614	7.991602483649277E-4	0.06659928984643437	7.991602483649277E-4	0.025637036107402353
8630000	-184.30488734579052	4.635475873816407	-188.94036321960692	0.227305447881446	2.786389536232604E-4	0.04929912007683498	2.786389536232604E-4	0.017199288545581275	-1.1062947433647228E-4	0.04929912007683498	-1.1062947433647228E-4	0.02656769874461078
8640000	-179.90856207714492	4.168890943635225	-184.07745302078015	0.2879665392510381	-0.007647170444652751	0.03309233388120774	-0.007647170444652751	0.018146947253894142	-0.0052821258883512245	0.03309233388120774	-0.0052821258883512245	0.026169438895574375
8650000	-170.09122815923536	3.4119107535588418	-173.50313891279418	0.46651078555173797	0.01073282984802255	0.044336213092865145	0.01073282984802255	0.022435598375775512	-0.004744352996582947	0.044336213092865145	-0.004744352996582947	0.02281151441837944
8660000	-159.66438467485514	2.3562951059064265	-162.02067978076158	0.7260536879546498	0.013729924129283764	0.07989505538828835	0.013729924129283764	0.017745415090365514	-0.00322465662912951	0.07989505538828835	-0.00322465662912951	0.0240543824468639
8670000	-192.38971328319454	3.896558133011928	-196.28627141620646	0.20589483468737654	-0.014349309153797745	0.053816920258371294	-0.014349309153797745	0.021166087435016103	-0.005725622619782695	0.053816920258371294	-0.005725622619782695	0.03410122905407939
8680000	-164.19958256985575	3.2084105565025816	-167.40799312635832	0.5332339875944989	-0.010899856317949711	0.0939814214054657	-0.010899856317949711	0.019273757792641906	-0.008370769781731239	0.0939814214054657	-0.008370769781731239	0.03745500180551793
8690000	-193.17618113733363	4.256610756420455	-197.43279189375409	0.23515901868844427	0.035145770707563515	0.07326449028311054	0.035145770707563515	0.023952902186292254	0.007513270553523355	0.07326449028311054	0.007513270553523355	0.04199091068156496
8700000	-209.43274267831026	4.643395704964491	-214.07613838327475	0.09971860284900352	0.018911085716700478	0.03885547426326934	0.018911085716700478	0.02639487047136914	0.0030172545226144374	0.03885547426326934	0.0030172545226144374	0.03434342538910595
8710000	-213.84454451400256	2.3311981470489993	-216.17574266105157	0.1146570153951358	-0.0027552493953719014	0.03272417373685557	-0.0027552493953719014	0.01585177348238845	-0.007613078009597988	0.03272417373685557	-0.007613078009597988	0.028100013495626998
8720000	-193.38967047104984	3.262994709200757	-196.6526651802506	0.2941503647068463	0.022773919734914307	0.0875100043538443	0.022773919734914307	0.017504447525102267	0.004256490918630387	0.0875100043538443	0.004256490918630387	0.036975773170006235
8730000	-164.70250971345672	-1.1839126454793316	-163.5185970679774	0.564391001822241	-0.0016861254278043448	0.07758946845463	-0.0016861254278043448	0.024355312671211157	-0.0032213006349395903	0.07758946845463	-0.0032213006349395903	0.02505333976712814
8740000	-187.5606631287525	-1.2575574052013803	-186.30310572355114	0.28312434450929147	-0.010376323886397918	0.029993321108316706	-0.010376323886397918	0.019773824263013322	-0.004605940221981565	0.029993321108316706	-0.004605940221981565	0.0328342999432816
8750000	-194.9368870128558	3.418695481992241	-198.35558249484805	0.22250267898857373	0.015539093270916638	0.06554145649261403	0.015539093270916638	0.013328689834601566	0.0018970078882148992	0.06554145649261403	0.0018970078882148992	0.03884758282613728
8760000	-203.72450122327268	-3.49338121514863	-200.23112000812407	0.16319191559447102	0.018581843262730453	0.050467251763909024	0.018581843262730453	0.018498342874010025	7.596357171493588E-4	0.050467251763909024	7.596357171493588E-4	0.03620214735654311
8770000	-174.09768926534264	4.364400785879497	-178.46209005122213	0.3328029453571404	-0.017043448005398802	0.05311559576553887	-0.017043448005398802	0.018354452096807146	-0.008113781178896383	0.05311559576553887	-0.008113781178896383	0.02911072485449926
8780000	-173.10776666410862	4.467235565944425	-177.57500223005306	0.2927298517643731	0.0014637056293006691	0.04545490118446784	0.0014637056293006691	0.01773407321853808	-0.0026919611136861587	0.04545490118446784	-0.0026919611136861587	0.023912961733004688
8790000	-195.85306305741827	4.714923621015431	-200.5679866784337	0.17299539481892012	0.01726095354976271	0.063329071259152	0.01726095354976271	0.0230765547872991	0.004537276087316707	0.063329071259152	0.004537276087316707	0.044221461913983434
8800000	-175.67572742575655	3.0048397256690316	-178.68056715142558	0.5052298549776202	0.024507906491487513	0.10160209921007668	0.024507906491487513	0.017498745183845543	6.85516531030478E-4	0.10160209921007668	6.85516531030478E-4	0.033188278143680715
8810000	-160.9294712388112	2.3118596247174734	-163.24133086352867	0.8131628594929513	-0.013219172759168684	0.08849840076804251	-0.013219172759168684	0.017890676943641333	-0.0016768531625176136	0.08849840076804251	-0.0016768531625176136	0.02708250239958928
8820000	-176.95868361084453	0.11431038605285382	-177.0729939968974	0.5156571886465262	-0.008994983219124671	0.07967297964382987	-0.008994983219124671	0.017905253035994655	-0.004013665506360394	0.07967297964382987	-0.004013665506360394	0.031360037345614586
8830000	-170.8666103325479	4.011008379035271	-174.87761871158318	0.3864844636841118	-0.022839981273144225	0.022570968348734375	-0.022839981273144225	0.01538393653151444	-0.003044241050880898	0.022570968348734375	-0.003044241050880898	0.01921382669836834
8840000	-151.27068752831465	-0.7795710714459627	-150.4911164568687	1.0408139332225117	-0.02852705595561814	0.09410235726928814	-0.02852705595561814	0.014333557497034393	-0.00662731369697903	0.09410235726928814	-0.00662731369697903	0.02590806164098428
8850000	-186.02722988842643	3.753215792960559	-189.780445681387	0.31681125699292473	-0.004424127870868313	0.06348205787971752	-0.004424127870868313	0.019097951821221183	-0.00161491602986133	0.06348205787971752	-0.00161491602986133	0.02946518031675549
8860000	-179.22821049588578	0.7676893596200105	-179.9958998555058	0.32392969820232687	0.02344114930017867	0.07727773157719511	0.02344114930017867	0.013829023686546748	0.004186385358847698	0.07727773157719511	0.004186385358847698	0.037447435247873063
8870000	-199.86181051670076	3.6489208950330814	-203.51073141173384	0.16325787329753497	0.004312173423268043	0.05594314114593112	0.004312173423268043	0.019898979650669033	-0.0011234557728025502	0.05594314114593112	-0.0011234557728025502	0.03176623980217316
8880000	-186.69542029627917	3.641358159386503	-190.33677845566567	0.2323062613660892	-0.0012349530848981705	0.07974071727381962	-0.0012349530848981705	0.01836157115243726	-0.0035952567466050428	0.07974071727381962	-0.0035952567466050428	0.04168336380150833
8890000	-195.7535864707118	4.411766233856414	-200.16535270456822	0.1543721410705254	-0.010905550579596648	0.038863036300355924	-0.010905550579596648	0.015419200080965704	-0.0025975377392174603	0.038863036300355924	-0.0025975377392174603	0.021969420527246136
8900000	-180.125566267252	3.493123030427767	-183.61868929767977	0.22552517342899137	0.006647222066121392	0.049463511328695114	0.006647222066121392	0.013965404344143164	-9.848076830216736E-4	0.049463511328695114	-9.848076830216736E-4	0.029688002352573895
8910000	-167.43095388193277	3.6906210488447586	-171.1215749307775	0.4751834484735776	-0.03143124609769594	0.050401040404220186	-0.03143124609769594	0.017784361471387403	-0.006920168784017008	0.050401040404220186	-0.006920168784017008	0.02282454730796945
8920000	-175.12009410770202	3.1475406325572655	-178.26763474025927	0.313264741298471	-0.010714873354845446	0.022079513247169887	-0.010714873354845446	0.017345225761401743	-0.003986306100511208	0.022079513247169887	-0.003986306100511208	0.020347029448634132
8930000	-189.75438870979582	3.5954428750855727	-193.3498315848814	0.20389069864941117	0.012072844454697125	0.05399868077836375	0.012072844454697125	0.01830432584298775	0.0012718174471165436	0.05399868077836375	0.0012718174471165436	0.03346424725876329
8940000	-185.18307264845023	3.6877033458891706	-188.8707759943394	0.2178224479372686	0.02705800032311041	0.041971685130040834	0.02705800032311041	0.01791688611786706	0.0013762512526844998	0.041971685130040834	0.0013762512526844998	0.022872694481260218
8950000	-187.8616053718991	1.0101236271722849	-188.87172899907137	0.3944041632867286	0.04305741556738883	0.0849049445227685	0.04305741556738883	0.019672031771624368	0.007286551037859239	0.0849049445227685	0.007286551037859239	0.03424301250692541
8960000	-164.18574821281382	3.6573043690199465	-167.84305258183377	0.5407360252361809	0.009116128061191497	0.08601228257037258	0.009116128061191497	0.0202007655747993	1.0974585894949732E-4	0.08601228257037258	1.0974585894949732E-4	0.03225308401071085
8970000	-165.89907406341777	3.4987649807389043	-169.39783904415668	0.47139847666117374	0.02645638586121858	0.036339542759982885	0.02645638586121858	0.018399807727717817	9.156401325400249E-4	0.036339542759982885	9.156401325400249E-4	0.01886474449046929
8980000	-182.51408311593974	3.817271418595532	-186.33135453453528	0.3201997592607867	0.009037191082261867	0.06159945186765189	0.009037191082261867	0.02141603716392743	-3.5052060261554796E-4	0.06159945186765189	-3.5052060261554796E-4	0.0325006814385379
8990000	-199.19217223656835	2.642904731733418	-201.83507696830176	0.15877398459126904	0.014338706101704426	0.042805592592048365	0.014338706101704426	0.018500114728071584	0.0017271673084310588	0.042805592592048365	0.0017271673084310588	0.030083259208550275
9000000	-165.61325066602691	3.886083514097777	-169.4993341801247	0.4169122236664213	0.020527975192654428	0.07186930464354513	0.020527975192654428	0.01576609749644237	0.0035647335240160858	0.07186930464354513	0.0035647335240160858	0.031490149206575405
9010000	-191.3470327934393	3.6591842857464125	-195.00621707918572	0.1665154189050152	-0.02050426848433514	0.040257469432869425	-0.02050426848433514	0.019671899361877063	-0.005574606511352247	0.040257469432869425	-0.005574606511352247	0.026943418613696694
9020000	-186.78310873673553	4.273598769284551	-191.05670750602008	0.1865833393853758	0.009896000971512981	0.03509501320209653	0.009896000971512981	0.014572901242307253	-0.0014681973163863703	0.03509501320209653	-0.0014681973163863703	0.023297578943325688
9030000	-202.6480425322776	4.470183468461164	-207.11822600073876	0.15507541839152458	0.004449699004348326	0.048926249843830365	0.004449699004348326	0.019003865208328797	-0.002747854917795657	0.048926249843830365	-0.002747854917795657	0.037049656766917585
9040000	-198.50258177019572	4.334751652249211	-202.83733342244494	0.1947291938726205	0.013649426111430175	0.06044761077699523	0.013649426111430175	0.013117226816546047	0.004079800387819295	0.06044761077699523	0.004079800387819295	0.0318461831510953
9050000	-173.23765333722326	4.022786089809982	-177.26043942703325	0.38339814160014174	0.02026176928223279	0.06359964783384679	0.02026176928223279	0.01847506691410746	0.0034355798301152927	0.06359964783384679	0.0034355798301152927	0.028589172993988853
9060000	-164.8293964703324	2.180278794563621	-167.00967526489603	0.4760584411394441	0.027811898752534096	0.07166050613711057	0.027811898752534096	0.017375308293666968	9.148858268320575E-4	0.07166050613711057	9.148858268320575E-4	0.024148735070641338
9070000	-161.1200878320091	-0.1664290034638034	-160.9536588285453	0.5472274257728242	0.020946173928300067	0.07859662607738234	0.020946173928300067	0.019435593104131434	8.352812458413362E-4	0.07859662607738234	8.352812458413362E-4	0.029911798812334002
9080000	-138.21563611877073	-2.265319859241867	-135.95031625952888	1.754739799988422	0.042425677422562584	0.04953980702134865	0.042425677422562584	0.01737144953153024	0.0013683138835912736	0.04953980702134865	0.0013683138835912736	0.018976328715470402
9090000	-205.87121775723168	4.18951613687284	-210.06073389410452	0.09929159997402437	0.009271548280350024	0.024541290356272713	0.009271548280350024	0.02197527661286386	0.0023800875434921544	0.024541290356272713	0.0023800875434921544	0.025313967039084177
9100000	-188.97516742526525	4.476428086061812	-193.45159551132707	0.18192087935462503	0.01017795500233941	0.05293977964682361	0.01017795500233941	0.019522883006373868	-7.723291389209312E-4	0.05293977964682361	-7.723291389209312E-4	0.03713074059209139
9110000	-209.50228658557137	5.0542757664129105	-214.55656235198427	0.11804832976934401	0.007303999013895841	0.03034844708289161	0.007303999013895841	0.02279445734872794	-0.0036701812425800687	0.03034844708289161	-0.0036701812425800687	0.028648087253072198
9120000	-195.09656478657755	4.458788500381379	-199.55535328695893	0.18266976763751439	-0.003926361142501806	0.0371749383003773	-0.003926361142501806	0.020602947976985315	-0.004832187724808924	0.0371749383003773	-0.004832187724808924	0.025413294712954827
9130000	-220.2617549649402	4.528979011519169	-224.79073397645936	0.07517452602203191	0.002948186711428852	0.029966020275929452	0.002948186711428852	0.014783733411093092	-0.0017945290937380664	0.029966020275929452	-0.0017945290937380664	0.02358243897090729
9140000	-229.99482243680487	4.037176310433371	-234.03199874723825	0.05793323671356404	-0.0022081938910908246	0.030743319143838557	-0.0022081938910908246	0.015418919887442753	-4.0572231261673465E-4	0.030743319143838557	-4.0572231261673465E-4	0.0283126426514057
9150000	-173.12532874720935	3.484360281104561	-176.6096890283139	0.3467181771060468	0.026647083216573508	0.07616207734912389	0.026647083216573508	0.02120997197376807	0.0052835054843866375	0.07616207734912389	0.0052835054843866375	0.03385947041355421
9160000	-213.72925741770558	1.2124436525309448	-214.94170107023652	0.10863429755236087	-1.5061799898060787E-4	0.0442247648991621	-1.5061799898060787E-4	0.018807748318686892	-0.0014177747115215126	0.0442247648991621	-0.0014177747115215126	0.035585805534527934
9170000	-159.0189663294942	0.46735148633638934	-159.48631781583057	1.0667030233713355	-1.7499924642981138E-4	0.07233303788737483	-1.7499924642981138E-4	0.020618137134965575	-0.001820952005809178	0.07233303788737483	-0.001820952005809178	0.02006901984953472
9180000	-158.06157356022513	1.6308309187880328	-159.69240447901316	0.604974243149564	-0.005415476607612747	0.07867558562283894	-0.005415476607612747	0.012478585075551118	-0.0012820266332996197	0.07867558562283894	-0.0012820266332996197	0.028583145239901242
9190000	-163.62406162322785	0.9106167126538655	-164.53467833588172	0.8219761677682091	0.0035353496265239375	0.05879290996578151	0.0035353496265239375	0.014258074138976846	0.0033728473957098225	0.05879290996578151	0.0033728473957098225	0.023235054479549357
9200000	-150.37587769925187	-0.1872213031334512	-150.18865639611843	1.2792088158684944	4.533737860481747E-4	0.15259215418306737	4.533737860481747E-4	0.017971453891126383	-0.003323669793518533	0.15259215418306737	-0.003323669793518533	0.034212710570294014
9210000	-170.51284555587398	2.9723855282031395	-173.48523108407713	0.5478295976943546	0.005156379656006742	0.10870695148938131	0.005156379656006742	0.015389302985639394	-0.0017761570453925391	0.10870695148938131	-0.0017761570453925391	0.03674611869307352
9220000	-168.81801537151293	3.1844530711916104	-172.00246844270453	0.5852823706780614	0.011512631910325142	0.1289562660103002	0.011512631910325142	0.018334190499275795	5.693349148464008E-4	0.1289562660103002	5.693349148464008E-4	0.04247355000825244
9230000	-177.53511529597208	3.712544657260747	-181.2476599532328	0.3036575358424462	0.008806123114239341	0.06463067103437335	0.008806123114239341	0.013504394954906159	-4.921019665455866E-4	0.06463067103437335	-4.921019665455866E-4	0.031488867201395376
9240000	-181.1185215626808	2.563182319505656	-183.68170388218644	0.26241192451284195	-0.00457071792074164	0.038306631842805305	-0.00457071792074164	0.015249241661087614	0.0012560970309749824	0.038306631842805305	0.0012560970309749824	0.023577714361946164
9250000	-193.80089933079088	4.112875725878563	-197.91377505666944	0.18832795032719546	0.03640664784032459	0.05243189222592131	0.03640664784032459	0.02165039999437668	0.005567705016517628	0.05243189222592131	0.005567705016517628	0.03183127355382767
9260000	-169.7008258281808	3.829963442274736	-173.53078927045553	0.3088891875299945	0.006584203262968396	0.06981857306506226	0.006584203262968396	0.017793618179860037	-0.0036018990046729556	0.06981857306506226	-0.0036018990046729556	0.030413841881934675
9270000	-194.97028432062348	2.939924047280557	-197.91020836790403	0.37423013806806354	0.011662653091715327	0.09341950392869228	0.011662653091715327	0.020731490383522698	0.006188988154634461	0.09341950392869228	0.006188988154634461	0.04327167467019113
9280000	-211.54268985713964	4.805270940260663	-216.3479607974003	0.0902791070775632	0.01226084285208913	0.029604842905512876	0.01226084285208913	0.01796883959716574	0.002759721523079966	0.029604842905512876	0.002759721523079966	0.025913338320416063
9290000	-180.58534409170966	4.193277498315577	-184.77862159002524	0.29844621258854065	0.0010714171250724618	0.06916437961171042	0.0010714171250724618	0.0179535674547926	-0.0017304838957262706	0.06916437961171042	-0.0017304838957262706	0.0321752813794659
9300000	-163.06422825115342	1.0887582292161189	-164.15298648036955	0.5918788270378944	0.029189686917637674	0.05261690434370942	0.029189686917637674	0.021540068680870692	-5.992040523963523E-4	0.05261690434370942	-5.992040523963523E-4	0.022119160778460434
9310000	-155.41635001436953	1.2822059475335377	-156.69855596190305	0.8547669235766935	0.011127638360388853	0.04118740038842721	0.011127638360388853	0.017383247738759558	-0.0013248794366618258	0.04118740038842721	-0.0013248794366618258	0.018765614642108443
9320000	-180.3814867425515	2.259986666960954	-182.64147340951243	0.4201138712194248	-0.014844602662332276	0.0937708348654652	-0.014844602662332276	0.015981607598446114	-0.006564693968286208	0.0937708348654652	-0.006564693968286208	0.04242706608136365
9330000	-176.85162511161874	2.844488589645927	-179.69611370126466	0.28720782474842543	0.009063160871062976	0.07172450844296886	0.009063160871062976	0.019312347718745796	0.0012707178233490077	0.07172450844296886	0.0012707178233490077	0.02854279838778699
9340000	-167.76084001085	0.2584672272915194	-168.01930723814152	0.5856466765140775	0.01972223254214867	0.06284500515106353	0.01972223254214867	0.023311303232352056	-0.002962278087338751	0.06284500515106353	-0.002962278087338751	0.021117311853413298
9350000	-170.08458485718364	3.1626336513662263	-173.24721850854988	0.39647619166235376	0.03640618029806842	0.06555663313592869	0.03640618029806842	0.02155057363141588	0.009349055105585017	0.06555663313592869	0.009349055105585017	0.02570760297855873
9360000	-160.56954888179678	3.0206786204960094	-163.59022750229278	0.5444402154586587	0.0023983683744615053	0.04384197056678988	0.0023983683744615053	0.01281642527806477	0.0020063133332767474	0.04384197056678988	0.0020063133332767474	0.019909082124137827
9370000	-160.47746954440913	0.541385612941157	-161.0188551573503	0.7804978748937225	1.4895808568461832E-4	0.07381180672993558	1.4895808568461832E-4	0.017913461519655186	-0.0016084431962213634	0.07381180672993558	-0.0016084431962213634	0.025803478786987445
9380000	-148.732906211755	0.9472159512590252	-149.680122163014	0.7574432368942239	0.018926784999558542	0.031970960389422605	0.018926784999558542	0.01988339767738232	-0.002509097025682525	0.031970960389422605	-0.002509097025682525	0.01704195470327657
9390000	-183.17543738430484	2.886067556226436	-186.06150494053128	0.3201332559174499	-0.009837152157867967	0.05730292601811223	-0.009837152157867967	0.020308304916710287	-0.0017544342001579233	0.05730292601811223	-0.0017544342001579233	0.024396863884296526
9400000	-155.18297208362017	0.9218773989540017	-156.10484948257417	0.7353264042783467	0.03770592685761041	0.059741985589494215	0.03770592685761041	0.018785092068999462	0.004342054794375093	0.059741985589494215	0.004342054794375093	0.018106363504900386
9410000	-160.87680500627474	2.247695416555806	-163.12450042283055	0.5676347964345557	0.044415779883714326	0.07004127466696909	0.044415779883714326	0.01974611288086388	0.005798816065604241	0.07004127466696909	0.005798816065604241	0.02885495155571694
9420000	-161.43552231366627	2.6405228592044776	-164.07604517287075	0.605661693311976	-0.0085162118063426	0.05632621017565174	-0.0085162118063426	0.01730359126886787	-0.005872402086665118	0.05632621017565174	-0.005872402086665118	0.024906695804346162
9430000	-144.47308592140317	1.369457290165755	-145.8425432115689	1.033082200252584	-0.017963079857370376	0.08739785419233875	-0.017963079857370376	0.023624566064542947	-0.006558343112939266	0.08739785419233875	-0.006558343112939266	0.02804849499046097
9440000	-157.5031004914834	0.04187235227852737	-157.5449728437619	0.6387947180470398	0.0332401710189749	0.0430855195066686	0.0332401710189749	0.01400672104695756	-0.0024726786160800336	0.0430855195066686	-0.0024726786160800336	0.02458186095066476
9450000	-155.00424965263858	1.8129335338036074	-156.81718318644218	0.8039285413366299	-0.02417721136763919	0.07833685495577268	-0.02417721136763919	0.020160986627623983	-0.002974908157262699	0.07833685495577268	-0.002974908157262699	0.02217810050175632
9460000	-161.52068315469833	1.535047666595362	-163.0557308212937	0.7975987423538	-0.005558351421414658	0.09231283463380283	-0.005558351421414658	0.016017474597451967	-0.003987006835166741	0.09231283463380283	-0.003987006835166741	0.03662665342171665
9470000	-165.20424726729183	3.602420090471049	-168.80666735776288	0.5369581749115839	0.008771754975296782	0.044015018888757806	0.008771754975296782	0.017139650907502253	0.0010911832326711973	0.044015018888757806	0.0010911832326711973	0.020657434452900584
9480000	-201.67489357523849	2.0824310274416646	-203.75732460268014	0.21670930333903649	0.008049349847816186	0.07300499824819712	0.008049349847816186	0.01836769857741096	-0.0015568491385674044	0.07300499824819712	-0.0015568491385674044	0.03911525472925424
9490000	-198.13630579479366	4.555517576284478	-202.69182337107813	0.14521626325784148	-0.010147218499667023	0.030613899517358885	-0.010147218499667023	0.017030120557416453	-0.005052972026549592	0.030613899517358885	-0.005052972026549592	0.021945190213976038
9500000	-220.71969985700878	4.285219556950612	-225.00491941395939	0.06709866328826665	0.002551872290349345	0.02522520408850849	0.002551872290349345	0.01683202063204228	-0.0025432738944744272	0.02522520408850849	-0.0025432738944744272	0.02392801913368732
9510000	-209.63208302605076	4.677700075350315	-214.30978310140108	0.10684491246424307	0.002841533019903664	0.03779861810643298	0.002841533019903664	0.01834220656934293	-0.0011690789952908517	0.03779861810643298	-0.0011690789952908517	0.027521477588037094
9520000	-232.35142673669884	4.397396385461401	-236.74882312216025	0.053494755018987546	0.014486511648426181	0.02238069375122559	0.014486511648426181	0.018930510255028524	0.0027021402396003513	0.02238069375122559	0.0027021402396003513	0.032321361777048946
9530000	-220.31323841137123	3.9895123642265986	-224.30275077559781	0.06910674090751456	0.008561143151062371	0.038762785127384326	0.008561143151062371	0.014720531530629261	0.006519541257088099	0.038762785127384326	0.006519541257088099	0.03968417069232267
9540000	-216.9743786311511	4.45622301042771	-221.43060164157882	0.08561810408322469	0.001460778274406893	0.019598538566567868	0.001460778274406893	0.014715953172033466	-0.0030138811312698487	0.019598538566567868	-0.0030138811312698487	0.02338251049996011
9550000	-210.13899720020385	4.420366002177417	-214.55936320238126	0.11350787320602444	0.015490358601934222	0.02162508796111295	0.015490358601934222	0.021616106338619087	-0.002694354912401083	0.02162508796111295	-0.002694354912401083	0.029199084940445284
9560000	-203.00286801785091	3.397458093562616	-206.40032611141353	0.21912306886953453	0.002894188762109466	0.08178884167891058	0.002894188762109466	0.019926485544928874	-0.0017866824084574592	0.08178884167891058	-0.0017866824084574592	0.04682053758225308
9570000	-185.85254242205787	4.349564429452588	-190.20210685151045	0.20439920753690022	0.009568894826735513	0.01663105026644286	0.009568894826735513	0.014986068266114927	-0.002484719224071971	0.01663105026644286	-0.002484719224071971	0.01914055098238469
9580000	-157.87235401952117	-0.2429910852249284	-157.62936293429624	0.76333837846523	0.014386703865869677	0.08386669215860523	0.014386703865869677	0.018855452420475538	7.302599282529401E-4	0.08386669215860523	7.302599282529401E-4	0.02146471289625181
9590000	-145.10680210010915	-1.1280400467060132	-143.97876205340313	1.3066839584026844	-0.005118666903874796	0.13169120877767773	-0.005118666903874796	0.01317134192029751	-5.501444762534422E-4	0.13169120877767773	-5.501444762534422E-4	0.03329562843413641
9600000	-172.5998718690344	2.92841103167197	-175.52828290070636	0.3538392422192646	0.03541658436952044	0.0798629824875285	0.03541658436952044	0.01917533166541039	0.006470611257798516	0.0798629824875285	0.006470611257798516	0.036546385342956456
9610000	-219.08733236847578	1.5114322899309949	-220.5987646584068	0.08181589416651698	-5.180847631786492E-4	0.021611896056223642	-5.180847631786492E-4	0.020961024796818637	-0.003944791560419257	0.021611896056223642	-0.003944791560419257	0.01881372224898748
9620000	-193.3813349538965	3.7272714571127072	-197.10860641100922	0.28573415935985014	-0.003647750220257744	0.03633314228079101	-0.003647750220257744	0.018835835642756482	-0.003343512878072759	0.03633314228079101	-0.003343512878072759	0.020401563315868978
9630000	-161.03193521779448	2.1594723459407863	-163.19140756373528	0.7911419805497953	0.0020892106394596387	0.08145960552539876	0.0020892106394596387	0.016964702216034258	-0.0010697611747089134	0.08145960552539876	-0.0010697611747089134	0.02188524636472391
9640000	-153.2596097406236	2.7942105150474426	-156.05382025567104	0.7229499421432592	-0.033237564046942634	0.0512044946002992	-0.033237564046942634	0.018751649440432127	-0.007364613295484823	0.0512044946002992	-0.007364613295484823	0.024890228833590308
9650000	-155.99106806074607	1.5217883669645198	-157.5128564277106	0.9292190772458893	-0.015917477320345725	0.14146706855857724	-0.015917477320345725	0.015073998547789987	-0.0035843931590124134	0.14146706855857724	-0.0035843931590124134	0.03964314716296415
9660000	-177.38828314857113	4.084373549679735	-181.47265669825086	0.39894486464194323	0.01374740319883464	0.0641745882368586	0.01374740319883464	0.015437332077502945	0.004600515107566519	0.0641745882368586	0.004600515107566519	0.030527737142450294
9670000	-170.96348170289073	3.443725113438538	-174.40720681632928	0.4762622736193021	-0.013759395827838252	0.08512590547611318	-0.013759395827838252	0.014520666158897853	-0.006322230017546275	0.08512590547611318	-0.006322230017546275	0.029944634196201872
9680000	-195.63848589299872	4.069807665503452	-199.70829355850216	0.2691936504847625	0.002472827538811815	0.03948503325057218	0.002472827538811815	0.01845119469004442	6.991923185786354E-4	0.03948503325057218	6.991923185786354E-4	0.02311564764631438
9690000	-187.92089388076351	3.212569065291708	-191.13346294605523	0.227349941060104	0.017275356317688742	0.043982660606213135	0.017275356317688742	0.01673956300204568	0.004885721293486619	0.043982660606213135	0.004885721293486619	0.024514666043166128
9700000	-173.5535874240939	3.8069856261384007	-177.36057305023232	0.34388734028809576	-0.0077155152024288125	0.05627518237790206	-0.0077155152024288125	0.021746249610444014	-0.005937847039941699	0.05627518237790206	-0.005937847039941699	0.022487671039732912
9710000	-163.15182501848832	2.614072563823121	-165.76589758231145	0.4887932915010938	-0.017183376794360185	0.06964655455911944	-0.017183376794360185	0.023283901250481555	-0.0043478459789531255	0.06964655455911944	-0.0043478459789531255	0.02464250704016544
9720000	-189.57147385029296	4.774715881327789	-194.34618973162074	0.18728850039917208	0.007995584881221247	0.0253943405820259	0.007995584881221247	0.02123320841673899	-0.005360393930253454	0.0253943405820259	-0.005360393930253454	0.019394039679166933
9730000	-164.9992691319189	1.6220450506812956	-166.6213141826002	0.8411866124649662	0.03316819156781521	0.14699667169095523	0.03316819156781521	0.02152677076353162	0.00361371632455954	0.14699667169095523	0.00361371632455954	0.0429830711776788
9740000	-170.77244349400524	3.232967934692441	-174.0054114286977	0.6051939764483848	0.02932969785778958	0.09930397755050359	0.02932969785778958	0.025304839458071656	1.5911437574101742E-4	0.09930397755050359	1.5911437574101742E-4	0.03348275639854636
9750000	-187.14624586272853	4.750379567176327	-191.89662542990487	0.25493853172598596	0.023614167595623653	0.04189732181952971	0.023614167595623653	0.025388987249828028	0.0042072434749011785	0.04189732181952971	0.0042072434749011785	0.029428806820848648
9760000	-170.8765658385972	2.2769101152623294	-173.15347595385953	0.43496762140183726	0.0021051790666576854	0.0909511241132573	0.0021051790666576854	0.014035481263826147	3.8112222804635054E-4	0.0909511241132573	3.8112222804635054E-4	0.02876596902046976
9770000	-169.0880874156148	3.3312919963142873	-172.4193794119291	0.41590728118848636	0.00879478885985838	0.07635768725674032	0.00879478885985838	0.016758603991831402	-0.0031823848239813583	0.07635768725674032	-0.0031823848239813583	0.028240665043162798
9780000	-174.58208763167775	0.6908893416558194	-175.27297697333358	0.8138468897272093	0.04195017609742205	0.15007071511339842	0.04195017609742205	0.024355784393549938	0.010743398554380265	0.15007071511339842	0.010743398554380265	0.04107512199061982
9790000	-149.24680569412948	1.5051861179891768	-150.75199181211866	0.9259430325284321	0.051963020108136006	0.021737066091550857	0.051963020108136006	0.020021043273003584	-0.003915158568753084	0.021737066091550857	-0.003915158568753084	0.02378859564690246
9800000	-192.4297183330983	2.503534925069072	-194.93325325816735	0.2730720794546226	0.007740201483572459	0.04983343730176101	0.007740201483572459	0.020879257050739966	0.001802176107471905	0.04983343730176101	0.001802176107471905	0.024977947185283633
9810000	-176.59607966877417	2.599295754362607	-179.19537542313677	0.4843367100294492	0.009188142703717086	0.08957424596062938	0.009188142703717086	0.014429035957955905	6.997069332776969E-5	0.08957424596062938	6.997069332776969E-5	0.036393149876066636
9820000	-182.38262131974116	2.0330442357210914	-184.41566555546225	0.332098046085414	0.01543411999413034	0.05218447349789777	0.01543411999413034	0.020278077250249667	-0.0019594793856578378	0.05218447349789777	-0.0019594793856578378	0.02453763335662759
9830000	-175.24943375314265	3.359629851476505	-178.60906360461917	0.32131527802693005	0.016654017389114942	0.04122440464754787	0.016654017389114942	0.018830487085835287	-5.158692496776349E-4	0.04122440464754787	-5.158692496776349E-4	0.021531867572749358
9840000	-178.33483410412535	3.950470518854132	-182.28530462297948	0.31801922915509206	0.02053102893102204	0.06217857405869374	0.02053102893102204	0.015465611692558813	0.001852301836704874	0.06217857405869374	0.001852301836704874	0.027300804632587515
9850000	-183.08294212602547	2.264348921563168	-185.34729104758864	0.26681259833254106	0.012331403336991962	0.03475328425330766	0.012331403336991962	0.01856944555613335	-1.2937616220023269E-4	0.03475328425330766	-1.2937616220023269E-4	0.025392998278033603
9860000	-209.73730362972276	4.281138118791508	-214.01844174851428	0.13077450615623334	-0.008352472882613916	0.03309816927193278	-0.008352472882613916	0.019290427104953857	-0.004422142810565628	0.03309816927193278	-0.004422142810565628	0.018710934253927974
9870000	-178.64291558936725	3.767760106840262	-182.4106756962075	0.24778526774410173	0.00865007671773827	0.05496132831033717	0.00865007671773827	0.01944750088355933	-0.001357260642045726	0.05496132831033717	-0.001357260642045726	0.03382004048644645
9880000	-149.86902143874204	0.5205982357830287	-150.38961967452508	1.1071504229794433	0.076614763482252	0.08939521275835198	0.076614763482252	0.02452779348478412	0.0036758800898217805	0.08939521275835198	0.0036758800898217805	0.021490605299142044
9890000	-171.19137711764284	2.624747523458655	-173.8161246411015	0.3897821061189528	0.003725490188154838	0.07810152029347187	0.003725490188154838	0.015162125764115604	0.002212486164672326	0.07810152029347187	0.002212486164672326	0.03378718475009772
9900000	-185.936699169137	3.8799688145813884	-189.8166679837184	0.21239608161340373	0.026761337938876313	0.05466693960800127	0.026761337938876313	0.02007757037734476	0.004081292268089443	0.05466693960800127	0.004081292268089443	0.033246290861191456
9910000	-182.1330169881978	2.437755423968201	-184.570772412166	0.3186544053951917	-0.0017385143088165238	0.07570146957178525	-0.0017385143088165238	0.017784455879747866	-0.0017809416325437874	0.07570146957178525	-0.0017809416325437874	0.03467489498126752
9920000	-177.480533376761	2.7261372553002694	-180.20667063206128	0.4889106127017942	0.01726285448390165	0.03808910378115606	0.01726285448390165	0.01526903307455308	-0.0044079673000947655	0.03808910378115606	-0.0044079673000947655	0.02237797306847421
9930000	-183.41602624519217	4.732436778066488	-188.14846302325867	0.1983978348336128	0.00261051663530995	0.038686668546357134	0.00261051663530995	0.018303899326084994	-0.0050951696133293475	0.038686668546357134	-0.0050951696133293475	0.024015019503329047
9940000	-142.12364976622925	-1.4510091835998247	-140.6726405826294	1.343932211392837	-0.06722847130873386	0.12032788534022765	-0.06722847130873386	0.022747287148686797	-0.008489533009468914	0.12032788534022765	-0.008489533009468914	0.02525918048612411
9950000	-157.68424509786857	1.6469205901378428	-159.33116568800642	0.5630371978696495	0.006646590143214274	0.0901468132729894	0.006646590143214274	0.017818975336679387	0.0025078795254828007	0.0901468132729894	0.0025078795254828007	0.03453641038498105
9960000	-170.624879245143	3.5298647871299593	-174.15474403227296	0.46737870033539963	-0.0194553824561609	0.048692963840457064	-0.0194553824561609	0.016048685312866837	-0.0014418249125463713	0.048692963840457064	-0.0014418249125463713	0.022592625794551922
9970000	-159.4395136421442	1.7613817228136175	-161.2008953649578	0.7259364104906311	0.008517335929597514	0.0326145281677528	0.008517335929597514	0.015278228582015161	1.5711709413243684E-4	0.0326145281677528	1.5711709413243684E-4	0.018202419115708843
9980000	-180.10438868047976	4.045306550550166	-184.14969523102994	0.23782790063750628	-0.010029941848101203	0.03986543362787388	-0.010029941848101203	0.017064033306073093	-9.844890100320553E-5	0.03986543362787388	-9.844890100320553E-5	0.02280451177045955
9990000	-162.65622524066524	2.461952804725821	-165.11817804539106	0.5169626379624636	0.010819592478566396	0.036615827029196635	0.010819592478566396	0.015021838980034188	-0.00331764408966115	0.036615827029196635	-0.00331764408966115	0.021493505070026876
10000000	-159.35949858702753	0.3976979035128472	-159.75719649054037	0.6225165155200143	-0.03756704756498672	0.06241622975753171	-0.03756704756498672	0.021766934393059635	-0.006987149084186585	0.06241622975753171	-0.006987149084186585	0.026812173451330492
10010000	-190.2100325444637	3.362621850361169	-193.57265439482487	0.1708353862053882	-0.016366209679755613	0.04425184452783055	-0.016366209679755613	0.016642905302477588	-0.007318049854586766	0.04425184452783055	-0.007318049854586766	0.029647284372984594
10020000	-186.54722414748386	1.933935319605836	-188.4811594670897	0.36965556557582363	0.016305773589451067	0.04142637262063549	0.016305773589451067	0.02129494293639505	0.0050855961252190005	0.04142637262063549	0.0050855961252190005	0.024068721701406053
10030000	-163.7191215111981	2.071435700756287	-165.7905572119544	0.7221454088625209	-0.012075760309194222	0.13524391240558753	-0.012075760309194222	0.017032322380929645	-0.007258205700734159	0.13524391240558753	-0.007258205700734159	0.03862085843209472
10040000	-164.12792918632329	2.983542241650876	-167.11147142797415	0.5472164816761131	0.0030633705359024684	0.037516065297987046	0.0030633705359024684	0.0170210415792159	-0.002249752404329238	0.037516065297987046	-0.002249752404329238	0.01829769014448425
10050000	-175.6220976048312	3.7498133447186865	-179.37191094954989	0.43091816374730035	0.03378038526481216	0.07064588820286334	0.03378038526481216	0.0167355222809056	0.006412159115670717	0.07064588820286334	0.006412159115670717	0.03568567062658743
10060000	-148.55134137693852	-0.24631916103606288	-148.30502221590245	0.8472975357634919	0.016095666174154998	0.09316412701423134	0.016095666174154998	0.01602417869763381	5.208024879070337E-4	0.09316412701423134	5.208024879070337E-4	0.02445679809516457
10070000	-165.704529639578	3.887951703688243	-169.59248134326623	0.46505696318519063	0.006615182582790389	0.07690676383470539	0.006615182582790389	0.023894984833766113	-0.007170701042560396	0.07690676383470539	-0.007170701042560396	0.03344827518616545
10080000	-191.11517588406613	3.89975197720782	-195.01492786127395	0.23838450623750562	0.02760448000370573	0.06675783913421247	0.02760448000370573	0.019970258779050325	0.009507502946211895	0.06675783913421247	0.009507502946211895	0.041323638281273875
10090000	-176.621722451288	3.7998455928569768	-180.42156804414498	0.44471225783565477	0.010589676503256025	0.06389227461561538	0.010589676503256025	0.016468840609035543	1.7123689836020216E-4	0.06389227461561538	1.7123689836020216E-4	0.038055242989482096
10100000	-180.28865992446637	4.216724472684274	-184.50538439715064	0.23998476489858703	0.01624039933917244	0.03963344999583386	0.01624039933917244	0.01873840431805148	0.0016557804262627039	0.03963344999583386	0.0016557804262627039	0.023561509711475186
10110000	-207.46469310261384	4.922032984021835	-212.38672608663566	0.10884905375561023	0.011054375464468517	0.028580855506187903	0.011054375464468517	0.0222694045329853	-0.0031797087702855067	0.028580855506187903	-0.0031797087702855067	0.027421528213525843
10120000	-227.40419685307893	0.6712259067022996	-228.07542275978122	0.0565726349630413	0.007126376642348131	0.025422525129470103	0.007126376642348131	0.016889804183260186	2.887661722793494E-4	0.025422525129470103	2.887661722793494E-4	0.025070308458714538
10130000	-202.44447535504665	4.296752686172681	-206.74122804121933	0.10289912985387258	-0.0028791557137925867	0.03399807642241658	-0.0028791557137925867	0.016489034532058786	-0.0041939711439494	0.03399807642241658	-0.0041939711439494	0.02717942007296078
10140000	-178.28313627693225	0.9851586685144142	-179.26829494544666	0.3510359157651605	0.0178785317201165	0.05521273334154344	0.0178785317201165	0.022274108768183858	5.440265366047745E-4	0.05521273334154344	5.440265366047745E-4	0.02409209245123852
10150000	-158.47636605626158	1.52707395433114	-160.00344001059273	0.695306790109831	0.010063095860634164	0.03530686940705654	0.010063095860634164	0.01754237318332141	-0.004098881908491941	0.03530686940705654	-0.004098881908491941	0.02478696722548889
10160000	-176.60295335274017	0.6045464266390836	-177.20749977937925	0.6273611940743763	0.01955842273981362	0.14912837345831279	0.01955842273981362	0.015081583143527805	0.0024286937986281103	0.14912837345831279	0.0024286937986281103	0.05677944864779456
10170000	-157.26485231508204	3.2253931451238103	-160.49024546020584	0.42154510798930583	0.01221055666751602	0.027356762445363378	0.01221055666751602	0.016506042296536662	6.342587932219694E-4	0.027356762445363378	6.342587932219694E-4	0.01862635276073274
10180000	-164.05095208071114	2.9182067254712036	-166.96915880618235	0.5793664963618033	0.02112106852844253	0.07607381901450436	0.02112106852844253	0.02396896409766303	0.0011138429061895922	0.07607381901450436	0.0011138429061895922	0.023261705284186987
10190000	-195.32158313311183	3.5182965513651605	-198.83987968447698	0.19178140468423968	-6.840573474029322E-4	0.0605818492693269	-6.840573474029322E-4	0.018954294610504407	-0.003463864195147881	0.0605818492693269	-0.003463864195147881	0.037060000698154
10200000	-155.8041512325392	3.7834678354860514	-159.58761906802525	0.42338764066022977	-3.577947487737565E-4	0.06380516051371675	-3.577947487737565E-4	0.01568696730235474	-0.001548142883342385	0.06380516051371675	-0.001548142883342385	0.025086852012242165
10210000	-196.46199606813633	4.192159158556151	-200.65415522669247	0.15264257081116864	0.009568559511595378	0.030788127091944884	0.009568559511595378	0.018449625072473025	-0.002050546868801323	0.030788127091944884	-0.002050546868801323	0.02554687702253772
10220000	-188.75418340414902	4.421640454342839	-193.17582385849187	0.22469715031818513	-0.00529520771945227	0.060999776244365735	-0.00529520771945227	0.022125208316507702	-0.004648857803468964	0.060999776244365735	-0.004648857803468964	0.0328851139624973
10230000	-153.59317939642597	0.9975489836431691	-154.59072838006912	0.7623782612265609	0.03771154643124106	0.07766632868896821	0.03771154643124106	0.020964545647562966	0.001760899397617869	0.07766632868896821	0.001760899397617869	0.02269762915172795
10240000	-168.1222592641719	3.9311775863662484	-172.05343685053816	0.4353842023425334	-0.018179991349776804	0.04941104765212837	-0.018179991349776804	0.016153272978034865	-0.003339380096800678	0.04941104765212837	-0.003339380096800678	0.025002968861345766
10250000	-176.7383137958542	4.5290871867663824	-181.2674009826206	0.29251487447761293	0.013516554319858303	0.06601137112426243	0.013516554319858303	0.01743501399334559	0.0026487575399397117	0.06601137112426243	0.0026487575399397117	0.03479834098660312
10260000	-147.28612629799917	-0.05310831936409055	-147.23301797863508	1.0508057490092468	0.022142542310629062	0.08690648458056552	0.022142542310629062	0.015832184154616187	-0.0016034735559875984	0.08690648458056552	-0.0016034735559875984	0.021601056277524542
10270000	-161.8459683994096	3.133072329797899	-164.9790407292075	0.6059189159720988	0.024961115987976262	0.03726835626387012	0.024961115987976262	0.016669887939108532	0.0015869236944560225	0.03726835626387012	0.0015869236944560225	0.020595827498212038
10280000	-153.63770033522877	2.873149103246624	-156.5108494384754	0.6772023395403007	0.02628978416480433	0.055493228519567776	0.02628978416480433	0.012733753993384073	-0.0017002610599569962	0.055493228519567776	-0.0017002610599569962	0.02438683678617385
10290000	-165.1451349171101	3.6496590031899325	-168.79479392030004	0.5127948859720624	0.011151800395350424	0.064101463234272	0.011151800395350424	0.015391704528034834	-0.001463787323129869	0.064101463234272	-0.001463787323129869	0.030226157314245425
10300000	-145.98885774649602	1.4497895624722559	-147.43864730896829	0.92221723215295	-0.0034141611081126323	0.035313511259590806	-0.0034141611081126323	0.013271194094191942	-0.0031315387734292843	0.035313511259590806	-0.0031315387734292843	0.02084764646869827
10310000	-160.55905439528814	2.7480182017668024	-163.30707259705494	0.5940548005489573	-0.006561110606638466	0.07623413341689106	-0.006561110606638466	0.02181749256931756	0.0013549662665637363	0.07623413341689106	0.0013549662665637363	0.030834678041833846
10320000	-154.12111070547599	0.7510538289938012	-154.8721645344698	1.114294576636589	0.03025259857506626	0.09380143195566511	0.03025259857506626	0.023992077660109978	0.007620475830252572	0.09380143195566511	0.007620475830252572	0.0252282743133299
10330000	-157.9511689280594	3.392334820255031	-161.34350374831442	0.5616427658590194	0.010004116191572049	0.08180899308546082	0.010004116191572049	0.01364100169032715	0.0018891995330476176	0.08180899308546082	0.0018891995330476176	0.03070926675171081
10340000	-174.1867636997326	2.0690704059810723	-176.2558341057137	0.3500992054648299	0.014489041357827541	0.035590420175469914	0.014489041357827541	0.01957485035581358	0.001082745205729377	0.035590420175469914	0.001082745205729377	0.025187166997102828
10350000	-179.9865605693702	4.15696647720731	-184.1435270465775	0.37601462972721694	-0.008429929674071895	0.07664658181671327	-0.008429929674071895	0.020088298267452506	-0.008600787059272284	0.07664658181671327	-0.008600787059272284	0.03797524843019766
10360000	-194.89854278428396	4.667883661052944	-199.5664264453369	0.172369081631681	-0.004784434808128034	0.0336918705618389	-0.004784434808128034	0.01967452789740268	-0.003228539494687677	0.0336918705618389	-0.003228539494687677	0.025249394446660606
10370000	-214.09503389325658	4.650667001020068	-218.74570089427667	0.1059629413481674	-0.0027699925686004235	0.038524944359013595	-0.0027699925686004235	0.018938292390836622	-0.0020760803048333167	0.038524944359013595	-0.0020760803048333167	0.0330435538522239
10380000	-157.93120106734332	1.8873285469202825	-159.8185296142636	0.8116515666412487	0.034643811916461154	0.15525911325439876	0.034643811916461154	0.01732760853921643	0.0050354899415574585	0.15525911325439876	0.0050354899415574585	0.048189386616620644
10390000	-158.19404888122128	2.149278217712495	-160.34332709893377	0.7148640391067808	0.034245886802792086	0.06331350190344118	0.034245886802792086	0.014275594757229521	3.2557819624130227E-4	0.06331350190344118	3.2557819624130227E-4	0.02583710333192696
10400000	-152.53122278481356	1.12106784856993	-153.6522906333835	0.8865955804725832	-0.04801808269564809	0.11186907206106615	-0.04801808269564809	0.018580458275061697	-0.00844103593073103	0.11186907206106615	-0.00844103593073103	0.03156169091552987
10410000	-152.98286788408274	2.3636667905210538	-155.3465346746038	0.7292838795886042	0.01590325906594981	0.08048965553614604	0.01590325906594981	0.019265098050489808	-0.0015976604730823937	0.08048965553614604	-0.0015976604730823937	0.023369839675942902
10420000	-150.83944727481438	0.28388886180679884	-151.12333613662116	0.9807635993632827	0.021087263484476048	0.12074943211953425	0.021087263484476048	0.014445804884648287	0.0013704917535253922	0.12074943211953425	0.0013704917535253922	0.03302966784761506
10430000	-194.50231799569968	4.251711877364814	-198.7540298730645	0.1814826184699543	-2.573656741680964E-4	0.042101853146471246	-2.573656741680964E-4	0.02049811363872062	-0.0032698579642838014	0.042101853146471246	-0.0032698579642838014	0.024213661294811194
10440000	-209.20232859070427	4.662911533092529	-213.8652401237968	0.1370498929618769	-0.00535617675113829	0.024113423320673837	-0.00535617675113829	0.015946293281974642	-0.002182980920204698	0.024113423320673837	-0.002182980920204698	0.018882038874446564
10450000	-180.9722079244115	3.982351616321299	-184.9545595407328	0.27888671027110246	3.9618327551943196E-4	0.06403741610899705	3.9618327551943196E-4	0.01962308585910115	-0.002739164355316312	0.06403741610899705	-0.002739164355316312	0.027403535229973856
10460000	-172.57784777794606	2.838795612519702	-175.41664339046577	0.6474482694174567	-0.0032021174945609187	0.08886015716618781	-0.0032021174945609187	0.01683362793676175	-0.0017245624091567742	0.08886015716618781	-0.0017245624091567742	0.03783957550751622
10470000	-188.4945533002599	3.281827821760705	-191.7763811220206	0.25527094685541213	-0.005676018110470502	0.057611578856249776	-0.005676018110470502	0.02503250624995155	-0.009974701247506414	0.057611578856249776	-0.009974701247506414	0.03931680070984947
10480000	-161.15828497886642	-0.13273156453236457	-161.02555341433404	0.7043184383368707	0.0235481562990532	0.09842129323780575	0.0235481562990532	0.015354782861056482	0.0029411919934872036	0.09842129323780575	0.0029411919934872036	0.025937169152046698
10490000	-164.1366711081932	3.256317114382814	-167.39298822257604	0.5510294299330067	0.04616044154104987	0.055057793377474726	0.04616044154104987	0.02291022735737039	0.001075666569593335	0.055057793377474726	0.001075666569593335	0.023812104328598906
10500000	-179.41584219961533	4.237098532252316	-183.65294073186763	0.29772981727991965	0.02560313962276611	0.05435040447931639	0.02560313962276611	0.014030774489887703	0.0014508788864941477	0.05435040447931639	0.0014508788864941477	0.030010913497629504
10510000	-170.38340687905176	1.8158269584069338	-172.1992338374587	0.479216843187913	0.02546452179828639	0.06713740858253806	0.02546452179828639	0.019896410521755812	-4.0247236860328816E-4	0.06713740858253806	-4.0247236860328816E-4	0.032913583070931896
10520000	-189.0434716955177	-4.3824604287335385	-184.66101126678416	0.28618354988369016	-0.00892060551916623	0.06823218150753492	-0.00892060551916623	0.019186440024325426	-0.004461579315397479	0.06823218150753492	-0.004461579315397479	0.03561768142514235
10530000	-179.0147465245891	4.2842854508242665	-183.29903197541336	0.31348674245972347	-0.007416820925853565	0.039551360857449494	-0.007416820925853565	0.020740889700660438	-0.0053659806106587885	0.039551360857449494	-0.0053659806106587885	0.02447174169698139
10540000	-174.04659538666442	1.9069280335778291	-175.95352342024225	0.3709544111861744	0.024688746374109515	0.06131816732325329	0.024688746374109515	0.02572734859175542	0.0016627697817398362	0.06131816732325329	0.0016627697817398362	0.02565117773821933
10550000	-172.96172847229985	1.7142108594224998	-174.67593933172236	0.428411463990696	-0.020753149028584363	0.06327379201124671	-0.020753149028584363	0.01853019703238249	-0.0055420345866494984	0.06327379201124671	-0.0055420345866494984	0.024593968270689555
10560000	-209.44476983818709	3.1785000002643953	-212.62326983845148	0.09699285715985792	-0.0031006454334682678	0.01223548727259009	-0.0031006454334682678	0.02277127800633008	-0.004617354628517773	0.01223548727259009	-0.004617354628517773	0.01718794367971932
10570000	-201.39841678719688	4.705993972616529	-206.10441075981342	0.10502435232671674	0.001014214133080197	0.03664909404143716	0.001014214133080197	0.015419699011112502	-0.0021855062075314766	0.03664909404143716	-0.0021855062075314766	0.026797638292956054
10580000	-200.7123423734127	4.6729878709962005	-205.3853302444089	0.1554930230240081	0.01596376435668513	0.0691528952900377	0.01596376435668513	0.0173280561570101	0.004727819168683586	0.0691528952900377	0.004727819168683586	0.05363412894077635
10590000	-179.04046600940012	2.886054102176796	-181.9265201115769	0.32666181091350904	0.014907469689515434	0.069021056151184	0.014907469689515434	0.02023800413717528	0.0025079244941579137	0.069021056151184	0.0025079244941579137	0.029288580131953335
10600000	-178.57255627637585	4.059340995301354	-182.6318972716772	0.33258044025473216	-0.016942370163025904	0.04877061808372494	-0.016942370163025904	0.020137773244082634	-0.004588261847620269	0.04877061808372494	-0.004588261847620269	0.021513669439809303
10610000	-168.02164094306013	3.7138434741654622	-171.7354844172256	0.4286960643053083	-0.021688685284878002	0.0642824359264239	-0.021688685284878002	0.017073385051181625	-0.006717321346362719	0.0642824359264239	-0.006717321346362719	0.02727129173572906
10620000	-158.60175092710992	3.2129002239674658	-161.81465115107738	0.5730961861196768	0.015994355788997577	0.05502160544454521	0.015994355788997577	0.012856218188519659	0.002292205442789373	0.05502160544454521	0.002292205442789373	0.024884020923368083
10630000	-190.60207733985285	2.58378665213494	-193.1858639919878	0.24457998567805608	0.03676208536305621	0.0532423197271992	0.03676208536305621	0.01506627518268695	0.0058467486663650176	0.0532423197271992	0.0058467486663650176	0.03617435111836327
10640000	-176.2367658676738	3.2744214306524047	-179.5111872983262	0.356160558219975	0.019548539215042664	0.07083045082626502	0.019548539215042664	0.01489550992821864	-1.301745545646154E-4	0.07083045082626502	-1.301745545646154E-4	0.032273809221440616
10650000	-165.10526748507422	3.2148429631082305	-168.32011044818245	0.6320092223944034	0.010244727664427404	0.06501679676617377	0.010244727664427404	0.019110262324988733	-0.0015201110294425881	0.06501679676617377	-0.0015201110294425881	0.02515419114456704
10660000	-161.33881040473557	3.4484923525780884	-164.78730275731365	0.5185278670847216	-0.007699270326390797	0.053018067045039204	-0.007699270326390797	0.015860435783953228	-0.0029197643446209126	0.053018067045039204	-0.0029197643446209126	0.02396294854771012
10670000	-164.91498535808716	2.7507549143664023	-167.66574027245358	0.4806212211337613	-0.03459207341507416	0.0734153210599436	-0.03459207341507416	0.024800940967408695	-0.006472963289350722	0.0734153210599436	-0.006472963289350722	0.026151396787083128
10680000	-161.1298892959269	3.4937130359169117	-164.62360233184378	0.5076439698725034	0.010993206612343492	0.04780962381870965	0.010993206612343492	0.01335843275905864	-9.560677394527567E-4	0.04780962381870965	-9.560677394527567E-4	0.019612050399102413
10690000	-166.07054875797573	3.2385400849842267	-169.30908884295997	0.5592236185411343	-0.009988137945923849	0.07836406097723282	-0.009988137945923849	0.02479447524608891	-0.005440544729443095	0.07836406097723282	-0.005440544729443095	0.026838653211779313
10700000	-195.37423451604104	2.1649386771457557	-197.5391731931868	0.17044911088963316	-1.2140375978132949E-4	0.03408365583549844	-1.2140375978132949E-4	0.016235719689514476	-0.0025319612924415164	0.03408365583549844	-0.0025319612924415164	0.02414279437859988
10710000	-203.8114081868962	4.874720367431753	-208.68612855432795	0.0855114878834055	0.00855952227121845	0.019310289947693716	0.00855952227121845	0.01836834626584744	-0.0015387366893969171	0.019310289947693716	-0.0015387366893969171	0.019982612416280885
10720000	-165.69400948102896	2.965743079832443	-168.6597525608614	0.5650421280600153	6.633443897859958E-5	0.048747191654084754	6.633443897859958E-5	0.019961192833890348	-0.005097660396040189	0.048747191654084754	-0.005097660396040189	0.021574564175826587
10730000	-166.99528381590414	3.801757679340464	-170.7970414952446	0.4555819359121891	0.014177976553026096	0.08889779397377119	0.014177976553026096	0.01972108566256727	0.0015370307378212952	0.08889779397377119	0.0015370307378212952	0.03232506503686514
10740000	-184.32599153270823	2.4184451750478324	-186.74443670775605	0.2730212462748202	0.005395780829411403	0.041484552397539634	0.005395780829411403	0.019338856665472977	-0.0033049428988473936	0.041484552397539634	-0.0033049428988473936	0.029741793979180985
10750000	-208.46567655026553	3.7643421829886057	-212.23001873325413	0.11171665421495897	0.005063047022095781	0.03502036934313713	0.005063047022095781	0.01356837495020725	1.5348094735050978E-4	0.03502036934313713	1.5348094735050978E-4	0.029557107426268398
10760000	-179.30098255076336	3.9720905456713442	-183.2730730964347	0.22405563221934294	0.017266079570688844	0.07017537826271948	0.017266079570688844	0.017446095226378154	0.002437711566464335	0.07017537826271948	0.002437711566464335	0.03882576782104549
10770000	-173.74068247668956	4.157518519025611	-177.89820099571517	0.3661102254411638	0.017676838166968536	0.05935246135754612	0.017676838166968536	0.01727334137682437	-3.2235988374488015E-4	0.05935246135754612	-3.2235988374488015E-4	0.027419981503066945
10780000	-161.98511005632034	2.7480458048421577	-164.7331558611625	0.4660853967084759	0.03508205632135008	0.05385747712558971	0.03508205632135008	0.023334054261998513	-0.0016183715544782484	0.05385747712558971	-0.0016183715544782484	0.023193252225646218
10790000	-176.15649533257988	4.249684568564609	-180.4061799011445	0.3525613766973237	-5.841853719797823E-4	0.0586248245754725	-5.841853719797823E-4	0.01580828670882985	-0.007146795143266306	0.0586248245754725	-0.007146795143266306	0.03697931338179358
10800000	-170.79837124078742	1.52676749087426	-172.32513873166167	0.5600790555390215	0.015236876668552153	0.07730488568306557	0.015236876668552153	0.020140763609519108	-0.0010439367242739256	0.07730488568306557	-0.0010439367242739256	0.02244796582992651
10810000	-175.09910798915234	4.211160281817595	-179.31026827096994	0.3291641668507892	0.007334580732055778	0.029850971604335065	0.007334580732055778	0.01337062366401243	-0.0012689496990551212	0.029850971604335065	-0.0012689496990551212	0.022901252450872465
10820000	-189.21086949868334	3.0435602544771307	-192.25442975316048	0.25732605620504634	0.0013357743373770535	0.07160858694451512	0.0013357743373770535	0.013571725470136893	-7.769269358159205E-4	0.07160858694451512	-7.769269358159205E-4	0.039167648503297146
10830000	-187.51094729747058	4.481819786793414	-191.992767084264	0.20432463102228943	0.020660323463486036	0.049045158394680856	0.020660323463486036	0.02288371935165165	-2.2798461947896604E-4	0.049045158394680856	-2.2798461947896604E-4	0.027471021745634764
10840000	-200.8672159633752	4.205166662321539	-205.07238262569675	0.1104009787023017	0.006804187772937432	0.03085733017999629	0.006804187772937432	0.0178153088966712	-0.0015143602741313255	0.03085733017999629	-0.0015143602741313255	0.027711481721533735
10850000	-199.43689170024675	3.944905182951566	-203.38179688319832	0.12434595650794202	0.005267325336769397	0.03815242021220965	0.005267325336769397	0.0148737658803768	-4.6283477659957075E-4	0.03815242021220965	-4.6283477659957075E-4	0.027206094915235797
10860000	-180.12460485612962	4.006724054908713	-184.13132891103834	0.2897679194987691	0.01664343501831603	0.07284620836064129	0.01664343501831603	0.018702321292592267	0.004025544768206028	0.07284620836064129	0.004025544768206028	0.03826175792020598
10870000	-166.36678457502856	3.242682615991003	-169.60946719101958	0.5567636397797121	0.03350939928180123	0.08606399925147189	0.03350939928180123	0.023019978837844932	0.0030167443892551455	0.08606399925147189	0.0030167443892551455	0.028041100962788924
10880000	-148.29718946608955	0.6271069089718956	-148.92429637506143	0.9064132733903999	-0.027045231126383507	0.08461810222543559	-0.027045231126383507	0.017755361342188077	-0.005772312676330963	0.08461810222543559	-0.005772312676330963	0.0254697243925628
10890000	-142.53882229223808	1.1840326388214857	-143.72285493105957	1.008658810533355	0.0071302214631919015	0.07945662738816364	0.0071302214631919015	0.019190651368564193	-0.0019067827055094001	0.07945662738816364	-0.0019067827055094001	0.024268817880553975
10900000	-146.72532480757457	1.66937777504738	-148.39470258262196	0.9696773055779327	-0.005104831026556101	0.0878309928829423	-0.005104831026556101	0.023274683226333574	-0.004735305253230669	0.0878309928829423	-0.004735305253230669	0.02449148283783575
10910000	-171.70624399233756	3.807393452265152	-175.51363744460272	0.4506396161050111	0.021362989605555358	0.08448678661685245	0.021362989605555358	0.021829074860948726	1.001249584911784E-4	0.08448678661685245	1.001249584911784E-4	0.03264239508190893
10920000	-156.91590130946935	-0.34503761529488053	-156.57086369417448	1.1142539352327667	0.023096304119820846	0.18084952484040354	0.023096304119820846	0.022961421158502342	-0.001516283739656126	0.18084952484040354	-0.001516283739656126	0.04779426456541373
10930000	-159.7142060508666	2.3295360116786505	-162.04374206254525	0.8240108190613843	0.038097847790368754	0.11949154243714907	0.038097847790368754	0.019101223144774655	5.871956524590204E-4	0.11949154243714907	5.871956524590204E-4	0.0399072607889846
10940000	-181.2891808089433	3.190346763292761	-184.47952757223607	0.4915389677160035	-0.0032229542674132327	0.06919768056084596	-0.0032229542674132327	0.01765930384328401	-0.004240528135980838	0.06919768056084596	-0.004240528135980838	0.028178353948942598
10950000	-143.42969378765636	0.02841608011992458	-143.45810986777627	1.0929168242840845	0.008675999777039709	0.1029178071643256	0.008675999777039709	0.01406852137232458	-0.0014575922814200441	0.1029178071643256	-0.0014575922814200441	0.02807643113096188
10960000	-156.07957700931573	2.9676073716212525	-159.04718438093698	0.6734339844858274	0.00832103076932884	0.10885370687964756	0.00832103076932884	0.019004014535986737	6.215050390966048E-4	0.10885370687964756	6.215050390966048E-4	0.03308411953074815
10970000	-166.52723106756255	2.8547509585658273	-169.38198202612838	0.5010313103694952	0.03457030514976979	0.05699238701353865	0.03457030514976979	0.024713075931658317	-0.004608646769955617	0.05699238701353865	-0.004608646769955617	0.027729660032594628
10980000	-161.51362118561352	0.5641713991900454	-162.07779258480357	0.6682579301671076	0.0196076929713281	0.06121615686757576	0.0196076929713281	0.016609886230465686	-0.0016845587408057421	0.06121615686757576	-0.0016845587408057421	0.020782662631933443
10990000	-160.06677726668204	2.0400702134120854	-162.10684748009413	0.570047480183723	-0.006907866967487374	0.0860999479501212	-0.006907866967487374	0.01975210287079529	-0.006187193370593422	0.0860999479501212	-0.006187193370593422	0.02978031696327998
11000000	-170.05222561537633	3.0081324993137377	-173.06035811469008	0.6197305411751279	-0.007755654087645877	0.0963469115567197	-0.007755654087645877	0.01795415929570354	-0.004901905663886617	0.0963469115567197	-0.004901905663886617	0.03656945383060779
11010000	-182.6646404948787	3.9002180317473036	-186.564858526626	0.3956547539764031	0.010984159853121483	0.06715877424815421	0.010984159853121483	0.016394025470845855	-0.0017531550699746226	0.06715877424815421	-0.0017531550699746226	0.03186144761035067
11020000	-173.15500044268484	3.3014564539976554	-176.45645689668248	0.4921930554666279	0.008528281712553787	0.047307277876198955	0.008528281712553787	0.015678130400538073	-0.002582520405719216	0.047307277876198955	-0.002582520405719216	0.023871011624146066
11030000	-154.66706067700358	-1.5352834672029143	-153.13177720980067	1.475269610847552	-0.02427010343801691	0.15600401165260086	-0.02427010343801691	0.021590099494751117	-0.004736650917229175	0.15600401165260086	-0.004736650917229175	0.032670325688725736
11040000	-164.33024269041118	2.4804972226345496	-166.81073991304572	0.4910818435091346	0.012390993622290212	0.0861895335733673	0.012390993622290212	0.016413259197196828	-0.0016484803052937702	0.0861895335733673	-0.0016484803052937702	0.033825927569644025
11050000	-191.6545303730051	4.488340905265496	-196.14287127827058	0.1712106529804303	0.03029181725133765	0.04014347154698837	0.03029181725133765	0.03060791730412354	0.0017847101512369285	0.04014347154698837	0.0017847101512369285	0.027270785274926025
11060000	-171.54831615467245	3.225898880550894	-174.77421503522334	0.34470133526438673	0.04270884334860589	0.059785710847027225	0.04270884334860589	0.024416286988141914	0.006272385256971761	0.059785710847027225	0.006272385256971761	0.03314733752701402
11070000	-198.493079978278	4.724847561564602	-203.2179275398426	0.1424843032473181	0.01109830344747221	0.024557820204163548	0.01109830344747221	0.019676117964140163	-0.0026926267616270818	0.024557820204163548	-0.0026926267616270818	0.021702312776945905
11080000	-187.01686179564157	4.72531491904977	-191.74217671469134	0.19492481425976455	0.004925276513077822	0.06251574678744182	0.004925276513077822	0.018413329328437065	-0.001672887989720868	0.06251574678744182	-0.001672887989720868	0.03679466986633852
11090000	-191.57582791515065	3.3051791402141197	-194.88100705536476	0.18883118500326623	1.466235671472596E-4	0.026156196620009096	1.466235671472596E-4	0.021051107766436834	-9.074074746252497E-4	0.026156196620009096	-9.074074746252497E-4	0.025377650665499005
11100000	-148.28105130307603	1.4567739779659483	-149.73782528104198	1.0091882788132536	0.007471341734805675	0.06787474908993145	0.007471341734805675	0.018153136313665975	0.001235712448976251	0.06787474908993145	0.001235712448976251	0.01946602450720279
11110000	-180.7836316714822	0.8738785803382183	-181.6575102518204	0.44622444034029907	0.037953739359417156	0.06945942747407949	0.037953739359417156	0.01862112563594433	0.005541835431001569	0.06945942747407949	0.005541835431001569	0.029414927260626042
11120000	-155.32525700138987	3.081139635088001	-158.40639663647787	0.6273996510951209	0.03105813500874473	0.08112517771670785	0.03105813500874473	0.020850457043316062	0.0012536427473524643	0.08112517771670785	0.0012536427473524643	0.025691996046004827
11130000	-167.5359276609187	-0.5909610250230459	-166.94496663589567	0.9040317757200738	0.06813617199316865	0.094279164740879	0.06813617199316865	0.025407391289399152	6.802015307251497E-5	0.094279164740879	6.802015307251497E-5	0.032670112176976664
11140000	-152.49351424251373	-0.4169760937013618	-152.07653814881238	0.874656152423469	0.04740506770555174	0.10793029146610429	0.04740506770555174	0.020607499118924365	0.00270428291174398	0.10793029146610429	0.00270428291174398	0.03137545253258991
11150000	-152.02197379515357	1.136335746667677	-153.15830954182124	0.9981291630450314	0.010686380715701941	0.11279189168405077	0.010686380715701941	0.026170848856455573	-0.0012516380821712006	0.11279189168405077	-0.0012516380821712006	0.029384579901052352
11160000	-162.88227449547009	3.361783318722012	-166.2440578141921	0.49117585924932905	9.424565904250155E-4	0.06024904984433264	9.424565904250155E-4	0.02205659731298977	-0.005489829901734937	0.06024904984433264	-0.005489829901734937	0.02670178665008172
11170000	-174.64123773789552	4.164284168151583	-178.80552190604712	0.36599883263592825	0.028079395085944096	0.06029130073197195	0.028079395085944096	0.02028876136099981	0.002827535654245015	0.06029130073197195	0.002827535654245015	0.026422697578390004
11180000	-178.11195669018656	2.77438033499605	-180.8863370251826	0.4455449574633486	-0.008852025186631583	0.06335767730269139	-0.008852025186631583	0.015595702132139325	-0.004096046048665608	0.06335767730269139	-0.004096046048665608	0.024007697853518264
11190000	-204.45062901195485	3.901036023777963	-208.35166503573282	0.13878550817120983	0.007686153901755911	0.0349693894738754	0.007686153901755911	0.014692594865399755	2.712195465035677E-4	0.0349693894738754	2.712195465035677E-4	0.028186304629384974
11200000	-208.38904295359842	4.255948655697058	-212.6449916092955	0.09997687232745957	0.003952860518826004	0.031220036434552675	0.003952860518826004	0.017244333760542005	3.018467366119129E-4	0.031220036434552675	3.018467366119129E-4	0.024393356011419606
11210000	-185.67353143583796	3.955839766165779	-189.62937120200374	0.3048478182445156	0.018654042832289067	0.0828579517566198	0.018654042832289067	0.016779815039075646	6.477845286276237E-4	0.0828579517566198	6.477845286276237E-4	0.03997575997533669
11220000	-183.88455377862337	3.892710698076935	-187.7772644767003	0.2737419064952654	-0.015029801460037	0.05013254783523014	-0.015029801460037	0.014970926502492802	-0.002549281556706936	0.05013254783523014	-0.002549281556706936	0.024116847066076752
11230000	-158.39952443904704	1.2984446351891452	-159.6979690742362	0.7597885865721411	-0.02335177902289772	0.11498199677689605	-0.02335177902289772	0.01607515286113929	-0.0035612658011500934	0.11498199677689605	-0.0035612658011500934	0.0384578684988134
11240000	-180.95190394625797	0.08901298127113577	-181.0409169275291	0.267178702488851	0.012044550813302414	0.039616029017735026	0.012044550813302414	0.016595430835435476	-0.0010219394020909737	0.039616029017735026	-0.0010219394020909737	0.022148713203572805
11250000	-161.19189163440765	2.651404918490164	-163.8432965528978	0.6518280453702202	0.020444987621023356	0.039253661513923066	0.020444987621023356	0.01825829652646942	-0.00310499734907082	0.039253661513923066	-0.00310499734907082	0.022333074843804226
11260000	-198.74748254869513	3.8040340492434432	-202.5515165979386	0.1601872760391114	0.020280396810561194	0.024431102024381854	0.020280396810561194	0.02005756561552398	9.747663199311538E-5	0.024431102024381854	9.747663199311538E-5	0.02168779281715612
11270000	-187.31009387514473	2.4470686295968167	-189.75716250474156	0.43797099980499427	0.030289374007787785	0.08504881539446331	0.030289374007787785	0.019157664229550495	4.3417225507829185E-4	0.08504881539446331	4.3417225507829185E-4	0.038374314482555266
11280000	-163.86496492267696	2.7117494613147026	-166.57671438399166	0.5592279211404236	-0.009959212902198212	0.08343510589775022	-0.009959212902198212	0.013985714095442978	-0.008611209753053965	0.08343510589775022	-0.008611209753053965	0.037382508035421966
11290000	-153.62870038493256	0.9828628752777371	-154.6115632602103	1.0314126541468966	0.07008815494139468	0.13178579856403436	0.07008815494139468	0.018586935145502064	0.009457664873055202	0.13178579856403436	0.009457664873055202	0.042214700185286884
11300000	-171.46313987848396	2.9773581952068335	-174.4404980736908	0.5555416852307367	0.025041042719054062	0.0804931233550954	0.025041042719054062	0.014992848463942783	-1.9972419397475127E-5	0.0804931233550954	-1.9972419397475127E-5	0.031211291424838396
11310000	-174.39878971733236	2.5725594560470713	-176.97134917337942	0.4328830394530437	0.01716526348158848	0.07149219488962529	0.01716526348158848	0.018722754647261763	0.0011629758107254866	0.07149219488962529	0.0011629758107254866	0.02922639747878847
11320000	-174.17663328269228	4.045426963173564	-178.22206024586583	0.3686703206389712	0.03459965882609582	0.07909560156758151	0.03459965882609582	0.019985035631119374	0.005017463832163201	0.07909560156758151	0.005017463832163201	0.036842449474307856
11330000	-164.3407723755035	2.4333432368700323	-166.77411561237352	0.7303685827680707	-0.002042203828339106	0.10954590864743853	-0.002042203828339106	0.01520319793726431	-0.00157658401631963	0.10954590864743853	-0.00157658401631963	0.03360554597652493
11340000	-161.98940651261404	0.3491308946249534	-162.338537407239	0.7937378310764537	0.05553222545719193	0.09958736480724921	0.05553222545719193	0.0192556731156951	0.003437935458143287	0.09958736480724921	0.003437935458143287	0.032554051303171384
11350000	-204.88494240891535	4.413911178489988	-209.29885358740535	0.16205168372401035	-0.0068420961499670654	0.04554403114208695	-0.0068420961499670654	0.017400046326681014	-0.00210740159759898	0.04554403114208695	-0.00210740159759898	0.023391349759654095
11360000	-214.71486954929125	3.6660354805952378	-218.3809050298865	0.08794834449001579	-0.0016542721979496142	0.017183658734188707	-0.0016542721979496142	0.02123202939879092	-0.005117602528347727	0.017183658734188707	-0.005117602528347727	0.02018750014407022
11370000	-206.59880094683814	2.456373912739281	-209.05517485957742	0.17843102142741332	0.01830495650574096	0.062341462388710724	0.01830495650574096	0.01474502485976205	0.00210908804887798	0.062341462388710724	0.00210908804887798	0.04312142706871644
11380000	-260.53901262092023	2.57315838199909	-263.1121710029193	0.015059392164015225	0.006589302451380166	0.012724040014591716	0.006589302451380166	0.017753781583421814	0.003204646798667594	0.012724040014591716	0.003204646798667594	0.029223153942115415
11390000	-257.51788795185547	2.437115127431742	-259.9550030792872	0.01840562499812758	0.0012394306061613177	0.01369576083668406	0.0012394306061613177	0.021551487180111552	-0.001480823664791637	0.01369576083668406	-0.001480823664791637	0.025212908221929817
11400000	-204.5318314986905	-2.980215320042145	-201.55161617864837	0.17787516983645926	0.01757792748908374	0.04582773157294008	0.01757792748908374	0.014137693289858994	0.004872861586939348	0.04582773157294008	0.004872861586939348	0.026782239448276374
11410000	-213.39620916914743	3.8878450585457864	-217.28405422769322	0.08692445503126875	0.00986613727671143	0.024919511697026924	0.00986613727671143	0.013472220888966407	-0.0010022395515308703	0.024919511697026924	-0.0010022395515308703	0.0250126977874416
11420000	-211.5132906449236	4.213176975906924	-215.7264676208305	0.10519579672977261	0.013828141065033356	0.04587095601756562	0.013828141065033356	0.014371169974752832	0.0020251310963406927	0.04587095601756562	0.0020251310963406927	0.03941027868240836
11430000	-221.30953188220334	4.833585075469816	-226.14311695767316	0.07783904486680633	0.007806104138984998	0.03403809520514226	0.007806104138984998	0.01590269917180239	0.006711499891973623	0.03403809520514226	0.006711499891973623	0.034424651917144417
11440000	-186.01039066848642	4.369810842972176	-190.3802015114586	0.27272164543362537	0.012423546904454076	0.06369086514725575	0.012423546904454076	0.015976975590725848	0.0016314504347185704	0.06369086514725575	0.0016314504347185704	0.027664698109418216
11450000	-181.66704857947516	4.327912377882419	-185.9949609573576	0.21723608699164182	0.006532578953613215	0.05789681479643034	0.006532578953613215	0.01234615505251738	-0.0015996172328414265	0.05789681479643034	-0.0015996172328414265	0.033543987388235004
11460000	-197.088032321252	4.529727179972617	-201.6177595012246	0.16379678166965048	0.01143875070920755	0.05391094392164596	0.01143875070920755	0.022678069285556556	-5.48824733583868E-5	0.05391094392164596	-5.48824733583868E-5	0.03848027169767247
11470000	-162.76724215742286	1.9156708979041408	-164.682913055327	0.6189595606581615	-0.01114330194045404	0.08163132609530104	-0.01114330194045404	0.014499683561139396	-8.10301405874439E-4	0.08163132609530104	-8.10301405874439E-4	0.02557169599724567
11480000	-205.19894336961642	3.8500902750043764	-209.04903364462078	0.16017049081243398	0.015177195688722356	0.04730782779118797	0.015177195688722356	0.019435018402019225	0.0013145843369652271	0.04730782779118797	0.0013145843369652271	0.03186934837928121
11490000	-185.59717788108	3.8045588245125574	-189.40173670559255	0.24694530696641792	0.011832255832582197	0.03451791782717427	0.011832255832582197	0.01526422182627196	0.0019678096952607327	0.03451791782717427	0.0019678096952607327	0.017390974571233182
11500000	-181.00805052886227	4.047473646351477	-185.05552417521375	0.27747861580017363	-0.001032417718972355	0.053203590787409445	-0.001032417718972355	0.015091302654759168	-0.004875479251907783	0.053203590787409445	-0.004875479251907783	0.03119732410798505
11510000	-159.85442285968114	1.5003203248107089	-161.35474318449184	0.5260724602027297	0.009359922509399536	0.071789614644416	0.009359922509399536	0.02076224968077463	8.452914690102236E-4	0.071789614644416	8.452914690102236E-4	0.02431512835606331
11520000	-164.2165378927646	3.6285555256414033	-167.845093418406	0.48333962462370433	0.01433391130348712	0.07477640683537914	0.01433391130348712	0.01635627748678075	-0.0036473945889846687	0.07477640683537914	-0.0036473945889846687	0.0321474221580864
11530000	-167.2171527704368	0.19169247670643053	-167.40884524714323	0.589439844553117	0.019730510999073723	0.10532080299345135	0.019730510999073723	0.019447593433003736	0.001427459421321635	0.10532080299345135	0.001427459421321635	0.04058295929906294
11540000	-177.03225725857953	1.6704423605593752	-178.7026996191389	0.32880341559360754	0.0354931568272013	0.07011962896904327	0.0354931568272013	0.02116620047130399	0.005617970065795379	0.07011962896904327	0.005617970065795379	0.03278004593929113
11550000	-205.09428077213084	3.6952660402077324	-208.78954681233859	0.1061315880314377	0.008741556837243767	0.015575433885968507	0.008741556837243767	0.020108539137506074	-0.0018246183042646177	0.015575433885968507	-0.0018246183042646177	0.019129155133406284
11560000	-190.56507152563285	4.560874466337354	-195.1259459919702	0.23151101810461866	5.912480054158355E-5	0.05329677248839916	5.912480054158355E-5	0.016946384701757536	-0.003325566109765868	0.05329677248839916	-0.003325566109765868	0.03296775262637155
11570000	-178.8952845636538	3.345287637734912	-182.24057220138872	0.3028961455441046	-0.007689894346341522	0.05917834666116216	-0.007689894346341522	0.01673607493624768	-0.0019890293752444564	0.05917834666116216	-0.0019890293752444564	0.02979383960407385
11580000	-198.29118540538238	3.045615001401983	-201.33680040678436	0.19457469470438485	0.005702273386107622	0.040027444156802726	0.005702273386107622	0.02146335567443745	4.911162777290687E-4	0.040027444156802726	4.911162777290687E-4	0.02612070944058497
11590000	-163.1171238007023	1.332318769970899	-164.4494425706732	0.5977160077151781	0.04554996293857367	0.06936447129623904	0.04554996293857367	0.019920012462089513	0.0034976594435650104	0.06936447129623904	0.0034976594435650104	0.02279905770037803
11600000	-182.24483345747774	3.9543547038505054	-186.19918816132824	0.22959921256198743	0.011109665508377185	0.05252160770431838	0.011109665508377185	0.013396962196759302	0.0019420866246112353	0.05252160770431838	0.0019420866246112353	0.028782301067661685
11610000	-156.27572989571107	2.8619393833178406	-159.1376692790289	0.5304661843622097	0.04270511510795554	0.05735429243704103	0.04270511510795554	0.0207873912822226	0.0019008307537633148	0.05735429243704103	0.0019008307537633148	0.024195799298054897
11620000	-147.57186267243029	0.9718799596532304	-148.5437426320835	1.0927909845325559	0.011904054644167094	0.04788480850513742	0.011904054644167094	0.01710493656329644	-0.007103897324725197	0.04788480850513742	-0.007103897324725197	0.023240626725836773
11630000	-169.3788847416722	2.720233803596763	-172.09911854526896	0.4491411290822331	0.0027934727840195654	0.07943207437824645	0.0027934727840195654	0.018346356647762335	-0.00546470056794906	0.07943207437824645	-0.00546470056794906	0.03098947261922328
11640000	-179.28782449727782	3.4894590434843704	-182.7772835407622	0.28412696312682045	0.030935512774841682	0.05811128884400079	0.030935512774841682	0.020444403580148977	0.0016566819655262667	0.05811128884400079	0.0016566819655262667	0.0322197673227253
11650000	-161.42280933591462	3.8256799863298117	-165.24848932224444	0.46719973375848545	0.006278740926780719	0.06086235016112072	0.006278740926780719	0.01621606659204111	-0.0023878462426351367	0.06086235016112072	-0.0023878462426351367	0.028384677783393115
11660000	-201.41570205183905	1.2395925656197821	-202.65529461745882	0.1529214032151288	-0.0076238465539177356	0.01590723928279867	-0.0076238465539177356	0.013049374176963066	-0.004539146571016488	0.01590723928279867	-0.004539146571016488	0.01581912702885881
11670000	-165.2336119775673	3.4209678358596025	-168.65457981342692	0.460899629660615	0.015996194041126587	0.07233749745690117	0.015996194041126587	0.011079054836077731	-0.0011177877343531298	0.07233749745690117	-0.0011177877343531298	0.03132463117848322
11680000	-209.59750525817074	3.727401156098325	-213.32490641426907	0.09467759600120348	0.012484429994524912	0.031439958075178694	0.012484429994524912	0.018833230742725235	0.003078991564109203	0.031439958075178694	0.003078991564109203	0.022238398020426958
11690000	-200.13902774956046	4.505178031656653	-204.6442057812171	0.1578670934222197	0.012811346411820315	0.0686681425402972	0.012811346411820315	0.020819112514214727	0.0015405239134309474	0.0686681425402972	0.0015405239134309474	0.04382209235654713
11700000	-171.06189379755205	2.3261209855594096	-173.38801478311146	0.3148337563449864	-0.012364105487940395	0.042752773797234016	-0.012364105487940395	0.016787671729783113	-0.002471356891602571	0.042752773797234016	-0.002471356891602571	0.022737698674402076
11710000	-169.00240489490272	3.6675545650443806	-172.6699594599471	0.480586678992704	9.85973263118256E-4	0.04972076167946068	9.85973263118256E-4	0.02498266879144701	-0.0016610081891584253	0.04972076167946068	-0.0016610081891584253	0.02604635555912934
11720000	-177.49905240495835	1.5662655030528017	-179.06531790801114	0.2348595410784461	0.007855330904085266	0.022543208516723194	0.007855330904085266	0.015420969522350461	-0.002173040475284199	0.022543208516723194	-0.002173040475284199	0.01885927512207014
11730000	-170.2612054679791	3.2275252765991884	-173.48873074457828	0.5977865289825368	0.023224204867840992	0.12013495971694796	0.023224204867840992	0.025265470490267134	-0.0010421265001384064	0.12013495971694796	-0.0010421265001384064	0.04294812959526714
11740000	-186.0928475388586	1.2347954620798829	-187.32764300093848	0.2989356442395928	0.0205710296314955	0.06183408193188298	0.0205710296314955	0.018285438010875045	0.003636684418864837	0.06183408193188298	0.003636684418864837	0.03346321646018511
11750000	-182.24086357142505	3.789750517957089	-186.03061408938214	0.28615044063956285	-0.008304414820554423	0.06468117708471646	-0.008304414820554423	0.0163249704694628	-0.008795296534553864	0.06468117708471646	-0.008795296534553864	0.031773559794184475
11760000	-142.0122258443416	2.368830489842522	-144.3810563341841	0.8250265928334759	0.024155097337799077	0.05821060820914681	0.024155097337799077	0.022546970100381987	-0.0021600818872165427	0.05821060820914681	-0.0021600818872165427	0.018883546960191747
11770000	-172.90992538493745	0.05577734956371838	-172.96570273450118	0.5949690684917914	0.03970896925278494	0.09476887299902392	0.03970896925278494	0.016467067530159644	0.003678249981721754	0.09476887299902392	0.003678249981721754	0.03261684281277518
11780000	-177.32085750125435	4.155108773548537	-181.4759662748029	0.23648445326356524	0.007080124767067811	0.028464957134560084	0.007080124767067811	0.019929472806644064	-3.751079306163961E-4	0.028464957134560084	-3.751079306163961E-4	0.02655056058533211
11790000	-148.81985175450225	1.9050948350568815	-150.72494658955912	0.8568105318551799	-0.009450399178955893	0.10135101636720696	-0.009450399178955893	0.021333337411363364	-0.003069789503760214	0.10135101636720696	-0.003069789503760214	0.0304823863348846
11800000	-162.34213430478317	2.7885425906240333	-165.13067689540722	0.7001497598708585	0.04737404214045816	0.09899068681869798	0.04737404214045816	0.023398461597586007	0.004929670226755179	0.09899068681869798	0.004929670226755179	0.03406541961688531
11810000	-147.82941207550147	-2.5605904623790963	-145.26882161312238	1.8491696086638008	0.06615383263481028	0.15759408933156796	0.06615383263481028	0.01756746612009652	0.003939037507015134	0.15759408933156796	0.003939037507015134	0.03017102680097758
11820000	-190.58364841866336	4.250236116068107	-194.83388453473145	0.2799116195465513	0.03160093949805708	0.05646642889164495	0.03160093949805708	0.021203145501032184	0.004693457909016844	0.05646642889164495	0.004693457909016844	0.028863071669926424
11830000	-161.05100227214385	2.8362238567879325	-163.8872261289318	0.6752869812444285	0.00457830184617485	0.09759279414580774	0.00457830184617485	0.018581003488326572	7.97822752162204E-5	0.09759279414580774	7.97822752162204E-5	0.0326022162733334
11840000	-164.10282524020056	3.0939812240465066	-167.19680646424706	0.5629173110373382	0.0020931294864183184	0.08404959256139277	0.0020931294864183184	0.016689242070045955	-0.002748134931784093	0.08404959256139277	-0.002748134931784093	0.02566322057163664
11850000	-170.06106797185305	3.58858658825829	-173.64965456011134	0.4119031055380455	0.06495711659456879	0.0742805523914391	0.06495711659456879	0.025902120637642	0.00770120088861503	0.0742805523914391	0.00770120088861503	0.03640620310699081
11860000	-145.95641422294887	1.1617832792585492	-147.1181975022074	0.9983578310381045	-0.004603292170319874	0.07665381893814666	-0.004603292170319874	0.021193541566210297	-0.005472598991196172	0.07665381893814666	-0.005472598991196172	0.02022539313875701
11870000	-181.25432436497763	2.54297916534587	-183.79730353032352	0.39946761470645403	0.016789146836216823	0.10954589507606326	0.016789146836216823	0.01864313337969963	0.0037242428733117628	0.10954589507606326	0.0037242428733117628	0.054476936834407914
11880000	-171.6526239578624	3.317871597317118	-174.97049555517953	0.4372215426857504	0.012055952673213608	0.04248532620548366	0.012055952673213608	0.016653178539669085	-0.0013815681031562235	0.04248532620548366	-0.0013815681031562235	0.022845493312246116
11890000	-157.0376281549579	3.2132838744356453	-160.25091202939353	0.6206024420917811	0.0011093318241323525	0.11076875332274488	0.0011093318241323525	0.022543950470494917	-0.0016920605528466307	0.11076875332274488	-0.0016920605528466307	0.03606269289853831
11900000	-172.68227555678462	3.8564327764743833	-176.538708333259	0.4246720423249139	0.04554968808866928	0.07504425849988307	0.04554968808866928	0.022897944419005497	0.0018989481465259868	0.07504425849988307	0.0018989481465259868	0.033091650731082355
11910000	-165.00519084110636	2.147898193666803	-167.15308903477316	0.4885905542399187	0.03962574931676232	0.07383053835535103	0.03962574931676232	0.017677478049849565	0.006088483914852934	0.07383053835535103	0.006088483914852934	0.028120226382746052
11920000	-185.79707240045107	4.705268704603553	-190.50234110505463	0.18969918121477727	0.01306238927969322	0.030732790498763644	0.01306238927969322	0.014163845109905832	-6.720276240217925E-4	0.030732790498763644	-6.720276240217925E-4	0.024930375081343083
11930000	-164.87769179356866	3.1256433627005373	-168.0033351562692	0.5791453718139608	-4.953647800317255E-4	0.06499131530509919	-4.953647800317255E-4	0.01805004587376367	-0.0035207497557061206	0.06499131530509919	-0.0035207497557061206	0.02466250426024922
11940000	-159.0200007762194	1.8785159592488503	-160.89851673546826	0.8337974311638982	0.02571057263995315	0.12636633104217296	0.02571057263995315	0.025332913670554888	0.003458433770526227	0.12636633104217296	0.003458433770526227	0.036279685422805234
11950000	-175.52356159229967	3.703360123547174	-179.22692171584686	0.43811448757083904	-0.004709813305516146	0.051577009519458775	-0.004709813305516146	0.018579591895723477	-0.002878349027312783	0.051577009519458775	-0.002878349027312783	0.028780797535767698
11960000	-149.54736659135688	1.863155509486758	-151.41052210084362	0.8375467409179655	0.014555936293315497	0.08056457891036717	0.014555936293315497	0.013804315095533046	-0.0017184868673010122	0.08056457891036717	-0.0017184868673010122	0.0253961496144399
11970000	-170.27919150665383	2.5932712701385414	-172.87246277679236	0.44701951603983353	0.010268624806237359	0.04961171150128003	0.010268624806237359	0.01857033281474633	-0.006192505843920826	0.04961171150128003	-0.006192505843920826	0.02437707750931243
11980000	-172.6849755840766	4.05627700197101	-176.7412525860476	0.38956748629651816	-0.005869903220101455	0.043483430059020604	-0.005869903220101455	0.02064471553268927	-0.005132181952714856	0.043483430059020604	-0.005132181952714856	0.025036202069066177
11990000	-197.38686745082651	0.5565247551204227	-197.94339220594694	0.1773571335000206	8.642296075192327E-4	0.039031559253495406	8.642296075192327E-4	0.019459303396079774	3.19658190726641E-4	0.039031559253495406	3.19658190726641E-4	0.028102432310953905
12000000	-192.21533016936695	3.0578074906498096	-195.27313766001677	0.2859947621245174	-0.021291149403859903	0.08249250100342907	-0.021291149403859903	0.021492661582651635	-0.003852759436442291	0.08249250100342907	-0.003852759436442291	0.03998781191197676
12010000	-193.20906925753275	2.0125657110547204	-195.22163496858747	0.21244172091257496	0.01717863778986179	0.03996810734731085	0.01717863778986179	0.016912681152232236	-5.483658982451101E-4	0.03996810734731085	-5.483658982451101E-4	0.02479826479299934
12020000	-195.8742813363445	2.636407704407243	-198.51068904075174	0.21336062935440356	-0.021604355389580963	0.050036483534498286	-0.021604355389580963	0.02168764480401709	-0.007360498203916221	0.050036483534498286	-0.007360498203916221	0.030743854228084948
12030000	-147.1239976183677	1.7686872793414459	-148.89268489770913	0.9426494194259059	0.03029807576671396	0.06888597552785815	0.03029807576671396	0.026964867713633673	-0.005570918153722682	0.06888597552785815	-0.005570918153722682	0.02398975959087993
12040000	-174.68130764944263	3.744601115839944	-178.42590876528257	0.36785455526349514	0.008180846480600287	0.037352203390884256	0.008180846480600287	0.02238830666915534	-0.006940504276395044	0.037352203390884256	-0.006940504276395044	0.025038484275255863
12050000	-164.8805897329319	3.975216721931515	-168.8558064548634	0.4317970978395421	0.014620069042499151	0.06859086649330548	0.014620069042499151	0.01666285155452015	0.0014791981701888926	0.06859086649330548	0.0014791981701888926	0.031237292788851533
12060000	-159.1671833154633	1.9154520902802918	-161.0826354057436	0.8030953065545714	0.023203217625942647	0.1718470788322542	0.023203217625942647	0.023766695762656498	5.375272681980058E-4	0.1718470788322542	5.375272681980058E-4	0.056144165846706076
12070000	-185.93085296751005	3.593610873534618	-189.52446384104468	0.30581894229549544	0.015832168689647073	0.07208540908983177	0.015832168689647073	0.01984357314720094	-0.004103300221286838	0.07208540908983177	-0.004103300221286838	0.03248378938074908
12080000	-176.75761574610553	4.375086173948521	-181.13270192005405	0.29083349125171043	0.0055758024065647414	0.05269461882070126	0.0055758024065647414	0.013811646076935734	-0.0011565671025404913	0.05269461882070126	-0.0011565671025404913	0.026896842726330798
12090000	-157.6454305451062	0.16289491996450484	-157.8083254650707	1.2629047507643099	-0.018822527808486696	0.07055778589303452	-0.018822527808486696	0.020760801123214004	-0.0019811341594001574	0.07055778589303452	-0.0019811341594001574	0.02218136123203556
12100000	-150.08754626149153	0.2921105637460223	-150.37965682523756	1.0282072994930593	0.019385848569167474	0.08757865155410086	0.019385848569167474	0.021424584757324856	-0.0037343374119223386	0.08757865155410086	-0.0037343374119223386	0.028286670335061527
12110000	-177.15763495604577	4.336797927843492	-181.49443288388926	0.30887279818960045	-0.009415036215078791	0.027967668312028567	-0.009415036215078791	0.024200331454434072	-0.0029190976632671563	0.027967668312028567	-0.0029190976632671563	0.017030377447763385
12120000	-188.28169866129795	2.697314587986188	-190.97901324928415	0.1407846235889482	-0.006535627043445014	0.016459786874186068	-0.006535627043445014	0.016251309450865274	-0.001718143367577485	0.016459786874186068	-0.001718143367577485	0.01821859361149565
12130000	-170.92928889433463	4.347427877569995	-175.27671677190463	0.2904339903131137	0.004662756058237348	0.05226949717397087	0.004662756058237348	0.016627468493584884	-9.516460780428674E-4	0.05226949717397087	-9.516460780428674E-4	0.024642864136784265
12140000	-177.95686069136246	2.264985953512947	-180.2218466448754	0.3244083045072169	-0.015358501346013676	0.06122150485382781	-0.015358501346013676	0.0232678810963556	-0.004736350173685942	0.06122150485382781	-0.004736350173685942	0.03155433850902925
12150000	-189.29975852490114	4.28933850560609	-193.58909703050722	0.1830079434001235	0.0071461561221808695	0.04136391137698134	0.0071461561221808695	0.018402824634649914	-0.002873222115280325	0.04136391137698134	-0.002873222115280325	0.025567136267397966
12160000	-185.77830329632525	4.131519509286221	-189.90982280561147	0.23079317893837276	0.026933558979356394	0.05120360342189554	0.026933558979356394	0.020248789620472957	0.002536481131456934	0.05120360342189554	0.002536481131456934	0.03292966264831662
12170000	-202.4864885137744	4.784301309391026	-207.27078982316542	0.11343176159326332	0.008031663414137873	0.01529114692657945	0.008031663414137873	0.016914442400461263	0.0027312851605248043	0.01529114692657945	0.0027312851605248043	0.014826855738523334
12180000	-154.04833082286845	2.1278044595441217	-156.17613528241256	0.8100308793799238	0.0157289804383476	0.10448856480406378	0.0157289804383476	0.015556372905882073	4.224408631205018E-4	0.10448856480406378	4.224408631205018E-4	0.027376372708187626
12190000	-172.01442527135623	2.425653903565602	-174.44007917492183	0.3704693444637267	-0.003774182334254168	0.06454273111355102	-0.003774182334254168	0.019447280197216817	-3.1437669041581577E-4	0.06454273111355102	-3.1437669041581577E-4	0.024498419402486947
12200000	-163.67761389117194	2.3043485565316884	-165.98196244770364	0.6912360448449073	0.012284779012533744	0.11721874668075709	0.012284779012533744	0.01741552425676674	-0.0022468647568452916	0.11721874668075709	-0.0022468647568452916	0.04124779994256515
12210000	-193.94483243570667	4.1501371918772145	-198.09496962758388	0.17368930033153054	0.003091000496357549	0.02728360538416813	0.003091000496357549	0.0247281589733038	-0.001106924146751244	0.02728360538416813	-0.001106924146751244	0.02496642390271022
12220000	-189.67960139819522	4.23343355597789	-193.9130349541731	0.21796426198024424	-0.01355560393746085	0.05240033596612296	-0.01355560393746085	0.020778647106935434	-0.006482498780803795	0.05240033596612296	-0.006482498780803795	0.03083931620835524
12230000	-183.65478548280095	2.3336511311943626	-185.9884366139953	0.2616188819726499	0.025644998634926867	0.08880855841587522	0.025644998634926867	0.020593324883453595	0.0031931507017953307	0.08880855841587522	0.0031931507017953307	0.046845007101775735
12240000	-175.2490759497314	3.743907593184474	-178.99298354291588	0.43196562584250286	-6.166891623734986E-4	0.07508234676477854	-6.166891623734986E-4	0.01745676493080641	-0.0038163939993401817	0.07508234676477854	-0.0038163939993401817	0.029101997664701968
12250000	-165.84720625645204	3.232065833286211	-169.07927208973825	0.4674283754461798	-0.010233114096285464	0.023221047270211383	-0.010233114096285464	0.015355184969139315	-0.003446572973447393	0.023221047270211383	-0.003446572973447393	0.019164175098143173
12260000	-184.47804423688112	4.030437095686991	-188.5084813325681	0.3324357764171622	0.007483364916138295	0.058024183249183646	0.007483364916138295	0.024538229822383816	-0.0025860355495510206	0.058024183249183646	-0.0025860355495510206	0.025734038270120392
12270000	-167.46165957884588	0.5647865187603784	-168.02644609760625	0.7134239293540299	-0.016573576307222334	0.11056279606125351	-0.016573576307222334	0.02064112720824668	-0.004359271917154598	0.11056279606125351	-0.004359271917154598	0.032396749100091916
12280000	-180.71057891242356	4.373176536679168	-185.0837554491027	0.2799751539288843	-9.109672587134835E-4	0.07482106812788727	-9.109672587134835E-4	0.01638657151062544	-0.004888016245297418	0.07482106812788727	-0.004888016245297418	0.037096232447517266
12290000	-173.18928629557774	3.6794004274220646	-176.8686867229998	0.43181435522817807	0.017265894512994838	0.08155244085102024	0.017265894512994838	0.021570634535545426	-0.0016824890742022183	0.08155244085102024	-0.0016824890742022183	0.033951244433093206
12300000	-171.79511196164134	3.561075884515606	-175.35618784615696	0.384933200895658	0.006105237004983104	0.04488257960152228	0.006105237004983104	0.01633465606396816	-0.005185375735651847	0.04488257960152228	-0.005185375735651847	0.027965684113568052
12310000	-134.3869188034686	-0.49037068578728926	-133.8965481176813	1.4099995651406776	0.006023977941291179	0.1019454389964674	0.006023977941291179	0.014451233310966063	-0.0013646057777335567	0.1019454389964674	-0.0013646057777335567	0.02422783744967572
12320000	-163.76150568242562	2.822428509657508	-166.58393419208312	0.6847150395716056	0.005758070251411685	0.09345821534258918	0.005758070251411685	0.015178540515740765	4.229247296542527E-6	0.09345821534258918	4.229247296542527E-6	0.036133456105842024
12330000	-178.98243678195237	1.9423209783306277	-180.924757760283	0.4615973772872028	-0.005264851599650445	0.09162895073415978	-0.005264851599650445	0.01267734542975904	-0.004992126175666521	0.09162895073415978	-0.004992126175666521	0.0405571451118992
12340000	-179.81704166799435	3.223374414741355	-183.0404160827357	0.33172999665844666	0.0195161429309244	0.07730092923063564	0.0195161429309244	0.019601711561556066	4.098738583851935E-4	0.07730092923063564	4.098738583851935E-4	0.033944052399226286
12350000	-182.97281565791135	2.9177752174186025	-185.89059087532996	0.5463739762451836	0.011695742431734931	0.11131292707680622	0.011695742431734931	0.01873472040071549	2.2850431772905707E-4	0.11131292707680622	2.2850431772905707E-4	0.038495408682875897
12360000	-179.30596694325232	2.1514071166649185	-181.45737405991724	0.5459263414011597	0.016483580936238428	0.06886016078666102	0.016483580936238428	0.01300228441691433	-0.0013501026812774764	0.06886016078666102	-0.0013501026812774764	0.031067003818267366
12370000	-160.6279954446011	2.4705173118201116	-163.09851275642123	0.7406924821773375	1.3095072666310007E-4	0.07045105550275885	1.3095072666310007E-4	0.014639724564950485	0.0014175189570559603	0.07045105550275885	0.0014175189570559603	0.024760002090366107
12380000	-166.07387818956335	1.0154325467103473	-167.0893107362737	0.5070184315938344	0.03165721105987293	0.07284894692752934	0.03165721105987293	0.016438330057733992	0.0034871334494998795	0.07284894692752934	0.0034871334494998795	0.023773702517647537
12390000	-167.46768828411035	3.4497442894612007	-170.91743257357155	0.4546109886088195	-0.03626695351470944	0.04576126243160663	-0.03626695351470944	0.01819384871804315	-0.006440215031587697	0.04576126243160663	-0.006440215031587697	0.02039134952213676
12400000	-184.88103443232941	0.9348224136983561	-185.81585684602777	0.34274289394098506	0.03442240438682144	0.04601165956831258	0.03442240438682144	0.019342736986096346	8.271842811889106E-4	0.04601165956831258	8.271842811889106E-4	0.026158325985309056
12410000	-187.76203069284125	-2.477952299401883	-185.28407839343936	0.30684631518258476	-0.007970666788055206	0.04542643439688447	-0.007970666788055206	0.011189205967798078	0.0013007607591202157	0.04542643439688447	0.0013007607591202157	0.022491837299149484
12420000	-196.9441500269283	2.7473769959353205	-199.69152702286362	0.1595893995560247	-6.958610500930686E-4	0.0072656870266107	-6.958610500930686E-4	0.01626489511441635	3.632006492639932E-4	0.0072656870266107	3.632006492639932E-4	0.01602684438912329
12430000	-168.03389724456693	1.6384271237270696	-169.672324368294	0.5401331749833136	0.025414936590348502	0.0660358799373823	0.025414936590348502	0.01759556706699719	0.0014793845639594033	0.0660358799373823	0.0014793845639594033	0.024482608586818232
12440000	-151.50307763814857	2.3984095381956787	-153.90148717634423	0.7055691720453849	-0.0013080529835029016	0.06514453203963369	-0.0013080529835029016	0.01812541125821734	-0.0022099017200022868	0.06514453203963369	-0.0022099017200022868	0.019832383397766655
12450000	-152.9771352219933	1.6270392514037422	-154.60417447339705	0.7778007744350871	-0.010086702660631462	0.07882811958390783	-0.010086702660631462	0.0202399323996653	-0.004299923145653308	0.07882811958390783	-0.004299923145653308	0.022264450383894352
12460000	-166.32928328399245	2.249016542845156	-168.57829982683762	0.5485969006730386	0.00682956375544512	0.07105216360903763	0.00682956375544512	0.012825866774040365	5.278767633203649E-4	0.07105216360903763	5.278767633203649E-4	0.025734334784308185
12470000	-180.02553435838612	3.5127915603308506	-183.53832591871696	0.37318134621611865	-0.009035824077257459	0.06876076239670366	-0.009035824077257459	0.01568029452316411	-0.010887608406808	0.06876076239670366	-0.010887608406808	0.03423103560872275
12480000	-208.53074225077822	3.597203988633178	-212.1279462394114	0.11187826871177539	-0.008305240660447058	0.038559408594802246	-0.008305240660447058	0.016044584139397033	-0.006625176522791635	0.038559408594802246	-0.006625176522791635	0.035043637562978146
12490000	-192.51546561242884	4.555169678667827	-197.07063529109666	0.20636668819272297	-0.01452007528345254	0.041722088671763795	-0.01452007528345254	0.019520329676175334	-0.005369655772225918	0.041722088671763795	-0.005369655772225918	0.024440556037739328
12500000	-204.50380949303718	4.226602447746482	-208.73041194078365	0.1338619819206199	-0.002124415829480671	0.03157484815870319	-0.002124415829480671	0.015897867417585233	-0.0012151678572499694	0.03157484815870319	-0.0012151678572499694	0.024043015628782673
12510000	-189.6969575024624	3.6677404485001053	-193.3646979509625	0.2420832721078351	0.0036042428316839644	0.042213215175454094	0.0036042428316839644	0.021441783405892624	-0.0019440550838060824	0.042213215175454094	-0.0019440550838060824	0.027799304273022064
12520000	-153.34944802061813	2.262221641954593	-155.61166966257272	0.7713254230772746	-0.002287633763404911	0.03572661729507207	-0.002287633763404911	0.024058162108962444	-0.002613548161962377	0.03572661729507207	-0.002613548161962377	0.02260999205996545
12530000	-155.85473586271885	-1.3850815119268107	-154.46965435079204	0.6472587488380133	-0.014126681708010297	0.06035447435941084	-0.014126681708010297	0.019280975418599005	-0.0011295030314739604	0.06035447435941084	-0.0011295030314739604	0.021302118922020264
12540000	-177.98190549905183	4.342377954569013	-182.32428345362084	0.19889352387614545	-0.007088037070509457	0.027866267205238025	-0.007088037070509457	0.01627808222124924	-4.767135674070127E-4	0.027866267205238025	-4.767135674070127E-4	0.017422524042465026
12550000	-129.03446868608174	-4.6228176782741865	-124.41165100780756	2.185027111611561	0.04253909748878902	0.17686008101081566	0.04253909748878902	0.020529992839956396	-2.4461456603660017E-4	0.17686008101081566	-2.4461456603660017E-4	0.031368448607543106
12560000	-161.00559060671011	1.4106543077212375	-162.41624491443136	0.8444363602088609	0.07723030786620572	0.06620390478744083	0.07723030786620572	0.021922747153396527	-5.250916675791292E-4	0.06620390478744083	-5.250916675791292E-4	0.026665769313294375
12570000	-155.02734582523527	0.07387047457524343	-155.10121629981052	1.133190230663416	3.015967996985533E-4	0.16759403110394788	3.015967996985533E-4	0.021740169358006916	-0.004365023072345784	0.16759403110394788	-0.004365023072345784	0.042582306032049724
12580000	-150.45633202177873	0.5189757038097459	-150.9753077255885	1.1761521279274738	0.06694591524907392	0.05578983668374996	0.06694591524907392	0.022781053246424123	-7.628644543861687E-4	0.05578983668374996	-7.628644543861687E-4	0.01971096223492972
12590000	-162.64001418802417	2.5559276991403177	-165.19594188716448	0.7270334067810853	0.0582074858360719	0.10286973453514106	0.0582074858360719	0.022487216036421398	0.00403669477967219	0.10286973453514106	0.00403669477967219	0.030144987024905444
12600000	-176.41173152387998	1.5085662874043706	-177.92029781128434	0.3095897711170382	-0.01892128013407977	0.04875629327125258	-0.01892128013407977	0.01915129313419286	-0.003534302955875528	0.04875629327125258	-0.003534302955875528	0.028212436597994127
12610000	-175.44664719891176	3.958373448789142	-179.4050206477009	0.3758241897603549	-0.013726674019085571	0.05525513420354677	-0.013726674019085571	0.019813154569767937	-0.001322363441666548	0.05525513420354677	-0.001322363441666548	0.02326659482499434
12620000	-154.91643809075532	1.917872371179938	-156.83431046193525	0.9037654591249589	-0.011723161591457068	0.11087670069041651	-0.011723161591457068	0.017870970264668756	-4.942600418394153E-4	0.11087670069041651	-4.942600418394153E-4	0.03288042681876538
12630000	-185.6711679231995	4.357895524085722	-190.02906344728524	0.23120027142711988	0.01722802313544283	0.07768727019840013	0.01722802313544283	0.01603258423614976	0.005413032944536905	0.07768727019840013	0.005413032944536905	0.04296770273696441
12640000	-156.7235693731099	1.55485082490508	-158.278420198015	0.8432437724429604	-0.003527787294224979	0.08411048683272676	-0.003527787294224979	0.01223697390429012	-0.0016408589891599473	0.08411048683272676	-0.0016408589891599473	0.02233925459977762
12650000	-165.69470584725855	3.2686345007871775	-168.96334034804573	0.5352516024961552	0.010842449051086655	0.054365394880642355	0.010842449051086655	0.012499401669867379	-0.0012714963965741878	0.054365394880642355	-0.0012714963965741878	0.0243769490218836
12660000	-165.93353808027098	2.980573349424839	-168.91411142969582	0.5949331264944583	0.06329585824356669	0.10843898706263864	0.06329585824356669	0.02480257729982135	0.010632038684935086	0.10843898706263864	0.010632038684935086	0.03194351275990261
12670000	-188.78211308201813	4.1885730276595305	-192.97068610967767	0.21872136717708843	0.024771721248600383	0.04632063554866572	0.024771721248600383	0.02065449500134948	0.0031594798383436946	0.04632063554866572	0.0031594798383436946	0.030339915205130682
12680000	-173.20307886432246	3.673957294547283	-176.87703615886974	0.37408397232172674	-0.007364340662841248	0.052556329099725185	-0.007364340662841248	0.019524010392000447	-0.0039808249289784384	0.052556329099725185	-0.0039808249289784384	0.02324736697147811
12690000	-184.80939776224662	3.223782167612915	-188.03317992985953	0.36553017282568784	0.01981822894306015	0.07263311386278778	0.01981822894306015	0.023620141180334852	-0.0021212665518331106	0.07263311386278778	-0.0021212665518331106	0.035678251086636664
12700000	-169.86021643741955	2.306700785179598	-172.16691722259915	0.775596215029856	0.019495639944755894	0.11302624523336226	0.019495639944755894	0.02358166443380857	-0.006539194764070208	0.11302624523336226	-0.006539194764070208	0.0368847618108214
12710000	-166.1638969663846	4.12074671915794	-170.28464368554256	0.4310054895683522	0.01296626195056222	0.06004061762584098	0.01296626195056222	0.021157306550882393	-0.0013847609567502158	0.06004061762584098	-0.0013847609567502158	0.027706483215050478
12720000	-143.582257854614	-0.9065542367202509	-142.67570361789376	1.2795183132463064	0.05607937486523616	0.12235393166670504	0.05607937486523616	0.018832868290463663	0.0046422230369216975	0.12235393166670504	0.0046422230369216975	0.0351174862682764
12730000	-172.6610157302082	2.2215911239369723	-174.88260685414517	0.5127165367636703	0.02182518169874612	0.03586984882599035	0.02182518169874612	0.023495287098735308	-0.0024283646750585	0.03586984882599035	-0.0024283646750585	0.01932285689133153
12740000	-153.4901478985848	1.6442038747819792	-155.13435177336677	0.7971697063977866	5.588387725755758E-4	0.09092455564759755	5.588387725755758E-4	0.014041553282439232	-0.005412703705144158	0.09092455564759755	-0.005412703705144158	0.034141198066493884
12750000	-153.27716843926436	0.8450077628099792	-154.12217620207434	1.0798464643141905	-0.07020571664061219	0.07478856046694776	-0.07020571664061219	0.021411537759785233	-0.008774913762825411	0.07478856046694776	-0.008774913762825411	0.02365841978840736
12760000	-173.64567399385325	-0.16111845429819205	-173.48455553955506	0.5717880940079667	-0.01983149879717585	0.05740843563208266	-0.01983149879717585	0.021908342793395225	-0.003119460293439547	0.05740843563208266	-0.003119460293439547	0.022197773551243576
12770000	-184.08650019074915	4.214541273518134	-188.30104146426729	0.24595875252831562	0.011306253972218277	0.04409473917884433	0.011306253972218277	0.02559315671660645	-0.0021991181110204276	0.04409473917884433	-0.0021991181110204276	0.0244367545485532
12780000	-181.58872754258283	3.152948098124006	-184.74167564070683	0.37994850615259995	-0.02398456654955674	0.04832020241761102	-0.02398456654955674	0.014733997096653934	-0.0013651530486896027	0.04832020241761102	-0.0013651530486896027	0.024891625510098103
12790000	-242.13192061545664	4.2341531248980875	-246.36607374035472	0.05604008222715594	-0.001695315178579507	0.038635371667600074	-0.001695315178579507	0.013511607584624146	-0.0015414600074105066	0.038635371667600074	-0.0015414600074105066	0.04103194369204404
12800000	-178.32468026757215	3.690684609880349	-182.0153648774525	0.38907596265745703	0.03081987930723586	0.06852070851335422	0.03081987930723586	0.024184660977135425	0.004251731145904049	0.06852070851335422	0.004251731145904049	0.030620135354310296
12810000	-151.43273458897514	1.660032096250692	-153.09276668522583	0.8895147365584906	-0.006700630898674536	0.12085471569799124	-0.006700630898674536	0.0113767883419803	-0.005327453652154777	0.12085471569799124	-0.005327453652154777	0.03259156914906176
12820000	-151.7060538989076	-0.15954948466406682	-151.54650441424354	0.906516290041476	0.013548799992533833	0.08848204797303362	0.013548799992533833	0.017567966629520954	0.004534214291667079	0.08848204797303362	0.004534214291667079	0.02702458664258104
12830000	-169.91069548212818	2.33356275369163	-172.2442582358198	0.5083025547887073	0.02101962631082393	0.10290806491774974	0.02101962631082393	0.0189305033980439	0.002686244893130339	0.10290806491774974	0.002686244893130339	0.03260302747462678
12840000	-161.36428804632703	2.8531924050928703	-164.2174804514199	0.5528945056463868	0.026184118572775403	0.08211295372415824	0.026184118572775403	0.01946785341709597	0.003732558330282057	0.08211295372415824	0.003732558330282057	0.029064795924646825
12850000	-174.4277133480399	1.3864489533418025	-175.8141623013817	0.4508333135922024	0.010689757822288967	0.06804039880541506	0.010689757822288967	0.01867646495638704	-0.0021931368515999894	0.06804039880541506	-0.0021931368515999894	0.029373921591247402
12860000	-145.03047318444064	1.079262843850965	-146.1097360282916	1.1446231439248902	0.05568343712603714	0.15050054640436455	0.05568343712603714	0.026899849451457535	0.004398873986547015	0.15050054640436455	0.004398873986547015	0.04227233568981403
12870000	-165.86865265851264	4.01511870017981	-169.88377135869246	0.384093417065491	-0.0020842940766957383	0.074465440508683	-0.0020842940766957383	0.020384951910673008	-0.0054051846689714906	0.074465440508683	-0.0054051846689714906	0.031486042128774726
12880000	-166.2441384093282	2.0207663608343944	-168.2649047701626	0.4509806329587607	-0.01128803780188348	0.025480434253936476	-0.01128803780188348	0.017517857622430775	-0.0013184322255505609	0.025480434253936476	-0.0013184322255505609	0.012380335405432139
12890000	-157.84570832168518	2.3090729766598574	-160.15478129834503	0.8091329433225747	2.5087506666078286E-4	0.11733818805402538	2.5087506666078286E-4	0.01990589632250182	-0.006253860768657	0.11733818805402538	-0.006253860768657	0.03733489223889215
12900000	-150.8073099444324	2.120301817125674	-152.92761176155807	0.6490484616194265	-0.004784612907705593	0.05145916760392454	-0.004784612907705593	0.014000127985633732	-0.001879873297542142	0.05145916760392454	-0.001879873297542142	0.01997266484631386
12910000	-153.27594512944842	2.4202126829715054	-155.69615781241993	0.5932550059300286	0.014264257099312682	0.04957770854509164	0.014264257099312682	0.02055423226297834	-0.002787261971905968	0.04957770854509164	-0.002787261971905968	0.019014480649053124
12920000	-175.9363877494729	3.061029477034277	-178.9974172265072	0.48901531729671494	0.01511714639294944	0.07886739880077413	0.01511714639294944	0.014850208068830202	0.001163197870491491	0.07886739880077413	0.001163197870491491	0.02995102269116721
12930000	-181.14569638482456	2.9844792501779827	-184.13017563500253	0.20877038223800823	0.006702384389075516	0.05275519499521154	0.006702384389075516	0.016411686088504095	0.0016447040708573474	0.05275519499521154	0.0016447040708573474	0.03315243829269461
12940000	-160.4568937274427	1.4298638520644853	-161.88675757950716	0.8761070733897053	0.029735470882703098	0.040480392155490534	0.029735470882703098	0.024590094011950683	-0.0012970136369874082	0.040480392155490534	-0.0012970136369874082	0.01755081138729054
12950000	-205.12281222833568	4.633969861267338	-209.756782089603	0.1526227979953266	-0.002331259625277293	0.03742049706755051	-0.002331259625277293	0.015180094618035687	-0.002917803876811197	0.03742049706755051	-0.002917803876811197	0.027269750704591145
12960000	-166.0640536535387	1.7874036118938759	-167.85145726543257	0.7160911411304248	-0.0035172644333109314	0.11023940588193758	-0.0035172644333109314	0.013285442708676511	0.0024022945967766547	0.11023940588193758	0.0024022945967766547	0.034862720417009385
12970000	-166.6070450736389	3.3077883040425125	-169.9148333776814	0.5381959815267471	0.025697516359590833	0.09925963183730595	0.025697516359590833	0.01659057631472898	-1.4461188236455404E-5	0.09925963183730595	-1.4461188236455404E-5	0.033909105278792526
12980000	-163.65461927375875	3.328069328631295	-166.98268860239006	0.42234810018398095	0.019640563816268955	0.06062236494356419	0.019640563816268955	0.017962841475785606	0.002901826644689852	0.06062236494356419	0.002901826644689852	0.022633637944269723
12990000	-187.5540938236741	2.1540512982565594	-189.70814512193064	0.3336744800523746	0.02077256256841443	0.06281048954085794	0.02077256256841443	0.021127883451015645	-3.08450124948601E-4	0.06281048954085794	-3.08450124948601E-4	0.04029683750019035
13000000	-158.78050379789633	1.152505883124456	-159.9330096810208	0.8687931288471453	-0.024324665527063395	0.10881726257448102	-0.024324665527063395	0.022116160722692863	-0.004875602024678598	0.10881726257448102	-0.004875602024678598	0.03173922425288305
13010000	-159.3766446713582	1.3849545730385247	-160.76159924439673	0.5465042263747374	0.015474308577569288	0.03844714675857499	0.015474308577569288	0.02064068672749996	-0.001784147733601084	0.03844714675857499	-0.001784147733601084	0.01994039427106326
13020000	-168.22511053529058	2.9889246622650827	-171.21403519755566	0.637410393961814	0.02197547756763219	0.11255931334190403	0.02197547756763219	0.017417789283193746	0.0016775292108605335	0.11255931334190403	0.0016775292108605335	0.04221120443683521
13030000	-196.6843082879993	4.492105610203	-201.1764138982023	0.15772521938936518	-0.008918361415756897	0.039411834194016206	-0.008918361415756897	0.014108206697899507	-0.006327058238899806	0.039411834194016206	-0.006327058238899806	0.024956478103973403
13040000	-195.87824924796442	4.608125419550811	-200.48637466751524	0.198277249673777	0.027648904895030746	0.04555668094366884	0.027648904895030746	0.02166733243509497	0.0024118883997079517	0.04555668094366884	0.0024118883997079517	0.027809470627403972
13050000	-217.24736601887287	4.4299742409206475	-221.6773402597935	0.06572286931389137	0.011793860216044326	0.02765275570267485	0.011793860216044326	0.01895178921480985	0.0015567188075433342	0.02765275570267485	0.0015567188075433342	0.02676066476635392
13060000	-196.61198735357152	2.234032754704224	-198.84602010827575	0.27598157877947715	0.004023969102266638	0.07033325650098804	0.004023969102266638	0.014275382687586245	5.748196230737335E-4	0.07033325650098804	5.748196230737335E-4	0.033934007425826154
13070000	-179.5253400895901	3.6920817461517257	-183.21742183574182	0.4027021487941966	0.0221868464091429	0.08072431574505316	0.0221868464091429	0.021084301963875653	0.0010090067510017727	0.08072431574505316	0.0010090067510017727	0.03555570329109983
13080000	-145.0627658443166	-0.37841166613684896	-144.68435417817975	1.32223634296392	-0.01278856992769106	0.09456495749026748	-0.01278856992769106	0.01691842845327184	-0.003556310535852557	0.09456495749026748	-0.003556310535852557	0.02885641212604715
13090000	-163.56396099663723	2.2897408611098533	-165.8537018577471	0.6123678786982782	-0.013187689855332379	0.1168359875241318	-0.013187689855332379	0.02171366473872696	-0.0027074289981052343	0.1168359875241318	-0.0027074289981052343	0.04516470281879542
13100000	-156.57503237247002	0.9367376140775114	-157.51176998654753	0.6319871515297357	-0.007823411269772783	0.06090012785872574	-0.007823411269772783	0.014404082025991317	-0.0021432624967817125	0.06090012785872574	-0.0021432624967817125	0.020876803564534377
13110000	-146.7580938548948	2.594696631264223	-149.35279048615902	0.7689637214676781	0.015352615546178758	0.09428472988241024	0.015352615546178758	0.02000872722020659	0.0036232593141625287	0.09428472988241024	0.0036232593141625287	0.02624328560822913
13120000	-183.19777262815333	3.9720157087595327	-187.16978833691286	0.298650023972156	0.023721892576562507	0.055408104120529586	0.023721892576562507	0.02243728776852344	0.004572872125715627	0.055408104120529586	0.004572872125715627	0.03147055293416544
13130000	-197.74696101592272	2.3199858491247216	-200.06694686504744	0.24691184646087744	0.017748019746503675	0.06187482226782249	0.017748019746503675	0.024537040087390168	-0.0014752253902493183	0.06187482226782249	-0.0014752253902493183	0.039266806898361095
13140000	-170.0999947321658	0.23843721631818005	-170.338431948484	0.48986599180245766	0.019004817876960532	0.0695877596529329	0.019004817876960532	0.01490298638383245	2.488873363616353E-4	0.0695877596529329	2.488873363616353E-4	0.025240610294071805
13150000	-209.55479949645544	4.2015598822723765	-213.7563593787278	0.11090913971042331	0.012241544159018413	0.04494548318062507	0.012241544159018413	0.020611524503748865	0.004661680244834796	0.04494548318062507	0.004661680244834796	0.03515158067962091
13160000	-184.1565582413343	4.360960869910049	-188.51751911124435	0.23696422058844377	-7.75772989364721E-4	0.04975303240234281	-7.75772989364721E-4	0.018280372699888026	1.1305870546376605E-4	0.04975303240234281	1.1305870546376605E-4	0.026104259660476657
13170000	-175.63728826480528	3.4909522172667016	-179.128240482072	0.3092902469916706	0.01792363052235811	0.06628566323839444	0.01792363052235811	0.01722929169108743	0.0020182199757906184	0.06628566323839444	0.0020182199757906184	0.026576399140691938
13180000	-185.39670288442844	3.580759436268491	-188.97746232069693	0.20227186038140663	0.014294100095045635	0.03787241743521716	0.014294100095045635	0.018998585630221648	0.0025546455462050707	0.03787241743521716	0.0025546455462050707	0.024785423701879427
13190000	-144.34963595239418	1.1587332631576635	-145.50836921555185	1.044714035187307	0.033792998063913685	0.1045024227493369	0.033792998063913685	0.019450504052745787	-0.002841980014902732	0.1045024227493369	-0.002841980014902732	0.026406481111904648
13200000	-168.13065326794938	3.5781185215504636	-171.70877178949985	0.5326656259417919	0.009962115053117311	0.07537614337174911	0.009962115053117311	0.024309467253347292	0.003880316090404246	0.07537614337174911	0.003880316090404246	0.027646972574014855
13210000	-164.14176149388877	2.946830067453596	-167.08859156134235	0.6652425483231473	0.008444197629062454	0.08752141709747187	0.008444197629062454	0.017566831201537923	0.0024444183629379382	0.08752141709747187	0.0024444183629379382	0.028185999515645075
13220000	-148.6189583023959	1.9522849362096744	-150.57124323860558	0.8401639738680549	-0.020165664576176617	0.08349530696487131	-0.020165664576176617	0.023219618810372027	-0.003743617487308111	0.08349530696487131	-0.003743617487308111	0.026382947775636878
13230000	-161.48924707919554	3.388279383285333	-164.87752646248086	0.5036799314863314	-0.008643987573870662	0.08831170265822055	-0.008643987573870662	0.019605827725603965	-0.004537617642655427	0.08831170265822055	-0.004537617642655427	0.03274387685197626
13240000	-172.35922492853967	3.1224256251675104	-175.4816505537072	0.2987428893119635	0.017743236897111325	0.06355657009566869	0.017743236897111325	0.01619437455634994	0.0036798557962375777	0.06355657009566869	0.0036798557962375777	0.031422357486434654
13250000	-168.52932996492575	3.6308013189952804	-172.16013128392103	0.40921368608156605	0.003944578073270446	0.044019504990464586	0.003944578073270446	0.019052311724179566	-9.919763189080435E-4	0.044019504990464586	-9.919763189080435E-4	0.02538622566001307
13260000	-153.21730151158	1.8274320310410692	-155.04473354262106	0.7455798061290264	0.0065800036136897805	0.09196360951667902	0.0065800036136897805	0.01872253496220496	-0.0037727779163751656	0.09196360951667902	-0.0037727779163751656	0.03253337433048602
13270000	-167.4302846643757	3.235575909552911	-170.66586057392863	0.513349411131645	-0.01478637452531901	0.04768185574974002	-0.01478637452531901	0.019338693255397076	-0.0027001264322037703	0.04768185574974002	-0.0027001264322037703	0.02039060986887256
13280000	-168.16997911628462	2.81076618094372	-170.98074529722834	0.4890037211647996	0.03630275055457277	0.08608685303972054	0.03630275055457277	0.017938354652457144	0.007173886177919877	0.08608685303972054	0.007173886177919877	0.030841471189675153
13290000	-150.88719657640289	0.28229476114355423	-151.16949133754645	0.7663324908053213	0.04282882014569842	0.0718057223519184	0.04282882014569842	0.01716104186361292	7.804042227250916E-4	0.0718057223519184	7.804042227250916E-4	0.02607979584333929
13300000	-158.5507975008099	3.1100208438396857	-161.66081834464958	0.48831380408185915	0.014785610196135286	0.07483504029461054	0.014785610196135286	0.015596487439833127	0.002080537125258048	0.07483504029461054	0.002080537125258048	0.0296724152187131
13310000	-162.37100593693376	0.3388173721732083	-162.70982330910695	0.9603366430686763	0.04988266226640849	0.0635641016157826	0.04988266226640849	0.01966109807054148	0.0010577336283025857	0.0635641016157826	0.0010577336283025857	0.01744716016424453
13320000	-188.79099518009957	4.0171816770195035	-192.80817685711907	0.26364074119251146	-0.005051050673809088	0.03399187935867465	-0.005051050673809088	0.016624995631580774	-0.005892498372842609	0.03399187935867465	-0.005892498372842609	0.026457695130910716
13330000	-165.15437841491507	2.6978089595473556	-167.85218737446243	0.5636835345981049	0.01637715972778662	0.06654787243852303	0.01637715972778662	0.019120812141382865	0.0023548245365878013	0.06654787243852303	0.0023548245365878013	0.02944939103915811
13340000	-197.5085485930696	3.2749857958348674	-200.78353438890449	0.14313632145665817	0.007764780228885343	0.019421472259576814	0.007764780228885343	0.011906216574407985	-5.348506138050644E-4	0.019421472259576814	-5.348506138050644E-4	0.020964611698824184
13350000	-180.74243762171042	3.239001655822639	-183.98143927753307	0.3080147245310135	-0.02547102325878776	0.05605015857920254	-0.02547102325878776	0.017484928242533893	-0.007951351893701372	0.05605015857920254	-0.007951351893701372	0.025447124801841553
13360000	-168.660977649198	3.1377834863254077	-171.79876113552342	0.5292905790138283	0.02461598789957344	0.11754194596628431	0.02461598789957344	0.015066517148983353	0.0063676527933707976	0.11754194596628431	0.0063676527933707976	0.04134063731158822
13370000	-170.09762420053428	3.023709350089449	-173.12133355062375	0.45981046955359134	0.007869249930732269	0.07553665673349522	0.007869249930732269	0.022651005486382454	-0.003109186005255631	0.07553665673349522	-0.003109186005255631	0.0336406845411892
13380000	-156.25968029252334	3.0339584773715886	-159.29363876989493	0.598473705829511	0.024647698690905228	0.08216210357684386	0.024647698690905228	0.017846700666675736	0.0031239812074977833	0.08216210357684386	0.0031239812074977833	0.02585031246425053
13390000	-161.92547911485804	1.9286260972821383	-163.85410521214018	0.5420311544274884	0.0037235469039096558	0.05457191484010226	0.0037235469039096558	0.022197788834704295	-0.003680863184582787	0.05457191484010226	-0.003680863184582787	0.02227912999116581
13400000	-159.2233033855118	1.7714297904179066	-160.9947331759297	0.9504481698777497	-0.012338547419476261	0.09163624339898033	-0.012338547419476261	0.02348978562844113	-0.004815628097676279	0.09163624339898033	-0.004815628097676279	0.02733037820308129
13410000	-149.58006400287866	-0.9082905901997312	-148.67177341267893	1.298487789295833	0.03781416288158642	0.09540363329958326	0.03781416288158642	0.015459342284252178	-0.0021581865368074243	0.09540363329958326	-0.0021581865368074243	0.023476654259916206
13420000	-203.4767994051139	4.045029675124088	-207.52182908023798	0.11023798109278213	0.010280638539825453	0.02895082271716509	0.010280638539825453	0.01581979943101867	0.0024912794363344372	0.02895082271716509	0.0024912794363344372	0.02229106332021065
13430000	-180.6907903910338	3.059550721023334	-183.75034111205713	0.31625812628414046	-0.016592225286634846	0.05147751090976143	-0.016592225286634846	0.014772233214917965	-0.00247473458538355	0.05147751090976143	-0.00247473458538355	0.023595992083334315
13440000	-194.65018532667048	0.8894266498359231	-195.5396119765064	0.2321655318715114	0.00347025307749668	0.04245962876830147	0.00347025307749668	0.013440075088203234	-0.003270857205281563	0.04245962876830147	-0.003270857205281563	0.0230277376955724
13450000	-162.21707847080467	-0.14151257343949775	-162.07556589736518	0.8490474163618109	-0.05422805642440115	0.08217999213098977	-0.05422805642440115	0.026889584636485605	-0.00467205265607617	0.08217999213098977	-0.00467205265607617	0.021723719985847673
13460000	-160.675758534322	1.369740792844965	-162.04549932716697	0.649089262131964	0.004886671927809151	0.08635170033849819	0.004886671927809151	0.015302055276850282	-1.1772570764595903E-4	0.08635170033849819	-1.1772570764595903E-4	0.027803597712157353
13470000	-160.27049056390888	2.3386131864245163	-162.6091037503334	0.6149628056044403	0.012416269631045775	0.042345280674026306	0.012416269631045775	0.01482897618863051	-0.0016208591211138213	0.042345280674026306	-0.0016208591211138213	0.01592048046395877
13480000	-160.62914592187803	2.3684135786094376	-162.99755950048748	0.48961803551779365	0.0055260469522325625	0.08932035782700243	0.0055260469522325625	0.017860184388216474	-0.002855684779625154	0.08932035782700243	-0.002855684779625154	0.037982131827352286
13490000	-168.2162583687401	1.6461681821151348	-169.86242655085525	0.5137139987543656	0.032116830467930464	0.09868171266805706	0.032116830467930464	0.025378914262084166	6.276287051869625E-4	0.09868171266805706	6.276287051869625E-4	0.03605988684115852
13500000	-178.34825353048933	2.965863768662275	-181.3141172991516	0.44936557236550206	0.016277468084051776	0.10910212142464383	0.016277468084051776	0.018251818613560226	0.0035040536974153633	0.10910212142464383	0.0035040536974153633	0.04406805753004271
13510000	-174.64888514376696	3.4464768891111657	-178.0953620328781	0.41684527096061025	0.01850973924106597	0.07846041250001358	0.01850973924106597	0.018740761659565633	-1.6556274705422681E-4	0.07846041250001358	-1.6556274705422681E-4	0.034645788010309785
13520000	-165.09792403719575	2.292572138840767	-167.39049617603652	0.8230658960399511	0.012313839751195155	0.06788129452611402	0.012313839751195155	0.014330526310791843	-0.00325244074606502	0.06788129452611402	-0.00325244074606502	0.024749623254523415
13530000	-171.39150525317993	2.962016761544648	-174.35352201472458	0.4273699509964853	-0.01997163372876723	0.061164602011939975	-0.01997163372876723	0.02281243366116022	-0.007391131501588458	0.061164602011939975	-0.007391131501588458	0.026939172544064194
13540000	-157.93586679827388	2.4938509984712613	-160.42971779674514	0.6584485396367441	-0.018796121486256853	0.06708632898515561	-0.018796121486256853	0.018966666872821145	-0.004494315863413032	0.06708632898515561	-0.004494315863413032	0.026621048029663693
13550000	-188.48542903020635	3.8362713110254023	-192.32170034123175	0.23108402675503412	-0.0167565454123665	0.05678175555016009	-0.0167565454123665	0.020868430389576104	-0.00607439735139011	0.05678175555016009	-0.00607439735139011	0.030701253273193223
13560000	-201.22071241994854	4.423670997341026	-205.64438341728956	0.1797626715674506	0.02069230561147614	0.04793616666181572	0.02069230561147614	0.022912208717655664	0.0045542845923480235	0.04793616666181572	0.0045542845923480235	0.03350183524917635
13570000	-177.54331411631154	4.318987074042467	-181.862301190354	0.2620253901381674	0.0020474738459403466	0.046944045908965684	0.0020474738459403466	0.015351765628709295	-0.0021324139015511077	0.046944045908965684	-0.0021324139015511077	0.02576658234577505
13580000	-190.99347408939065	2.6603383341226423	-193.6538124235133	0.23165245275240326	0.01616744025626741	0.04060514363287501	0.01616744025626741	0.019893805033234697	0.0018339944904500534	0.04060514363287501	0.0018339944904500534	0.030140731543764933
13590000	-175.97888687455935	3.8850813830915025	-179.86396825765084	0.34646391636799306	0.004011843408610658	0.03852193598810525	0.004011843408610658	0.01675153239959358	-0.004396056922189322	0.03852193598810525	-0.004396056922189322	0.022763457770814004
13600000	-233.74158165906192	4.48176334312957	-238.22334500219148	0.05129021333936962	0.011553786220745904	0.01268866866460974	0.011553786220745904	0.02213105782205101	0.0022770418292492357	0.01268866866460974	0.0022770418292492357	0.020695081690987077
13610000	-187.83635823776441	4.052637344581248	-191.88899558234567	0.2057643920887398	0.001945647567300146	0.05119517408552213	0.001945647567300146	0.012912177590235153	-0.0013782927568523982	0.05119517408552213	-0.0013782927568523982	0.028410967929585394
13620000	-176.19638502367732	4.662993532586007	-180.85937855626332	0.24413783623191768	0.010965746647585954	0.05815466614755208	0.010965746647585954	0.017033494610977914	0.0014433005585479282	0.05815466614755208	0.0014433005585479282	0.03371089652954609
13630000	-194.9007794129444	4.633580720692078	-199.53436013363645	0.20642939731761517	0.02467131747347624	0.04735496010558488	0.02467131747347624	0.029972702730175934	0.009349088971967007	0.04735496010558488	0.009349088971967007	0.035280746656902805
13640000	-155.88452205339496	1.57288141838767	-157.45740347178264	0.9429540033996634	0.043038695386064654	0.11621914660617196	0.043038695386064654	0.018453050852633872	0.0017069250835562324	0.11621914660617196	0.0017069250835562324	0.03321245679806794
13650000	-166.218298759198	3.747547881800334	-169.96584664099834	0.4696175585709342	-0.009631635234912788	0.03899799224914197	-0.009631635234912788	0.02329794611108273	-0.0025318363026061255	0.03899799224914197	-0.0025318363026061255	0.016942602432057446
13660000	-170.23300956935233	3.674783087600207	-173.90779265695255	0.380291565775531	0.007613837875289597	0.0502524064480568	0.007613837875289597	0.018791887789221147	-0.004062238468906111	0.0502524064480568	-0.004062238468906111	0.02323736956138249
13670000	-160.5811753142366	0.8950357343908983	-161.47621104862748	0.6322393886844673	0.0026153718758116515	0.06102482070081744	0.0026153718758116515	0.018867190096399183	8.610233886821928E-4	0.06102482070081744	8.610233886821928E-4	0.024176604756763264
13680000	-159.92555935836438	1.7657115406117923	-161.69127089897617	0.5600869250001539	0.009871937183087367	0.049903636467220104	0.009871937183087367	0.019002661110616523	-0.003354504677597542	0.049903636467220104	-0.003354504677597542	0.01828500218287264
13690000	-155.0116222225843	0.005353208967277645	-155.01697543155157	0.9578427907602007	0.049655715316132595	0.12146362405242367	0.049655715316132595	0.023104302015142845	0.006482756312474795	0.12146362405242367	0.006482756312474795	0.031750540290131066
13700000	-182.04691956329285	3.851179647077788	-185.89809921037065	0.26904869508130147	0.00762900810747678	0.043482120467346556	0.00762900810747678	0.014456337389811887	-6.61386708995193E-4	0.043482120467346556	-6.61386708995193E-4	0.02562435012807176
13710000	-164.3261128114494	3.32019542358175	-167.64630823503114	0.574400576722515	0.021086034397002955	0.08310474348613814	0.021086034397002955	0.02208228644238677	0.002332779689673931	0.08310474348613814	0.002332779689673931	0.03125498240530335
13720000	-154.76899398411098	3.445353403719051	-158.21434738783003	0.5604858093818471	0.009890383964158596	0.05635753160461397	0.009890383964158596	0.020747557455874106	-3.396264156775037E-4	0.05635753160461397	-3.396264156775037E-4	0.021839528204951164
13730000	-170.0154576565017	2.217396693266957	-172.23285434976864	0.6358724800363915	0.014623737324510168	0.08551560057123259	0.014623737324510168	0.015668620823504606	-0.004863063843615997	0.08551560057123259	-0.004863063843615997	0.02872368019519828
13740000	-168.7228106241354	3.512136169684049	-172.23494679381946	0.5590310267758322	0.02478505019748995	0.03774314483125857	0.02478505019748995	0.017413891825556655	-0.0021858856801121535	0.03774314483125857	-0.0021858856801121535	0.020452145258915432
13750000	-159.26214758426232	3.386781382297466	-162.6489289665598	0.5472873088690482	0.030733508841514483	0.04811255335722533	0.030733508841514483	0.022217024173991448	0.00338087092175582	0.04811255335722533	0.00338087092175582	0.01962265217458614
13760000	-201.88145843109282	1.9395500247979256	-203.82100845589076	0.23905886924454106	0.011902268547968222	0.07863812276904122	0.011902268547968222	0.01305741271005622	0.001495991840986556	0.07863812276904122	0.001495991840986556	0.041917339287750946
13770000	-168.69457175640096	3.737193202071552	-172.4317649584725	0.37378126730137895	-0.01009566165915628	0.07256081515193494	-0.01009566165915628	0.021331971766033186	-0.006157686758827663	0.07256081515193494	-0.006157686758827663	0.03116317786734161
13780000	-156.68301583966831	2.9285767013291606	-159.61159254099746	0.5303613562838684	0.0326713567130676	0.07943533202402603	0.0326713567130676	0.01619905004694656	0.004047484577326565	0.07943533202402603	0.004047484577326565	0.02553485352370901
13790000	-158.73367895083166	1.3770762806169592	-160.11075523144862	0.658081385806471	0.01289174848948161	0.048180668310224	0.01289174848948161	0.01635044938537413	-0.001487455957302348	0.048180668310224	-0.001487455957302348	0.03009886436645286
13800000	-160.37761287510057	2.6288563319369613	-163.00646920703753	0.604994791107347	-0.006473526757893358	0.09280571126245944	-0.006473526757893358	0.021275292478892295	-0.005785827457417621	0.09280571126245944	-0.005785827457417621	0.03141530718319681
13810000	-165.95907308631573	2.9730351661851238	-168.93210825250085	0.5655361644445719	0.046661715758981585	0.07597989275010505	0.046661715758981585	0.025248742125748964	0.006161977622537066	0.07597989275010505	0.006161977622537066	0.028461295756868104
13820000	-160.46200030955012	2.3312679936702003	-162.79326830322032	0.7438240032406007	0.059540554404447624	0.04890410037409663	0.059540554404447624	0.02383342175654009	-9.689329155256627E-4	0.04890410037409663	-9.689329155256627E-4	0.019718655163761103
13830000	-183.649642005748	3.9794553407339954	-187.629097346482	0.34561249316290515	0.0402579309632592	0.03395138579707979	0.0402579309632592	0.021625442839361603	-0.001160818566161008	0.03395138579707979	-0.001160818566161008	0.023329739090211975
13840000	-149.87344773311852	2.2196325137976376	-152.09308024691617	0.7198662754333157	0.018661218167023628	0.10118291694507744	0.018661218167023628	0.022249561749260356	8.995447427005265E-5	0.10118291694507744	8.995447427005265E-5	0.03120189278040018
13850000	-175.03340422212491	2.853065430662451	-177.88646965278735	0.5991873120833819	0.010776178712177871	0.13043267256786759	0.010776178712177871	0.01291875619254635	0.0017617639057951528	0.13043267256786759	0.0017617639057951528	0.05118926392938849
13860000	-161.79819567558476	3.152596014323098	-164.95079168990787	0.5204943940631366	-0.003096615565542237	0.07981947378217666	-0.003096615565542237	0.01882312081261641	-0.0022754006172980446	0.07981947378217666	-0.0022754006172980446	0.029972286536018064
13870000	-164.25355033942452	3.8886093924721803	-168.1421597318967	0.4490430635566783	0.023646247830958287	0.054920471189753545	0.023646247830958287	0.016351518017681158	8.14608003447413E-4	0.054920471189753545	8.14608003447413E-4	0.025474016264437613
13880000	-201.553242212921	2.69288432505816	-204.24612653797917	0.11720308241490716	-0.0036341481616912245	0.04453042785610528	-0.0036341481616912245	0.012589986404409581	-0.005208863002728479	0.04453042785610528	-0.005208863002728479	0.032779047063125226
13890000	-202.83207230670462	4.362734762807348	-207.19480706951197	0.11309144521625296	0.00806107466284764	0.028250933893656682	0.00806107466284764	0.01888500318649183	0.003711270654366215	0.028250933893656682	0.003711270654366215	0.022607000803594575
13900000	-175.54616413077565	4.027283599638511	-179.57344773041416	0.32332872042808336	0.009488518658148825	0.05103256152439978	0.009488518658148825	0.013875099618174956	-0.0033431630211376894	0.05103256152439978	-0.0033431630211376894	0.02444651525638987
13910000	-157.30366128954134	2.5296431256087515	-159.83330441515008	0.8117998491419216	-0.00425314122820012	0.04643266079393983	-0.00425314122820012	0.02241829687297681	-0.002848089844628826	0.04643266079393983	-0.002848089844628826	0.020279028042844614
13920000	-169.74702142762123	2.297130790171443	-172.04415221779269	0.5796775893331267	-0.006405522525831623	0.0476795270580499	-0.006405522525831623	0.01858641927843407	-0.002513290638762874	0.0476795270580499	-0.002513290638762874	0.02189234537997719
13930000	-177.45853411113586	-1.695015800801583	-175.7635183103343	0.3171053618148031	0.030166184661712052	0.06175531846902284	0.030166184661712052	0.017973412689916504	0.0034714677267078265	0.06175531846902284	0.0034714677267078265	0.02535953929470331
13940000	-168.45706169675043	2.9906039920906413	-171.44766568884108	0.5442083365419046	-0.005252770779875468	0.05290599383911636	-0.005252770779875468	0.017332456204000382	-0.00605365761050472	0.05290599383911636	-0.00605365761050472	0.02794928348188825
13950000	-182.06381458866343	1.5334638029362315	-183.59727839159967	0.2842832030066528	0.029180593171591645	0.04498304771921308	0.029180593171591645	0.021339483145057764	0.0058150392278744755	0.04498304771921308	0.0058150392278744755	0.024735294804296114
13960000	-157.4757887475503	1.5562355143751625	-159.03202426192547	0.8472938830872523	0.019790620872290332	0.09177671501727941	0.019790620872290332	0.018782520458868884	-0.002071137172984287	0.09177671501727941	-0.002071137172984287	0.0344148058038071
13970000	-164.43112912927484	-0.5006638735348341	-163.93046525574	0.49901556110192696	-0.013797979312371521	0.06118655824192502	-0.013797979312371521	0.014146604403610305	-0.004591849844392108	0.06118655824192502	-0.004591849844392108	0.020920080139867687
13980000	-156.7525965571274	2.248236245552254	-159.00083280267964	0.7151838414761637	-0.029204465900672598	0.0739438849287083	-0.029204465900672598	0.017036498762600178	-0.005561729928794448	0.0739438849287083	-0.005561729928794448	0.02120883515929416
13990000	-139.81371980253724	0.16374529204420385	-139.97746509458145	1.2507779572397435	0.018694902821602327	0.1335260885735411	0.018694902821602327	0.017931038599262636	0.0019632538684896637	0.1335260885735411	0.0019632538684896637	0.02934094627144263
14000000	-173.08550014967057	4.463743833603489	-177.54924398327407	0.3104634167542262	0.046315674301959375	0.060344892214657324	0.046315674301959375	0.026439951703179736	0.008436891880380437	0.060344892214657324	0.008436891880380437	0.030268590639928653
14010000	-168.74830823388794	2.07748636116593	-170.82579459505388	0.4705856361551343	0.04656444944207216	0.062389319424701446	0.04656444944207216	0.023912815389283387	0.0035026648862064884	0.062389319424701446	0.0035026648862064884	0.028462124317915033
14020000	-172.99491248100065	3.325866235440469	-176.3207787164411	0.4275133108420593	-0.01827823974352691	0.07772266434075026	-0.01827823974352691	0.015381650529374683	-0.004599512257331875	0.07772266434075026	-0.004599512257331875	0.03326310700174864
14030000	-145.97804136912873	1.4919453784384498	-147.4699867475672	0.8258903522394992	0.0042666896305752055	0.10330044473380952	0.0042666896305752055	0.015666896653756084	1.6081663431191776E-4	0.10330044473380952	1.6081663431191776E-4	0.028183098475799577
14040000	-158.626157033885	1.6719339043212407	-160.29809093820623	0.9519534589920399	-0.014748795746475796	0.09331801387760949	-0.014748795746475796	0.014990135413063524	-0.0034998774786308027	0.09331801387760949	-0.0034998774786308027	0.027083554552142123
14050000	-147.96805512934407	1.773251995905647	-149.7413071252497	0.9369045847044399	0.04859456711069814	0.10748942706722506	0.04859456711069814	0.01797232852615122	0.0021743633035040343	0.10748942706722506	0.0021743633035040343	0.03182366552418398
14060000	-159.99206676451502	2.640560715229489	-162.6326274797445	0.49806302399911834	0.024423676222113284	0.06822828509333549	0.024423676222113284	0.015470142182147805	0.0018321990427522968	0.06822828509333549	0.0018321990427522968	0.02592285926947574
14070000	-186.94163992874488	3.963332245711576	-190.90497217445645	0.3075746698699755	0.0013588753086576897	0.057350614412866666	0.0013588753086576897	0.016214613916741942	0.0036042094697155596	0.057350614412866666	0.0036042094697155596	0.027774978318826353
14080000	-155.39837329163154	2.7942783611232294	-158.19265165275476	0.6055387106137966	0.007357710452322665	0.07976555552468	0.007357710452322665	0.015198744026497039	0.001860478307867697	0.07976555552468	0.001860478307867697	0.027205798901522055
14090000	-184.8872796617415	2.5882533375953045	-187.4755329993368	0.3502994915288347	0.008728656032477097	0.046690041479841064	0.008728656032477097	0.015442560229005779	-5.358805677013324E-4	0.046690041479841064	-5.358805677013324E-4	0.02771451427214134
14100000	-203.48107943556766	3.9440725341050147	-207.42515196967267	0.11884815880008709	0.008054942361883538	0.0047841330250899755	0.008054942361883538	0.015348022844291988	-0.002574747982821496	0.0047841330250899755	-0.002574747982821496	0.017183379762478544
14110000	-161.07528698586654	1.9761942088223545	-163.0514811946889	0.5303928489561981	-0.0045045557993441615	0.08220859526515817	-0.0045045557993441615	0.01972114042484764	-0.0018036984246842793	0.08220859526515817	-0.0018036984246842793	0.0294660850991722
14120000	-146.63108089325138	1.1366860794584819	-147.76776697270986	1.1170844009113903	-0.0024363019252216364	0.06143633984696806	-0.0024363019252216364	0.026234983864334926	-0.0011054313700356337	0.06143633984696806	-0.0011054313700356337	0.021758154375578796
14130000	-165.1068358890218	-0.6148825170440562	-164.49195337197773	0.53276740866191	-0.0023735388998811623	0.07184923104741522	-0.0023735388998811623	0.019291374022568065	-2.452873183893538E-4	0.07184923104741522	-2.452873183893538E-4	0.024928169044270726
14140000	-153.27325453417572	0.1088481554830012	-153.38210268965872	0.8403576045659655	-0.052465655566487725	0.13691337520971034	-0.052465655566487725	0.022617241301693757	-0.011585891872675062	0.13691337520971034	-0.011585891872675062	0.038454797884953734
14150000	-180.70555758849622	4.471514590755156	-185.17707217925138	0.2734331245810722	0.003880622418858946	0.05366577548027927	0.003880622418858946	0.013673312517952875	-0.0010427625991988863	0.05366577548027927	-0.0010427625991988863	0.02959900867782096
14160000	-201.77070249354725	4.761659019718322	-206.53236151326556	0.12708883491076373	0.009586457117186245	0.034660476682188836	0.009586457117186245	0.016415128237465333	0.002969219577456353	0.034660476682188836	0.002969219577456353	0.027453702860618892
14170000	-188.47740301095897	4.3324673805520835	-192.80987039151105	0.22419855165457062	-0.008200050256596928	0.07859886456076762	-0.008200050256596928	0.018285311568426044	-0.007963270752616547	0.07859886456076762	-0.007963270752616547	0.04222195771747424
14180000	-220.38125985655432	2.3803163389111544	-222.76157619546547	0.10647147235435714	0.02016944569396639	0.05978736844447406	0.02016944569396639	0.023254329477513182	0.006276068063874778	0.05978736844447406	0.006276068063874778	0.05472350474777091
14190000	-214.83821006671488	4.057163170131197	-218.89537323684607	0.09301143374321202	-0.00140329817813342	0.025649314549220616	-0.00140329817813342	0.018994017633494783	-0.004549367203569347	0.025649314549220616	-0.004549367203569347	0.03005082913773619
14200000	-226.374977556496	2.8940865032501244	-229.2690640597461	0.07939019782019495	0.008057531081246993	0.0527353771121156	0.008057531081246993	0.01215355477229065	0.0032511569983649474	0.0527353771121156	0.0032511569983649474	0.0498845118445628
14210000	-176.3625421125454	2.8380836835861727	-179.2006257961316	0.5179365506316536	0.013718036364552806	0.0796306475334992	0.013718036364552806	0.01304214430329313	-0.0017219044153486056	0.0796306475334992	-0.0017219044153486056	0.028565322856125792
14220000	-215.83835718073692	4.951948487637161	-220.7903056683741	0.08210167448409728	-0.016129225779690008	0.0365721929820175	-0.016129225779690008	0.02318491111971653	-0.009524882723866469	0.0365721929820175	-0.009524882723866469	0.03805075646969433
14230000	-196.17410584440066	3.963519267544524	-200.13762511194517	0.15782932652918938	0.002428035617684704	0.05202432465473623	0.002428035617684704	0.013370686357640892	-1.2620172945583834E-4	0.05202432465473623	-1.2620172945583834E-4	0.03752846543713788
14240000	-173.1099601602319	3.132964310278471	-176.2429244705104	0.4703509736804428	0.026570839125719975	0.059487149998801545	0.026570839125719975	0.012167609289292954	0.0021457654665490945	0.059487149998801545	0.0021457654665490945	0.02169125696547698
14250000	-228.68515410337574	3.4422624546460385	-232.12741655802176	0.07624339048797568	0.02486922679034692	0.047330207263209946	0.02486922679034692	0.025385809541716507	0.01477605425080969	0.047330207263209946	0.01477605425080969	0.050387874053124004
14260000	-203.8797925443754	3.2435913972340096	-207.1233839416094	0.14376299061890796	0.012474581217726498	0.028539126922227286	0.012474581217726498	0.012973217465679494	-0.001297833916108577	0.028539126922227286	-0.001297833916108577	0.025010789422710282
14270000	-229.883614605309	4.485069356021614	-234.36868396133062	0.03527587888640377	0.0027713263931643463	0.018693837606759644	0.0027713263931643463	0.02125413118935185	-0.0025928522532764195	0.018693837606759644	-0.0025928522532764195	0.032091560286835324
14280000	-174.7776501611911	3.8326843763734564	-178.61033453756457	0.27694386674721394	0.0030178164251083227	0.05978037857516691	0.0030178164251083227	0.013605733494467174	-0.0012581188318568212	0.05978037857516691	-0.0012581188318568212	0.02790933902023365
14290000	-173.06509630791084	3.132320588589843	-176.19741689650067	0.44671460340578717	0.018302238032445798	0.07234785619648988	0.018302238032445798	0.018230417190394303	-0.002635601995107443	0.07234785619648988	-0.002635601995107443	0.025758381000999184
14300000	-149.2712692874634	-0.4196932885537379	-148.85157599890968	0.8752640851134955	-0.0015568513520784078	0.08090404507158726	-0.0015568513520784078	0.0174364559694312	-0.0037407491887692	0.08090404507158726	-0.0037407491887692	0.03096444952429976
14310000	-162.1520159324545	1.0905476670569048	-163.2425635995114	0.8352717214140748	-0.0032853643094417403	0.15323399647816172	-0.0032853643094417403	0.018786912535894505	-0.0024471475607794582	0.15323399647816172	-0.0024471475607794582	0.04263178171398942
14320000	-159.394221991529	-2.058322338573154	-157.33589965295585	0.6945365780531416	0.02232095549284628	0.05859492043029791	0.02232095549284628	0.022157476388015226	0.0012987037700463138	0.05859492043029791	0.0012987037700463138	0.020656749605399594
14330000	-171.1335545484054	0.6879540543212515	-171.82150860272665	0.4650208281864542	0.03832012592002948	0.07122157013978425	0.03832012592002948	0.014701187954534034	0.007423833128399362	0.07122157013978425	0.007423833128399362	0.02797540796318536
14340000	-169.8148102708688	3.005285216403767	-172.82009548727257	0.3631373989797513	0.02912614793733406	0.0688611589544659	0.02912614793733406	0.014195601720115447	0.0035325463230026642	0.0688611589544659	0.0035325463230026642	0.028919772285620638
14350000	-161.56846985930352	1.2410346908906034	-162.80950455019413	0.8419693707067764	0.040805398254244424	0.11409911794909464	0.040805398254244424	0.028500185960883054	-4.244040959025617E-4	0.11409911794909464	-4.244040959025617E-4	0.03729919975375398
14360000	-188.61279713300377	4.038344995262391	-192.65114212826614	0.25178360542910233	0.013304757949016746	0.06583005529332217	0.013304757949016746	0.01690716892957919	0.0011921028921425786	0.06583005529332217	0.0011921028921425786	0.03976264239032723
14370000	-183.89485704176454	1.060729490917769	-184.9555865326823	0.3183029387146067	0.02058038963337149	0.053456207930022835	0.02058038963337149	0.02254835766669233	9.63619762447937E-4	0.053456207930022835	9.63619762447937E-4	0.027690845514821653
14380000	-199.80211344010775	5.020927376425951	-204.8230408165337	0.1629295934840224	0.002221272953169702	0.033613462212160335	0.002221272953169702	0.022501960608100318	-0.002574342152621346	0.033613462212160335	-0.002574342152621346	0.025894442869356108
14390000	-161.33039934390598	2.653869259459834	-163.98426860336582	0.619708884827123	-0.015695859378030374	0.0859384318650664	-0.015695859378030374	0.022893745880720007	-0.003581681546600256	0.0859384318650664	-0.003581681546600256	0.024424077560929756
14400000	-198.3092996638298	4.201134547422319	-202.51043421125212	0.15900565968619532	0.022230270667308667	0.046160373767787644	0.022230270667308667	0.01869600627841315	0.006902957231071294	0.046160373767787644	0.006902957231071294	0.028378181394073776
14410000	-167.08007073313752	3.2833429306016404	-170.36341366373915	0.4256413074350645	0.008647187685468388	0.06927738338586252	0.008647187685468388	0.017608872925908032	3.8666612401019114E-4	0.06927738338586252	3.8666612401019114E-4	0.028188358705605106
14420000	-155.4897696171646	1.010565663212311	-156.5003352803769	1.0478436897587837	0.013801519109663074	0.07634714447376717	0.013801519109663074	0.02066197575581352	-0.0025929425645621887	0.07634714447376717	-0.0025929425645621887	0.025145098847218432
14430000	-155.3332715748286	1.7256991016358554	-157.05897067646444	0.7580224467796239	0.02526717579168882	0.11904414528692858	0.02526717579168882	0.018472677883609442	0.0024342408723854007	0.11904414528692858	0.0024342408723854007	0.03316003899305459
14440000	-158.2369656535595	1.721693106342883	-159.9586587599024	0.7288096919095363	0.01628817960335804	0.06934002014273516	0.01628817960335804	0.019453995130871864	0.004371158396078733	0.06934002014273516	0.004371158396078733	0.01976184180240233
14450000	-207.98370512131405	3.1624008944337296	-211.14610601574776	0.12274977442249495	0.025118941911289782	0.04385626434011203	0.025118941911289782	0.024115119292725477	0.008264839302347116	0.04385626434011203	0.008264839302347116	0.02547471070309897
14460000	-166.45896031110686	3.6601116521000914	-170.11907196320695	0.47357633331754395	0.004619914549911065	0.06506638388848063	0.004619914549911065	0.02102330289121313	-0.0029779651955451976	0.06506638388848063	-0.0029779651955451976	0.027412286098059825
14470000	-184.91067156586146	2.7524352862954338	-187.6631068521569	0.4579485343128926	-0.005530626869814533	0.05900925085830669	-0.005530626869814533	0.017557117096483273	-5.792643134371635E-4	0.05900925085830669	-5.792643134371635E-4	0.026164499913518692
14480000	-174.66420691646002	3.495993117037258	-178.16020003349726	0.21104569624619623	0.014355172670243756	0.024176275080614776	0.014355172670243756	0.01658597916773259	0.0012438526687863685	0.024176275080614776	0.0012438526687863685	0.017025361190821105
14490000	-201.2134277461188	4.263309863944754	-205.47673761006357	0.15327040502302244	-0.005433056397645072	0.024561960532539135	-0.005433056397645072	0.016252416705257875	-0.0025604346161106563	0.024561960532539135	-0.0025604346161106563	0.02322810452876329
14500000	-181.01180398942589	3.3646282921765907	-184.3764322816025	0.3034768074982275	0.011832749614457233	0.07397019699621131	0.011832749614457233	0.020583617540994345	-5.588829544364185E-4	0.07397019699621131	-5.588829544364185E-4	0.03385937625287712
14510000	-190.00032573044894	3.822393247022916	-193.82271897747185	0.2634641687418402	0.006140085884486757	0.06917166740459828	0.006140085884486757	0.022621330449763197	-0.004018343717273625	0.06917166740459828	-0.004018343717273625	0.032229988793231884
14520000	-176.79754254775267	4.087979015726343	-180.88552156347902	0.2923079953777792	-9.217963151334667E-4	0.037837992168960506	-9.217963151334667E-4	0.0206320598689318	-2.67826334120644E-4	0.037837992168960506	-2.67826334120644E-4	0.023950434611425583
14530000	-189.75412635453384	4.365561770428346	-194.11968812496218	0.17842841561521028	0.006737029151584858	0.01263276038325848	0.006737029151584858	0.016490907566267345	-0.0012161748246462122	0.01263276038325848	-0.0012161748246462122	0.015543206732498293
14540000	-221.9250827435306	4.691087323961467	-226.61617006749205	0.06518406102644995	0.010616970935445445	0.02916059816822975	0.010616970935445445	0.017650446384436774	-0.002209377421596004	0.02916059816822975	-0.002209377421596004	0.0344853935636929
14550000	-224.99225855682252	4.682415378520635	-229.67467393534315	0.06430843222246055	-0.004358501544943296	0.031547359793676705	-0.004358501544943296	0.022756609739865846	-0.003217350150627689	0.031547359793676705	-0.003217350150627689	0.033745568592811706
14560000	-224.3967363768789	3.816862538886334	-228.21359891576523	0.0637164894022994	0.007228665502714214	0.020366222309257817	0.007228665502714214	0.014331314769476787	0.005474282270388146	0.020366222309257817	0.005474282270388146	0.02150829220332877
14570000	-177.87204980700486	3.313291859374551	-181.1853416663794	0.25249125672939393	0.024919559101323853	0.0421637888217884	0.024919559101323853	0.015740127099100183	0.005018721897990438	0.0421637888217884	0.005018721897990438	0.023687422367202487
14580000	-168.45127218671084	2.4667871512726016	-170.91805933798344	0.4001779160757516	0.008695100344916423	0.04686928621604743	0.008695100344916423	0.018143661449050368	-1.061996301944413E-4	0.04686928621604743	-1.061996301944413E-4	0.022377261322436653
14590000	-177.42219963595912	3.914554587823303	-181.3367542237824	0.31165177364663976	0.022407922996893054	0.047295201602580994	0.022407922996893054	0.02501296048438676	0.001703839669788731	0.047295201602580994	0.001703839669788731	0.024640678611183693
14600000	-207.9445352772532	-0.2103638716834313	-207.73417140556978	0.11832759569889793	0.0029362092788971657	0.01234066351159277	0.0029362092788971657	0.01764755098966048	0.005060259652648977	0.01234066351159277	0.005060259652648977	0.018978281676771073
14610000	-176.33993737088448	2.741881269513675	-179.08181864039815	0.33990870438638393	-0.0010829279539197997	0.07680848821360317	-0.0010829279539197997	0.02062986334455268	-0.002497691852091781	0.07680848821360317	-0.002497691852091781	0.0398744828215257
14620000	-193.5044891823189	1.1747862275343457	-194.67927540985326	0.19943984088616445	0.009304092816653991	0.06167321639247365	0.009304092816653991	0.021260838703391512	2.1538566989264853E-4	0.06167321639247365	2.1538566989264853E-4	0.03273214057841213
14630000	-182.16196331965847	1.8130151554305503	-183.97497847508902	0.3401119090385398	0.01710880846885577	0.049364438644811444	0.01710880846885577	0.014834216159185907	2.0702284695301625E-4	0.049364438644811444	2.0702284695301625E-4	0.02481902382836753
14640000	-158.33016821417422	0.5560456063379005	-158.88621382051213	0.751686009546703	0.007002998336889556	0.05351191409432637	0.007002998336889556	0.024050879214374633	-0.004621649907016574	0.05351191409432637	-0.004621649907016574	0.020919975403770392
14650000	-154.49877674913176	0.8608159848614266	-155.3595927339932	0.9895185971500418	-0.015034180696686062	0.12216237707745346	-0.015034180696686062	0.01805740502133161	-0.004265172571715852	0.12216237707745346	-0.004265172571715852	0.035223506204430675
14660000	-161.29313871474477	3.1570400175099804	-164.45017873225476	0.5566383408714812	-0.028762897647051755	0.07484312142220634	-0.028762897647051755	0.017534995403138107	-0.0020325439585211903	0.07484312142220634	-0.0020325439585211903	0.030337198425171966
14670000	-169.77749667250123	1.9245310418001504	-171.70202771430138	0.45877625824079127	0.013664279727768461	0.05957235395505314	0.013664279727768461	0.02283178653569847	0.0022046643918408205	0.05957235395505314	0.0022046643918408205	0.02339898478806418
14680000	-192.71767696341217	4.248519354260946	-196.9661963176731	0.19593523721212167	0.0036253767517392967	0.04618009719771433	0.0036253767517392967	0.01763927523385055	-0.0026736170383547917	0.04618009719771433	-0.0026736170383547917	0.02967704397124775
14690000	-167.08056934273617	2.623643282750924	-169.7042126254871	0.6364269295970935	-0.012585790559277223	0.10684476851474192	-0.012585790559277223	0.013325523272804085	-0.0027951769621335307	0.10684476851474192	-0.0027951769621335307	0.03255742536264106
14700000	-170.83244526627473	4.031961019412262	-174.86440628568698	0.3924578913623275	0.014196005326247105	0.0675698889518259	0.014196005326247105	0.019530966740474304	-7.025985409113934E-4	0.0675698889518259	-7.025985409113934E-4	0.03099167203653669
14710000	-166.189875617137	-0.9335936661476696	-165.25628195098935	0.6670170095650226	0.006574982082717521	0.0854503271289806	0.006574982082717521	0.016223922819037447	-0.0010192513187710656	0.0854503271289806	-0.0010192513187710656	0.02755413692350226
14720000	-185.09804258721988	2.8307650992619258	-187.9288076864818	0.3161528058759601	0.017100248965134755	0.06313542106705315	0.017100248965134755	0.016266546934308776	0.0012673121760665238	0.06313542106705315	0.0012673121760665238	0.02966865352360446
14730000	-180.245557660382	3.4518817845823104	-183.6974394449643	0.3797104793035936	0.020281729064540822	0.10060347724596262	0.020281729064540822	0.014868053600423939	0.004441735545144916	0.10060347724596262	0.004441735545144916	0.04787680972113653
14740000	-167.617642411121	3.2826519913397534	-170.90029440246076	0.42492169274551717	0.026964242786049968	0.06133946116172551	0.026964242786049968	0.015972227450923	0.0029804300976050734	0.06133946116172551	0.0029804300976050734	0.025750559362119146
14750000	-203.64197910674488	4.664139147603869	-208.30611825434875	0.1465011200604854	0.01655351945592482	0.046217864174551565	0.01655351945592482	0.019831133368281607	3.080415218283195E-4	0.046217864174551565	3.080415218283195E-4	0.02798177489662923
14760000	-197.01463037189546	1.7397322346869086	-198.75436260658236	0.33485517121920866	0.008208909511392526	0.1044295241514546	0.008208909511392526	0.029182143565253345	-0.002714629349847212	0.1044295241514546	-0.002714629349847212	0.05079476376934859
14770000	-165.25971248435184	2.0047402455343026	-167.26445272988613	0.5699578718443344	0.01011586658996893	0.08633147796756462	0.01011586658996893	0.01574540247337978	-0.001412108152727258	0.08633147796756462	-0.001412108152727258	0.028766937125029243
14780000	-154.74564349470617	2.6156985143173754	-157.36134200902356	0.6103830775070117	-0.00754672607005089	0.07976052314381044	-0.00754672607005089	0.01747780217121412	-0.00179676798639928	0.07976052314381044	-0.00179676798639928	0.02859630012395492
14790000	-184.35212873483815	3.184252965289283	-187.53638170012744	0.3676721827293425	0.006448209624049347	0.0822784776561094	0.006448209624049347	0.020716184006380683	-5.630379342819031E-4	0.0822784776561094	-5.630379342819031E-4	0.03081912622970542
14800000	-166.58020453458334	2.1269590623192123	-168.70716359690255	0.5995523616739393	0.018198560836961253	0.09469091302589111	0.018198560836961253	0.02696972208435525	-0.002948639427295853	0.09469091302589111	-0.002948639427295853	0.0338628883624173
14810000	-179.7934802170671	2.9831895167650435	-182.77666973383214	0.31887858507090155	0.0019903659921005944	0.07202828627307549	0.0019903659921005944	0.014488056206546291	-0.0013897219505231762	0.07202828627307549	-0.0013897219505231762	0.029694624452339804
14820000	-167.8757835288812	3.9450082454732316	-171.8207917743544	0.4296954843448272	0.037662590840884545	0.08221897886021372	0.037662590840884545	0.023918279104489057	0.0014470017000396927	0.08221897886021372	0.0014470017000396927	0.03586750126651997
14830000	-169.7675594786659	2.844574813321696	-172.6121342919876	0.522535467685787	0.031423554924710585	0.1027547281176103	0.031423554924710585	0.021654183250242064	0.002683652210941472	0.1027547281176103	0.002683652210941472	0.041398817835303706
14840000	-175.3792621855434	4.668206572870317	-180.04746875841371	0.29767414395477687	0.01854075138549426	0.04815035800223729	0.01854075138549426	0.018810234254270468	0.004024264861883654	0.04815035800223729	0.004024264861883654	0.033250597972047075
14850000	-177.55865339336944	4.727593212656407	-182.28624660602586	0.2701919402825428	0.0016916451720384485	0.07020859017684948	0.0016916451720384485	0.027718353784296903	-0.004767408460645443	0.07020859017684948	-0.004767408460645443	0.037788477081062644
14860000	-181.99503598458517	3.4177734470343784	-185.41280943161956	0.28892102443004214	0.016914696300466582	0.07264586925380648	0.016914696300466582	0.016237308718130748	0.0013739070819652217	0.07264586925380648	0.0013739070819652217	0.03273343068859941
14870000	-227.99979460452047	3.847611504065845	-231.8474061085863	0.060785502722485646	0.012438879998312238	0.015579523695859548	0.012438879998312238	0.018127667963856082	-0.0015159938736567643	0.015579523695859548	-0.0015159938736567643	0.022340273258414624
14880000	-208.105532696045	4.720016623645709	-212.8255493196907	0.08411538627334185	1.5528654242442165E-4	0.022994091188072423	1.5528654242442165E-4	0.013173173169865805	0.0012668902986317202	0.022994091188072423	0.0012668902986317202	0.025606723994635937
14890000	-204.44811886529126	4.829841799393822	-209.27796066468508	0.12977129031073703	-5.517571038510229E-4	0.023830259635911427	-5.517571038510229E-4	0.016401330195319003	6.690295885305851E-5	0.023830259635911427	6.690295885305851E-5	0.019497868148384424
14900000	-203.19493652003382	4.9017075685781695	-208.09664408861198	0.14648133297627933	-0.01151754865705906	0.02575687924187772	-0.01151754865705906	0.019230207771651617	-0.003949034687625532	0.02575687924187772	-0.003949034687625532	0.02830958133477699
14910000	-201.09479200279264	3.3928173049929313	-204.4876093077856	0.18485369604556237	0.006704786790260787	0.0399901870807691	0.006704786790260787	0.015146519007000946	-5.94356335504388E-4	0.0399901870807691	-5.94356335504388E-4	0.021463874059407778
14920000	-198.35687740253329	4.58425580041842	-202.9411332029517	0.14627427269392193	-0.0011205975573862863	0.04790346336579662	-0.0011205975573862863	0.01633198487803773	-0.001553172640781799	0.04790346336579662	-0.001553172640781799	0.030536310924805434
14930000	-164.93847693362517	3.712641270001339	-168.6511182036265	0.4586429350554059	0.04817097028813472	0.07313993492166943	0.04817097028813472	0.02543526371351921	0.0027345534992073914	0.07313993492166943	0.0027345534992073914	0.027816822009549727
14940000	-170.12192160917192	3.3670617341858518	-173.48898334335777	0.35479024603657733	0.028057474363585938	0.0787387082239619	0.028057474363585938	0.017247130869171186	0.003059350990564537	0.0787387082239619	0.003059350990564537	0.03205984626196155
14950000	-182.97851900029346	3.7974269725199	-186.77594597281336	0.2662487687027014	0.015311189105629019	0.05131257839694652	0.015311189105629019	0.015762692173600972	0.002096242094059956	0.05131257839694652	0.002096242094059956	0.025594293045218385
14960000	-184.29586045789378	4.423158979302389	-188.71901943719618	0.28764723058744174	-0.013050896547931136	0.05741585265588061	-0.013050896547931136	0.01533721917509729	-0.004444164062965382	0.05741585265588061	-0.004444164062965382	0.030684114949859786
14970000	-197.18531532208362	4.539464109360074	-201.7247794314437	0.16152212974278338	-0.028740775969399297	0.050633292728946955	-0.028740775969399297	0.021782025094399592	-0.011926902008959062	0.050633292728946955	-0.011926902008959062	0.031639605103692334
14980000	-173.5901582014947	2.6972150685066114	-176.2873732700013	0.3769203027362598	0.009622907733297935	0.06889820654198388	0.009622907733297935	0.02570025608163942	-0.0016191726682852285	0.06889820654198388	-0.0016191726682852285	0.027079182366969958
14990000	-143.5304380184084	-0.8510751674828031	-142.6793628509256	1.4387710306898178	0.09195026258399201	0.1577383587541111	0.09195026258399201	0.020092792685674942	0.007042572231130813	0.1577383587541111	0.007042572231130813	0.037799628950508646
15000000	-184.38372393202837	3.0567697739062467	-187.4404937059346	0.25687000273374677	-8.500964867306505E-4	0.05016441861134777	-8.500964867306505E-4	0.013807386798337823	-0.0016587945446660123	0.05016441861134777	-0.0016587945446660123	0.024866122726296368
15010000	-172.80455379317237	3.0548670126523025	-175.85942080582467	0.4182324214145358	0.010616033735915789	0.07825961359790175	0.010616033735915789	0.018048449051374114	0.0014042559489103653	0.07825961359790175	0.0014042559489103653	0.028544808775023477
15020000	-155.7605880508627	2.286423905853636	-158.04701195671635	0.7212376016751016	0.028449068240258286	0.10917403087816145	0.028449068240258286	0.016353648065045037	0.004088158069843258	0.10917403087816145	0.004088158069843258	0.036382174152868034
15030000	-160.6495855286148	3.250437834494898	-163.9000233631097	0.5003353971008496	-0.009370092114851684	0.07050028190395327	-0.009370092114851684	0.01973703506939751	0.0013139077664947145	0.07050028190395327	0.0013139077664947145	0.02787930153172375
15040000	-151.42396397430358	2.4019160330928004	-153.82588000739636	0.8185028035430728	0.011594634744051625	0.03127651316320731	0.011594634744051625	0.018732342361395617	6.61652828016129E-4	0.03127651316320731	6.61652828016129E-4	0.022629520489295955
15050000	-185.89207726168283	4.119531732519027	-190.01160899420185	0.23301709778964078	0.0030044156673291254	0.07273193957260549	0.0030044156673291254	0.018027921462522446	-0.001856087911048286	0.07273193957260549	-0.001856087911048286	0.042423865615039635
15060000	-170.32744924033523	2.6600519093331454	-172.98750114966836	0.6580449721464599	5.755521756900429E-4	0.1154510412188432	5.755521756900429E-4	0.018487138077972774	-0.0023390029648371114	0.1154510412188432	-0.0023390029648371114	0.03291244469095298
15070000	-159.73718090325028	3.3681583247799742	-163.10533922803026	0.5425187081576268	0.007988406157657942	0.07793385797393323	0.007988406157657942	0.012266150846486317	8.910262821457192E-4	0.07793385797393323	8.910262821457192E-4	0.031035926703043684
15080000	-156.41145885500825	-1.2659063131150603	-155.14555254189318	0.8607807563426461	0.018549118674135646	0.09669462012781577	0.018549118674135646	0.015830527325033348	-0.0012628940861580018	0.09669462012781577	-0.0012628940861580018	0.029969098302513278
15090000	-140.63842429210573	0.6465899252865446	-141.28501421739227	1.1388917313994424	0.011894953948546763	0.08616193104119119	0.011894953948546763	0.01597466782273987	0.0010037857373154718	0.08616193104119119	0.0010037857373154718	0.028124021515018145
15100000	-145.64957272652916	-2.158667221598036	-143.49090550493113	1.4495711143409817	0.032477650295999104	0.1763371504521513	0.032477650295999104	0.018735007727501675	0.004004177963156183	0.1763371504521513	0.004004177963156183	0.04196775060377546
15110000	-195.5938001722014	1.6807571493922384	-197.27455732159365	0.293358891359687	0.034664471617775416	0.04405053175204425	0.034664471617775416	0.023620295422679925	0.007303075307302602	0.04405053175204425	0.007303075307302602	0.023479816920658696
15120000	-176.08154472184333	2.381510366614239	-178.46305508845757	0.42436117371649074	0.022389371068030125	0.09380958662315905	0.022389371068030125	0.017799259305023248	0.0038792859970150284	0.09380958662315905	0.0038792859970150284	0.03653993512301937
15130000	-187.37077509629773	4.361322293593082	-191.7320973898908	0.2870044089383237	-0.01723852996752174	0.07326789205948268	-0.01723852996752174	0.019648797437219832	-0.01020879367201493	0.07326789205948268	-0.01020879367201493	0.03536861645808121
15140000	-178.09570113732985	3.377998372156464	-181.47369950948632	0.2985781555504173	0.007469279318507891	0.07334127452218435	0.007469279318507891	0.018828133700706934	2.224420443217249E-4	0.07334127452218435	2.224420443217249E-4	0.03239013240405401
15150000	-184.87386994020568	4.688830856189273	-189.56270079639495	0.2143146502744795	-0.012865331225230769	0.046771418404013575	-0.012865331225230769	0.021380721588157084	-0.008308006409344593	0.046771418404013575	-0.008308006409344593	0.027992674195034158
15160000	-153.69062701058218	-0.5233242401408439	-153.16730277044132	1.075478691651909	-0.003493725283576042	0.111638637420552	-0.003493725283576042	0.01680876412306467	-0.0026332973067263983	0.111638637420552	-0.0026332973067263983	0.022748545333928356
15170000	-161.9670383004996	2.9270318539924585	-164.89407015449206	0.6411284405682789	0.01916907749220961	0.10654450592395608	0.01916907749220961	0.024556110686375313	-0.003340270745855204	0.10654450592395608	-0.003340270745855204	0.03524994089629505
15180000	-155.8283506634212	1.351155589761535	-157.17950625318272	0.8243854137112796	0.002822327655738453	0.0812564452387847	0.002822327655738453	0.017550169159123278	-0.00216638670041739	0.0812564452387847	-0.00216638670041739	0.0214117183114134
15190000	-166.05633489791177	2.751519956894119	-168.8078548548059	0.5102315017161617	0.009947015890784661	0.05500300737655269	0.009947015890784661	0.016200419206897295	-0.002126719720256694	0.05500300737655269	-0.002126719720256694	0.026050815353160495
15200000	-191.89057914365134	4.092185673419617	-195.98276481707094	0.3013000424496475	0.02520753425351143	0.06594407236944064	0.02520753425351143	0.01715973490621378	-4.3065106334367644E-4	0.06594407236944064	-4.3065106334367644E-4	0.027427711791737523
15210000	-195.92057028713657	4.347400714055402	-200.26797100119197	0.13766080501587155	0.014483115642253934	0.03573640643813297	0.014483115642253934	0.016038435312876326	0.0020358815097580633	0.03573640643813297	0.0020358815097580633	0.028950304818887877
15220000	-163.95790988320505	1.100181795784728	-165.05809167898977	0.7357596087839114	0.0077272963999035875	0.0967081418428494	0.0077272963999035875	0.019328179154368307	-0.003315454353102894	0.0967081418428494	-0.003315454353102894	0.03116856637802517
15230000	-177.4815506272543	-1.2955184106982696	-176.18603221655604	0.3350920444172964	0.013533186796708181	0.03618463644759798	0.013533186796708181	0.013612655505132897	-0.003364276676638303	0.03618463644759798	-0.003364276676638303	0.021959895579810877
15240000	-159.79818294021896	2.987139508139514	-162.78532244835847	0.545416829354348	-0.0077075318274420655	0.0527856250230572	-0.0077075318274420655	0.010989514128943155	-0.004576055962915413	0.0527856250230572	-0.004576055962915413	0.02516019522291151
15250000	-182.28573018427397	4.143471537129548	-186.42920172140353	0.2681219986606204	0.005290243771322547	0.03787235792128256	0.005290243771322547	0.013173277780185089	-2.6332821947602997E-4	0.03787235792128256	-2.6332821947602997E-4	0.020033154367823956
15260000	-166.67142510710445	3.020603798096363	-169.69202890520083	0.5242768417132014	0.02858771534605001	0.07695904115662339	0.02858771534605001	0.017960205124263582	0.003998955324673427	0.07695904115662339	0.003998955324673427	0.03496643815052294
15270000	-143.29742727208867	-1.5882304827093572	-141.70919678937932	1.498967306645663	0.05409564886884348	0.19849633829363428	0.05409564886884348	0.015854066255620962	0.00533300466191949	0.19849633829363428	0.00533300466191949	0.04144288703526827
15280000	-165.94308645892158	0.44529656300281184	-166.3883830219244	0.6669437874435391	-0.013545872931625149	0.09490199161974497	-0.013545872931625149	0.018560070801337633	-0.004251734200542118	0.09490199161974497	-0.004251734200542118	0.03575760116459874
15290000	-163.6203385878148	0.9408043227292935	-164.5611429105441	0.6188210830143959	-0.003188054097906044	0.09217013881663141	-0.003188054097906044	0.01899984433819696	-0.0032966003404570707	0.09217013881663141	-0.0032966003404570707	0.03580097738787907
15300000	-164.3873710980293	3.561076052053224	-167.9484471500825	0.5190947599867821	0.03745282004584298	0.07763190484857344	0.03745282004584298	0.022053695419997566	0.0018402544538782947	0.07763190484857344	0.0018402544538782947	0.031145298514200705
15310000	-174.22338605859628	2.8501435200826246	-177.0735295786789	0.5650864464481152	-0.014595456979233451	0.06684987217724805	-0.014595456979233451	0.019950705446029563	-0.0030053429717175582	0.06684987217724805	-0.0030053429717175582	0.02737008825006123
15320000	-174.8373303397043	1.6753070398939345	-176.51263737959823	0.34610295397944857	0.00872123421824823	0.054219742084944005	0.00872123421824823	0.014359305847298496	-0.0020120472595642853	0.054219742084944005	-0.0020120472595642853	0.03391644773539207
15330000	-204.07841674442875	4.1063412327541435	-208.1847579771829	0.14622887493944506	-0.007178003419676947	0.037962779337002955	-0.007178003419676947	0.01776883002387501	-0.0013998964380237278	0.037962779337002955	-0.0013998964380237278	0.030072464504480596
15340000	-223.3841481059979	3.95698553512068	-227.34113364111857	0.08448598455224644	-0.008220929610285558	0.023240392714786104	-0.008220929610285558	0.019503222079130623	-0.0016280364933349088	0.023240392714786104	-0.0016280364933349088	0.01795562340417002
15350000	-204.89110000409687	4.250228895767233	-209.1413288998641	0.14501705076152965	0.01462652695559168	0.05459025353862663	0.01462652695559168	0.015364066656534845	0.006976741876415176	0.05459025353862663	0.006976741876415176	0.03306119096581451
15360000	-175.17029964237102	1.6271706409645317	-176.79747028333554	0.365549445762015	0.01584742288984722	0.05406302886890996	0.01584742288984722	0.01613693759973941	-0.002434579824175547	0.05406302886890996	-0.002434579824175547	0.024561972518985696
15370000	-213.00614899462747	4.877040724277608	-217.88318971890507	0.08529990163194114	0.012231067656105401	0.0268589117114535	0.012231067656105401	0.025252952393598153	0.00321653350388771	0.0268589117114535	0.00321653350388771	0.026125157905214434
15380000	-199.01090856581723	4.634563105189294	-203.64547167100653	0.17559724125596607	0.019176254424363038	0.0484657299276852	0.019176254424363038	0.017296947433694043	0.0013835741077534826	0.0484657299276852	0.0013835741077534826	0.030753015543031698
15390000	-174.11683711261145	2.0658014895377175	-176.18263860214915	0.4099949209056057	0.011429469429928193	0.06639687524897438	0.011429469429928193	0.024748152424418697	1.2287483930395688E-4	0.06639687524897438	1.2287483930395688E-4	0.027387553341520814
15400000	-177.1136495155837	2.3275841516896856	-179.44123366727337	0.2959369800212271	-0.0016157399223880073	0.06881699246136809	-0.0016157399223880073	0.01670198480025163	-0.003198216731480082	0.06881699246136809	-0.003198216731480082	0.031228373660502497
15410000	-161.5575268667304	2.9602902069766532	-164.51781707370705	0.6953454867731061	0.024758830578887978	0.043058161136972674	0.024758830578887978	0.01982929694996169	-0.0033529379607338777	0.043058161136972674	-0.0033529379607338777	0.02108141332781691
15420000	-170.68896585665155	2.6890782125914443	-173.378044069243	0.4084885495314503	-0.01216992005148027	0.05698065049670798	-0.01216992005148027	0.016747367547260607	-0.0027957455405073885	0.05698065049670798	-0.0027957455405073885	0.03205174609499756
15430000	-139.27673898410538	-0.3708654805558498	-138.90587350354951	1.4152383392022039	0.017137066726629534	0.10077085829075216	0.017137066726629534	0.016078888914707625	-0.0012676863313138948	0.10077085829075216	-0.0012676863313138948	0.02951015216734838
15440000	-166.6032928344426	3.8294058332912373	-170.43269866773386	0.43250635580334224	0.024360939181411443	0.049245320197505556	0.024360939181411443	0.013978110573701364	0.0048786982882429615	0.049245320197505556	0.0048786982882429615	0.023069293072062222
15450000	-169.18801704623465	-4.3452952983314	-164.84272174790325	0.7294175719559284	0.002112106058764013	0.06820819073866687	0.002112106058764013	0.018910793915406166	-8.770170336075051E-4	0.06820819073866687	-8.770170336075051E-4	0.021680850372266792
15460000	-175.0442493190158	3.183700366487203	-178.227949685503	0.48175857161349583	0.004133744914514525	0.10648194793926367	0.004133744914514525	0.01649470275158118	-5.808958480337504E-4	0.10648194793926367	-5.808958480337504E-4	0.041823631236605804
15470000	-192.76350725688192	3.777869569214732	-196.54137682609667	0.16226247055339968	0.002284253608432066	0.05640281454535212	0.002284253608432066	0.014869244467396556	0.002850045649467751	0.05640281454535212	0.002850045649467751	0.03461534307098285
15480000	-162.33654915903298	1.986017266585618	-164.3225664256186	0.5925460593172912	0.027945728233994473	0.14091731701395083	0.027945728233994473	0.01867427997462587	0.0024411926207309224	0.14091731701395083	0.0024411926207309224	0.050517884029857574
15490000	-170.2728499186131	2.3436852169090994	-172.6165351355222	0.49242217162140184	-0.01269867971389857	0.08691556607232025	-0.01269867971389857	0.016196521783933323	-0.004711212963236462	0.08691556607232025	-0.004711212963236462	0.03444041505192584
15500000	-156.19850557518717	1.5223822998224965	-157.72088787500968	0.9877502037437097	0.011531098236898258	0.09510575832691555	0.011531098236898258	0.01879093587965462	-0.0019971316538234733	0.09510575832691555	-0.0019971316538234733	0.02263832281994005
15510000	-165.38387730306678	1.4559890040152172	-166.839866307082	0.5154734572229713	0.05662580048951642	0.05292681965025322	0.05662580048951642	0.02759386763079541	6.112720676613968E-4	0.05292681965025322	6.112720676613968E-4	0.024425807393518312
15520000	-153.00126775252903	3.3791376691162536	-156.3804054216453	0.6336449774546773	-0.02257608329189825	0.05639706411368629	-0.02257608329189825	0.022812445200476157	-0.007649840703458366	0.05639706411368629	-0.007649840703458366	0.030828610792130822
15530000	-192.90845331798988	4.599219093448647	-197.50767241143853	0.20147213059070357	-0.0023075774598573613	0.033852814133876606	-0.0023075774598573613	0.02220825459514128	-0.0032186740005023945	0.033852814133876606	-0.0032186740005023945	0.022323239275103775
15540000	-175.54093340171735	3.1757798707471	-178.71671327246446	0.5381988483610775	0.04748081388743505	0.10101081184556622	0.04748081388743505	0.023907528098798946	0.006670497078103316	0.10101081184556622	0.006670497078103316	0.03408701514007757
15550000	-168.5834671456793	3.7928284102776706	-172.37629555595697	0.36543108189106466	0.03679622604960852	0.038391242266431654	0.03679622604960852	0.021995087048859066	0.0018211340986546529	0.038391242266431654	0.0018211340986546529	0.020312298895750425
15560000	-188.0316780025464	-1.1787777463264346	-186.85290025621998	0.3968441588257648	-0.010143593743788853	0.06674386408606425	-0.010143593743788853	0.025126675198700935	-0.004082792091431024	0.06674386408606425	-0.004082792091431024	0.03027406228000127
15570000	-202.1248559706459	4.3439797763820645	-206.46883574702798	0.15807950002614743	-0.00843953760913672	0.031229240874466418	-0.00843953760913672	0.018044989627199005	-0.0014070419839820353	0.031229240874466418	-0.0014070419839820353	0.023789487662238547
15580000	-176.75432053515843	3.801135508816121	-180.55545604397454	0.4278960448547588	-0.0062200542473833465	0.10830081579299519	-0.0062200542473833465	0.018287450785409984	-0.007247700791184069	0.10830081579299519	-0.007247700791184069	0.046695274913116036
15590000	-182.2770303273563	2.5566520467414193	-184.83368237409772	0.40556725435468954	0.03588303264910768	0.07503331829203451	0.03588303264910768	0.020588661326295485	0.004959687926475984	0.07503331829203451	0.004959687926475984	0.03569801369096737
15600000	-143.57614955919732	-0.23542105563694982	-143.34072850356037	0.9619372178913937	0.03619654685441665	0.05986123504513899	0.03619654685441665	0.0206025451323182	-0.0010056495602224834	0.05986123504513899	-0.0010056495602224834	0.02140621463769069
15610000	-166.58718817218332	3.3825432748922584	-169.9697314470756	0.5410502287795135	0.015338385161968802	0.0790188061498223	0.015338385161968802	0.02029530389304094	-2.324146624983624E-4	0.0790188061498223	-2.324146624983624E-4	0.027751370160126465
15620000	-152.87014449067627	0.41786711933670107	-153.28801161001297	0.9217183271054493	-0.004409276355660149	0.13801525014704782	-0.004409276355660149	0.022233549243164112	5.841127301871925E-5	0.13801525014704782	5.841127301871925E-5	0.03693361898648204
15630000	-153.1203802409304	-1.0329403073021708	-152.08743993362822	1.1038830089075942	0.03811164808549271	0.11864162926751176	0.03811164808549271	0.01988709886814114	0.002204501992135172	0.11864162926751176	0.002204501992135172	0.0322710432361992
15640000	-150.43791533132926	3.078711242474781	-153.51662657380405	0.6519997483979534	5.719812352190357E-5	0.09332156793006281	5.719812352190357E-5	0.01811775305834976	-0.0010096146384179355	0.09332156793006281	-0.0010096146384179355	0.03294286985101649
15650000	-166.6933073429462	2.3664977906890434	-169.05980513363525	0.5591440693114189	0.05020571389845653	0.06557193623272067	0.05020571389845653	0.026078354704167417	0.0026713475026084424	0.06557193623272067	0.0026713475026084424	0.02742830427927504
15660000	-153.7345897775318	1.1458836493373683	-154.88047342686917	0.6929142799843281	0.026302896456270913	0.09055012720778775	0.026302896456270913	0.021901411525312862	0.0012200678358801707	0.09055012720778775	0.0012200678358801707	0.02750775980045541
15670000	-147.16932229918078	1.1020991353580392	-148.2714214345388	1.0232607689630826	0.009401889338085705	0.08114663173696879	0.009401889338085705	0.019682129739456378	-0.002346995127342133	0.08114663173696879	-0.002346995127342133	0.028807842966682286
15680000	-210.20543861389905	4.667007255574884	-214.87244586947392	0.1117971562596375	0.010470021582154708	0.03162661678000114	0.010470021582154708	0.014470740645786432	9.961112435545186E-4	0.03162661678000114	9.961112435545186E-4	0.02323868357938984
15690000	-160.76327915190842	3.4209505290970004	-164.18422968100543	0.38027965173919953	-0.013114481413314026	0.042926877381182976	-0.013114481413314026	0.0183586213293648	-0.0037310171149301415	0.042926877381182976	-0.0037310171149301415	0.026369506022904214
15700000	-168.60448359298454	2.377545658037896	-170.98202925102242	0.5645127751203107	-0.01571503570336406	0.10314146133942889	-0.01571503570336406	0.018552619982148588	-0.0024157957224294297	0.10314146133942889	-0.0024157957224294297	0.03562419695836956
15710000	-176.746076876801	4.25743058518439	-181.00350746198538	0.320743273874123	-0.005002100933070171	0.06709708436862817	-0.005002100933070171	0.020611407174063304	-0.008158328513054229	0.06709708436862817	-0.008158328513054229	0.031332978024117296
15720000	-184.9817716412504	3.387419326542654	-188.36919096779303	0.282528533654786	-0.026997819553189778	0.023169357635831934	-0.026997819553189778	0.01810486648876866	0.0011349279949477058	0.023169357635831934	0.0011349279949477058	0.01971649165647696
15730000	-161.22931179001688	2.3449477621492365	-163.57425955216613	0.5571408086619051	-0.022333833173855133	0.06926814124101063	-0.022333833173855133	0.018383921656952767	-0.0035053531856619282	0.06926814124101063	-0.0035053531856619282	0.024214073074709488
15740000	-179.86497387331218	4.03154429338723	-183.89651816669942	0.3772414232290791	0.003643252569260405	0.055604958358104695	0.003643252569260405	0.015996716117236947	0.001404070795365587	0.055604958358104695	0.001404070795365587	0.029778056739091303
15750000	-161.96454283321086	3.13638651549092	-165.10092934870178	0.5068096831828552	-0.006593186353666397	0.07016204099428387	-0.006593186353666397	0.02262096101546167	-0.003173944544191908	0.07016204099428387	-0.003173944544191908	0.022341768906406743
15760000	-155.0159317611981	-0.4629413978671071	-154.552990363331	0.8084910854383389	-0.027889805645339254	0.04611079665122967	-0.027889805645339254	0.026130446505292313	-0.003910566859901275	0.04611079665122967	-0.003910566859901275	0.02246917893710614
15770000	-158.26986859312788	0.3776573975274822	-158.64752599065537	0.7956632974838365	0.04331918828524339	0.054513079098763545	0.04331918828524339	0.015865917606180314	-0.0012876291407303187	0.054513079098763545	-0.0012876291407303187	0.01951251732269697
15780000	-186.1456829976262	4.139269416740563	-190.28495241436678	0.27218875539626	-0.00615360124876403	0.061840672126638796	-0.00615360124876403	0.022136752097668386	-7.557106883311037E-4	0.061840672126638796	-7.557106883311037E-4	0.032178053210164925
15790000	-164.25559389184718	2.9264362782800735	-167.18203017012726	0.6047380308209659	0.034734203507590024	0.10703391455045635	0.034734203507590024	0.015613824454583718	0.004895824698034601	0.10703391455045635	0.004895824698034601	0.035864030430708405
15800000	-153.2268880769001	1.2494312232784126	-154.47631930017852	0.911482613588865	0.03921366796926835	0.0859603256300787	0.03921366796926835	0.01645425562328591	0.0024878710317890037	0.0859603256300787	0.0024878710317890037	0.023251646308730733
15810000	-172.64367999923712	4.007978599738884	-176.651658598976	0.37458659462172045	0.014151764042954604	0.056334987947401396	0.014151764042954604	0.018534415948199084	-0.0010749298307877373	0.056334987947401396	-0.0010749298307877373	0.020398748656554916
15820000	-173.32448971621358	4.286705303035169	-177.61119501924875	0.3971321925863302	-0.0072508057306659825	0.05857913904815128	-0.0072508057306659825	0.01965642618401688	5.54974316113365E-4	0.05857913904815128	5.54974316113365E-4	0.030623956266731513
15830000	-167.2652633501947	2.127364946568157	-169.39262829676284	0.7002888065274717	0.031286680942908665	0.07425610944456444	0.031286680942908665	0.01825703683467842	-0.0012714548461934404	0.07425610944456444	-0.0012714548461934404	0.02442011359926119
15840000	-150.54472578370783	0.3754241707322318	-150.92014995444006	1.0235028867859288	0.017953277584135504	0.08807215879191564	0.017953277584135504	0.018993974681146046	-0.0027256774557698074	0.08807215879191564	-0.0027256774557698074	0.024624094907459836
15850000	-160.4655999138472	2.122450502929972	-162.58805041677718	0.6851696459731851	0.0016688434271717595	0.07802474849986665	0.0016688434271717595	0.017484582852880372	-0.0026625185674150633	0.07802474849986665	-0.0026625185674150633	0.02831520922546898
15860000	-215.12976724844614	4.106860687452315	-219.23662793589847	0.08966173452704228	0.00566617278573892	0.02905824937419596	0.00566617278573892	0.02136178678381169	0.006598624530515292	0.02905824937419596	0.006598624530515292	0.030573348562910718
15870000	-185.30465389348882	2.6171531468635307	-187.92180704035235	0.35436655234503206	0.03316685848435827	0.07439210944797699	0.03316685848435827	0.016271856932967687	0.00740298977549724	0.07439210944797699	0.00740298977549724	0.030048347677214586
15880000	-191.12958169661832	3.2596362405747397	-194.38921793719305	0.2870985819837993	0.026893283060121356	0.0370364677606486	0.026893283060121356	0.024417706934076668	0.0032766687749626656	0.0370364677606486	0.0032766687749626656	0.02264138447566408
15890000	-158.53762859274636	2.3204021418149443	-160.8580307345613	0.6157452080893107	-0.030708644179541732	0.06070069676308643	-0.030708644179541732	0.01942293068048905	-0.0034153808057860455	0.06070069676308643	-0.0034153808057860455	0.02203795494713734
15900000	-185.24452906064374	3.515388892056588	-188.75991795270033	0.2445659190541438	0.011631095553602994	0.04103617533567798	0.011631095553602994	0.015238397219313863	0.003769553466721434	0.04103617533567798	0.003769553466721434	0.01926939852487808
15910000	-154.7471370388059	0.6347476231533865	-155.38188466195928	1.1605092192978137	0.039231519001892236	0.11811910324337241	0.039231519001892236	0.01732346863742998	0.0029553003925332786	0.11811910324337241	0.0029553003925332786	0.027295159985542772
15920000	-212.41311462866489	3.63897446427589	-216.05208909294078	0.13910993605839556	-0.006521798854641914	0.026344540890911046	-0.006521798854641914	0.01922631172591491	-6.82144865292234E-4	0.026344540890911046	-6.82144865292234E-4	0.021254689079258177
15930000	-228.82607411011324	4.1542195562263355	-232.98029366633958	0.06155739364629154	0.005088912685469588	0.017406468738001064	0.005088912685469588	0.014369701019854048	-0.0030094366614642504	0.017406468738001064	-0.0030094366614642504	0.021738575063981684
15940000	-228.5752367925447	3.895999211857924	-232.4712360044026	0.06254465311008231	0.008656169205254369	0.019133044796054332	0.008656169205254369	0.021906768563114406	0.0011241042407971556	0.019133044796054332	0.0011241042407971556	0.02189826378235872
15950000	-203.72270265734235	4.619762940543934	-208.34246559788627	0.13092482533831826	0.015434180051366953	0.04016379354071887	0.015434180051366953	0.019995945847760405	-2.2523038543220426E-4	0.04016379354071887	-2.2523038543220426E-4	0.032950244257305895
15960000	-154.8445215188283	1.8761832030147123	-156.720704721843	0.834633513500065	-0.016097244667237196	0.089875235821452	-0.016097244667237196	0.015626215807646397	-0.00501625452006652	0.089875235821452	-0.00501625452006652	0.029726247888601107
15970000	-161.5655153188686	2.8490303259679584	-164.41454564483655	0.6009779341650221	-0.004489419830924618	0.07096580197845093	-0.004489419830924618	0.016761435860081424	-8.908113518725001E-4	0.07096580197845093	-8.908113518725001E-4	0.02300691487650732
15980000	-141.3848842261341	-1.2829603789482662	-140.10192384718582	1.4621909170423077	0.018985696689838485	0.11924297337359495	0.018985696689838485	0.020285435100813376	0.002798580053239006	0.11924297337359495	0.002798580053239006	0.025954945308001763
15990000	-154.5780249809268	-0.824990746335553	-153.75303423459127	0.9990718994936181	0.03875635343911862	0.09634632540178957	0.03875635343911862	0.022688139497331422	0.00521252740744574	0.09634632540178957	0.00521252740744574	0.02373814291790887
16000000	-151.87010206389735	1.3773771918599795	-153.24747925575733	0.9235496569820083	-0.022096342922899335	0.09973564998877675	-0.022096342922899335	0.01688607604737198	-0.006223451885953234	0.09973564998877675	-0.006223451885953234	0.03313634848489994
16010000	-163.46244825831644	1.1825470933705287	-164.64499535168696	0.7806316480148447	0.012026948520323648	0.1033408851685163	0.012026948520323648	0.011510907610428379	0.0016888304380784616	0.1033408851685163	0.0016888304380784616	0.02563730208532969
16020000	-185.75850773282363	3.9827801345749303	-189.74128786739857	0.23977569060219833	0.036636731794691096	0.02470936301616762	0.036636731794691096	0.020855101800099838	0.0010083943914200454	0.02470936301616762	0.0010083943914200454	0.02292923978987522
16030000	-242.61184950270618	3.960357742700837	-246.57220724540701	0.04178165207016835	0.001038806938721527	0.03056009147593801	0.001038806938721527	0.0158399804558256	8.759662207245835E-4	0.03056009147593801	8.759662207245835E-4	0.036186394656699934
16040000	-199.92514293550386	4.127106340811312	-204.05224927631517	0.13254402390729	0.003132021421815585	0.038094892355359004	0.003132021421815585	0.023458977661651437	-0.002383114164396961	0.038094892355359004	-0.002383114164396961	0.0351667053706836
16050000	-153.69339452357727	-0.4301785390799876	-153.2632159844973	1.1187506823007138	0.054652193894811046	0.15642356714490624	0.054652193894811046	0.017323005017071774	0.0023350706509334433	0.15642356714490624	0.0023350706509334433	0.04112784297858969
16060000	-195.7131617682318	2.3146420145330238	-198.02780378276483	0.1385816943770448	0.022418388640466014	0.01984437795660493	0.022418388640466014	0.02581044320003653	0.003340786353639983	0.01984437795660493	0.003340786353639983	0.020232419470151343
16070000	-172.66073500095717	3.7324768164304665	-176.39321181738765	0.4997511739882965	0.017755403056157946	0.09813206203191298	0.017755403056157946	0.015338274049937636	0.0017344996844230137	0.09813206203191298	0.0017344996844230137	0.043143682979771114
16080000	-159.2020641225716	2.5483118507541316	-161.75037597332573	0.7881753557910522	0.02478097902552666	0.133136175926653	0.02478097902552666	0.02349384010337506	0.0016275736137971383	0.133136175926653	0.0016275736137971383	0.04299486959828848
16090000	-182.8738782638706	3.8305186698340687	-186.7043969337047	0.2741207301502659	0.003209440057692508	0.06438460431777589	0.003209440057692508	0.014104767101261375	8.482011791654197E-5	0.06438460431777589	8.482011791654197E-5	0.03545364180524399
16100000	-161.20574816423786	-2.042272911330997	-159.16347525290686	0.5922020917363688	-0.029120733581365403	0.061428137038683994	-0.029120733581365403	0.020913269225154463	-0.003161465229417971	0.061428137038683994	-0.003161465229417971	0.024044873021018393
16110000	-164.35762192212272	2.6882355203202275	-167.04585744244295	0.4962647629115779	0.011258297210908815	0.06773193432235133	0.011258297210908815	0.02001297043295438	0.0017340871819025569	0.06773193432235133	0.0017340871819025569	0.025977792150522865
16120000	-159.06422553220068	2.219027411016327	-161.283252943217	0.7763491154170545	0.028127527839895004	0.08575515784514787	0.028127527839895004	0.02074648914180341	-7.271865128238419E-4	0.08575515784514787	-7.271865128238419E-4	0.024999768031169194
16130000	-173.79460117438214	-0.0094964837166156	-173.78510469066552	0.46452005517272443	0.012492066656814245	0.04545132626625185	0.012492066656814245	0.012882630385574242	5.126462538622488E-5	0.04545132626625185	5.126462538622488E-5	0.02578520641000217
16140000	-205.45811728613776	4.381663840119681	-209.83978112625744	0.09872182923106106	0.009498143589207269	0.03465229779882605	0.009498143589207269	0.017158637512832885	8.156375320154058E-4	0.03465229779882605	8.156375320154058E-4	0.028399232290330034
16150000	-219.01292523850154	4.872844321828923	-223.88576956033046	0.07645141948417213	0.006872919967951126	0.02567969202293815	0.006872919967951126	0.01588509112771955	-7.276471151121131E-4	0.02567969202293815	-7.276471151121131E-4	0.02920146940523749
16160000	-221.78279179635945	4.640794969484879	-226.42358676584433	0.09178267163469254	0.0018153160473238484	0.01852641797485205	0.0018153160473238484	0.01932640438788525	-0.006888801393639902	0.01852641797485205	-0.006888801393639902	0.021705472478570857
16170000	-198.15335977946125	4.125236808310902	-202.27859658777214	0.15398539692119778	0.021210708301440194	0.02921144432177465	0.021210708301440194	0.01753003118742035	0.006429074956585453	0.02921144432177465	0.006429074956585453	0.026761869944478864
16180000	-184.85505552001567	4.048038910377204	-188.90309443039288	0.35273294453789183	0.023054283281751152	0.047268440097634916	0.023054283281751152	0.020076626404179926	0.0037756268736035105	0.047268440097634916	0.0037756268736035105	0.02192607237856016
16190000	-147.86579504058494	0.3519838018359486	-148.2177788424209	1.0692992588708918	-0.011732126536524612	0.0837690503097464	-0.011732126536524612	0.018397358601035356	-0.0032390325911684633	0.0837690503097464	-0.0032390325911684633	0.028027494956058628
16200000	-168.95909645114287	3.0902059385224607	-172.04930238966534	0.45164263804883154	0.032123157635044315	0.08868251358470045	0.032123157635044315	0.017748012415908836	0.0028049188529589535	0.08868251358470045	0.0028049188529589535	0.030765597666876948
16210000	-184.7683325969671	1.1146787263603422	-185.88301132332745	0.39197137685324895	0.012777913719883523	0.04830074112873214	0.012777913719883523	0.015542059023595919	-0.001953368406587685	0.04830074112873214	-0.001953368406587685	0.019236730623419115
16220000	-154.39694001014092	2.239820695263482	-156.6367607054044	0.8474791171802535	-0.03804718185478757	0.114418742653939	-0.03804718185478757	0.02346738071704865	-0.007193771001555534	0.114418742653939	-0.007193771001555534	0.03897369861583455
16230000	-173.98179342163692	2.6347636827191874	-176.6165571043561	0.3922164388468578	0.006075851974037221	0.06669286372032081	0.006075851974037221	0.016267589630948744	5.93683039097634E-4	0.06669286372032081	5.93683039097634E-4	0.030255259025611
16240000	-194.5190370649574	4.376726371724656	-198.89576343668205	0.18280695426387186	1.5397135832374565E-4	0.06325268086728689	1.5397135832374565E-4	0.019625418784385656	0.0014724763460739548	0.06325268086728689	0.0014724763460739548	0.043309173609571955
16250000	-204.46289248066034	4.710842074624477	-209.17373455528482	0.15468100410243357	0.007848905646498119	0.044646388263130936	0.007848905646498119	0.013398045492668889	0.0032348094652312515	0.044646388263130936	0.0032348094652312515	0.03524607193360589
16260000	-193.5835394462024	4.746162700373251	-198.32970214657564	0.15577873042052703	-0.003411784604736005	0.027732328266572764	-0.003411784604736005	0.017640568033602838	-0.002236435457659865	0.027732328266572764	-0.002236435457659865	0.019572159813989236
16270000	-188.3451100249877	4.122803286028419	-192.4679133110161	0.19561097594576163	0.027310190695519605	0.05670511587896277	0.027310190695519605	0.020749159629615925	0.008777934082776483	0.05670511587896277	0.008777934082776483	0.031320188769219576
16280000	-158.6515891086685	2.147755854803522	-160.79934496347204	0.6258220507495108	0.024891957934410916	0.06840525901343802	0.024891957934410916	0.016995316100861566	0.0017849748149376668	0.06840525901343802	0.0017849748149376668	0.02117697337073364
16290000	-193.44006439419084	3.102403497513229	-196.54246789170406	0.16123458123520618	0.0103023497161332	0.03118650988687748	0.0103023497161332	0.015376005263478956	3.265752782975644E-4	0.03118650988687748	3.265752782975644E-4	0.027143611987788377
16300000	-167.24568934782167	2.3435996923587523	-169.58928904018043	0.4628243196086833	-0.03045621394638765	0.028493715992982293	-0.03045621394638765	0.01365696310855341	-0.0023065079938729416	0.028493715992982293	-0.0023065079938729416	0.01923979640286136
16310000	-159.56690839123684	3.613545424803685	-163.1804538160405	0.405535453355909	0.002200478204489167	0.041906081543449686	0.002200478204489167	0.022980183016023528	-0.004061440188186528	0.041906081543449686	-0.004061440188186528	0.02686431067567392
16320000	-168.38756887761943	1.9282334373348173	-170.31580231495425	0.6225989701069173	0.027391372808688377	0.07794380346617734	0.027391372808688377	0.018825451069635356	0.0032212501519615086	0.07794380346617734	0.0032212501519615086	0.02245292603255849
16330000	-178.7077090595289	4.231603430054077	-182.93931248958296	0.3236165157971532	-3.0999737261318006E-4	0.07950657472867075	-3.0999737261318006E-4	0.02047871414275572	-0.0012434387956873313	0.07950657472867075	-0.0012434387956873313	0.03751104165980278
16340000	-207.60313822464224	4.850255748096615	-212.45339397273887	0.10934238741225387	-0.0023668946065874955	0.020188801237793163	-0.0023668946065874955	0.019070153203045857	-0.006065563439043783	0.020188801237793163	-0.006065563439043783	0.022134904173914227
16350000	-151.92449238854797	-3.1190507693579077	-148.80544161919008	1.0741513107656597	0.029918682523529375	0.055349689379544584	0.029918682523529375	0.021385356975332483	-0.0023625892046029353	0.055349689379544584	-0.0023625892046029353	0.021893756375019054
16360000	-175.6815699713485	3.0729010240856636	-178.75447099543416	0.4082299645495801	0.007176489914787489	0.06490617116261842	0.007176489914787489	0.01631819597814963	-0.0013642265275198558	0.06490617116261842	-0.0013642265275198558	0.023710447323241887
16370000	-160.22919848689244	1.2974052119252737	-161.52660369881772	0.6379581161801491	0.013556439079253243	0.07818404110921466	0.013556439079253243	0.019289711200144336	-0.0014261088154227755	0.07818404110921466	-0.0014261088154227755	0.02163960872699106
16380000	-193.57883785577724	4.5821962339588005	-198.16103408973603	0.14477370075303406	-0.012309081362302158	0.03356321316384344	-0.012309081362302158	0.016654098707791894	-0.0023274957641488286	0.03356321316384344	-0.0023274957641488286	0.02160165600237704
16390000	-182.85207154232876	3.0928435126239244	-185.94491505495267	0.2859711177436089	0.04272437151151103	0.08310358101931639	0.04272437151151103	0.023923551388526858	0.011785898648928216	0.08310358101931639	0.011785898648928216	0.03986565486185991
16400000	-165.08088132846933	2.9713475857504896	-168.05222891421982	0.6310920449151728	-0.0018544274645073537	0.0756980301885357	-0.0018544274645073537	0.019965816570055948	-0.004508658239591472	0.0756980301885357	-0.004508658239591472	0.026015685830014644
16410000	-183.0324092652934	3.7754265302688967	-186.8078357955623	0.28176288311894926	0.0034257439715305554	0.0415380252792049	0.0034257439715305554	0.014229754437561956	8.910058546402642E-4	0.0415380252792049	8.910058546402642E-4	0.018566693216140552
16420000	-152.57205137120494	0.19145387516594392	-152.76350524637087	0.9330500365452007	0.009018226335477662	0.08445286244462662	0.009018226335477662	0.017165881768360473	-3.2911895854630146E-4	0.08445286244462662	-3.2911895854630146E-4	0.023045974436679127
16430000	-148.87030831981363	-1.3092941960718152	-147.5610141237418	1.4867771264223082	-0.0159794231720234	0.14778899198387435	-0.0159794231720234	0.02318246034677021	-0.005412822339011985	0.14778899198387435	-0.005412822339011985	0.04463556852070407
16440000	-150.79564462066207	2.5916009691078417	-153.38724558976992	0.6132252338165366	0.017388334531997878	0.059657429308879815	0.017388334531997878	0.012906659948677224	8.292597795159192E-4	0.059657429308879815	8.292597795159192E-4	0.01948513228244659
16450000	-164.85389994671567	3.261218543379968	-168.11511849009565	0.4676944298303167	0.02242696872200035	0.08357478762192107	0.02242696872200035	0.015191064782017386	0.005178879918272412	0.08357478762192107	0.005178879918272412	0.034707182016618855
16460000	-150.1399738098146	0.818471149088914	-150.9584449589035	1.177481657986661	0.008912995695796016	0.07725069875551083	0.008912995695796016	0.0172576224016411	-0.004070661154980794	0.07725069875551083	-0.004070661154980794	0.02601431775585271
16470000	-180.08113635139975	3.0744367776651202	-183.15557312906486	0.24468155578024606	0.0028130048739128588	0.02673181088205447	0.0028130048739128588	0.012842137714100175	3.4936093857942734E-4	0.02673181088205447	3.4936093857942734E-4	0.0224834590272687
16480000	-136.8673057798835	-0.9833671583208828	-135.88393862156263	1.4944294980133508	0.031158732648339287	0.04288250240597732	0.031158732648339287	0.02313897617235415	-0.004359732613464414	0.04288250240597732	-0.004359732613464414	0.019721207943734102
16490000	-152.4283793961345	1.474453241443476	-153.90283263757797	0.9377040358126804	0.043329068770550434	0.12937001028534004	0.043329068770550434	0.01897610798836219	0.0049362156201019	0.12937001028534004	0.0049362156201019	0.031966001173231444
16500000	-167.09537746850285	2.245286245256201	-169.34066371375906	0.5155433395924376	8.855208268493731E-4	0.07089268275411062	8.855208268493731E-4	0.0177301920614472	-0.0016625237690419163	0.07089268275411062	-0.0016625237690419163	0.024847052682659486
16510000	-176.61813714237402	4.134900312300086	-180.75303745467411	0.29564978072133224	0.005768901590324007	0.05749667398733515	0.005768901590324007	0.018462676731272273	-0.0011479465888967883	0.05749667398733515	-0.0011479465888967883	0.02486521008475752
16520000	-159.41293713404937	2.3637933378803777	-161.77673047192974	0.8005899097736601	-0.0047242632027700085	0.10279246366633013	-0.0047242632027700085	0.013257305123357368	-0.002371513344895877	0.10279246366633013	-0.002371513344895877	0.0342311915254826
16530000	-175.9385482601786	3.8399187663979215	-179.77846702657652	0.308154335181625	0.008298191952910866	0.03754057095601498	0.008298191952910866	0.012789754739423861	-0.0012919328728326343	0.03754057095601498	-0.0012919328728326343	0.02626589595801128
16540000	-173.17772417264757	3.90783606098968	-177.08556023363724	0.3477392781762569	0.01107642976782612	0.06123706736384398	0.01107642976782612	0.01774563805213639	-0.0014314993018378784	0.06123706736384398	-0.0014314993018378784	0.026616213417343874
16550000	-163.64898099752435	2.0906225416362836	-165.73960353916064	0.8975463435252723	0.009046106359586857	-0.01079076220216646	0.009046106359586857	0.021824554402504255	-0.001300199969402519	-0.01079076220216646	-0.001300199969402519	0.016965992010590042
16560000	-161.24292258298584	3.000450346361956	-164.2433729293478	0.5086311027472926	0.04733637426156389	0.03284131100177993	0.04733637426156389	0.018136161207799033	0.0019014610243056835	0.03284131100177993	0.0019014610243056835	0.020889795575727215
16570000	-147.36090837585104	0.060889563784299994	-147.42179793963533	1.2964415383961814	-0.04115240065058106	0.17109631614535145	-0.04115240065058106	0.017845578746018886	-0.0060905890005564615	0.17109631614535145	-0.0060905890005564615	0.037799708801437314
16580000	-174.6001760449706	2.363216400186353	-176.96339244515696	0.5004216186592427	-0.02155822764372502	0.03376096345051472	-0.02155822764372502	0.024742016750563575	-0.0029020894613511943	0.03376096345051472	-0.0029020894613511943	0.022055154058978503
16590000	-196.33620017367105	2.204003804110396	-198.54020397778143	0.17859334816576444	-0.015178952461333647	0.030583734751050078	-0.015178952461333647	0.02131126665491682	-0.0037941268009771	0.030583734751050078	-0.0037941268009771	0.02442294433703534
16600000	-162.10806324845237	2.3668309407843378	-164.4748941892367	0.684122291111483	0.04399292804955935	0.1154363889072137	0.04399292804955935	0.02594539662580108	0.001061744685240824	0.1154363889072137	0.001061744685240824	0.03973772673229739
16610000	-160.70627114626882	0.7549142508864878	-161.4611853971553	0.9371424841141126	0.019668919463901795	0.09922354178304657	0.019668919463901795	0.019459863824726	0.002386769732217774	0.09922354178304657	0.002386769732217774	0.024737510744317508
16620000	-161.61109788280095	2.092251459110071	-163.703349341911	0.553052793923495	0.01049090634638679	0.061298325357639634	0.01049090634638679	0.017710552566922454	-0.0011973946311314117	0.061298325357639634	-0.0011973946311314117	0.024364038649214378
16630000	-160.38390252018445	2.7564206113364085	-163.14032313152086	0.6655927162338541	0.015170735383951788	0.08007315307326594	0.015170735383951788	0.012106405018164141	0.0021828202370412202	0.08007315307326594	0.0021828202370412202	0.02510284073361169
16640000	-174.5976686096101	4.246860061437393	-178.8445286710475	0.3809412279780554	-0.02597032618142417	0.05487888150924747	-0.02597032618142417	0.017997644725335132	-0.005329342833598278	0.05487888150924747	-0.005329342833598278	0.028663546916001818
16650000	-187.50333775247535	4.06604913839396	-191.5693868908693	0.3022691687283498	0.0038761825172847894	0.05844272786200911	0.0038761825172847894	0.02049789321414317	-0.006268854306028041	0.05844272786200911	-0.006268854306028041	0.032204957984423174
16660000	-182.45732290494917	4.2795511262929145	-186.73687403124208	0.3955500218283907	0.01451277933461024	0.03475935004607411	0.01451277933461024	0.01896835472863343	-0.0011999371211751783	0.03475935004607411	-0.0011999371211751783	0.02854884669735324
16670000	-171.19883155218264	4.110810361062412	-175.30964191324506	0.4153385939681691	0.011191303347754289	0.06898879244612309	0.011191303347754289	0.018868723834591462	0.0014678290895036488	0.06898879244612309	0.0014678290895036488	0.030048525800487662
16680000	-188.7102267480263	4.582437411431516	-193.29266415945781	0.20473909804642418	0.02488299614427847	0.04763191249518289	0.02488299614427847	0.015395908709920511	0.004493699974321803	0.04763191249518289	0.004493699974321803	0.030946135852346436
16690000	-218.06616904318798	2.9660221257636823	-221.03219116895167	0.08113497210472581	0.00219955340202155	0.034386868090177825	0.00219955340202155	0.013980742917978923	8.132037270338266E-4	0.034386868090177825	8.132037270338266E-4	0.03141442080946309
16700000	-201.230876248519	3.6649354226945237	-204.89581167121352	0.12743941365685083	-0.0034064634624986533	0.036917542971395885	-0.0034064634624986533	0.021434293497679568	-0.002820042473814291	0.036917542971395885	-0.002820042473814291	0.0277888554075063
16710000	-177.0600508086569	4.096294282304137	-181.15634509096105	0.34604299917168313	0.01533634802040697	0.04461189293428276	0.01533634802040697	0.018274086528432265	8.493423105896821E-4	0.04461189293428276	8.493423105896821E-4	0.024352224581161423
16720000	-167.06520225300676	3.2082651026136184	-170.27346735562037	0.3990014815759503	0.022144075901962133	0.06695796574470597	0.022144075901962133	0.01388195124185256	3.230289344527803E-4	0.06695796574470597	3.230289344527803E-4	0.029045479158622038
16730000	-165.86031688228766	2.758118039113879	-168.61843492140153	0.5879748775191151	0.01859470345536026	0.1121683404281161	0.01859470345536026	0.018034730079770658	-7.505501408288789E-4	0.1121683404281161	-7.505501408288789E-4	0.04036646210883576
16740000	-176.88501533047983	4.590664469940487	-181.47567980042032	0.2528400927293044	0.015529000818385173	0.03634126576698396	0.015529000818385173	0.01753404469640431	0.0011807015354127345	0.03634126576698396	0.0011807015354127345	0.024130474254735197
16750000	-165.00518872232905	3.0067176977728147	-168.01190642010187	0.5779467868067922	0.075395544778048	0.0968430812081579	0.075395544778048	0.028583181841110732	0.00791001183824802	0.0968430812081579	0.00791001183824802	0.0334592886209003
16760000	-163.05910153096517	2.5919703373371235	-165.6510718683023	0.7152129379143736	0.04401405949500642	0.08184456984969898	0.04401405949500642	0.020915961861897873	0.0011564037615072243	0.08184456984969898	0.0011564037615072243	0.023302338637635533
16770000	-169.67430698761206	3.113124458024224	-172.7874314456363	0.3985541785816861	0.030738447362262635	0.06064759617541882	0.030738447362262635	0.01869352532252313	0.0059443009606396525	0.06064759617541882	0.0059443009606396525	0.025939581920872385
16780000	-153.13315381897678	1.523057170770398	-154.65621098974717	0.8019408457108821	0.018917317358210024	0.07012985746040862	0.018917317358210024	0.01656183579903131	-0.0010211214659393785	0.07012985746040862	-0.0010211214659393785	0.027325545003608714
16790000	-149.9528488625296	-0.8503292077049509	-149.10251965482465	1.1513371846775498	-4.6929210832358665E-4	0.13894464767919276	-4.6929210832358665E-4	0.01800470626021997	0.0011275858930916167	0.13894464767919276	0.0011275858930916167	0.034608394498209766
16800000	-134.1960459592057	-1.244054936086219	-132.95199102311946	1.6283601310181095	0.02511753096326667	0.12804044069527037	0.02511753096326667	0.02065287062729651	2.1210082373881913E-4	0.12804044069527037	2.1210082373881913E-4	0.033523884441523585
16810000	-159.76316830350876	2.8891649518062055	-162.65233325531497	0.6144930332840294	0.036411469672113436	0.07229828145320667	0.036411469672113436	0.024636709194759934	-1.0665753704134154E-4	0.07229828145320667	-1.0665753704134154E-4	0.028901910578379018
16820000	-179.99897313289233	3.155811732320409	-183.15478486521275	0.4413505131469187	0.04871787626051886	0.050966846725556444	0.04871787626051886	0.021087307587452468	0.0022334342489946767	0.050966846725556444	0.0022334342489946767	0.02252935823060529
16830000	-218.29447347448982	2.9872265992941567	-221.28170007378398	0.07513890015215713	-0.006472413740835876	0.023838006983840365	-0.006472413740835876	0.01910335864748542	-0.006162599470004989	0.023838006983840365	-0.006162599470004989	0.028769660402634758
16840000	-172.7078792901384	3.320711661066414	-176.02859095120482	0.6106405522204442	0.016567080609449874	0.11082969238713672	0.016567080609449874	0.0233527300487458	0.002354924059960827	0.11082969238713672	0.002354924059960827	0.03853258162162334
16850000	-172.8968066093715	3.8141063200902248	-176.71091292946173	0.34422777457754344	0.015234564173839905	0.05026806865478548	0.015234564173839905	0.01641963166567452	3.739333402714049E-4	0.05026806865478548	3.739333402714049E-4	0.025540564274187834
16860000	-167.08097956370605	3.912431084519174	-170.99341064822522	0.46091987042062676	0.006224621605506066	0.09592278044570378	0.006224621605506066	0.017218900065978298	-0.0031453061076526807	0.09592278044570378	-0.0031453061076526807	0.0416153970128616
16870000	-264.3165784540177	3.7259988835083213	-268.04257733752604	0.024160585391600892	0.004494403405521554	0.017870993567373376	0.004494403405521554	0.025797529340061617	-7.854042782197597E-4	0.017870993567373376	-7.854042782197597E-4	0.032775652372901865
16880000	-230.95738906988666	4.18061854743869	-235.13800761732534	0.0640434165178032	-0.004985326174224791	0.045079157392432304	-0.004985326174224791	0.016834333388249544	-0.005117693675763271	0.045079157392432304	-0.005117693675763271	0.05090091739782382
16890000	-205.49015089470174	3.465035390324397	-208.95518628502614	0.20895083301757553	-0.009641069540020322	0.04689586048933869	-0.009641069540020322	0.014624348822632907	-0.004039819570836197	0.04689586048933869	-0.004039819570836197	0.026527318073583724
16900000	-209.0445854625509	5.143804633222652	-214.18839009577357	0.10746982420566614	-0.008742186934705961	0.0249994757767503	-0.008742186934705961	0.019995933006766026	-0.002995397977773075	0.0249994757767503	-0.002995397977773075	0.03183754944321993
16910000	-213.68203437319607	4.399244383481806	-218.08127875667788	0.07244100098009834	-0.007635223859513313	0.005235470077566768	-0.007635223859513313	0.019959222560269534	3.684428128740028E-4	0.005235470077566768	3.684428128740028E-4	0.018279021037882794
16920000	-234.87082395174193	4.653197375399257	-239.52402132714118	0.04344007828190908	0.006367126481355061	0.017065152015203363	0.006367126481355061	0.017716816434249806	-0.0027061375728571436	0.017065152015203363	-0.0027061375728571436	0.027250528743165872
16930000	-171.5575912268142	3.2300865170843625	-174.78767774389857	0.3697191051594063	0.0045871106981654535	0.056869984484357476	0.0045871106981654535	0.014765273924791471	0.0019802042104358985	0.056869984484357476	0.0019802042104358985	0.02078599478493382
16940000	-184.4293064750207	3.0760215696460906	-187.50532804466678	0.3426497577890882	0.011303083505197323	0.060684922896618865	0.011303083505197323	0.01430423762845633	-0.0015214021536705735	0.060684922896618865	-0.0015214021536705735	0.028163012232750112
16950000	-204.67973682298356	4.078586368019957	-208.7583231910035	0.15788934978256863	0.005605010027328413	0.06285849837298182	0.005605010027328413	0.017781749721228934	-0.002168189040971456	0.06285849837298182	-0.002168189040971456	0.04358868622218699
16960000	-195.92241644044782	3.7820733518433505	-199.70448979229116	0.24651635484500237	0.027159605653501846	0.06577973430051964	0.027159605653501846	0.02093924092083503	0.0033234075347795215	0.06577973430051964	0.0033234075347795215	0.03616946597485421
16970000	-167.36727895459302	3.40672833300501	-170.77400728759804	0.48306813465647924	-0.013291330637104094	0.07617933321410421	-0.013291330637104094	0.01667328372104883	-0.0032287224707430546	0.07617933321410421	-0.0032287224707430546	0.028674456398979895
16980000	-152.8118379007682	-1.082437889129059	-151.72940001163914	0.949990955664949	0.0015357748433697234	0.07831494855659624	0.0015357748433697234	0.015261772357680567	-0.0014306740982086858	0.07831494855659624	-0.0014306740982086858	0.023560910889427227
16990000	-164.6205958834068	1.809593604280895	-166.4301894876877	0.5949317057582476	-0.010154717484861658	0.06902592460088741	-0.010154717484861658	0.018615574513781666	-0.002941869656405156	0.06902592460088741	-0.002941869656405156	0.024508573800467063
17000000	-154.78125662414766	2.433011074918085	-157.21426769906574	0.691604029292315	0.027975507172612147	0.09090001143517547	0.027975507172612147	0.01550526305675528	0.003940819650966484	0.09090001143517547	0.003940819650966484	0.03059233850234367
17010000	-152.13449244854976	2.8807135767014587	-155.01520602525122	0.6961313649207508	0.0033947590135667157	0.03951906902194046	0.0033947590135667157	0.017928498157291386	-1.0419885134009728E-4	0.03951906902194046	-1.0419885134009728E-4	0.019976044769377213
17020000	-167.50863525478934	2.394278666471946	-169.90291392126127	0.48610073553008853	-1.2755392976935266E-4	0.07647813391349992	-1.2755392976935266E-4	0.01585770249492171	-0.005136983010656632	0.07647813391349992	-0.005136983010656632	0.031093936686010713
17030000	-182.5349869685413	4.662278995852694	-187.19726596439398	0.2676777329221081	0.01332007932559002	0.0394265289994037	0.01332007932559002	0.021112995639532547	-8.809969265857333E-4	0.0394265289994037	-8.809969265857333E-4	0.02656375526605424
17040000	-154.70308663890424	1.1222403591150085	-155.82532699801925	0.8002224715084592	0.02958351855925066	0.13783756039128348	0.02958351855925066	0.015872176117413546	0.0036913086111213006	0.13783756039128348	0.0036913086111213006	0.04106720278185974
17050000	-155.49227996629162	-0.9170695087076566	-154.57521045758395	0.859158596275943	0.009227328865944635	0.1496849632657852	0.009227328865944635	0.015582620118156624	0.0012292487505978279	0.1496849632657852	0.0012292487505978279	0.042539376587066934
17060000	-176.45826819877286	3.425466055310428	-179.8837342540833	0.33537719506525865	-0.007457159774520192	0.05058831226923919	-0.007457159774520192	0.01813343001592949	-3.2893044736546266E-5	0.05058831226923919	-3.2893044736546266E-5	0.025141046349802177
17070000	-172.16348642550426	4.238500596339332	-176.40198702184358	0.36770703351562367	-0.02074852887264945	0.05994498173433116	-0.02074852887264945	0.017812725993721173	-0.006619587224577844	0.05994498173433116	-0.006619587224577844	0.03061320974643228
17080000	-153.31913881904185	-0.646136560844769	-152.67300225819707	1.2848249669350542	0.05108634727075381	0.11228369700840239	0.05108634727075381	0.020360232741438652	0.0030064614424528905	0.11228369700840239	0.0030064614424528905	0.023377619602018593
17090000	-144.65988936040975	-1.9080773563436337	-142.75181200406612	1.1671933475057412	0.008503167393368403	0.07816588577701389	0.008503167393368403	0.017399926142940093	0.0011534075286276145	0.07816588577701389	0.0011534075286276145	0.02353056935280133
17100000	-138.57453568646778	-2.044353443206361	-136.53018224326144	1.755823485314774	-0.04653459452601816	0.21555799905486375	-0.04653459452601816	0.024571903070406735	-0.007828661460568303	0.21555799905486375	-0.007828661460568303	0.043952435570811035
17110000	-148.92209606047032	-0.3451584293228661	-148.57693763114744	1.3496569386073505	0.04248526930786287	0.1284284603151096	0.04248526930786287	0.014799413572217495	0.0023510958750574944	0.1284284603151096	0.0023510958750574944	0.027203608133372022
17120000	-179.2292865980599	2.386807143639534	-181.61609374169944	0.7340037404962398	-0.035887625947199256	0.11220548376711986	-0.035887625947199256	0.02658280877526257	-0.014383400650412681	0.11220548376711986	-0.014383400650412681	0.03903140524751103
17130000	-172.07451034591833	2.804902415594265	-174.87941276151258	0.4696484898884081	-0.015197375564179428	0.06918636315803514	-0.015197375564179428	0.01665634300620904	-0.007161301292769911	0.06918636315803514	-0.007161301292769911	0.02452962612939545
17140000	-174.31270635149363	3.95366705733616	-178.2663734088298	0.4456120877936585	-0.008000085920020321	0.07506726651930573	-0.008000085920020321	0.024461791176400224	-0.0031089081370095457	0.07506726651930573	-0.0031089081370095457	0.027713914572646076
17150000	-181.64037125020712	4.37828621634039	-186.01865746654752	0.22207074587015288	-0.010800600494716612	0.07297573211840663	-0.010800600494716612	0.016703499329514832	-0.003390431962664884	0.07297573211840663	-0.003390431962664884	0.03843122564185233
17160000	-178.97374970727697	3.5187583303684025	-182.49250803764536	0.308001624507352	-0.008623782798212036	0.0348368582460689	-0.008623782798212036	0.014891638119974864	-4.042767385038778E-4	0.0348368582460689	-4.042767385038778E-4	0.020719563526516317
17170000	-210.6194894897478	4.111475002425363	-214.73096449217314	0.12065656536428113	0.013994893769982893	0.02941468381429323	0.013994893769982893	0.013825702686394577	0.003934759778135448	0.02941468381429323	0.003934759778135448	0.024273672472460678
17180000	-165.31548591562057	3.4504188583521223	-168.7659047739727	0.4224741884129814	0.028811032027117246	0.07566726136487818	0.028811032027117246	0.015782352839203394	0.0020485667051430264	0.07566726136487818	0.0020485667051430264	0.030483492635877324
17190000	-151.44905822013533	2.460096185824871	-153.9091544059602	0.6558777991270781	0.02551189373608553	0.06804093253134903	0.02551189373608553	0.018214739347478862	-2.708567580843252E-4	0.06804093253134903	-2.708567580843252E-4	0.026564779115212222
17200000	-195.27582379843528	4.056333916693604	-199.3321577151289	0.23578465474115945	0.015659377827430404	0.0508626590422708	0.015659377827430404	0.015413213117559192	9.475394396970612E-4	0.0508626590422708	9.475394396970612E-4	0.02270079230507853
17210000	-177.82426558346188	3.4689429248286023	-181.2932085082905	0.3598440156380071	0.0012326659384928446	0.07935634842614342	0.0012326659384928446	0.014119686498185652	-5.573535251434979E-4	0.07935634842614342	-5.573535251434979E-4	0.036818829558837154
17220000	-185.7876086576625	4.481567709661559	-190.26917636732406	0.2025361845149724	0.018097669291755606	0.06631684292468852	0.018097669291755606	0.017201711616950072	0.0033523770506071926	0.06631684292468852	0.0033523770506071926	0.03988616255137671
17230000	-200.38712371174302	4.354307974070542	-204.74143168581355	0.14408689776398048	0.024172035254353963	0.02859874253270284	0.024172035254353963	0.01758282307796964	7.382033773373825E-4	0.02859874253270284	7.382033773373825E-4	0.02909267911108579
17240000	-158.9831968913554	-0.1114835728232837	-158.8717133185321	0.8922842852878786	-0.03509858781704393	0.10903545854200646	-0.03509858781704393	0.016560572283278608	-0.003380136383343401	0.10903545854200646	-0.003380136383343401	0.032123979869209486
17250000	-161.47421891683732	0.15796621962568647	-161.632185136463	0.9540586554325601	0.004530235180360071	0.14218022637034974	0.004530235180360071	0.016170999283966755	-0.003572899981156061	0.14218022637034974	-0.003572899981156061	0.045469412884887275
17260000	-161.7695546431249	0.07586736217695256	-161.84542200530186	0.7836971445562518	0.05218256768410873	0.0730147250877575	0.05218256768410873	0.01851425413979929	0.0023738547953993574	0.0730147250877575	0.0023738547953993574	0.025082185131055895
17270000	-167.50083037255826	3.1411003112053866	-170.64193068376363	0.39040495439458683	0.022610175378867357	0.008321229474319432	0.022610175378867357	0.020046812387492043	0.0010615366363120756	0.008321229474319432	0.0010615366363120756	0.01916392477164354
17280000	-188.55314406069266	1.9688901534607233	-190.5220342141534	0.26424978588835757	0.009192542635666046	0.04437408957182312	0.009192542635666046	0.0178831593605585	1.3324353688196912E-4	0.04437408957182312	1.3324353688196912E-4	0.024097171513682698
17290000	-147.22800600867654	-0.33845251349047256	-146.88955349518608	1.0758307344165023	0.010829772395593868	0.07983365102382876	0.010829772395593868	0.01758333975010031	-0.003201033734490544	0.07983365102382876	-0.003201033734490544	0.032596232158636454
17300000	-164.75563624639446	1.49404667411443	-166.2496829205089	0.7777754913620145	-0.0066006640938417295	0.12228735278384249	-0.0066006640938417295	0.012366608148374628	-0.0010200193436824224	0.12228735278384249	-0.0010200193436824224	0.03250995370686754
17310000	-198.05613277495928	4.965224584741303	-203.02135735970057	0.13581365377948934	0.01105671954917008	0.02763408603794036	0.01105671954917008	0.019185745865796973	-0.0027130150197036264	0.02763408603794036	-0.0027130150197036264	0.025962403398532785
17320000	-170.65697987498166	2.3979796620563367	-173.054959537038	0.6007009385847828	0.02857806392029705	0.13277850543994246	0.02857806392029705	0.02198686104974132	7.110175888422245E-5	0.13277850543994246	7.110175888422245E-5	0.04325166781402233
17330000	-168.43760854587737	4.09247310776122	-172.53008165363858	0.4319327963817061	0.016453776518469264	0.0640572444009963	0.016453776518469264	0.015600332674217931	0.0012839743409048694	0.0640572444009963	0.0012839743409048694	0.034399787998870474
17340000	-169.5462229119804	3.918271682975483	-173.46449459495588	0.340433055260293	0.029375061215639188	0.04469298920835107	0.029375061215639188	0.02339365520933245	0.004322369913169219	0.04469298920835107	0.004322369913169219	0.02067609526835219
17350000	-172.5544657495953	1.89469624721648	-174.44916199681177	0.44687079643407746	0.013207356097841147	0.06690196845203976	0.013207356097841147	0.02049543183120503	0.0019077076310237665	0.06690196845203976	0.0019077076310237665	0.02923116180900282
17360000	-159.94279405596143	2.9981700391786927	-162.94096409514012	0.6661398808431285	0.020018884320348256	0.07010092811295239	0.020018884320348256	0.017244920652169246	0.004913319904563108	0.07010092811295239	0.004913319904563108	0.033191113232814734
17370000	-170.0919484471997	4.0083764073469	-174.1003248545466	0.4432016453722358	-0.0032864490552569924	0.029905829986030568	-0.0032864490552569924	0.02215019786029419	-7.714562676185304E-4	0.029905829986030568	-7.714562676185304E-4	0.02593337315148739
17380000	-163.6202134190946	3.536878882435132	-167.15709230152973	0.48456616913022754	0.00957561690057446	0.07127480306941084	0.00957561690057446	0.020316908703601557	-0.0032171710254953727	0.07127480306941084	-0.0032171710254953727	0.02513179537871231
17390000	-181.86056689270572	4.204644419607854	-186.06521131231358	0.3153439107617917	0.0038534357809862827	0.041728301217891214	0.0038534357809862827	0.020678939828619004	-0.00454661266330577	0.041728301217891214	-0.00454661266330577	0.02452605389137435
17400000	-181.57665106711727	2.2969822623948994	-183.87363332951216	0.39646434944318754	-0.015722194376047983	0.055190446313783975	-0.015722194376047983	0.02031709134982683	-0.005680021596611006	0.055190446313783975	-0.005680021596611006	0.034655360225442244
17410000	-198.58991507204883	4.613347031076454	-203.20326210312527	0.2004680447050066	0.00726816232398605	0.028678832700406203	0.00726816232398605	0.016824370564011957	-6.811033467039728E-4	0.028678832700406203	-6.811033467039728E-4	0.025020344690605906
17420000	-180.61398438794257	0.6872488633920644	-181.30123325133462	0.3009870351098367	0.02438829416793021	0.07964271187591984	0.02438829416793021	0.0178200221725164	0.005470597209727505	0.07964271187591984	0.005470597209727505	0.035874211876213494
17430000	-174.52623487337758	4.190204309680794	-178.71643918305836	0.3600453655830714	0.014164045709184588	0.052821403725814856	0.014164045709184588	0.012493641483973495	0.002081060209607813	0.052821403725814856	0.002081060209607813	0.03030632730798399
17440000	-180.62119621513264	3.415685526346012	-184.03688174147865	0.38589968898905747	0.04626738706770432	0.05910805830868119	0.04626738706770432	0.026651304635380915	0.006331935001325509	0.05910805830868119	0.006331935001325509	0.02645073052853772
17450000	-203.00845142315674	4.630565007423381	-207.6390164305801	0.16799035549299857	0.008221741276255894	0.0464674524385087	0.008221741276255894	0.018026329988237833	-6.44143862532082E-4	0.0464674524385087	-6.44143862532082E-4	0.03130703535260195
17460000	-168.5655578401894	3.3039988825216082	-171.869556722711	0.4104675311141612	-0.0032661028669456918	0.05326280189054516	-0.0032661028669456918	0.017162094501167936	-9.422595844452009E-4	0.05326280189054516	-9.422595844452009E-4	0.019533863867219996
17470000	-161.62560145704418	1.0880742534034051	-162.71367571044757	0.7986037562771224	-0.027888233864111857	0.1109100581564194	-0.027888233864111857	0.022492976327844045	-0.006276269158193467	0.1109100581564194	-0.006276269158193467	0.02968916177733661
17480000	-159.7876400046272	3.0626668835348045	-162.850306888162	0.5301563654488395	0.02665467910759661	0.060254488328084804	0.02665467910759661	0.01777771962315944	0.004145584205040643	0.060254488328084804	0.004145584205040643	0.02781495010325644
17490000	-174.53670162857387	4.247436903606021	-178.7841385321799	0.2920385387135987	0.007969849586078867	0.05469447559359836	0.007969849586078867	0.01567850246641564	-3.458590147130381E-5	0.05469447559359836	-3.458590147130381E-5	0.02110662650505324
17500000	-184.55620533432233	3.3213784202017904	-187.87758375452412	0.22139378652780262	0.004803991617153122	0.02461846855485647	0.004803991617153122	0.022589319596955388	-0.004508726369227515	0.02461846855485647	-0.004508726369227515	0.02323924017236587
17510000	-186.2999326948955	2.7921340524396148	-189.0920667473351	0.27096420599982896	0.014734760783879164	0.021007027343407564	0.014734760783879164	0.019683653518319848	-0.002084640837829414	0.021007027343407564	-0.002084640837829414	0.02247901832212173
17520000	-169.45613327907523	3.3339821335828597	-172.79011541265808	0.3649939512518704	-0.005286485542853895	0.06010641965135154	-0.005286485542853895	0.018887060516809176	-0.002466424594050256	0.06010641965135154	-0.002466424594050256	0.02836802898472096
17530000	-180.2198071051956	4.626303536735168	-184.84611064193078	0.24959219064244623	0.0327758197944463	0.04607367644080278	0.0327758197944463	0.020249737978819567	0.0046090332727343405	0.04607367644080278	0.0046090332727343405	0.029207608156320473
17540000	-163.52529674020556	1.21792046728314	-164.7432172074887	0.7049090587768365	0.013832539959419105	0.10661171260511308	0.013832539959419105	0.016036610728988245	-0.0021221501803252627	0.10661171260511308	-0.0021221501803252627	0.02851070699474547
17550000	-158.65606628359492	2.258036780540975	-160.9141030641359	0.7260972756242642	0.004036521426317931	0.07250119289789532	0.004036521426317931	0.01745100788511219	-0.0018302549977054913	0.07250119289789532	-0.0018302549977054913	0.0179319462269195
17560000	-177.92113837594306	2.5909609273076257	-180.5120993032507	0.35348746078299703	-0.004708438425002967	0.054774462887206374	-0.004708438425002967	0.022282233543586674	0.002289676890697711	0.054774462887206374	0.002289676890697711	0.020940120018926436
17570000	-159.70709147688666	2.2980822815660322	-162.00517375845268	0.5106149839650357	0.02310660823027284	0.0749671234018933	0.02310660823027284	0.019506923718493673	0.005553336989246656	0.0749671234018933	0.005553336989246656	0.029172072619222413
17580000	-142.48371067458604	-0.20414358287295553	-142.2795670917131	1.1768885510412772	0.03226954856938559	0.07418990675887634	0.03226954856938559	0.014746382565538754	0.0012523263725280178	0.07418990675887634	0.0012523263725280178	0.019947732636784444
17590000	-176.0603052976168	2.973395152021195	-179.033700449638	0.28315132033979157	-0.0031602400781123026	0.0413486362439132	-0.0031602400781123026	0.017493283073293182	-5.247057954401165E-4	0.0413486362439132	-5.247057954401165E-4	0.020116135713140176
17600000	-184.56792870792356	2.041072982745225	-186.60900169066878	0.4734996167337068	-0.008415288912891223	0.08802590354888873	-0.008415288912891223	0.020989522936494913	-0.00407178073879249	0.08802590354888873	-0.00407178073879249	0.03140449297921744
17610000	-180.27098553006587	3.872238756557202	-184.14322428662308	0.2603154646599344	0.003469780558653838	0.03877634345629449	0.003469780558653838	0.015172599987416524	-1.796084087990154E-4	0.03877634345629449	-1.796084087990154E-4	0.023510156295077418
17620000	-192.4792129063626	3.8093328391241625	-196.28854574548674	0.2647064481262472	0.005365230741420729	0.09946783687607809	0.005365230741420729	0.01653239840518803	-2.447011245175026E-4	0.09946783687607809	-2.447011245175026E-4	0.053342718878355996
17630000	-164.28352887618166	3.618318617862001	-167.90184749404366	0.388030459609889	-0.011297992587481586	0.04918348570869476	-0.011297992587481586	0.018972464358300113	-0.0017038255809912167	0.04918348570869476	-0.0017038255809912167	0.023992609078989213
17640000	-156.73818845467457	2.106028201408342	-158.84421665608292	0.8955362907368903	-0.011019698037342672	0.10937248595564422	-0.011019698037342672	0.020506302110879525	-0.0035533048694688595	0.10937248595564422	-0.0035533048694688595	0.03610269740198853
17650000	-137.5810677520439	-1.5270983938593852	-136.05396935818453	1.5411197641486185	0.025626897488543837	0.16415712799722595	0.025626897488543837	0.015061658756116807	0.003788993347601898	0.16415712799722595	0.003788993347601898	0.0365614417453803
17660000	-145.474426284604	0.07499508965491775	-145.5494213742589	1.2320060263485684	0.02066433724555267	0.112069130952361	0.02066433724555267	0.020573117821809567	-0.0021832719751911775	0.112069130952361	-0.0021832719751911775	0.028597502787198616
17670000	-167.71579330614315	2.714296581027672	-170.43008988717082	0.44393761237315565	-0.014321609905999119	0.04741653389195881	-0.014321609905999119	0.012607743722716334	-5.151472525623483E-4	0.04741653389195881	-5.151472525623483E-4	0.019660913030529595
17680000	-169.7329905216107	2.638543943246646	-172.37153446485735	0.5681727429167062	0.0314721189606521	0.11938071385817357	0.0314721189606521	0.01691036407268089	0.003213139975123834	0.11938071385817357	0.003213139975123834	0.0384820966148058
17690000	-185.48664176219484	1.706615386666435	-187.19325714886128	0.27036680142860087	0.012271215130937058	0.05236922538752534	0.012271215130937058	0.022764563000971034	-5.564217062284183E-4	0.05236922538752534	-5.564217062284183E-4	0.025629949099296424
17700000	-160.32166030523328	3.1663931136593955	-163.48805341889266	0.6015129150677232	0.040681282983226846	0.058999743208697074	0.040681282983226846	0.01440589936234493	3.0137370662635613E-4	0.058999743208697074	3.0137370662635613E-4	0.028347942480191464
17710000	-159.14460963858693	0.037892710425577736	-159.1825023490125	0.7517886893170417	-0.012997647385714132	0.0523776161079156	-0.012997647385714132	0.015812034517610218	-0.0045026694408541595	0.0523776161079156	-0.0045026694408541595	0.022749956446895696
17720000	-183.60689496816263	2.307450610852982	-185.91434557901562	0.41413558279057	-0.014033939167016531	0.08616493163603034	-0.014033939167016531	0.016138670441561778	-2.8047508781198476E-4	0.08616493163603034	-2.8047508781198476E-4	0.03692881976623717
17730000	-190.41195250391806	0.6409611300342064	-191.05291363395227	0.20606001873007845	4.2642802940259783E-4	0.05539371891936322	4.2642802940259783E-4	0.013513450885421429	-0.001015644343592334	0.05539371891936322	-0.001015644343592334	0.03826821163244776
17740000	-159.30007401488487	2.986959561803463	-162.28703357668834	0.5927847184344498	-0.014453116584854759	0.07311210288765341	-0.014453116584854759	0.018901505039143444	-0.004169274082746574	0.07311210288765341	-0.004169274082746574	0.023781630277115905
17750000	-147.76390589429172	0.8704377445709578	-148.63434363886267	0.8712947116060494	0.035481778705115236	0.07234922589420714	0.035481778705115236	0.020628870731784495	0.0038479286412654943	0.07234922589420714	0.0038479286412654943	0.02559494883616776
17760000	-154.863991391872	1.7541526994725514	-156.61814409134453	0.7200599536485496	0.020359624366935482	0.08519606406733957	0.020359624366935482	0.020059395289789592	0.0041697697238786465	0.08519606406733957	0.0041697697238786465	0.028258414416649634
17770000	-145.51659635000564	-0.9777661569086069	-144.53883019309703	1.0316038684728386	0.026339056074875078	0.09003463436235351	0.026339056074875078	0.018458940115017235	0.0017653310147227208	0.09003463436235351	0.0017653310147227208	0.027772295438277778
17780000	-163.11656044736586	3.1323850683322196	-166.24894551569807	0.5915787752837746	0.02804972242840496	0.04789558250509674	0.02804972242840496	0.01896358787322445	-0.0017649880268274252	0.04789558250509674	-0.0017649880268274252	0.019748314852404338
17790000	-171.95859802512913	3.0992252537356264	-175.05782327886476	0.4597576534756764	0.04481233419324958	0.07074065816509272	0.04481233419324958	0.026396392340492177	0.004916135907047538	0.07074065816509272	0.004916135907047538	0.03219274427936303
17800000	-161.03556988629072	2.3816569647074046	-163.41722685099813	0.5413733681934317	0.02442738887140019	0.06362536938762807	0.02442738887140019	0.01871280722775802	4.4466952284733267E-4	0.06362536938762807	4.4466952284733267E-4	0.024812729259166066
17810000	-190.42108945066443	1.5590915543626571	-191.98018100502708	0.1797647336253661	-0.0038281291179154612	0.04217136203766416	-0.0038281291179154612	0.016658842966581575	-0.006980128045334168	0.04217136203766416	-0.006980128045334168	0.030597239355986253
17820000	-148.85927971755459	-0.8534903007098295	-148.00578941684475	1.2332985933842997	0.03443458149901842	0.09501941835188787	0.03443458149901842	0.019783055085195542	0.0029208087062006557	0.09501941835188787	0.0029208087062006557	0.02494061352327779
17830000	-153.85829318420255	3.6720953667268335	-157.5303885509294	0.4935356482447306	0.042266501678471353	0.023354440908413703	0.042266501678471353	0.024469370994226698	-3.8965652001758926E-4	0.023354440908413703	-3.8965652001758926E-4	0.01646081771806529
17840000	-191.91651398482273	3.676290544335167	-195.5928045291579	0.17836796075653166	0.0031951343549189164	0.041048105076092134	0.0031951343549189164	0.021409611532540226	0.002388745015490081	0.041048105076092134	0.002388745015490081	0.031235367888378947
17850000	-163.87712980869887	3.8757775404682553	-167.75290734916712	0.39692797318104417	0.014058527727940369	0.030554300284252874	0.014058527727940369	0.017821723296035194	-0.002676044688170236	0.030554300284252874	-0.002676044688170236	0.016727658835703832
17860000	-147.64380646133972	1.737628922217222	-149.38143538355695	0.9187216273988855	0.03371525758986974	0.08950912336411256	0.03371525758986974	0.017423477994266492	0.0026075535918671537	0.08950912336411256	0.0026075535918671537	0.028301588798293514
17870000	-156.3891883198804	-3.448500309189134	-152.94068801069125	1.0787667922887427	0.017405403528838008	0.08396446432766906	0.017405403528838008	0.012864714310921482	-0.0032690922306366317	0.08396446432766906	-0.0032690922306366317	0.028241801755272772
17880000	-168.01661633483192	4.195496222622024	-172.21211255745393	0.3607367441500292	0.010381509444479665	0.04512478270774242	0.010381509444479665	0.016440096254428247	-9.750981124753693E-4	0.04512478270774242	-9.750981124753693E-4	0.02441910956322823
17890000	-160.74399346875646	3.4398593645144993	-164.18385283327095	0.5318160807176472	0.012743887236091296	0.05753530746898989	0.012743887236091296	0.014506772382996483	-9.074150997328975E-4	0.05753530746898989	-9.074150997328975E-4	0.02457849322452023
17900000	-154.21491907127017	0.9923507179924038	-155.20726978926257	0.7497649817782605	-0.01394354204894435	0.09353184687400856	-0.01394354204894435	0.0192836839397845	2.69735131310833E-4	0.09353184687400856	2.69735131310833E-4	0.028362982525900377
17910000	-186.18923173905173	3.729809086840145	-189.91904082589187	0.2237150141478449	0.00237309319631692	0.030050240704697168	0.00237309319631692	0.019837328227884317	0.0028096771554302004	0.030050240704697168	0.0028096771554302004	0.016438443592726452
17920000	-175.98915070232587	2.1083446956953056	-178.09749539802118	0.4821527466119464	-0.010866291326382282	0.08048510327669549	-0.010866291326382282	0.022140210874003457	-2.844190783681123E-4	0.08048510327669549	-2.844190783681123E-4	0.0308808820752057
17930000	-183.12166442078686	3.9535129134885967	-187.07517733427545	0.3543390923124095	0.002439937515945135	0.0634633443719782	0.002439937515945135	0.021172406180110404	0.0013933499915101057	0.0634633443719782	0.0013933499915101057	0.029795447832503957
17940000	-197.61418845801109	4.636542855236322	-202.2507313132474	0.14694971954829206	0.013947552245762973	0.014544204938254804	0.013947552245762973	0.016179781525821592	0.0010010357597843586	0.014544204938254804	0.0010010357597843586	0.012792506693838948
17950000	-205.23931319958353	3.5167585851873038	-208.75607178477082	0.10905567819927492	0.013781498136881846	0.04794657449658682	0.013781498136881846	0.01577303574276672	0.006361027740327151	0.04794657449658682	0.006361027740327151	0.03452089257182323
17960000	-193.40404760557738	1.6933414402471536	-195.09738904582454	0.28034296779792456	0.006543297683258499	0.06866425486560135	0.006543297683258499	0.019488250238561787	0.003987395383834373	0.06866425486560135	0.003987395383834373	0.03717814276858766
17970000	-190.5606257086292	2.830956753274845	-193.39158246190405	0.3699754669205859	-0.030172564053070033	0.08579146694516247	-0.030172564053070033	0.018831269979102807	-0.009218007100640684	0.08579146694516247	-0.009218007100640684	0.03382108999543252
17980000	-143.96829778411526	0.27249748525634876	-144.2407952693716	0.9948808978649071	-0.015920543096199637	0.10339037932400902	-0.015920543096199637	0.017886907940818757	-5.310260101574033E-4	0.10339037932400902	-5.310260101574033E-4	0.026605742366147298
17990000	-176.87582189070656	2.9363332067508816	-179.81215509745743	0.3726486340522089	-0.012660970224522962	0.04967681665625623	-0.012660970224522962	0.016615047721344905	-0.005079866387961441	0.04967681665625623	-0.005079866387961441	0.01994149445753888
18000000	-181.66369947212954	3.9313719658519504	-185.5950714379815	0.3493841820913888	-0.004859248559029023	0.08590901002714801	-0.004859248559029023	0.02566553694245964	-0.005427211690571093	0.08590901002714801	-0.005427211690571093	0.03928182881627561
18010000	-167.3037134677106	2.5799908132940628	-169.88370428100467	0.5707823675551933	-0.009320354477845367	0.06931130693904874	-0.009320354477845367	0.017710006661247335	-0.007112854313408161	0.06931130693904874	-0.007112854313408161	0.025194365820437763
18020000	-187.73523661935616	3.5929106582440675	-191.32814727760024	0.2119232536768324	0.026041943468633543	0.06812668963377429	0.026041943468633543	0.0175786986802993	0.006718103641225835	0.06812668963377429	0.006718103641225835	0.039295660868294925
18030000	-214.50444909482226	3.644782998713379	-218.14923209353563	0.1403665315583185	0.020670848206321247	0.03707772903057155	0.020670848206321247	0.017727514645797127	0.005711358595900393	0.03707772903057155	0.005711358595900393	0.026010245428411596
18040000	-195.0334854637196	1.9724679317342422	-197.00595339545382	0.1417086830950173	0.010119544875348248	0.0361805762104837	0.010119544875348248	0.020417885446097635	0.001465155760888011	0.0361805762104837	0.001465155760888011	0.02581129942600158
18050000	-211.29433735002937	4.547104075093011	-215.84144142512238	0.11737009674791657	0.017490302433955385	0.040092249471828566	0.017490302433955385	0.015305847357049832	0.002744999417038949	0.040092249471828566	0.002744999417038949	0.031675875785771704
18060000	-209.64935679579762	4.153710766113588	-213.8030675619112	0.09890815103413181	-1.2158395376392334E-4	0.019851397456971644	-1.2158395376392334E-4	0.014680567484413648	-0.0035630111978811	0.019851397456971644	-0.0035630111978811	0.027129064218384298
18070000	-195.65072738535474	3.799995700450511	-199.45072308580527	0.1467367387890136	0.024735135696815694	0.036207891258900386	0.024735135696815694	0.014714948775386084	0.007046678087600246	0.036207891258900386	0.007046678087600246	0.02842144823595651
18080000	-207.4143194229681	3.8355297123554046	-211.2498491353235	0.11678708850416701	-0.003807159406358476	0.036939519732676784	-0.003807159406358476	0.01879621699932352	-0.004861418713390162	0.036939519732676784	-0.004861418713390162	0.027577674399075543
18090000	-181.95709725096677	3.364220606673039	-185.3213178576398	0.33454968787488826	0.050951651475963144	0.0756246661725458	0.050951651475963144	0.03143076963320124	0.009040075223609167	0.0756246661725458	0.009040075223609167	0.040030162872416925
18100000	-133.28224881460235	0.6058549047843744	-133.88810371938672	1.1384082168463978	0.013731794112764616	0.06949884933467236	0.013731794112764616	0.019959909730116257	2.9068218407570954E-4	0.06949884933467236	2.9068218407570954E-4	0.01902463719318532
18110000	-154.81475612365725	0.970422653307859	-155.7851787769651	0.710884028611396	-0.014074225342083677	0.06057540762455598	-0.014074225342083677	0.01724702344011509	-0.001161703201890773	0.06057540762455598	-0.001161703201890773	0.021527364052652848
18120000	-166.88447250960243	2.630328039167866	-169.5148005487703	0.5480456929978769	0.013771077071880187	0.06386267768923316	0.013771077071880187	0.017941635157756555	-0.0024738741382469903	0.06386267768923316	-0.0024738741382469903	0.026954387566718647
18130000	-191.05421241335787	4.397279826335191	-195.45149223969307	0.21880036720102797	0.024859968782684223	-5.607229913728192E-4	0.024859968782684223	0.03047505228345839	-8.016615428323174E-4	-5.607229913728192E-4	-8.016615428323174E-4	0.017405064567118156
18140000	-195.80965637002348	4.672358201817412	-200.4820145718409	0.20237923389870763	0.00599786880815757	0.027803808987909663	0.00599786880815757	0.023958143721384464	-0.004218110137339618	0.027803808987909663	-0.004218110137339618	0.015291242286453507
18150000	-150.13499142717046	2.858009960696857	-152.9930013878673	0.7151394643162995	0.019929841581388795	0.0674240063028995	0.019929841581388795	0.018655251852764	3.230162336474941E-4	0.0674240063028995	3.230162336474941E-4	0.023119347646888524
18160000	-166.82470017037375	1.6262482709038006	-168.45094844127755	0.682938250211475	0.0036604822723119803	0.09145983650768887	0.0036604822723119803	0.02773912168437092	-0.005172718724517704	0.09145983650768887	-0.005172718724517704	0.03040643581673278
18170000	-183.65676466810248	0.789862602664634	-184.44662727076712	0.2794552738641283	0.03436422514182632	0.05932353188348536	0.03436422514182632	0.019495066509441702	0.001503796231564802	0.05932353188348536	0.001503796231564802	0.03142461808500203
18180000	-190.9224232778109	4.62099764396297	-195.54342092177387	0.21382028903502104	-0.0011201153639462894	0.04515051747136495	-0.0011201153639462894	0.015967869961762863	-0.0013815703092268663	0.04515051747136495	-0.0013815703092268663	0.03101908224607268
18190000	-167.92564111562592	3.792956914359731	-171.71859802998566	0.40563016847402733	0.022702648330800004	0.03164736473078308	0.022702648330800004	0.017733946717829314	-0.0030965202180582296	0.03164736473078308	-0.0030965202180582296	0.01665745982421597
18200000	-157.07219607413268	1.3084546988430703	-158.38065077297574	0.6645594652044177	0.030436374371897768	0.07448079784633277	0.030436374371897768	0.01971612749704646	0.002559826870601706	0.07448079784633277	0.002559826870601706	0.027668907221042392
18210000	-196.2083626249543	2.2602214955797404	-198.46858412053405	0.1699284595102219	-0.0027358541722540255	0.02612964484644158	-0.0027358541722540255	0.012234680421181659	-0.004481434333072442	0.02612964484644158	-0.004481434333072442	0.020502514918014626
18220000	-208.19659564803118	4.773809474979686	-212.97040512301086	0.11090769807563808	0.010642083639921323	0.043524875037031036	0.010642083639921323	0.02083789973063371	0.005870084304683254	0.043524875037031036	0.005870084304683254	0.03544293316350146
18230000	-210.1449589160537	4.478169610139183	-214.6231285261929	0.14380941646474474	-0.01605433364789917	0.03983921742578888	-0.01605433364789917	0.016500136792442867	-0.008642080473858674	0.03983921742578888	-0.008642080473858674	0.02957992722264466
18240000	-171.07895957140477	3.9334694903678313	-175.0124290617726	0.37698724306725817	-0.004659584671258577	0.0557468291632837	-0.004659584671258577	0.022286319384628953	-0.005029255694655068	0.0557468291632837	-0.005029255694655068	0.02455239255112566
18250000	-170.1861928399489	2.6309347299478225	-172.8171275698967	0.581160120724603	0.010970651956361136	0.027778613504104495	0.010970651956361136	0.017497944723509747	0.0018754800037289192	0.027778613504104495	0.0018754800037289192	0.015130491729666884
18260000	-183.22397550155299	2.153251458165762	-185.37722695971874	0.3175306562053987	-0.008286628697640807	0.0666721893075964	-0.008286628697640807	0.018915755253145764	-0.0026757702285688184	0.0666721893075964	-0.0026757702285688184	0.027920995536368415
18270000	-185.19231720244096	4.27625414633513	-189.4685713487761	0.3390863638792164	0.0012204684197850855	0.05638302019585162	0.0012204684197850855	0.024720630115099045	-0.0053378907186861484	0.05638302019585162	-0.0053378907186861484	0.025647825030097007
18280000	-145.10728917170383	-0.02962517924362318	-145.0776639924602	1.0664190960060616	0.005757449402547721	0.08342407416569977	0.005757449402547721	0.015377767552663596	-9.74674860987817E-4	0.08342407416569977	-9.74674860987817E-4	0.021793010321392345
18290000	-157.84069628366106	-1.0555168095081395	-156.78517947415293	1.026846072059034	0.031236233039282427	0.19445305204037303	0.031236233039282427	0.0211401953061312	0.0029545884070826356	0.19445305204037303	0.0029545884070826356	0.050283607611887285
18300000	-154.19475193643063	2.2245347495642394	-156.41928668599488	0.6284964984004773	-0.018225906634176416	0.0583356095623871	-0.018225906634176416	0.01886151718455143	-0.003562239046680112	0.0583356095623871	-0.003562239046680112	0.026509305174068243
18310000	-156.14412258808264	1.7271917455033337	-157.87131433358599	0.9272144301972081	-0.012675689171117747	0.07182936817181809	-0.012675689171117747	0.021011408658765683	-0.005805464850234189	0.07182936817181809	-0.005805464850234189	0.01897918376245667
18320000	-158.5123601944242	3.0546914165595407	-161.56705161098373	0.5820888757700088	1.7947249529448437E-4	0.07378121480782447	1.7947249529448437E-4	0.016058112736638465	0.0022402310045751164	0.07378121480782447	0.0022402310045751164	0.026705369800248957
18330000	-160.1306848606246	0.8281603178242191	-160.95884517844883	1.1301337031530916	0.074656341689364	0.09997639757171901	0.074656341689364	0.021671098502801637	4.72708496387037E-4	0.09997639757171901	4.72708496387037E-4	0.03433505929033691
18340000	-185.50253217388394	3.1938561329060295	-188.69638830678997	0.3493749374863098	-0.022994489186899253	0.03528356531664897	-0.022994489186899253	0.02392035857232657	-0.003996155262553842	0.03528356531664897	-0.003996155262553842	0.029964789112667797
18350000	-188.22272032043497	3.1319741350516237	-191.3546944554866	0.28396767356797914	0.02982873298191561	0.05417972659578413	0.02982873298191561	0.023394046934723616	0.005656373289056733	0.05417972659578413	0.005656373289056733	0.022196976994834118
18360000	-187.60705063633728	1.7475971629059681	-189.35464779924325	0.2203584795518293	-0.017857882169714737	0.04405618425203348	-0.017857882169714737	0.02210239541107989	-0.001371665218909334	0.04405618425203348	-0.001371665218909334	0.025573424460635805
18370000	-154.31520942872538	2.3588101492799205	-156.6740195780053	0.6175544145448566	-0.0035196503679162036	0.04343421108630206	-0.0035196503679162036	0.01790905693869956	-0.0011589475301894063	0.04343421108630206	-0.0011589475301894063	0.022298579595999315
18380000	-183.7928241716949	2.270490927398513	-186.06331509909342	0.4033677853539553	0.008816903682493224	0.06631158013024528	0.008816903682493224	0.014406595461974474	-0.0034003075393480783	0.06631158013024528	-0.0034003075393480783	0.03279703632006916
18390000	-151.5520089876379	1.5865074795419296	-153.1385164671798	0.9534673459321282	0.007375113658663097	0.1199729940415892	0.007375113658663097	0.016905560869915768	-0.0016873035334374628	0.1199729940415892	-0.0016873035334374628	0.0359910042228237
18400000	-168.68230418594055	2.2734854078340163	-170.95578959377457	0.46951504709697345	-0.0138845287998148	-5.1255726385681046E-5	-0.0138845287998148	0.021518459778429158	-0.005893130198097321	-5.1255726385681046E-5	-0.005893130198097321	0.015871164103067905
18410000	-154.01782261262926	3.3571251869430885	-157.37494779957234	0.5076483864576328	0.007468959087607152	0.0586505152479104	0.007468959087607152	0.015979262924679154	8.701725649335126E-4	0.0586505152479104	8.701725649335126E-4	0.021410463411390697
18420000	-158.0700973698095	1.0568553088721324	-159.12695267868165	0.5966116688152595	0.014321085954734072	0.07677989658758322	0.014321085954734072	0.01571481942984794	4.6977261954359376E-6	0.07677989658758322	4.6977261954359376E-6	0.025027656683050868
18430000	-166.65850193128915	3.6415969926770346	-170.30009892396617	0.413977405827444	-0.006786852489584197	0.04149016596791749	-0.006786852489584197	0.01846582464113309	-0.001656593930753149	0.04149016596791749	-0.001656593930753149	0.024952005753855498
18440000	-161.57168920361337	2.103040050951204	-163.67472925456457	0.6573010592201135	0.018845499632356804	0.0762462267309377	0.018845499632356804	0.018964059481125506	-0.003691983257100281	0.0762462267309377	-0.003691983257100281	0.02741737694597772
18450000	-158.33859599896775	2.296718622117247	-160.635314621085	0.7894002424846659	-0.0024912081023693335	0.04735504014278132	-0.0024912081023693335	0.017150460055946996	0.0011559412712150929	0.04735504014278132	0.0011559412712150929	0.015896943280597688
18460000	-159.61449044215968	0.6550870891540166	-160.2695775313137	0.7963797903743273	-0.018179466035721643	0.07069152679887983	-0.018179466035721643	0.02302689141323396	-0.006026265073922331	0.07069152679887983	-0.006026265073922331	0.02070745873159794
18470000	-180.28244834109543	2.1482843962755673	-182.430732737371	0.31861861638368505	0.006137646427417338	0.04148418309323881	0.006137646427417338	0.017201677590748612	1.0901885230519496E-4	0.04148418309323881	1.0901885230519496E-4	0.02460737212084302
18480000	-188.79193281277045	1.9339004939524664	-190.72583330672293	0.2296022081143094	0.023458318644104734	0.054215281122200865	0.023458318644104734	0.013700623021173284	0.001136438738493199	0.054215281122200865	0.001136438738493199	0.03174914943743645
18490000	-176.74268141496856	3.172097171670247	-179.91477858663882	0.44791483326259884	0.0035643334210526843	0.08267102733363768	0.0035643334210526843	0.013435320133119523	-0.003466486355781996	0.08267102733363768	-0.003466486355781996	0.043625579426864736
18500000	-184.7782363391167	0.6789715265096357	-185.45720786562632	0.33330025249348055	0.012317592997449037	0.054606216262690487	0.012317592997449037	0.012855760787241221	-7.917318389045851E-4	0.054606216262690487	-7.917318389045851E-4	0.02629549167342566
18510000	-160.35805180957462	2.8069245296878638	-163.1649763392625	0.6645077750472896	0.039094177282673837	0.08475261907815551	0.039094177282673837	0.015080221703840534	0.004167822567591785	0.08475261907815551	0.004167822567591785	0.027546203222644505
18520000	-172.12993201462268	2.7879211352838715	-174.91785314990656	0.5173316092852273	-0.009880055626020996	0.05503799346898516	-0.009880055626020996	0.02147391831543134	-0.00526991326419017	0.05503799346898516	-0.00526991326419017	0.031751468006655646
18530000	-152.4309891511616	0.37675813104069344	-152.8077472822023	0.8866029975131767	0.018261397336748426	0.12962039061961497	0.018261397336748426	0.019198618056385116	7.673036062353991E-4	0.12962039061961497	7.673036062353991E-4	0.034595368248965974
18540000	-179.0698493465968	3.406286682160693	-182.4761360287575	0.33914750595958865	0.02757875104950885	0.043018792410280164	0.02757875104950885	0.01909003996578546	3.4965801541180083E-4	0.043018792410280164	3.4965801541180083E-4	0.023709910197790375
18550000	-161.64442619396	3.038538689687379	-164.68296488364737	0.6163942526006374	0.013825602822700987	0.09827353316421582	0.013825602822700987	0.018312114126648786	-0.0026508935699954507	0.09827353316421582	-0.0026508935699954507	0.039916479917543886
18560000	-145.4909955958171	0.5903897299449158	-146.08138532576203	1.1012384095043697	0.0023800525711149415	0.11978254537895504	0.0023800525711149415	0.017788494707060176	-0.0014754088468614812	0.11978254537895504	-0.0014754088468614812	0.028999318258474842
18570000	-175.681276535472	4.4877363910924615	-180.16901292656445	0.3467111944529242	0.026796166987285854	0.05046074849682719	0.026796166987285854	0.026781619768366578	0.003107764036514384	0.05046074849682719	0.003107764036514384	0.028542607814158426
18580000	-159.09609968332057	-0.11298441455773434	-158.98311526876284	0.7877274914992971	0.011089529564929004	0.08997868784114918	0.011089529564929004	0.018354813557475796	-0.003751760041056566	0.08997868784114918	-0.003751760041056566	0.022286182098637343
18590000	-149.71499365475466	0.8731804868423824	-150.58817414159705	1.0585655000199032	0.0155608000786577	0.13293774148947957	0.0155608000786577	0.016522288735123285	-0.001121366806234943	0.13293774148947957	-0.001121366806234943	0.0367320125998194
18600000	-167.320446074625	2.8702638037300674	-170.19070987835508	0.5595911143087084	-0.012201944856153607	0.08921067909326426	-0.012201944856153607	0.010430720285329879	5.482206329711723E-4	0.08921067909326426	5.482206329711723E-4	0.03023805533596504
18610000	-180.9164947528227	3.2704494104979034	-184.1869441633206	0.37086957575915097	0.008362141940062273	0.060797448531057015	0.008362141940062273	0.016496661791434615	0.0025272481079290227	0.060797448531057015	0.0025272481079290227	0.026856985540812547
18620000	-174.30820727898183	3.460335999534292	-177.76854327851612	0.47934015959619203	0.029894215995404597	0.0658228728055675	0.029894215995404597	0.015399256018662412	0.0033871745161664526	0.0658228728055675	0.0033871745161664526	0.027532363564824164
18630000	-189.62850965525976	4.106026554092204	-193.73453620935197	0.17843921347498085	-0.007532798154036981	0.0344553045279866	-0.007532798154036981	0.015139386368724639	-0.003313389606031095	0.0344553045279866	-0.003313389606031095	0.023491598117073118
18640000	-180.53668335269197	3.8393809798516307	-184.3760643325436	0.38456878784432613	0.019783254151246776	0.10798624872254683	0.019783254151246776	0.019105526585798473	0.003216978287412404	0.10798624872254683	0.003216978287412404	0.04439717531391136
18650000	-173.01804867954	3.5285125872203893	-176.54656126676036	0.40603208856186	0.012560862451187964	0.07448361069638443	0.012560862451187964	0.02354566036796639	3.9653307552034163E-4	0.07448361069638443	3.9653307552034163E-4	0.03508681053847685
18660000	-179.56147960004282	4.055627298778862	-183.61710689882167	0.28658006569760064	-0.0041736321840277315	0.06534659328636737	-0.0041736321840277315	0.018212841180774243	-0.0020225234076001516	0.06534659328636737	-0.0020225234076001516	0.027791725416004186
18670000	-196.52643856456737	1.804439185294671	-198.33087774986205	0.18887199013621678	-0.014970369218420305	0.03748907465772297	-0.014970369218420305	0.0252181400668174	-0.0065049141751526585	0.03748907465772297	-0.0065049141751526585	0.020906549131743016
18680000	-212.38424799928657	3.733679282586061	-216.11792728187262	0.07971732455825863	0.0017745236185400777	0.03547740728444527	0.0017745236185400777	0.02069489161688532	2.0727780342961783E-4	0.03547740728444527	2.0727780342961783E-4	0.029075929142284726
18690000	-166.37317185513072	2.587090835359259	-168.96026269048997	0.49056315051340366	0.025775963983986013	0.09015545038586642	0.025775963983986013	0.020294945925760543	0.0014802400150048952	0.09015545038586642	0.0014802400150048952	0.03075976212716432
18700000	-189.06756183345132	4.860266950664373	-193.9278287841157	0.17110776889865456	-0.01056748381205339	0.03902098447720197	-0.01056748381205339	0.01696662007978496	-0.006333563206849087	0.03902098447720197	-0.006333563206849087	0.028385493784947126
18710000	-187.63194392985332	1.2327932701015007	-188.86473719995482	0.2678840912101469	0.015906561730096063	0.06251740813527627	0.015906561730096063	0.02325549908659416	-0.0013399654868862794	0.06251740813527627	-0.0013399654868862794	0.029143710065485225
18720000	-178.82541145542743	1.602923352464213	-180.42833480789164	0.4358628051045927	0.03548200828782967	0.09043670925362034	0.03548200828782967	0.015153401625358456	0.009351400506914064	0.09043670925362034	0.009351400506914064	0.03542239822314327
18730000	-175.22892919581795	2.071181098581628	-177.3001102943996	0.4275561754428716	-0.01376577760862829	0.10383177549509012	-0.01376577760862829	0.021079673820253685	-0.007543896703504658	0.10383177549509012	-0.007543896703504658	0.04355261014271794
18740000	-170.4403250882167	3.390442988481576	-173.83076807669826	0.524933912895382	0.015857478624163816	0.07245730580343236	0.015857478624163816	0.017450734710953406	0.0012947366225933973	0.07245730580343236	0.0012947366225933973	0.02466142965802383
18750000	-206.18910895036956	3.988484001187412	-210.17759295155696	0.09760187227373704	9.321694603358204E-6	0.012388416932782819	9.321694603358204E-6	0.019100676273998234	-9.322323555875586E-4	0.012388416932782819	-9.322323555875586E-4	0.01236077734053994
18760000	-163.01836795911638	2.206153208323595	-165.22452116743997	0.4399736234264572	0.004029187382559594	0.08297543835409583	0.004029187382559594	0.015847858764579403	-0.0019139312847464285	0.08297543835409583	-0.0019139312847464285	0.030930159459816288
18770000	-172.98951830648565	3.140054256080917	-176.12957256256658	0.5574828564455125	-0.011498973091668285	0.08663255593053491	-0.011498973091668285	0.019465075735724372	-0.005830658108400142	0.08663255593053491	-0.005830658108400142	0.03459403590106001
18780000	-164.2762459374793	4.085623677082193	-168.3618696145615	0.4039920045262666	0.026160528055390004	0.05076294758170633	0.026160528055390004	0.020769424310242843	0.0016143168059344697	0.05076294758170633	0.0016143168059344697	0.0228557266624439
18790000	-164.4283387925813	3.259591320042562	-167.68793011262386	0.4127906976439199	-0.020329073130051684	0.06024537910964159	-0.020329073130051684	0.0152689563580986	-0.0035983621220890814	0.06024537910964159	-0.0035983621220890814	0.026875582977749404
18800000	-172.5940343143158	3.5546389902173328	-176.14867330453313	0.35472203624965015	0.014329089012057452	0.022947155404470964	0.014329089012057452	0.020304624140627028	0.004458416687723788	0.022947155404470964	0.004458416687723788	0.017873748946294257
18810000	-148.6103948239681	0.10781239874739867	-148.7182072227155	0.9307690581662359	0.01221437884945319	0.09680473169041535	0.01221437884945319	0.022088640675693494	-0.001225265580957804	0.09680473169041535	-0.001225265580957804	0.025061750193075365
18820000	-140.345504449943	-0.032035516465610425	-140.3134689334774	1.0416233627840357	0.013613406052029054	0.1048939825248678	0.013613406052029054	0.014971679879930927	8.222788326596508E-4	0.1048939825248678	8.222788326596508E-4	0.029133310096030533
18830000	-164.18253672796268	2.1194861930180755	-166.30202292098076	0.8025452567309227	-2.4253685016522076E-5	0.11779463645457747	-2.4253685016522076E-5	0.011982314216142896	-0.003689710430383676	0.11779463645457747	-0.003689710430383676	0.03793984087217529
18840000	-165.38377152654311	3.5295416713489924	-168.9133131978921	0.4058008046390404	0.008933089222961273	0.05911746076837238	0.008933089222961273	0.0174886714100342	-1.518791666605924E-4	0.05911746076837238	-1.518791666605924E-4	0.029007964557429395
18850000	-223.88550908195745	4.22235559653885	-228.1078646784963	0.05969247944853531	0.012171503923652604	0.021321340969739033	0.012171503923652604	0.024024890598361635	0.001702129319225156	0.021321340969739033	0.001702129319225156	0.03021468883691268
18860000	-185.9544015583566	3.475289207894784	-189.42969076625138	0.34879456271428066	0.020049723106315143	0.06302509930754628	0.020049723106315143	0.017264133886002887	0.0033476671320459657	0.06302509930754628	0.0033476671320459657	0.0303856205831598
18870000	-182.04487863371844	3.5103491400302915	-185.55522777374873	0.3521412157268264	-0.004810294382829492	0.03840161076878676	-0.004810294382829492	0.019411548277190858	-0.006215910362319394	0.03840161076878676	-0.006215910362319394	0.01824231923305668
18880000	-173.81176914528288	2.979445071101849	-176.79121421638473	0.4207750409613419	-0.0038093414886217094	0.06520099385295638	-0.0038093414886217094	0.013074806051305524	-3.5476634571408644E-4	0.06520099385295638	-3.5476634571408644E-4	0.025311402607636365
18890000	-172.64389646684037	4.275500728995445	-176.9193971958358	0.3879324851798408	0.009905226261137729	0.059336887646824404	0.009905226261137729	0.021264217723718802	-0.0030875983669886916	0.059336887646824404	-0.0030875983669886916	0.029123931150905412
18900000	-191.41987385445992	1.4767428963950948	-192.896616750855	0.36163128187910676	-0.002671176392298204	0.0961342409931471	-0.002671176392298204	0.016810519389926754	-0.006353672379589917	0.0961342409931471	-0.006353672379589917	0.04543233029536824
18910000	-159.34941059915772	0.18085619435742206	-159.53026679351515	0.7217713348979184	-0.05328192423885553	0.06795026038767263	-0.05328192423885553	0.019834805386233705	-0.004654224576946989	0.06795026038767263	-0.004654224576946989	0.024658831286560712
18920000	-177.97551424276213	4.55721873514617	-182.5327329779083	0.23372180131166292	0.012696434102175937	0.039126834209528026	0.012696434102175937	0.01568799349940655	0.0020263756388893463	0.039126834209528026	0.0020263756388893463	0.027185289647499354
18930000	-187.74571261849582	4.476907790515566	-192.22262040901137	0.2518785556747334	-0.011019637208862528	0.038471895102295046	-0.011019637208862528	0.012313630980424895	-0.003723526432362844	0.038471895102295046	-0.003723526432362844	0.02493870098529642
18940000	-177.31269397870935	2.855560389004201	-180.16825436771356	0.3616088357096347	0.021650199541981607	0.0590968180365852	0.021650199541981607	0.01898623240288358	-0.0015069814555999199	0.0590968180365852	-0.0015069814555999199	0.02542329335359951
18950000	-167.84461391693102	2.7767750341063167	-170.62138895103735	0.3148396508321569	0.004363426015900907	0.04417829498792189	0.004363426015900907	0.018491906040142825	-9.76938472013915E-4	0.04417829498792189	-9.76938472013915E-4	0.02485668316715551
18960000	-176.72703611359532	3.847265639960732	-180.57430175355606	0.5005269548394881	-0.006440725630673026	0.05504625729683762	-0.006440725630673026	0.015033091015398735	1.2335673490875476E-4	0.05504625729683762	1.2335673490875476E-4	0.03215222724830737
18970000	-203.3091796383558	-0.16858210775732374	-203.14059753059848	0.11923997467044772	0.010207592307252744	0.029383038968727477	0.010207592307252744	0.02271593173931671	0.0011547710746369338	0.029383038968727477	0.0011547710746369338	0.024578397314095977
18980000	-163.0565882951284	2.732255076094594	-165.78884337122298	0.6907877260769405	0.003596575579363289	0.09908138520142193	0.003596575579363289	0.015472244880127517	8.420096176790197E-4	0.09908138520142193	8.420096176790197E-4	0.03869832095995092
18990000	-175.09683539275113	3.6123016401995205	-178.70913703295065	0.2922408721216187	-0.004801808146980239	0.04241537704924601	-0.004801808146980239	0.017537074410314907	-0.0036497526407331714	0.04241537704924601	-0.0036497526407331714	0.026169797102693914
19000000	-173.41218520731064	3.513931097596668	-176.9261163049073	0.43461421561173036	-0.008984079107197228	0.0589562847588247	-0.008984079107197228	0.016421134846958525	-0.0019959270794292776	0.0589562847588247	-0.0019959270794292776	0.031051305431174014
19010000	-161.8208047600909	3.050643376178014	-164.87144813626892	0.47932824201793595	0.00586574348022878	0.09270249370289305	0.00586574348022878	0.014606028513778947	0.002326998013966702	0.09270249370289305	0.002326998013966702	0.034536904192822224
19020000	-176.40601572787264	3.2580686150667537	-179.6640843429394	0.3877880052591364	0.01503094619137167	0.07449602952876826	0.01503094619137167	0.018327215975271937	-7.974936685669061E-4	0.07449602952876826	-7.974936685669061E-4	0.03534095724171408
19030000	-184.64668451451527	2.63561149589806	-187.28229601041332	0.5184922614726275	0.02203757912167182	0.13796266640012633	0.02203757912167182	0.015128666267842325	0.005722224871773307	0.13796266640012633	0.005722224871773307	0.05242034667391189
19040000	-157.93379170329266	3.20357436604331	-161.13736606933597	0.5908542720460142	-0.018226487726894076	0.08536840688798358	-0.018226487726894076	0.013185369197183883	-0.0028523970617474596	0.08536840688798358	-0.0028523970617474596	0.03270475197159618
19050000	-153.0591901451918	1.6985106196385695	-154.75770076483036	0.9720586292995832	-0.011211756171451497	0.12911720959195375	-0.011211756171451497	0.01998412946856977	-0.008105903192686656	0.12911720959195375	-0.008105903192686656	0.03524556215684336
19060000	-194.43310990258436	4.49811316692904	-198.9312230695134	0.1967605134910507	0.031051014259257777	0.04008823950225027	0.031051014259257777	0.01780608737491439	0.008045039948006531	0.04008823950225027	0.008045039948006531	0.02310441144878046
19070000	-198.09303544030965	3.341982826408769	-201.43501826671843	0.15753261745487795	-0.003699455906992899	0.029273965757879904	-0.003699455906992899	0.021339327361440338	-0.00239748712932024	0.029273965757879904	-0.00239748712932024	0.028872020490585255
19080000	-192.4091549701635	4.118857449061846	-196.52801241922535	0.2263113282180739	0.003063425919682767	0.029694878032781348	0.003063425919682767	0.017567894567625114	-0.0033124053250572516	0.029694878032781348	-0.0033124053250572516	0.016396379264311166
19090000	-186.70110724662177	3.824071324490924	-190.5251785711127	0.378551810354248	-0.004865396820217852	0.06764191729831377	-0.004865396820217852	0.02416013304807903	-0.009921665547617954	0.06764191729831377	-0.009921665547617954	0.027158703756637582
19100000	-136.72484228250391	-1.6855012989380604	-135.03934098356586	1.6636965412074005	0.0210494416582704	0.1193038636799257	0.0210494416582704	0.01144341718082892	-0.0012255452638791828	0.1193038636799257	-0.0012255452638791828	0.030970199604868333
19110000	-158.86554037615602	0.9570912149708742	-159.8226315911269	0.807193966028937	0.043089216289789005	0.10761159315433744	0.043089216289789005	0.016115136414073868	0.005853760154187577	0.10761159315433744	0.005853760154187577	0.031227414999188192
19120000	-165.0288538530413	2.1034774686173967	-167.1323313216587	0.7344213017808785	-0.01820885433863208	0.03956975443967627	-0.01820885433863208	0.014720857553663189	-0.00134399495410605	0.03956975443967627	-0.00134399495410605	0.023434883377344
19130000	-180.51242213837105	2.598540481257345	-183.1109626196284	0.31275809908920577	-0.004437173137592633	0.05440065632642318	-0.004437173137592633	0.013899037603113923	-0.00261935638152628	0.05440065632642318	-0.00261935638152628	0.024966649815849964
19140000	-161.70793043144025	2.300469827617259	-164.0084002590575	0.7821748797793244	0.0010825090772109787	0.07781265439351966	0.0010825090772109787	0.016881051149485193	4.074274116611634E-5	0.07781265439351966	4.074274116611634E-5	0.029234096130246984
19150000	-135.51531777326974	-3.935297483890999	-131.58002028937875	1.8719346327703488	0.014451787424239818	0.15653561951305817	0.014451787424239818	0.01847646946143978	1.5395114476998814E-4	0.15653561951305817	1.5395114476998814E-4	0.026513422936256255
19160000	-141.40639610920076	1.2969864107548783	-142.70338251995562	1.0577481440659202	-0.014227506909028752	0.0385884274960606	-0.014227506909028752	0.014514109825617743	-0.00250674953649454	0.0385884274960606	-0.00250674953649454	0.024705619130047273
19170000	-166.23287125395183	1.9724614299592567	-168.20533268391108	0.40989025546244434	0.004308700589246808	0.06830969794723166	0.004308700589246808	0.019112981295643386	-0.0030257791698565417	0.06830969794723166	-0.0030257791698565417	0.03342031117316131
19180000	-178.95467718971835	3.5449465982404584	-182.49962378795883	0.30778040266362805	0.006220638494941722	0.04681079658389667	0.006220638494941722	0.01738695080878175	-0.0018633672661121678	0.04681079658389667	-0.0018633672661121678	0.023160839828532377
19190000	-175.08114656266514	3.602504149373729	-178.68365071203885	0.38359211669102916	0.002686522537265932	0.06199134757940649	0.002686522537265932	0.020496863956997853	-0.0047898992450449845	0.06199134757940649	-0.0047898992450449845	0.02645205024700961
19200000	-184.96105761734296	0.8238079936462661	-185.78486561098921	0.3135310950143579	0.006077743294808722	0.046075694190041656	0.006077743294808722	0.01910016327380798	-0.0015644526083318413	0.046075694190041656	-0.0015644526083318413	0.0205877367115506
19210000	-148.12263305654733	-1.1688836039832742	-146.95374945256407	1.2120769085711585	0.08611292791691098	0.13862493627163466	0.08611292791691098	0.019692979452457574	0.009706881971150402	0.13862493627163466	0.009706881971150402	0.035987191994430553
19220000	-156.5439649102611	1.9427614971993679	-158.48672640746048	0.6628927347016154	0.015765782609385732	0.05522103176774473	0.015765782609385732	0.014504957340333522	2.665535062436452E-4	0.05522103176774473	2.665535062436452E-4	0.0187932789068751
19230000	-169.80788512965978	3.2080459633997833	-173.01593109305955	0.41804833954427245	-0.0030544782510298816	0.0775230286541811	-0.0030544782510298816	0.01240151844473414	-2.7752687421555097E-4	0.0775230286541811	-2.7752687421555097E-4	0.03458498987897296
19240000	-166.1531639925876	1.5174252878112915	-167.67058928039887	0.4447091035129625	-0.006420083382953513	0.04378174211062196	-0.006420083382953513	0.016677741204557096	-0.0015976757565931772	0.04378174211062196	-0.0015976757565931772	0.02250043310788101
19250000	-157.10679748168153	2.8239660342698714	-159.93076351595138	0.6498161933641834	0.018995778483216826	0.08625203748729417	0.018995778483216826	0.019926396583247376	-0.001601504585797926	0.08625203748729417	-0.001601504585797926	0.0292861218545683
19260000	-165.66309155486115	4.139050066040914	-169.80214162090206	0.36969144564831097	-0.009589867680515668	0.044622436782350214	-0.009589867680515668	0.0180878131535726	-0.0038829452169486176	0.044622436782350214	-0.0038829452169486176	0.026218462585761583
19270000	-173.43323815408772	3.390310643760956	-176.82354879784867	0.40327774454718907	0.022413700255840028	0.055211272031249765	0.022413700255840028	0.014423724312670513	9.6066004410874E-4	0.055211272031249765	9.6066004410874E-4	0.02162098476810912
19280000	-163.98202338401057	3.818029763228263	-167.80005314723883	0.4795265955803364	0.008628718149837284	0.09087152117798807	0.008628718149837284	0.021115738052050855	-0.003903380766531207	0.09087152117798807	-0.003903380766531207	0.0355554334533014
19290000	-169.11861240070138	3.391652828598999	-172.5102652293004	0.5630905645465141	-0.009553458970663519	0.0683470904080671	-0.009553458970663519	0.020870684437462962	-0.005083343727403872	0.0683470904080671	-0.005083343727403872	0.02742222933457284
19300000	-163.0536764953844	3.5528791831675886	-166.60655567855198	0.482070832444251	0.012946350459371044	0.03089363918920427	0.012946350459371044	0.014628411189662743	-0.0010969491366759352	0.03089363918920427	-0.0010969491366759352	0.025969144468178284
19310000	-168.30454894217672	3.455402716387951	-171.75995165856466	0.4358373151723611	0.003275050634066168	0.08957836389715428	0.003275050634066168	0.01705469128542647	-0.004010883011770369	0.08957836389715428	-0.004010883011770369	0.03416324813146727
19320000	-203.1308047116615	4.045510601153172	-207.1763153128147	0.13210330636680165	0.0032345605676991247	0.035171124176369375	0.0032345605676991247	0.024302159679919885	-0.0017470000771077872	0.035171124176369375	-0.0017470000771077872	0.02570011719218774
19330000	-193.2975056838873	4.142580164771438	-197.44008584865873	0.23932313066772534	0.0024688038639619284	0.03493680198799115	0.0024688038639619284	0.016064223930136595	-2.1270937743153324E-4	0.03493680198799115	-2.1270937743153324E-4	0.01923595550523261
19340000	-150.87461831609176	-0.5664891967352519	-150.3081291193565	0.8537393566253795	0.0771396992443911	0.06582612127710422	0.0771396992443911	0.021995140517397076	0.003909809536574023	0.06582612127710422	0.003909809536574023	0.023965747948529497
19350000	-173.2086260850933	3.257414796818089	-176.4660408819114	0.3765166120483004	0.009878441313120566	0.05668651161866521	0.009878441313120566	0.019591579060160663	-0.003249516839104144	0.05668651161866521	-0.003249516839104144	0.02511409358975624
19360000	-180.2810924884372	3.208386656272502	-183.4894791447097	0.28030726614259055	0.0056162180334816585	0.055988879939427	0.0056162180334816585	0.022017767004277964	0.0015891789134853571	0.055988879939427	0.0015891789134853571	0.02894843859181434
19370000	-186.28341202725738	3.3260199187745285	-189.60943194603192	0.20709792160631874	0.025661778856010252	0.04254873719322373	0.025661778856010252	0.020597537655222077	0.0027151315602876726	0.04254873719322373	0.0027151315602876726	0.026676847339163964
19380000	-163.47955960901913	2.132308901038305	-165.61186851005743	0.5776738674514112	-0.012666095181416101	0.09242091014263025	-0.012666095181416101	0.010684073447560404	-0.0022048406969255117	0.09242091014263025	-0.0022048406969255117	0.02667849604520238
19390000	-156.9912057574863	2.7459259466690087	-159.73713170415533	0.6726488292461571	-0.008097725776416228	0.07533184560726067	-0.008097725776416228	0.0174079607511878	-6.910598511678069E-4	0.07533184560726067	-6.910598511678069E-4	0.028652674331189815
19400000	-174.112210510826	1.9704736868632557	-176.08268419768925	0.4855543522042749	0.004542120572852097	0.05869269075200345	0.004542120572852097	0.018594298725220518	-3.825618026849631E-4	0.05869269075200345	-3.825618026849631E-4	0.019431249576757913
19410000	-143.48398484178009	-1.1121194036503366	-142.37186543812976	1.1827228770750364	0.037464729878510086	0.0898593505902865	0.037464729878510086	0.01841885211707551	-6.414351057184636E-4	0.0898593505902865	-6.414351057184636E-4	0.02431778278526433
19420000	-151.89994670991106	-0.6238189458349392	-151.27612776407614	0.841741302398219	-0.0013945138262155003	0.08764334645165896	-0.0013945138262155003	0.019391727878653845	-0.004277288802290159	0.08764334645165896	-0.004277288802290159	0.028051185954106883
19430000	-160.49855063475985	2.558622494944769	-163.0571731297046	0.5982113709575071	0.03245266824058458	0.08966443683974715	0.03245266824058458	0.023829552536235046	0.003562417938647595	0.08966443683974715	0.003562417938647595	0.02736934169662247
19440000	-156.22277076979665	2.3488628904336886	-158.57163366023033	0.7010554325411487	0.002564092974231635	0.08983971525120238	0.002564092974231635	0.01567857338361034	-0.001426534151203735	0.08983971525120238	-0.001426534151203735	0.035888790086779795
19450000	-186.00650944542824	1.9464200796186137	-187.95292952504684	0.2801087007903697	0.0043940130261722705	0.03832158147476075	0.0043940130261722705	0.013770219975342966	0.0010617858803170154	0.03832158147476075	0.0010617858803170154	0.019586764016856693
19460000	-158.9463955784444	1.1101763381312222	-160.05657191657562	0.7846979199213967	0.01937190618173823	0.09064138025312478	0.01937190618173823	0.017274307041129963	-0.0018428656929312627	0.09064138025312478	-0.0018428656929312627	0.028475788565773374
19470000	-168.44709551359736	3.4965515095163897	-171.94364702311375	0.48331840211390686	-0.0172370081750588	0.043501325333187055	-0.0172370081750588	0.01371577516501191	-0.003252903060406565	0.043501325333187055	-0.003252903060406565	0.026834790615775157
19480000	-149.97989693599328	2.196953389903461	-152.17685032589674	0.8393422121738013	-0.0039357075139602815	0.12186730229431572	-0.0039357075139602815	0.020926136371887137	-0.0028990283830285374	0.12186730229431572	-0.0028990283830285374	0.03644770273127163
19490000	-189.18533102694377	3.9254529686057062	-193.11078399554947	0.44845404033358655	0.013094740792064342	0.08472712590303684	0.013094740792064342	0.019896098517387523	-0.0032164278770375992	0.08472712590303684	-0.0032164278770375992	0.03427897610257895
19500000	-195.95459116685745	1.7369542813961623	-197.6915454482536	0.1858167655640206	-0.003943413271572775	0.026395783365689842	-0.003943413271572775	0.01268023175972836	-1.5159573966976638E-4	0.026395783365689842	-1.5159573966976638E-4	0.019469061847712785
19510000	-200.8544454146947	3.6974391397251827	-204.5518845544199	0.18562455578696707	-0.0033424928855104144	0.08583068451998417	-0.0033424928855104144	0.017776126168624257	-0.008465155724955242	0.08583068451998417	-0.008465155724955242	0.05716153924979582
19520000	-192.07958934304241	4.402587693505645	-196.48217703654805	0.2306371075770071	-0.005854318742580016	0.05189299200706563	-0.005854318742580016	0.011559642905618358	2.838132451561861E-4	0.05189299200706563	2.838132451561861E-4	0.026996737179122866
19530000	-179.79792302711732	3.4080452794420033	-183.20596830655933	0.47524790564379965	0.011493914668775675	0.07854293530777949	0.011493914668775675	0.01704142747692695	0.002419285107024288	0.07854293530777949	0.002419285107024288	0.031517823254093316
19540000	-163.5029927643993	3.9170987939097417	-167.42009155830903	0.457543706479661	0.0061477602981937435	0.06858865997348476	0.0061477602981937435	0.014553547112752259	-0.0014112472128899015	0.06858865997348476	-0.0014112472128899015	0.03577031522865133
19550000	-133.1202308468345	-2.683714270695059	-130.43651657613944	1.7287599501299697	0.0015919263079601934	0.08268871680327498	0.0015919263079601934	0.020442717361949667	-0.003336752023080161	0.08268871680327498	-0.003336752023080161	0.017469763981702018
19560000	-189.59926149662328	3.0098043056450456	-192.60906580226833	0.19613712019773072	-0.013847040851004924	0.04482339215309926	-0.013847040851004924	0.020765944466879075	-0.0033653224446453865	0.04482339215309926	-0.0033653224446453865	0.02419568123829982
19570000	-205.984064582112	3.9183566974002932	-209.9024212795123	0.18219012225307757	0.022418150858038752	0.030576359679660114	0.022418150858038752	0.015405984501250502	0.0020104036276459816	0.030576359679660114	0.0020104036276459816	0.02248071059605439
19580000	-210.73693929560508	3.3618827722928892	-214.09882206789797	0.14107944778489745	0.008376560497308116	0.026763257668020717	0.008376560497308116	0.016840187463221454	-0.0019404308154612091	0.026763257668020717	-0.0019404308154612091	0.02187468760750767
19590000	-155.9161070491205	3.7020301654067764	-159.61813721452728	0.5108540350782356	0.017308484392894334	0.06945612378708889	0.017308484392894334	0.02192899057984417	-6.992424818899803E-4	0.06945612378708889	-6.992424818899803E-4	0.025093064331926693
19600000	-241.72763054255554	3.4179535225739532	-245.1455840651295	0.030463086161016416	0.0025962987162225486	0.013076247605582033	0.0025962987162225486	0.021828115837327407	2.5182803547385297E-4	0.013076247605582033	2.5182803547385297E-4	0.025026019129821445
19610000	-202.438550737818	3.918241693772312	-206.3567924315903	0.12210647138422959	0.023258277009626516	0.03334849022332985	0.023258277009626516	0.020739352470246292	0.002282536838904268	0.03334849022332985	0.002282536838904268	0.02433990734355468
19620000	-215.73895002348607	2.0594452927170854	-217.79839531620314	0.1307071998503916	-0.009930588918394925	0.046862734170325125	-0.009930588918394925	0.015655194025099718	-0.0067103238531137695	0.046862734170325125	-0.0067103238531137695	0.033595470163171236
19630000	-180.98690104159408	2.4719571845156563	-183.45885822610973	0.39038874131476026	0.018705382074646858	0.03303589372467028	0.018705382074646858	0.01767344979188102	-3.510484245610654E-4	0.03303589372467028	-3.510484245610654E-4	0.017661740727563487
19640000	-153.62384779896672	1.7832472737112326	-155.40709507267795	0.813699919742158	-8.629448400537827E-5	0.08757924272144911	-8.629448400537827E-5	0.016167395162702772	-0.003348028274249406	0.08757924272144911	-0.003348028274249406	0.026153574170382065
19650000	-179.72872314007432	3.799557282187258	-183.5282804222616	0.3044017872258521	0.002189871299457993	0.04391583349129332	0.002189871299457993	0.01405579480751632	0.0015742295755568204	0.04391583349129332	0.0015742295755568204	0.023140724794016156
19660000	-141.70789967920166	0.5934872753421596	-142.30138695454383	1.131326978284891	0.004084589988236091	0.10557520355691678	0.004084589988236091	0.01671389325553096	-0.0030609185340129182	0.10557520355691678	-0.0030609185340129182	0.03248284383668945
19670000	-175.70507097986325	4.179254563940484	-179.88432554380373	0.29863442923980954	0.012572813339820929	0.05730906550331092	0.012572813339820929	0.01865221256915184	8.931447779457844E-4	0.05730906550331092	8.931447779457844E-4	0.026496533396770626
19680000	-174.65443881173337	3.2630563042288054	-177.91749511596217	0.50690234870039	0.005690460558026649	0.1106888724135486	0.005690460558026649	0.016670351987606125	-0.0017622539437248611	0.1106888724135486	-0.0017622539437248611	0.04265407809066543
19690000	-158.72015475935765	2.097269000752789	-160.81742376011044	0.8539360793615842	0.04727385301629081	0.0905227140400391	0.04727385301629081	0.018544515770848827	0.002279715122507117	0.0905227140400391	0.002279715122507117	0.02806099812225675
19700000	-180.2747210579457	3.4866069805315476	-183.76132803847725	0.2210840133257917	0.015140336161672362	0.048694223696885926	0.015140336161672362	0.01879438588880952	7.591445535489747E-4	0.048694223696885926	7.591445535489747E-4	0.02423061914193979
19710000	-188.40879042441932	1.8399117276134929	-190.24870215203282	0.22994756511706446	0.005700649022987472	0.03793818602905978	0.005700649022987472	0.019423900401343477	0.0031832092964184156	0.03793818602905978	0.0031832092964184156	0.02209961024162933
19720000	-182.67333697037884	3.8369456183618587	-186.5102825887407	0.2896986363344474	0.01365208509335488	0.04570730488527362	0.01365208509335488	0.024702777770624653	7.372614243118143E-4	0.04570730488527362	7.372614243118143E-4	0.029477786471319732
19730000	-163.58787230702404	3.9046457618831254	-167.49251806890717	0.4272663590397343	0.0022056717933100537	0.05130001093431543	0.0022056717933100537	0.017014866562882053	-0.0039304236114127335	0.05130001093431543	-0.0039304236114127335	0.02315902078095551
19740000	-186.9496685294344	2.7547811814250167	-189.70444971085942	0.3466744606998037	0.003957175203042045	0.07460722453998468	0.003957175203042045	0.018533421410517597	0.001810390404668454	0.07460722453998468	0.001810390404668454	0.03154936657892046
19750000	-170.40683555291454	2.6212836522682985	-173.02811920518283	0.537284879994247	-0.034361441887484426	0.09321578103111024	-0.034361441887484426	0.01959589023798323	-0.009622811314910636	0.09321578103111024	-0.009622811314910636	0.033813700014299716
19760000	-187.66368945248746	3.8527248625478854	-191.51641431503535	0.3312095658550533	-0.02154329128406378	0.0724070503464007	-0.02154329128406378	0.022978547103436744	-0.005557687724777145	0.0724070503464007	-0.005557687724777145	0.031092011593918983
19770000	-163.6275859678627	0.9711871249784112	-164.5987730928411	0.5752072266584005	-0.01391912203749071	0.053708332728098725	-0.01391912203749071	0.016368054441129137	-0.0038030437211652524	0.053708332728098725	-0.0038030437211652524	0.02167727288930687
19780000	-163.06625272322978	1.99348363185032	-165.0597363550801	0.5936037582330856	-0.030706745325737455	0.05438180812615381	-0.030706745325737455	0.017779819936230505	-0.0039107426635936315	0.05438180812615381	-0.0039107426635936315	0.023318134391900742
19790000	-140.1102714333893	0.7112226550583467	-140.82149408844765	1.136126928041834	0.02955545690709208	0.1472704639644301	0.02955545690709208	0.016211442577078534	6.107931578701736E-4	0.1472704639644301	6.107931578701736E-4	0.039459028860591425
19800000	-163.30082568274656	1.2852129518807534	-164.58603863462733	0.513021914120933	0.03256058881846723	0.0907188664181827	0.03256058881846723	0.016094185812548213	0.005128144311036312	0.0907188664181827	0.005128144311036312	0.0347050280935192
19810000	-138.57816447646786	-0.31860503965668985	-138.25955943681117	1.2616685113564279	0.00764209919433984	0.0921082941223051	0.00764209919433984	0.015276521659238759	6.419097105308889E-4	0.0921082941223051	6.419097105308889E-4	0.020834508106765
19820000	-188.04871534263427	3.1733076280987693	-191.22202297073304	0.26905136953496156	0.03948803545025443	0.0026388156722643224	0.03948803545025443	0.025472232275065468	-0.0036799859263238217	0.0026388156722643224	-0.0036799859263238217	0.024050678523562408
19830000	-190.86870476064814	3.924316620675607	-194.79302138132374	0.15467320254076267	0.0034003422444331913	0.029121918935111277	0.0034003422444331913	0.013185006931155896	-0.0021311135377178364	0.029121918935111277	-0.0021311135377178364	0.02390413226224263
19840000	-202.59780774920304	4.4354629936937515	-207.0332707428968	0.1059512269295757	0.008713364398143025	0.029778332521678486	0.008713364398143025	0.020507242606593992	-0.0010991591315972224	0.029778332521678486	-0.0010991591315972224	0.02075779915464489
19850000	-179.77529358315755	2.7602049391437458	-182.53549852230128	0.27260482581833106	-0.017898827169313326	0.04138795767322266	-0.017898827169313326	0.015480236227885016	-0.004201984431150493	0.04138795767322266	-0.004201984431150493	0.022903228117593977
19860000	-178.57635675273443	3.76288199456463	-182.33923874729905	0.2943403750827667	-3.2231658107328444E-4	0.0829831550727842	-3.2231658107328444E-4	0.017932565654286216	-0.0033782183593910726	0.0829831550727842	-0.0033782183593910726	0.03741273391181112
19870000	-207.46250878806893	4.657368544422761	-212.11987733249168	0.1250217362459277	0.00172652148218061	0.038316903600931415	0.00172652148218061	0.01659776013714493	-2.6784415792058193E-4	0.038316903600931415	-2.6784415792058193E-4	0.0351419008595316
19880000	-171.55762676128413	3.5291409497370845	-175.08676771102122	0.5141233663101348	0.01363490291897505	0.05635255677418553	0.01363490291897505	0.018945525496947665	0.001760253096612175	0.05635255677418553	0.001760253096612175	0.024821308102783254
19890000	-175.55578680362933	3.7620493632520633	-179.3178361668814	0.36621261044251147	0.00750557461925797	0.05612482089326841	0.00750557461925797	0.015689502742975384	9.671644476200603E-5	0.05612482089326841	9.671644476200603E-5	0.027563979175043732
19900000	-158.48296801530063	2.546612806862934	-161.02958082216355	0.6714724569396415	-0.0021156020051115447	0.016942528600281084	-0.0021156020051115447	0.020751913686064855	-0.005290105478878878	0.016942528600281084	-0.005290105478878878	0.02498185072451319
19910000	-175.68792625704327	4.029137577034767	-179.71706383407803	0.34653559390049105	0.016258403674615837	0.08640143324590444	0.016258403674615837	0.023737770554932616	-5.442727700459386E-4	0.08640143324590444	-5.442727700459386E-4	0.039756690763622565
19920000	-201.10874786734277	3.6037011050031236	-204.7124489723459	0.16032190250147882	0.02483487650219015	0.035579708722460836	0.02483487650219015	0.02589502709635123	0.0017355517287588143	0.035579708722460836	0.0017355517287588143	0.028588240639943092
19930000	-203.59747565241094	3.8157031564475137	-207.41317880885845	0.11660136152319467	-0.004020486253415879	0.019830738762873012	-0.004020486253415879	0.013458169782711558	-0.0027096389678806327	0.019830738762873012	-0.0027096389678806327	0.02174262274431352
