Iteration	Posterior	Likelihood	Prior	rate[1]	rate[2]
0	-38.52875	-37.2007	-1.328047	0.283311	0.25344
10	-38.39323	-40.81436	2.421128	0.0982364	0.115596
20	-37.83986	-37.47899	-0.3608715	0.246402	0.207045
30	-38.15566	-40.67834	2.522683	0.0388633	0.166222
40	-37.89851	-37.49494	-0.4035636	0.253363	0.203762
50	-37.83486	-40.10584	2.270977	0.064428	0.162337
60	-37.71181	-39.55893	1.847127	0.167679	0.0955929
70	-37.48075	-38.83523	1.354482	0.181777	0.123927
80	-38.1909	-39.87935	1.688448	0.0584561	0.218482
90	-38.01348	-37.28787	-0.725606	0.230905	0.253957
100	-38.14162	-40.16086	2.019243	0.0487615	0.199685
110	-37.90802	-37.33496	-0.5730582	0.23087	0.240853
120	-37.81739	-37.47555	-0.341844	0.243472	0.208336
130	-39.6671	-36.98833	-2.678777	0.306057	0.347032
140	-39.37442	-37.38605	-1.988367	0.233167	0.360458
150	-40.62682	-37.49934	-3.127486	0.26097	0.430768
160	-39.4853	-41.19109	1.705795	0.253815	0.021629
170	-37.74852	-38.58096	0.8324389	0.119364	0.231303
180	-37.77128	-39.57527	1.803992	0.0729827	0.194004
190	-38.36797	-37.98318	-0.3847965	0.291933	0.163575
200	-38.03442	-38.12417	0.08975772	0.271829	0.142805
210	-39.67993	-38.7299	-0.9500259	0.147246	0.356945
220	-37.9472	-39.0844	1.137193	0.0919661	0.232452
230	-38.08008	-37.63402	-0.4460645	0.185921	0.274864
240	-37.75794	-37.46087	-0.2970679	0.213788	0.234164
250	-38.56153	-37.94752	-0.6140053	0.168695	0.306554
260	-37.55835	-39.18144	1.62309	0.182364	0.100204
270	-37.60315	-39.38996	1.786804	0.0989419	0.169525
280	-38.40994	-37.32493	-1.085011	0.283603	0.232215
290	-38.76953	-37.0659	-1.703626	0.279991	0.289108
300	-38.37634	-38.23749	-0.1388512	0.145741	0.288584
310	-37.84286	-37.765	-0.07785294	0.174982	0.254089
320	-41.55018	-45.37642	3.826238	0.0158683	0.0769412
330	-37.44252	-38.62924	1.186724	0.195002	0.12515
340	-38.06696	-38.47542	0.4084542	0.126406	0.260779
350	-39.31301	-38.52596	-0.7870512	0.149427	0.340728
360	-37.79301	-39.1637	1.370685	0.231824	0.0724832
370	-38.02822	-37.67936	-0.3488639	0.268957	0.183456
380	-37.43114	-38.53424	1.103101	0.195113	0.132242
390	-37.47573	-38.07704	0.6013126	0.216948	0.153626
400	-37.41645	-38.31529	0.8988418	0.196962	0.147986
410	-38.36547	-37.62314	-0.7423235	0.189812	0.29649
420	-37.61818	-39.22049	1.602308	0.0927181	0.19164
430	-37.5297	-37.97724	0.4475413	0.167904	0.215914
440	-37.61017	-39.37115	1.76098	0.188178	0.0825129
450	-37.83405	-37.3822	-0.4518524	0.228543	0.232741
460	-37.64743	-37.72953	0.08209447	0.183478	0.231816
470	-37.42129	-38.31965	0.898363	0.163494	0.181494
480	-37.48025	-38.78754	1.30729	0.143283	0.166485
490	-38.28528	-40.66723	2.381955	0.177251	0.039955
500	-38.26234	-39.83488	1.572535	0.239414	0.047508
510	-39.48998	-40.20775	0.7177698	0.0674843	0.293059
520	-37.71233	-38.28831	0.5759807	0.137811	0.234945
530	-41.60929	-40.35939	-1.249899	0.407918	0.122102
540	-37.8479	-37.81613	-0.0317688	0.170693	0.254409
550	-38.95368	-39.44122	0.4875363	0.0906217	0.289752
560	-37.58986	-37.99572	0.4058515	0.162275	0.225135
570	-37.97776	-40.32031	2.342553	0.0495144	0.171086
580	-37.47665	-38.61542	1.138774	0.211362	0.11292
590	-38.00951	-39.2373	1.227794	0.247566	0.0690486
600	-37.6155	-38.69375	1.078249	0.115932	0.213563
610	-37.71235	-37.75609	0.04373569	0.17817	0.240429
620	-38.53247	-37.15215	-1.380315	0.244762	0.29649
630	-37.9524	-37.39562	-0.556786	0.252481	0.217841
640	-37.53052	-39.09883	1.56831	0.19053	0.0967558
650	-37.60237	-38.4365	0.834132	0.234328	0.116193
660	-38.30024	-40.16503	1.864786	0.222342	0.0394079
670	-38.05136	-37.25823	-0.7931209	0.240825	0.249852
680	-37.89295	-37.51799	-0.3749622	0.253915	0.200746
690	-37.67048	-37.52906	-0.1414266	0.22256	0.211987
700	-38.1483	-38.25634	0.1080387	0.140998	0.272062
710	-37.98223	-37.85412	-0.1281088	0.167528	0.265871
720	-37.61322	-37.78212	0.1688956	0.18007	0.227748
730	-37.78582	-39.82983	2.044015	0.0993866	0.146927
740	-39.16918	-37.62585	-1.543327	0.329555	0.225737
750	-38.55078	-37.43653	-1.114257	0.295762	0.222575
760	-37.48138	-38.78615	1.304772	0.170376	0.139609
770	-38.12448	-39.23101	1.106535	0.256601	0.0704582
780	-37.45698	-38.66626	1.209277	0.152665	0.165545
790	-37.46831	-38.72699	1.258681	0.146776	0.167178
800	-37.64769	-39.30374	1.656046	0.135654	0.144075
810	-37.48297	-38.7775	1.294526	0.160947	0.14992
820	-37.68057	-38.14653	0.4659592	0.147961	0.234271
830	-37.41992	-38.36106	0.9411392	0.163729	0.177575
840	-37.78965	-37.42774	-0.3619126	0.217943	0.235594
850	-38.15713	-37.87856	-0.278566	0.167042	0.279316
860	-37.78933	-38.54444	0.7551115	0.121192	0.236135
870	-38.78216	-41.87448	3.092322	0.0238991	0.132123
880	-37.43674	-38.38011	0.9433785	0.153832	0.18728
890	-37.7792	-37.47048	-0.3087182	0.209324	0.239631
900	-37.45827	-38.40284	0.9445681	0.212315	0.128694
910	-38.40983	-37.23626	-1.173567	0.278217	0.245228
920	-39.26332	-39.26922	0.005905197	0.106737	0.31512
930	-38.44443	-39.02206	0.5776344	0.284056	0.0885573
940	-37.4206	-38.05165	0.6310509	0.190419	0.177593
950	-37.42026	-38.35442	0.9341574	0.198476	0.14343
960	-38.38549	-40.86222	2.47673	0.146012	0.0630316
970	-37.99147	-37.91947	-0.07199924	0.16264	0.265926
980	-38.44493	-37.9474	-0.497526	0.296103	0.169115
990	-37.46433	-37.93018	0.4658442	0.20913	0.173112
1000	-37.84716	-39.65475	1.807584	0.209899	0.0567785
1010	-39.21002	-39.67301	0.462987	0.309908	0.0725798
1020	-37.87491	-38.95103	1.076121	0.247063	0.0826152
1030	-37.50565	-37.79207	0.2864234	0.211758	0.185938
1040	-38.09163	-38.02097	-0.07066062	0.156103	0.272348
1050	-38.2935	-38.88047	0.5869712	0.106359	0.26545
1060	-38.36575	-39.11769	0.7519341	0.0950265	0.262574
1070	-37.56051	-38.19884	0.6383301	0.231326	0.136059
1080	-38.1577	-40.32436	2.166658	0.118706	0.117043
1090	-37.4095	-38.17821	0.768709	0.181601	0.174555
1100	-37.86833	-39.94202	2.07369	0.163376	0.0803818
1110	-39.82429	-39.60514	-0.2191475	0.104114	0.337127
1120	-37.47359	-38.69568	1.222093	0.207136	0.10997
1130	-39.05848	-37.19518	-1.863298	0.312001	0.270851
1140	-39.59896	-39.61481	0.01584853	0.332021	0.0889796
1150	-37.80554	-37.93827	0.1327255	0.255065	0.155868
1160	-37.60316	-37.60441	0.001250936	0.209326	0.212931
1170	-37.86894	-37.75128	-0.1176644	0.175937	0.256562
1180	-37.40825	-38.31553	0.9072863	0.181595	0.162626
1190	-37.57182	-38.35711	0.7852927	0.231749	0.122979
1200	-38.20438	-39.88956	1.685188	0.0581434	0.219076
1210	-38.69029	-37.33482	-1.355474	0.300009	0.239104
1220	-37.63938	-39.4703	1.830922	0.0861828	0.178484
1230	-37.79113	-38.07621	0.2850757	0.254317	0.143494
1240	-38.24196	-37.28176	-0.9601992	0.269457	0.235611
1250	-37.59799	-39.10252	1.504529	0.098275	0.194504
1260	-38.02925	-39.59146	1.562214	0.0692221	0.218589
1270	-37.53488	-38.21665	0.6817639	0.149032	0.214613
1280	-40.1175	-37.34136	-2.776143	0.25975	0.401726
1290	-37.51009	-37.78129	0.2712038	0.19348	0.205527
1300	-38.07272	-37.41894	-0.6537777	0.207273	0.271403
1310	-37.40854	-38.22862	0.8200766	0.190209	0.161522
1320	-37.56544	-39.17847	1.613033	0.178491	0.104943
1330	-42.59938	-38.54773	-4.051652	0.470755	0.300581
1340	-37.66188	-39.50068	1.838795	0.190228	0.0737609
1350	-37.49294	-38.82318	1.330242	0.150705	0.157086
1360	-38.52438	-37.92156	-0.6028159	0.300287	0.173999
1370	-37.41194	-38.21682	0.8048804	0.19452	0.158521
1380	-37.64641	-39.54385	1.897444	0.0947463	0.164191
1390	-37.73302	-38.79569	1.06267	0.107588	0.223249
1400	-40.3322	-37.46526	-2.866936	0.254555	0.414741
1410	-37.74348	-39.60845	1.86497	0.164059	0.0976758
1420	-37.68279	-37.56382	-0.1189643	0.231341	0.201271
1430	-37.72882	-37.94492	0.2160972	0.161878	0.241874
1440	-38.35361	-37.22638	-1.127226	0.273296	0.246158
1450	-37.48957	-38.80268	1.313112	0.158624	0.150643
1460	-38.52857	-39.16759	0.6390158	0.0954047	0.271922
1470	-37.49029	-38.85976	1.369476	0.178111	0.126301
1480	-37.6009	-38.40081	0.7999134	0.13345	0.220019
1490	-41.0341	-37.32457	-3.709533	0.292725	0.449144
1500	-39.2191	-37.8177	-1.401402	0.333477	0.209591
1510	-37.61939	-39.37889	1.759502	0.192585	0.0782336
1520	-37.67887	-37.56991	-0.1089553	0.20149	0.23026
1530	-38.15675	-38.4862	0.3294452	0.126833	0.267157
1540	-37.66757	-39.12776	1.460196	0.0931722	0.203426
1550	-37.41312	-38.11727	0.7041513	0.185537	0.176179
1560	-37.58558	-38.63284	1.047263	0.228571	0.103593
1570	-37.53133	-38.35992	0.828592	0.226375	0.124623
1580	-37.92926	-39.98086	2.051598	0.0567321	0.188928
1590	-37.46932	-38.66891	1.199585	0.134362	0.184682
1600	-38.996	-37.28351	-1.712493	0.313383	0.25648
1610	-38.73404	-40.57077	1.836731	0.233714	0.030453
1620	-37.49048	-38.85752	1.367043	0.17757	0.127051
1630	-38.48058	-37.66739	-0.8131906	0.188075	0.304331
1640	-38.49676	-40.85407	2.357308	0.118001	0.101329
1650	-38.01823	-40.36597	2.347733	0.0840474	0.136107
1660	-37.65864	-37.60187	-0.05676706	0.198463	0.228791
1670	-37.50472	-38.18132	0.6765991	0.154064	0.210025
1680	-38.75707	-37.06561	-1.691464	0.278495	0.289557
1690	-40.92472	-38.05076	-2.87396	0.405069	0.264832
1700	-37.75115	-38.62851	0.8773642	0.116599	0.230199
1710	-38.23243	-37.67745	-0.5549796	0.183541	0.286625
1720	-37.69933	-37.55813	-0.1412074	0.201416	0.233112
1730	-37.68063	-39.6218	1.941165	0.0971709	0.158001
1740	-37.46148	-38.76277	1.301292	0.192981	0.117303
1750	-37.44576	-38.01028	0.5645275	0.206639	0.167103
1760	-37.9397	-39.95502	2.01532	0.150241	0.0985436
1770	-37.65092	-37.75754	0.1066238	0.18043	0.232752
1780	-38.22633	-39.30165	1.07532	0.261354	0.0683933
1790	-38.14185	-40.00839	1.866541	0.217656	0.0439431
1800	-37.88728	-38.58127	0.6939872	0.118898	0.243694
1810	-37.76114	-39.74132	1.980177	0.17149	0.0803222
1820	-38.07796	-39.74685	1.668888	0.0631197	0.215503
1830	-37.65339	-38.38935	0.7359573	0.240306	0.118671
1840	-38.87943	-39.77941	0.8999745	0.072979	0.271871
1850	-37.84689	-39.84887	2.001978	0.160464	0.0894697
1860	-41.51155	-38.67998	-2.831573	0.203257	0.462994
1870	-37.69973	-39.66032	1.960587	0.0981128	0.155386
1880	-38.69493	-38.716	0.02107391	0.123302	0.297248
1890	-38.54183	-37.34617	-1.195659	0.218355	0.306993
1900	-38.28714	-39.15711	0.8699634	0.270437	0.076998
1910	-41.03926	-42.22909	1.189836	0.30392	0.0159638
1920	-38.50226	-40.07278	1.570513	0.24564	0.0414559
1930	-37.62845	-37.73932	0.1108671	0.233689	0.179127
1940	-37.94564	-37.31253	-0.6331159	0.233781	0.243115
1950	-37.42998	-38.04343	0.61345	0.180949	0.18858
1960	-38.61594	-39.68788	1.071942	0.0719925	0.258046
1970	-37.45354	-38.58912	1.135584	0.205358	0.119199
1980	-37.7991	-38.81389	1.014789	0.10599	0.228971
1990	-39.11703	-38.78024	-0.3367935	0.129603	0.321771
2000	-37.83923	-38.57032	0.7310864	0.11951	0.239886
2010	-41.1178	-37.9891	-3.128691	0.236959	0.454882
2020	-37.59305	-39.28942	1.696371	0.19518	0.0810762
2030	-37.92217	-38.37106	0.4488904	0.131712	0.25199
2040	-37.51393	-38.92817	1.414242	0.116546	0.18401
2050	-38.23007	-37.20606	-1.024018	0.259061	0.251503
2060	-38.1578	-40.45258	2.294781	0.181145	0.0435696
2070	-39.43614	-38.88771	-0.5484266	0.337693	0.131909
2080	-37.99722	-40.23575	2.238525	0.0953685	0.134192
2090	-37.70039	-39.68601	1.985616	0.0770039	0.174339
2100	-37.46567	-38.78467	1.319002	0.18881	0.119949
2110	-37.48373	-38.48824	1.004507	0.137374	0.198472
2120	-37.98292	-37.45784	-0.5250743	0.259143	0.208447
2130	-37.59367	-39.26653	1.672864	0.198205	0.080076
2140	-37.91964	-39.92126	2.001613	0.15151	0.0984557
2150	-39.4734	-39.43106	-0.04234598	0.330005	0.0960075
2160	-41.37448	-37.34829	-4.026192	0.302361	0.466782
2170	-39.24819	-40.43213	1.183942	0.0528418	0.26755
2180	-37.44602	-38.26201	0.8159981	0.210542	0.141541
2190	-38.39586	-38.37473	-0.02112641	0.137453	0.286732
2200	-37.65345	-39.28498	1.631536	0.148094	0.133747
2210	-38.81092	-37.15972	-1.6512	0.245733	0.318851
2220	-37.48032	-38.79299	1.31267	0.132909	0.176396
2230	-37.99678	-38.80737	0.810593	0.106685	0.245863
2240	-39.58264	-37.28968	-2.292968	0.339641	0.280218
2250	-38.07648	-38.43047	0.3539902	0.272328	0.119548
2260	-37.55514	-39.02019	1.465057	0.154133	0.142046
2270	-37.52798	-37.88701	0.3590309	0.223015	0.168426
2280	-37.47067	-38.72916	1.25849	0.13575	0.178221
2290	-39.96348	-37.00093	-2.962558	0.328017	0.349515
2300	-38.04422	-37.43143	-0.6127922	0.262971	0.212174
2310	-38.44794	-37.44519	-1.002751	0.290248	0.218485
2320	-37.9636	-39.94275	1.979148	0.137631	0.114269
2330	-37.49791	-38.8282	1.330293	0.12232	0.185467
2340	-37.49806	-38.89555	1.397499	0.127913	0.174085
2350	-37.62491	-38.96634	1.341429	0.102041	0.204786
2360	-39.3204	-37.82676	-1.493642	0.195438	0.355575
2370	-40.39278	-37.25473	-3.138049	0.278312	0.414335
2380	-37.43356	-38.43457	1.001012	0.153835	0.182313
2390	-37.46372	-38.63068	1.166958	0.137034	0.184821
2400	-38.64234	-37.32838	-1.313959	0.221884	0.313653
2410	-39.11254	-37.38966	-1.722876	0.322441	0.248316
2420	-38.87426	-37.28622	-1.58804	0.307538	0.251606
2430	-37.94003	-37.60938	-0.3306497	0.188177	0.262667
2440	-39.62148	-38.08786	-1.533624	0.35176	0.202697
2450	-37.43558	-38.15461	0.7190328	0.167731	0.192703
2460	-38.78449	-37.34386	-1.44063	0.305226	0.241221
2470	-37.72647	-37.7367	0.01022538	0.179563	0.241922
2480	-38.44546	-40.87869	2.433228	0.0996028	0.113187
2490	-37.97153	-39.58209	1.610558	0.0696216	0.214026
2500	-37.88841	-39.59652	1.708112	0.0696197	0.205625
2510	-38.1044	-38.15611	0.05170527	0.276197	0.141715
2520	-38.40749	-38.60943	0.2019332	0.123594	0.281379
2530	-37.45861	-38.73423	1.275616	0.185608	0.126888
2540	-37.88136	-39.28726	1.405902	0.0823912	0.218883
2550	-39.374	-39.09157	-0.2824348	0.331731	0.11496
2560	-38.06205	-38.8782	0.8161404	0.26315	0.0889211
2570	-37.47939	-38.79175	1.312361	0.13665	0.172681
2580	-37.73581	-37.46304	-0.2727664	0.218287	0.227572
2590	-37.67151	-39.39066	1.719143	0.204233	0.0700612
2600	-38.45217	-37.12257	-1.329599	0.25667	0.280214
2610	-40.46137	-41.1786	0.7172295	0.324118	0.0364716
2620	-37.95727	-39.09005	1.132779	0.0917219	0.233077
2630	-39.49821	-37.05422	-2.443998	0.319882	0.312987
2640	-37.44443	-38.60548	1.161043	0.166117	0.156247
2650	-41.99247	-37.57484	-4.41763	0.43704	0.365818
2660	-38.47372	-37.42342	-1.050301	0.29109	0.221738
2670	-37.43084	-38.55467	1.123832	0.18642	0.13915
2680	-37.51057	-38.7581	1.247533	0.121093	0.193822
2690	-37.63547	-37.5769	-0.05857518	0.20688	0.22053
2700	-37.46179	-37.91381	0.4520126	0.206804	0.176629
2710	-37.44884	-37.96262	0.5137842	0.18357	0.194543
2720	-38.41875	-38.32351	-0.09523857	0.141061	0.289507
2730	-37.41013	-38.22274	0.8126112	0.192548	0.159827
2740	-37.41834	-38.44212	1.023782	0.176002	0.158185
2750	-38.05161	-39.63231	1.580704	0.0676006	0.218618
2760	-38.67973	-37.85272	-0.8270038	0.308057	0.185538
2770	-37.45108	-38.26548	0.8144052	0.211949	0.140271
2780	-38.53015	-38.74347	0.2133164	0.118274	0.285718
2790	-37.83096	-39.87986	2.048907	0.166488	0.0794035
2800	-37.86918	-38.5401	0.6709247	0.256464	0.108114
2810	-37.644	-38.99907	1.35507	0.099714	0.205939
2820	-37.46496	-38.7628	1.297833	0.18375	0.126832
2830	-38.51887	-38.96434	0.445473	0.105878	0.278119
2840	-39.01035	-40.61977	1.609427	0.253268	0.0304765
2850	-38.20233	-37.35338	-0.8489458	0.271119	0.224367
2860	-38.48752	-37.11956	-1.367964	0.267524	0.272665
2870	-37.98766	-37.30877	-0.6788987	0.227115	0.253724
2880	-43.80008	-39.03705	-4.763035	0.250323	0.582284
2890	-38.66564	-41.31204	2.646407	0.0840651	0.110364
2900	-37.80029	-37.40694	-0.3933462	0.225639	0.230605
2910	-38.00042	-37.74076	-0.2596559	0.176581	0.268148
2920	-38.17499	-37.95733	-0.2176582	0.280723	0.160389
2930	-37.83532	-37.45896	-0.3763588	0.244355	0.210426
2940	-37.52702	-37.7543	0.227275	0.21484	0.18795
2950	-37.86175	-37.96161	0.0998595	0.259637	0.154128
2960	-39.91466	-37.08702	-2.827637	0.285103	0.380808
2970	-37.53116	-37.85942	0.3282577	0.179071	0.215021
2980	-37.61982	-38.23337	0.6135498	0.238159	0.131361
2990	-38.10756	-40.34877	2.241215	0.150825	0.0785031
3000	-38.41331	-40.81602	2.402711	0.180378	0.0350411
3010	-37.56628	-37.83192	0.2656376	0.178444	0.221042
3020	-37.59416	-38.68529	1.09113	0.228242	0.100144
3030	-37.9851	-37.33068	-0.6544191	0.222104	0.256627
3040	-37.53668	-37.89011	0.3534214	0.22467	0.167255
3050	-37.66506	-39.36847	1.703409	0.084676	0.190974
3060	-37.42975	-38.07221	0.6424648	0.202279	0.16475
3070	-38.08426	-37.8343	-0.2499653	0.274495	0.1694
3080	-39.45274	-38.65393	-0.7988023	0.145541	0.345626
3090	-37.73877	-37.60983	-0.1289437	0.242171	0.1913
3100	-37.66327	-39.32041	1.657147	0.155863	0.123771
3110	-39.74857	-37.67166	-2.076905	0.219144	0.382106
3120	-37.69902	-37.85203	0.1530104	0.24458	0.164606
3130	-38.05941	-40.1432	2.083794	0.141769	0.101119
3140	-38.8474	-37.76508	-1.082317	0.188129	0.327457
3150	-37.41166	-38.32798	0.9163267	0.191421	0.152021
3160	-37.42305	-38.48864	1.065588	0.188391	0.142195
3170	-38.47421	-37.2459	-1.228313	0.229489	0.298671
3180	-39.00811	-37.252	-1.75611	0.237733	0.335887
3190	-37.60611	-38.81692	1.210803	0.225624	0.0924548
3200	-37.43967	-38.08665	0.6469788	0.172363	0.194277
3210	-38.2697	-40.1916	1.921904	0.217551	0.0392797
3220	-37.41884	-38.08568	0.6668321	0.195255	0.169675
3230	-37.51413	-38.88809	1.373957	0.207729	0.0962965
3240	-37.6122	-39.38412	1.771913	0.0914311	0.178318
3250	-37.44823	-38.61019	1.16196	0.150124	0.172161
3260	-37.42736	-38.2028	0.7754327	0.204005	0.151572
3270	-38.35027	-37.80704	-0.5432265	0.290322	0.178831
3280	-37.95521	-40.40525	2.450037	0.05708	0.154262
3290	-38.71612	-41.54114	2.825024	0.0660811	0.112964
3300	-39.75844	-38.67261	-1.085832	0.354552	0.161337
3310	-38.07153	-40.26433	2.192797	0.15064	0.0828585
3320	-38.2605	-37.17664	-1.083858	0.249249	0.26647
3330	-38.1994	-40.38613	2.186731	0.137025	0.0969961
3340	-37.94409	-40.05706	2.112976	0.157465	0.0829087
3350	-37.64053	-37.74978	0.1092493	0.235669	0.177287
3360	-38.43057	-37.3873	-1.043273	0.287412	0.224811
3370	-40.16093	-37.50664	-2.65429	0.369105	0.281875
3380	-37.66699	-39.51761	1.850619	0.189383	0.0735875
3390	-37.77289	-37.4443	-0.3285913	0.232426	0.218241
3400	-37.70584	-38.59928	0.8934372	0.24188	0.103533
3410	-37.88372	-39.83223	1.94851	0.124329	0.13021
3420	-37.42748	-38.46957	1.042089	0.197818	0.134792
3430	-38.18243	-37.37949	-0.8029325	0.271011	0.220511
3440	-37.51291	-37.81009	0.2971777	0.187889	0.20888
3450	-37.49939	-38.88932	1.389929	0.134669	0.167981
3460	-37.44597	-38.61335	1.167378	0.200171	0.121648
3470	-37.46418	-38.48423	1.020045	0.212136	0.122373
3480	-38.22939	-37.5653	-0.6640905	0.193102	0.286462
3490	-37.66978	-37.53404	-0.1357354	0.223792	0.210265
3500	-38.6325	-41.37071	2.738209	0.0215888	0.164933
3510	-37.86838	-39.75858	1.890196	0.137564	0.121998
3520	-42.62532	-37.9423	-4.683025	0.289665	0.536051
3530	-37.79351	-39.83758	2.044071	0.179674	0.0666349
3540	-37.75482	-37.80281	0.04798478	0.172975	0.245257
3550	-38.6485	-37.07849	-1.570011	0.268662	0.288929
3560	-38.92856	-39.8352	0.9066352	0.287497	0.0567791
3570	-39.02693	-37.68102	-1.345909	0.198859	0.33943
3580	-37.6022	-39.35585	1.753643	0.0937521	0.177571
3590	-38.4347	-39.99408	1.559376	0.244666	0.043389
3600	-37.69214	-37.65895	-0.03319121	0.238758	0.186466
3610	-37.75824	-38.82235	1.06411	0.241072	0.0896412
3620	-38.26418	-37.33835	-0.9258326	0.274717	0.227391
3630	-37.5329	-38.70199	1.169091	0.120685	0.200986
3640	-38.67596	-38.4186	-0.2573587	0.140427	0.304105
3650	-38.7114	-38.00886	-0.7025405	0.309959	0.172917
3660	-37.47261	-38.82319	1.350573	0.188606	0.117434
3670	-37.83227	-39.24608	1.413803	0.0845413	0.216052
3680	-38.24915	-38.4258	0.1766449	0.131828	0.275323
3690	-37.89054	-38.58161	0.6910722	0.118885	0.243958
3700	-37.6352	-38.90063	1.265436	0.226068	0.0873045
3710	-37.49973	-37.86568	0.3659485	0.18294	0.207906
3720	-37.52318	-37.81533	0.2921439	0.185312	0.211891
3730	-40.43632	-38.53542	-1.900897	0.180175	0.405916
3740	-40.17493	-40.2751	0.1001678	0.0814034	0.332334
3750	-37.82949	-39.91774	2.088249	0.176998	0.0655058
3760	-37.46164	-38.50398	1.042342	0.210963	0.121625
3770	-38.03929	-37.8011	-0.2381921	0.171908	0.270973
3780	-37.65217	-39.40992	1.757751	0.0847825	0.186187
3790	-37.80035	-39.96709	2.166736	0.0650649	0.170678
3800	-37.56648	-38.32597	0.7594908	0.139771	0.217179
3810	-38.71436	-40.67928	1.964928	0.224375	0.0287501
3820	-38.23011	-40.03965	1.809546	0.224127	0.0423814
3830	-37.46979	-38.72534	1.255552	0.164217	0.150007
3840	-37.49833	-38.76281	1.264476	0.123338	0.190118
3850	-39.69323	-40.81298	1.119759	0.292232	0.0336877
3860	-38.2673	-40.71453	2.44723	0.0883009	0.123283
3870	-37.66162	-38.52303	0.8614034	0.239136	0.109036
3880	-39.58397	-41.35902	1.775058	0.250195	0.0192841
3890	-37.5403	-37.71688	0.1765736	0.197926	0.209231
3900	-37.59122	-38.94286	1.351637	0.105007	0.200941
3910	-37.469	-38.72024	1.251241	0.161058	0.153537
3920	-37.8811	-38.57957	0.6984669	0.118984	0.243222
3930	-41.28557	-37.95068	-3.334889	0.418428	0.291173
3940	-38.17516	-37.85767	-0.3174903	0.168801	0.28091
3950	-37.44359	-38.14904	0.7054507	0.165943	0.195662
3960	-37.76588	-39.59128	1.825399	0.0727161	0.192427
3970	-38.34042	-37.17737	-1.163058	0.265781	0.256759
3980	-37.70113	-37.52231	-0.1788259	0.207699	0.230069
3990	-38.0292	-40.25351	2.224306	0.181481	0.0493035
4000	-37.40947	-38.16319	0.7537172	0.188187	0.16926
4010	-38.53977	-38.35794	-0.181832	0.299763	0.138264
4020	-38.9904	-39.39571	0.405315	0.0937214	0.293734
4030	-43.61708	-38.94441	-4.672674	0.250538	0.574287
4040	-37.52587	-39.04746	1.521585	0.198427	0.0928836
4050	-38.49765	-39.32598	0.8283368	0.0868819	0.264138
4060	-38.04466	-40.27178	2.22712	0.0472399	0.183302
4070	-40.40571	-42.20542	1.799715	0.0165896	0.250765
4080	-40.40311	-37.22868	-3.174424	0.368283	0.327497
4090	-41.68828	-38.8746	-2.813686	0.432985	0.231725
4100	-37.67735	-38.35651	0.6791562	0.242994	0.120875
4110	-39.09235	-41.95199	2.85964	0.074999	0.101064
4120	-37.6395	-39.37218	1.732672	0.120018	0.153111
4130	-39.70786	-36.98913	-2.718734	0.312322	0.344209
4140	-38.08191	-39.24159	1.159678	0.253023	0.0694582
4150	-40.59883	-38.96978	-1.629054	0.387355	0.175321
4160	-38.85127	-37.20752	-1.643755	0.30238	0.261562
4170	-37.5523	-37.72739	0.1750889	0.193051	0.214234
4180	-37.67537	-39.54917	1.873795	0.106174	0.154801
4190	-37.70326	-39.58397	1.880712	0.192024	0.0683549
4200	-37.58213	-38.48458	0.9024528	0.231242	0.113394
4210	-37.5949	-37.74451	0.1496119	0.185494	0.223985
4220	-37.58949	-38.57665	0.9871539	0.123493	0.213848
4230	-37.51249	-37.86267	0.3501857	0.181177	0.211026
4240	-38.38334	-39.59533	1.211989	0.0723291	0.245647
4250	-38.66032	-37.65139	-1.008929	0.305509	0.203755
4260	-37.55288	-37.78639	0.2335157	0.184822	0.21743
4270	-37.40943	-38.23193	0.8224938	0.191641	0.159883
4280	-37.40872	-38.32003	0.911302	0.185498	0.158377
4290	-38.48556	-40.99493	2.509375	0.0921531	0.114078
4300	-37.49028	-38.52509	1.034806	0.216926	0.116311
4310	-37.71187	-39.32288	1.611006	0.0837692	0.199839
4320	-37.52985	-39.05466	1.524812	0.120777	0.170255
4330	-38.56479	-40.97615	2.411369	0.127421	0.087252
4340	-38.08056	-37.2458	-0.8347534	0.240198	0.254065
4350	-38.04427	-37.26977	-0.7745007	0.233731	0.255343
4360	-37.5585	-38.04202	0.4835243	0.230588	0.150132
4370	-37.96496	-40.11894	2.153981	0.185554	0.0512882
4380	-37.42782	-38.16226	0.7344322	0.203833	0.155275
4390	-38.8263	-39.78062	0.9543214	0.0718401	0.268329
4400	-38.7094	-39.49934	0.7899372	0.0825491	0.271779
4410	-37.58875	-38.63783	1.049082	0.228832	0.103176
4420	-38.05074	-38.42107	0.3703242	0.129545	0.260924
4430	-37.86241	-39.98842	2.126007	0.0592479	0.180003
4440	-37.5348	-38.81599	1.281187	0.115427	0.196589
4450	-39.03138	-39.1423	0.1109143	0.313829	0.0989837
4460	-39.55371	-42.95543	3.401723	0.0144325	0.114941
4470	-37.45226	-38.35184	0.8995731	0.150581	0.194304
4480	-38.0887	-40.30088	2.212173	0.150457	0.0813724
4490	-38.8295	-41.81579	2.986292	0.0520634	0.113091
4500	-37.54397	-38.94851	1.404538	0.109439	0.191953
4510	-37.43131	-38.53354	1.102221	0.170853	0.156578
4520	-38.09803	-39.02688	0.9288541	0.0959604	0.246402
4530	-38.6904	-37.82571	-0.8646919	0.180118	0.316723
4540	-37.58595	-38.4383	0.8523446	0.131775	0.217177
4550	-39.82859	-38.66323	-1.165358	0.357694	0.165044
4560	-37.45029	-38.52917	1.078881	0.144105	0.185336
4570	-41.39571	-37.04572	-4.349996	0.365202	0.43183
4580	-37.66122	-38.86331	1.20209	0.105582	0.213247
4590	-37.7138	-39.55102	1.837225	0.166534	0.0975905
4600	-38.6561	-40.62901	1.972903	0.036409	0.216029
4610	-37.61028	-37.59916	-0.01112058	0.217749	0.205574
4620	-37.50449	-38.8594	1.354908	0.162441	0.143226
4630	-37.46873	-38.28532	0.8165896	0.151415	0.200617
4640	-37.47333	-38.49009	1.016758	0.139065	0.195727
4650	-37.50424	-38.80349	1.299251	0.209977	0.100483
4660	-37.60517	-39.16563	1.56046	0.146886	0.141076
4670	-37.45894	-37.89636	0.437413	0.20294	0.181751
4680	-37.65769	-39.37611	1.718422	0.0850396	0.189317
4690	-37.78585	-39.62317	1.837318	0.0709914	0.193125
4700	-38.42012	-37.14619	-1.273929	0.267543	0.264547
4710	-37.81928	-37.63863	-0.1806449	0.186806	0.251118
4720	-37.53129	-39.03745	1.506163	0.201594	0.0910446
4730	-39.18251	-38.35892	-0.8235864	0.156228	0.337074
4740	-37.46899	-38.12148	0.6524823	0.215964	0.150203
4750	-39.21054	-42.10534	2.894799	0.138369	0.0346656
4760	-37.85823	-39.94527	2.087038	0.06015	0.182458
4770	-37.81926	-38.82251	1.003246	0.246328	0.0896268
4780	-37.91632	-40.16541	2.249097	0.0873996	0.14125
4790	-37.59335	-38.45207	0.8587229	0.233077	0.115326
4800	-37.80115	-37.8662	0.06505211	0.167064	0.249698
4810	-37.99721	-40.14522	2.148008	0.106494	0.130862
4820	-37.85216	-40.12518	2.273022	0.0764129	0.150176
4830	-38.24462	-38.34649	0.1018767	0.283474	0.130117
4840	-37.68895	-37.51958	-0.1693689	0.226491	0.210463
4850	-39.74145	-37.04535	-2.696102	0.287293	0.367289
4860	-37.45246	-38.49477	1.042306	0.144106	0.188485
4870	-37.53081	-38.33869	0.8078861	0.141208	0.211574
4880	-39.57926	-39.00852	-0.5707461	0.342596	0.128928
4890	-37.43028	-38.37248	0.9421995	0.203542	0.137671
4900	-40.20357	-37.04527	-3.1583	0.345326	0.349065
4910	-37.52862	-37.75689	0.2282696	0.192986	0.209719
4920	-38.50949	-39.97388	1.464393	0.251709	0.0445273
4930	-39.41567	-40.43229	1.01662	0.292788	0.0420157
4940	-37.51089	-37.76665	0.2557563	0.210087	0.190249
4950	-37.68945	-38.31839	0.6289378	0.136238	0.231956
4960	-37.41418	-38.36714	0.9529565	0.191949	0.148337
4970	-38.40035	-37.52324	-0.8771111	0.198978	0.298933
4980	-38.18361	-40.37087	2.187256	0.0427071	0.191269
4990	-39.47951	-37.00326	-2.476255	0.292016	0.34363
5000	-37.54996	-37.93671	0.3867514	0.169779	0.219275
5010	-38.9665	-37.69884	-1.26766	0.320991	0.210559
5020	-40.0281	-43.0183	2.990192	0.103111	0.061708
5030	-37.56317	-39.21469	1.651519	0.104401	0.175718
5040	-38.74861	-39.53196	0.7833504	0.287483	0.0674115
5050	-37.46335	-38.70076	1.237411	0.143855	0.171932
5060	-38.6471	-41.41948	2.772378	0.0211325	0.162447
5070	-37.44327	-38.09896	0.6556916	0.170209	0.195682
5080	-40.95863	-39.2145	-1.744129	0.156247	0.416341
5090	-37.76658	-37.94767	0.181083	0.251845	0.154923
5100	-37.47416	-38.7563	1.28214	0.14557	0.166364
5110	-38.62895	-38.00477	-0.6241878	0.305799	0.170328
5120	-37.89857	-38.56153	0.6629568	0.258294	0.10697
5130	-39.83839	-37.9143	-1.924082	0.203543	0.384544
5140	-39.17401	-38.97217	-0.2018406	0.324061	0.115689
5150	-37.65495	-39.48183	1.826877	0.177572	0.0874433
5160	-38.82145	-37.0501	-1.771356	0.275621	0.299312
5170	-38.31218	-40.21441	1.902232	0.0471438	0.211381
5180	-37.42475	-38.39803	0.9732766	0.199774	0.138763
5190	-42.41539	-37.16374	-5.251655	0.417416	0.457277
5200	-38.45991	-40.92984	2.46993	0.174367	0.0352616
5210	-37.42634	-38.412	0.9856642	0.158726	0.178743
5220	-37.61751	-38.09641	0.4788943	0.23808	0.143038
5230	-37.73589	-39.5286	1.79271	0.0758924	0.192066
5240	-37.52387	-39.02533	1.501462	0.115439	0.177604
5250	-38.12058	-37.58927	-0.5313109	0.273578	0.19455
5260	-37.80628	-37.40962	-0.3966566	0.232214	0.224315
5270	-39.63059	-37.22678	-2.403812	0.338848	0.290558
5280	-37.87464	-38.31393	0.4392934	0.259704	0.124825
5290	-37.52397	-38.92893	1.404959	0.163065	0.138291
5300	-39.62434	-37.00141	-2.622923	0.314812	0.333466
5310	-38.38916	-39.26212	0.8729605	0.273797	0.0733797
5320	-37.72656	-38.54274	0.8161739	0.121848	0.23022
5330	-37.9539	-37.57619	-0.3777115	0.191282	0.263615
5340	-38.07145	-40.65753	2.58608	0.0506087	0.149016
5350	-37.59479	-37.78564	0.190848	0.180974	0.224954
5360	-37.65176	-39.44189	1.790125	0.113831	0.15435
5370	-40.68635	-39.32352	-1.362825	0.142538	0.397208
5380	-37.96637	-37.36688	-0.5994899	0.216326	0.257674
5390	-37.512	-38.88776	1.375767	0.163404	0.140466
5400	-37.43402	-37.97987	0.5458571	0.190751	0.184599
5410	-37.43952	-38.54889	1.109375	0.15309	0.173724
5420	-38.1656	-40.34521	2.179612	0.140404	0.0942306
5430	-40.1674	-40.95983	0.7924296	0.0522436	0.301869
5440	-37.61767	-39.36599	1.748324	0.112811	0.15897
5450	-38.0827	-40.39313	2.310434	0.160048	0.0633184
5460	-37.8715	-39.79759	1.926091	0.12681	0.12966
5470	-37.56662	-38.25982	0.6931943	0.23188	0.13078
5480	-37.5853	-37.62914	0.04383805	0.207679	0.21091
5490	-38.47687	-41.13043	2.653561	0.0753174	0.118495
5500	-38.56746	-41.53711	2.969648	0.0395512	0.127037
5510	-37.48242	-38.79407	1.31165	0.171461	0.137931
5520	-37.52114	-38.25362	0.732477	0.225681	0.133595
5530	-40.16074	-39.37647	-0.7842625	0.124949	0.364965
5540	-38.5945	-39.5478	0.9533027	0.277149	0.0631079
5550	-39.70268	-38.44594	-1.256733	0.353931	0.176677
5560	-37.44934	-38.51143	1.062093	0.144836	0.186051
5570	-37.81262	-37.95942	0.1468003	0.159754	0.249967
5580	-38.29946	-40.57866	2.279198	0.137342	0.0887149
5590	-38.10398	-37.27216	-0.8318235	0.228532	0.265479
5600	-38.6212	-37.68182	-0.9393819	0.189603	0.313672
5610	-37.4438	-37.96824	0.5244394	0.18502	0.192175
5620	-39.4513	-37.17407	-2.277229	0.258454	0.36005
5630	-38.28923	-37.97215	-0.3170868	0.28748	0.162196
5640	-37.50992	-38.17552	0.6655989	0.224044	0.140993
5650	-39.17315	-42.34393	3.170787	0.0133807	0.135883
5660	-37.67023	-38.90477	1.234536	0.103263	0.212771
5670	-38.02385	-40.4238	2.399947	0.0464239	0.169233
5680	-41.30785	-37.09744	-4.210412	0.337683	0.447328
5690	-38.02889	-37.58927	-0.4396154	0.267198	0.193031
5700	-38.36399	-37.18211	-1.181887	0.240264	0.283898
5710	-39.46782	-42.03858	2.57076	0.185175	0.0157698
5720	-38.7003	-39.62662	0.926324	0.281028	0.0615522
5730	-37.99021	-40.0694	2.07919	0.150061	0.093223
5740	-37.41257	-38.32721	0.914646	0.171205	0.172382
5750	-37.58062	-39.20324	1.622616	0.123542	0.159067
5760	-37.61744	-39.4213	1.803864	0.0910372	0.17596
5770	-38.42423	-40.43626	2.012034	0.0406162	0.208452
5780	-38.85412	-41.2449	2.390787	0.192582	0.0238639
5790	-38.62986	-38.6722	0.04233995	0.301077	0.117642
5800	-38.12297	-40.29567	2.172703	0.144279	0.0909503
5810	-37.81233	-37.40324	-0.4090839	0.231881	0.225719
5820	-37.70957	-39.59204	1.882469	0.11053	0.149698
5830	-38.43494	-37.45733	-0.9776099	0.289836	0.216731
5840	-40.89885	-40.81682	-0.08202871	0.0763174	0.353113
5850	-37.43966	-38.4593	1.019632	0.205064	0.12948
5860	-37.44954	-38.68587	1.236332	0.188253	0.127627
5870	-37.48357	-38.84824	1.364669	0.20026	0.104566
5880	-38.32948	-38.82763	0.4981555	0.109844	0.269615
5890	-38.28387	-40.72662	2.442748	0.0897156	0.122255
5900	-38.70739	-41.2568	2.549416	0.021889	0.180894
5910	-39.25746	-41.6027	2.345238	0.0169798	0.203389
5920	-38.26655	-38.03849	-0.2280636	0.286194	0.155815
5930	-37.8196	-37.62778	-0.1918228	0.187879	0.251008
5940	-37.687	-39.64532	1.958321	0.0789272	0.174767
5950	-37.94871	-37.74532	-0.203392	0.17615	0.263734
5960	-38.0194	-40.51266	2.493258	0.0486434	0.158976
5970	-40.38958	-40.68644	0.296864	0.0688113	0.327985
5980	-37.69622	-39.66019	1.963973	0.0969266	0.156281
5990	-39.4059	-42.70639	3.300489	0.0123421	0.12575
6000	-38.0605	-40.24762	2.187117	0.188021	0.0459667
6010	-37.83081	-37.85852	0.02770805	0.167408	0.25257
6020	-37.42473	-38.02645	0.601717	0.192609	0.17793
6030	-37.69439	-39.44709	1.7527	0.162331	0.109073
6040	-37.51762	-38.25486	0.737239	0.147759	0.211108
6050	-38.19552	-40.59552	2.399996	0.0380234	0.177629
6060	-40.24912	-38.40963	-1.839489	0.377359	0.203443
6070	-38.58828	-37.52644	-1.061832	0.201845	0.311977
6080	-37.6341	-39.50277	1.86867	0.0897884	0.171627
6090	-37.69735	-38.7017	1.00435	0.113239	0.222621
6100	-38.42348	-38.2203	-0.2031733	0.294433	0.145432
6110	-37.95503	-37.94411	-0.01092547	0.266396	0.15691
6120	-37.85416	-39.96106	2.106897	0.16996	0.0709367
6130	-37.89124	-37.34666	-0.5445802	0.228636	0.240634
6140	-39.7275	-38.1662	-1.561305	0.183174	0.373667
6150	-40.17583	-41.57925	1.403418	0.0303029	0.271185
6160	-39.59865	-39.0532	-0.5454503	0.126912	0.342434
6170	-37.48958	-38.74712	1.257542	0.209147	0.104906
6180	-37.86138	-37.49882	-0.3625671	0.249923	0.20367
6190	-38.21606	-37.19809	-1.017971	0.242774	0.26727
6200	-37.60628	-37.86696	0.2606812	0.172361	0.227552
6210	-37.76792	-38.99077	1.22285	0.236417	0.0806237
6220	-37.78453	-37.97037	0.1858365	0.253502	0.152857
6230	-37.44908	-38.54258	1.093505	0.144563	0.183618
6240	-38.0313	-40.08645	2.055149	0.141712	0.103643
6250	-40.13985	-40.01528	-0.1245717	0.348766	0.0843286
6260	-37.65302	-39.52231	1.869294	0.0839407	0.177421
6270	-39.92533	-39.85887	-0.0664603	0.342212	0.0858772
6280	-38.29955	-41.09434	2.794786	0.0437544	0.137895
6290	-37.5454	-39.13848	1.593081	0.112026	0.173126
6300	-37.5062	-38.9382	1.432	0.123012	0.176015
6310	-38.79016	-37.26858	-1.521583	0.302467	0.250953
6320	-39.86247	-37.18964	-2.672829	0.346078	0.306499
6330	-37.42579	-38.51265	1.086861	0.181962	0.146791
6340	-37.45182	-38.57039	1.118571	0.143098	0.182925
6350	-37.86375	-37.37426	-0.4894936	0.222504	0.242021
6360	-37.44862	-38.63178	1.183166	0.1692	0.151258
6370	-38.17089	-40.31718	2.146293	0.127621	0.109883
6380	-39.04019	-38.02859	-1.011601	0.174021	0.335474
6390	-37.94059	-40.19145	2.250862	0.0893547	0.139143
6400	-37.78785	-38.13569	0.3478317	0.147251	0.245155
6410	-38.64133	-37.17152	-1.46981	0.241769	0.307191
6420	-38.87107	-37.05654	-1.814534	0.286008	0.292644
6430	-37.70047	-39.51601	1.815541	0.166987	0.0990052
6440	-38.47727	-40.85196	2.374687	0.185425	0.0324077
6450	-37.95485	-40.08439	2.129537	0.105278	0.13367
6460	-37.9658	-38.39132	0.4255137	0.13068	0.255035
6470	-37.6639	-39.35887	1.694969	0.162354	0.114023
6480	-39.54241	-39.36029	-0.182124	0.334863	0.103189
6490	-39.20321	-38.84046	-0.3627444	0.327422	0.126187
6500	-38.89662	-37.11678	-1.779844	0.253983	0.321681
6510	-37.73997	-37.4559	-0.2840704	0.221856	0.224977
6520	-37.61943	-39.40057	1.781146	0.184638	0.0843166
6530	-37.75413	-39.66414	1.910014	0.194924	0.0629304
6540	-37.59866	-39.32595	1.727283	0.111015	0.162578
6550	-37.71292	-39.7722	2.059283	0.0825773	0.162421
6560	-38.63351	-39.32575	0.6922346	0.0894869	0.273256
6570	-38.8151	-38.10948	-0.7056234	0.163191	0.31995
6580	-38.12551	-37.56424	-0.5612739	0.27335	0.197358
6590	-37.84539	-39.91759	2.072202	0.16662	0.0772658
6600	-37.81317	-38.60664	0.7934666	0.250924	0.1031
6610	-37.68682	-37.50594	-0.1808783	0.217702	0.220243
6620	-39.42243	-42.24915	2.826711	0.11525	0.0636495
6630	-39.0018	-39.5243	0.5224935	0.0876406	0.289722
6640	-37.84166	-37.67022	-0.1714444	0.254342	0.182789
6650	-37.77461	-37.80074	0.02613026	0.250977	0.169138
6660	-38.46042	-37.23087	-1.229542	0.281225	0.247041
6670	-38.66115	-37.88637	-0.7747777	0.175095	0.314003
6680	-37.87996	-38.71146	0.8314944	0.253953	0.0967956
6690	-38.58759	-38.93321	0.3456164	0.294322	0.0982752
6700	-37.52306	-38.01797	0.4949107	0.165022	0.214717
6710	-39.4871	-39.68419	0.1970968	0.324527	0.0808625
6720	-37.62454	-37.89389	0.2693444	0.237123	0.162043
6730	-38.40148	-39.60612	1.204634	0.072113	0.246497
6740	-37.55386	-39.17106	1.617208	0.106626	0.176449
6750	-37.41873	-38.33637	0.9176379	0.164882	0.178447
6760	-38.43112	-40.80451	2.373392	0.0311641	0.18678
6770	-38.21777	-40.58813	2.370359	0.0944387	0.123766
6780	-37.5505	-38.04284	0.4923368	0.229485	0.150475
6790	-37.5592	-38.06315	0.5039448	0.230844	0.148116
6800	-39.61998	-37.18038	-2.439597	0.335895	0.296594
6810	-38.13174	-38.51302	0.3812774	0.274797	0.114728
6820	-38.14997	-40.79167	2.641706	0.0422806	0.152553
6830	-37.44719	-38.32888	0.8816813	0.210352	0.136074
6840	-37.65491	-39.50852	1.853614	0.105114	0.157599
6850	-38.30778	-38.33006	0.02228509	0.287266	0.13318
6860	-37.5173	-39.04392	1.526616	0.191868	0.0990088
6870	-37.56967	-38.59633	1.026654	0.123417	0.210522
6880	-39.31847	-39.12625	-0.1922176	0.328465	0.110456
6890	-37.55986	-39.02884	1.468975	0.20922	0.0866213
6900	-37.74308	-38.07897	0.3358874	0.151683	0.241752
6910	-37.76787	-37.87184	0.1039638	0.167028	0.246383
6920	-37.62764	-37.5721	-0.05554001	0.216532	0.210617
6930	-37.47026	-37.99578	0.5255249	0.213896	0.163206
6940	-37.44699	-38.60867	1.161674	0.201165	0.121144
6950	-38.92656	-41.51242	2.585859	0.11922	0.0804237
6960	-41.52986	-37.98826	-3.541609	0.428	0.299406
6970	-38.45753	-37.87111	-0.5864224	0.172143	0.300731
6980	-37.78211	-39.64742	1.865315	0.15811	0.103594
6990	-38.74807	-38.44385	-0.3042203	0.140494	0.308074
7000	-37.78776	-37.78579	-0.001965615	0.173871	0.248664
7010	-37.81553	-37.8787	0.06316059	0.165936	0.25099
7020	-37.6514	-39.17862	1.527222	0.215188	0.0756373
7030	-37.68234	-37.65197	-0.03037787	0.190099	0.234883
7040	-37.66543	-38.61186	0.9464331	0.118929	0.22192
7050	-37.486	-38.16233	0.6763249	0.157522	0.206591
7060	-37.60939	-39.33487	1.725477	0.177903	0.0958459
7070	-37.65819	-39.00253	1.344339	0.0990073	0.207569
7080	-37.47919	-38.85485	1.375665	0.196064	0.107815
7090	-37.42727	-38.50123	1.073962	0.16893	0.160934
7100	-40.00139	-38.50955	-1.491841	0.169242	0.381616
7110	-37.80288	-37.40523	-0.3976525	0.225303	0.231312
7120	-38.80762	-39.15504	0.347422	0.301658	0.0907833
7130	-37.54212	-37.81228	0.2701625	0.222757	0.176339
7140	-37.55959	-38.5095	0.9499196	0.128917	0.211631
7150	-37.87311	-39.76696	1.893856	0.140619	0.118628
7160	-41.23559	-40.70006	-0.5355232	0.0904431	0.378047
7170	-37.93171	-38.15052	0.2188154	0.146065	0.257454
7180	-38.92474	-41.13908	2.214346	0.208786	0.0228568
7190	-37.74161	-37.56543	-0.1761761	0.240183	0.197357
7200	-38.25883	-39.72613	1.467309	0.24498	0.0510048
7210	-37.78692	-39.77748	1.990564	0.167839	0.0830785
7220	-41.07691	-37.06471	-4.012207	0.372796	0.395142
7230	-37.46246	-38.74781	1.285348	0.198093	0.113565
7240	-37.82944	-37.39097	-0.4384712	0.232993	0.227138
7250	-37.94326	-38.24385	0.3005853	0.139925	0.256551
7260	-37.55994	-39.17563	1.615693	0.11743	0.165775
7270	-41.21993	-37.61729	-3.60264	0.270025	0.462638
7280	-40.96857	-38.3298	-2.638771	0.406992	0.242652
7290	-37.56102	-38.00045	0.4394317	0.230517	0.154
7300	-37.75231	-39.66846	1.916154	0.166811	0.0905146
7310	-39.61131	-37.47982	-2.131483	0.231209	0.374742
7320	-37.72556	-38.45974	0.7341731	0.246093	0.113038
7330	-37.45448	-38.65309	1.198617	0.158198	0.16093
7340	-37.47467	-38.16575	0.6910861	0.158785	0.204056
7350	-37.6705	-39.34754	1.67704	0.157711	0.12021
7360	-37.62276	-39.45665	1.833889	0.091235	0.173177
7370	-37.8358	-39.63231	1.79651	0.0692365	0.198395
7380	-37.5339	-38.06081	0.526907	0.160622	0.21636
7390	-37.50401	-37.83639	0.3323806	0.185964	0.207774
7400	-37.51324	-38.90213	1.38889	0.167261	0.135479
7410	-37.61827	-37.59748	-0.02079175	0.205679	0.218477
7420	-38.8747	-39.10183	0.227126	0.106167	0.296636
7430	-37.96466	-38.62364	0.6589761	0.261955	0.103652
7440	-37.54291	-39.14697	1.604057	0.189549	0.0946577
7450	-39.29152	-39.92307	0.6315494	0.0755405	0.292429
7460	-37.9026	-39.92725	2.024656	0.155538	0.0924423
7470	-37.99677	-37.28626	-0.7105101	0.235153	0.248409
7480	-38.38243	-38.38926	0.006826106	0.290968	0.13081
7490	-39.24382	-37.13047	-2.113352	0.316274	0.288116
7500	-37.71183	-39.64664	1.934803	0.178402	0.0773179
7510	-37.80028	-37.4713	-0.3289815	0.240858	0.209843
7520	-38.02519	-37.84993	-0.1752618	0.16805	0.269411
7530	-37.94421	-39.08034	1.136125	0.0921577	0.232353
7540	-37.51269	-38.4224	0.9097057	0.137575	0.206436
7550	-38.38888	-37.15932	-1.229562	0.267195	0.261073
7560	-37.47635	-38.73808	1.26173	0.131535	0.182157
7570	-39.59297	-37.72807	-1.864904	0.210302	0.372689
7580	-37.89815	-39.42162	1.523463	0.0764841	0.214665
7590	-38.61506	-41.08845	2.473385	0.103951	0.10538
7600	-37.92345	-37.35002	-0.5734333	0.22217	0.249585
7610	-37.45817	-38.58519	1.127019	0.139876	0.185418
7620	-37.7381	-38.15199	0.4138855	0.24978	0.136937
7630	-40.59357	-40.0402	-0.5533621	0.369677	0.10035
7640	-38.07879	-39.35762	1.278829	0.248082	0.0641374
7650	-37.9655	-39.68141	1.715911	0.0657962	0.208777
7660	-40.11831	-37.42745	-2.69086	0.365504	0.288626
7670	-37.60843	-39.39815	1.789721	0.102424	0.165791
7680	-37.49631	-38.15948	0.6631708	0.15653	0.208716
7690	-38.13452	-38.01084	-0.1236797	0.157272	0.275746
7700	-39.37609	-37.88032	-1.495765	0.340759	0.210438
7710	-41.24577	-37.57307	-3.6727	0.411046	0.327651
7720	-37.90699	-37.70209	-0.2048974	0.260393	0.17962
7730	-38.03548	-38.09413	0.05864932	0.271968	0.145346
7740	-38.8384	-38.45235	-0.3860531	0.142053	0.313563
7750	-38.72354	-41.23233	2.508797	0.105335	0.100946
7760	-41.58399	-40.37689	-1.207093	0.115002	0.41133
7770	-42.40586	-37.40251	-5.003351	0.334966	0.51834
7780	-39.77981	-37.00622	-2.773597	0.322794	0.338462
7790	-37.67048	-37.80264	0.1321612	0.240667	0.170315
7800	-37.41502	-38.16368	0.7486607	0.196311	0.161572
7810	-38.90934	-37.07302	-1.836323	0.29244	0.288089
7820	-38.65402	-37.31858	-1.335449	0.223146	0.314242
7830	-37.84787	-38.53252	0.6846501	0.12173	0.241666
7840	-38.09236	-38.7544	0.662038	0.110508	0.254835
7850	-37.95029	-37.56972	-0.3805694	0.260695	0.194449
7860	-37.96755	-38.04624	0.07869418	0.26746	0.148127
7870	-37.73153	-39.69604	1.964511	0.178112	0.0750489
7880	-38.25647	-38.67138	0.4149163	0.117428	0.2692
7890	-39.35743	-42.70784	3.350401	0.0189845	0.114809
7900	-37.67851	-39.07741	1.398896	0.223693	0.0781843
7910	-38.10096	-40.36149	2.26053	0.100197	0.127468
7920	-40.25583	-37.27486	-2.980969	0.271396	0.407722
7930	-37.52855	-38.29192	0.7633705	0.226567	0.130049
7940	-37.6394	-39.24023	1.600822	0.0904106	0.194075
7950	-37.71882	-39.64517	1.926345	0.0744404	0.182008
7960	-37.86712	-37.37024	-0.4968795	0.237002	0.22816
7970	-37.41349	-38.16589	0.7523958	0.177716	0.179846
7980	-37.90023	-37.90265	0.002413874	0.163703	0.258454
7990	-38.92137	-37.83287	-1.088496	0.319786	0.196332
8000	-37.53869	-38.07473	0.5360353	0.228046	0.14815
8010	-38.14386	-37.45524	-0.6886176	0.203141	0.278535
8020	-37.89814	-40.21739	2.319248	0.0760896	0.146518
8030	-37.78806	-39.94718	2.15912	0.0838635	0.152536
8040	-37.70361	-38.03063	0.3270186	0.155844	0.238355
8050	-37.70943	-39.53693	1.827504	0.166461	0.0985007
8060	-37.63832	-38.76847	1.13015	0.2309	0.0941248
8070	-38.02888	-38.80539	0.7765116	0.262634	0.0928499
8080	-40.10815	-36.98837	-3.11978	0.325746	0.365327
8090	-37.61055	-39.21626	1.605711	0.16481	0.119254
8100	-37.82402	-39.93739	2.113368	0.0949711	0.145369
8110	-37.50446	-38.22894	0.7244866	0.150734	0.209231
8120	-37.57548	-39.24396	1.668479	0.194178	0.0844808
8130	-37.59189	-39.07652	1.484629	0.0997155	0.194778
8140	-37.85876	-39.55062	1.691869	0.0717181	0.204926
8150	-37.48488	-38.82055	1.335675	0.136436	0.170886
8160	-37.49092	-38.53146	1.040544	0.216899	0.115844
8170	-39.0601	-39.40065	0.3405493	0.0950966	0.297937
8180	-37.41553	-38.29221	0.8766804	0.196852	0.150004
8190	-37.71694	-39.12173	1.404788	0.0918804	0.20949
8200	-37.85548	-40.0638	2.208322	0.0863136	0.145848
8210	-37.45555	-38.12382	0.6682681	0.165266	0.199541
8220	-37.50691	-38.83509	1.32818	0.119525	0.188444
8230	-37.61781	-37.71596	0.09815202	0.231167	0.182745
8240	-37.83726	-40.07357	2.236308	0.0617538	0.167997
8250	-37.40827	-38.20303	0.7947581	0.181272	0.17264
8260	-39.19565	-42.31438	3.118725	0.0494155	0.104332
8270	-38.63742	-40.82996	2.19254	0.205462	0.0280588
8280	-37.41584	-38.31599	0.9001448	0.167597	0.177239
8290	-37.45377	-38.70271	1.248942	0.184654	0.13014
8300	-37.8931	-37.87862	-0.01447572	0.261528	0.162084
8310	-37.54759	-38.61294	1.06536	0.224124	0.106482
8320	-38.33547	-41.12878	2.79331	0.0339372	0.147839
8330	-38.00926	-37.97093	-0.03833326	0.15898	0.266687
8340	-38.2849	-38.40836	0.1234653	0.133463	0.278269
8350	-38.25745	-40.69851	2.441057	0.164882	0.0472339
8360	-37.82529	-38.89683	1.071538	0.101489	0.228584
8370	-37.51897	-38.50915	0.9901787	0.131994	0.205087
8380	-37.58192	-39.21867	1.636748	0.176091	0.1053
8390	-37.7433	-39.50722	1.763923	0.137074	0.133364
8400	-40.39025	-37.03595	-3.354303	0.312422	0.398851
8410	-41.61361	-42.30506	0.6914533	0.0364643	0.326346
8420	-37.68404	-39.57248	1.888434	0.105638	0.154076
8430	-37.85844	-37.42367	-0.4347637	0.211951	0.247861
8440	-37.88066	-37.48394	-0.3967236	0.202421	0.254115
8450	-38.00593	-39.58581	1.579878	0.230781	0.0555081
8460	-37.46674	-38.0162	0.5494633	0.213563	0.161477
8470	-37.74917	-39.65226	1.903092	0.0719881	0.186463
8480	-37.8714	-39.82237	1.950963	0.153102	0.101226
8490	-39.61845	-36.99236	-2.626081	0.300697	0.347854
8500	-37.47116	-38.73521	1.264052	0.151229	0.162263
8510	-40.59037	-38.96818	-1.622192	0.387018	0.175067
8520	-37.57859	-38.57948	1.000888	0.123869	0.212289
8530	-37.93865	-39.77334	1.834691	0.0627389	0.201604
8540	-37.43198	-38.25889	0.8269081	0.205875	0.145268
8550	-37.43584	-38.1979	0.7620574	0.164388	0.192341
8560	-37.65554	-39.35576	1.700214	0.204142	0.0717825
8570	-37.65572	-37.69705	0.04132223	0.186511	0.232295
8580	-39.3964	-42.57939	3.182992	0.00997676	0.138236
8590	-38.07751	-40.21578	2.138274	0.115023	0.123172
8600	-38.47494	-39.33811	0.8631738	0.276845	0.071175
8610	-40.24248	-41.00444	0.7619641	0.318686	0.0380505
8620	-38.67881	-38.63781	-0.04100137	0.304112	0.121785
8630	-37.44291	-38.27978	0.8368659	0.15704	0.193246
8640	-37.62787	-39.14144	1.513566	0.0946427	0.197358
8650	-44.31436	-39.77989	-4.534467	0.530512	0.282409
8660	-37.43605	-38.00873	0.5726833	0.201878	0.171162
8670	-38.06627	-37.55031	-0.5159596	0.268899	0.197906
8680	-37.73342	-38.74261	1.009191	0.110439	0.225004
8690	-37.84121	-37.97912	0.137913	0.258118	0.152368
8700	-37.75421	-39.72716	1.972953	0.186723	0.0657105
8710	-38.78719	-37.3912	-1.395987	0.306877	0.235726
8720	-38.38975	-37.24888	-1.14087	0.277794	0.242835
8730	-38.41758	-41.06556	2.647977	0.0732007	0.121093
8740	-40.71225	-37.10285	-3.6094	0.311304	0.421941
8750	-47.19604	-37.61507	-9.580964	0.584746	0.662832
8760	-37.78037	-37.42754	-0.3528304	0.229785	0.22297
8770	-38.49045	-39.98266	1.492212	0.249747	0.0440933
8780	-38.94164	-37.0451	-1.89654	0.271595	0.31412
8790	-38.31492	-39.54919	1.234271	0.0734452	0.242612
8800	-37.47798	-38.26676	0.788777	0.151249	0.203178
8810	-37.55355	-38.9054	1.351848	0.214698	0.0912322
8820	-38.59046	-37.29276	-1.297698	0.29278	0.241356
8830	-38.1381	-39.14329	1.005189	0.0904914	0.245296
8840	-37.75209	-38.16226	0.4101714	0.250955	0.136082
8850	-39.13748	-40.99654	1.859057	0.0309091	0.231335
8860	-37.69039	-39.60391	1.913525	0.103205	0.154348
8870	-37.64949	-37.57683	-0.07266133	0.226036	0.202587
8880	-37.97438	-39.98004	2.005655	0.127365	0.122253
8890	-37.46872	-38.20049	0.7317673	0.157154	0.202184
8900	-37.46796	-38.71563	1.247673	0.159704	0.155198
8910	-37.47613	-37.85253	0.3764028	0.206546	0.1834
8920	-37.90699	-39.90745	2.000455	0.118499	0.131566
8930	-37.58682	-38.51939	0.9325687	0.126904	0.215138
8940	-37.59987	-38.75652	1.156652	0.226846	0.0958961
8950	-39.2501	-37.16922	-2.080881	0.25372	0.347873
8960	-38.74931	-38.36731	-0.3820096	0.310452	0.144816
8970	-37.49731	-38.7975	1.300188	0.208588	0.101791
8980	-37.45796	-38.67142	1.213459	0.163129	0.15472
8990	-37.83113	-39.72958	1.898453	0.0663285	0.192522
9000	-37.50587	-37.77796	0.2720957	0.209663	0.189267
9010	-38.64455	-41.40381	2.759259	0.0212262	0.163483
9020	-38.40633	-37.86405	-0.5422821	0.293751	0.175321
9030	-37.89074	-40.09904	2.208305	0.0563091	0.175854
9040	-38.47501	-41.36254	2.887526	0.0290267	0.144635
9050	-37.5832	-39.11194	1.528735	0.160627	0.130068
9060	-38.11914	-37.47269	-0.6464577	0.2703	0.207745
9070	-37.51572	-39.02755	1.511833	0.186481	0.105669
9080	-38.4585	-39.64645	1.187953	0.0711827	0.248864
9090	-38.79625	-40.04808	1.251828	0.0596722	0.254873
9100	-38.23281	-40.02595	1.793136	0.225276	0.0426455
9110	-37.57226	-37.77221	0.1999519	0.226424	0.178719
9120	-37.64468	-39.50758	1.862908	0.101154	0.160758
9130	-37.4108	-38.3499	0.9390982	0.187364	0.154117
9140	-37.49109	-38.87972	1.388628	0.180803	0.121959
9150	-37.41682	-38.08024	0.6634154	0.188174	0.177051
9160	-38.71128	-38.0239	-0.6873858	0.30995	0.171621
9170	-37.6954	-38.49843	0.8030355	0.242776	0.110423
9180	-38.46318	-37.1299	-1.333281	0.251798	0.285403
9190	-38.03966	-38.57814	0.5384869	0.120026	0.255959
9200	-37.7709	-38.0951	0.3242019	0.252647	0.141795
9210	-37.43861	-38.06333	0.6247205	0.205978	0.16258
9220	-37.47766	-38.7577	1.280034	0.155939	0.156177
9230	-40.72852	-38.59511	-2.133407	0.396072	0.210045
9240	-37.51149	-38.88389	1.372404	0.162072	0.142087
9250	-37.94245	-37.3208	-0.6216502	0.228989	0.24692
9260	-38.00282	-37.28648	-0.7163473	0.24273	0.241335
9270	-38.88974	-39.36647	0.4767219	0.300868	0.0804367
9280	-37.70451	-39.30229	1.597779	0.0848156	0.199932
9290	-38.56737	-40.45653	1.88916	0.0410382	0.218613
9300	-38.40745	-37.20366	-1.203793	0.275125	0.250924
9310	-38.04781	-37.94574	-0.1020626	0.161072	0.270084
9320	-37.84164	-37.95568	0.1140481	0.258053	0.154489
9330	-38.16999	-37.22021	-0.9497841	0.238488	0.265683
9340	-38.05341	-37.43061	-0.6227976	0.206045	0.269962
9350	-37.96256	-39.67402	1.711465	0.0660894	0.208866
9360	-37.61774	-39.37824	1.760501	0.179918	0.0908147
9370	-37.94423	-39.81171	1.867477	0.0613884	0.20013
9380	-37.78921	-37.53092	-0.2582905	0.199642	0.24497
9390	-38.61824	-37.60304	-1.015208	0.195906	0.3139
9400	-37.74924	-37.45398	-0.2952547	0.228051	0.219745
9410	-37.9771	-40.42028	2.443188	0.0672589	0.144673
9420	-37.74178	-38.11135	0.3695675	0.250161	0.140373
9430	-40.71757	-44.03821	3.320637	0.0606163	0.0757409
9440	-37.8171	-39.94476	2.12766	0.0629269	0.176182
9450	-37.6639	-39.52546	1.861557	0.181963	0.0800659
9460	-37.5508	-37.77644	0.2256414	0.18631	0.216621
9470	-37.69057	-38.25141	0.5608421	0.140605	0.233454
9480	-37.69526	-37.52335	-0.1719142	0.208348	0.228824
9490	-37.59876	-39.36272	1.763967	0.0958502	0.174584
9500	-37.69432	-39.3889	1.694581	0.141843	0.134567
9510	-37.43721	-38.34415	0.9069426	0.206911	0.137339
9520	-37.77226	-38.54026	0.7680031	0.248802	0.107415
9530	-37.78068	-39.82388	2.043203	0.0988671	0.147516
9540	-38.86317	-38.13881	-0.7243557	0.317219	0.167535
9550	-37.46933	-38.05023	0.5809058	0.168953	0.203378
9560	-38.31096	-37.32097	-0.9899871	0.276991	0.230642
9570	-37.96056	-39.99857	2.038008	0.0555261	0.191305
9580	-38.54947	-37.40339	-1.146082	0.294728	0.22635
9590	-38.21034	-37.93703	-0.2733096	0.282802	0.163104
9600	-37.82218	-39.66743	1.84525	0.137386	0.126047
9610	-37.55782	-39.16017	1.602354	0.198174	0.0861803
9620	-37.54971	-38.26235	0.7126427	0.144923	0.216062
9630	-39.0908	-37.42809	-1.662705	0.221784	0.343791
9640	-37.71073	-37.53235	-0.1783776	0.233056	0.204673
9650	-37.73202	-38.74237	1.010345	0.240925	0.0944184
9660	-37.60158	-38.46851	0.8669306	0.129283	0.218413
9670	-37.97751	-38.4344	0.456894	0.128106	0.254907
9680	-38.85188	-37.57542	-1.276459	0.314019	0.218289
9690	-37.4873	-38.87032	1.38302	0.182275	0.12097
9700	-37.4924	-38.04538	0.5529877	0.165983	0.208753
9710	-37.78308	-38.23059	0.4475111	0.253235	0.130586
9720	-37.56483	-39.01091	1.446079	0.104717	0.193096
9730	-37.89273	-39.86563	1.972899	0.121228	0.131211
9740	-38.55292	-41.15692	2.604004	0.158418	0.0396634
9750	-39.11321	-37.97924	-1.133969	0.17923	0.340804
9760	-40.09171	-43.23024	3.138536	0.0692061	0.0828355
9770	-38.60931	-37.0865	-1.522813	0.264845	0.288681
9780	-37.82977	-39.07064	1.240868	0.0927314	0.222757
9790	-38.1304	-37.6993	-0.4311089	0.276101	0.183395
9800	-39.08338	-37.96457	-1.118806	0.327763	0.190965
9810	-37.99074	-40.13657	2.145827	0.106236	0.131308
9820	-37.62217	-38.82108	1.198913	0.227397	0.0917058
9830	-38.93456	-37.42177	-1.512795	0.218605	0.334059
9840	-43.65752	-42.76932	-0.8881942	0.0690385	0.429827
9850	-39.44592	-38.93991	-0.5060126	0.129093	0.336856
9860	-38.35397	-39.95048	1.596507	0.0570365	0.227821
9870	-37.61326	-38.73995	1.126695	0.113578	0.211744
9880	-37.8548	-39.96756	2.112763	0.17131	0.0690817
9890	-37.89794	-37.51229	-0.3856476	0.198656	0.256925
9900	-37.42728	-38.36152	0.9342403	0.202377	0.139521
9910	-37.58859	-38.87405	1.285456	0.108235	0.203413
9920	-39.11282	-38.43344	-0.6793802	0.327503	0.153378
9930	-38.33726	-38.83025	0.4929953	0.109831	0.270072
9940	-37.78323	-39.62467	1.841446	0.128056	0.135704
9950	-38.25831	-39.18215	0.9238418	0.267716	0.0750783
9960	-37.76986	-39.66112	1.891265	0.117734	0.141736
9970	-37.47317	-38.62473	1.151557	0.133727	0.189454
9980	-39.55027	-39.50295	-0.04731433	0.10208	0.324361
9990	-38.33519	-38.50527	0.1700787	0.128443	0.279273
10000	-37.81094	-38.49702	0.6860786	0.123919	0.239354
10010	-37.87269	-39.98505	2.112364	0.166769	0.0736575
10020	-44.62906	-41.05944	-3.56962	0.167861	0.561958
10030	-39.11982	-37.45464	-1.665181	0.22009	0.345698
10040	-39.35991	-37.03583	-2.324079	0.310735	0.311805
10050	-38.82164	-37.08505	-1.736581	0.288828	0.28311
10060	-40.13359	-43.48563	3.352036	0.046373	0.0872797
10070	-37.57044	-37.65048	0.08003715	0.206636	0.208836
10080	-37.51483	-37.97586	0.4610308	0.169481	0.213175
10090	-39.91485	-38.89965	-1.015195	0.358978	0.150826
10100	-37.42058	-38.35821	0.9376259	0.198564	0.143043
10110	-37.68981	-39.23927	1.549462	0.087793	0.201116
10120	-38.72778	-40.48459	1.756806	0.238915	0.0321355
10130	-37.45374	-38.56819	1.114454	0.142079	0.184298
10140	-37.51128	-38.0881	0.5768278	0.160434	0.212249
10150	-37.91139	-39.09391	1.18252	0.091421	0.229093
10160	-37.40953	-38.20603	0.7965005	0.178624	0.175138
10170	-39.32161	-38.21685	-1.104765	0.338281	0.179238
10180	-38.40125	-40.93154	2.530283	0.160122	0.0443085
10190	-37.65618	-39.4865	1.830311	0.190267	0.0744525
10200	-41.03321	-37.183	-3.850214	0.386138	0.367848
10210	-39.09791	-37.46678	-1.631136	0.218449	0.344407
10220	-37.92379	-37.55614	-0.3676504	0.19355	0.260481
10230	-38.5984	-37.10016	-1.498238	0.274094	0.277315
10240	-37.46821	-38.28335	0.8151334	0.151625	0.200532
10250	-38.57591	-41.43342	2.857511	0.023501	0.152745
10260	-38.31115	-39.30273	0.99158	0.267221	0.0697387
10270	-38.70306	-37.5262	-1.176852	0.3058	0.217928
10280	-37.67451	-37.5197	-0.1548084	0.215532	0.220167
10290	-38.70628	-38.25684	-0.4494463	0.151168	0.309908
10300	-37.81337	-39.86312	2.04975	0.0640386	0.181781
10310	-38.50754	-38.13532	-0.3722258	0.154855	0.299571
10320	-38.8184	-40.84795	2.029552	0.0314611	0.216098
10330	-39.01233	-40.51555	1.503224	0.0451835	0.247708
10340	-37.6248	-37.7197	0.09489339	0.232375	0.181817
10350	-39.47637	-38.69251	-0.7838529	0.341834	0.148045
10360	-37.50723	-38.92167	1.414437	0.119607	0.180933
10370	-37.62533	-39.28237	1.657043	0.0903474	0.189296
10380	-39.51795	-39.29503	-0.2229185	0.111893	0.329672
10390	-37.93785	-37.50202	-0.4358211	0.257247	0.202656
10400	-38.01562	-38.05862	0.04300271	0.152821	0.265841
10410	-37.96424	-39.44878	1.484539	0.0751507	0.219351
10420	-37.88198	-39.64943	1.767443	0.214396	0.0557383
10430	-42.48585	-39.96609	-2.519768	0.160829	0.478565
10440	-38.37186	-39.43438	1.062518	0.0795503	0.2513
10450	-37.57856	-37.89598	0.3174193	0.231278	0.163747
10460	-37.58024	-39.09799	1.517753	0.158713	0.132928
10470	-37.76877	-37.45599	-0.3127769	0.233772	0.215533
10480	-38.64698	-41.5167	2.869723	0.0214042	0.15379
10490	-37.69555	-39.07753	1.381979	0.22561	0.077725
10500	-37.62134	-39.22808	1.606731	0.161352	0.122625
10510	-37.40725	-38.22362	0.816373	0.182419	0.169632
10520	-38.58646	-41.13622	2.54976	0.137725	0.0650282
10530	-39.28169	-42.49482	3.213128	0.0122345	0.133382
10540	-38.29145	-40.5251	2.233649	0.193165	0.036815
10550	-37.60531	-38.5738	0.9684892	0.122971	0.215978
10560	-37.69841	-39.39723	1.698822	0.151616	0.124429
10570	-38.71066	-37.91963	-0.7910269	0.309824	0.180673
10580	-38.09601	-39.86765	1.771635	0.0586094	0.211164
10590	-37.66105	-37.60098	-0.06007383	0.198359	0.229181
10600	-37.44632	-38.01605	0.5697231	0.207132	0.166163
10610	-37.50165	-38.90735	1.405695	0.13149	0.169802
10620	-38.17424	-39.82357	1.64933	0.060506	0.219802
10630	-39.89782	-41.16773	1.269904	0.0386202	0.274368
10640	-38.08269	-39.33259	1.249902	0.0808328	0.233878
10650	-38.53299	-37.11586	-1.417132	0.271794	0.27263
10660	-37.69652	-37.86543	0.1689084	0.244523	0.163294
10670	-38.55479	-38.36816	-0.1866299	0.140952	0.297488
10680	-37.45931	-38.6985	1.239186	0.174832	0.140801
10690	-38.46533	-38.81673	0.3513914	0.289693	0.102407
10700	-39.4374	-41.10338	1.665981	0.0321919	0.246682
10710	-37.69902	-39.08743	1.38841	0.225549	0.0772316
10720	-39.41137	-41.30909	1.897717	0.0255869	0.233327
10730	-38.22423	-40.65412	2.42989	0.0365264	0.176551
10740	-37.57075	-39.01018	1.439426	0.212284	0.0861024
10750	-37.55591	-39.1189	1.562984	0.201762	0.085983
10760	-40.36137	-37.34201	-3.019365	0.371959	0.310465
10770	-38.23675	-37.28768	-0.9490666	0.223267	0.280842
10780	-37.5835	-37.71682	0.1333155	0.22542	0.185463
10790	-37.56844	-37.70934	0.1409008	0.221712	0.188517
10800	-37.96471	-40.41745	2.452735	0.0543054	0.156805
10810	-38.31889	-37.1949	-1.123994	0.266643	0.252532
10820	-37.62819	-37.72474	0.09654384	0.185177	0.228873
10830	-38.74323	-37.3851	-1.35813	0.217952	0.32139
10840	-37.59632	-39.35825	1.761924	0.0971816	0.173428
10850	-37.67043	-38.01854	0.348114	0.243348	0.149034
10860	-39.8838	-41.33621	1.452411	0.275303	0.0219656
10870	-38.1234	-37.74503	-0.3783754	0.176955	0.278
10880	-40.96983	-37.39829	-3.571546	0.395892	0.334093
10890	-37.45099	-37.91185	0.4608553	0.193564	0.189107
10900	-38.31525	-37.17005	-1.145205	0.245417	0.275586
10910	-37.67994	-39.524	1.844066	0.0799628	0.183572
10920	-39.99875	-37.06302	-2.935736	0.292179	0.383043
10930	-37.62915	-39.49043	1.861279	0.093747	0.168305
10940	-38.15378	-40.28753	2.133756	0.132746	0.105838
10950	-40.16825	-38.54816	-1.620084	0.171656	0.390248
10960	-37.92674	-40.05465	2.127911	0.18566	0.0534275
10970	-38.73052	-37.1616	-1.568916	0.292415	0.265082
10980	-37.77918	-39.42331	1.644131	0.0779905	0.202765
10990	-39.98773	-37.85701	-2.130724	0.366649	0.239236
11000	-37.53102	-38.53745	1.006431	0.129353	0.206328
11010	-38.91469	-37.4431	-1.471591	0.314517	0.234597
11020	-37.89637	-40.19373	2.297366	0.0790451	0.145447
11030	-39.0646	-37.63894	-1.425658	0.203116	0.342042
11040	-37.94	-37.31812	-0.6218822	0.238174	0.237754
11050	-37.75094	-39.33083	1.579885	0.0822543	0.204035
11060	-38.00651	-38.58631	0.5798004	0.119252	0.253175
11070	-37.85791	-38.40505	0.5471357	0.129455	0.245785
11080	-39.10193	-37.90718	-1.194743	0.328504	0.196765
11090	-37.9676	-38.52786	0.560262	0.263767	0.110343
11100	-37.43788	-38.07465	0.6367721	0.174087	0.193433
11110	-37.65953	-37.53587	-0.1236541	0.214298	0.218718
11120	-37.7719	-39.85259	2.080699	0.067678	0.175476
11130	-37.92511	-38.53468	0.6095674	0.121765	0.248098
11140	-38.08131	-40.58299	2.501674	0.0699737	0.136921
11150	-38.88975	-37.04626	-1.843494	0.283772	0.297374
11160	-38.18199	-38.89225	0.7102528	0.27086	0.090331
11170	-37.65433	-39.27675	1.622413	0.209633	0.0729932
11180	-39.82222	-37.00705	-2.815175	0.299585	0.365252
11190	-37.42593	-38.02193	0.5960007	0.188877	0.182155
11200	-37.40878	-38.17596	0.767176	0.187828	0.16846
11210	-37.52976	-37.71675	0.1869894	0.203829	0.202431
11220	-38.96897	-38.80755	-0.1614146	0.316507	0.119761
11230	-37.66262	-39.5649	1.902283	0.099228	0.159293
11240	-37.53563	-39.08548	1.549845	0.198146	0.0907308
11250	-38.3345	-37.39839	-0.9361112	0.281979	0.221015
11260	-38.5751	-38.16488	-0.4102178	0.302732	0.154966
11270	-37.80216	-39.75359	1.951431	0.162417	0.0918703
11280	-39.59755	-37.1073	-2.490255	0.329728	0.307125
11290	-37.88813	-37.85181	-0.03631572	0.26093	0.164563
11300	-37.65247	-37.70094	0.04846682	0.186272	0.231919
11310	-37.61043	-38.04491	0.4344727	0.157488	0.227456
11320	-39.07234	-37.11425	-1.958087	0.306634	0.284382
11330	-39.31598	-42.09723	2.781247	0.0925995	0.0902156
11340	-37.56163	-37.76053	0.1988958	0.186971	0.218263
11350	-37.62248	-37.92558	0.3030974	0.237351	0.158908
11360	-39.64422	-37.10696	-2.537262	0.331602	0.309299
11370	-37.78926	-37.71989	-0.06936466	0.250805	0.177534
11380	-39.08322	-41.7811	2.697889	0.121281	0.0687138
11390	-37.61591	-39.01204	1.396127	0.100516	0.2016
11400	-38.00588	-37.29718	-0.7086923	0.246724	0.236681
11410	-38.0852	-39.18632	1.101121	0.255325	0.0722004
11420	-38.55869	-37.203	-1.355689	0.285422	0.25371
11430	-39.49638	-37.47034	-2.026039	0.22878	0.368089
11440	-38.23515	-37.1916	-1.04355	0.255663	0.256584
11450	-37.72919	-37.46535	-0.2638438	0.222155	0.222936
11460	-37.87257	-39.8158	1.943228	0.123628	0.131366
11470	-37.91973	-39.8711	1.951368	0.144488	0.109805
11480	-38.43162	-41.30057	2.868947	0.0455999	0.129662
11490	-38.06577	-40.64119	2.575418	0.0552236	0.14532
11500	-37.68725	-39.40607	1.718813	0.205694	0.0686287
11510	-42.15922	-37.11756	-5.041657	0.401792	0.454814
11520	-38.66904	-37.28628	-1.382755	0.227007	0.314456
11530	-37.43438	-38.57133	1.136947	0.180322	0.144117
11540	-37.98297	-37.66036	-0.322618	0.265376	0.184776
11550	-37.88507	-37.35712	-0.5279542	0.22494	0.242899
11560	-39.20956	-40.57703	1.367462	0.0464758	0.258109
11570	-37.72559	-39.44133	1.715747	0.208929	0.065658
11580	-37.51345	-37.75142	0.2379788	0.200208	0.20166
11590	-38.3671	-37.30117	-1.065925	0.221581	0.292593
11600	-38.1505	-38.65772	0.5072179	0.273731	0.104947
11610	-37.56105	-39.14943	1.588382	0.177167	0.10839
11620	-37.51611	-38.00394	0.4878287	0.166878	0.21347
11630	-38.07085	-37.25079	-0.8200571	0.244351	0.248646
11640	-37.9756	-40.31932	2.34372	0.0810383	0.139461
11650	-38.84021	-41.70667	2.866458	0.0660159	0.10946
11660	-39.10229	-38.94632	-0.1559718	0.11997	0.315829
11670	-37.87327	-39.07823	1.204963	0.0922038	0.226377
11680	-38.82092	-37.05857	-1.762345	0.267899	0.306258
11690	-37.55376	-37.692	0.1382453	0.21533	0.195128
11700	-37.83106	-38.30873	0.4776725	0.256467	0.124757
11710	-37.47041	-37.89128	0.42087	0.208441	0.177674
11720	-38.26931	-40.9363	2.666999	0.0627269	0.129928
11730	-40.62626	-37.8445	-2.781766	0.232322	0.429638
11740	-37.78356	-37.50493	-0.2786264	0.203466	0.242897
11750	-39.12306	-37.06462	-2.058443	0.267733	0.331927
11760	-38.70138	-41.58103	2.879647	0.0593453	0.114995
11770	-37.84763	-39.74883	1.901196	0.151078	0.107536
11780	-40.80187	-39.58261	-1.219263	0.132213	0.395168
11790	-37.43776	-38.28469	0.8469338	0.207805	0.141614
11800	-37.58193	-39.09734	1.515409	0.153236	0.138606
11810	-37.78475	-38.01701	0.2322583	0.155712	0.246649
11820	-37.59589	-39.25091	1.655017	0.174192	0.105625
11830	-38.36101	-38.07808	-0.2829354	0.291498	0.155237
11840	-37.54819	-38.55251	1.004321	0.127207	0.208655
11850	-37.47247	-37.97395	0.5014853	0.175712	0.20346
11860	-39.9948	-38.74141	-1.253386	0.155297	0.375023
11870	-37.50723	-37.84595	0.3387163	0.216809	0.176382
11880	-37.72357	-39.76374	2.040173	0.0741322	0.172512
11890	-39.14503	-42.06099	2.915965	0.070328	0.100884
11900	-37.82069	-37.39436	-0.4263285	0.231031	0.228054
11910	-37.46042	-38.55664	1.096219	0.139592	0.188356
11920	-37.40805	-38.31011	0.9020594	0.181479	0.163192
11930	-38.16077	-37.67834	-0.482435	0.182717	0.281201
11940	-37.61132	-37.96485	0.3535246	0.236522	0.155394
11950	-38.66201	-38.64657	-0.01543815	0.126574	0.297121
11960	-37.69783	-39.33593	1.638104	0.0838675	0.197407
11970	-38.63187	-41.25621	2.624336	0.160386	0.0359437
11980	-38.90884	-37.13244	-1.776402	0.299819	0.275549
11990	-38.15304	-40.54046	2.387417	0.0398922	0.176844
12000	-37.76398	-39.47393	1.709949	0.076562	0.198525
12010	-37.48124	-38.68928	1.208041	0.129707	0.18861
12020	-38.59034	-37.16197	-1.42837	0.242989	0.302402
12030	-40.06918	-43.07107	3.001894	0.0875508	0.0762599
12040	-39.71824	-39.17011	-0.548131	0.346504	0.123072
12050	-37.7368	-37.859	0.1222046	0.1686	0.24324
12060	-37.65825	-39.02365	1.365393	0.098048	0.206715
12070	-37.64204	-38.36015	0.7181096	0.239497	0.121017
12080	-38.51762	-37.82799	-0.6896289	0.299578	0.182185
12090	-37.7472	-37.71549	-0.03171312	0.180995	0.244102
12100	-37.4561	-37.9671	0.511	0.18042	0.197933
12110	-38.15601	-37.65035	-0.505653	0.277027	0.188891
12120	-38.59388	-39.07797	0.4840922	0.10134	0.279331
12130	-39.04091	-37.02732	-2.013589	0.288893	0.306904
12140	-38.2485	-39.34603	1.097525	0.0819633	0.245872
12150	-40.28107	-39.08996	-1.191113	0.14369	0.381267
12160	-37.66184	-37.74561	0.08377278	0.238197	0.176953
12170	-37.54884	-39.05037	1.501531	0.170845	0.122193
12180	-38.36069	-39.34646	0.9857747	0.269029	0.0684307
12190	-38.30728	-37.70585	-0.6014253	0.182215	0.291951
12200	-37.55579	-38.81762	1.261837	0.218807	0.094876
12210	-37.4919	-38.73801	1.246111	0.125573	0.189464
12220	-38.67383	-38.44013	-0.2336983	0.139069	0.303424
12230	-38.86052	-39.92467	1.06415	0.0661422	0.264567
12240	-37.49664	-38.72211	1.225465	0.124948	0.191867
12250	-37.44436	-38.13895	0.694589	0.209632	0.152908
12260	-37.9614	-39.05851	1.097112	0.250399	0.0774714
12270	-38.1143	-37.23767	-0.8766328	0.237703	0.260167
12280	-38.53389	-41.29431	2.760416	0.024174	0.160435
12290	-39.31162	-39.07458	-0.2370351	0.329029	0.113752
12300	-38.25007	-40.46241	2.212348	0.133769	0.0980461
12310	-37.55855	-38.71391	1.155356	0.11793	0.204923
12320	-37.71006	-39.54442	1.834354	0.0769851	0.187386
12330	-37.69176	-39.08444	1.392681	0.0942155	0.208197
12340	-38.0989	-39.79041	1.691511	0.0614885	0.215186
12350	-39.6152	-42.95273	3.337524	0.0360645	0.0988382
12360	-37.6358	-39.36495	1.729153	0.199308	0.0741246
12370	-38.07897	-40.21533	2.136362	0.145507	0.0928523
12380	-37.57861	-37.97004	0.391429	0.164981	0.22367
12390	-38.67838	-38.00448	-0.6739003	0.167194	0.313215
12400	-37.89581	-38.39877	0.5029627	0.129898	0.249147
12410	-37.68021	-37.93346	0.2532478	0.163861	0.236692
12420	-38.41106	-38.56363	0.1525699	0.290637	0.118588
12430	-37.84466	-37.55305	-0.2916133	0.19521	0.252272
12440	-37.41184	-38.37543	0.9635906	0.184607	0.154763
12450	-38.55321	-38.79959	0.2463803	0.115586	0.285558
12460	-37.57379	-39.16328	1.589482	0.173467	0.111995
12470	-37.46425	-38.70032	1.236071	0.155931	0.159971
12480	-38.48264	-37.11574	-1.3669	0.257491	0.282606
12490	-37.40852	-38.2158	0.8072864	0.189989	0.162845
12500	-38.8021	-38.25441	-0.5476851	0.15349	0.316048
12510	-37.58594	-38.5085	0.9225536	0.127582	0.215324
12520	-37.85508	-39.90593	2.05085	0.163204	0.0825208
12530	-39.06698	-37.65276	-1.414221	0.325203	0.21897
12540	-37.46679	-38.77303	1.30624	0.183822	0.126036
12550	-38.16484	-40.61466	2.449817	0.0821281	0.129233
12560	-38.50087	-39.44744	0.9465617	0.0810697	0.259768
12570	-37.58642	-39.27966	1.693242	0.193711	0.0828148
12580	-37.8137	-39.13656	1.322857	0.089704	0.218723
12590	-38.57352	-41.09668	2.523165	0.0947239	0.11032
12600	-38.7113	-41.01805	2.306753	0.0263537	0.19733
12610	-38.18356	-39.75833	1.574769	0.236993	0.0497371
12620	-38.06974	-39.51509	1.44535	0.0725718	0.225305
12630	-38.99135	-38.7521	-0.2392467	0.318382	0.12459
12640	-38.88579	-41.25841	2.372616	0.021818	0.196193
12650	-37.61002	-39.23991	1.629887	0.204532	0.0774504
12660	-37.80381	-37.48423	-0.3195799	0.242447	0.207444
12670	-37.54007	-37.82281	0.282739	0.182072	0.215941
12680	-37.5246	-39.01104	1.486442	0.113653	0.180685
12690	-38.47862	-41.02575	2.547122	0.164141	0.0388394
12700	-38.9463	-38.63052	-0.3157798	0.317682	0.131882
12710	-38.07929	-40.20817	2.128874	0.144745	0.0942594
12720	-37.87415	-40.20988	2.335732	0.0619161	0.159271
12730	-38.3516	-39.619	1.267401	0.257346	0.0558578
12740	-38.52206	-41.33776	2.815694	0.0248721	0.154976
12750	-38.08417	-37.24357	-0.8406094	0.243289	0.251478
12760	-38.19601	-38.24162	0.04560961	0.142584	0.275853
12770	-37.60837	-39.29217	1.6838	0.120775	0.156564
12780	-37.81559	-38.06119	0.2456045	0.152302	0.24891
12790	-38.29698	-40.66292	2.365943	0.0996646	0.118921
12800	-37.4628	-37.87122	0.4084209	0.197049	0.190139
12810	-40.28425	-42.2414	1.957146	0.0141632	0.239632
12820	-37.58996	-39.12475	1.534781	0.147523	0.142651
12830	-37.44673	-38.39179	0.9450575	0.20926	0.131707
12840	-37.69447	-38.42356	0.7290883	0.12951	0.230058
12850	-37.6671	-39.18179	1.514682	0.0909955	0.200909
12860	-37.47355	-38.69204	1.218482	0.207308	0.110109
12870	-37.5058	-38.86772	1.361919	0.151362	0.153701
12880	-37.87812	-39.41898	1.540867	0.0767231	0.212927
12890	-38.04063	-40.55276	2.512134	0.0642932	0.141701
12900	-38.02814	-40.41518	2.387038	0.080088	0.136681
12910	-38.51811	-40.68096	2.162847	0.0340065	0.202072
12920	-39.28333	-38.46606	-0.8172754	0.335132	0.157626
12930	-38.26769	-38.10061	-0.1670793	0.286167	0.150589
12940	-37.93066	-40.34629	2.415629	0.0633085	0.150997
12950	-39.4602	-38.32678	-1.133424	0.16553	0.354457
12960	-38.7075	-37.57248	-1.135026	0.200271	0.319855
12970	-37.82271	-39.04066	1.217952	0.239552	0.0779105
12980	-38.12959	-40.43678	2.307183	0.153844	0.0698021
12990	-40.061	-37.13522	-2.925782	0.282491	0.391873
13000	-38.21316	-37.97229	-0.2408699	0.28304	0.160071
13010	-37.59662	-38.7136	1.116984	0.1157	0.210458
13020	-38.93165	-41.03049	2.098832	0.027493	0.214099
13030	-39.58542	-37.68551	-1.899916	0.348461	0.237545
13040	-37.71872	-38.7032	0.9844849	0.240709	0.0968625
13050	-37.55087	-39.07723	1.526356	0.203904	0.086996
13060	-38.26956	-38.19942	-0.0701474	0.14641	0.281997
13070	-37.4216	-38.14331	0.7217109	0.20032	0.159884
13080	-38.3138	-39.17226	0.85846	0.271724	0.0767015
13090	-38.15069	-38.33109	0.1803942	0.277976	0.128852
13100	-39.68376	-37.45317	-2.230599	0.235707	0.378781
13110	-38.00317	-39.79646	1.793288	0.217797	0.0501118
13120	-38.23359	-40.54172	2.308124	0.145116	0.0784497
13130	-37.75196	-39.65041	1.898448	0.19591	0.0629406
13140	-38.70223	-41.37755	2.67532	0.141653	0.0502855
13150	-37.42421	-38.44054	1.016329	0.197129	0.137699
13160	-37.43811	-38.51154	1.073434	0.151477	0.178433
13170	-39.97252	-37.01725	-2.955271	0.301551	0.375353
13180	-37.53388	-38.98785	1.453973	0.169558	0.127576
13190	-38.38069	-40.80593	2.425236	0.0970254	0.116453
13200	-37.52857	-39.05515	1.526578	0.118091	0.172789
13210	-37.66186	-38.74745	1.085594	0.234012	0.0948508
13220	-38.79507	-37.61708	-1.177996	0.198482	0.325344
13230	-38.57916	-37.4291	-1.150068	0.297101	0.22432
13240	-38.75104	-37.9976	-0.7534394	0.311927	0.175333
13250	-37.71701	-39.46573	1.748722	0.205896	0.0658514
13260	-38.693	-38.25042	-0.4425789	0.308371	0.152114
13270	-38.54156	-37.82708	-0.7144838	0.300835	0.183069
13280	-38.07271	-37.72221	-0.350495	0.272622	0.179931
13290	-37.73956	-39.52542	1.785863	0.130533	0.138015
13300	-38.18261	-39.81872	1.636104	0.23348	0.047967
13310	-37.57231	-37.96056	0.3882496	0.231542	0.157383
13320	-37.70313	-39.59634	1.893205	0.108088	0.151215
13330	-37.79147	-38.56435	0.7728855	0.120009	0.235787
13340	-37.63935	-37.56996	-0.06938751	0.221937	0.206405
13350	-37.42928	-38.53719	1.107911	0.180894	0.146046
13360	-37.73278	-38.73556	1.00278	0.241172	0.0948232
13370	-37.71107	-39.69987	1.988804	0.0960469	0.155022
13380	-37.46827	-37.86841	0.4001355	0.192059	0.195843
13390	-38.22014	-37.23228	-0.9878624	0.262494	0.244956
13400	-37.52841	-37.77668	0.248269	0.189787	0.211195
13410	-38.20053	-37.74377	-0.4567593	0.177833	0.283873
13420	-38.08098	-38.99706	0.9160862	0.0973276	0.246135
13430	-39.544	-37.19528	-2.348722	0.25841	0.366252
13440	-37.60814	-38.33751	0.7293627	0.137176	0.222369
13450	-38.98411	-38.31668	-0.6674267	0.322228	0.157623
13460	-37.78764	-39.21403	1.426393	0.0864611	0.213048
13470	-37.6	-39.37767	1.777669	0.099161	0.170093
13480	-38.18891	-40.42025	2.231332	0.110595	0.119584
13490	-37.77816	-39.58201	1.803853	0.206119	0.0608791
13500	-37.91342	-37.97948	0.0660575	0.263546	0.153129
13510	-37.86341	-39.6085	1.745091	0.214985	0.0570749
13520	-37.56628	-39.12532	1.559042	0.203927	0.0841568
13530	-37.46569	-38.78038	1.314691	0.187266	0.121865
13540	-37.90656	-37.42774	-0.4788146	0.250108	0.213497
13550	-38.56261	-41.40633	2.843712	0.0574434	0.119992
13560	-39.76098	-39.68013	-0.08084458	0.3385	0.0908285
13570	-37.83048	-37.77343	-0.05704395	0.174387	0.252891
13580	-37.67207	-39.46769	1.795616	0.17042	0.0972876
13590	-37.45388	-38.64923	1.195359	0.152161	0.167248
13600	-37.53694	-38.8087	1.271756	0.216153	0.0966754
13610	-38.51793	-39.10257	0.5846343	0.286425	0.0855851
13620	-38.54831	-37.25655	-1.291759	0.228824	0.304801
13630	-39.11632	-37.15614	-1.96018	0.312228	0.278968
13640	-38.06578	-37.93455	-0.1312347	0.273824	0.159844
13650	-38.74326	-38.77018	0.02692156	0.121297	0.298749
13660	-37.65062	-39.31427	1.663647	0.134784	0.144291
13670	-38.70473	-41.60864	2.903907	0.0566769	0.115573
13680	-38.65226	-41.23045	2.578188	0.135771	0.0645339
13690	-37.5295	-38.49534	0.9658365	0.224118	0.11506
13700	-38.30032	-39.21857	0.9182552	0.269354	0.0739212
13710	-37.68347	-39.0242	1.340734	0.0971907	0.209697
13720	-37.84707	-37.56999	-0.2770809	0.251772	0.194458
13730	-37.53266	-37.71547	0.1828081	0.201784	0.204836
13740	-37.97819	-40.02215	2.043958	0.0545407	0.191777
13750	-38.14071	-37.23104	-0.9096717	0.237305	0.263411
13760	-37.70731	-39.73844	2.031135	0.0879939	0.159429
13770	-38.46623	-38.9496	0.4833692	0.105658	0.275075
13780	-38.34519	-40.66803	2.322841	0.10889	0.113408
13790	-39.01464	-41.78976	2.775125	0.130548	0.0527943
13800	-37.83439	-39.43009	1.595693	0.222654	0.062274
13810	-37.41392	-38.38381	0.9698887	0.189562	0.149267
13820	-37.41963	-38.07878	0.6591498	0.195392	0.170201
13830	-37.83249	-37.6572	-0.1752906	0.253208	0.184255
13840	-38.88665	-41.00686	2.120213	0.0277087	0.212042
13850	-37.69805	-39.44466	1.746605	0.12944	0.142489
13860	-37.61044	-39.27022	1.659782	0.125243	0.154164
13870	-37.605	-38.05128	0.4462824	0.15723	0.226697
13880	-39.08626	-41.81328	2.727021	0.0907666	0.096719
13890	-37.49147	-38.80993	1.31846	0.15803	0.150776
13900	-37.7469	-39.26573	1.518829	0.0849845	0.206563
13910	-38.07615	-39.64176	1.565609	0.0672874	0.220231
13920	-37.46243	-37.89036	0.4279219	0.190192	0.195316
13930	-37.614	-38.84644	1.232441	0.225545	0.0906699
13940	-38.16688	-39.02555	0.8586668	0.266323	0.0820851
13950	-40.8315	-39.9382	-0.8933008	0.382497	0.116809
13960	-37.68331	-39.67881	1.9955	0.0837371	0.166755
13970	-37.52533	-39.02753	1.502198	0.123679	0.169301
13980	-37.44966	-38.28188	0.8322233	0.15526	0.195425
13990	-40.74805	-37.66312	-3.084928	0.250566	0.437506
14000	-38.24881	-37.19426	-1.054548	0.258679	0.254515
14010	-40.02956	-38.20439	-1.825163	0.368929	0.210639
14020	-38.63337	-41.62283	2.989467	0.0416705	0.12321
14030	-38.3174	-38.59298	0.2755727	0.284886	0.113744
14040	-38.9304	-37.03596	-1.894444	0.280952	0.304582
14050	-37.41975	-38.15774	0.7379907	0.199554	0.159248
14060	-38.77235	-37.28996	-1.482392	0.228461	0.321583
14070	-40.69067	-41.82823	1.137558	0.0324902	0.291897
14080	-37.62011	-37.83864	0.2185274	0.174216	0.229328
14090	-39.08768	-37.17764	-1.910042	0.248679	0.3382
14100	-37.85232	-37.4305	-0.4218194	0.211149	0.247548
14110	-38.5848	-41.26157	2.676769	0.0773614	0.114452
14120	-37.72926	-39.36133	1.632065	0.0817274	0.200067
14130	-38.11384	-40.65926	2.545421	0.0669133	0.136214
14140	-39.07672	-37.02173	-2.054982	0.288732	0.31063
14150	-37.42467	-38.48453	1.059866	0.170504	0.160575
14160	-37.48703	-38.09477	0.6077387	0.219521	0.1505
14170	-37.48191	-38.79929	1.317373	0.173471	0.135428
14180	-38.00603	-37.5061	-0.4999258	0.198049	0.267375
14190	-38.50626	-37.33989	-1.16637	0.290033	0.232793
14200	-37.81267	-39.66795	1.855281	0.131083	0.131486
14210	-39.31402	-37.76237	-1.551656	0.200037	0.355973
14220	-37.40887	-38.20946	0.8005933	0.179423	0.173987
14230	-37.47504	-37.90753	0.4324918	0.211367	0.173747
14240	-42.72068	-41.73113	-0.9895446	0.423884	0.0837117
14250	-38.0066	-39.92149	1.914887	0.0571277	0.200307
14260	-38.06598	-39.86243	1.796455	0.219864	0.0477717
14270	-38.67943	-39.11926	0.4398316	0.100948	0.283535
14280	-38.10089	-40.22312	2.122229	0.120621	0.118956
14290	-38.02528	-40.1835	2.158216	0.189121	0.0473565
14300	-42.0145	-38.19828	-3.816221	0.250265	0.500793
14310	-39.18472	-40.86311	1.678391	0.0358769	0.241928
14320	-37.87873	-39.85665	1.977918	0.118629	0.133378
14330	-37.67149	-39.62016	1.948676	0.0933244	0.1612
14340	-38.46634	-41.06426	2.597921	0.0810688	0.117536
14350	-37.80873	-39.97617	2.167442	0.0859197	0.149763
14360	-37.71482	-37.78345	0.06863261	0.244973	0.171481
14370	-38.62392	-37.31414	-1.309782	0.223127	0.312051
14380	-37.85916	-40.15008	2.290914	0.0607361	0.164312
14390	-41.45647	-37.22625	-4.230222	0.402373	0.384344
14400	-40.08232	-39.85524	-0.2270764	0.349956	0.0919673
14410	-37.4141	-38.39367	0.9795765	0.18821	0.149784
14420	-39.43061	-37.16691	-2.263701	0.258812	0.358527
14430	-38.86096	-38.2262	-0.6347569	0.316792	0.160246
14440	-38.23098	-40.23569	2.004713	0.046272	0.203426
14450	-37.68625	-39.2697	1.583447	0.0867792	0.199203
14460	-38.06957	-38.53577	0.4661961	0.122825	0.259386
14470	-38.27285	-39.3637	1.090847	0.262318	0.0660925
14480	-37.65063	-38.66761	1.016975	0.234969	0.0998034
14490	-37.55984	-39.03881	1.478973	0.149336	0.145645
14500	-37.76249	-38.904	1.141512	0.101576	0.22247
14510	-38.42122	-40.9616	2.54038	0.159984	0.0435773
14520	-38.36977	-37.65197	-0.7178008	0.187491	0.296699
14530	-37.56595	-39.03234	1.466393	0.210168	0.0858963
14540	-39.88898	-37.10023	-2.788749	0.340567	0.321995
14550	-37.99899	-37.8595	-0.1394985	0.26899	0.16539
14560	-37.76251	-37.58713	-0.1753808	0.243828	0.193643
14570	-39.11675	-37.01664	-2.100104	0.285613	0.317635
14580	-37.46391	-38.69782	1.23391	0.160526	0.155562
14590	-39.01854	-37.19585	-1.822689	0.310107	0.269248
14600	-37.72832	-39.79135	2.063031	0.0740711	0.170604
14610	-37.97148	-40.43993	2.468447	0.0602592	0.149498
14620	-37.67525	-39.54584	1.870589	0.178176	0.083074
14630	-37.48459	-38.74225	1.257655	0.208041	0.106002
14640	-37.55426	-39.13722	1.582958	0.121567	0.164458
14650	-38.86128	-41.79013	2.928848	0.0165763	0.153526
14660	-37.64167	-37.83106	0.1893974	0.173882	0.232171
14670	-38.04133	-39.01717	0.975849	0.257759	0.0805557
14680	-37.78788	-39.7691	1.98122	0.16683	0.0848917
14690	-38.50329	-40.31999	1.816699	0.0449972	0.220895
14700	-37.81236	-39.69596	1.883595	0.0679174	0.192213
14710	-38.13401	-39.14043	1.006426	0.26047	0.0752113
14720	-37.53752	-37.73668	0.1991602	0.19454	0.210671
14730	-37.48138	-38.60808	1.126703	0.212743	0.112579
14740	-38.40717	-37.85544	-0.5517304	0.293759	0.176127
14750	-37.56088	-37.96926	0.4083786	0.166156	0.221036
14760	-38.69512	-37.32937	-1.365743	0.222717	0.31728
14770	-38.09045	-38.9811	0.8906512	0.0982549	0.247398
14780	-37.95954	-39.76533	1.805795	0.215236	0.0515951
14790	-37.55836	-39.19351	1.635148	0.105729	0.1758
14800	-38.13996	-40.36989	2.229925	0.187562	0.0427392
14810	-39.66103	-38.86681	-0.7942199	0.138918	0.351854
14820	-39.61768	-38.33106	-1.286618	0.169543	0.363639
14830	-37.90044	-38.58267	0.6822304	0.11885	0.244755
14840	-39.94595	-41.08828	1.142333	0.294686	0.02929
14850	-37.43882	-38.16975	0.7309343	0.165602	0.193808
14860	-37.56019	-38.97718	1.416982	0.212234	0.0880858
14870	-37.8287	-37.65253	-0.1761728	0.252744	0.184795
14880	-37.43628	-38.04468	0.6083975	0.204222	0.165742
14890	-37.54061	-38.77183	1.231226	0.218188	0.0981316
14900	-39.3833	-38.73977	-0.6435333	0.138735	0.339059
14910	-37.41107	-38.31188	0.9008133	0.191595	0.153183
14920	-38.82527	-37.97491	-0.8503685	0.172526	0.323082
14930	-37.52757	-37.75325	0.2256738	0.214898	0.18803
14940	-37.6175	-37.58387	-0.0336211	0.214924	0.210337
14950	-37.54595	-38.73154	1.185593	0.220429	0.099821
14960	-37.67255	-37.54011	-0.1324383	0.225989	0.207783
14970	-37.41702	-38.09904	0.6820162	0.194514	0.169109
14980	-38.19077	-37.44626	-0.7445165	0.204231	0.28226
14990	-39.84556	-39.28466	-0.5608937	0.121144	0.349531
15000	-38.01061	-40.05466	2.044052	0.124437	0.121874
15010	-37.65244	-38.56018	0.9077409	0.12222	0.221961
15020	-42.17818	-41.70097	-0.4772088	0.39883	0.064638
15030	-38.73716	-39.86106	1.123893	0.0665443	0.25902
15040	-39.58925	-36.99004	-2.599206	0.303942	0.342294
15050	-37.5517	-38.08166	0.5299567	0.15773	0.21899
15060	-38.01179	-39.81398	1.802188	0.0607239	0.206418
15070	-39.35827	-42.50968	3.151412	0.0101309	0.140802
15080	-37.88159	-39.56488	1.683291	0.0708867	0.206496
15090	-37.48393	-38.78607	1.302138	0.165823	0.144388
15100	-38.17822	-37.36691	-0.8113162	0.213051	0.279193
15110	-37.66228	-39.52742	1.865144	0.104924	0.156795
15120	-40.21088	-38.33429	-1.876586	0.186134	0.397862
15130	-38.80541	-37.67018	-1.13523	0.194465	0.325678
15140	-37.50201	-37.79898	0.296969	0.192559	0.204229
15150	-38.25149	-37.67466	-0.576827	0.183998	0.28805
15160	-40.67275	-37.2502	-3.422546	0.288587	0.428564
15170	-37.80653	-39.69856	1.892029	0.156879	0.102525
15180	-37.45186	-38.66913	1.217272	0.199103	0.118418
15190	-37.71401	-37.75562	0.04161095	0.178163	0.240618
15200	-37.84359	-37.8845	0.04091515	0.25775	0.161092
15210	-38.13277	-40.47248	2.339704	0.172497	0.0483486
15220	-37.89687	-39.87578	1.978906	0.120755	0.131166
15230	-38.9507	-41.45948	2.508781	0.183372	0.0229107
15240	-37.56557	-39.21983	1.654262	0.184337	0.0955459
15250	-39.02233	-38.33824	-0.6840955	0.153483	0.327804
15260	-37.80447	-39.20657	1.402093	0.0865841	0.215018
15270	-39.51142	-41.23803	1.726616	0.0291876	0.244463
15280	-39.17811	-37.02773	-2.150377	0.299219	0.308359
15290	-38.26081	-40.55599	2.295177	0.106762	0.117918
15300	-39.66195	-37.95023	-1.711717	0.353377	0.21642
15310	-39.20164	-39.39131	0.189667	0.0989579	0.307071
15320	-37.73725	-37.4666	-0.270652	0.216173	0.229504
15330	-38.10655	-40.62438	2.517834	0.0699605	0.135542
15340	-39.98922	-43.04671	3.057492	0.139954	0.0190684
15350	-40.0451	-40.4157	0.3706066	0.0718409	0.318604
15360	-38.04078	-37.97051	-0.07026206	0.272295	0.156122
15370	-37.85115	-39.89365	2.042503	0.163038	0.0834053
15380	-40.16201	-38.2721	-1.889917	0.374284	0.210861
15390	-38.64307	-37.83071	-0.812357	0.3061	0.186234
15400	-38.6594	-41.14641	2.487006	0.128438	0.0797199
15410	-39.61277	-40.12624	0.5134731	0.0739961	0.304143
15420	-37.71589	-39.13189	1.415995	0.225367	0.0750384
15430	-37.82594	-40.09157	2.265624	0.0707446	0.156481
15440	-37.66939	-37.52435	-0.1450484	0.215886	0.218972
15450	-38.19771	-39.11138	0.9136666	0.265848	0.0778225
15460	-37.56506	-37.85306	0.2880003	0.176418	0.221141
15470	-37.4925	-38.64683	1.15433	0.128547	0.194395
15480	-37.66792	-38.85101	1.183083	0.231451	0.0890146
15490	-39.5642	-42.39338	2.82918	0.107359	0.0713276
15500	-38.35451	-40.75253	2.398023	0.0989768	0.116846
15510	-38.50574	-39.26036	0.754627	0.0902808	0.267088
15520	-38.21556	-39.87929	1.66373	0.232828	0.0462394
15530	-38.23375	-40.59199	2.35824	0.0968371	0.122412
15540	-37.73047	-39.58852	1.858056	0.165531	0.0967987
15550	-40.83893	-39.64567	-1.193264	0.388118	0.137024
15560	-37.85114	-37.37146	-0.4796829	0.231685	0.231996
15570	-37.55222	-38.37073	0.8185128	0.13773	0.214136
15580	-38.28207	-37.93188	-0.3501853	0.286993	0.165534
15590	-37.93458	-39.90824	1.973652	0.127654	0.12472
15600	-38.00683	-40.19728	2.190451	0.156664	0.0770367
15610	-37.45936	-38.36056	0.9011932	0.14855	0.196195
15620	-37.43816	-38.50012	1.061959	0.151071	0.179827
15630	-37.85613	-39.30501	1.448883	0.0817488	0.215823
15640	-38.65897	-38.59452	-0.06445753	0.303623	0.124294
15650	-38.03276	-37.56001	-0.4727561	0.266735	0.196349
15660	-38.30147	-39.22331	0.9218471	0.0886721	0.254294
15670	-37.70683	-39.42748	1.720643	0.154504	0.119661
15680	-38.20246	-37.56719	-0.635272	0.192682	0.2844
15690	-38.23688	-40.72421	2.487327	0.0353876	0.172743
15700	-38.39802	-37.7688	-0.6292218	0.178712	0.297849
15710	-39.24266	-41.60528	2.362619	0.200909	0.0179629
15720	-37.59699	-38.27997	0.6829811	0.235372	0.128168
15730	-38.9154	-38.43237	-0.483033	0.318118	0.145851
15740	-38.15624	-38.82771	0.6714688	0.107232	0.257299
15750	-37.63639	-39.50607	1.869685	0.0886886	0.17264
15760	-37.99335	-37.28749	-0.7058636	0.235521	0.247641
15770	-37.51179	-38.47592	0.964131	0.13456	0.204764
15780	-37.41884	-38.23887	0.8200293	0.199734	0.152002
15790	-37.7304	-39.7748	2.044407	0.0730248	0.173255
15800	-37.44775	-38.59611	1.148361	0.147898	0.175559
15810	-37.82267	-38.75776	0.9350954	0.248325	0.0935002
15820	-37.5127	-38.58437	1.071671	0.128615	0.201447
15830	-39.22285	-38.21282	-1.010034	0.333828	0.175532
15840	-38.23002	-37.77179	-0.4582302	0.28307	0.178763
15850	-37.8318	-37.8221	-0.009702358	0.170331	0.25287
15860	-38.3309	-37.91731	-0.41359	0.28974	0.168248
15870	-39.48701	-38.51985	-0.9671605	0.343901	0.161767
15880	-41.33824	-38.84221	-2.496027	0.419067	0.218282
15890	-37.48341	-38.77907	1.295659	0.160369	0.150401
15900	-39.24928	-38.58831	-0.6609682	0.33251	0.146785
15910	-37.63566	-39.24032	1.604664	0.149363	0.134792
15920	-37.90991	-39.97619	2.066279	0.0574169	0.186979
15930	-37.431	-38.08106	0.6500579	0.175989	0.190386
15940	-39.77988	-42.88172	3.101839	0.066306	0.0888963
15950	-37.77083	-39.27349	1.502665	0.0841605	0.20878
15960	-38.38638	-39.34969	0.9633143	0.270642	0.0687529
15970	-37.58026	-38.39942	0.8191638	0.134429	0.217381
15980	-37.58598	-39.11116	1.525182	0.156763	0.134237
15990	-37.60624	-38.80693	1.200689	0.11048	0.208469
16000	-38.26195	-37.66502	-0.5969278	0.283797	0.189982
16010	-37.44723	-38.07614	0.6289064	0.209429	0.158768
16020	-39.91008	-39.93115	0.02106834	0.339556	0.0809943
16030	-38.42385	-40.9624	2.538558	0.160905	0.0428134
16040	-37.50754	-38.87357	1.36603	0.151423	0.153286
16050	-38.47658	-37.51765	-0.9589378	0.293623	0.211336
16060	-37.49339	-38.84966	1.356267	0.140221	0.165328
16070	-38.11803	-39.30502	1.186988	0.253286	0.0668435
16080	-38.93253	-41.50561	2.573075	0.114478	0.0862672
16090	-37.83678	-38.9822	1.145418	0.242857	0.0808529
16100	-37.43161	-38.55439	1.122776	0.191954	0.133706
16110	-37.59859	-39.3339	1.735313	0.184054	0.0888483
16120	-37.57544	-39.13964	1.564201	0.204929	0.082711
16130	-37.70045	-37.55402	-0.1464227	0.201969	0.233008
16140	-37.54702	-37.80563	0.2586083	0.223393	0.176698
16150	-37.76764	-39.55782	1.79018	0.137033	0.131143
16160	-38.13907	-37.26558	-0.8734924	0.258688	0.238911
16170	-37.69986	-39.73243	2.032569	0.0834838	0.163815
16180	-39.1374	-37.02074	-2.116659	0.293937	0.310737
16190	-37.69368	-37.54146	-0.1522244	0.230947	0.20453
16200	-37.45292	-38.26427	0.8113414	0.15566	0.196824
16210	-37.53046	-38.31499	0.7845283	0.142757	0.212036
16220	-39.51762	-40.72824	1.210612	0.0468755	0.271219
16230	-37.95033	-39.9763	2.025976	0.149929	0.0979377
16240	-37.79299	-39.44367	1.65068	0.0769092	0.203282
16250	-38.47749	-40.27868	1.801182	0.0461742	0.221054
16260	-37.43999	-38.33865	0.8986683	0.154588	0.190375
16270	-37.44346	-38.52495	1.081491	0.204132	0.125084
16280	-37.89676	-37.39	-0.5067624	0.215666	0.250347
16290	-38.61452	-37.14615	-1.468364	0.283577	0.265259
16300	-37.55758	-38.30118	0.7436021	0.141877	0.216442
16310	-39.095	-41.74936	2.654357	0.115365	0.0783794
16320	-38.38429	-39.47869	1.094407	0.0776695	0.250434
16330	-37.65436	-38.53621	0.881854	0.123569	0.222842
16340	-37.59036	-38.25963	0.6692758	0.142996	0.221725
16350	-37.76867	-38.65946	0.8907869	0.114686	0.230956
16360	-37.43993	-38.12734	0.6874085	0.168679	0.194479
16370	-37.44483	-38.05525	0.6104248	0.208052	0.161737
16380	-37.43277	-38.50482	1.072046	0.156978	0.173051
16390	-37.59769	-39.3429	1.745209	0.107317	0.164732
16400	-37.89264	-39.83743	1.944791	0.149014	0.105846
16410	-38.22752	-37.19344	-1.034079	0.254963	0.256468
16420	-38.36562	-39.88754	1.521918	0.0596571	0.231625
16430	-41.50459	-37.36867	-4.135921	0.41267	0.365924
16440	-39.42172	-37.06503	-2.356688	0.317904	0.307444
16450	-38.91884	-39.48028	0.5614419	0.29926	0.0747483
16460	-37.76286	-38.00347	0.2406093	0.251812	0.149829
16470	-37.88823	-37.86189	-0.02633809	0.16686	0.257774
16480	-38.72502	-39.86682	1.141798	0.0660682	0.257953
16490	-37.50149	-38.95889	1.457398	0.185799	0.11104
16500	-37.66766	-38.05963	0.3919674	0.154509	0.234096
16510	-38.03442	-38.15078	0.1163566	0.146689	0.265654
16520	-37.5692	-37.66644	0.09723686	0.21658	0.19741
16530	-38.07581	-37.42827	-0.6475347	0.206176	0.271962
16540	-40.62769	-41.36172	0.7340353	0.325661	0.0334817
16550	-37.65537	-37.56839	-0.08697782	0.204851	0.225006
16560	-37.99756	-38.08894	0.09138302	0.269466	0.145029
16570	-38.27717	-38.15278	-0.1243887	0.286555	0.146524
16580	-38.73298	-40.30774	1.574763	0.250336	0.036394
16590	-38.86508	-37.92545	-0.9396352	0.176901	0.326395
16600	-37.44484	-38.51432	1.069477	0.146932	0.183319
16610	-38.69605	-37.22944	-1.466617	0.295343	0.253343
16620	-42.02324	-41.9782	-0.04504186	0.0579275	0.368317
16630	-38.48719	-40.66884	2.181647	0.0342391	0.20022
16640	-38.12206	-39.13737	1.015312	0.090612	0.244304
16650	-37.48503	-38.89292	1.407892	0.190201	0.110901
16660	-37.90844	-37.74004	-0.1684022	0.176678	0.260192
16670	-37.56663	-37.99262	0.4259855	0.163836	0.221839
16680	-37.7018	-37.69774	-0.004060545	0.241355	0.18136
16690	-38.34476	-37.92956	-0.4151979	0.290553	0.167574
16700	-39.88193	-37.8837	-1.998228	0.362412	0.232061
16710	-37.53787	-39.10015	1.562283	0.197263	0.0905425
16720	-37.53958	-37.71726	0.1776816	0.198072	0.208989
16730	-37.53445	-38.08559	0.5511455	0.227495	0.147399
16740	-37.5437	-39.0779	1.534207	0.176823	0.1134
16750	-40.09179	-37.92053	-2.17126	0.210496	0.398881
16760	-38.06234	-40.33245	2.270104	0.157595	0.069245
16770	-37.67769	-39.08977	1.412089	0.223027	0.0777147
16780	-40.02259	-37.44431	-2.578273	0.246733	0.3977
16790	-40.75247	-42.12007	1.367595	0.289611	0.014963
16800	-38.12051	-37.63182	-0.4886874	0.274406	0.190051
16810	-37.8556	-37.37209	-0.4835067	0.225121	0.238889
16820	-37.79511	-39.14562	1.350508	0.0894638	0.216582
16830	-37.49307	-37.99918	0.5061136	0.219249	0.159524
16840	-39.34706	-39.65965	0.3125908	0.317794	0.0776472
16850	-38.25199	-40.64518	2.393183	0.14992	0.0663197
16860	-37.50183	-38.58557	1.083742	0.12988	0.199142
16870	-37.45418	-38.19884	0.7446585	0.212839	0.145388
16880	-38.91274	-40.74646	1.833716	0.237008	0.0274181
16890	-38.5157	-38.81176	0.2960548	0.292632	0.104234
16900	-39.93307	-37.05983	-2.873237	0.290572	0.379267
16910	-38.38901	-37.14377	-1.245242	0.262722	0.266897
16920	-38.66719	-39.13766	0.4704702	0.099732	0.282111
16930	-39.37444	-37.83407	-1.540374	0.34048	0.214559
16940	-38.38955	-37.15506	-1.234485	0.246524	0.282168
16950	-38.09984	-37.30921	-0.7906303	0.221792	0.268671
16960	-38.49024	-37.11556	-1.374675	0.256667	0.2841
16970	-37.43463	-38.45567	1.021046	0.153059	0.181363
16980	-37.89714	-38.39765	0.5005046	0.260507	0.118749
16990	-37.73891	-39.28488	1.545967	0.220226	0.0689841
17000	-37.42706	-38.49637	1.069314	0.194937	0.135327
17010	-38.37688	-37.85642	-0.5204622	0.171798	0.295395
17020	-38.03328	-40.3184	2.285123	0.168516	0.0570301
17030	-39.1874	-37.59988	-1.58752	0.330039	0.22906
17040	-37.78932	-38.24002	0.4506949	0.253685	0.129862
17050	-37.56736	-39.05601	1.48865	0.153577	0.14057
17060	-37.56483	-38.64293	1.078093	0.121179	0.20833
17070	-42.584	-39.88565	-2.698353	0.45719	0.197585
17080	-37.53415	-38.96854	1.43439	0.164847	0.133973
17090	-37.58962	-38.18489	0.5952731	0.234929	0.136165
17100	-37.60886	-39.28223	1.673365	0.172764	0.105474
17110	-37.7793	-39.05872	1.279427	0.234899	0.077269
17120	-37.52855	-38.96848	1.439936	0.141297	0.157046
17130	-38.4854	-37.53362	-0.9517829	0.199387	0.304955
17140	-38.34092	-37.22765	-1.113271	0.23193	0.286322
17150	-37.6466	-38.28355	0.6369521	0.240642	0.126863
17160	-40.58902	-37.02973	-3.559287	0.322519	0.40641
17170	-39.07271	-42.31541	3.242695	0.0238458	0.119225
17180	-37.83184	-39.23575	1.403904	0.0850071	0.216439
17190	-38.43323	-39.84869	1.415462	0.0620958	0.238355
17200	-37.47478	-38.83856	1.363783	0.190174	0.114728
17210	-37.7349	-38.47145	0.7365448	0.246736	0.11219
17220	-38.07983	-40.38667	2.306838	0.159916	0.0637605
17230	-37.57576	-39.2627	1.686939	0.189341	0.0877279
17240	-39.45977	-37.69874	-1.761029	0.343207	0.230836
17250	-37.55055	-37.8901	0.3395444	0.174034	0.219087
17260	-38.90074	-39.31864	0.4179035	0.302761	0.0836103
17270	-42.22397	-40.4562	-1.767777	0.129253	0.445371
17280	-37.82065	-37.69071	-0.12994	0.181815	0.251742
17290	-37.63829	-39.5222	1.883914	0.0935107	0.166592
17300	-43.67333	-37.45882	-6.214509	0.378483	0.579141
17310	-37.69419	-37.69	-0.004190821	0.240214	0.182512
17320	-39.47102	-41.21606	1.745035	0.0292127	0.242852
17330	-37.7879	-37.42505	-0.3628539	0.219256	0.234362
17340	-38.09325	-38.44774	0.3544865	0.273198	0.118636
17350	-37.59805	-38.61517	1.017116	0.230481	0.10428
17360	-38.91706	-37.07092	-1.846138	0.263584	0.31779
17370	-37.47336	-37.86352	0.3901546	0.190497	0.198264
17380	-37.77565	-39.6821	1.906447	0.19728	0.0608817
17390	-38.71257	-39.62563	0.9130629	0.0766621	0.267061
17400	-37.94218	-38.28531	0.3431331	0.264778	0.128033
17410	-39.39113	-39.70926	0.3181251	0.0879287	0.307036
17420	-37.62214	-37.60012	-0.02202632	0.222401	0.201862
17430	-37.51739	-38.30632	0.7889307	0.224797	0.129618
17440	-38.60416	-38.44965	-0.1545185	0.302343	0.133331
17450	-37.98057	-38.11503	0.1344624	0.268268	0.142516
17460	-40.9014	-39.07117	-1.830232	0.398824	0.181181
17470	-37.41744	-38.38726	0.9698184	0.19439	0.144444
17480	-37.75455	-39.60451	1.849953	0.121792	0.141235
17490	-38.45864	-37.31325	-1.145394	0.220928	0.30009
17500	-37.40837	-38.30441	0.8960394	0.186657	0.158532
17510	-39.51946	-40.3548	0.8353389	0.0618701	0.288547
17520	-38.52395	-37.25814	-1.265808	0.287058	0.244332
17530	-37.62224	-38.10964	0.4874046	0.238625	0.14176
17540	-37.50415	-37.79675	0.2926012	0.192303	0.20486
17550	-37.43431	-37.98394	0.5496297	0.188771	0.186255
17560	-37.72976	-37.67199	-0.05777362	0.243601	0.18374
17570	-37.62621	-38.31896	0.692753	0.238261	0.124437
17580	-37.96072	-38.1375	0.1767782	0.147074	0.260066
17590	-40.36977	-40.59937	0.2296019	0.072046	0.330544
17600	-37.42939	-38.19636	0.7669685	0.16663	0.189676
17610	-38.53127	-38.72829	0.1970205	0.294916	0.11048
17620	-37.79092	-39.40116	1.61024	0.0785869	0.205088
17630	-39.07465	-38.33544	-0.7392112	0.154958	0.331076
17640	-40.57739	-39.73859	-0.8388059	0.117953	0.376659
17650	-38.59235	-40.08552	1.493177	0.0547795	0.238978
17660	-37.95467	-37.66998	-0.2846926	0.182587	0.264299
17670	-39.52564	-37.96288	-1.562754	0.191302	0.365664
17680	-38.24208	-37.84816	-0.3939221	0.170355	0.285939
17690	-38.57119	-41.34789	2.776698	0.0231134	0.160094
17700	-37.66175	-39.42017	1.758413	0.169171	0.101741
17710	-37.71233	-39.59918	1.886853	0.0757094	0.18414
17720	-38.18292	-40.87237	2.689453	0.050243	0.140478
17730	-37.45196	-38.70321	1.251249	0.192422	0.122172
17740	-37.50667	-38.94165	1.434983	0.125535	0.173235
17750	-38.01175	-40.31833	2.306582	0.0884289	0.135269
17760	-37.43802	-38.01796	0.5799391	0.180407	0.192008
17770	-37.51469	-38.96016	1.445471	0.131247	0.166619
17780	-38.06349	-37.74442	-0.3190673	0.176561	0.273286
17790	-40.01201	-43.45713	3.445122	0.0333398	0.0922954
17800	-38.47228	-37.11854	-1.353737	0.256794	0.282169
17810	-37.86671	-37.39749	-0.4692204	0.24213	0.220649
17820	-38.87853	-37.83552	-1.043007	0.317751	0.194449
17830	-38.11949	-40.29789	2.178399	0.145123	0.0896156
17840	-37.43188	-38.50007	1.068192	0.15768	0.172682
17850	-38.00841	-37.62717	-0.3812399	0.186348	0.268853
17860	-37.73829	-39.80394	2.065655	0.0722057	0.172244
17870	-38.47988	-37.67731	-0.8025679	0.187268	0.304223
17880	-37.86349	-40.068	2.204507	0.0877048	0.144785
17890	-39.35778	-39.6904	0.3326131	0.088019	0.305698
17900	-45.17991	-37.40164	-7.778269	0.505417	0.586895
17910	-37.64306	-37.59285	-0.05021088	0.201867	0.224823
17920	-37.89664	-37.48049	-0.4161503	0.202437	0.255771
17930	-37.75831	-39.90615	2.147842	0.0735599	0.163811
17940	-37.9553	-39.45424	1.498944	0.233129	0.0601315
17950	-38.88545	-37.06644	-1.819018	0.289583	0.289455
17960	-38.72446	-38.31513	-0.4093253	0.147895	0.309726
17970	-37.47286	-38.76654	1.293677	0.202452	0.108488
17980	-38.51012	-37.54464	-0.9654793	0.296002	0.209521
17990	-38.53537	-41.1625	2.62713	0.0808316	0.115258
18000	-38.12402	-38.18608	0.06205967	0.277291	0.139729
18010	-37.51963	-37.81475	0.295127	0.217985	0.178961
18020	-37.46728	-37.87478	0.4074984	0.204883	0.182385
18030	-37.44979	-38.62669	1.176901	0.154244	0.166754
18040	-38.6122	-40.30288	1.690683	0.0468405	0.229905
18050	-37.77021	-38.69923	0.9290147	0.112443	0.229905
18060	-37.47967	-38.7645	1.284829	0.161273	0.150429
18070	-39.50128	-37.29796	-2.203321	0.245534	0.366605
18080	-39.06963	-39.12626	0.05663193	0.109468	0.30802
18090	-38.20141	-37.20341	-0.9979976	0.253952	0.254371
18100	-37.69831	-39.50556	1.80725	0.119457	0.147249
18110	-38.65649	-38.14002	-0.5164668	0.30699	0.159859
18120	-37.56438	-39.13343	1.56905	0.101856	0.185366
18130	-37.66966	-38.41043	0.7407694	0.241634	0.116928
18140	-37.67932	-38.16633	0.4870144	0.146607	0.233811
18150	-38.98238	-42.18604	3.203662	0.0251336	0.121299
18160	-37.96134	-38.56502	0.6036878	0.120169	0.2502
18170	-38.20601	-40.57501	2.369003	0.174131	0.0441912
18180	-38.40847	-40.77355	2.365074	0.106959	0.111701
18190	-40.59801	-43.99584	3.397833	0.0499276	0.0797806
18200	-37.68546	-39.41923	1.733768	0.12916	0.143875
18210	-38.93158	-42.06908	3.137502	0.0190752	0.133056
18220	-39.58909	-37.78926	-1.799832	0.205566	0.371819
18230	-38.86308	-41.41739	2.554311	0.107414	0.0949477
18240	-37.58704	-37.64661	0.05956689	0.219355	0.19788
18250	-37.55562	-38.77413	1.218517	0.220396	0.0970177
18260	-39.38248	-37.00585	-2.376628	0.304034	0.323032
18270	-38.36812	-40.14981	1.781695	0.0497299	0.219177
18280	-37.43954	-38.55124	1.111695	0.153444	0.17317
18290	-37.68969	-39.40522	1.715537	0.15872	0.115885
18300	-37.98559	-37.55181	-0.4337827	0.262942	0.196785
18310	-37.91261	-37.34281	-0.5697986	0.240014	0.231429
18320	-38.63975	-39.77397	1.134217	0.270972	0.0537027
18330	-39.92695	-41.15467	1.227722	0.289561	0.0270602
18340	-38.92642	-37.67539	-1.251037	0.196862	0.333256
18350	-37.52444	-38.65138	1.126941	0.219602	0.105699
18360	-37.91707	-39.69139	1.774326	0.215536	0.0540056
18370	-37.85359	-37.38993	-0.4636667	0.238679	0.223622
18380	-37.67175	-39.40802	1.736272	0.165191	0.107629
18390	-38.62044	-37.23236	-1.388084	0.291219	0.250702
18400	-37.51983	-38.82397	1.304144	0.117223	0.192816
18410	-37.44797	-38.64632	1.198355	0.177398	0.141752
18420	-37.75635	-38.58907	0.8327147	0.246563	0.10408
18430	-37.72869	-39.51782	1.789127	0.076562	0.191705
18440	-37.95768	-39.55435	1.596663	0.228006	0.0568384
18450	-39.68453	-39.66998	-0.01455042	0.334958	0.0886603
18460	-38.01002	-37.34849	-0.661534	0.2544	0.224944
18470	-37.78254	-37.74582	-0.03672406	0.250731	0.174797
18480	-38.81475	-37.15947	-1.655283	0.297031	0.267905
18490	-40.34872	-37.7359	-2.612819	0.380173	0.267236
18500	-37.76124	-38.09089	0.3296452	0.150621	0.243352
18510	-37.94359	-40.18975	2.246161	0.0901767	0.138726
18520	-37.69089	-37.54057	-0.1503187	0.205352	0.22996
18530	-38.80753	-37.09439	-1.713136	0.289427	0.280491
18540	-38.39248	-37.46097	-0.9315088	0.28747	0.215126
18550	-38.77451	-40.15747	1.382961	0.261964	0.0412861
18560	-37.72561	-37.65014	-0.07546755	0.188261	0.240605
18570	-38.23375	-37.18875	-1.044999	0.24529	0.267082
18580	-37.65418	-39.40637	1.752192	0.119935	0.151513
18590	-38.20081	-37.77501	-0.4257986	0.281334	0.177705
18600	-37.73634	-38.78746	1.05112	0.240091	0.0917407
18610	-37.44851	-38.62012	1.171604	0.155578	0.165877
18620	-38.64067	-37.64736	-0.9933067	0.192741	0.315178
18630	-37.70802	-38.80159	1.09357	0.107669	0.220507
18640	-37.53991	-39.08419	1.54428	0.108883	0.180473
18650	-37.55672	-39.15443	1.597716	0.103991	0.180762
18660	-39.21234	-42.09502	2.882685	0.130665	0.0434133
18670	-38.20279	-40.17955	1.976761	0.21164	0.0404661
18680	-38.51416	-41.11156	2.597404	0.154598	0.0440519
18690	-37.42499	-38.14856	0.7235703	0.172122	0.187922
18700	-37.51581	-38.77846	1.262649	0.119491	0.194122
18710	-39.37037	-37.12662	-2.243745	0.321666	0.293954
18720	-38.36043	-38.20699	-0.1534404	0.291029	0.144552
18730	-37.45992	-38.69533	1.235403	0.17265	0.14331
18740	-38.0633	-40.34306	2.279764	0.17605	0.0499582
18750	-37.49227	-38.18175	0.6894784	0.155355	0.207625
18760	-38.05428	-37.363	-0.6912789	0.259841	0.222064
18770	-37.76715	-37.70763	-0.05951638	0.248442	0.179049
18780	-37.67321	-39.43729	1.764079	0.167478	0.102946
18790	-37.96497	-39.04349	1.078521	0.0940815	0.23539
18800	-37.43024	-38.13877	0.7085291	0.170829	0.19051
18810	-39.42113	-39.95171	0.5305828	0.0772867	0.299379
18820	-38.26863	-37.29447	-0.9741587	0.272403	0.233867
18830	-37.46661	-38.75775	1.29114	0.180637	0.130521
18840	-38.27063	-38.9373	0.6666669	0.275447	0.0894976
18850	-38.23017	-38.20653	-0.02364145	0.283588	0.140814
18860	-38.50359	-39.73226	1.228676	0.0681051	0.248434
18870	-37.95243	-37.84092	-0.1115092	0.265581	0.166388
18880	-37.48553	-38.05564	0.5701055	0.218728	0.154534
18890	-39.33358	-37.80933	-1.524248	0.197068	0.356581
18900	-39.03583	-41.30306	2.267231	0.0216733	0.205414
18910	-37.70059	-39.62958	1.928992	0.10277	0.153451
18920	-37.40905	-38.1847	0.7756487	0.181683	0.173875
18930	-37.90371	-38.36752	0.4638093	0.261311	0.121106
18940	-37.41783	-38.08246	0.664631	0.193497	0.171624
18950	-37.51136	-38.53175	1.02039	0.220547	0.113932
18960	-38.11264	-38.89228	0.7796359	0.103199	0.252016
18970	-37.97449	-37.38272	-0.5917762	0.213557	0.259778
18980	-37.53982	-38.24788	0.7080611	0.146542	0.214837
18990	-37.98282	-39.82861	1.845783	0.0604118	0.202975
19000	-38.6449	-38.79776	0.1528593	0.117599	0.291601
19010	-39.23532	-38.85971	-0.3756139	0.128108	0.32661
19020	-38.62768	-37.25456	-1.373123	0.292939	0.247694
19030	-39.12466	-37.14395	-1.980707	0.311727	0.281238
19040	-37.97922	-37.29459	-0.6846259	0.238596	0.242737
19050	-37.4697	-37.9393	0.4695983	0.180189	0.20173
19060	-37.96907	-37.43794	-0.5311317	0.256898	0.211214
19070	-38.21887	-37.39973	-0.8191442	0.274483	0.218436
19080	-38.19183	-40.49304	2.301216	0.147933	0.076227
19090	-38.55356	-38.67417	0.1206108	0.122698	0.289279
19100	-37.68383	-39.57094	1.887101	0.186507	0.0733217
19110	-38.77792	-37.52766	-1.250257	0.205588	0.324463
19120	-37.63119	-39.00373	1.372545	0.221338	0.0828092
19130	-38.85298	-41.56384	2.710864	0.0173554	0.171522
19140	-37.63938	-39.43061	1.791227	0.111177	0.156909
19150	-38.65754	-39.16674	0.5091975	0.292947	0.0855609
19160	-38.44983	-37.69234	-0.7574857	0.185544	0.302063
19170	-38.29465	-39.12126	0.8266095	0.0937006	0.257468
19180	-37.75802	-38.04327	0.2852544	0.154073	0.243724
19190	-38.3008	-40.79535	2.494552	0.084692	0.122816
19200	-38.25989	-37.29298	-0.9669124	0.271654	0.233992
19210	-37.71635	-39.48639	1.770038	0.159822	0.110089
19220	-37.57671	-39.16099	1.584281	0.0991954	0.186715
19230	-37.52832	-38.21205	0.6837327	0.226879	0.136596
19240	-38.01227	-37.28633	-0.7259446	0.245009	0.239882
19250	-37.62379	-38.71591	1.092122	0.114432	0.213869
19260	-38.38121	-40.72375	2.34254	0.108508	0.112093
19270	-38.00263	-40.25345	2.250816	0.173487	0.0550143
19280	-38.57852	-41.11878	2.540262	0.0928351	0.110736
19290	-38.08661	-40.31764	2.231028	0.184601	0.0456045
19300	-38.77571	-39.40681	0.6311044	0.0884118	0.279596
19310	-38.06521	-40.32362	2.258407	0.0979585	0.129889
19320	-37.72666	-37.76293	0.03626639	0.177133	0.242109
19330	-37.86933	-39.25694	1.38762	0.0838075	0.219041
19340	-38.84713	-37.06807	-1.779064	0.264154	0.311443
19350	-37.58717	-37.72708	0.1399119	0.188334	0.221981
19360	-37.55678	-38.04962	0.4928403	0.230416	0.149501
19370	-38.12166	-40.31869	2.197032	0.110088	0.123046
19380	-37.7283	-37.63368	-0.09461851	0.189951	0.240564
19390	-37.50743	-38.31922	0.8117939	0.22312	0.129325
19400	-37.5256	-39.07352	1.547924	0.193702	0.0953396
19410	-37.4543	-38.61077	1.15647	0.204584	0.118174
19420	-37.76562	-39.92878	2.163159	0.0761345	0.159917
19430	-37.74423	-39.7001	1.955873	0.187788	0.0661175
19440	-37.82046	-37.39423	-0.4262231	0.224426	0.23465
19450	-37.42288	-38.16837	0.7454837	0.171445	0.186711
19460	-37.52383	-38.26118	0.7373514	0.226051	0.132806
19470	-40.18004	-37.46674	-2.713302	0.368919	0.287144
19480	-37.46051	-37.9705	0.5099861	0.210076	0.168364
19490	-37.60637	-37.67429	0.06791582	0.22681	0.189706
19500	-37.7719	-39.66939	1.897491	0.197814	0.0611198
19510	-39.54683	-37.19512	-2.351711	0.333734	0.291186
19520	-37.65346	-38.43239	0.7789324	0.239759	0.115516
19530	-37.9156	-38.62477	0.7091685	0.11646	0.244824
19540	-37.98663	-38.7822	0.7955691	0.260199	0.0936432
19550	-38.67622	-39.74768	1.071461	0.274589	0.0554909
19560	-37.55991	-38.95311	1.393196	0.21344	0.0889283
19570	-37.91041	-39.88892	1.978509	0.199894	0.0520617
19580	-37.65974	-38.42139	0.7616488	0.240528	0.116236
19590	-37.50935	-38.32565	0.8163014	0.223376	0.128681
19600	-37.57508	-37.95571	0.380624	0.166391	0.223191
19610	-37.48325	-37.88185	0.3986024	0.212315	0.175718
19620	-39.19984	-37.09506	-2.104787	0.311003	0.292649
19630	-37.80091	-37.42265	-0.3782639	0.234324	0.220621
19640	-37.58673	-38.57827	0.9915497	0.229978	0.106984
19650	-41.21831	-37.34796	-3.87035	0.402256	0.353465
19660	-37.81388	-37.44655	-0.3673338	0.210897	0.243107
19670	-42.75357	-40.57375	-2.179817	0.138598	0.471516
19680	-37.42174	-38.12812	0.706382	0.175605	0.18592
19690	-37.91767	-38.0066	0.08892351	0.15604	0.258667
19700	-37.73242	-37.91882	0.1863941	0.24858	0.157731
19710	-39.09523	-37.4394	-1.655828	0.220856	0.344127
19720	-38.37641	-37.25517	-1.121247	0.277333	0.241606
19730	-38.1833	-40.88	2.696692	0.0472901	0.142808
19740	-39.89259	-42.98445	3.091865	0.118345	0.0377166
19750	-37.44043	-38.62425	1.183819	0.191546	0.128857
19760	-37.44512	-38.47132	1.026198	0.206779	0.1272
19770	-39.66063	-37.76798	-1.892649	0.352407	0.232973
19780	-37.61765	-37.93417	0.3165207	0.165987	0.229117
19790	-37.65591	-39.13903	1.483124	0.217932	0.0766907
19800	-37.52106	-37.78658	0.2655169	0.21628	0.183216
19810	-37.78604	-39.68972	1.903684	0.198391	0.0600091
19820	-37.83192	-38.17437	0.3424521	0.144392	0.248478
19830	-38.04873	-40.14898	2.100248	0.118365	0.123104
19840	-38.20567	-40.4155	2.209835	0.115734	0.116297
19850	-37.883	-38.57205	0.6890538	0.119428	0.243589
19860	-37.8494	-40.14997	2.300572	0.0644291	0.159787
19870	-38.87138	-40.89095	2.019567	0.22307	0.0253492
19880	-38.3471	-41.01807	2.670972	0.0669597	0.125353
19890	-37.85767	-39.73584	1.878176	0.139685	0.120913
19900	-37.82566	-37.53464	-0.291019	0.248111	0.19932
19910	-38.03081	-40.41216	2.381351	0.0460007	0.171258
19920	-37.98194	-40.46555	2.483618	0.0555083	0.152942
19930	-38.03067	-40.09301	2.062338	0.123484	0.121251
19940	-37.41261	-38.13898	0.7263733	0.192406	0.167396
19950	-38.31983	-37.60686	-0.7129666	0.28635	0.197423
19960	-37.70212	-38.02794	0.3258157	0.156073	0.23823
19970	-37.76187	-38.52303	0.7611644	0.248225	0.108581
19980	-37.55081	-37.88326	0.3324502	0.174669	0.219062
19990	-38.04562	-39.27671	1.231085	0.248838	0.0674929
20000	-37.77039	-38.27615	0.5057565	0.137953	0.240851
20010	-39.4745	-37.58248	-1.892021	0.218553	0.366773
20020	-37.57892	-39.16438	1.585455	0.203795	0.0820139
20030	-37.80857	-39.86287	2.054294	0.17174	0.0736876
20040	-38.63099	-39.0243	0.393307	0.104938	0.283551
20050	-40.49879	-42.55052	2.051729	0.237048	0.00860073
20060	-37.48325	-37.90474	0.421487	0.181351	0.204712
20070	-38.50573	-38.26349	-0.2422364	0.146521	0.296709
20080	-37.55135	-38.23262	0.6812725	0.230035	0.133652
20090	-38.59666	-37.11259	-1.484076	0.253453	0.296736
20100	-37.7405	-39.05442	1.313917	0.231309	0.077888
20110	-38.8719	-37.18169	-1.690211	0.243627	0.324317
20120	-37.40717	-38.28087	0.8736935	0.182544	0.16457
20130	-37.8927	-39.96734	2.074642	0.189281	0.0543943
20140	-37.71685	-38.28722	0.5703693	0.137815	0.235424
20150	-39.01933	-39.30225	0.2829223	0.30963	0.0883673
20160	-38.492	-39.53863	1.046632	0.270684	0.0615342
20170	-37.45662	-38.03205	0.5754318	0.21117	0.161633
20180	-38.42803	-38.41134	-0.01668871	0.293285	0.130518
20190	-39.92842	-38.1255	-1.802921	0.364801	0.212851
20200	-37.69657	-39.52508	1.828503	0.168745	0.0961306
20210	-39.01891	-37.28134	-1.737566	0.234698	0.337325
20220	-37.63055	-38.99055	1.360004	0.10069	0.204538
20230	-38.17477	-40.5428	2.36803	0.155291	0.063115
20240	-37.71285	-39.11668	1.403832	0.0922064	0.209246
20250	-37.45612	-38.21337	0.7572469	0.213364	0.143779
20260	-38.81348	-38.88159	0.06811361	0.116664	0.299835
20270	-39.57218	-36.99228	-2.579902	0.307423	0.337151
20280	-37.8478	-38.7041	0.8563007	0.251622	0.0969893
20290	-37.51337	-38.04629	0.5329169	0.163587	0.212878
20300	-41.46661	-37.09359	-4.373019	0.346212	0.452803
20310	-37.48727	-38.71567	1.228398	0.21002	0.106543
20320	-37.73577	-38.13089	0.395122	0.148108	0.240225
20330	-39.06886	-39.05284	-0.01601844	0.113366	0.310379
20340	-39.69089	-39.97146	0.2805667	0.327013	0.071187
20350	-37.88541	-39.26358	1.378167	0.0834413	0.220222
20360	-37.62818	-39.42917	1.80099	0.107065	0.16018
20370	-37.63047	-39.47469	1.844221	0.0889065	0.174615
20380	-38.12913	-39.24734	1.118211	0.256338	0.0697155
20390	-37.56841	-39.11652	1.54811	0.170279	0.118747
20400	-37.81297	-37.54455	-0.2684201	0.197066	0.248418
20410	-38.10052	-37.82285	-0.2776642	0.275459	0.170821
20420	-37.67374	-37.52588	-0.1478565	0.222891	0.21221
20430	-37.43105	-38.43033	0.9992803	0.155403	0.180893
20440	-38.54401	-41.10735	2.56334	0.165494	0.0360896
20450	-37.92062	-40.08264	2.162026	0.164963	0.0711855
20460	-37.59917	-37.84739	0.2482177	0.17457	0.226416
20470	-37.54814	-38.60777	1.059635	0.124186	0.206912
20480	-37.7112	-39.44052	1.729319	0.206883	0.0665351
20490	-37.48176	-38.68671	1.204942	0.129613	0.18897
20500	-38.41143	-40.12038	1.708952	0.051187	0.223985
20510	-39.71014	-37.01033	-2.699813	0.321068	0.333834
20520	-38.43808	-37.39626	-1.041821	0.288166	0.223932
20530	-39.52307	-38.20972	-1.313354	0.174686	0.360799
20540	-38.42166	-37.27348	-1.14819	0.225453	0.295806
20550	-38.47765	-40.89416	2.416509	0.103849	0.110381
20560	-38.15921	-40.2959	2.136686	0.129038	0.109293
20570	-37.5313	-38.59352	1.062215	0.126294	0.204582
20580	-38.28813	-37.29529	-0.9928372	0.222076	0.285802
20590	-37.44099	-38.1557	0.714709	0.166092	0.194715
20600	-37.84674	-39.55596	1.709217	0.21648	0.0586697
20610	-37.78247	-38.17697	0.3945004	0.253436	0.13495
20620	-38.49945	-37.12778	-1.371668	0.251118	0.28939
20630	-37.898	-37.48539	-0.412617	0.252831	0.205073
20640	-38.17251	-37.90168	-0.2708295	0.165521	0.280171
20650	-38.83783	-41.38483	2.546999	0.106751	0.0962402
20660	-37.71773	-39.78774	2.070018	0.0790428	0.165031
20670	-38.28582	-37.17386	-1.111962	0.257722	0.260417
20680	-37.81513	-38.04331	0.2281842	0.153582	0.249129
20690	-37.89328	-38.31921	0.4259262	0.261021	0.124659
20700	-37.8895	-39.61903	1.729535	0.0687757	0.204624
20710	-37.59051	-39.32629	1.735781	0.106001	0.16686
20720	-37.50083	-37.77478	0.2739546	0.200752	0.198017
20730	-40.00239	-38.74913	-1.253261	0.155063	0.375247
20740	-37.91789	-37.86695	-0.05093529	0.166428	0.260324
20750	-39.05762	-39.26065	0.2030278	0.312635	0.0922439
20760	-37.56136	-39.00965	1.448286	0.210643	0.0869809
20770	-37.52603	-39.03605	1.510022	0.18065	0.111657
20780	-37.58743	-38.74877	1.161344	0.22555	0.096788
20790	-38.11321	-40.72563	2.612414	0.0560301	0.141327
20800	-38.55106	-41.05293	2.501874	0.136579	0.0702986
20810	-38.42948	-37.96772	-0.4617578	0.295295	0.166842
20820	-38.54468	-39.89069	1.346011	0.0619719	0.244461
20830	-37.65336	-38.17433	0.520966	0.241845	0.135649
20840	-38.2199	-39.4386	1.218694	0.0772821	0.240117
20850	-38.27044	-40.73451	2.464068	0.0344149	0.175719
20860	-37.79729	-38.86723	1.069944	0.243169	0.0870417
20870	-37.58093	-39.295	1.714068	0.105433	0.169299
20880	-37.76906	-37.43127	-0.3377929	0.224602	0.226858
20890	-38.26114	-37.33371	-0.9274349	0.217121	0.285124
20900	-37.68347	-39.63019	1.946714	0.0969213	0.157773
20910	-39.71041	-40.01247	0.3020588	0.0815759	0.314773
20920	-37.62916	-39.4289	1.799735	0.183955	0.0833982
20930	-37.69158	-37.7211	0.02952403	0.240933	0.17889
20940	-38.27942	-40.51474	2.235317	0.119316	0.110521
20950	-37.57363	-39.07609	1.502461	0.157309	0.135648
20960	-37.6272	-39.39094	1.763739	0.193883	0.076571
20970	-38.74482	-38.02039	-0.7244303	0.167572	0.317189
20980	-37.47508	-38.02516	0.5500733	0.215867	0.15912
20990	-38.45976	-37.37351	-1.086247	0.28863	0.227294
21000	-38.1854	-39.50582	1.320426	0.249889	0.0587478
21010	-41.63362	-38.13577	-3.497852	0.242652	0.480985
21020	-39.31985	-37.00264	-2.31721	0.297355	0.324592
21030	-39.48491	-40.57436	1.089449	0.290427	0.0381031
21040	-38.94939	-37.25621	-1.693182	0.235933	0.332267
21050	-37.65037	-37.89995	0.2495742	0.167537	0.233333
21060	-37.81363	-37.59136	-0.2222684	0.249368	0.192141
21070	-37.61942	-39.29132	1.671904	0.125374	0.152989
21080	-41.07082	-37.08085	-3.989973	0.375631	0.390393
21090	-37.81734	-39.78394	1.966597	0.161559	0.0914221
21100	-38.18765	-38.84665	0.6590009	0.106616	0.258989
21110	-37.69875	-39.68651	1.987757	0.0936989	0.15746
21120	-38.84872	-37.35084	-1.497886	0.223571	0.327808
21130	-37.51684	-38.36978	0.8529413	0.140387	0.208514
21140	-37.65841	-37.66962	0.01121686	0.189478	0.231921
21150	-38.31235	-40.96282	2.650466	0.0318003	0.162279
21160	-38.67473	-37.71869	-0.9560406	0.306938	0.197771
21170	-37.57244	-37.694	0.1215605	0.221247	0.190648
21180	-40.07628	-36.9998	-3.07648	0.331331	0.356013
21190	-37.71165	-37.71756	0.005909901	0.181863	0.239993
21200	-39.36697	-38.6285	-0.7384688	0.337521	0.148449
21210	-38.03452	-40.13218	2.097654	0.0506397	0.191054
21220	-38.44817	-37.96683	-0.4813358	0.296305	0.167518
21230	-37.53672	-39.0874	1.550677	0.111145	0.177659
21240	-38.02817	-37.39256	-0.6356127	0.211006	0.266105
21250	-37.87868	-40.01984	2.141164	0.171638	0.0663079
21260	-38.45528	-38.26775	-0.1875268	0.295888	0.142629
21270	-37.79005	-39.64986	1.859813	0.156228	0.105951
21280	-38.12911	-40.63061	2.501493	0.0402555	0.166655
21290	-39.37866	-37.32603	-2.052628	0.332334	0.266825
21300	-37.42382	-38.05001	0.626182	0.196558	0.171874
21310	-38.37066	-40.64929	2.278637	0.123665	0.10244
21320	-40.17674	-37.50024	-2.6765	0.246438	0.406456
21330	-38.3456	-38.55252	0.206923	0.125818	0.278725
21340	-38.32329	-38.36858	0.04529113	0.136553	0.281912
21350	-38.03327	-38.02621	-0.007055669	0.155216	0.267757
21360	-37.6253	-38.05018	0.4248769	0.238777	0.146994
21370	-37.5027	-38.97691	1.474212	0.189007	0.106384
21380	-37.48473	-37.82107	0.3363395	0.205927	0.187469
21390	-38.90413	-40.80252	1.898394	0.0337797	0.225076
21400	-37.93615	-40.31646	2.380306	0.0718295	0.145519
21410	-37.91842	-40.02875	2.110338	0.104504	0.136097
21420	-37.57684	-38.00587	0.4290321	0.162156	0.223256
21430	-37.85215	-37.37724	-0.4749051	0.235144	0.228125
21440	-39.56838	-39.10502	-0.4633644	0.340643	0.121632
21450	-37.8208	-37.41311	-0.4076864	0.21732	0.24016
21460	-37.44349	-38.63109	1.187603	0.181265	0.138812
21470	-37.42538	-38.04744	0.6220565	0.183416	0.185372
21480	-38.76707	-37.29939	-1.467684	0.227316	0.321462
21490	-37.71463	-39.63471	1.920075	0.174292	0.0826965
21500	-37.43509	-38.53875	1.103653	0.160003	0.167304
21510	-37.94454	-39.83802	1.893478	0.0605301	0.198749
21520	-38.51061	-41.34186	2.831247	0.0254956	0.153013
21530	-38.13762	-39.94955	1.81193	0.0557004	0.210602
21540	-37.83783	-39.81344	1.975611	0.0638512	0.188354
21550	-37.66384	-39.34518	1.68134	0.160486	0.117065
21560	-37.91933	-37.69752	-0.22181	0.261271	0.180199
21570	-37.85983	-39.67345	1.813613	0.0673459	0.198812
21580	-37.82787	-38.14577	0.3178987	0.146349	0.248636
21590	-38.27371	-39.37762	1.103907	0.261843	0.0654419
21600	-37.59914	-38.33407	0.7349331	0.137742	0.221323
21610	-42.03421	-40.32926	-1.704954	0.12998	0.439234
21620	-38.14626	-38.1874	0.0411451	0.14545	0.273372
21630	-37.92488	-39.20989	1.285006	0.241737	0.0699502
21640	-37.5007	-38.05554	0.5548407	0.221672	0.152905
21650	-39.35793	-39.48006	0.1221385	0.0983488	0.313497
21660	-38.64701	-41.27118	2.624172	0.139845	0.0564987
21670	-38.98867	-39.96342	0.9747451	0.0670482	0.271362
21680	-37.93994	-39.92167	1.981726	0.0580689	0.193609
21690	-37.92882	-37.5566	-0.3722208	0.258528	0.195897
21700	-38.12602	-40.25109	2.125066	0.137686	0.101646
21710	-37.5427	-39.1458	1.603101	0.188814	0.0954752
21720	-40.43695	-41.22535	0.7883958	0.320271	0.0341891
21730	-38.12035	-40.32127	2.200925	0.146839	0.0859597
21740	-37.83103	-38.17735	0.3463213	0.257287	0.13525
21750	-37.48417	-38.81446	1.330295	0.138221	0.169565
21760	-38.05722	-39.59994	1.542716	0.06894	0.22055
21770	-37.5813	-37.71041	0.1291089	0.191217	0.220028
21780	-37.68969	-38.58166	0.8919756	0.120149	0.22539
21790	-37.89733	-39.99871	2.101382	0.186405	0.0549675
21800	-37.90484	-39.16448	1.259636	0.0880093	0.225863
21810	-38.0907	-39.15634	1.065643	0.0893541	0.241227
21820	-37.5309	-37.73973	0.2088312	0.195702	0.208677
21830	-37.57523	-39.24505	1.669823	0.182335	0.0962077
21840	-37.95637	-39.6694	1.713031	0.0662991	0.208522
21850	-37.86078	-37.41511	-0.4456745	0.213315	0.247437
21860	-40.57049	-39.00013	-1.570357	0.156921	0.4007
21870	-39.23544	-40.59146	1.356013	0.272008	0.0335636
21880	-38.79825	-38.66085	-0.1374015	0.128787	0.305413
21890	-38.71188	-37.17427	-1.537607	0.292399	0.262401
21900	-39.48956	-37.66944	-1.820122	0.344187	0.234946
21910	-38.02316	-40.53661	2.51345	0.0495359	0.156345
21920	-38.1807	-37.39569	-0.7850085	0.209682	0.280297
21930	-37.92164	-37.32673	-0.5949108	0.23179	0.241815
21940	-37.70096	-38.26819	0.5672359	0.245948	0.127561
21950	-37.96792	-38.6831	0.7151862	0.113398	0.247368
21960	-38.96773	-40.52907	1.561342	0.255494	0.0323925
21970	-37.4408	-38.56905	1.128243	0.155276	0.169913
21980	-37.94412	-39.97986	2.03574	0.117238	0.129788
21990	-37.76571	-39.60521	1.839502	0.202435	0.0614931
22000	-39.15426	-39.46376	0.3094939	0.0941794	0.301529
22010	-37.83772	-37.39583	-0.4418886	0.236648	0.223777
22020	-37.45092	-38.68891	1.237982	0.195194	0.120543
22030	-38.21613	-38.1828	-0.0333347	0.282875	0.142362
22040	-37.76148	-39.11675	1.355269	0.0912367	0.214399
22050	-38.72323	-41.5599	2.836668	0.0193075	0.158734
22060	-37.42975	-38.07502	0.6452672	0.202409	0.164379
22070	-38.44349	-37.13602	-1.307471	0.250498	0.28448
22080	-37.83041	-39.80736	1.976945	0.11313	0.13896
22090	-37.80453	-39.63632	1.831782	0.135638	0.128955
22100	-37.72132	-39.37533	1.654007	0.212752	0.0671533
22110	-43.31081	-42.78666	-0.5241492	0.417698	0.0498129
22120	-37.42643	-38.11439	0.6879628	0.202147	0.160964
22130	-38.68175	-41.1514	2.469652	0.124275	0.085378
22140	-37.458	-38.39916	0.9411533	0.21231	0.128993
22150	-37.58518	-39.28315	1.697977	0.182756	0.0933617
22160	-38.24544	-38.9897	0.7442632	0.27251	0.0857518
22170	-37.96882	-38.79161	0.8227839	0.107357	0.244141
22180	-38.13514	-39.25687	1.121733	0.256424	0.0693255
22190	-37.673	-37.75183	0.07882327	0.239698	0.175878
22200	-39.53332	-42.94005	3.406728	0.0216681	0.107274
22210	-37.70973	-37.72366	0.01392145	0.181334	0.239832
22220	-38.16896	-37.48486	-0.6841007	0.200211	0.281076
22230	-37.51938	-37.73608	0.2167019	0.20631	0.19739
22240	-38.2511	-38.11468	-0.1364243	0.28517	0.148946
22250	-37.6041	-39.17087	1.566764	0.159774	0.127645
22260	-37.49494	-38.87175	1.376804	0.176564	0.127217
22270	-39.12742	-37.1395	-1.987917	0.254876	0.33871
22280	-37.56819	-38.89483	1.326644	0.217503	0.0905975
22290	-37.55051	-37.72576	0.1752448	0.218764	0.188508
22300	-37.4971	-38.88436	1.387261	0.132754	0.170125
22310	-37.45068	-38.10265	0.6519693	0.168062	0.198149
22320	-37.78515	-38.39213	0.6069791	0.252001	0.118084
22330	-37.6914	-38.50293	0.8115232	0.124744	0.227724
22340	-37.49889	-38.30332	0.8044322	0.221819	0.13126
22350	-38.8715	-39.00369	0.1321925	0.308272	0.102707
22360	-38.15369	-39.11666	0.9629707	0.262638	0.0767857
22370	-37.72658	-37.56988	-0.1566981	0.238506	0.197356
22380	-38.06149	-38.87079	0.8092957	0.103808	0.248852
22390	-37.47786	-38.85659	1.378723	0.192638	0.110977
22400	-38.09789	-40.19992	2.102029	0.125192	0.116125
22410	-37.56763	-38.71943	1.151798	0.117028	0.206132
22420	-37.57847	-38.14621	0.5677421	0.15142	0.222046
22430	-37.91867	-38.24786	0.3291858	0.139562	0.254451
22440	-37.64044	-39.27351	1.633073	0.139049	0.142659
22450	-37.80393	-38.37574	0.571811	0.131385	0.24173
22460	-39.5851	-37.33479	-2.25031	0.341379	0.274807
22470	-41.51089	-38.56067	-2.950219	0.427885	0.248584
22480	-37.5875	-39.23014	1.642634	0.17516	0.105724
22490	-37.54019	-39.06475	1.524561	0.127271	0.163783
22500	-37.683	-37.51998	-0.1630227	0.2247	0.211706
22510	-38.20265	-40.37027	2.167622	0.129991	0.105676
22520	-37.73576	-38.30457	0.5688095	0.248755	0.124618
22530	-38.04618	-39.05009	1.003917	0.0942825	0.241615
22540	-38.52636	-38.09525	-0.4311129	0.300393	0.159104
22550	-37.61823	-38.64245	1.024219	0.118621	0.215528
22560	-37.66593	-38.65224	0.986316	0.116643	0.220771
22570	-37.45477	-38.55596	1.101182	0.141734	0.185786
22580	-37.67939	-38.99132	1.311928	0.227502	0.0818666
22590	-37.53319	-37.72633	0.1931363	0.198048	0.207682
22600	-38.25032	-40.93464	2.684322	0.0354815	0.155682
22610	-40.02368	-37.11654	-2.907139	0.347012	0.325746
22620	-37.48719	-38.12149	0.6343043	0.219786	0.147946
22630	-38.07883	-37.64175	-0.437082	0.185241	0.27477
22640	-37.47109	-37.85562	0.3845286	0.193784	0.195461
22650	-37.40963	-38.24888	0.839254	0.191803	0.158277
22660	-37.81117	-39.65509	1.843919	0.205152	0.0583956
22670	-37.46081	-38.10543	0.6446226	0.213811	0.153033
22680	-41.95288	-37.17372	-4.779154	0.351006	0.48299
22690	-37.40992	-38.17477	0.7648477	0.190782	0.165706
22700	-38.31136	-38.42194	0.110577	0.286635	0.126206
22710	-37.51963	-38.9974	1.477768	0.126016	0.169069
22720	-37.94548	-38.56932	0.6238395	0.119824	0.24881
22730	-37.8538	-39.70851	1.854718	0.206798	0.055819
22740	-37.95546	-40.19723	2.241776	0.0916921	0.137588
22750	-39.65536	-39.67486	0.01950705	0.0962477	0.324437
22760	-37.42515	-38.28364	0.8584878	0.202761	0.145662
22770	-37.94499	-38.40235	0.4573568	0.26386	0.119113
22780	-39.70572	-41.07384	1.368116	0.0380745	0.266454
22790	-37.48595	-38.71188	1.225923	0.127816	0.18896
22800	-38.53196	-37.87803	-0.6539287	0.173052	0.305637
22810	-38.18939	-39.83106	1.641663	0.233359	0.0476091
22820	-37.54187	-39.06022	1.518344	0.107756	0.183834
22830	-38.02901	-38.72466	0.6956469	0.11153	0.250919
22840	-37.58258	-39.02496	1.442377	0.102398	0.195734
22850	-38.88464	-41.96036	3.075725	0.0181563	0.139295
22860	-37.55037	-39.17076	1.620391	0.186539	0.0962614
22870	-37.64762	-39.44059	1.792965	0.112608	0.155329
22880	-37.45649	-38.35556	0.8990678	0.149428	0.1955
22890	-38.45942	-38.86741	0.4079866	0.109992	0.277234
22900	-37.4414	-38.5459	1.104503	0.150314	0.17692
22910	-38.46032	-39.78483	1.324514	0.257633	0.0506509
22920	-37.71778	-37.48587	-0.2319043	0.214267	0.228072
22930	-38.01392	-39.70939	1.695469	0.224393	0.0519405
22940	-37.62599	-38.53023	0.9042407	0.12474	0.219743
22950	-37.44536	-37.95041	0.5050537	0.187438	0.191427
22960	-37.73486	-38.77348	1.038622	0.240346	0.0925623
22970	-37.77379	-39.90537	2.13158	0.0681337	0.170638
22980	-37.95818	-37.82694	-0.1312323	0.26587	0.167799
22990	-37.74949	-38.20368	0.4541875	0.250581	0.132665
23000	-37.83762	-37.43464	-0.4029808	0.242381	0.214693
23010	-37.7982	-39.7896	1.991393	0.166153	0.084693
23020	-38.01254	-39.26527	1.252729	0.083522	0.230945
23030	-37.58835	-39.2952	1.706844	0.0965223	0.178832
23040	-37.9733	-37.52264	-0.4506524	0.196546	0.264634
23050	-38.06825	-39.94518	1.876927	0.214473	0.0462322
23060	-39.48956	-37.93996	-1.549597	0.345916	0.209916
23070	-38.92202	-41.4903	2.568279	0.111544	0.0896146
23080	-38.70678	-37.13591	-1.570874	0.288433	0.269233
23090	-42.34636	-38.18544	-4.160929	0.460166	0.320582
23100	-37.67232	-39.41512	1.742798	0.124909	0.147348
23110	-40.96184	-37.8109	-3.150935	0.245488	0.448269
23120	-37.44093	-38.59718	1.156246	0.173381	0.149396
23130	-37.41891	-38.17028	0.7513728	0.173381	0.184268
23140	-38.68644	-37.71332	-0.9731205	0.307482	0.198699
23150	-39.08605	-37.88797	-1.198087	0.327715	0.197842
23160	-38.70232	-41.75981	3.057482	0.0341187	0.124904
23170	-38.61182	-37.11544	-1.496382	0.252516	0.298734
23180	-39.05807	-37.22822	-1.829857	0.241665	0.338307
23190	-37.67017	-37.5512	-0.1189762	0.206139	0.226474
23200	-37.48922	-37.9059	0.4166859	0.215369	0.171107
23210	-37.5867	-38.35803	0.7713323	0.136733	0.219197
23220	-38.16129	-40.48126	2.319966	0.178094	0.0444519
23230	-37.79112	-37.49713	-0.2939974	0.204181	0.243506
23240	-40.07483	-38.65749	-1.417343	0.368327	0.176114
23250	-37.47243	-37.948	0.4755685	0.212717	0.168687
23260	-40.0849	-43.30048	3.215578	0.0603179	0.0850881
23270	-39.04596	-40.788	1.742033	0.0361998	0.236123
23280	-38.77552	-41.7809	3.005379	0.0474407	0.11607
23290	-38.53664	-37.86293	-0.6737088	0.174236	0.306156
23300	-41.16006	-39.50774	-1.65231	0.403853	0.160827
23310	-37.63496	-39.40824	1.77327	0.194223	0.0754096
23320	-38.15445	-40.41865	2.264202	0.0419832	0.185365
23330	-39.18507	-39.99572	0.8106458	0.297164	0.0553801
23340	-39.79287	-43.08412	3.291252	0.0458098	0.0930784
23350	-40.92499	-38.39255	-2.532438	0.405075	0.235411
23360	-37.96612	-37.59361	-0.3725102	0.26261	0.19184
23370	-40.90737	-39.37092	-1.536452	0.146331	0.40837
23380	-38.49604	-38.05797	-0.4380722	0.159795	0.300302
23390	-37.90123	-39.83238	1.931156	0.144509	0.111525
23400	-38.8992	-37.73098	-1.168218	0.19192	0.331065
23410	-38.06787	-38.04162	-0.02624653	0.274121	0.150505
23420	-38.90861	-39.31058	0.401976	0.0961359	0.291607
23430	-37.77615	-37.87999	0.1038317	0.16626	0.247162
23440	-37.70173	-39.36269	1.660965	0.210911	0.0683943
23450	-39.26859	-42.04901	2.780419	0.118683	0.0642034
23460	-37.66852	-39.48037	1.811851	0.113763	0.152546
23470	-38.38074	-41.21922	2.838484	0.0460233	0.131862
23480	-37.44902	-38.60632	1.157304	0.147605	0.175081
23490	-37.52376	-38.20027	0.6765142	0.226217	0.13788
23500	-37.48604	-38.83373	1.347692	0.202732	0.103556
23510	-37.75756	-39.54617	1.788612	0.13426	0.134051
23520	-37.93028	-37.5653	-0.3649827	0.192552	0.26125
23530	-37.9243	-38.46659	0.542289	0.125843	0.249815
23540	-39.16172	-37.02081	-2.140911	0.281036	0.325727
23550	-37.46266	-38.71922	1.256567	0.176075	0.138062
23560	-39.51951	-39.15152	-0.3679903	0.337609	0.116452
23570	-37.4686	-38.73056	1.261965	0.143978	0.169694
23580	-37.51583	-38.78699	1.271164	0.213219	0.0996603
23590	-37.59077	-38.57098	0.9802113	0.123755	0.214184
23600	-38.5844	-37.44097	-1.14343	0.297705	0.223145
23610	-37.95062	-40.00828	2.057661	0.114609	0.130529
23620	-37.97362	-39.28967	1.316049	0.0822336	0.22678
23630	-37.57847	-39.24637	1.667902	0.195243	0.0834652
23640	-38.55453	-37.70907	-0.8454652	0.186149	0.309037
23650	-37.89019	-37.40637	-0.4838185	0.213138	0.250899
23660	-38.84867	-40.29226	1.443586	0.260152	0.0378767
23670	-37.92429	-39.8504	1.926113	0.0604689	0.195999
23680	-38.07759	-38.1253	0.04770829	0.148802	0.269455
23690	-37.67738	-38.49249	0.8151063	0.241182	0.110978
23700	-37.71453	-37.89517	0.1806426	0.166106	0.240701
23710	-37.42445	-38.02906	0.6046045	0.193101	0.17719
23720	-37.68088	-39.00148	1.320605	0.0983208	0.2103
23730	-38.63089	-41.22479	2.593904	0.138256	0.0606951
23740	-39.15906	-40.24053	1.081475	0.284855	0.0443624
23750	-37.40748	-38.22443	0.8169489	0.181393	0.170609
23760	-38.41068	-40.60049	2.18981	0.20051	0.0332455
23770	-37.92661	-37.58201	-0.3445993	0.19092	0.261126
23780	-37.54635	-38.14052	0.5941708	0.229435	0.141754
23790	-37.8024	-39.80804	2.005636	0.166786	0.0828332
23800	-38.15664	-38.13803	-0.01861324	0.279484	0.144484
23810	-39.73689	-40.64602	0.9091307	0.0548242	0.289237
23820	-39.96248	-42.23195	2.269477	0.0110755	0.215819
23830	-37.52647	-37.94884	0.4223766	0.170746	0.21524
23840	-37.96794	-39.14532	1.177381	0.247812	0.0731453
23850	-38.90662	-39.8546	0.947989	0.070158	0.270557
23860	-37.69322	-38.32167	0.6284465	0.244815	0.123422
23870	-38.35698	-40.63339	2.276407	0.129468	0.0968295
23880	-38.0638	-40.13682	2.073018	0.126901	0.116914
23890	-37.83289	-39.91198	2.079087	0.0620911	0.181201
23900	-37.68013	-37.55953	-0.1206027	0.230401	0.202352
23910	-38.17263	-38.2854	0.1127661	0.279672	0.132981
23920	-39.32041	-37.33335	-1.987058	0.330046	0.263466
23930	-37.60051	-38.06946	0.4689465	0.156048	0.225927
23940	-37.67155	-39.41222	1.740672	0.125109	0.147331
23950	-37.54766	-38.95163	1.403968	0.211323	0.0901174
23960	-38.17962	-38.87949	0.6998665	0.271012	0.0910732
23970	-41.93923	-37.7194	-4.219833	0.439098	0.346724
23980	-37.49863	-38.36329	0.8646592	0.221216	0.126676
23990	-37.71972	-39.44775	1.72803	0.140577	0.132953
24000	-37.56498	-37.69622	0.1312351	0.219555	0.191507
24010	-38.25511	-40.60894	2.353826	0.146622	0.0730074
24020	-39.41583	-37.21461	-2.201219	0.329247	0.282711
24030	-37.98194	-40.27819	2.296252	0.0494658	0.175122
24040	-37.67628	-38.10186	0.4255881	0.244163	0.141546
24050	-37.83858	-39.93609	2.097512	0.177246	0.06446
24060	-38.60847	-37.25057	-1.357898	0.230347	0.308975
24070	-37.74379	-38.00405	0.2602646	0.250156	0.149793
24080	-38.82854	-41.95971	3.131172	0.0278152	0.124861
24090	-38.40453	-40.51177	2.10724	0.0383243	0.202543
24100	-37.5561	-37.79564	0.2395375	0.183363	0.218371
24110	-37.63322	-38.72157	1.08835	0.113795	0.21483
24120	-37.91608	-38.15286	0.2367792	0.145856	0.256116
24130	-37.58242	-38.6766	1.094182	0.227042	0.101081
24140	-37.5129	-38.12361	0.6107059	0.157545	0.21222
24150	-38.63462	-41.1686	2.53398	0.173129	0.0309835
24160	-37.50488	-38.29565	0.7907647	0.222881	0.131375
24170	-37.46896	-38.6573	1.188341	0.207543	0.112469
24180	-38.68203	-37.60267	-1.079364	0.305981	0.20935
24190	-38.39497	-41.18797	2.793001	0.0544769	0.127326
24200	-37.4077	-38.27452	0.8668175	0.187329	0.160377
24210	-37.43257	-38.29701	0.8644385	0.205807	0.142103
24220	-37.54729	-37.69618	0.1488944	0.200914	0.208627
24230	-39.6269	-39.8042	0.1772953	0.089259	0.317836
24240	-39.15368	-39.12703	-0.02664734	0.11148	0.31318
24250	-37.62531	-39.38966	1.764341	0.0885985	0.181803
24260	-38.35766	-37.29823	-1.059439	0.221896	0.291719
24270	-37.65424	-39.35237	1.69813	0.085942	0.190163
24280	-38.70461	-37.85089	-0.8537262	0.309299	0.186598
24290	-37.54316	-39.03194	1.488787	0.205387	0.0887487
24300	-37.79022	-39.23827	1.448048	0.228113	0.0695311
24310	-37.52465	-39.02246	1.497806	0.179661	0.113698
24320	-39.14133	-39.15339	0.01205938	0.109781	0.311546
24330	-40.01771	-39.15308	-0.8646298	0.360181	0.136655
24340	-37.78671	-39.00324	1.216527	0.237695	0.0798902
24350	-37.76243	-38.32542	0.5629832	0.250832	0.123044
24360	-38.15147	-40.50136	2.349893	0.155874	0.0640941
24370	-37.73119	-38.00612	0.2749269	0.249043	0.149642
24380	-37.78362	-39.80977	2.026148	0.173333	0.0745189
24390	-37.51716	-38.90309	1.385929	0.153239	0.149756
24400	-39.12848	-40.5258	1.39732	0.267868	0.0341455
24410	-37.83166	-39.92975	2.098085	0.0619251	0.179731
24420	-38.54079	-37.50376	-1.037026	0.296846	0.214838
24430	-37.51789	-38.91082	1.39293	0.164432	0.13796
24440	-38.09113	-38.88655	0.7954165	0.103266	0.250589
24450	-42.67875	-37.46502	-5.213724	0.454433	0.416992
24460	-37.52545	-39.06283	1.537379	0.184989	0.104961
24470	-38.45143	-37.14068	-1.310754	0.248665	0.286596
24480	-37.50277	-38.02886	0.5260901	0.221679	0.155374
24490	-41.17208	-39.09675	-2.075333	0.409725	0.19139
24500	-37.55411	-37.98608	0.4319708	0.165206	0.219954
24510	-41.51414	-38.02237	-3.491771	0.247075	0.476039
24520	-38.68841	-37.07875	-1.609665	0.263008	0.297998
24530	-37.42743	-38.45182	1.024387	0.198922	0.135212
24540	-37.58919	-39.2766	1.687404	0.114973	0.162056
24550	-38.18231	-37.48781	-0.6944994	0.199989	0.282194
24560	-39.06648	-37.21119	-1.855289	0.243918	0.338244
24570	-38.92447	-38.09582	-0.8286493	0.166677	0.32706
24580	-37.67257	-39.41366	1.741092	0.165496	0.106909
24590	-40.13426	-37.23026	-2.903998	0.272538	0.39995
24600	-37.55474	-39.11119	1.556457	0.126961	0.161346
24610	-37.54514	-38.29857	0.753435	0.142807	0.214664
24620	-38.1468	-38.8815	0.7347036	0.26881	0.0902754
24630	-44.56188	-41.63091	-2.93097	0.140207	0.534604
24640	-38.64262	-40.01332	1.370698	0.259741	0.0445651
24650	-39.00321	-37.20612	-1.797093	0.309961	0.267189
24660	-39.63097	-37.48034	-2.150627	0.231731	0.375869
24670	-37.58455	-39.31343	1.72888	0.100995	0.172461
24680	-38.0102	-40.03502	2.024818	0.139221	0.108746
24690	-37.45291	-38.32106	0.8681458	0.212034	0.135557
24700	-37.53449	-38.46166	0.9271656	0.225437	0.117071
24710	-37.4147	-38.12538	0.7106803	0.181277	0.179877
24720	-37.41251	-38.33088	0.9183692	0.171383	0.171883
24730	-37.40699	-38.2593	0.8523149	0.18531	0.163645
24740	-38.53523	-37.68662	-0.8486145	0.187544	0.307913
24750	-37.63578	-39.22619	1.590408	0.210041	0.0753422
24760	-39.11223	-39.58375	0.4715264	0.0872981	0.294454
24770	-37.52829	-37.76227	0.2339769	0.216122	0.186091
24780	-44.40092	-40.36754	-4.033375	0.194795	0.574967
24790	-38.08961	-38.03462	-0.05498781	0.155131	0.271971
24800	-37.74558	-38.55868	0.8131016	0.120693	0.231639
24810	-37.72679	-38.79925	1.072457	0.238873	0.0911211
24820	-38.38677	-40.7309	2.344136	0.135951	0.0845122
24830	-37.84357	-39.93372	2.090144	0.181128	0.0612123
24840	-37.86428	-37.3877	-0.4765728	0.218678	0.244735
24850	-37.62155	-39.38157	1.760023	0.193081	0.0776928
24860	-39.41156	-37.03001	-2.381542	0.281725	0.345763
24870	-37.87052	-40.12733	2.256806	0.0581602	0.169825
24880	-37.69769	-39.04975	1.352058	0.227057	0.0788546
24890	-37.70429	-37.50467	-0.1996189	0.211461	0.228097
24900	-37.50855	-38.95106	1.442506	0.122269	0.175852
24910	-37.90703	-39.00368	1.096644	0.0959142	0.231997
24920	-38.06967	-39.34895	1.27928	0.24773	0.0644501
24930	-38.95406	-38.78049	-0.173574	0.316154	0.121162
24940	-40.33639	-37.0669	-3.269499	0.352675	0.351294
24950	-37.50653	-38.94112	1.434591	0.123679	0.175124
24960	-38.10061	-40.05017	1.949567	0.210348	0.0440997
24970	-37.95625	-37.47162	-0.4846342	0.25749	0.206617
24980	-39.75835	-39.69634	-0.0620031	0.0978627	0.329843
24990	-37.74766	-37.56442	-0.1832372	0.240882	0.197266
25000	-37.52377	-38.92352	1.399745	0.159864	0.14194
