Iteration	Posterior	Likelihood	Prior	rate[1]	rate[2]
0	-38.05231	-39.89602	1.843711	0.0576792	0.205886
10	-37.43199	-38.00924	0.5772532	0.185089	0.187557
20	-38.3139	-37.46433	-0.8495668	0.203377	0.292162
30	-39.27401	-39.77033	0.4963144	0.310453	0.069165
40	-37.65752	-38.46703	0.8095077	0.127615	0.225027
50	-38.41681	-37.24921	-1.167604	0.228682	0.294249
60	-37.76709	-38.13238	0.3652938	0.252289	0.138614
70	-39.2478	-42.12101	2.873215	0.147122	0.0277717
80	-37.63976	-37.72606	0.08629503	0.234724	0.180209
90	-37.80246	-39.09831	1.295853	0.235482	0.0752707
100	-37.61985	-39.36591	1.74606	0.194704	0.0772722
110	-37.94401	-39.29811	1.3541	0.239585	0.0661506
120	-39.97807	-36.98612	-2.991954	0.319458	0.360606
130	-37.95575	-37.34286	-0.6128922	0.247334	0.22782
140	-37.41232	-38.25	0.837676	0.194826	0.15539
150	-38.19667	-40.90606	2.709384	0.0462402	0.142764
160	-37.83606	-38.65083	0.8147674	0.114866	0.237323
170	-37.52876	-38.34292	0.8141581	0.226178	0.126063
180	-37.89358	-39.89922	2.005646	0.116151	0.133467
190	-42.21612	-37.3863	-4.829819	0.329609	0.508751
200	-38.61385	-38.72805	0.1141956	0.299405	0.113125
210	-37.92127	-39.15417	1.232901	0.243672	0.0725028
220	-37.8427	-38.68508	0.8423827	0.112917	0.236893
230	-37.81218	-37.406	-0.4061867	0.232846	0.224504
240	-38.21145	-38.76105	0.549594	0.275633	0.0993959
250	-37.4739	-38.01489	0.5409898	0.171399	0.204371
260	-37.6604	-37.6432	-0.0172052	0.192572	0.231275
270	-37.69178	-39.45479	1.76301	0.163886	0.10663
280	-37.6314	-37.56781	-0.06358404	0.217012	0.21083
290	-37.67085	-37.63821	-0.0326362	0.234939	0.190237
300	-37.42116	-38.10722	0.6860652	0.178165	0.185109
310	-37.74882	-37.89791	0.1490959	0.249875	0.159648
320	-37.43242	-38.42374	0.9913125	0.203042	0.133941
330	-38.0768	-40.58755	2.510746	0.0437291	0.162384
340	-37.89818	-40.24493	2.346754	0.0715643	0.148674
350	-37.57859	-38.11888	0.5402828	0.23359	0.142241
360	-38.45533	-38.08419	-0.3711452	0.157249	0.297083
370	-37.49684	-37.78416	0.2873231	0.199921	0.197697
380	-39.07599	-38.64821	-0.4277803	0.323749	0.135462
390	-38.4301	-38.01222	-0.4178777	0.295352	0.163006
400	-37.89914	-39.84245	1.943313	0.147559	0.107428
410	-39.32726	-37.27367	-2.05359	0.243313	0.355929
420	-38.78279	-41.33983	2.557043	0.126592	0.0755335
430	-37.73771	-38.37227	0.6345583	0.132099	0.235611
440	-37.55615	-37.85055	0.2944068	0.177434	0.219574
450	-38.77851	-40.08874	1.310232	0.265839	0.0436759
460	-38.87628	-39.05257	0.1762911	0.307565	0.0996161
470	-38.02319	-37.96767	-0.05552616	0.271126	0.156022
480	-38.28268	-40.24027	1.95759	0.0461917	0.207565
490	-37.59102	-39.30886	1.717832	0.110087	0.16432
500	-37.42735	-38.01172	0.5843652	0.193286	0.178747
510	-39.08099	-39.58756	0.5065658	0.305265	0.0734694
520	-41.24227	-44.6433	3.401033	0.101702	0.0277304
530	-37.85327	-38.38813	0.53486	0.130506	0.245792
540	-37.71439	-39.4481	1.733717	0.154837	0.118202
550	-37.75703	-38.93734	1.180309	0.237302	0.0834022
560	-37.42717	-38.01788	0.5907179	0.188063	0.183423
570	-37.86497	-39.76868	1.903708	0.14784	0.110558
580	-37.93977	-38.56108	0.6213095	0.120277	0.248575
590	-37.48709	-38.61723	1.130141	0.130763	0.194263
600	-37.92476	-37.55917	-0.3655893	0.258274	0.195579
610	-37.72649	-39.38763	1.661136	0.212646	0.0666453
620	-37.43072	-38.06509	0.6343711	0.17787	0.189857
630	-39.83693	-39.4701	-0.3668241	0.111279	0.342681
640	-39.88348	-39.94097	0.05749877	0.337941	0.0794721
650	-37.84917	-38.62135	0.7721792	0.11654	0.239317
660	-37.92415	-37.33305	-0.5911049	0.239789	0.233488
670	-38.07883	-37.30348	-0.7753496	0.25696	0.232187
680	-37.4795	-37.94096	0.4614583	0.214372	0.168248
690	-37.96429	-38.68753	0.723241	0.260688	0.0993846
700	-38.73997	-37.6536	-1.086371	0.309553	0.206382
710	-38.26077	-37.84793	-0.4128358	0.17063	0.287293
720	-38.08933	-38.93168	0.8423547	0.263633	0.0861798
730	-37.87923	-37.46522	-0.4140157	0.204868	0.253157
740	-37.80809	-38.24852	0.4404243	0.255129	0.129302
750	-37.92518	-37.40608	-0.5191005	0.211661	0.255415
760	-37.42143	-38.08951	0.6680796	0.197958	0.166866
770	-38.55945	-38.61616	0.05671362	0.298084	0.119397
780	-37.64317	-37.64348	0.0003165318	0.19392	0.228418
790	-37.90667	-38.52916	0.6224948	0.259415	0.109334
800	-37.55928	-37.71377	0.1544924	0.19402	0.215039
810	-37.49477	-38.89744	1.402668	0.200781	0.100771
820	-37.44015	-38.04149	0.6013359	0.176785	0.193787
830	-37.64095	-38.79605	1.155105	0.230337	0.0925385
840	-39.41928	-37.596	-1.823276	0.215913	0.363492
850	-37.5583	-37.67304	0.1147404	0.212955	0.199528
860	-37.82823	-38.84706	1.018829	0.104093	0.230521
870	-38.27619	-37.5164	-0.759791	0.198034	0.289772
880	-39.28175	-40.04475	0.7629962	0.301152	0.0554964
890	-37.46423	-38.63272	1.16849	0.207156	0.114567
900	-38.73363	-37.32819	-1.405442	0.302038	0.241379
910	-37.46003	-38.53786	1.077827	0.140274	0.189258
920	-38.57119	-40.82895	2.257754	0.19859	0.0293136
930	-37.50619	-38.03924	0.5330504	0.164905	0.211548
940	-37.96833	-38.10941	0.1410817	0.267446	0.142768
950	-37.86415	-37.70569	-0.1584614	0.257017	0.178996
960	-37.64068	-37.96662	0.3259348	0.162439	0.231854
970	-38.02465	-40.48809	2.463443	0.0470337	0.163154
980	-37.89168	-37.41024	-0.4814377	0.212418	0.251414
990	-38.90068	-41.82208	2.921396	0.0620251	0.108719
1000	-38.13106	-40.66539	2.534339	0.0697652	0.134316
1010	-37.56223	-39.21711	1.65488	0.188009	0.0918204
1020	-38.13812	-40.66271	2.524596	0.0715162	0.133404
1030	-38.20006	-37.46794	-0.7321251	0.2757	0.209723
1040	-37.90284	-40.03329	2.130453	0.16398	0.0748886
1050	-38.57346	-38.39516	-0.1782986	0.30123	0.136493
1060	-38.16682	-37.21541	-0.9514075	0.251851	0.25246
1070	-38.92077	-40.35741	1.436639	0.0495386	0.249088
1080	-38.71621	-40.46785	1.751638	0.0423535	0.229142
1090	-37.53321	-39.07347	1.540258	0.112707	0.176995
1100	-39.31513	-39.34248	0.02735488	0.32404	0.095969
1110	-39.03049	-38.46701	-0.5634797	0.145784	0.325114
1120	-38.25124	-37.88105	-0.3701891	0.168052	0.286197
1130	-37.55656	-39.14212	1.585562	0.103822	0.181978
1140	-38.21446	-37.53034	-0.6841226	0.196153	0.285136
1150	-37.41781	-38.4058	0.9879892	0.168267	0.169002
1160	-37.49882	-37.90479	0.4059703	0.217663	0.169736
1170	-37.56132	-37.66398	0.1026532	0.206194	0.20733
1180	-37.79103	-39.02451	1.233487	0.0952627	0.220862
1190	-38.03403	-39.65269	1.618665	0.0667557	0.216193
1200	-37.53472	-38.30754	0.7728276	0.14293	0.212872
1210	-37.77306	-39.72428	1.951224	0.192344	0.0619615
1220	-37.83033	-39.03561	1.205281	0.240409	0.0781449
1230	-38.36522	-37.19672	-1.168501	0.237225	0.285783
1240	-37.46021	-38.06955	0.6093491	0.168925	0.200956
1250	-37.43656	-38.42628	0.9897231	0.152415	0.184705
1260	-39.79821	-39.02627	-0.7719376	0.133771	0.355082
1270	-37.48841	-38.58392	1.095518	0.215017	0.112991
1280	-39.84767	-39.81227	-0.03539994	0.094548	0.330866
1290	-37.86301	-37.89773	0.03471745	0.259373	0.160002
1300	-38.42736	-37.12717	-1.300192	0.259109	0.275242
1310	-37.41663	-38.09283	0.6762006	0.193193	0.170931
1320	-39.2991	-37.08363	-2.215466	0.267822	0.345362
1330	-38.59124	-38.09069	-0.5005506	0.30378	0.161698
1340	-37.79371	-37.54811	-0.2456042	0.19731	0.24621
1350	-37.57755	-38.1004	0.5228475	0.154818	0.222514
1360	-40.35398	-37.53535	-2.818634	0.377195	0.287941
1370	-41.36881	-42.68196	1.313145	0.298091	0.0111728
1380	-38.67739	-39.55282	0.8754285	0.282299	0.0646649
1390	-37.41206	-38.26552	0.8534525	0.172397	0.17646
1400	-40.7164	-37.39085	-3.325548	0.386654	0.322143
1410	-38.27453	-37.39129	-0.8832365	0.210529	0.28791
1420	-38.32679	-37.17588	-1.150902	0.242901	0.278592
1430	-39.67114	-37.78918	-1.881962	0.20789	0.376569
1440	-38.17832	-40.33345	2.155128	0.125454	0.111289
1450	-38.7127	-37.36215	-1.350549	0.302154	0.236535
1460	-37.59672	-37.85532	0.2586015	0.232867	0.167225
1470	-38.05087	-37.74875	-0.3021158	0.271486	0.176901
1480	-38.32795	-37.85108	-0.4768683	0.171397	0.292041
1490	-37.55277	-39.15102	1.598256	0.105585	0.179122
1500	-37.42345	-38.1826	0.7591488	0.170066	0.186914
1510	-37.903	-39.83076	1.927758	0.14276	0.113566
1520	-37.68619	-38.48393	0.79774	0.242152	0.111503
1530	-39.02195	-39.279	0.2570523	0.100367	0.299859
1540	-37.71694	-39.5141	1.797168	0.0773048	0.19027
1550	-37.41214	-38.18758	0.7754382	0.17702	0.178556
1560	-38.27566	-40.51502	2.239361	0.192098	0.0373896
1570	-37.44664	-38.61385	1.167209	0.200559	0.121274
1580	-38.15151	-39.56858	1.417068	0.244228	0.0560841
1590	-37.52638	-38.93219	1.405805	0.153926	0.147357
1600	-38.71415	-37.18234	-1.531811	0.293172	0.261129
1610	-39.36471	-38.22431	-1.140397	0.169483	0.351106
1620	-39.38743	-38.13083	-1.2566	0.341458	0.189138
1630	-38.16461	-40.82229	2.657679	0.0545737	0.138884
1640	-38.91655	-37.68544	-1.231105	0.318494	0.209907
1650	-37.91672	-37.66115	-0.2555715	0.183528	0.26085
1660	-37.62195	-38.75476	1.132806	0.112457	0.212339
1670	-37.73296	-38.44311	0.710142	0.246975	0.114225
1680	-39.62539	-37.12023	-2.505156	0.27087	0.367266
1690	-37.49737	-38.46016	0.9627884	0.219582	0.119858
1700	-38.61219	-37.82221	-0.7899824	0.304477	0.18593
1710	-37.59444	-37.70506	0.1106171	0.226705	0.186133
1720	-37.5483	-39.00322	1.454923	0.160064	0.136988
1730	-38.01405	-39.89677	1.882717	0.212056	0.0481498
1740	-38.05489	-40.48265	2.427763	0.0444787	0.168782
1750	-37.89547	-37.3794	-0.5160617	0.243935	0.222879
1760	-38.32378	-37.34216	-0.9816205	0.278928	0.227985
1770	-37.83811	-37.634	-0.2041089	0.253074	0.186871
1780	-38.70426	-41.22303	2.518767	0.128298	0.077125
1790	-37.50524	-38.91775	1.412508	0.176741	0.123964
1800	-37.49474	-38.05672	0.561975	0.220572	0.153391
1810	-37.62575	-39.26352	1.637767	0.0908034	0.1905
1820	-38.49105	-41.4075	2.916444	0.0425048	0.128666
1830	-38.01884	-39.25954	1.2407	0.0838248	0.231678
1840	-37.56539	-38.56312	0.9977245	0.227669	0.108762
1850	-37.52584	-37.72541	0.1995732	0.208162	0.197014
1860	-37.47304	-38.18927	0.7162266	0.217244	0.143432
1870	-37.5851	-37.90016	0.3150606	0.170601	0.224628
1880	-38.42173	-39.66216	1.240425	0.069922	0.245605
1890	-38.12769	-38.05303	-0.07466267	0.277884	0.150912
1900	-37.80812	-37.614	-0.1941191	0.24965	0.189435
1910	-38.09989	-39.33866	1.238776	0.0806892	0.23498
1920	-37.41089	-38.26128	0.850392	0.173828	0.175293
1930	-39.60397	-37.3382	-2.265766	0.244346	0.373171
1940	-39.33757	-40.37028	1.03271	0.0572064	0.276211
1950	-37.45356	-37.90186	0.4482928	0.198415	0.185339
1960	-37.73953	-37.5957	-0.1438312	0.241586	0.193168
1970	-37.56339	-37.66004	0.09664827	0.210995	0.203046
1980	-37.4418	-38.60456	1.162759	0.174544	0.147673
1990	-37.76925	-39.4046	1.635354	0.0789397	0.202572
2000	-37.85347	-38.18614	0.3326784	0.258962	0.13475
2010	-37.5788	-39.24106	1.662251	0.179872	0.099323
2020	-37.57895	-37.83133	0.2523829	0.177485	0.223142
2030	-37.54114	-38.30368	0.7625401	0.228263	0.128424
2040	-38.2902	-39.50729	1.217095	0.257746	0.0597907
2050	-37.47479	-38.58128	1.106489	0.134775	0.192288
2060	-39.17693	-37.78679	-1.390137	0.194611	0.347487
2070	-38.37189	-38.96664	0.5947513	0.281014	0.090125
2080	-40.05091	-38.54427	-1.506641	0.168545	0.383588
2090	-38.2422	-37.583	-0.6591957	0.191662	0.28748
2100	-37.432	-38.13081	0.6988096	0.170878	0.191298
2110	-37.69163	-39.56662	1.874995	0.0781548	0.182716
2120	-38.88198	-40.76215	1.880171	0.0347629	0.225662
2130	-37.89044	-40.24557	2.355131	0.0598986	0.159618
2140	-38.51067	-38.69615	0.1854845	0.294286	0.112104
2150	-37.58439	-39.31339	1.729003	0.101709	0.171737
2160	-37.63568	-37.56388	-0.07180461	0.218115	0.210435
2170	-39.49527	-39.29475	-0.2005264	0.333879	0.105758
2180	-37.49967	-38.81161	1.311943	0.20844	0.100927
2190	-38.01353	-37.35757	-0.6559594	0.216271	0.262593
2200	-38.47247	-41.39505	2.922578	0.0336164	0.137026
2210	-38.66818	-39.35247	0.6842937	0.0888603	0.274566
2220	-40.7477	-44.01689	3.269187	0.102488	0.0383009
2230	-39.38703	-37.42468	-1.96235	0.229881	0.361502
2240	-46.55501	-43.19015	-3.364865	0.127294	0.584889
2250	-37.86956	-39.87546	2.0059	0.158001	0.0915952
2260	-38.05743	-38.67879	0.6213545	0.267288	0.10156
2270	-38.57808	-37.5644	-1.013683	0.299999	0.209676
2280	-41.15971	-41.81355	0.6538418	0.0432605	0.322789
2290	-37.4501	-38.66991	1.219816	0.18119	0.136112
2300	-40.0015	-41.43352	1.432024	0.277965	0.0210592
2310	-38.20002	-40.50465	2.304622	0.147512	0.0763554
2320	-37.66779	-39.59515	1.927369	0.0821987	0.174161
2330	-37.51114	-38.61313	1.10199	0.218477	0.108973
2340	-37.65308	-39.36374	1.710667	0.166515	0.108509
2350	-39.36674	-42.31343	2.946695	0.13069	0.0378746
2360	-39.12265	-38.33956	-0.7830876	0.155908	0.333905
2370	-38.60231	-37.95312	-0.6491917	0.304398	0.173882
2380	-37.79316	-37.52215	-0.2710061	0.200611	0.245096
2390	-38.72428	-40.4277	1.703424	0.0438647	0.231784
2400	-37.56666	-39.17358	1.606922	0.177431	0.10653
2410	-37.49976	-38.8402	1.340441	0.158071	0.148841
2420	-38.7505	-41.72371	2.97321	0.0503443	0.115937
2430	-38.33201	-40.10224	1.770236	0.0511468	0.218747
2440	-38.09458	-38.07223	-0.02235374	0.275795	0.148495
2450	-37.81203	-38.81935	1.007315	0.245813	0.0897919
2460	-38.20564	-40.92337	2.717723	0.0447026	0.143584
2470	-38.12698	-40.46637	2.33939	0.0925139	0.128359
2480	-37.50336	-37.85441	0.3510449	0.183695	0.208434
2490	-37.50234	-38.86224	1.359907	0.148084	0.157152
2500	-39.63031	-37.32026	-2.310056	0.246942	0.37439
2510	-39.55488	-38.1784	-1.376479	0.17759	0.363332
2520	-37.91672	-37.56284	-0.3538756	0.192943	0.259901
2530	-39.16158	-37.0154	-2.146172	0.28427	0.322946
2540	-37.74709	-39.56109	1.813996	0.158828	0.107297
2550	-37.82436	-38.1639	0.3395424	0.256819	0.136301
2560	-38.6557	-37.42665	-1.229043	0.212217	0.316007
2570	-37.63239	-37.7024	0.07001061	0.232697	0.183638
2580	-38.1332	-38.42063	0.2874308	0.276023	0.121586
2590	-37.56469	-38.85545	1.290758	0.110791	0.200401
2600	-37.55404	-37.71053	0.1564921	0.218107	0.19078
2610	-39.96626	-40.4577	0.4914378	0.325528	0.0545098
2620	-39.84893	-37.62701	-2.221916	0.225665	0.388075
2630	-38.83225	-39.28628	0.4540356	0.0956583	0.287601
2640	-37.77993	-39.46022	1.680283	0.214748	0.0628933
2650	-37.88046	-39.84644	1.965985	0.199264	0.0537702
2660	-38.36038	-41.15166	2.791285	0.0319329	0.150018
2670	-37.92024	-38.2578	0.3375634	0.13892	0.254371
2680	-37.73335	-39.53805	1.804703	0.0757489	0.191176
2690	-38.00216	-39.76384	1.761672	0.0625697	0.208062
2700	-37.992	-40.36242	2.370416	0.0791377	0.139062
2710	-39.22806	-38.07249	-1.155569	0.175845	0.34605
2720	-37.56403	-39.1098	1.545767	0.132515	0.156713
2730	-37.58815	-37.68999	0.1018421	0.193278	0.220315
2740	-39.72087	-37.09168	-2.629198	0.27818	0.370639
2750	-40.05121	-37.18373	-2.867488	0.275564	0.39378
2760	-37.78609	-39.59629	1.810198	0.148918	0.117535
2770	-37.93959	-39.43872	1.499126	0.232485	0.0607594
2780	-37.7487	-38.80141	1.052707	0.107086	0.224609
2790	-37.64615	-39.33293	1.686778	0.0871271	0.189955
2800	-37.41521	-38.41687	1.001655	0.179771	0.156322
2810	-38.99625	-41.19373	2.197482	0.023909	0.209186
2820	-37.58469	-38.81412	1.229428	0.223006	0.0934682
2830	-38.23699	-39.58324	1.346251	0.250314	0.0560982
2840	-37.42534	-38.39288	0.9675439	0.159437	0.179593
2850	-37.47501	-38.78965	1.314649	0.178454	0.130679
2860	-38.19118	-37.81782	-0.3733634	0.281086	0.173437
2870	-38.9185	-37.35512	-1.563383	0.312262	0.244758
2880	-37.47887	-37.84498	0.3661105	0.191981	0.198851
2890	-38.41335	-37.23502	-1.178327	0.230701	0.293154
2900	-38.10013	-40.32905	2.228921	0.104101	0.126286
2910	-38.03051	-38.28601	0.2554997	0.270735	0.129624
2920	-38.86173	-39.3041	0.4423708	0.0954101	0.288854
2930	-37.44818	-38.55238	1.104193	0.145102	0.182158
2940	-37.45093	-38.46405	1.013121	0.145673	0.189432
2950	-37.77586	-38.30482	0.5289517	0.252122	0.124684
2960	-37.80621	-37.4109	-0.3953095	0.220449	0.235964
2970	-37.54081	-39.08948	1.548664	0.122314	0.166664
2980	-37.4733	-38.39771	0.9244173	0.215924	0.126821
2990	-38.96579	-38.63461	-0.3311788	0.134257	0.316633
3000	-38.55934	-38.51905	-0.04029419	0.131891	0.293945
3010	-37.76985	-39.933	2.163151	0.0785844	0.157468
3020	-37.62706	-38.06202	0.4349596	0.239021	0.145881
3030	-38.46199	-40.89208	2.430088	0.100972	0.112088
3040	-37.42549	-38.02164	0.596151	0.192481	0.178537
3050	-40.30928	-41.63133	1.322044	0.0312157	0.277281
3060	-37.59862	-38.65628	1.057662	0.118664	0.212604
3070	-40.6521	-43.87854	3.226438	0.0706971	0.0737735
3080	-37.78719	-37.42975	-0.3574471	0.232617	0.220535
3090	-39.02592	-39.06702	0.041094	0.111568	0.307257
3100	-38.17655	-38.47955	0.3029944	0.127502	0.268766
3110	-37.78721	-37.54888	-0.2383321	0.197466	0.245427
3120	-37.86289	-39.54758	1.684688	0.0717747	0.205488
3130	-37.95715	-40.28873	2.331576	0.0808947	0.140651
3140	-37.52377	-39.00672	1.482956	0.178128	0.116509
3150	-38.78549	-41.2899	2.504417	0.114511	0.092148
3160	-38.29925	-38.5391	0.2398456	0.28457	0.117138
3170	-37.88673	-40.09182	2.205093	0.0566343	0.175805
3180	-38.22658	-39.03138	0.8047971	0.0973221	0.255726
3190	-37.6295	-39.00489	1.375387	0.221073	0.0828295
3200	-38.4528	-41.3503	2.897504	0.042109	0.130693
3210	-37.45568	-37.89815	0.4424703	0.193205	0.19105
3220	-43.32642	-39.75543	-3.570997	0.195853	0.534084
3230	-39.65027	-40.96447	1.3142	0.280751	0.0284218
3240	-37.47116	-37.94949	0.4783284	0.178654	0.202513
3250	-42.67649	-37.23281	-5.443677	0.372849	0.518383
3260	-39.43949	-42.11126	2.671768	0.175213	0.0170313
3270	-37.5599	-39.15984	1.599944	0.178827	0.105734
3280	-38.38615	-38.54513	0.158974	0.126977	0.281696
3290	-37.947	-40.3707	2.4237	0.0547492	0.158862
3300	-37.83533	-39.44176	1.606437	0.0762438	0.207758
3310	-38.00343	-39.05808	1.054645	0.09356	0.237968
3320	-37.95359	-39.80124	1.847654	0.0616244	0.201601
3330	-37.70649	-39.41148	1.704993	0.145436	0.130077
3340	-38.17398	-37.44251	-0.7314711	0.27307	0.212297
3350	-37.49605	-37.88302	0.3869743	0.181488	0.207547
3360	-37.46822	-37.86468	0.3964663	0.193137	0.195081
3370	-39.80342	-39.73764	-0.06578075	0.0970172	0.331014
3380	-40.38164	-37.00758	-3.374066	0.320886	0.392089
3390	-37.45355	-38.65214	1.198597	0.165633	0.153497
3400	-37.95817	-38.64232	0.6841471	0.261146	0.102293
3410	-38.01154	-38.86985	0.8583075	0.259806	0.0886324
3420	-37.48704	-38.77662	1.289582	0.126618	0.184674
3430	-37.4993	-38.95528	1.455981	0.19561	0.101351
3440	-38.54841	-38.66694	0.1185355	0.123008	0.289148
3450	-38.69259	-38.55006	-0.142532	0.132892	0.301749
3460	-41.13492	-38.2962	-2.838722	0.216177	0.450689
3470	-37.97922	-37.2942	-0.6850217	0.235744	0.245623
3480	-38.04798	-37.28805	-0.7599326	0.251269	0.23655
3490	-38.01565	-40.28343	2.267783	0.170896	0.0561438
3500	-37.42745	-38.52726	1.099806	0.183907	0.143731
3510	-38.34386	-40.49031	2.146451	0.0388637	0.198627
3520	-40.05746	-37.00826	-3.049194	0.3333	0.351693
3530	-41.5857	-38.93496	-2.650737	0.19032	0.460355
3540	-37.44967	-38.68545	1.235776	0.187557	0.12837
3550	-39.88992	-38.15625	-1.733664	0.363144	0.208543
3560	-38.09685	-39.82626	1.729405	0.225189	0.0482215
3570	-37.80087	-39.11255	1.311679	0.234752	0.0746373
3580	-38.63481	-38.34738	-0.287429	0.304795	0.142327
3590	-39.78975	-37.55144	-2.238305	0.230199	0.384953
3600	-37.8207	-38.8309	1.010193	0.104979	0.230378
3610	-37.84383	-37.57599	-0.2678391	0.251694	0.193741
3620	-38.78458	-38.60553	-0.1790533	0.309935	0.127852
3630	-37.61781	-37.61178	-0.006021705	0.223009	0.199875
3640	-38.702	-37.27107	-1.430925	0.297912	0.247699
3650	-39.65173	-37.67485	-1.976884	0.351151	0.241485
3660	-38.78604	-38.63649	-0.149547	0.12992	0.305326
3670	-37.6211	-39.22354	1.602442	0.160581	0.123766
3680	-37.66468	-38.00005	0.3353706	0.242661	0.150819
3690	-37.43625	-38.00305	0.5668059	0.201512	0.172034
3700	-37.68681	-39.35078	1.663967	0.209569	0.0694783
3710	-37.48149	-38.1993	0.7178126	0.155412	0.205128
3720	-39.73063	-43.10161	3.37098	0.0351778	0.0968433
3730	-37.57462	-38.87539	1.300766	0.219273	0.0910563
3740	-38.47425	-37.29096	-1.183288	0.285867	0.238415
3750	-38.52495	-38.92383	0.3988776	0.290977	0.0970327
3760	-37.68156	-37.65441	-0.02715295	0.237214	0.18749
3770	-38.75556	-41.21166	2.456097	0.184531	0.0262891
3780	-37.53843	-38.12754	0.5891112	0.228285	0.14334
3790	-38.3991	-37.7106	-0.6884947	0.292253	0.189413
3800	-38.09855	-37.80216	-0.2963879	0.172246	0.275647
3810	-37.42427	-38.06475	0.6404834	0.198396	0.168805
3820	-37.44917	-38.12916	0.6799855	0.210962	0.152836
3830	-40.42537	-37.94992	-2.475452	0.218379	0.417199
3840	-37.98889	-40.02789	2.039001	0.122207	0.124538
3850	-37.43415	-38.37574	0.9415923	0.205138	0.136127
3860	-38.43524	-38.28456	-0.1506797	0.294695	0.140648
3870	-38.18747	-40.48135	2.293876	0.101897	0.122895
3880	-38.62116	-37.81068	-0.8104794	0.304874	0.187298
3890	-37.73577	-38.52605	0.7902808	0.122723	0.231575
3900	-37.92573	-37.96949	0.04376127	0.264405	0.154191
3910	-38.17184	-40.2874	2.115564	0.0449692	0.195182
3920	-37.44095	-37.96224	0.521283	0.200033	0.177434
3930	-37.80763	-37.70562	-0.1020102	0.18065	0.250502
3940	-41.25888	-38.43352	-2.825367	0.211016	0.4547
3950	-37.60453	-39.21444	1.609909	0.0942582	0.189445
3960	-37.50016	-37.86751	0.36735	0.182634	0.208091
3970	-37.61352	-38.0613	0.4477854	0.156122	0.227675
3980	-37.57544	-37.64137	0.06593002	0.21172	0.204967
3990	-38.72429	-37.10763	-1.616658	0.254051	0.307557
4000	-39.56808	-37.82758	-1.7405	0.348862	0.223414
4010	-37.48531	-38.22216	0.7368505	0.219725	0.139175
4020	-37.56146	-37.98766	0.4261948	0.230421	0.155236
4030	-37.69251	-39.58717	1.894662	0.17665	0.0825276
4040	-38.78772	-37.60002	-1.1877	0.311237	0.213425
4050	-37.6737	-39.33456	1.660853	0.146662	0.132654
4060	-38.21761	-37.4393	-0.7783107	0.205087	0.284314
4070	-37.90006	-40.05937	2.159313	0.17614	0.0602424
4080	-37.72798	-38.4454	0.7174209	0.127674	0.2329
4090	-38.08938	-39.11198	1.022599	0.0915492	0.242739
4100	-37.9251	-39.02653	1.101435	0.0947945	0.232704
4110	-37.57108	-37.78866	0.2175764	0.226952	0.176673
4120	-39.16449	-37.35467	-1.809823	0.230657	0.34759
4130	-37.91763	-37.4052	-0.5124301	0.249513	0.216988
4140	-37.6571	-37.82387	0.1667642	0.239612	0.16839
4150	-38.64595	-41.31049	2.664541	0.150275	0.0425921
4160	-38.01326	-37.52766	-0.4856028	0.264323	0.199868
4170	-37.80462	-39.67413	1.869517	0.126473	0.13487
4180	-37.41145	-38.18691	0.7754554	0.177813	0.177762
4190	-40.11379	-41.16987	1.05608	0.301757	0.0296474
4200	-37.47251	-38.29931	0.826806	0.149932	0.20122
4210	-37.61821	-39.42836	1.810153	0.0911238	0.175332
4220	-37.61481	-37.63992	0.0251095	0.225596	0.194606
4230	-40.62965	-38.407	-2.222646	0.393052	0.220751
4240	-39.31939	-38.76846	-0.5509233	0.333804	0.136012
4250	-38.22167	-39.57124	1.349578	0.249686	0.0564397
4260	-37.41306	-38.38351	0.9704442	0.187411	0.151369
4270	-37.60079	-38.68831	1.087521	0.116843	0.211854
4280	-37.60615	-39.24336	1.637209	0.128069	0.153283
4290	-38.456	-41.21587	2.759869	0.026742	0.157914
4300	-38.47906	-37.26338	-1.215686	0.28461	0.242463
4310	-40.1166	-37.82173	-2.294867	0.371682	0.248342
4320	-37.52182	-38.6859	1.164083	0.2181	0.104002
4330	-37.56591	-39.19609	1.630177	0.101661	0.180296
4340	-37.62287	-37.93693	0.3140605	0.237545	0.15777
4350	-37.99407	-37.86759	-0.1264859	0.166546	0.266714
4360	-37.51137	-37.76549	0.2541201	0.196662	0.203815
4370	-38.86695	-37.4975	-1.369454	0.313392	0.226925
4380	-37.42953	-38.49405	1.064524	0.197654	0.133024
4390	-38.11808	-37.58707	-0.5310091	0.190285	0.277816
4400	-43.41626	-38.93991	-4.476343	0.244775	0.56314
4410	-38.50797	-37.20192	-1.306056	0.282046	0.252811
4420	-37.48121	-38.76705	1.285842	0.205628	0.105987
4430	-37.82972	-40.02832	2.198601	0.0619002	0.171098
4440	-37.49381	-38.83386	1.340053	0.169228	0.137718
4450	-38.39587	-37.80658	-0.5892869	0.175815	0.297305
4460	-37.58452	-39.1263	1.541779	0.207736	0.0818347
4470	-37.75364	-39.69574	1.942098	0.108615	0.146477
4480	-37.89843	-40.03068	2.132245	0.0999987	0.138715
4490	-38.78254	-37.13999	-1.642545	0.248444	0.315395
4500	-37.60138	-38.14518	0.5438038	0.150457	0.22507
4510	-37.43807	-38.38691	0.9488441	0.206421	0.13422
4520	-37.49094	-38.90913	1.418184	0.186076	0.11414
4530	-37.64295	-39.53743	1.894486	0.0934387	0.165754
4540	-37.82918	-39.73141	1.902226	0.154385	0.104141
4550	-39.775	-40.56029	0.7852925	0.309887	0.0448405
4560	-37.90334	-39.92353	2.020186	0.195707	0.0526582
4570	-38.09973	-37.58273	-0.5169979	0.190589	0.276306
4580	-37.65783	-39.50959	1.851758	0.182787	0.0800854
4590	-37.44819	-37.92263	0.4744401	0.198507	0.182995
4600	-37.41755	-38.17241	0.7548679	0.19843	0.158918
4610	-37.49582	-38.34987	0.854056	0.143715	0.20509
4620	-37.43477	-38.53877	1.104	0.160975	0.166302
4630	-38.50705	-37.76214	-0.7449128	0.298593	0.187932
4640	-39.21423	-41.91248	2.698245	0.112347	0.0776172
4650	-37.66288	-39.60651	1.943624	0.0906352	0.164325
4660	-37.41273	-38.32979	0.9170574	0.192756	0.150623
4670	-39.41028	-36.99976	-2.410523	0.293306	0.336679
4680	-39.17358	-37.1373	-2.03628	0.313539	0.284212
4690	-37.48288	-38.86784	1.384953	0.197256	0.105822
4700	-37.86143	-39.28121	1.41978	0.0827636	0.217315
4710	-41.27727	-38.89891	-2.378365	0.41608	0.211135
4720	-37.53526	-37.80169	0.2664264	0.220799	0.178619
4730	-37.76308	-38.88305	1.119965	0.239656	0.0862461
4740	-37.60637	-39.11729	1.51092	0.0970599	0.195169
4750	-38.68763	-41.55615	2.868526	0.0600599	0.115238
4760	-38.22604	-40.89727	2.67123	0.0367511	0.15554
4770	-37.55295	-37.67579	0.1228383	0.207044	0.204742
4780	-37.92713	-39.51813	1.591	0.227083	0.0582488
4790	-37.61694	-38.20577	0.588822	0.237958	0.133691
4800	-37.59392	-39.3261	1.732186	0.108407	0.164764
4810	-38.9386	-37.03749	-1.901116	0.275802	0.310308
4820	-40.1848	-36.99457	-3.190229	0.332165	0.364976
4830	-38.73359	-37.14562	-1.587965	0.246923	0.312215
4840	-37.89321	-37.74714	-0.1460629	0.176144	0.258802
4850	-40.31902	-37.76252	-2.556498	0.379284	0.263274
4860	-38.00157	-37.3488	-0.6527607	0.218045	0.260543
4870	-38.52494	-40.9578	2.432861	0.133187	0.0796347
4880	-37.8454	-39.81168	1.966279	0.116376	0.136632
4890	-37.42528	-38.3729	0.9476232	0.200995	0.139751
4900	-37.56474	-37.69402	0.1292809	0.219234	0.191996
4910	-37.59493	-38.40341	0.8084836	0.233936	0.118794
4920	-38.09742	-40.32438	2.226961	0.150718	0.0798376
4930	-38.16706	-38.93243	0.7653726	0.101719	0.254725
4940	-37.64868	-39.46486	1.816179	0.190808	0.075129
4950	-38.26039	-40.28188	2.021485	0.0448611	0.203393
4960	-37.64962	-39.48492	1.835301	0.186306	0.0779841
4970	-38.36567	-37.98134	-0.3843295	0.291804	0.163664
4980	-39.11401	-42.26274	3.148727	0.0432159	0.107948
4990	-37.70316	-38.05461	0.3514429	0.154084	0.238011
5000	-38.00726	-37.33796	-0.6693081	0.219697	0.260316
5010	-37.62815	-38.2501	0.6219535	0.238958	0.129838
5020	-38.36425	-41.09245	2.728201	0.0609981	0.126386
5030	-37.45919	-38.23231	0.7731192	0.214122	0.141654
5040	-37.62866	-39.33202	1.703358	0.0888675	0.186787
5050	-38.05301	-37.93515	-0.1178518	0.161883	0.270633
5060	-37.50244	-37.92467	0.4222289	0.175876	0.210123
5070	-37.52699	-39.04654	1.519552	0.119042	0.172444
5080	-38.50507	-39.94148	1.436402	0.0592838	0.239363
5090	-41.01943	-38.95601	-2.063424	0.404954	0.195135
5100	-37.58038	-39.23522	1.654833	0.178478	0.101356
5110	-37.62098	-39.28378	1.662797	0.127311	0.151836
5120	-37.79322	-38.56525	0.7720327	0.250087	0.105783
5130	-38.92927	-38.76067	-0.1685998	0.315198	0.121689
5140	-38.05039	-37.80565	-0.2447425	0.17162	0.271825
5150	-37.6192	-38.36659	0.7473919	0.134931	0.223061
5160	-37.50398	-38.8567	1.352728	0.155001	0.150853
5170	-38.2742	-40.84292	2.568721	0.0333755	0.167745
5180	-37.68611	-39.47718	1.791073	0.0803052	0.187794
5190	-37.43779	-38.50565	1.067866	0.151526	0.178864
5200	-37.45351	-38.63582	1.182315	0.145706	0.174826
5210	-39.2508	-41.91125	2.660457	0.173545	0.019674
5220	-37.57551	-38.68063	1.105124	0.118542	0.208638
5230	-38.1758	-38.09674	-0.07905861	0.151869	0.277306
5240	-37.94285	-38.31717	0.3743182	0.264564	0.125561
5250	-37.49154	-37.89645	0.4049177	0.215515	0.171975
5260	-37.4129	-38.36523	0.9523328	0.173075	0.167265
5270	-37.62989	-38.12307	0.493176	0.150991	0.228897
5280	-39.86498	-37.07374	-2.79124	0.285772	0.377004
5290	-38.0983	-37.42143	-0.6768635	0.206857	0.273806
5300	-37.57336	-39.22586	1.652499	0.115795	0.16424
5310	-38.43678	-37.19286	-1.243922	0.237437	0.292068
5320	-38.38868	-40.87442	2.48574	0.0303672	0.1779
5330	-37.68456	-39.51945	1.834882	0.0795729	0.184753
5340	-37.97524	-39.99855	2.023315	0.146177	0.10192
5350	-37.71752	-39.44663	1.729112	0.152566	0.12087
5360	-37.47418	-38.61776	1.143576	0.133651	0.190217
5370	-37.76536	-37.8527	0.08733984	0.250865	0.163978
5380	-37.75158	-39.54813	1.796548	0.155786	0.111842
5390	-37.4803	-38.78279	1.302498	0.131136	0.179045
5400	-38.11455	-37.59992	-0.5146363	0.189112	0.277579
5410	-38.08057	-40.40418	2.323612	0.166031	0.0562008
5420	-38.36479	-40.144	1.779207	0.229663	0.0394587
5430	-37.86913	-37.68101	-0.188128	0.256923	0.181646
5440	-37.52836	-38.87767	1.349315	0.114063	0.192085
5450	-40.0277	-37.16642	-2.861277	0.350904	0.317905
5460	-37.47028	-38.7862	1.315919	0.19916	0.109865
5470	-38.09911	-40.40386	2.304746	0.175388	0.0484685
5480	-37.58905	-37.89331	0.3042584	0.170974	0.225186
5490	-37.70767	-39.70974	2.002068	0.0933354	0.156591
5500	-38.4824	-38.17882	-0.303575	0.151511	0.297002
5510	-37.68223	-37.51139	-0.1708366	0.216383	0.220697
5520	-38.3059	-40.9594	2.653506	0.0667005	0.127117
5530	-38.4334	-40.98391	2.550509	0.0849035	0.117785
5540	-38.08668	-39.31388	1.227209	0.0817368	0.234928
5550	-38.55842	-38.03165	-0.5267695	0.302158	0.165578
5560	-37.53351	-38.39572	0.862213	0.137438	0.210665
5570	-37.56234	-37.72402	0.1616801	0.191885	0.216555
5580	-40.23514	-37.66127	-2.573872	0.37475	0.269304
5590	-38.06668	-40.14946	2.082776	0.140328	0.102647
5600	-38.83894	-38.44184	-0.3971039	0.314304	0.142264
5610	-37.69564	-39.01015	1.314502	0.0975144	0.211632
5620	-37.43111	-38.12233	0.6912188	0.171944	0.190886
5630	-37.84968	-38.21097	0.3612809	0.141904	0.249344
5640	-37.47016	-37.94474	0.4745763	0.179431	0.202059
5650	-39.14761	-39.38661	0.2390051	0.0978857	0.303894
5660	-38.01583	-40.518	2.502173	0.0624698	0.144382
5670	-37.45041	-38.58282	1.13241	0.144229	0.180601
5680	-37.52822	-38.59064	1.062428	0.126722	0.204136
5690	-37.40759	-38.28506	0.8774707	0.180014	0.166774
5700	-39.42741	-37.59849	-1.828918	0.340617	0.239274
5710	-37.8977	-39.91144	2.013736	0.155259	0.0936624
5720	-38.78765	-37.99055	-0.7970975	0.170582	0.320437
5730	-37.745	-37.51468	-0.2303194	0.236882	0.20532
5740	-40.12721	-37.43675	-2.690461	0.250704	0.403392
5750	-38.82178	-39.3032	0.4814289	0.0945712	0.286328
5760	-38.06654	-37.3314	-0.7351323	0.219004	0.266679
5770	-37.92288	-38.3746	0.4517164	0.131494	0.251965
5780	-37.8567	-37.76775	-0.08895126	0.257472	0.172555
5790	-40.02048	-37.00145	-3.019029	0.308399	0.373997
5800	-37.41822	-38.4385	1.02028	0.189123	0.145365
5810	-39.12245	-37.61441	-1.508045	0.327286	0.224968
5820	-38.78331	-40.71804	1.934726	0.227772	0.0279541
5830	-38.86269	-39.74422	0.8815356	0.0742338	0.272204
5840	-37.48454	-38.03973	0.5551939	0.218263	0.156283
5850	-40.34134	-37.32885	-3.01249	0.268338	0.413494
5860	-39.92538	-42.31248	2.387108	0.00961344	0.207149
5870	-43.31493	-40.54663	-2.768298	0.155701	0.505099
5880	-37.42193	-38.04596	0.6240354	0.188068	0.180548
5890	-39.55717	-37.63713	-1.920038	0.21642	0.371319
5900	-37.99047	-38.5609	0.5704284	0.26483	0.108404
5910	-39.79448	-40.62211	0.8276316	0.308322	0.0427586
5920	-37.46438	-38.23949	0.7751072	0.155148	0.200457
5930	-38.60306	-39.20979	0.6067282	0.28863	0.0814777
5940	-38.5394	-41.43671	2.897304	0.0493325	0.123487
5950	-37.55429	-38.81133	1.257038	0.113634	0.200462
5960	-37.53822	-39.00034	1.462115	0.140676	0.155757
5970	-37.8744	-37.43823	-0.4361723	0.20883	0.251103
5980	-37.60658	-37.60864	0.002063804	0.205908	0.216279
5990	-37.808	-40.00836	2.200358	0.0807373	0.15211
6000	-37.42459	-38.47324	1.048648	0.166723	0.165322
6010	-38.81132	-37.52543	-1.285888	0.206513	0.326606
6020	-37.47291	-37.95845	0.4855465	0.177281	0.203264
6030	-37.80387	-38.51093	0.7070548	0.123112	0.238354
6040	-37.43569	-37.97527	0.5395838	0.189786	0.186105
6050	-38.64524	-39.37737	0.7321293	0.286231	0.0730752
6060	-37.40923	-38.28067	0.871445	0.190352	0.156955
6070	-38.34245	-41.132	2.789553	0.0509295	0.13117
6080	-37.55811	-38.63897	1.080868	0.121825	0.207445
6090	-37.42662	-38.13348	0.7068527	0.172731	0.188752
6100	-39.01828	-37.09191	-1.926371	0.301452	0.286833
6110	-37.78349	-37.45313	-0.3303564	0.212327	0.238492
6120	-37.7743	-39.59392	1.819624	0.154143	0.111497
6130	-37.54045	-37.97091	0.4304644	0.167532	0.217757
6140	-37.50672	-38.70902	1.202303	0.214565	0.104246
6150	-37.41175	-38.34806	0.9363131	0.189824	0.151896
6160	-37.53196	-39.07653	1.544561	0.197585	0.0917463
6170	-37.63608	-38.49185	0.8557677	0.237095	0.111563
6180	-37.49152	-37.79519	0.3036666	0.200414	0.195797
6190	-40.55046	-39.74712	-0.8033355	0.373771	0.117786
6200	-38.03365	-40.08523	2.051588	0.126822	0.118839
6210	-38.91499	-38.71133	-0.2036621	0.315151	0.124755
6220	-37.51014	-38.38361	0.8734678	0.22289	0.124243
6230	-37.5954	-38.81872	1.223324	0.110453	0.206547
6240	-37.84587	-38.71914	0.8732682	0.111008	0.236142
6250	-38.97271	-41.40343	2.430727	0.0193247	0.193681
6260	-38.61789	-38.18415	-0.4337453	0.153919	0.305805
6270	-37.57276	-38.68763	1.114871	0.225507	0.100834
6280	-38.23324	-38.59141	0.358178	0.279921	0.111595
6290	-37.66858	-39.61806	1.94948	0.0920308	0.162425
6300	-38.2679	-40.69713	2.429226	0.152106	0.0610285
6310	-38.01163	-39.24098	1.229354	0.247588	0.0688924
6320	-39.28897	-39.62617	0.3372032	0.315614	0.0777079
6330	-37.7254	-39.57013	1.844728	0.0753601	0.188118
6340	-38.51288	-37.3797	-1.133176	0.291908	0.228058
6350	-38.52113	-41.47063	2.949507	0.0384727	0.12985
6360	-38.32132	-39.26418	0.942861	0.269243	0.0719133
6370	-38.10432	-40.19968	2.095351	0.130876	0.111016
6380	-37.80746	-37.73856	-0.06889896	0.177688	0.250611
6390	-37.97567	-37.33743	-0.6382396	0.221256	0.256081
6400	-37.94267	-37.49709	-0.4455766	0.199633	0.26111
6410	-38.02762	-37.80229	-0.2253363	0.171751	0.270022
6420	-38.5436	-38.01247	-0.531131	0.301392	0.166719
6430	-37.83614	-37.56952	-0.2666215	0.250712	0.194618
6440	-38.77062	-41.28072	2.510096	0.109246	0.0969238
6450	-38.97388	-37.03359	-1.940286	0.285676	0.303807
6460	-37.68644	-37.54812	-0.1383244	0.204468	0.229811
6470	-37.70646	-39.35135	1.644887	0.0829498	0.197741
6480	-37.59897	-39.09571	1.496737	0.0984266	0.195024
6490	-37.57805	-37.71466	0.1366096	0.224204	0.186395
6500	-37.75012	-38.7539	1.003783	0.24225	0.0936588
6510	-37.52468	-37.72687	0.2021931	0.207616	0.197334
6520	-38.04617	-40.14239	2.096221	0.145223	0.0965933
6530	-38.26282	-37.37151	-0.8913111	0.212664	0.28647
6540	-38.1877	-40.87042	2.682723	0.0410288	0.150272
6550	-38.53133	-41.17354	2.642212	0.0789695	0.115821
6560	-37.50652	-37.86037	0.3538529	0.217432	0.174456
6570	-39.00152	-39.79359	0.7920762	0.293652	0.0604914
6580	-37.46625	-38.78246	1.316208	0.186928	0.122071
6590	-38.22006	-39.71146	1.491404	0.0653457	0.228564
6600	-39.68808	-42.60302	2.914935	0.0870165	0.084284
6610	-37.59289	-39.01291	1.420017	0.102001	0.198058
6620	-37.62742	-39.44432	1.816899	0.104178	0.161697
6630	-38.47635	-37.2483	-1.228053	0.229182	0.298956
6640	-37.73148	-39.42632	1.694848	0.210772	0.0656149
6650	-38.12684	-38.33815	0.2113117	0.276444	0.127721
6660	-38.70109	-41.37868	2.677586	0.142184	0.0495593
6670	-37.48485	-38.84798	1.36313	0.200943	0.104016
6680	-37.68708	-37.85799	0.1709112	0.243453	0.164191
6690	-37.55784	-37.77026	0.2124211	0.223675	0.180394
6700	-37.84861	-38.38454	0.5359292	0.130732	0.245474
6710	-37.44203	-38.56926	1.12723	0.152562	0.172714
6720	-38.04579	-39.13998	1.094192	0.0897747	0.238347
6730	-37.96008	-40.33996	2.379888	0.0511932	0.166191
6740	-37.58678	-37.67079	0.08401518	0.222383	0.192746
6750	-40.24773	-40.2613	0.01356888	0.0839237	0.337273
6760	-38.30254	-37.27809	-1.024453	0.224422	0.28618
6770	-37.48499	-38.78514	1.300153	0.159483	0.150899
6780	-37.94378	-37.3726	-0.5711856	0.216308	0.255254
6790	-37.45776	-38.24967	0.7919063	0.155651	0.198507
6800	-42.79142	-37.15972	-5.631703	0.404459	0.502967
6810	-38.59315	-41.10709	2.513939	0.0247912	0.181047
6820	-37.41568	-38.36271	0.947022	0.194159	0.146639
6830	-40.42133	-37.76307	-2.658257	0.383329	0.267993
6840	-40.29611	-37.38743	-2.908676	0.260856	0.412035
6850	-41.00658	-37.03303	-3.973548	0.3628	0.401809
6860	-39.42381	-40.01932	0.5955147	0.0742788	0.296795
6870	-38.65261	-41.15187	2.499256	0.0237588	0.183344
6880	-37.75389	-38.94329	1.189406	0.0996894	0.220232
6890	-38.37257	-38.62818	0.2556113	0.121869	0.27848
6900	-37.65886	-38.44263	0.7837709	0.240149	0.114709
6910	-38.64476	-39.88999	1.245224	0.0636403	0.251473
6920	-39.00247	-37.14017	-1.862297	0.305398	0.277367
6930	-38.22703	-37.19413	-1.032897	0.243332	0.267997
6940	-37.48305	-38.8101	1.327056	0.137541	0.170524
6950	-38.77915	-37.16304	-1.616117	0.244753	0.31681
6960	-37.50354	-38.92462	1.421079	0.20192	0.0980474
6970	-37.69845	-37.72206	0.02360419	0.241735	0.178597
6980	-37.40858	-38.19198	0.7834072	0.189078	0.165813
6990	-37.75926	-39.56577	1.80651	0.0737466	0.193023
7000	-37.54193	-38.54953	1.007597	0.224814	0.110767
7010	-37.42643	-38.02037	0.5939373	0.188468	0.182742
7020	-37.50801	-38.86573	1.357711	0.118725	0.1867
7030	-37.44585	-38.2486	0.8027486	0.15826	0.194964
7040	-39.36949	-37.49768	-1.87181	0.336421	0.247164
7050	-37.89117	-38.69906	0.8078955	0.25508	0.0977012
7060	-37.5164	-39.00032	1.483912	0.181486	0.113069
7070	-37.45763	-38.73911	1.281482	0.190027	0.121964
7080	-37.44322	-38.6377	1.194484	0.184518	0.134966
7090	-38.06865	-37.2564	-0.812247	0.246861	0.245464
7100	-37.71127	-39.4374	1.72613	0.137652	0.136041
7110	-37.97979	-38.51328	0.5334872	0.264827	0.111589
7120	-39.45793	-41.61055	2.152619	0.220615	0.016344
7130	-37.58618	-38.45736	0.8711813	0.232163	0.115167
7140	-37.58735	-38.88046	1.293108	0.220847	0.0901421
7150	-37.44027	-38.60405	1.163777	0.196315	0.125813
7160	-37.54156	-39.14125	1.599687	0.190778	0.0938057
7170	-37.52773	-38.39707	0.8693411	0.225414	0.122074
7180	-37.47682	-38.56009	1.083269	0.213175	0.115888
7190	-38.18494	-40.55022	2.365273	0.173017	0.0456266
7200	-38.59226	-39.31585	0.7235875	0.284906	0.075136
7210	-40.48126	-37.00324	-3.478015	0.342642	0.379287
7220	-38.14267	-37.40513	-0.737538	0.208611	0.277279
7230	-38.68962	-40.75321	2.063592	0.0330186	0.211608
7240	-37.79376	-39.83597	2.04221	0.180541	0.0659278
7250	-37.88204	-37.35778	-0.5242648	0.225277	0.242244
7260	-38.75705	-37.92612	-0.8309393	0.312141	0.181793
7270	-38.89378	-37.54588	-1.347902	0.315573	0.222888
7280	-37.61856	-39.19665	1.578092	0.152824	0.133619
7290	-37.87953	-37.39447	-0.4850595	0.243624	0.22052
7300	-38.04398	-40.33513	2.291149	0.164337	0.0606902
7310	-38.13361	-37.30634	-0.8272725	0.262468	0.231151
7320	-39.11489	-37.11981	-1.995084	0.309259	0.284944
7330	-40.03918	-37.32664	-2.712544	0.359241	0.296757
7340	-38.36255	-37.14469	-1.217857	0.255874	0.271386
7350	-37.668	-38.43243	0.7644257	0.241183	0.115342
7360	-37.89182	-40.2562	2.364387	0.0613837	0.157336
7370	-37.45277	-38.69475	1.24198	0.184017	0.131376
7380	-39.11798	-40.69472	1.576744	0.040537	0.246023
7390	-37.70177	-37.81156	0.1097865	0.173472	0.239438
7400	-37.69618	-38.22986	0.533673	0.245742	0.130658
7410	-37.82184	-37.43246	-0.3893815	0.239812	0.216091
7420	-37.597	-39.33137	1.734375	0.185244	0.0877384
7430	-38.87301	-39.76587	0.8928557	0.286702	0.0587616
7440	-38.83663	-37.04892	-1.787708	0.273497	0.302844
7450	-37.49101	-37.79761	0.3065965	0.199242	0.196716
7460	-37.52871	-38.95955	1.430841	0.144168	0.154958
7470	-38.02981	-38.39244	0.3626307	0.269717	0.121414
7480	-37.59796	-37.95747	0.3595085	0.164981	0.22642
7490	-37.45183	-38.4687	1.016871	0.145216	0.189565
7500	-39.26264	-37.00711	-2.255529	0.288783	0.327852
7510	-37.7413	-39.46946	1.728159	0.209161	0.0643575
7520	-39.16064	-37.66141	-1.49923	0.329584	0.221911
7530	-37.55856	-38.70376	1.145202	0.223129	0.100599
7540	-38.00677	-39.04679	1.040019	0.0941525	0.238635
7550	-37.9632	-37.53532	-0.4278858	0.195314	0.263905
7560	-42.62738	-38.85173	-3.775653	0.226411	0.521153
7570	-39.46445	-37.32884	-2.135607	0.336109	0.270198
7580	-37.80446	-38.9259	1.121437	0.241949	0.0838266
7590	-37.55824	-39.10918	1.550946	0.129359	0.159423
7600	-37.71916	-39.01478	1.295615	0.0967602	0.214013
7610	-39.51883	-37.4651	-2.053725	0.342159	0.257095
7620	-38.22015	-38.38059	0.160443	0.281719	0.126827
7630	-37.62305	-39.13582	1.512771	0.213572	0.0784972
7640	-39.62727	-39.36275	-0.2645175	0.111237	0.333911
7650	-39.93571	-37.21033	-2.725373	0.268498	0.388605
7660	-38.87063	-40.64345	1.772813	0.0384631	0.231209
7670	-38.28963	-38.43603	0.1464038	0.285235	0.12452
7680	-37.42625	-38.25858	0.8323266	0.203484	0.147193
7690	-39.59446	-37.02646	-2.568004	0.287284	0.356265
7700	-38.99646	-39.04014	0.04367532	0.314039	0.104564
7710	-37.66945	-38.00163	0.3321847	0.243155	0.150599
7720	-38.39311	-38.4504	0.05728228	0.290964	0.126468
7730	-37.5748	-38.12279	0.5479932	0.153307	0.221859
7740	-37.47606	-37.87576	0.3997051	0.187231	0.200707
7750	-38.53275	-37.11237	-1.420378	0.255286	0.289417
7760	-37.57783	-38.8749	1.297075	0.219751	0.0908969
7770	-37.4069	-38.23751	0.8306107	0.184955	0.165869
7780	-38.12426	-37.66932	-0.4549452	0.275274	0.186276
7790	-38.50292	-41.09151	2.588595	0.149584	0.0498239
7800	-37.64914	-38.24983	0.6006953	0.241116	0.129512
7810	-37.78247	-38.14236	0.3598868	0.146831	0.244537
7820	-37.44066	-38.35546	0.9148016	0.207935	0.135638
7830	-37.44441	-38.05628	0.6118713	0.207935	0.161729
7840	-37.52706	-38.9003	1.373234	0.209994	0.0940942
7850	-37.48812	-37.85288	0.3647601	0.187285	0.203663
7860	-38.26315	-38.38545	0.1222963	0.134523	0.277309
7870	-37.42014	-38.31618	0.8960395	0.164331	0.180858
7880	-37.47618	-38.7727	1.296527	0.13636	0.174335
7890	-37.4997	-38.03289	0.5331955	0.166164	0.210276
7900	-38.52872	-41.22435	2.695639	0.0728997	0.117289
7910	-38.92287	-38.07256	-0.8503174	0.16819	0.327414
7920	-38.44611	-38.31858	-0.1275323	0.295049	0.138301
7930	-39.66823	-37.15614	-2.512091	0.336319	0.302414
7940	-37.74768	-39.7783	2.030623	0.0704683	0.176998
7950	-37.67731	-37.51649	-0.160816	0.220313	0.215904
7960	-37.48096	-38.7818	1.300836	0.147954	0.162369
7970	-39.53253	-36.99595	-2.536587	0.296864	0.343979
7980	-37.95034	-37.99294	0.04260546	0.266211	0.152484
7990	-37.75686	-37.65188	-0.1049803	0.186995	0.244412
8000	-37.44394	-38.61205	1.16811	0.172278	0.149477
8010	-37.44561	-37.93649	0.490878	0.199414	0.180672
8020	-37.989	-39.92993	1.940921	0.0570507	0.198142
8030	-37.4874	-38.61431	1.126905	0.130825	0.19448
8040	-37.70882	-38.91654	1.207718	0.101756	0.216588
8050	-37.44214	-38.19484	0.7526962	0.162857	0.194678
8060	-38.16737	-40.32366	2.156286	0.195848	0.0407951
8070	-37.63158	-38.00882	0.377237	0.159449	0.230425
8080	-38.36649	-37.80299	-0.5635	0.175598	0.295302
8090	-38.2631	-40.67375	2.410653	0.171823	0.0429111
8100	-41.72946	-43.04625	1.31679	0.30009	0.00885984
8110	-37.65481	-37.99365	0.3388378	0.159854	0.233327
8120	-38.0302	-40.56876	2.538554	0.0563108	0.147408
8130	-37.82793	-38.53199	0.7040557	0.253433	0.108291
8140	-37.5779	-38.3532	0.775298	0.232526	0.123063
8150	-37.9185	-38.32016	0.4016642	0.134906	0.252864
8160	-38.51488	-40.20457	1.689684	0.238825	0.0380067
8170	-38.2776	-40.65845	2.380852	0.176986	0.040315
8180	-37.4905	-37.86241	0.3719139	0.185286	0.205046
8190	-37.63669	-38.52504	0.888352	0.23658	0.109271
8200	-37.69459	-37.51343	-0.1811592	0.226794	0.211174
8210	-38.74422	-39.77237	1.02815	0.0705942	0.263216
8220	-37.68734	-39.368	1.680665	0.150283	0.127326
8230	-38.05468	-39.38634	1.331665	0.244894	0.0627741
8240	-39.11024	-37.98271	-1.127525	0.329022	0.190458
8250	-37.43782	-38.57609	1.138269	0.171804	0.152522
8260	-37.48103	-37.97421	0.4931801	0.215942	0.163946
8270	-38.6893	-41.10749	2.418194	0.1867	0.0273855
8280	-38.3392	-37.1515	-1.187698	0.254135	0.270528
8290	-37.41893	-38.33764	0.9187148	0.198115	0.145121
8300	-38.97868	-39.24309	0.2644106	0.308861	0.0907306
8310	-37.60714	-39.23323	1.626093	0.168368	0.113941
8320	-39.10103	-40.39659	1.295558	0.0513306	0.259448
8330	-38.40564	-40.94022	2.534574	0.159331	0.0447297
8340	-37.88238	-39.99183	2.109457	0.183651	0.0570256
8350	-38.13961	-38.79713	0.6575198	0.108701	0.257032
8360	-37.87391	-39.61769	1.743782	0.0690365	0.203136
8370	-38.57058	-37.49856	-1.072016	0.298338	0.21636
8380	-37.42193	-38.47166	1.049731	0.190469	0.141482
8390	-37.51625	-38.59524	1.078984	0.127669	0.201763
8400	-37.67662	-39.65481	1.978188	0.087879	0.164104
8410	-37.89048	-39.80272	1.912242	0.1414	0.116263
8420	-37.785	-38.02923	0.2442309	0.253755	0.147574
8430	-37.45404	-37.92882	0.4747769	0.204464	0.177009
8440	-37.85416	-39.72868	1.874521	0.140206	0.120706
8450	-38.50186	-37.94488	-0.5569766	0.167705	0.302633
8460	-38.26452	-40.94974	2.685229	0.0346122	0.156473
8470	-40.74185	-38.59333	-2.148518	0.185604	0.421814
8480	-38.4112	-39.5774	1.16619	0.0735535	0.248367
8490	-37.67194	-37.67468	0.002747149	0.188082	0.234047
8500	-37.68637	-39.08779	1.401428	0.224116	0.0775431
8510	-38.25517	-40.67852	2.423351	0.0355084	0.178132
8520	-39.9662	-36.9962	-2.969995	0.326426	0.351747
8530	-37.80564	-39.8669	2.061256	0.0994972	0.145331
8540	-37.62492	-39.31133	1.686407	0.124238	0.152876
8550	-37.68374	-39.55759	1.873852	0.175965	0.0850041
8560	-39.19172	-39.84313	0.6514082	0.0768963	0.289363
8570	-38.08025	-38.06689	-0.01335269	0.152804	0.270712
8580	-40.83703	-39.8977	-0.9393236	0.383526	0.119744
8590	-40.45809	-37.62729	-2.830797	0.382932	0.283252
8600	-37.49858	-38.53598	1.037405	0.132801	0.200212
8610	-37.76718	-37.49109	-0.2760852	0.237982	0.208162
8620	-38.97085	-37.05417	-1.916687	0.268427	0.319023
8630	-37.61723	-39.19564	1.578414	0.147385	0.13903
8640	-37.86352	-39.88028	2.016755	0.111336	0.137325
8650	-37.76196	-39.53807	1.776114	0.147466	0.121921
8660	-37.45072	-38.68141	1.230688	0.196418	0.119947
8670	-37.91594	-38.31423	0.3982937	0.262693	0.125367
8680	-37.92572	-39.26785	1.342129	0.239343	0.067424
8690	-38.55711	-38.39666	-0.1604497	0.139244	0.296941
8700	-38.39901	-38.64732	0.2483153	0.121241	0.279737
8710	-39.74682	-37.01357	-2.73325	0.295205	0.362576
8720	-38.56972	-38.41514	-0.1545752	0.300858	0.134821
8730	-37.63999	-38.22421	0.5842207	0.240318	0.131728
8740	-38.60962	-37.23647	-1.373149	0.232161	0.308474
8750	-39.81773	-39.76894	-0.04878921	0.095866	0.330702
8760	-37.91167	-39.9901	2.078431	0.158494	0.0848548
8770	-37.58059	-39.2562	1.675614	0.194711	0.0833326
8780	-37.62293	-39.06228	1.439357	0.217483	0.0809096
8790	-38.13199	-37.82137	-0.3106231	0.277449	0.171671
8800	-41.56448	-37.30801	-4.256465	0.314328	0.474648
8810	-39.2325	-40.68632	1.453821	0.0428623	0.254285
8820	-39.66105	-41.92536	2.264303	0.0139409	0.213399
8830	-37.65778	-37.5548	-0.1029725	0.224616	0.206619
8840	-39.51444	-37.77119	-1.743243	0.346188	0.226323
8850	-38.55254	-37.74917	-0.803373	0.300897	0.190663
8860	-37.57301	-37.83348	0.2604775	0.177731	0.2222
8870	-38.18755	-37.38195	-0.8055924	0.271498	0.220253
8880	-38.91637	-37.50012	-1.416249	0.315829	0.228519
8890	-37.59393	-39.15724	1.563311	0.139712	0.148005
8900	-38.10133	-37.75156	-0.3497623	0.17625	0.27624
8910	-38.21686	-37.53067	-0.6861913	0.196143	0.285324
8920	-38.3743	-40.44995	2.075644	0.208854	0.034735
8930	-37.56777	-38.4542	0.8864238	0.131714	0.214304
8940	-38.77719	-38.01176	-0.7654372	0.313217	0.175076
8950	-40.65256	-37.37158	-3.280979	0.2743	0.430658
8960	-38.65578	-41.10017	2.444394	0.122024	0.0898043
8970	-37.77198	-39.70638	1.9344	0.0694506	0.186304
8980	-41.24712	-37.36125	-3.885874	0.403834	0.353224
8990	-37.90982	-37.43989	-0.4699292	0.251315	0.211526
9000	-38.31342	-37.18681	-1.126608	0.240455	0.278946
9010	-39.21719	-37.33326	-1.883933	0.325468	0.259162
9020	-37.46397	-37.87632	0.4123531	0.192843	0.194006
9030	-37.98832	-39.82985	1.841524	0.213953	0.0498012
9040	-38.17345	-40.85578	2.682327	0.0435238	0.147811
9050	-38.29525	-37.37498	-0.920274	0.278545	0.223084
9060	-37.55399	-37.67413	0.1201479	0.20708	0.204937
9070	-37.94422	-37.3162	-0.6280148	0.238687	0.237769
9080	-37.90406	-40.0344	2.130337	0.0564328	0.182446
9090	-37.4585	-38.0539	0.5954017	0.212279	0.158804
9100	-39.91017	-41.60803	1.697855	0.0246957	0.251432
9110	-37.59525	-38.30261	0.7073596	0.139942	0.221498
9120	-37.57665	-38.05773	0.4810821	0.158092	0.222837
9130	-38.22576	-38.71992	0.4941583	0.114199	0.265604
9140	-38.04295	-37.94398	-0.09897144	0.161164	0.269726
9150	-37.92685	-38.1127	0.1858456	0.148621	0.257737
9160	-37.52103	-38.73574	1.214704	0.120479	0.197263
9170	-40.11124	-38.71957	-1.39167	0.159851	0.382379
9180	-37.51217	-38.92311	1.410939	0.117187	0.183653
9190	-37.6771	-37.89362	0.216523	0.16719	0.236526
9200	-37.63077	-37.66381	0.03303934	0.230367	0.189153
9210	-39.14119	-39.9936	0.8524085	0.294527	0.0544203
9220	-37.47027	-38.02886	0.5585908	0.170728	0.203526
9230	-37.8021	-39.14243	1.340336	0.233615	0.0733063
9240	-38.53572	-40.04671	1.510994	0.249777	0.0424457
9250	-37.94578	-38.19373	0.2479576	0.265599	0.135409
9260	-37.78785	-37.65733	-0.1305163	0.249074	0.184533
9270	-38.35625	-39.16009	0.8038384	0.274851	0.0782794
9280	-38.53549	-38.27396	-0.2615251	0.300125	0.144765
9290	-37.87661	-38.04179	0.1651799	0.260954	0.147184
9300	-38.2385	-37.45985	-0.778645	0.203132	0.286299
9310	-37.47386	-38.06786	0.5939983	0.166671	0.204533
9320	-37.4498	-38.1152	0.6653976	0.210955	0.154099
9330	-38.03098	-39.31548	1.284495	0.0812813	0.23045
9340	-38.09685	-38.0194	-0.077447	0.275965	0.153071
9350	-37.47085	-38.78976	1.318915	0.182759	0.126007
9360	-37.70091	-39.66847	1.967554	0.0973034	0.155595
9370	-37.55108	-39.00869	1.457619	0.157493	0.139327
9380	-37.92541	-38.71654	0.7911319	0.257253	0.096972
9390	-38.00402	-37.29683	-0.7071914	0.229016	0.25426
9400	-38.17868	-37.36383	-0.8148522	0.269942	0.222607
9410	-37.45126	-38.45529	1.004028	0.145905	0.189983
9420	-38.63657	-37.48953	-1.147038	0.301634	0.219526
9430	-37.56669	-37.6562	0.08951149	0.212147	0.202508
9440	-38.50848	-37.66089	-0.8475889	0.1891	0.306269
9450	-37.73036	-37.52391	-0.2064447	0.204224	0.235923
9460	-37.5589	-39.07523	1.516328	0.169188	0.122575
9470	-37.82539	-39.70172	1.87633	0.128911	0.131845
9480	-37.6258	-39.26995	1.644155	0.0906244	0.190129
9490	-37.44174	-37.94543	0.5036947	0.196481	0.1825
9500	-38.36829	-39.75335	1.385062	0.0652304	0.237839
9510	-37.59679	-37.61172	0.01492961	0.214073	0.207007
9520	-37.96873	-38.80505	0.8363214	0.258362	0.0919708
9530	-38.50072	-37.11168	-1.389041	0.265612	0.276392
9540	-37.62994	-38.34403	0.7140954	0.238418	0.122442
9550	-38.4589	-39.12758	0.6686793	0.282207	0.0825644
9560	-37.48024	-38.86213	1.381894	0.195654	0.107688
9570	-37.74159	-39.75644	2.014848	0.0712088	0.177617
9580	-37.92732	-37.54435	-0.3829679	0.257983	0.197368
9590	-37.58933	-37.94185	0.3525159	0.16674	0.225263
9600	-37.90921	-37.86439	-0.04482701	0.166631	0.259595
9610	-37.4177	-38.43694	1.019237	0.17645	0.158128
9620	-37.56841	-38.61248	1.044071	0.226926	0.105513
9630	-37.47786	-38.84726	1.369398	0.196183	0.108236
9640	-38.20922	-39.81038	1.601157	0.061247	0.22321
9650	-37.89249	-39.8441	1.951613	0.125102	0.12917
9660	-38.07034	-37.70433	-0.366009	0.179884	0.274006
9670	-38.14833	-40.47232	2.323989	0.153483	0.0687155
9680	-37.52839	-38.96495	1.43656	0.169008	0.129626
9690	-37.85553	-40.12324	2.26771	0.0778573	0.149189
9700	-39.08701	-37.26633	-1.820682	0.316964	0.262218
9710	-38.22834	-39.22669	0.9983473	0.0874674	0.24891
9720	-38.25517	-37.2089	-1.046269	0.262504	0.249977
9730	-37.50832	-38.87049	1.362175	0.157035	0.148005
9740	-39.27061	-37.23814	-2.032467	0.324061	0.273362
9750	-40.32877	-38.15002	-2.178755	0.381371	0.228651
9760	-38.86551	-37.16468	-1.700831	0.300208	0.268651
9770	-37.46704	-38.72306	1.256023	0.203109	0.111074
9780	-38.41775	-40.74384	2.326085	0.11508	0.106938
9790	-38.9774	-37.03257	-1.944834	0.277669	0.312206
9800	-38.37072	-38.89173	0.521011	0.28265	0.0948405
9810	-37.55113	-38.0591	0.5079685	0.159512	0.219102
9820	-37.65597	-38.02046	0.3644956	0.241889	0.149082
9830	-38.2096	-39.64958	1.439982	0.0678465	0.230492
9840	-37.51071	-38.87855	1.367848	0.157998	0.146553
9850	-37.85134	-39.96444	2.113099	0.175521	0.0648422
9860	-37.59952	-39.21299	1.613467	0.204473	0.0789239
9870	-38.7531	-38.42666	-0.3264399	0.310167	0.140315
9880	-38.05508	-37.79624	-0.2588428	0.172385	0.272275
9890	-37.58846	-39.30138	1.712922	0.110039	0.164792
9900	-38.01462	-40.34081	2.326188	0.0472849	0.174725
9910	-37.98859	-40.4268	2.438211	0.0498098	0.162551
9920	-37.68926	-39.38474	1.695481	0.139098	0.137234
9930	-37.75633	-37.47226	-0.2840658	0.211299	0.235533
9940	-37.4258	-38.50735	1.081549	0.178002	0.151209
9950	-37.41977	-38.46096	1.041191	0.179818	0.152869
9960	-37.86607	-37.56447	-0.3016021	0.193521	0.254821
9970	-39.00454	-41.29845	2.293912	0.0215674	0.203222
9980	-37.56599	-39.11306	1.547068	0.132958	0.156158
9990	-39.31436	-37.00326	-2.311103	0.291314	0.330108
10000	-38.63879	-39.25079	0.6119983	0.289608	0.0800455
10010	-37.53449	-38.94586	1.411372	0.209001	0.0918024
10020	-38.06284	-37.79562	-0.2672212	0.172485	0.272896
10030	-37.46662	-38.71865	1.252032	0.146652	0.167875
10040	-38.61201	-37.79499	-0.8170223	0.180743	0.311993
10050	-37.46324	-38.69499	1.231746	0.161386	0.154889
10060	-37.55209	-37.69634	0.144249	0.199128	0.210813
10070	-37.70417	-38.99643	1.292255	0.0979579	0.213105
10080	-40.38172	-38.14956	-2.232159	0.20321	0.411412
10090	-37.41031	-38.21949	0.809182	0.192745	0.159925
10100	-37.66286	-38.86963	1.206764	0.23028	0.0881458
10110	-37.81573	-39.71081	1.895075	0.123648	0.135494
10120	-37.40762	-38.23856	0.8309395	0.180033	0.170763
10130	-38.33754	-37.39426	-0.9432789	0.210712	0.292898
10140	-37.71931	-39.44112	1.721813	0.144422	0.129643
10150	-37.54093	-38.30628	0.7653456	0.14258	0.213865
10160	-37.54957	-38.10322	0.5536441	0.229757	0.144923
10170	-38.29695	-39.70356	1.406609	0.0664683	0.234745
10180	-37.51836	-37.81396	0.295602	0.217617	0.179288
10190	-38.01861	-40.05384	2.035223	0.140004	0.107066
10200	-39.83487	-39.66047	-0.1743954	0.342561	0.0948254
10210	-37.83909	-37.97211	0.1330206	0.257926	0.152982
10220	-38.30503	-37.24779	-1.05724	0.27153	0.241896
10230	-38.94586	-38.68625	-0.2596113	0.316995	0.12773
10240	-40.35692	-37.00824	-3.348679	0.342039	0.368749
10250	-37.45012	-37.97021	0.5200815	0.206147	0.171424
10260	-38.41119	-39.61643	1.205235	0.261808	0.0567495
10270	-37.43907	-38.07474	0.6356653	0.206528	0.161087
10280	-37.86061	-37.61363	-0.2469754	0.25448	0.189157
10290	-37.8101	-40.00343	2.193334	0.0643595	0.169093
10300	-38.06637	-37.44271	-0.6236642	0.204588	0.271493
10310	-39.95694	-39.3193	-0.6376412	0.354902	0.122383
10320	-38.18039	-38.76986	0.5894665	0.110748	0.260846
10330	-37.61019	-37.61259	0.002391954	0.203771	0.218388
10340	-37.49793	-38.8865	1.388566	0.17683	0.125937
10350	-39.5026	-40.4042	0.9015962	0.299732	0.0449787
10360	-38.77897	-41.19889	2.419921	0.18847	0.0254667
10370	-37.48196	-38.79329	1.311326	0.130515	0.178905
10380	-39.39779	-37.28418	-2.113606	0.331619	0.272792
10390	-38.63244	-37.38674	-1.245704	0.298717	0.230942
10400	-37.58505	-37.97907	0.3940243	0.163876	0.224551
10410	-37.85638	-39.2206	1.364222	0.0855241	0.21934
10420	-37.42523	-38.41125	0.9860123	0.159614	0.177826
10430	-38.37447	-37.3165	-1.057972	0.280945	0.232544
10440	-37.90648	-39.68641	1.779926	0.0661413	0.202918
10450	-38.00969	-37.77093	-0.2387579	0.268927	0.174003
10460	-37.45386	-38.70499	1.251127	0.185187	0.129418
10470	-38.37162	-37.50131	-0.8703149	0.287278	0.210048
10480	-38.49263	-38.47563	-0.01700005	0.133144	0.290685
10490	-38.2622	-39.54285	1.280657	0.254099	0.0579624
10500	-38.6416	-37.08223	-1.559368	0.264083	0.292591
10510	-37.51171	-38.15461	0.6429014	0.224293	0.142699
10520	-37.59052	-37.78293	0.1924074	0.229836	0.175957
10530	-38.07996	-37.7761	-0.3038616	0.273717	0.17482
10540	-38.4486	-40.9965	2.547898	0.161384	0.0415297
10550	-37.49568	-38.35874	0.8630634	0.220753	0.127276
10560	-41.44369	-37.05042	-4.393271	0.36339	0.43737
10570	-41.05688	-41.26686	0.2099832	0.0616003	0.342679
10580	-37.71071	-39.75951	2.048803	0.078203	0.167698
10590	-40.47368	-37.43578	-3.037897	0.261928	0.422093
10600	-37.58026	-38.76865	1.188397	0.223988	0.0960197
10610	-40.12435	-42.40388	2.279531	0.216146	0.00988179
10620	-38.10015	-38.26808	0.167927	0.27533	0.132572
10630	-39.34199	-37.62485	-1.717143	0.211466	0.358798
10640	-38.32845	-37.66537	-0.6630872	0.185784	0.293693
10650	-41.02212	-37.25598	-3.766141	0.30052	0.446224
10660	-38.06968	-37.26411	-0.805568	0.249529	0.24222
10670	-37.83101	-38.79297	0.9619663	0.106982	0.232528
10680	-37.63658	-38.10376	0.4671826	0.152168	0.229959
10690	-39.98174	-38.04425	-1.937494	0.367024	0.222218
10700	-37.48797	-38.13362	0.6456483	0.159435	0.20732
10710	-38.4145	-39.28719	0.872694	0.274626	0.0725741
10720	-37.43588	-38.33879	0.9029058	0.155946	0.188652
10730	-38.16836	-40.82501	2.656654	0.0412059	0.15234
10740	-38.59294	-38.79801	0.2050728	0.297142	0.10756
10750	-38.58253	-41.15728	2.574758	0.139888	0.0607116
10760	-37.59524	-39.35675	1.761502	0.0982005	0.172446
10770	-39.38356	-40.90922	1.525659	0.0377185	0.253241
10780	-39.11799	-37.06753	-2.05045	0.303575	0.295397
10790	-37.53866	-38.20455	0.6658824	0.149609	0.215403
10800	-38.32857	-40.71286	2.384297	0.179046	0.0379582
10810	-37.5366	-37.88292	0.3463186	0.176041	0.216496
10820	-38.11235	-37.23492	-0.8774251	0.247955	0.249983
10830	-38.18827	-39.05033	0.8620675	0.0958187	0.252296
10840	-38.48407	-41.1302	2.646128	0.0259345	0.168518
10850	-38.57988	-37.87921	-0.7006722	0.17392	0.308794
10860	-37.41638	-38.34558	0.9292026	0.195775	0.146557
10870	-37.99944	-39.24514	1.245702	0.0844047	0.230668
10880	-37.7351	-37.54713	-0.1879726	0.200335	0.23822
10890	-38.02249	-37.2738	-0.7486851	0.236166	0.250684
10900	-38.17764	-39.34107	1.163422	0.0813383	0.240821
10910	-40.03218	-43.06402	3.03183	0.106944	0.0542885
10920	-38.03413	-40.12076	2.086632	0.14567	0.0969729
10930	-38.49473	-37.15896	-1.335773	0.243565	0.293851
10940	-37.47797	-38.76142	1.28345	0.131469	0.180352
10950	-38.01168	-40.37432	2.362639	0.0817424	0.137128
10960	-38.0004	-38.03379	0.03339501	0.269692	0.149797
10970	-37.43438	-38.5768	1.142419	0.183299	0.140669
10980	-37.87775	-39.81861	1.940862	0.062432	0.192766
10990	-37.69271	-38.70188	1.009172	0.113317	0.222128
11000	-37.60411	-38.20766	0.6035445	0.236535	0.133846
11010	-37.63854	-39.41424	1.775699	0.113322	0.156101
11020	-37.84879	-40.12062	2.271829	0.0760051	0.150687
11030	-37.43281	-38.49305	1.06024	0.200135	0.130912
11040	-37.62898	-39.17749	1.54851	0.0932648	0.195727
11050	-39.83438	-37.08746	-2.746921	0.28243	0.376529
11060	-37.4318	-37.9984	0.5665993	0.187636	0.185927
11070	-38.82701	-41.811	2.983987	0.0178243	0.147529
11080	-37.50385	-38.70542	1.201568	0.124227	0.194647
11090	-39.45497	-41.26594	1.810969	0.24616	0.020226
11100	-37.58901	-39.02444	1.435437	0.214494	0.0842364
11110	-40.39436	-37.40031	-2.994044	0.262784	0.41746
11120	-38.06291	-38.7197	0.656792	0.112135	0.253661
11130	-37.50739	-37.76605	0.2586618	0.198678	0.201408
11140	-38.05315	-39.45067	1.397521	0.0752949	0.226701
11150	-37.91169	-37.33493	-0.5767633	0.236739	0.235304
11160	-38.38233	-40.44129	2.058955	0.0402987	0.204728
11170	-37.6417	-39.52616	1.884462	0.0878837	0.172172
11180	-38.42438	-41.30254	2.878164	0.0327537	0.141714
11190	-37.55421	-37.76247	0.2082536	0.22249	0.181938
11200	-38.19802	-37.92371	-0.2743131	0.282028	0.163964
11210	-38.60339	-38.0058	-0.5975829	0.30449	0.169345
11220	-37.6721	-38.08814	0.4160423	0.243741	0.14279
11230	-37.53896	-39.08214	1.543187	0.122523	0.166927
11240	-38.17469	-39.87856	1.703865	0.229208	0.0464023
11250	-37.80094	-38.7234	0.9224604	0.247384	0.0955291
11260	-37.55168	-39.01491	1.46323	0.160609	0.135727
11270	-40.7489	-37.20051	-3.548382	0.37838	0.349609
11280	-37.67838	-38.00454	0.3261649	0.158365	0.235907
11290	-37.69378	-37.80149	0.1077107	0.174605	0.238484
11300	-38.8202	-41.57939	2.759189	0.0175735	0.167141
11310	-39.56828	-38.17878	-1.389495	0.349308	0.192735
11320	-37.66426	-39.54141	1.877156	0.103538	0.157147
11330	-39.5582	-39.8543	0.2960989	0.0851563	0.311706
11340	-38.1777	-38.74639	0.5686951	0.273797	0.0995861
11350	-38.97615	-39.19408	0.2179346	0.30984	0.0937541
11360	-37.41883	-38.11298	0.6941538	0.179106	0.183471
11370	-38.17132	-37.2932	-0.8781181	0.264623	0.233375
11380	-37.73992	-38.41151	0.6715908	0.129623	0.234898
11390	-37.97642	-38.35824	0.3818138	0.132812	0.256668
11400	-38.0625	-40.09528	2.032779	0.202432	0.0448493
11410	-38.91005	-37.63544	-1.274602	0.317635	0.214513
11420	-37.66349	-39.52167	1.858181	0.180666	0.0816533
11430	-37.42573	-38.48771	1.061979	0.168305	0.162592
11440	-38.07547	-40.62973	2.554263	0.0453159	0.157049
11450	-40.9778	-37.16605	-3.811745	0.38301	0.367662
11460	-37.46338	-38.63725	1.17387	0.137196	0.184063
11470	-37.48017	-38.77979	1.299627	0.130962	0.179466
11480	-37.45682	-38.19036	0.733537	0.213494	0.145692
11490	-37.40867	-38.31961	0.9109435	0.185311	0.158595
11500	-37.46295	-38.69876	1.235808	0.144445	0.171479
11510	-39.32407	-40.03075	0.7066801	0.304246	0.0572525
11520	-37.71116	-39.61212	1.900963	0.0756082	0.183026
11530	-37.7301	-39.80831	2.078209	0.0851943	0.158174
11540	-37.86348	-38.11118	0.2476985	0.259941	0.14109
11550	-38.79414	-41.4332	2.639059	0.0901791	0.104883
11560	-38.32725	-37.29455	-1.032698	0.222239	0.289073
11570	-37.54349	-38.10241	0.5589172	0.156702	0.217523
11580	-40.49166	-40.24702	-0.2446359	0.359836	0.0835999
11590	-39.75015	-37.63179	-2.118356	0.22238	0.38244
11600	-38.34741	-37.18437	-1.163038	0.240105	0.282434
11610	-37.95095	-38.1776	0.2266539	0.14433	0.258513
11620	-37.51598	-39.02393	1.507951	0.196206	0.0962783
11630	-39.26078	-40.98952	1.728737	0.249332	0.024136
11640	-37.89346	-39.57757	1.684106	0.0702759	0.207037
11650	-37.70032	-39.60052	1.900201	0.175214	0.0834859
11660	-37.83035	-37.39234	-0.4380097	0.222309	0.237782
11670	-37.88462	-39.42439	1.539768	0.0764514	0.213293
11680	-40.05743	-39.34297	-0.7144676	0.359018	0.124884
11690	-39.72532	-38.01136	-1.713961	0.193517	0.376472
11700	-37.43576	-38.56821	1.132445	0.174342	0.150486
11710	-38.24178	-37.23717	-1.004614	0.231418	0.277475
11720	-38.30138	-40.52925	2.227864	0.0379769	0.192501
11730	-38.19263	-37.20265	-0.9899812	0.243851	0.263782
11740	-38.77616	-37.12986	-1.646299	0.250101	0.314061
11750	-37.42662	-38.24346	0.8168396	0.203717	0.148293
11760	-37.6661	-39.48633	1.820222	0.112135	0.153454
11770	-37.7026	-39.4313	1.728701	0.13429	0.139181
11780	-38.21177	-38.16677	-0.04499896	0.147685	0.278557
11790	-37.62852	-38.69059	1.062075	0.115621	0.215267
11800	-37.48517	-38.86818	1.383002	0.198889	0.104358
11810	-37.4908	-37.81319	0.3223917	0.208089	0.186509
11820	-38.27786	-39.22414	0.9462783	0.0882822	0.25258
11830	-38.26753	-40.37983	2.112302	0.0420021	0.19843
11840	-37.54648	-38.17161	0.6251339	0.229488	0.139034
11850	-37.59273	-39.03059	1.43786	0.101327	0.197195
11860	-38.28246	-39.64698	1.364523	0.0687242	0.236114
11870	-37.5878	-37.9532	0.3654071	0.165868	0.225025
11880	-39.69011	-40.80783	1.117717	0.047469	0.278627
11890	-39.11933	-40.08871	0.969381	0.289143	0.0497287
11900	-41.93212	-37.11969	-4.812426	0.362967	0.473895
11910	-37.811	-38.82023	1.009223	0.105589	0.229851
11920	-37.93084	-37.34705	-0.5837916	0.24432	0.228327
11930	-37.83253	-40.07694	2.244414	0.077779	0.151274
11940	-38.74777	-37.17675	-1.571019	0.242261	0.315417
11950	-39.20494	-39.89627	0.6913342	0.302149	0.0606711
11960	-37.58291	-38.90436	1.321446	0.107254	0.201295
11970	-38.99983	-38.64828	-0.3515472	0.134287	0.318357
11980	-37.56803	-38.78205	1.214017	0.221887	0.0959143
11990	-37.47137	-37.88503	0.4136662	0.187289	0.199447
12000	-38.48822	-37.15573	-1.332493	0.275556	0.261578
12010	-39.41937	-38.22075	-1.19862	0.342634	0.182969
12020	-39.76928	-42.65697	2.887687	0.0984964	0.0751509
12030	-37.55148	-37.89608	0.3446036	0.173386	0.219298
12040	-39.2037	-40.5724	1.368701	0.270762	0.0337159
12050	-37.47216	-38.80604	1.333882	0.184741	0.122737
12060	-37.60455	-37.71446	0.1099053	0.188218	0.224682
12070	-38.17579	-38.68194	0.5061491	0.274896	0.103874
12080	-37.45595	-38.03965	0.5837072	0.17258	0.19951
12090	-37.47067	-38.6429	1.172225	0.2087	0.112701
12100	-38.57205	-37.57399	-0.9980647	0.29984	0.20849
12110	-37.92055	-40.32608	2.405531	0.0599309	0.155245
12120	-37.58171	-39.03606	1.454355	0.102078	0.195023
12130	-37.75995	-38.69782	0.9378654	0.11261	0.228976
12140	-37.90495	-40.0296	2.124648	0.101519	0.137849
12150	-37.60884	-39.41066	1.801823	0.0989513	0.168222
12160	-38.78775	-37.28458	-1.503172	0.30307	0.248764
12170	-37.59032	-38.44449	0.8541682	0.232841	0.115954
12180	-37.57948	-37.75087	0.1713818	0.18619	0.221414
12190	-37.97428	-37.48945	-0.4848358	0.259823	0.204302
12200	-38.96148	-41.95014	2.988655	0.0565857	0.108365
12210	-38.0536	-40.32052	2.266916	0.0460984	0.181016
12220	-38.08476	-40.67798	2.593217	0.0549631	0.144047
12230	-37.55337	-37.67586	0.1224899	0.206153	0.205662
12240	-38.58912	-37.27237	-1.316753	0.291691	0.244087
12250	-37.67419	-37.62033	-0.05385885	0.234369	0.192635
12260	-37.51283	-38.5613	1.048469	0.129794	0.202266
12270	-38.75318	-38.57075	-0.1824323	0.133021	0.305057
12280	-38.41632	-37.92452	-0.4918022	0.16756	0.297165
12290	-39.24255	-37.01796	-2.224593	0.300153	0.313818
12300	-37.51164	-37.85186	0.3402236	0.18259	0.210472
12310	-37.72604	-39.5835	1.857461	0.11643	0.145951
12320	-40.21262	-41.45762	1.245004	0.0350294	0.280103
12330	-37.5981	-37.87797	0.2798665	0.233546	0.164714
12340	-37.91465	-39.97287	2.05822	0.0573461	0.187744
12350	-39.39965	-37.20825	-2.191402	0.328217	0.282895
12360	-37.82203	-39.58677	1.764747	0.211543	0.0588239
12370	-38.01335	-38.03948	0.0261392	0.154138	0.265976
12380	-37.62168	-37.587	-0.03467574	0.219405	0.205947
12390	-37.97552	-38.28371	0.3081926	0.13753	0.25829
12400	-40.2053	-37.99502	-2.21028	0.37615	0.236588
12410	-37.56726	-37.72627	0.1590041	0.190834	0.217836
12420	-38.35507	-40.3067	1.951631	0.217667	0.0366036
12430	-37.7569	-38.55115	0.7942507	0.247317	0.106639
12440	-37.65223	-38.67327	1.021037	0.11583	0.218593
12450	-37.46141	-38.48207	1.020662	0.142012	0.192443
12460	-38.10978	-38.66675	0.5569656	0.27096	0.103434
12470	-38.63229	-37.4776	-1.154691	0.301145	0.220674
12480	-37.71121	-38.55889	0.847683	0.121112	0.228242
12490	-37.74878	-39.84644	2.097659	0.071377	0.170316
12500	-38.8056	-41.40724	2.601645	0.0955513	0.102733
12510	-38.74254	-39.06447	0.3219266	0.105185	0.289452
12520	-37.59209	-38.86238	1.270294	0.222191	0.0907633
12530	-37.53042	-38.97148	1.441061	0.206467	0.0917794
12540	-37.6832	-38.91174	1.228541	0.102571	0.213979
12550	-37.51215	-38.94969	1.437536	0.117964	0.180585
12560	-37.88222	-38.21379	0.3315658	0.141715	0.252092
12570	-37.47388	-38.21309	0.7392089	0.217447	0.14125
12580	-38.21739	-39.40827	1.190878	0.256539	0.0632553
12590	-40.98013	-37.25662	-3.723506	0.298892	0.444181
12600	-37.57678	-37.94146	0.3646838	0.167501	0.223454
12610	-37.63459	-38.00599	0.3714033	0.239532	0.150844
12620	-37.71704	-38.45218	0.7351378	0.127403	0.231644
12630	-37.57769	-39.09476	1.517069	0.20851	0.0831889
12640	-37.56085	-39.20497	1.644121	0.110927	0.169829
12650	-38.00579	-40.15954	2.153745	0.188434	0.0484283
12660	-37.72098	-37.953	0.2320241	0.161395	0.240986
12670	-37.79841	-39.88347	2.085056	0.0649062	0.177872
12680	-37.42589	-38.07844	0.6525526	0.200392	0.165768
12690	-37.77363	-38.01998	0.246352	0.252782	0.148365
12700	-37.46921	-38.73713	1.267919	0.203053	0.110106
12710	-38.11814	-37.3944	-0.7237409	0.266964	0.217737
12720	-38.11347	-37.5044	-0.6090722	0.198071	0.276754
12730	-37.60819	-39.36564	1.757442	0.188023	0.0829729
12740	-37.75022	-38.21749	0.4672723	0.250577	0.131542
12750	-38.01091	-40.03969	2.028778	0.140275	0.107351
12760	-37.86513	-37.47777	-0.3873642	0.249092	0.206637
12770	-38.2234	-38.43823	0.2148304	0.281319	0.122543
12780	-37.47258	-38.72142	1.248844	0.133431	0.181371
12790	-37.65231	-39.53862	1.886318	0.0992129	0.160683
12800	-38.86236	-41.01643	2.15407	0.212615	0.024219
12810	-37.51221	-38.96012	1.447912	0.178514	0.119142
12820	-40.00834	-36.99704	-3.011304	0.328151	0.353579
12830	-37.48367	-37.81558	0.331908	0.202996	0.190782
12840	-38.27886	-40.59964	2.320778	0.184063	0.0384122
12850	-37.48561	-38.26418	0.7785775	0.219661	0.135645
12860	-37.44185	-37.97525	0.5333978	0.202331	0.174092
12870	-37.74279	-37.99045	0.2476566	0.158174	0.24286
12880	-37.70507	-37.78412	0.07904614	0.175822	0.239735
12890	-37.4161	-38.25318	0.8370762	0.197872	0.152395
12900	-37.82504	-37.82852	0.003473966	0.255693	0.166373
12910	-37.7236	-39.6703	1.946705	0.176286	0.0784087
12920	-39.00803	-39.47909	0.4710648	0.0899934	0.291799
12930	-37.50013	-38.88217	1.382042	0.138083	0.165247
12940	-37.93368	-37.32368	-0.6099999	0.229531	0.245373
12950	-38.69948	-41.45346	2.753978	0.0733229	0.111841
12960	-38.29692	-37.36627	-0.9306549	0.213444	0.289079
12970	-37.8714	-38.66126	0.7898571	0.254383	0.0999518
12980	-38.24544	-37.37041	-0.875027	0.275013	0.222719
12990	-37.60568	-38.3851	0.7794245	0.235368	0.119865
13000	-38.24242	-37.24072	-1.0017	0.265648	0.242994
13010	-37.92236	-37.37652	-0.545841	0.216681	0.252698
13020	-37.7503	-39.14322	1.39292	0.0902164	0.212176
13030	-38.31205	-40.02492	1.712875	0.0538135	0.221021
13040	-41.57531	-39.30477	-2.270541	0.169234	0.448694
13050	-37.54295	-37.72514	0.1821937	0.216484	0.190189
13060	-38.24457	-40.54919	2.304619	0.184355	0.0395128
13070	-37.42041	-38.05721	0.6367935	0.187275	0.180243
13080	-37.90377	-37.87892	-0.02485012	0.262329	0.162176
13090	-39.98036	-37.00152	-2.978846	0.328783	0.350152
13100	-37.49388	-38.85949	1.365608	0.13726	0.167485
13110	-37.65277	-38.23962	0.5868442	0.142229	0.229591
13120	-38.7263	-38.04139	-0.6849056	0.310687	0.170669
13130	-41.05181	-38.09149	-2.960324	0.227561	0.449778
13140	-37.57691	-37.65417	0.0772514	0.202195	0.213516
13150	-37.62604	-39.47635	1.850311	0.0919872	0.17101
13160	-38.18038	-37.47312	-0.7072678	0.274549	0.208734
13170	-38.23749	-38.58948	0.351996	0.121871	0.270176
13180	-41.64761	-43.64574	1.998127	0.00494631	0.245319
13190	-37.89811	-39.47728	1.579169	0.0741819	0.212169
13200	-39.54844	-42.71386	3.165419	0.00812419	0.141602
13210	-38.33228	-37.1535	-1.178777	0.254677	0.269217
13220	-38.12844	-38.1956	0.06716165	0.277519	0.139061
13230	-37.7301	-38.92722	1.197116	0.100839	0.218418
13240	-37.44189	-38.43297	0.9910849	0.149939	0.187064
13250	-37.65964	-39.32168	1.662043	0.207391	0.0718216
13260	-37.52488	-38.97194	1.447054	0.172641	0.125089
13270	-37.71854	-39.14492	1.426378	0.0908163	0.208694
13280	-38.14946	-39.69584	1.54638	0.0654455	0.223729
13290	-39.00822	-40.75846	1.750239	0.0366126	0.235004
13300	-37.44436	-38.30861	0.864251	0.154959	0.192968
13310	-37.71265	-39.42531	1.712653	0.146172	0.128682
13320	-37.52922	-37.91442	0.3851967	0.173701	0.215487
13330	-38.2731	-37.76788	-0.5052174	0.176867	0.289013
13340	-38.77427	-37.06022	-1.714051	0.277708	0.29229
13350	-39.94765	-42.53732	2.589671	0.00716651	0.192149
13360	-37.71811	-37.77911	0.06100578	0.245218	0.171893
13370	-38.55563	-38.1457	-0.4099267	0.155135	0.302537
13380	-37.95102	-38.16624	0.2152247	0.14509	0.258738
13390	-37.45615	-38.71363	1.257483	0.183795	0.130263
13400	-39.73342	-36.99448	-2.738937	0.301983	0.356288
13410	-38.37468	-38.01306	-0.3616235	0.292316	0.161196
13420	-37.86203	-39.03694	1.174917	0.0942596	0.22691
13430	-38.25039	-40.377	2.126603	0.201264	0.0379364
13440	-38.03091	-37.72885	-0.3020632	0.177664	0.270718
13450	-38.19065	-40.1381	1.947447	0.213432	0.0411983
13460	-37.48823	-37.89356	0.405328	0.214486	0.172968
13470	-37.51353	-38.01258	0.4990447	0.223357	0.156026
13480	-37.5096	-38.9748	1.465195	0.182195	0.113972
13490	-37.58426	-39.17522	1.590965	0.130359	0.154976
13500	-37.64804	-39.01376	1.36572	0.222967	0.0817687
13510	-38.52634	-37.73389	-0.7924569	0.183685	0.306935
13520	-38.65985	-37.27497	-1.384879	0.295801	0.245845
13530	-37.74119	-38.09609	0.3549054	0.150487	0.24131
13540	-39.04072	-41.54872	2.507995	0.0170213	0.189329
13550	-37.40981	-38.34611	0.9363001	0.180391	0.16133
13560	-38.32019	-37.15731	-1.162888	0.252825	0.2697
13570	-37.563	-37.8121	0.2491054	0.226534	0.174375
13580	-38.15012	-37.21606	-0.9340535	0.244978	0.257838
13590	-37.50241	-38.20867	0.7062589	0.152349	0.209186
13600	-38.32915	-40.10859	1.779441	0.0508982	0.218203
13610	-37.54546	-37.69312	0.1476601	0.211344	0.198303
13620	-37.77905	-38.98161	1.202559	0.237777	0.0810109
13630	-37.71087	-38.26799	0.557117	0.246845	0.127535
13640	-38.01918	-39.46522	1.446036	0.0745209	0.223297
13650	-39.11707	-39.24338	0.1263133	0.316112	0.0953742
13660	-39.27314	-39.36292	0.08977956	0.32146	0.0931723
13670	-41.8636	-41.14747	-0.7161253	0.40049	0.0835557
13680	-39.16337	-38.99517	-0.1681937	0.323167	0.113685
13690	-37.69168	-39.68038	1.9887	0.0790208	0.172057
13700	-40.74114	-37.20064	-3.5405	0.378134	0.349177
13710	-38.14431	-39.06068	0.9163655	0.263736	0.079702
13720	-38.39258	-37.47638	-0.9161967	0.287885	0.213392
13730	-40.62358	-42.35199	1.728412	0.0162565	0.25724
13740	-37.43572	-38.41037	0.9746513	0.204924	0.133494
13750	-37.43656	-38.56363	1.127074	0.168824	0.156466
13760	-40.23653	-40.03309	-0.2034368	0.353026	0.0868609
13770	-37.46889	-38.72508	1.256197	0.137672	0.176497
13780	-37.53739	-37.79118	0.2537892	0.186263	0.214243
13790	-37.46643	-38.70897	1.242536	0.159582	0.155763
13800	-38.26279	-38.21024	-0.05254359	0.285471	0.14142
13810	-38.2028	-40.44551	2.24271	0.142794	0.0864052
13820	-40.08304	-37.30218	-2.780859	0.262759	0.399123
13830	-39.50681	-37.16051	-2.3463	0.329967	0.294487
13840	-39.11917	-37.88829	-1.230885	0.185754	0.342628
13850	-39.11636	-38.55138	-0.5649808	0.142867	0.32816
13860	-37.61732	-39.43552	1.818199	0.0921881	0.173575
13870	-39.90559	-40.76195	0.8563611	0.308855	0.0397519
13880	-37.83632	-37.40277	-0.433547	0.237786	0.221921
13890	-37.51867	-37.74171	0.2230454	0.200442	0.202713
13900	-37.90323	-37.33731	-0.5659207	0.233798	0.23731
13910	-37.57187	-37.783	0.2111298	0.226843	0.177338
13920	-37.84003	-38.11212	0.2720936	0.148628	0.250302
13930	-38.58736	-41.19247	2.605116	0.0236956	0.17429
13940	-37.8297	-37.48889	-0.3408177	0.245914	0.205807
13950	-38.21533	-40.9416	2.726263	0.0440889	0.143462
13960	-38.6579	-39.15877	0.500877	0.098444	0.280781
13970	-38.00947	-38.62615	0.6166732	0.116964	0.252287
13980	-37.80082	-38.52035	0.71953	0.122563	0.237828
13990	-37.48991	-38.81439	1.324487	0.149335	0.158952
14000	-37.68613	-39.54465	1.858518	0.192207	0.0700834
14010	-37.41732	-38.20381	0.7864934	0.171762	0.182863
14020	-38.31026	-37.18812	-1.122139	0.264649	0.254367
14030	-38.03486	-40.57815	2.543291	0.051405	0.151905
14040	-37.6144	-39.04794	1.433535	0.217025	0.0818694
14050	-37.42039	-38.0842	0.6638113	0.196687	0.168504
14060	-37.84802	-40.13172	2.283698	0.0735498	0.152119
14070	-37.571	-37.65181	0.08080541	0.213565	0.20184
14080	-37.63652	-37.56187	-0.07465236	0.212631	0.216165
14090	-39.90896	-40.94666	1.037707	0.299833	0.0331539
14100	-39.37559	-37.24691	-2.128677	0.329078	0.276632
14110	-37.5611	-37.70023	0.1391286	0.196045	0.214337
14120	-37.76831	-37.572	-0.1963111	0.195417	0.243856
14130	-37.46906	-38.80566	1.336601	0.194103	0.11314
14140	-39.5753	-38.62448	-0.9508181	0.34693	0.157329
14150	-37.53071	-39.09746	1.566756	0.188246	0.0991742
14160	-37.7419	-37.74217	0.0002661963	0.178639	0.243703
14170	-37.71381	-38.08384	0.3700284	0.247673	0.142821
14180	-37.70842	-37.50847	-0.1999461	0.229426	0.210161
14190	-37.43087	-38.04084	0.6099718	0.201162	0.168666
14200	-37.77521	-38.29914	0.5239261	0.136423	0.240816
14210	-40.06953	-37.77716	-2.292367	0.220423	0.399385
14220	-39.24214	-37.55013	-1.692003	0.214945	0.353154
14230	-40.06717	-40.01001	-0.05716235	0.34531	0.0819785
14240	-38.57745	-41.33238	2.754933	0.0683489	0.116733
14250	-37.76922	-39.69633	1.92711	0.165147	0.0912351
14260	-38.10243	-37.29653	-0.8058977	0.223875	0.267903
14270	-39.53922	-41.27331	1.734087	0.0285598	0.244448
14280	-37.4796	-38.79554	1.315944	0.175058	0.133964
14290	-38.18403	-37.33724	-0.8467924	0.268828	0.226472
14300	-37.41125	-38.36909	0.957849	0.180583	0.159282
14310	-39.2466	-42.02838	2.781778	0.0896299	0.0931395
14320	-38.47273	-40.82255	2.349813	0.116198	0.103777
14330	-38.3989	-38.13352	-0.2653719	0.293452	0.15177
14340	-37.42616	-38.04999	0.6238275	0.182408	0.186227
14350	-37.59468	-39.35558	1.760894	0.0988805	0.171818
14360	-37.63264	-38.00631	0.3736687	0.159606	0.230575
14370	-41.48142	-41.69449	0.2130753	0.0553579	0.348655
14380	-38.59522	-37.723	-0.8722187	0.302902	0.194588
14390	-37.87028	-38.92825	1.057974	0.247403	0.083838
14400	-38.38589	-37.56614	-0.8197519	0.194973	0.297998
14410	-37.57524	-39.2541	1.678867	0.111246	0.166518
14420	-37.96366	-38.22377	0.2601129	0.266675	0.133287
14430	-39.08315	-37.73112	-1.352031	0.326705	0.212111
14440	-38.03111	-40.06821	2.037098	0.13546	0.111449
14450	-39.10377	-37.33285	-1.77092	0.231318	0.343578
14460	-37.50779	-37.77257	0.2647863	0.209622	0.189937
14470	-39.24864	-39.53374	0.2851033	0.0929889	0.30482
14480	-37.5533	-39.1788	1.625496	0.185588	0.0967721
14490	-37.62057	-38.59674	0.9761767	0.121093	0.217193
14500	-37.46234	-38.18466	0.7223202	0.214827	0.145324
14510	-37.56799	-39.24247	1.674476	0.105563	0.172579
14520	-37.73376	-37.81221	0.07844365	0.247368	0.168241
14530	-37.43323	-38.39209	0.9588588	0.154906	0.184872
14540	-38.97078	-39.07981	0.1090228	0.311956	0.101019
14550	-37.6459	-37.57847	-0.06742314	0.225398	0.202774
14560	-38.13398	-39.35164	1.217669	0.252612	0.0648752
14570	-37.82938	-39.8192	1.989819	0.161758	0.0892235
14580	-37.78322	-39.60244	1.819225	0.133042	0.132632
14590	-39.97397	-37.63083	-2.343139	0.363889	0.260292
14600	-37.75312	-38.86855	1.115428	0.239208	0.0870848
14610	-37.87998	-39.66989	1.78991	0.0671009	0.201099
14620	-38.0361	-37.39034	-0.6457582	0.211177	0.266808
14630	-37.7093	-37.4845	-0.2248069	0.218586	0.223142
14640	-38.27331	-37.31813	-0.9551778	0.21909	0.285546
14650	-37.95651	-37.59498	-0.3615319	0.261898	0.191606
14660	-39.51315	-39.21165	-0.3014938	0.116146	0.332187
14670	-37.49595	-38.62788	1.131925	0.215224	0.109648
14680	-38.28216	-37.82313	-0.4590335	0.286528	0.175374
14690	-37.97868	-39.10373	1.125055	0.0911378	0.234326
14700	-38.15431	-40.09481	1.940503	0.050779	0.20445
14710	-41.48543	-42.1214	0.6359714	0.0398508	0.327738
14720	-37.86982	-39.97778	2.107959	0.166705	0.0741003
14730	-37.75967	-37.66844	-0.0912308	0.246622	0.183602
14740	-37.79731	-39.16741	1.370104	0.0884386	0.215919
14750	-37.46158	-38.7388	1.277211	0.182434	0.129924
14760	-38.72452	-37.77993	-0.9445986	0.309911	0.193813
14770	-37.5177	-38.8491	1.331399	0.116809	0.190882
14780	-37.51017	-39.0121	1.501927	0.189475	0.103528
14790	-37.60344	-37.61242	0.008983652	0.205775	0.215817
14800	-37.97225	-39.98901	2.016755	0.199802	0.0488596
14810	-37.67017	-39.63245	1.962276	0.0846188	0.168735
14820	-37.80011	-39.90418	2.104069	0.0933766	0.147764
14830	-37.54281	-39.1331	1.590297	0.194772	0.0906201
14840	-39.93537	-38.20226	-1.733103	0.364976	0.206662
14850	-41.20166	-37.04052	-4.161144	0.350722	0.430045
14860	-37.54865	-39.14907	1.600425	0.195545	0.0889747
14870	-37.74637	-37.52872	-0.217656	0.238283	0.202829
14880	-37.56331	-38.35561	0.7922989	0.230708	0.123416
14890	-37.90991	-37.38906	-0.5208515	0.247052	0.220175
14900	-38.35676	-37.14659	-1.210177	0.254375	0.272224
14910	-38.40683	-37.13782	-1.269004	0.252218	0.279447
14920	-37.54867	-37.84985	0.3011776	0.225467	0.170958
14930	-38.08777	-40.66679	2.579017	0.0454219	0.154811
14940	-38.40819	-37.51157	-0.8966221	0.200147	0.299445
14950	-38.72977	-41.39994	2.670169	0.158019	0.0343636
14960	-37.65096	-38.24347	0.5925137	0.142017	0.229314
14970	-37.93526	-37.71493	-0.2203235	0.178729	0.262613
14980	-39.83601	-39.98599	0.1499821	0.0859867	0.323461
14990	-39.40487	-42.27074	2.865869	0.118952	0.0565742
15000	-39.86564	-37.81539	-2.050257	0.361341	0.237614
15010	-37.99618	-37.29383	-0.702345	0.23105	0.251809
15020	-38.66686	-38.22589	-0.4409698	0.307174	0.153172
15030	-37.67472	-39.45796	1.783246	0.16886	0.0999138
15040	-37.66932	-39.2076	1.538286	0.215966	0.0739063
15050	-37.56878	-38.70808	1.139297	0.11753	0.206707
15060	-37.45213	-38.70323	1.251099	0.188809	0.125798
15070	-37.96582	-39.91965	1.953824	0.0576795	0.196402
15080	-38.01222	-40.23571	2.223488	0.180108	0.050747
15090	-37.45533	-37.90249	0.4471573	0.201152	0.182699
15100	-37.84542	-37.82712	-0.01830811	0.257338	0.166604
15110	-38.3989	-38.15878	-0.2401267	0.293365	0.149682
15120	-39.70747	-38.36769	-1.339783	0.169729	0.368033
15130	-37.65224	-39.54546	1.89322	0.084809	0.174492
15140	-38.1786	-40.52906	2.350465	0.152927	0.066992
15150	-37.47919	-37.91772	0.4385257	0.180636	0.203959
15160	-37.47494	-38.00811	0.5331652	0.215426	0.161018
15170	-39.14223	-40.11689	0.974662	0.289392	0.0490252
15180	-37.43413	-38.44661	1.012483	0.203045	0.132115
15190	-39.00713	-39.63611	0.6289849	0.0823856	0.285805
15200	-37.70479	-39.24037	1.535579	0.218628	0.0714767
15210	-37.55886	-37.73746	0.1785945	0.190439	0.216544
15220	-37.40768	-38.28193	0.8742506	0.179469	0.167596
15230	-37.52609	-38.6078	1.081708	0.221079	0.108118
15240	-38.1175	-37.66788	-0.4496217	0.27481	0.186281
15250	-37.74275	-37.86518	0.1224219	0.248966	0.162855
15260	-37.68922	-37.51085	-0.1783769	0.224318	0.213411
15270	-38.76041	-41.23228	2.471869	0.0221313	0.187331
15280	-37.64485	-37.56555	-0.07929454	0.207696	0.221499
15290	-37.48981	-38.21175	0.7219327	0.220576	0.139609
15300	-38.09851	-38.82906	0.7305474	0.266843	0.0925994
15310	-37.65918	-38.03989	0.3807099	0.242313	0.147262
15320	-37.53498	-37.71431	0.1793329	0.211242	0.195677
15330	-39.80163	-37.841	-1.960636	0.207789	0.383447
15340	-37.78947	-37.42157	-0.3679052	0.230833	0.22322
15350	-37.87265	-39.95353	2.080883	0.186673	0.0564651
15360	-38.19592	-39.13096	0.9350408	0.265109	0.0767205
15370	-38.36585	-38.20769	-0.158166	0.291328	0.144661
15380	-37.44474	-38.43009	0.9853548	0.207786	0.12971
15390	-37.48485	-38.00832	0.523469	0.17027	0.207009
15400	-37.53618	-38.96343	1.427255	0.153352	0.146083
15410	-38.41079	-37.35975	-1.051041	0.285183	0.227709
15420	-37.82637	-40.08511	2.258739	0.0733162	0.154503
15430	-37.45829	-38.70406	1.245768	0.178063	0.137004
15440	-37.58269	-39.24039	1.657693	0.178093	0.101495
15450	-37.65896	-39.42734	1.768378	0.198565	0.0714892
15460	-37.73452	-39.53669	1.802175	0.159869	0.107274
15470	-38.36155	-39.07154	0.7099906	0.277707	0.0835062
15480	-39.33868	-40.36706	1.028379	0.0573622	0.276428
15490	-37.72019	-37.47907	-0.2411174	0.225802	0.217331
15500	-37.44945	-38.68533	1.23588	0.188285	0.127633
15510	-37.5851	-38.52632	0.9412204	0.230845	0.110453
15520	-37.6669	-37.52631	-0.1405918	0.217833	0.216641
15530	-37.47768	-37.83834	0.3606566	0.19441	0.196892
15540	-37.6953	-39.39522	1.699926	0.140114	0.135836
15550	-38.63816	-41.12739	2.489231	0.102908	0.105059
15560	-37.49706	-38.95349	1.456432	0.191132	0.10579
15570	-37.63283	-39.24657	1.613743	0.141767	0.141606
15580	-38.67729	-40.23588	1.558588	0.0502234	0.2379
15590	-38.82409	-37.73155	-1.092537	0.190131	0.326335
15600	-38.52092	-38.64608	0.1251624	0.295588	0.115997
15610	-38.32368	-41.04928	2.725599	0.032122	0.155486
15620	-38.3997	-39.34558	0.9458783	0.0842311	0.256665
15630	-38.7905	-38.99488	0.2043871	0.304165	0.100596
15640	-39.41002	-39.97583	0.5658142	0.0759218	0.29771
15650	-39.04386	-37.80176	-1.242095	0.325378	0.20397
15660	-37.74932	-37.83492	0.08559341	0.170361	0.244632
15670	-37.84628	-40.11591	2.269632	0.0617628	0.165118
15680	-40.06874	-36.98926	-3.079478	0.325806	0.361796
15690	-37.81118	-37.84654	0.03535872	0.16854	0.25078
15700	-40.55208	-37.22982	-3.322263	0.286833	0.42168
15710	-38.09618	-37.63367	-0.4625135	0.27282	0.189382
15720	-38.33237	-39.62891	1.296541	0.255459	0.0552341
15730	-38.37612	-40.00938	1.633256	0.0549916	0.2267
15740	-37.46528	-38.7398	1.274525	0.178043	0.134547
15750	-37.53481	-39.10243	1.567622	0.195121	0.0922239
15760	-37.47666	-38.7522	1.275549	0.160843	0.151658
15770	-37.66495	-38.49772	0.8327683	0.125594	0.225045
15780	-37.67085	-37.71183	0.04098026	0.184114	0.234722
15790	-39.13514	-37.02424	-2.110904	0.295258	0.30892
15800	-39.08923	-37.90666	-1.182573	0.327918	0.196303
15810	-37.71267	-39.63637	1.923707	0.1754	0.0812753
15820	-38.22863	-40.42104	2.192413	0.123339	0.110193
15830	-37.56029	-37.70268	0.1423934	0.218989	0.191112
15840	-37.51758	-38.51726	0.9996759	0.131678	0.204585
15850	-37.60232	-38.39922	0.7969059	0.133493	0.220235
15860	-38.22913	-38.613	0.3838662	0.120374	0.268929
15870	-37.59237	-37.97499	0.3826184	0.234335	0.155075
15880	-37.79683	-37.42643	-0.3703967	0.234207	0.220061
15890	-37.5236	-38.32527	0.8016645	0.142627	0.210691
15900	-37.52324	-38.61185	1.088605	0.126096	0.202508
15910	-38.72052	-39.27879	0.5582677	0.093624	0.280657
15920	-37.57334	-37.65651	0.0831718	0.202731	0.212471
15930	-39.20551	-42.0599	2.854383	0.148688	0.0278277
15940	-37.99847	-38.33253	0.3340551	0.134588	0.259005
15950	-39.16021	-39.66491	0.5046979	0.0845178	0.294378
15960	-37.97521	-38.00041	0.02520154	0.267951	0.152244
15970	-37.70082	-39.54528	1.844463	0.114468	0.149032
15980	-37.81487	-37.96597	0.1510953	0.159248	0.250103
15990	-40.38772	-37.25793	-3.129788	0.369276	0.322659
16000	-38.04169	-38.97926	0.9375732	0.0978866	0.243725
16010	-37.61667	-37.67532	0.05865222	0.192093	0.225221
16020	-37.91368	-38.03667	0.1229853	0.263666	0.148106
16030	-37.91368	-37.62102	-0.2926662	0.187261	0.260312
16040	-37.66669	-39.32937	1.66268	0.140617	0.138541
16050	-39.73325	-40.12988	0.3966288	0.0767816	0.311422
16060	-38.23268	-40.65224	2.419562	0.0363604	0.177607
16070	-38.08963	-40.57876	2.489123	0.0425507	0.165425
16080	-38.53995	-37.47002	-1.069923	0.296031	0.218487
16090	-39.49027	-37.46729	-2.022986	0.340994	0.255612
16100	-37.867	-38.75276	0.8857554	0.109139	0.236935
16110	-41.08579	-39.54428	-1.541516	0.400194	0.154943
16120	-37.80054	-39.77257	1.972034	0.16423	0.0882828
16130	-37.48816	-38.01467	0.5265023	0.169221	0.207796
16140	-37.57587	-38.05852	0.4826437	0.158073	0.222722
16150	-39.89412	-37.10983	-2.784285	0.280772	0.381405
16160	-38.70749	-38.64673	-0.06076264	0.127561	0.300038
16170	-37.54001	-38.97421	1.434206	0.157127	0.14171
16180	-38.19125	-40.74218	2.55093	0.0370918	0.165561
16190	-37.71009	-38.80924	1.099149	0.107229	0.220466
16200	-37.62123	-39.28075	1.659524	0.168473	0.110956
16210	-37.66031	-39.5071	1.846791	0.0825692	0.180731
16220	-37.45493	-38.58517	1.130244	0.14144	0.183577
16230	-38.06021	-38.84518	0.7849691	0.105178	0.249577
16240	-38.58184	-37.56094	-1.020896	0.300139	0.210157
16250	-37.75861	-39.63416	1.875547	0.198732	0.062091
16260	-38.30379	-40.62701	2.323221	0.140799	0.0814664
16270	-38.94458	-40.52215	1.577562	0.254107	0.032382
16280	-38.26524	-40.15509	1.889847	0.0489277	0.210664
16290	-38.65248	-37.07958	-1.572908	0.26507	0.29277
16300	-39.50301	-38.88596	-0.6170485	0.340784	0.134728
16310	-37.48913	-38.76461	1.27548	0.125882	0.186625
16320	-39.92048	-37.17003	-2.750443	0.273098	0.386164
16330	-37.68466	-38.75843	1.073768	0.236002	0.0938794
16340	-38.0241	-40.03454	2.010437	0.202687	0.0465185
16350	-37.6745	-39.54831	1.873806	0.18645	0.0745231
16360	-37.80887	-40.01892	2.210051	0.0792118	0.152801
16370	-38.42396	-38.56758	0.1436202	0.12635	0.283646
16380	-38.2239	-37.43183	-0.7920737	0.2059	0.284687
16390	-38.76358	-37.6051	-1.158471	0.310113	0.212032
16400	-37.63238	-38.08455	0.4521762	0.153708	0.229711
16410	-37.66773	-37.67395	0.006215286	0.188405	0.233425
16420	-37.42982	-38.53629	1.106471	0.178059	0.149005
16430	-37.71577	-37.89512	0.1793522	0.246781	0.160136
16440	-37.73724	-38.90372	1.166477	0.23659	0.0853062
16450	-37.64421	-38.93696	1.292751	0.102569	0.208451
16460	-37.43558	-38.26751	0.8319328	0.207161	0.14355
16470	-38.4264	-40.93854	2.512142	0.0889691	0.117024
16480	-37.45899	-38.48865	1.029651	0.142359	0.191322
16490	-37.69531	-38.22379	0.5284765	0.142366	0.234481
16500	-38.0334	-38.69294	0.6595407	0.265389	0.100169
16510	-37.50894	-38.95164	1.442696	0.179333	0.118773
16520	-39.60695	-42.07569	2.468736	0.0111644	0.198567
16530	-38.03912	-40.29034	2.251225	0.0470486	0.181418
16540	-37.49369	-38.09349	0.5998058	0.161877	0.208826
16550	-38.49093	-41.00364	2.512708	0.14118	0.0647643
16560	-38.62843	-38.64802	0.01958879	0.125769	0.294909
16570	-37.59365	-38.94529	1.351642	0.218977	0.0869708
16580	-37.74345	-39.10125	1.357794	0.229639	0.0757792
16590	-37.49605	-38.87012	1.374072	0.136642	0.167374
16600	-37.70471	-39.39535	1.690643	0.209134	0.067615
16610	-39.58805	-38.21843	-1.369614	0.175901	0.364429
16620	-39.07335	-40.10251	1.029168	0.285529	0.0481933
16630	-38.79813	-37.56925	-1.228883	0.202496	0.325714
16640	-40.33565	-37.60374	-2.731913	0.377795	0.279871
16650	-38.63677	-37.09476	-1.542016	0.276384	0.278796
16660	-37.63924	-38.02236	0.3831222	0.240142	0.149225
16670	-37.87255	-38.77639	0.9038437	0.107845	0.236672
16680	-37.53269	-37.97866	0.4459669	0.167516	0.216438
16690	-37.49446	-38.12552	0.6310585	0.15929	0.208722
16700	-37.43491	-37.97333	0.5384238	0.192862	0.183129
16710	-38.00989	-37.48042	-0.5294707	0.200766	0.267203
16720	-37.50379	-38.86764	1.363845	0.147951	0.156945
16730	-37.86868	-39.929	2.06032	0.0599791	0.18493
16740	-37.44185	-38.39121	0.94936	0.15153	0.189066
16750	-38.23941	-37.27468	-0.964732	0.225174	0.280284
16760	-39.45968	-38.76368	-0.6959989	0.340302	0.14201
16770	-38.07308	-40.62866	2.555579	0.0611018	0.14115
16780	-38.33511	-38.62666	0.2915494	0.121299	0.275955
16790	-38.69742	-40.65614	1.958721	0.0359729	0.217687
16800	-39.44019	-41.84625	2.406066	0.19952	0.0156101
16810	-37.821	-37.67134	-0.1496609	0.252543	0.182713
16820	-38.42937	-40.01138	1.582009	0.0555065	0.2306
16830	-37.7604	-37.64405	-0.1163467	0.245901	0.186486
16840	-38.47096	-38.40259	-0.06836684	0.137156	0.291098
16850	-37.43424	-38.44197	1.007733	0.20327	0.132299
16860	-37.40765	-38.21879	0.8111432	0.187985	0.164517
16870	-37.87452	-38.58205	0.707527	0.118829	0.242596
16880	-39.42289	-40.22054	0.7976515	0.0653874	0.288276
16890	-37.59907	-37.90102	0.3019504	0.169722	0.226636
16900	-38.18593	-38.00536	-0.1805733	0.158281	0.279637
16910	-39.27547	-40.09354	0.818075	0.298816	0.0530878
16920	-37.8634	-39.96434	2.100945	0.182477	0.0589331
16930	-37.88416	-40.21804	2.333877	0.0590882	0.162259
16940	-38.38238	-39.42789	1.045509	0.0800194	0.252296
16950	-38.88033	-38.25809	-0.622242	0.317577	0.158383
16960	-38.06905	-37.33917	-0.7298805	0.259373	0.225858
16970	-37.73733	-38.15389	0.4165599	0.249709	0.136778
16980	-37.44139	-38.57477	1.133376	0.155841	0.168906
16990	-37.54215	-38.98577	1.443622	0.161248	0.136777
17000	-38.67654	-40.47421	1.797671	0.0416371	0.225894
17010	-37.92972	-37.96079	0.03106919	0.264662	0.155027
17020	-37.66352	-37.75559	0.09207062	0.238692	0.175743
17030	-38.4563	-40.96428	2.507983	0.16911	0.0372418
17040	-38.19974	-39.25346	1.053725	0.0857913	0.245816
17050	-39.31241	-37.58162	-1.730788	0.335351	0.236088
17060	-38.31341	-37.23119	-1.082219	0.270627	0.24495
17070	-40.1998	-37.73209	-2.467706	0.227826	0.407084
17080	-39.76706	-37.71496	-2.052097	0.216289	0.382824
17090	-37.82681	-39.43682	1.610014	0.0765617	0.207132
17100	-38.0493	-40.46714	2.417832	0.077992	0.136124
17110	-38.13247	-37.2832	-0.8492686	0.260123	0.23539
17120	-37.60911	-38.39134	0.78223	0.133728	0.221264
17130	-37.83021	-37.68127	-0.1489401	0.182547	0.252647
17140	-37.64973	-37.55692	-0.09281878	0.208988	0.221372
17150	-37.60904	-39.08715	1.478112	0.09795	0.197105
17160	-38.13628	-37.32594	-0.8103447	0.218644	0.273517
17170	-37.52466	-39.07505	1.550386	0.190046	0.0987838
17180	-37.58044	-39.13184	1.551397	0.206554	0.0821889
17190	-37.55634	-39.03753	1.481192	0.145461	0.149328
17200	-37.90331	-38.31056	0.4072509	0.261821	0.125467
17210	-38.26046	-40.48743	2.226976	0.134974	0.0955809
17220	-38.70365	-37.59763	-1.106024	0.307006	0.210622
17230	-40.17586	-38.98744	-1.188422	0.369234	0.15549
17240	-37.43283	-38.53824	1.105414	0.167741	0.159415
17250	-37.67793	-37.74801	0.07007287	0.180154	0.236176
17260	-38.72087	-41.41686	2.695985	0.150748	0.0394113
17270	-37.88622	-40.01655	2.130328	0.180533	0.0583459
17280	-37.87316	-37.36232	-0.5108479	0.225271	0.241094
17290	-37.72365	-39.10212	1.378477	0.0926064	0.21103
17300	-38.31093	-38.68114	0.3702141	0.117753	0.272726
17310	-37.45857	-38.7042	1.245634	0.200216	0.114862
17320	-37.44857	-37.92913	0.4805587	0.190102	0.190873
17330	-38.06382	-40.58503	2.521212	0.0655664	0.139646
17340	-40.10569	-38.60177	-1.503914	0.166649	0.385249
17350	-37.4532	-38.65288	1.199674	0.201418	0.117618
17360	-37.53329	-38.30077	0.767478	0.227188	0.129074
17370	-39.24027	-39.73523	0.4949665	0.0830581	0.296676
17380	-37.82957	-39.07354	1.243975	0.238919	0.076302
17390	-38.21461	-38.58837	0.3737572	0.278838	0.111336
17400	-37.62435	-38.69721	1.072865	0.231398	0.0985613
17410	-37.62315	-37.59785	-0.02530189	0.204367	0.220178
17420	-37.48366	-38.57395	1.09029	0.214301	0.114157
17430	-38.5294	-37.776	-0.7534016	0.18053	0.306726
17440	-37.78221	-39.64195	1.859736	0.0705883	0.191597
17450	-39.38477	-39.20157	-0.1831965	0.113353	0.324791
17460	-38.3903	-37.15067	-1.23963	0.247932	0.281204
17470	-37.56492	-38.21605	0.6511255	0.147196	0.219087
17480	-39.19011	-38.49664	-0.6934713	0.330597	0.151498
17490	-38.8511	-41.61986	2.768758	0.0169633	0.166927
17500	-39.07643	-37.21565	-1.860775	0.243605	0.33903
17510	-37.4729	-38.80499	1.332091	0.183686	0.123946
17520	-37.89678	-37.35378	-0.5429942	0.224176	0.244958
17530	-37.94188	-37.95354	0.01166715	0.265503	0.155857
17540	-37.63532	-39.35629	1.72097	0.200023	0.0741146
17550	-39.06717	-37.744	-1.323173	0.32607	0.21026
17560	-41.03529	-39.17478	-1.860512	0.403151	0.179461
17570	-38.45065	-37.53523	-0.9154189	0.198677	0.302534
17580	-37.47383	-38.55446	1.08063	0.212634	0.116656
17590	-37.43945	-38.02522	0.5857636	0.204707	0.167207
17600	-37.64138	-38.7348	1.093412	0.232217	0.0959721
17610	-37.43675	-38.12925	0.692508	0.206916	0.155803
17620	-37.78061	-38.69703	0.9164227	0.246309	0.097124
17630	-37.76576	-39.8802	2.114444	0.0869208	0.153326
17640	-39.4188	-38.54898	-0.8698159	0.340601	0.156682
17650	-37.69737	-38.50328	0.8059124	0.242879	0.110073
17660	-37.43277	-38.53638	1.103608	0.166902	0.160409
17670	-37.92634	-37.50124	-0.4250996	0.19941	0.259569
17680	-37.5665	-39.09129	1.524793	0.102219	0.188815
17690	-37.69014	-37.77474	0.08460252	0.177159	0.23792
17700	-38.98056	-38.70517	-0.2753894	0.318461	0.127624
17710	-38.91434	-37.08142	-1.832925	0.261101	0.319135
17720	-40.03373	-37.00227	-3.031454	0.308573	0.374893
17730	-37.45893	-38.6767	1.217767	0.147779	0.1697
17740	-37.84313	-39.76454	1.921411	0.0649566	0.191917
17750	-37.61434	-39.40986	1.795515	0.103767	0.16395
17760	-37.68517	-39.52339	1.838216	0.0794476	0.184591
17770	-37.661	-37.58358	-0.07742197	0.201174	0.22786
17780	-37.45932	-38.03084	0.571527	0.172684	0.200455
17790	-38.6466	-40.36383	1.717229	0.0450984	0.229361
17800	-39.87296	-38.30817	-1.564794	0.361993	0.195149
17810	-39.51267	-39.10378	-0.4088835	0.121893	0.33569
17820	-37.85235	-39.70948	1.857135	0.0663436	0.196066
17830	-37.71728	-37.56269	-0.1545828	0.236732	0.198947
17840	-39.17977	-39.27042	0.09064947	0.104607	0.309951
17850	-37.65965	-37.76815	0.1085004	0.178979	0.234041
17860	-37.64308	-38.60482	0.9617382	0.235648	0.103882
17870	-37.65684	-39.57485	1.918009	0.0944958	0.16267
17880	-37.81834	-38.21776	0.3994261	0.141527	0.246435
17890	-39.45403	-38.3545	-1.099526	0.163631	0.353437
17900	-37.83024	-39.82386	1.993613	0.0639178	0.186737
17910	-37.55808	-37.69981	0.1417345	0.218001	0.192157
17920	-38.00365	-37.33837	-0.6652808	0.219765	0.259901
17930	-37.92193	-39.90127	1.97934	0.148749	0.103135
17940	-38.25612	-39.586	1.329873	0.0710776	0.236745
17950	-39.61265	-37.43852	-2.17413	0.345488	0.264136
17960	-39.33204	-38.28658	-1.045463	0.164647	0.347764
17970	-37.81704	-39.74105	1.924003	0.119147	0.137503
17980	-37.90021	-38.80212	0.901914	0.253326	0.091357
17990	-39.566	-42.60945	3.043453	0.0676589	0.0925723
18000	-37.82893	-40.0999	2.270974	0.0670575	0.159708
18010	-38.35517	-38.33747	-0.01769963	0.139038	0.284852
18020	-38.40076	-37.13492	-1.265846	0.259572	0.271821
18030	-38.84502	-38.54593	-0.2990919	0.136599	0.311527
18040	-37.48125	-38.77607	1.294815	0.166326	0.144516
18050	-37.47401	-37.87808	0.4040689	0.187533	0.200029
18060	-37.80194	-37.5862	-0.2157358	0.247996	0.192951
18070	-37.79573	-37.45409	-0.3416365	0.21096	0.240831
18080	-38.09837	-39.76726	1.668888	0.228914	0.0497089
18090	-37.97849	-40.34323	2.364733	0.0495069	0.169183
18100	-37.62448	-39.41217	1.787693	0.18265	0.08574
18110	-40.04589	-43.17411	3.128223	0.115214	0.0377164
18120	-38.07946	-37.76374	-0.3157256	0.175116	0.274442
18130	-37.9721	-40.37536	2.403256	0.0505186	0.164853
18140	-37.60549	-38.23134	0.6258462	0.236599	0.131861
18150	-38.45342	-38.61413	0.1607102	0.29232	0.116203
18160	-39.75027	-40.45824	0.7079755	0.312775	0.0486118
18170	-37.57697	-39.08338	1.506413	0.153543	0.139074
18180	-38.70815	-37.13707	-1.571087	0.288648	0.269036
18190	-37.86803	-40.12884	2.260807	0.080675	0.146966
18200	-38.93636	-37.03611	-1.900255	0.277293	0.308742
18210	-38.03225	-37.71487	-0.3173767	0.269779	0.179922
18220	-37.81003	-38.38624	0.576214	0.254058	0.118678
18230	-37.69965	-39.45392	1.754271	0.161437	0.109832
18240	-38.86504	-38.63456	-0.2304857	0.313627	0.128591
18250	-37.55886	-37.78353	0.2246658	0.184475	0.21854
18260	-37.82176	-39.73086	1.909103	0.0666058	0.191327
18270	-38.56271	-40.7453	2.182595	0.0324682	0.201909
18280	-38.6384	-37.57283	-1.065566	0.303292	0.210851
18290	-38.93576	-37.8646	-1.071151	0.182907	0.331717
18300	-40.52317	-43.65709	3.133918	0.0980101	0.0544293
18310	-37.51798	-38.90802	1.390044	0.162967	0.139673
18320	-37.75699	-37.73699	-0.01999532	0.178755	0.245332
18330	-41.93116	-39.13758	-2.793582	0.440343	0.222635
18340	-39.38151	-37.24644	-2.135063	0.329313	0.276947
18350	-40.10765	-43.54743	3.43978	0.0361134	0.0899819
18360	-39.89988	-38.21846	-1.681421	0.18463	0.382557
18370	-38.23504	-39.70008	1.465041	0.244402	0.051779
18380	-38.42537	-37.937	-0.4883709	0.166835	0.297594
18390	-37.97162	-37.34363	-0.6279931	0.249513	0.226942
18400	-37.91016	-37.33556	-0.5745976	0.236478	0.235378
18410	-37.46318	-38.67791	1.214731	0.138618	0.179122
18420	-37.68362	-37.51269	-0.1709361	0.214605	0.222483
18430	-38.48733	-39.02789	0.5405586	0.286467	0.0893398
18440	-37.83207	-39.68851	1.856438	0.13666	0.125809
18450	-38.48659	-37.16393	-1.32266	0.242614	0.293673
18460	-38.27743	-38.27465	-0.002776164	0.141692	0.280912
18470	-37.41348	-38.39863	0.9851519	0.182172	0.155341
18480	-39.85934	-37.70329	-2.156052	0.219889	0.388178
18490	-38.56934	-40.09776	1.528428	0.0539682	0.236753
18500	-40.17448	-39.25722	-0.9172606	0.365537	0.135833
18510	-37.64452	-37.93579	0.2912634	0.164786	0.232493
18520	-37.62659	-39.4694	1.842814	0.0986459	0.164997
18530	-37.9343	-39.25492	1.32062	0.0837711	0.224849
18540	-37.68203	-37.58634	-0.09569022	0.198626	0.231981
18550	-37.80924	-39.38296	1.573719	0.078984	0.207836
18560	-39.15301	-37.02726	-2.125748	0.278292	0.327165
18570	-40.44436	-41.4072	0.9628416	0.311228	0.0282078
18580	-38.19734	-37.20706	-0.9902806	0.254548	0.25311
18590	-38.95914	-40.44908	1.489942	0.046734	0.247302
18600	-37.59088	-39.03413	1.443259	0.101342	0.196715
18610	-39.739	-39.20618	-0.5328256	0.122429	0.345828
18620	-37.9505	-40.37531	2.424806	0.0541914	0.159324
18630	-37.41877	-38.31572	0.896953	0.198632	0.146478
18640	-38.99905	-42.17049	3.171439	0.0352077	0.114
18650	-38.10838	-40.39247	2.284088	0.0978416	0.127794
18660	-37.80145	-37.40616	-0.3952881	0.225476	0.230936
18670	-39.08571	-41.08543	1.99972	0.0276393	0.222489
18680	-37.55612	-38.53891	0.9827859	0.127446	0.210272
18690	-37.87132	-37.81268	-0.05863337	0.170832	0.256583
18700	-38.77431	-41.43422	2.65991	0.134679	0.0585873
18710	-37.89679	-37.3508	-0.5459837	0.225219	0.244172
18720	-38.21272	-38.55276	0.3400373	0.123656	0.269422
18730	-37.65712	-39.34705	1.689925	0.131033	0.145779
18740	-37.65342	-39.32301	1.66959	0.161617	0.116946
18750	-37.76114	-39.75073	1.989591	0.172855	0.0781457
18760	-38.11237	-39.11733	1.004962	0.259691	0.0761168
18770	-38.49228	-38.82613	0.3338501	0.112898	0.280712
18780	-38.28115	-39.06817	0.787024	0.0962184	0.25836
18790	-40.06547	-36.98709	-3.078381	0.319521	0.367987
18800	-38.32254	-39.27531	0.9527655	0.268947	0.0713564
18810	-37.58829	-37.71644	0.128157	0.189583	0.221744
18820	-37.51443	-38.37773	0.8632998	0.223643	0.124366
18830	-37.54497	-38.01441	0.4694348	0.163518	0.218415
18840	-39.46017	-38.44907	-1.011102	0.343235	0.166217
18850	-37.96126	-38.28177	0.3205153	0.137566	0.257193
18860	-37.91784	-40.17236	2.254523	0.0540269	0.174155
18870	-37.47455	-38.75121	1.276662	0.150238	0.162167
18880	-39.56114	-40.51632	0.9551798	0.0561283	0.283967
18890	-37.705	-38.91558	1.210579	0.101881	0.216217
18900	-37.80826	-39.80951	2.001251	0.0652921	0.184704
18910	-37.65094	-37.55053	-0.1004116	0.221126	0.209888
18920	-37.5222	-39.01459	1.492384	0.115656	0.178169
18930	-37.51861	-38.99207	1.473455	0.201397	0.094059
18940	-37.67029	-39.49264	1.822352	0.112574	0.152832
18950	-40.00999	-36.98624	-3.023743	0.320245	0.362557
18960	-39.54224	-41.2443	1.702063	0.254764	0.0210015
18970	-38.26028	-40.50451	2.244226	0.137433	0.0916365
18980	-39.21582	-42.01935	2.80354	0.122758	0.0581371
18990	-39.59304	-38.81273	-0.7803092	0.345759	0.143815
19000	-37.44633	-38.08311	0.636779	0.170829	0.19669
19010	-39.58345	-37.88167	-1.70178	0.198648	0.370292
19020	-37.81631	-39.65259	1.836275	0.139358	0.124848
19030	-37.40755	-38.25828	0.8507312	0.179574	0.169518
19040	-37.65726	-38.03669	0.3794319	0.156499	0.233186
19050	-38.39855	-40.84194	2.443384	0.175002	0.0369137
19060	-38.86095	-40.58462	1.723669	0.243476	0.0304291
19070	-37.80966	-38.55097	0.7413125	0.120715	0.2378
19080	-38.85149	-41.46546	2.613973	0.12716	0.0700629
19090	-40.27062	-37.49435	-2.776265	0.373079	0.288408
19100	-38.02168	-37.44759	-0.5740818	0.261901	0.20991
19110	-37.69004	-37.74809	0.05805602	0.179675	0.23769
19120	-37.52781	-37.91562	0.3878037	0.17373	0.215233
19130	-38.50345	-40.12485	1.621403	0.242699	0.0400143
19140	-37.46666	-38.41298	0.9463163	0.214198	0.12666
19150	-37.59189	-38.21295	0.6210601	0.235124	0.13375
19160	-38.65856	-37.98946	-0.6691013	0.307299	0.172696
19170	-37.42055	-38.44991	1.029355	0.170925	0.162782
19180	-37.97389	-37.60214	-0.3717494	0.188701	0.265683
19190	-37.63479	-37.69078	0.05599179	0.188604	0.228938
19200	-38.1811	-39.49724	1.316135	0.249944	0.0590615
19210	-37.43796	-38.58146	1.143506	0.174287	0.149588
19220	-37.81323	-39.86911	2.05588	0.182331	0.0629605
19230	-37.57777	-39.09759	1.519825	0.161282	0.13018
19240	-38.89459	-37.12668	-1.767912	0.252267	0.322369
19250	-37.53072	-37.71428	0.1835647	0.207026	0.199529
19260	-38.77675	-38.82939	0.05263809	0.118727	0.299104
19270	-37.61023	-39.18381	1.573577	0.144411	0.142422
19280	-37.74907	-39.67821	1.929149	0.192204	0.0640024
19290	-37.52599	-37.74349	0.2174942	0.212951	0.190681
19300	-37.89287	-37.34343	-0.549438	0.231481	0.238208
19310	-37.83821	-39.86282	2.024616	0.190335	0.057649
19320	-38.21234	-37.92852	-0.2838274	0.282898	0.163913
19330	-38.14527	-38.02274	-0.1225316	0.278979	0.15394
19340	-37.4476	-38.61037	1.162773	0.152126	0.170089
19350	-37.48407	-38.79802	1.313951	0.146148	0.163046
19360	-37.67865	-39.37523	1.696586	0.158732	0.117506
19370	-38.34391	-41.11852	2.774618	0.0323455	0.151041
19380	-37.59685	-38.99257	1.395719	0.102531	0.19962
19390	-38.81983	-38.64431	-0.1755262	0.311246	0.126237
19400	-40.01679	-43.22714	3.210349	0.0594804	0.0863759
19410	-37.55427	-39.02036	1.466084	0.105838	0.190253
19420	-38.87147	-37.05249	-1.818983	0.269481	0.309554
19430	-37.69226	-39.51019	1.817928	0.168618	0.0971681
19440	-38.17281	-40.44066	2.267849	0.0412333	0.185801
19450	-37.98512	-39.12183	1.136709	0.090277	0.234183
19460	-38.28541	-38.42788	0.1424732	0.285076	0.125018
19470	-37.49781	-38.8658	1.367991	0.140597	0.163943
19480	-37.70426	-38.3256	0.6213373	0.13552	0.233329
19490	-38.51564	-41.10598	2.590341	0.0841237	0.115134
19500	-37.54877	-38.55162	1.002849	0.127216	0.208773
19510	-37.57037	-38.01672	0.4463557	0.231952	0.151969
19520	-37.86178	-37.70424	-0.1575474	0.180084	0.255851
19530	-37.51057	-38.92279	1.412218	0.137448	0.163283
19540	-39.68629	-38.60314	-1.083158	0.35202	0.163638
19550	-37.53667	-37.83329	0.296624	0.181291	0.215526
19560	-37.5626	-39.16628	1.603685	0.102232	0.182007
19570	-38.23899	-37.80599	-0.4330044	0.283877	0.175783
19580	-38.8274	-39.1039	0.2765005	0.104983	0.293567
19590	-37.99806	-40.25364	2.255588	0.169281	0.0588094
19600	-37.54066	-37.69642	0.1557646	0.205975	0.202974
19610	-37.40991	-38.24456	0.8346471	0.192225	0.158252
19620	-38.48376	-38.11763	-0.3661272	0.15556	0.29834
19630	-37.46157	-37.87655	0.414977	0.199945	0.186678
19640	-38.72991	-38.44965	-0.2802525	0.139734	0.30677
19650	-37.41032	-38.34156	0.9312425	0.176675	0.165481
19660	-38.90136	-41.60913	2.707776	0.0860479	0.103095
19670	-38.24002	-37.96946	-0.2705641	0.284622	0.161047
19680	-37.42567	-38.20746	0.7817893	0.167299	0.187731
19690	-39.34022	-42.08388	2.74366	0.109445	0.0766079
19700	-37.62674	-38.13495	0.5082148	0.239131	0.139462
19710	-37.47954	-38.82708	1.347536	0.181387	0.124915
19720	-41.19335	-37.05813	-4.135216	0.342811	0.435723
19730	-37.76809	-39.08487	1.316776	0.232774	0.0761771
19740	-37.72957	-39.65972	1.930147	0.189293	0.0668273
19750	-37.52528	-37.72699	0.201705	0.208383	0.19661
19760	-37.82198	-39.24016	1.418182	0.0848991	0.215317
19770	-37.51818	-39.0476	1.529418	0.189785	0.100851
19780	-38.3241	-37.75725	-0.5668492	0.288456	0.182732
19790	-38.35188	-41.03789	2.686014	0.0654361	0.125581
19800	-37.67292	-38.15612	0.4832014	0.243809	0.136938
19810	-37.49511	-38.87845	1.383338	0.130697	0.172521
19820	-37.99055	-38.34955	0.3589985	0.267537	0.123908
19830	-37.59522	-38.21209	0.6168706	0.146018	0.223216
19840	-38.81132	-38.78618	-0.02513958	0.308872	0.115658
19850	-37.63005	-37.69437	0.06431488	0.231965	0.184861
19860	-40.17983	-37.68963	-2.490198	0.37293	0.263918
19870	-39.00949	-41.68417	2.67468	0.123298	0.0686961
19880	-41.48859	-40.40709	-1.081491	0.110903	0.404611
19890	-38.35555	-40.03674	1.681189	0.0537519	0.223812
19900	-38.42879	-37.14584	-1.282954	0.2684	0.264467
19910	-37.60136	-39.3214	1.720038	0.113073	0.161144
19920	-37.97801	-40.45054	2.472535	0.061195	0.14821
19930	-40.925	-40.46729	-0.4577119	0.0925688	0.369219
19940	-37.96511	-37.83055	-0.1345576	0.169304	0.264651
19950	-37.67515	-39.20478	1.529626	0.0897403	0.200878
19960	-38.82217	-37.13517	-1.687001	0.295267	0.272401
19970	-38.04396	-37.26192	-0.7820379	0.241366	0.248356
19980	-38.38071	-39.5087	1.127983	0.0762269	0.248985
19990	-38.00564	-37.28444	-0.7211949	0.233716	0.250766
20000	-37.60026	-38.62028	1.020028	0.230616	0.103893
20010	-37.59293	-39.22108	1.628148	0.202363	0.0797687
20020	-42.52718	-39.13458	-3.392599	0.206714	0.507857
20030	-37.93972	-40.36767	2.427948	0.0625004	0.150745
20040	-37.86363	-38.52509	0.6614583	0.256289	0.109105
20050	-37.42706	-38.38463	0.9575615	0.201606	0.138284
20060	-37.79015	-39.95263	2.162475	0.0664631	0.169647
20070	-37.50987	-38.00783	0.4979565	0.222632	0.156844
20080	-37.46441	-37.92543	0.4610257	0.183411	0.199246
20090	-37.93488	-40.00895	2.07407	0.192395	0.0513298
20100	-37.58384	-38.39799	0.814157	0.23272	0.119522
20110	-37.71456	-37.63965	-0.07491378	0.240651	0.188167
20120	-37.71388	-37.48031	-0.2335783	0.21877	0.223714
20130	-37.53103	-38.15737	0.6263377	0.153526	0.214892
20140	-38.4414	-38.78582	0.3444217	0.288896	0.103804
20150	-37.64421	-37.55993	-0.08427305	0.221159	0.208465
20160	-37.42596	-38.01869	0.5927368	0.190937	0.180375
20170	-37.46467	-38.7047	1.240028	0.165973	0.149588
20180	-37.98039	-37.61281	-0.3675837	0.264175	0.189851
20190	-38.05988	-40.31802	2.258143	0.156708	0.0711619
20200	-37.58625	-37.63386	0.04761203	0.205075	0.21319
20210	-37.49704	-38.93285	1.435811	0.197788	0.10091
20220	-38.76362	-37.07295	-1.690672	0.263296	0.304688
20230	-37.45279	-38.30604	0.8532474	0.212142	0.136733
20240	-38.09808	-38.93985	0.8417682	0.264017	0.0858468
20250	-37.4867	-38.11307	0.6263654	0.219626	0.14879
20260	-39.97604	-38.16244	-1.813602	0.190481	0.388091
20270	-37.66609	-37.59446	-0.07163025	0.198863	0.229672
20280	-37.48457	-38.81564	1.33107	0.130645	0.177074
20290	-39.37828	-42.17102	2.792736	0.114337	0.0674886
20300	-37.63995	-38.38535	0.7454021	0.239002	0.119161
20310	-38.33027	-41.14105	2.810781	0.0453541	0.134917
20320	-37.53459	-38.26496	0.7303697	0.227597	0.131862
20330	-37.53218	-39.06091	1.528733	0.199569	0.091126
20340	-37.96709	-37.70103	-0.2660673	0.264932	0.180349
20350	-40.19372	-39.00975	-1.183974	0.14566	0.378682
20360	-37.60931	-39.17871	1.569398	0.157461	0.129731
20370	-37.54663	-39.08177	1.535135	0.202378	0.0877656
20380	-38.46031	-37.86713	-0.5931815	0.296702	0.176755
20390	-37.4802	-38.49616	1.015965	0.21555	0.11931
20400	-37.63147	-39.1666	1.53513	0.0934876	0.196656
20410	-39.39773	-37.28279	-2.114933	0.331561	0.272964
20420	-37.63895	-37.72869	0.0897327	0.184059	0.230577
20430	-37.73343	-37.6159	-0.1175349	0.191738	0.240751
20440	-37.47621	-38.27402	0.7978156	0.15102	0.202629
20450	-37.90786	-38.81753	0.9096613	0.253515	0.0905009
20460	-38.29395	-41.07751	2.78356	0.0378292	0.144787
20470	-37.90186	-37.91031	0.008455716	0.262396	0.159241
20480	-38.28738	-37.3026	-0.9847749	0.221108	0.286076
20490	-37.66493	-37.59489	-0.07004116	0.198911	0.229487
20500	-37.96355	-40.23831	2.274756	0.0507881	0.175651
20510	-38.09881	-37.36581	-0.7329968	0.26384	0.221658
20520	-38.45636	-38.91263	0.4562735	0.107468	0.275598
20530	-38.42489	-39.55068	1.125785	0.0749817	0.250419
20540	-37.69813	-37.50118	-0.1969559	0.224676	0.214653
20550	-40.44136	-37.70045	-2.740913	0.237782	0.42066
20560	-38.74552	-41.82375	3.078226	0.0253216	0.131915
20570	-37.43315	-38.12417	0.6910219	0.171055	0.191792
20580	-38.66824	-41.11556	2.447312	0.115794	0.0957827
20590	-37.52769	-39.08258	1.55489	0.193437	0.0950052
20600	-38.0068	-37.54275	-0.4640466	0.194313	0.268021
20610	-38.02495	-38.35615	0.3311975	0.133323	0.260516
20620	-37.5904	-37.63379	0.04339237	0.203609	0.215019
20630	-39.02255	-42.0135	2.990951	0.0583349	0.106418
20640	-38.35533	-37.51289	-0.8424411	0.199295	0.295631
20650	-37.42985	-38.20545	0.7755997	0.165821	0.189742
20660	-37.46917	-37.97347	0.5043027	0.212837	0.166092
20670	-38.97518	-41.58302	2.607842	0.104639	0.0931113
20680	-37.47692	-37.83269	0.3557692	0.201984	0.189739
20690	-40.26335	-41.92082	1.657472	0.265256	0.0143508
20700	-39.08245	-37.04344	-2.039011	0.272386	0.3256
20710	-37.81168	-40.04924	2.237563	0.0671966	0.162446
20720	-37.48094	-37.82577	0.3448342	0.196266	0.196399
20730	-37.77307	-37.75092	-0.02215495	0.249962	0.174312
20740	-39.49231	-37.12817	-2.364139	0.265865	0.360124
20750	-40.40493	-38.2324	-2.172528	0.384398	0.225089
20760	-40.43652	-37.43281	-3.003703	0.377762	0.303313
20770	-39.34324	-38.66022	-0.6830176	0.336116	0.145078
20780	-41.36034	-37.31049	-4.049846	0.404983	0.366198
20790	-37.57728	-37.64493	0.06764977	0.215014	0.201525
20800	-37.6883	-39.57502	1.886724	0.078432	0.181429
20810	-37.64334	-37.63898	-0.004364158	0.194522	0.228219
20820	-39.1941	-37.45691	-1.737196	0.221789	0.350202
20830	-38.40484	-41.19373	2.788887	0.0556804	0.126477
20840	-38.16655	-37.68089	-0.4856558	0.278154	0.186041
20850	-38.89422	-41.05951	2.165294	0.0264071	0.20946
20860	-37.74399	-37.53004	-0.213951	0.238051	0.202742
20870	-39.30797	-41.44347	2.135504	0.020823	0.21761
20880	-39.23042	-40.94577	1.715351	0.249806	0.0248151
20890	-38.36424	-38.48264	0.1183939	0.130309	0.281859
20900	-38.13106	-37.53153	-0.5995346	0.195497	0.278506
20910	-37.4383	-38.56338	1.125075	0.16109	0.164372
20920	-37.64848	-37.98731	0.3388211	0.240888	0.152294
20930	-37.97647	-37.4586	-0.5178763	0.258626	0.208345
20940	-37.76065	-37.45924	-0.3014135	0.232602	0.215724
20950	-39.86772	-39.04718	-0.8205337	0.355036	0.138002
20960	-37.6353	-38.09038	0.455079	0.153184	0.229985
20970	-38.67666	-37.16991	-1.506743	0.289941	0.2622
20980	-39.11673	-39.48663	0.3698981	0.310148	0.0803575
20990	-37.41376	-38.12754	0.7137847	0.182135	0.178752
21000	-37.66944	-39.61768	1.948243	0.0926717	0.16189
21010	-37.52829	-37.78726	0.2589724	0.188255	0.211804
21020	-37.43889	-38.0144	0.5755183	0.203819	0.168977
21030	-40.08738	-37.05139	-3.035991	0.342297	0.341559
21040	-39.10499	-37.11361	-1.991378	0.258354	0.335529
21050	-39.39902	-39.32759	-0.07142233	0.328534	0.0999829
21060	-37.9682	-39.35363	1.385434	0.239153	0.0638844
21070	-37.50345	-38.91421	1.41076	0.131779	0.169077
21080	-38.65563	-38.82143	0.1657985	0.116506	0.291579
21090	-37.53762	-37.76705	0.2294284	0.219063	0.183542
21100	-39.37304	-42.70355	3.330502	0.0283412	0.107166
21110	-40.08333	-36.98895	-3.094372	0.325881	0.363004
21120	-37.93411	-38.47937	0.5452588	0.125115	0.250287
21130	-38.15088	-40.47202	2.321136	0.0961847	0.12626
21140	-37.61799	-39.24169	1.623699	0.133921	0.148594
21150	-37.50393	-37.78734	0.2834087	0.210346	0.187609
21160	-38.07593	-37.31664	-0.75929	0.221152	0.266612
21170	-37.4112	-38.31165	0.9004511	0.19179	0.153019
21180	-42.01228	-41.78141	-0.230868	0.0653105	0.37694
21190	-37.66356	-38.58228	0.9187234	0.238196	0.105039
21200	-37.44445	-38.37308	0.9286259	0.208882	0.133501
21210	-38.44994	-37.29256	-1.157384	0.223298	0.298754
21220	-39.14702	-38.88609	-0.2609313	0.324078	0.120761
21230	-37.69356	-39.40092	1.707353	0.081916	0.193394
21240	-37.46402	-38.33379	0.8697733	0.214667	0.132785
21250	-37.43925	-38.42999	0.9907474	0.205797	0.131235
21260	-37.40896	-38.29345	0.8844852	0.189178	0.157006
21270	-37.5431	-38.28121	0.7381097	0.144086	0.214705
21280	-37.60267	-38.81696	1.214295	0.225199	0.0925789
21290	-37.72796	-38.41501	0.6870598	0.129545	0.233644
21300	-46.10609	-45.1992	-0.9068992	0.467329	0.0331478
21310	-37.49916	-38.75509	1.255931	0.211099	0.103092
21320	-38.2048	-37.27064	-0.9341565	0.265457	0.237368
21330	-38.54613	-37.15986	-1.386269	0.243253	0.298512
21340	-38.45558	-41.27814	2.822559	0.0276567	0.1516
21350	-38.27021	-37.19642	-1.073792	0.261858	0.252993
21360	-37.55624	-37.67023	0.1139861	0.208788	0.20376
21370	-37.52375	-37.84462	0.3208625	0.220542	0.174187
21380	-37.4967	-38.41456	0.9178636	0.22021	0.123099
21390	-38.00736	-38.44333	0.4359718	0.127788	0.257026
21400	-39.77645	-39.01935	-0.757094	0.351354	0.13622
21410	-37.51678	-37.85595	0.3391787	0.181324	0.211827
21420	-37.94445	-37.97619	0.0317421	0.158297	0.261334
21430	-37.73823	-39.11956	1.381326	0.228301	0.0750905
21440	-37.68452	-38.63256	0.948044	0.239163	0.101547
21450	-39.27546	-42.05624	2.780784	0.160879	0.0219763
21460	-39.39339	-37.63065	-1.762741	0.212395	0.361796
21470	-38.96342	-41.06996	2.106539	0.0267471	0.214181
21480	-37.91183	-38.53026	0.6184289	0.121973	0.247126
21490	-37.55789	-38.24363	0.6857469	0.230848	0.132454
21500	-37.59794	-37.87853	0.2805872	0.171782	0.226416
21510	-37.71861	-39.55587	1.837263	0.0761376	0.187983
21520	-42.19319	-37.19559	-4.997601	0.418731	0.43408
21530	-37.52879	-37.74392	0.2151291	0.19544	0.208396
21540	-37.81994	-38.95776	1.137826	0.0983832	0.225981
21550	-37.48952	-38.87862	1.389095	0.181855	0.120867
21560	-37.45539	-38.61093	1.155533	0.20502	0.117819
21570	-37.60622	-37.60854	0.002320072	0.206067	0.216099
21580	-37.59286	-39.14259	1.54973	0.161099	0.127787
21590	-38.10524	-37.27042	-0.8348185	0.255618	0.238651
21600	-38.55436	-37.71157	-0.8427831	0.300663	0.194292
21610	-37.4906	-37.99699	0.5063903	0.170492	0.208257
21620	-38.2619	-37.17903	-1.082875	0.24674	0.268893
21630	-37.53147	-38.46388	0.9324037	0.133506	0.208551
21640	-38.05314	-37.5171	-0.5360448	0.266983	0.201552
21650	-37.71494	-37.62628	-0.08865909	0.191383	0.238618
21660	-40.2771	-37.13786	-3.139235	0.357813	0.334936
21670	-39.41191	-38.37334	-1.038563	0.341574	0.170243
21680	-37.85572	-39.94374	2.088013	0.166696	0.0758279
21690	-37.68596	-39.06102	1.375056	0.0954378	0.208493
21700	-38.79225	-37.28815	-1.504102	0.22905	0.322864
21710	-37.4416	-38.5992	1.1576	0.172451	0.15021
21720	-37.58909	-37.71848	0.1293906	0.22656	0.184661
21730	-39.95357	-40.97176	1.018188	0.0469559	0.287712
21740	-38.95883	-39.04391	0.08508009	0.312037	0.103
21750	-37.86819	-39.76021	1.892021	0.136138	0.123267
21760	-37.50113	-38.92928	1.428144	0.200459	0.0988992
21770	-38.16606	-40.76035	2.594295	0.064664	0.134253
21780	-41.19702	-44.63866	3.441645	0.0548053	0.0711294
21790	-37.42923	-38.17261	0.7433741	0.204571	0.153767
21800	-37.43438	-38.01191	0.5775335	0.20111	0.171512
21810	-37.91784	-37.8223	-0.09553428	0.262884	0.16771
21820	-37.83153	-37.64712	-0.1844127	0.185759	0.25249
21830	-41.86634	-38.51132	-3.355018	0.442154	0.26918
21840	-37.80512	-37.47183	-0.3332901	0.241567	0.209504
21850	-39.12401	-39.24129	0.1172812	0.104755	0.307509
21860	-38.01934	-38.24174	0.2223982	0.270308	0.132902
21870	-37.6936	-39.59367	1.900065	0.177312	0.0813998
21880	-37.99424	-38.7747	0.780459	0.260916	0.0942284
21890	-38.31701	-39.43671	1.119692	0.262599	0.0633272
21900	-39.50613	-40.19967	0.6935483	0.308598	0.0540313
21910	-37.42604	-38.12624	0.7001916	0.173647	0.188411
21920	-40.01585	-40.50853	0.4926796	0.326422	0.0535087
21930	-40.35023	-38.14955	-2.200687	0.202276	0.409635
21940	-38.67745	-37.60924	-1.068213	0.196593	0.317778
21950	-42.43057	-38.59233	-3.838233	0.464101	0.288853
21960	-37.68997	-39.48371	1.793737	0.0798575	0.188012
21970	-40.91351	-37.17271	-3.740791	0.381585	0.362977
21980	-37.69667	-38.21449	0.5178239	0.245862	0.131903
21990	-37.42666	-38.18283	0.7561641	0.168669	0.188567
22000	-37.50095	-38.89676	1.395808	0.134295	0.167848
22010	-37.46067	-37.8786	0.4179289	0.199354	0.187015
22020	-37.42338	-38.46547	1.042089	0.194026	0.138583
22030	-38.773	-41.28261	2.509611	0.0212701	0.184941
22040	-37.54879	-38.07335	0.5245504	0.158561	0.218624
22050	-39.00403	-38.39433	-0.6097024	0.322664	0.152216
22060	-37.95258	-40.08464	2.132058	0.157963	0.0807671
22070	-37.73112	-38.15243	0.421314	0.146673	0.239404
22080	-37.54488	-38.34711	0.8022328	0.228393	0.124876
22090	-37.56029	-37.85057	0.2902815	0.177067	0.220297
22100	-37.50667	-38.90466	1.397991	0.119308	0.182647
22110	-39.50911	-37.28274	-2.226367	0.336298	0.277825
22120	-38.08916	-39.2644	1.175249	0.252693	0.0684474
22130	-38.25477	-39.2656	1.010827	0.264654	0.0706479
22140	-38.12856	-39.65429	1.525732	0.237939	0.0530143
22150	-37.4724	-38.7453	1.272901	0.147658	0.165072
22160	-41.3038	-38.11264	-3.191163	0.233922	0.4633
22170	-39.29933	-39.80086	0.5015257	0.310897	0.068272
22180	-37.94514	-39.0951	1.149955	0.0914303	0.231889
22190	-38.1911	-39.40965	1.218546	0.0782888	0.239123
22200	-37.89727	-40.23516	2.337893	0.0571388	0.163863
22210	-39.25824	-37.48832	-1.769919	0.22068	0.35413
22220	-38.13528	-37.93245	-0.2028262	0.162858	0.276977
22230	-37.42443	-38.32205	0.8976163	0.161608	0.183445
22240	-37.61941	-39.32598	1.706567	0.173424	0.101954
22250	-40.09648	-40.71842	0.6219391	0.0602577	0.30854
22260	-37.55622	-38.99975	1.443525	0.210249	0.0877844
22270	-37.42308	-38.33914	0.9160573	0.16181	0.181655
22280	-37.97782	-38.72873	0.7509072	0.26078	0.096909
22290	-40.26021	-38.79879	-1.461419	0.374893	0.173345
22300	-37.99611	-37.31621	-0.6799034	0.224573	0.256353
22310	-37.67852	-37.83366	0.1551376	0.242154	0.166849
22320	-38.28953	-40.42859	2.139055	0.0406128	0.197515
22330	-37.52175	-39.01426	1.492507	0.180215	0.1136
22340	-37.57149	-37.64794	0.07645671	0.207422	0.208358
22350	-37.89897	-39.91016	2.011183	0.196286	0.0528553
22360	-38.6207	-41.58124	2.960542	0.045327	0.122045
22370	-37.45973	-38.6782	1.218471	0.144393	0.173025
22380	-37.64336	-39.52514	1.881782	0.0869401	0.173346
22390	-38.11098	-38.38665	0.2756703	0.274994	0.123628
22400	-37.74774	-39.86929	2.121555	0.0810783	0.158556
22410	-37.41545	-38.27921	0.8637588	0.168897	0.179072
22420	-37.54308	-39.09562	1.552532	0.179184	0.109461
22430	-37.508	-37.8176	0.3095985	0.187819	0.207881
22440	-39.58429	-39.18566	-0.3986212	0.119396	0.337303
22450	-40.18047	-37.53314	-2.647328	0.243641	0.40674
22460	-38.97826	-37.03609	-1.942173	0.28756	0.302086
22470	-37.48564	-37.86781	0.3821741	0.1857	0.203748
22480	-41.54012	-40.00989	-1.530231	0.131579	0.422586
22490	-37.41863	-38.27193	0.8532954	0.199355	0.149515
22500	-38.30927	-37.52768	-0.781583	0.197368	0.292316
22510	-37.48957	-37.90057	0.4110041	0.180593	0.206373
22520	-37.5603	-38.72022	1.159919	0.222862	0.0995985
22530	-37.50738	-37.75987	0.2524915	0.204443	0.196175
22540	-39.27877	-39.25773	-0.02103927	0.107721	0.316456
22550	-38.10646	-40.16478	2.05832	0.0488762	0.196205
22560	-38.33976	-40.65922	2.319452	0.13762	0.0849696
22570	-38.01137	-38.10231	0.0909341	0.149783	0.26475
22580	-39.30772	-37.64691	-1.660805	0.336004	0.229407
22590	-38.55751	-40.94477	2.387254	0.121286	0.0954636
22600	-37.96339	-38.165	0.2016101	0.266941	0.13806
22610	-38.24514	-37.24122	-1.003923	0.265946	0.242887
22620	-39.1474	-37.10331	-2.044081	0.260959	0.337464
22630	-37.9044	-40.15617	2.251772	0.0550628	0.173356
22640	-37.56459	-38.71192	1.147326	0.117609	0.205936
22650	-38.04647	-39.07868	1.032202	0.256174	0.0772869
22660	-38.11578	-39.42134	1.30556	0.0770262	0.232891
22670	-39.63111	-42.55026	2.919152	0.0844102	0.0865272
22680	-38.19734	-39.85736	1.660018	0.0593337	0.220054
22690	-38.43253	-37.38306	-1.049474	0.287377	0.22538
22700	-37.91092	-39.94393	2.033011	0.194953	0.0523077
22710	-38.93045	-37.58248	-1.347977	0.317901	0.220566
22720	-38.25163	-40.69395	2.442322	0.088004	0.124003
22730	-39.73081	-40.16795	0.4371384	0.32277	0.0619443
22740	-39.88689	-41.85554	1.968657	0.0178313	0.234973
22750	-38.23565	-37.4394	-0.7962499	0.277108	0.213839
22760	-38.11354	-38.64275	0.5292107	0.117078	0.259706
22770	-37.76964	-37.44226	-0.3273847	0.231075	0.219488
22780	-37.90718	-37.34448	-0.5626995	0.225791	0.245039
22790	-37.4492	-38.68295	1.233753	0.18782	0.128281
22800	-37.78531	-38.08122	0.2959083	0.151082	0.245797
22810	-37.92794	-37.5171	-0.4108447	0.197628	0.260124
22820	-37.72925	-38.17436	0.445106	0.248946	0.135082
22830	-37.42143	-38.0605	0.6390703	0.184817	0.182504
22840	-37.67444	-39.55394	1.879494	0.183691	0.0767923
22850	-38.81355	-37.33321	-1.480341	0.306323	0.243545
22860	-37.68752	-39.08735	1.399834	0.224267	0.0775297
22870	-37.59805	-37.85691	0.2588551	0.233083	0.166987
22880	-37.88926	-37.34654	-0.5427156	0.23383	0.235279
22890	-37.87135	-38.01668	0.1453301	0.260529	0.149319
22900	-37.90461	-39.60806	1.703453	0.0690124	0.206634
22910	-37.48748	-38.43783	0.9503554	0.218149	0.122362
22920	-37.96995	-40.40784	2.437886	0.0671083	0.145281
22930	-37.89279	-39.85107	1.958275	0.0611258	0.192572
22940	-39.16573	-37.01269	-2.153033	0.287098	0.320709
22950	-38.75519	-39.82067	1.065476	0.0686572	0.261938
22960	-37.44396	-38.65004	1.206074	0.189013	0.129473
22970	-38.45623	-41.08991	2.633679	0.0766073	0.118918
22980	-37.45107	-38.64376	1.192692	0.168799	0.150839
22990	-37.76475	-37.71052	-0.05422709	0.181033	0.246003
23000	-40.00924	-37.61194	-2.397301	0.231691	0.397155
23010	-37.68396	-39.56068	1.876718	0.188878	0.0718448
23020	-37.50689	-38.9423	1.43541	0.122944	0.175789
23030	-37.63221	-39.47709	1.844877	0.0883646	0.175101
23040	-38.28254	-40.24345	1.960914	0.0460896	0.207381
23050	-37.61435	-38.58073	0.9663769	0.233097	0.106034
23060	-37.58675	-38.50515	0.9184013	0.231431	0.111832
23070	-38.69987	-37.06942	-1.630446	0.269399	0.293398
23080	-37.57287	-37.97552	0.4026512	0.231822	0.155863
23090	-37.59776	-39.20188	1.604116	0.1319	0.152302
23100	-37.59021	-38.80493	1.214719	0.224048	0.0936934
23110	-37.68205	-37.51076	-0.1712946	0.2174	0.219719
23120	-40.62071	-40.16206	-0.4586494	0.36811	0.0937588
23130	-37.4687	-38.34203	0.8733261	0.215642	0.131503
23140	-38.36663	-38.12449	-0.2421392	0.2917	0.151521
23150	-38.57446	-37.09371	-1.480749	0.263129	0.286774
23160	-38.01924	-37.37442	-0.6448268	0.257458	0.220447
23170	-37.59441	-39.32428	1.729866	0.187549	0.0858219
23180	-39.73875	-37.60834	-2.130409	0.353938	0.25192
23190	-38.9949	-39.39537	0.4004622	0.0938426	0.294031
23200	-38.03556	-40.32215	2.286593	0.168854	0.0565659
23210	-37.46712	-38.48779	1.020675	0.140436	0.194018
23220	-38.10238	-39.16402	1.061645	0.0890872	0.241838
23230	-38.45558	-40.10895	1.653371	0.052083	0.227877
23240	-39.45972	-40.76321	1.303488	0.278559	0.0315365
23250	-37.83404	-37.44664	-0.3874037	0.243099	0.212633
23260	-39.55502	-39.86614	0.3111191	0.32293	0.0726383
23270	-38.16526	-40.75373	2.588471	0.0653803	0.134039
23280	-38.88834	-42.01267	3.124337	0.0364247	0.11684
23290	-37.47855	-38.19248	0.7139332	0.218393	0.142481
23300	-37.86806	-37.52349	-0.3445778	0.251818	0.200225
23310	-37.4667	-38.63908	1.172378	0.135668	0.18572
23320	-38.28905	-40.70318	2.414122	0.148518	0.065918
23330	-37.95195	-38.75356	0.8016127	0.109355	0.243967
23340	-38.51738	-37.31922	-1.198161	0.220967	0.304597
23350	-37.54006	-38.32621	0.7861454	0.141347	0.213307
23360	-38.25532	-37.46113	-0.7941922	0.203136	0.287633
23370	-39.63429	-37.99901	-1.635277	0.191812	0.371401
23380	-37.8055	-37.40465	-0.4008496	0.229501	0.22739
23390	-37.51329	-38.91698	1.403684	0.116736	0.18473
23400	-37.53535	-37.84448	0.3091376	0.222859	0.17288
23410	-38.43463	-39.28523	0.8505941	0.0877707	0.261332
23420	-39.52358	-37.48808	-2.035498	0.227975	0.369709
23430	-37.81448	-37.7719	-0.04257721	0.254019	0.172013
23440	-38.32361	-37.38895	-0.9346654	0.280937	0.221932
23450	-37.72988	-39.69292	1.963035	0.18132	0.0719683
23460	-37.63785	-39.15256	1.514703	0.093616	0.198287
23470	-37.94254	-37.46198	-0.4805687	0.203716	0.26004
23480	-38.29765	-40.65199	2.354342	0.14347	0.0761148
23490	-37.69372	-39.60404	1.910319	0.181091	0.0767371
23500	-37.67298	-39.30341	1.630434	0.210684	0.0712517
23510	-37.50042	-38.36291	0.862492	0.142405	0.205674
23520	-37.43143	-38.52589	1.094463	0.166202	0.161897
23530	-39.95025	-37.05713	-2.893123	0.291669	0.379883
23540	-38.59086	-38.6555	0.06463995	0.299233	0.117565
23550	-37.9367	-37.34695	-0.5897526	0.221785	0.251376
23560	-37.43765	-38.2267	0.7890485	0.161863	0.192541
23570	-39.31294	-37.04969	-2.263254	0.274793	0.342508
23580	-39.79288	-43.21396	3.421078	0.00957014	0.118136
23590	-37.59579	-37.63565	0.03985928	0.220336	0.198597
23600	-38.94362	-37.84624	-1.097373	0.320902	0.19598
23610	-37.41249	-38.38531	0.9728158	0.179921	0.158656
23620	-39.35991	-42.30109	2.94118	0.137731	0.0313092
23630	-38.56682	-37.69519	-0.8716329	0.187473	0.309966
23640	-37.8076	-38.00571	0.1981078	0.156357	0.248946
23650	-39.23312	-42.39264	3.159525	0.0120635	0.13817
23660	-37.53987	-39.11033	1.570453	0.111825	0.175276
23670	-37.63733	-37.97552	0.3381899	0.239587	0.15365
23680	-37.52711	-38.09265	0.5655346	0.226435	0.147221
23690	-37.66738	-39.17968	1.512302	0.0910669	0.201043
23700	-37.4108	-38.3212	0.910399	0.190571	0.153381
23710	-39.56447	-37.01189	-2.55258	0.315205	0.327015
23720	-37.50429	-38.91622	1.411927	0.177136	0.123619
23730	-38.76762	-38.81464	0.04702012	0.119346	0.29897
23740	-38.59396	-41.21318	2.61922	0.143727	0.0530438
23750	-37.85883	-39.97808	2.119252	0.171976	0.0678575
23760	-37.97517	-37.41259	-0.5625805	0.209332	0.261489
23770	-39.73492	-39.75695	0.02202888	0.0942976	0.32617
23780	-38.16569	-39.43446	1.268777	0.0768847	0.2362
23790	-37.63771	-37.79466	0.1569527	0.17746	0.231387
23800	-37.50626	-38.99278	1.486517	0.188752	0.105578
23810	-37.62164	-37.58015	-0.04148606	0.211227	0.214712
23820	-37.67081	-39.54061	1.869798	0.180069	0.0812494
23830	-37.56499	-38.7873	1.222306	0.113885	0.203202
23840	-38.4139	-39.5122	1.098303	0.266377	0.0613907
23850	-37.44629	-38.53123	1.084944	0.146103	0.182815
23860	-38.10175	-38.86165	0.7598941	0.266282	0.0906332
23870	-38.00522	-40.35581	2.350594	0.0476845	0.172223
23880	-38.91383	-40.38214	1.468319	0.0484756	0.247423
23890	-37.66711	-39.61722	1.950103	0.0841416	0.17026
23900	-44.00965	-37.73361	-6.276043	0.508633	0.454291
23910	-38.72804	-38.1699	-0.5581406	0.157244	0.313194
23920	-37.51071	-38.96137	1.450665	0.201312	0.0961073
23930	-37.52119	-38.12684	0.6056499	0.156569	0.213632
23940	-37.62078	-37.61456	-0.006219408	0.224145	0.198756
23950	-38.52392	-38.56196	0.03803552	0.128626	0.290463
23960	-37.45955	-38.73937	1.279825	0.196529	0.115605
23970	-38.9127	-41.52402	2.611321	0.0174501	0.180001
23980	-37.41788	-38.35805	0.9401717	0.196508	0.14488
23990	-38.14822	-38.34678	0.1985604	0.135265	0.269998
24000	-37.62321	-37.58241	-0.04080042	0.209087	0.216792
24010	-37.53291	-37.76877	0.2358578	0.218006	0.184045
24020	-38.0078	-40.51272	2.50492	0.0515341	0.155081
24030	-37.90587	-39.99271	2.086848	0.159783	0.082841
24040	-37.42798	-38.00755	0.5795718	0.191348	0.181099
24050	-39.15645	-39.60116	0.4447085	0.309083	0.0749792
24060	-37.8494	-39.61442	1.765018	0.0695644	0.200779
24070	-37.44601	-38.65631	1.210304	0.18492	0.133201
24080	-37.87574	-37.47453	-0.4012134	0.203757	0.253165
24090	-37.54324	-39.11779	1.574553	0.109118	0.17763
24100	-37.85121	-37.60277	-0.2484423	0.189812	0.253952
24110	-38.99704	-37.84515	-1.151887	0.185799	0.335779
24120	-37.73014	-39.76323	2.033094	0.0728548	0.174399
24130	-37.6661	-37.56678	-0.09932272	0.228437	0.202483
24140	-40.385	-40.94465	0.5596523	0.330152	0.0440105
24150	-37.95084	-39.08129	1.130455	0.0921324	0.232866
24160	-38.90951	-37.06165	-1.847861	0.266036	0.315487
24170	-37.64808	-39.37622	1.728133	0.200985	0.0725358
24180	-37.41851	-38.10395	0.6854493	0.196466	0.166862
24190	-38.96771	-37.13741	-1.830301	0.25184	0.32817
24200	-37.50086	-38.69862	1.19776	0.125001	0.194201
24210	-37.62999	-38.77879	1.148799	0.110909	0.21251
24220	-37.96876	-37.49323	-0.475537	0.199738	0.263586
24230	-39.4413	-39.20893	-0.2323719	0.114422	0.327958
24240	-40.33488	-41.93631	1.60143	0.269853	0.0145805
24250	-37.90693	-39.99116	2.084221	0.189322	0.0535284
24260	-37.73808	-38.98518	1.247103	0.0978447	0.217107
24270	-39.64714	-37.41311	-2.234021	0.238331	0.376451
24280	-38.38187	-40.90742	2.525548	0.155385	0.0494535
24290	-38.52578	-37.99603	-0.5297548	0.300457	0.167536
24300	-37.52371	-38.7227	1.198988	0.217175	0.101921
24310	-37.82452	-39.84567	2.021151	0.189398	0.0588849
24320	-38.93612	-38.67507	-0.2610423	0.316654	0.128195
24330	-37.56356	-39.18987	1.626314	0.196738	0.0855518
24340	-41.69981	-40.74316	-0.9566533	0.403416	0.101347
24350	-37.4474	-38.66857	1.221165	0.194082	0.123104
24360	-37.48277	-38.03216	0.5493866	0.217748	0.157299
24370	-37.94442	-39.19843	1.254015	0.24384	0.0705166
24380	-38.16411	-40.32891	2.164802	0.0439429	0.191967
24390	-37.9552	-38.07069	0.1154868	0.151628	0.26079
24400	-37.66476	-37.55608	-0.1086784	0.205959	0.225767
24410	-39.81176	-40.28157	0.4698096	0.0719481	0.309952
24420	-37.62898	-38.81003	1.181056	0.228549	0.0920914
24430	-37.96944	-39.67408	1.70464	0.222146	0.0533974
24440	-39.37974	-40.43568	1.055945	0.0554453	0.275971
24450	-37.77614	-37.80459	0.02845115	0.172451	0.247464
24460	-37.5516	-38.00578	0.4541809	0.229254	0.153992
24470	-38.69881	-38.29702	-0.4017905	0.148462	0.30851
24480	-37.50668	-38.59869	1.092015	0.128609	0.1997
24490	-37.59291	-39.3489	1.755998	0.100308	0.170812
24500	-37.67159	-39.29086	1.61927	0.0867243	0.196172
24510	-38.34132	-39.01479	0.6734749	0.27794	0.0864188
24520	-38.81736	-40.19932	1.381958	0.0539039	0.249433
24530	-38.29075	-37.19636	-1.094392	0.264088	0.252538
24540	-37.51125	-38.94357	1.432317	0.118206	0.180793
24550	-37.76295	-39.56749	1.804547	0.131678	0.135261
24560	-37.43326	-38.08449	0.6512278	0.204444	0.161831
24570	-37.41475	-38.4056	0.990853	0.187269	0.149753
24580	-38.96964	-37.83849	-1.131158	0.322097	0.197696
24590	-37.69746	-39.51039	1.812929	0.118475	0.147742
24600	-39.60177	-39.69513	0.09336674	0.0938837	0.32044
24610	-37.5184	-38.12385	0.6054516	0.225252	0.144966
24620	-38.61108	-37.37302	-1.238054	0.216676	0.312323
24630	-37.70552	-37.50648	-0.1990379	0.210728	0.228781
24640	-37.47948	-38.29974	0.8202618	0.218271	0.133445
24650	-37.47638	-38.83339	1.357004	0.197308	0.108178
24660	-38.23779	-40.98352	2.745722	0.0445787	0.141296
24670	-37.4894	-38.35721	0.8678074	0.21964	0.12798
24680	-37.94561	-37.68764	-0.2579729	0.181059	0.263526
24690	-38.00143	-40.11085	2.109419	0.051797	0.188883
24700	-38.25188	-39.68268	1.430801	0.0668601	0.23227
24710	-37.4746	-38.76147	1.286873	0.171946	0.13958
24720	-37.80204	-40.02658	2.224534	0.0737446	0.15702
24730	-37.86926	-39.58452	1.71526	0.217186	0.0574435
24740	-37.50937	-38.97867	1.469297	0.182926	0.112888
24750	-37.75021	-39.59624	1.846024	0.121745	0.141621
24760	-37.42193	-38.04466	0.6227372	0.188699	0.18003
24770	-37.48764	-37.94911	0.4614713	0.175587	0.207032
24780	-37.67828	-39.16682	1.488536	0.0911358	0.203021
24790	-38.5325	-37.19872	-1.333779	0.236683	0.300561
24800	-37.54122	-37.70063	0.1594017	0.211016	0.19762
24810	-37.57314	-38.17003	0.5968926	0.232958	0.137996
24820	-37.79551	-40.00771	2.212192	0.0691304	0.162698
24830	-38.3586	-37.16158	-1.197023	0.264322	0.261143
24840	-38.00524	-37.56402	-0.4412188	0.192236	0.268132
24850	-38.56097	-37.48098	-1.079983	0.205411	0.309973
24860	-37.96789	-37.30274	-0.6651535	0.239756	0.2399
24870	-37.76684	-39.86213	2.095295	0.0684186	0.173478
24880	-37.84173	-38.52564	0.6839079	0.254609	0.108851
24890	-37.89212	-38.59947	0.7073476	0.117849	0.243592
24900	-40.44175	-37.75378	-2.68798	0.384031	0.269851
24910	-38.59523	-38.21848	-0.3767444	0.151224	0.303591
24920	-38.45813	-38.20886	-0.2492605	0.149094	0.29474
24930	-37.82443	-38.0412	0.2167688	0.256959	0.146736
24940	-37.46807	-37.85598	0.3879101	0.199947	0.189007
24950	-38.10253	-38.34819	0.245661	0.274835	0.126372
24960	-37.95016	-39.98816	2.037995	0.196778	0.0500535
24970	-40.40636	-37.02466	-3.381692	0.316131	0.397501
24980	-37.70099	-39.23692	1.535934	0.0874722	0.202602
24990	-37.86506	-38.53341	0.6683472	0.12168	0.24312
25000	-39.01891	-38.6711	-0.3478139	0.320742	0.131581
