state	type_with_type	type_with_density	density_with_type	density_with_density
0	20	0	0	20
10000	10.7749426356903	-21.708039761002	-21.708039761002	87.7824103132951
20000	15.4290249765326	-19.0946182326877	-19.0946182326877	63.7163222863801
30000	6.39397950764392	-11.5699963640514	-11.5699963640514	59.9889934811615
40000	2.18757665808867	-4.48615192222281	-4.48615192222281	64.133749781867
50000	1.22497376366626	-4.66935160996077	-4.66935160996077	61.8078703886874
60000	0.921790017146543	-2.36965629079335	-2.36965629079335	56.6739349451183
70000	3.57324839573766	-7.46668831219007	-7.46668831219007	52.4682284604752
80000	1.60629143029891	-5.43167325809471	-5.43167325809471	55.4932218615519
90000	12.3148538402313	-23.4628503039564	-23.4628503039564	74.4340139362588
1e+05	9.6180095332615	-15.3370329687398	-15.3370329687398	55.5673477744062
110000	4.90168158932792	-8.46800669155835	-8.46800669155835	64.7325198235402
120000	16.4801004554441	-20.7684175886697	-20.7684175886697	57.6743744059077
130000	3.49965906216483	-3.89344864728286	-3.89344864728286	57.5138067082898
140000	7.82155472011982	-11.286165686736	-11.286165686736	53.3097446761195
150000	16.7139443719175	-22.5436432854481	-22.5436432854481	72.4430045293196
160000	7.24659970319411	-7.81831608638314	-7.81831608638314	67.2866136854988
170000	3.73240533971341	-10.1065684735359	-10.1065684735359	80.5775981041891
180000	1.06825758432163	-4.07563906523885	-4.07563906523885	55.0132876277163
190000	3.22332924391576	-9.06626555879191	-9.06626555879191	63.1253837907249
2e+05	4.88418045951225	-13.662396729526	-13.662396729526	83.327307531713
210000	4.00640958803236	-9.98036895699854	-9.98036895699854	66.7363401941071
220000	3.92262480340293	-8.39322279725533	-8.39322279725533	44.2951667930032
230000	5.00881533888558	-8.38172112312408	-8.38172112312408	74.0639784943593
240000	5.06597487568881	-10.4235486112695	-10.4235486112695	63.3993933034316
250000	6.75957326510273	-8.25857854415363	-8.25857854415363	57.5198375540925
260000	3.27671365119188	-6.39309538447012	-6.39309538447012	44.0842961982741
270000	3.67852346904633	-10.9771866283211	-10.9771866283211	63.4715460062576
280000	2.69615012130888	-6.21772905348415	-6.21772905348415	62.665996826848
290000	19.4707507360194	-23.1390263051171	-23.1390263051171	60.178788851865
3e+05	33.1441009858409	-33.5287919185006	-33.5287919185006	69.8030182897674
310000	17.8581097662182	-27.9215910742749	-27.9215910742749	71.0026593087533
320000	5.3603898584149	-15.5445584643632	-15.5445584643633	74.1017285282286
330000	12.2808234348117	-18.7780525499708	-18.7780525499708	67.5589628342678
340000	31.3150226746837	-22.5191143253166	-22.5191143253166	53.528205889295
350000	124.596741720897	-69.9626473461984	-69.9626473461984	70.4817378027742
360000	112.776329277721	-41.8214793914322	-41.8214793914322	43.7921424343563
370000	238.095287655829	-66.4075906440402	-66.4075906440402	49.7674587983914
380000	148.357913585988	-46.3419421223037	-46.3419421223037	50.9059857412086
390000	336.932364939816	-85.526023897538	-85.526023897538	65.0684702539013
4e+05	456.568559258947	-130.243084608851	-130.243084608851	70.1428361004905
410000	189.062287497204	-64.9602545328035	-64.9602545328035	55.1799052470695
420000	161.376790034181	-73.39567360017	-73.39567360017	65.7405669010552
430000	48.9136667501721	-18.3929990842659	-18.3929990842659	67.6995175272009
440000	21.5037665537805	-20.9273098539115	-20.9273098539115	74.5441003423573
450000	4.73567391272873	-7.50720302347235	-7.50720302347235	44.9925326104197
460000	1.61531383291974	-7.33862782824167	-7.33862782824167	70.6561853827883
470000	5.79434515190573	-14.8447447412373	-14.8447447412373	72.4022692233173
480000	3.52955545296719	-10.4723728839125	-10.4723728839125	74.3742309528489
490000	3.57065039630755	-4.03093451424169	-4.03093451424169	48.1482762848008
5e+05	5.54506784778769	-12.5813721787401	-12.5813721787401	71.744500098188
510000	8.38771954945102	-14.4769180214179	-14.4769180214179	54.5660743743426
520000	8.46222004163991	-13.9170340443814	-13.9170340443814	59.8531565714728
530000	6.90072778207214	-14.132468438521	-14.132468438521	78.9578060446972
540000	1.81693906161793	-6.04503151123169	-6.04503151123169	63.699222130503
550000	4.10833181466655	-12.3631132419271	-12.3631132419271	67.6497404440116
560000	2.52471565454492	-3.28214780720177	-3.28214780720177	65.0545435715035
570000	2.66216358180721	-9.72470771059643	-9.72470771059643	111.989181922295
580000	9.64981438703097	-16.7842140384025	-16.7842140384025	57.498272104072
590000	3.74373030343911	-8.59045685395653	-8.59045685395653	48.9507461295196
6e+05	3.05444186097747	-8.57719099451526	-8.57719099451526	59.9709540732103
610000	2.00079077585264	-6.06218895015632	-6.06218895015632	46.0435445326151
620000	5.10947174841413	-9.40712826488539	-9.40712826488539	49.0554108701865
630000	1.00144215613207	-3.60060049502967	-3.60060049502967	43.6980937050487
640000	2.28859813200355	-8.94263907172934	-8.94263907172934	76.2388599904026
650000	4.1474950572267	-9.52178486971113	-9.52178486971113	60.710349325007
660000	6.92697928495784	-9.92114567768811	-9.92114567768811	62.4398639516565
670000	6.66220565701335	-12.1908786589337	-12.1908786589337	63.9406304659118
680000	6.70823724723689	-11.5501592831039	-11.5501592831039	52.0102963184808
690000	4.13041736147116	-9.79504586945219	-9.79504586945219	60.467952300169
7e+05	8.10575028556137	-15.1345089680129	-15.1345089680129	56.0236918109805
710000	2.2294236513346	-3.55924465023676	-3.55924465023676	44.8515662453191
720000	3.04149988335429	-8.00046014081146	-8.00046014081146	62.1123603191728
730000	8.49751293863794	-15.5074941639458	-15.5074941639458	56.7178309367263
740000	6.57322286157292	-10.862837284666	-10.862837284666	50.3436531911718
750000	6.92138440628553	-13.4225307291045	-13.4225307291045	59.6422347211654
760000	24.055397048681	-10.4214251001372	-10.4214251001372	59.7802892519825
770000	13.0522429739737	-23.7998557349864	-23.7998557349864	87.9217510042163
780000	7.07837421582012	-11.2605935526635	-11.2605935526635	55.9944042617074
790000	13.2976381458601	-15.4681558321411	-15.4681558321411	69.8922126937821
8e+05	43.4727915974301	-39.2784166004502	-39.2784166004502	71.8659810891076
810000	17.1932828739784	-25.4304168649647	-25.4304168649647	68.253636003671
820000	4.33892293460739	-9.8605328051217	-9.8605328051217	69.1248660987567
830000	1.62235820883335	-4.83958261185927	-4.83958261185927	65.5755074953233
840000	2.22758994931783	-4.77132315592738	-4.77132315592738	47.2518189445386
850000	4.77767429597977	-10.7617642331761	-10.7617642331761	59.4828963288636
860000	3.23108006445796	-8.34645364284381	-8.34645364284381	49.72031000935
870000	3.44431167553968	-4.12117422673351	-4.12117422673351	63.9969295733927
880000	2.03601647093845	-6.36573367932513	-6.36573367932514	53.5150645916439
890000	1.25983754640948	-3.67559068462343	-3.67559068462343	70.6817778135828
9e+05	6.20190570045427	-11.6382908158528	-11.6382908158528	63.8078722739275
910000	2.03287126292364	-3.54170414941925	-3.54170414941925	35.6691486192371
920000	17.0194743604435	-17.9806853957245	-17.9806853957245	47.1809083120452
930000	6.77377012985387	-12.0180119059508	-12.0180119059508	54.5098192285978
940000	18.9697769152366	-28.3167399805583	-28.3167399805583	88.8710848756299
950000	2.14483883488048	-3.14058363713809	-3.14058363713809	52.5605062240673
960000	7.33039160462326	-9.24623911924732	-9.24623911924732	45.6467853990757
970000	4.61074347109986	-9.6981839285384	-9.6981839285384	64.3352553407787
980000	3.23519089464998	-5.59366994299511	-5.59366994299511	53.2759173456453
990000	4.94763379920103	-12.2707113925872	-12.2707113925872	63.9591890327441
1e+06	1.48183735070501	-5.15118859122266	-5.15118859122266	64.2984515548505
1010000	6.63845103102365	-9.64956645913906	-9.64956645913906	68.4356598923996
1020000	4.01252940208747	-12.2804071610274	-12.2804071610274	86.7376754822241
1030000	11.8505994021037	-21.1443123669272	-21.1443123669272	74.5817583198652
1040000	11.1362882617672	-12.880949015382	-12.880949015382	50.367464903985
1050000	3.8528642563851	-8.43197610428102	-8.43197610428102	62.1487306434218
1060000	1.57047075893348	-3.87823095279488	-3.87823095279488	44.1984527343711
1070000	3.23557988381511	-6.03765584370546	-6.03765584370546	41.931290463947
1080000	8.35846040373512	-14.6626341322659	-14.6626341322659	67.4673699148686
1090000	24.4978522479981	-28.7298362183845	-28.7298362183845	61.1261676788926
1100000	16.8578267171098	-14.4524751279904	-14.4524751279904	44.5039132318887
1110000	3.39150377593701	-5.65566273567002	-5.65566273567002	54.6021562325943
1120000	4.54950920002755	-10.3151240419361	-10.3151240419361	66.7664088295605
1130000	5.15497928282374	-14.7391763020669	-14.7391763020669	99.1760010008427
1140000	4.71678000558268	-7.82820989813354	-7.82820989813354	57.3370815650648
1150000	8.20038624009442	-16.446886418279	-16.446886418279	63.923207748076
1160000	66.3155054728312	-46.7460716981434	-46.7460716981434	59.6345935758826
1170000	17.2953797105169	-28.5630982265712	-28.5630982265712	77.3995013191978
1180000	44.5855323709977	-34.8823810810974	-34.8823810810974	55.5399850569236
1190000	21.3482598828082	-19.8445975221028	-19.8445975221028	63.1660617809793
1200000	109.792422952748	-57.6804039225571	-57.6804039225571	77.5649684899975
1210000	33.9124655866731	-37.4292819687806	-37.4292819687806	78.0634126699143
1220000	13.2536303047744	-17.5998449280524	-17.5998449280524	67.2055616752827
1230000	7.49920179867671	-11.0546428498976	-11.0546428498976	36.982689837011
1240000	3.37361783288101	-7.2483576466048	-7.24835764660479	44.9131577223215
1250000	2.38144296018502	-9.17146492190783	-9.17146492190783	68.558283458441
1260000	2.27526587447513	-9.81353062270646	-9.81353062270645	71.9999095112896
1270000	3.90343228188588	-14.2501965265816	-14.2501965265816	86.3472620276698
1280000	2.68995952628147	-5.01430834449539	-5.01430834449539	43.5468851746285
1290000	1.84226724211483	-7.70602121917675	-7.70602121917675	68.2742780321061
1300000	3.29023292175653	-5.51731330479781	-5.51731330479781	50.3322327404369
1310000	1.46829259726002	-6.0531456500776	-6.0531456500776	65.4370741428944
1320000	2.84568738262034	-9.73677219113188	-9.73677219113188	69.7753757504194
1330000	1.4548268642328	-4.95694845299019	-4.95694845299019	47.8356251334558
1340000	4.11883747805051	-8.07484892339349	-8.07484892339349	65.3185322834566
1350000	4.78482593960245	-10.1025746684472	-10.1025746684472	63.2167866112944
1360000	7.85857545710447	-13.5990595004507	-13.5990595004507	50.6301513259633
1370000	3.11638324862883	-5.52640854144313	-5.52640854144313	51.7543723343172
1380000	5.56101880726034	-15.2600183254938	-15.2600183254938	73.6159683997328
1390000	1.59231300349093	-4.99115005235848	-4.99115005235848	79.0029983455596
1400000	6.7053229322121	-9.28349144393238	-9.28349144393238	50.35459732255
1410000	6.75506757361885	-13.4875568858275	-13.4875568858275	63.1904915090129
1420000	1.93919254935274	-7.47569475698211	-7.47569475698211	66.6141910311813
1430000	2.35102513410282	-8.59156905815831	-8.59156905815831	73.219455301073
1440000	3.61405097884888	-11.142012335333	-11.142012335333	70.2903238351302
1450000	4.54286927630004	-6.42610301670918	-6.42610301670918	72.307190799227
1460000	3.57218057089154	-9.632688306114	-9.632688306114	58.6929284956838
1470000	3.94531386082512	-10.8219145741412	-10.8219145741412	78.837721299909
1480000	3.09399183319347	-10.00537235997	-10.00537235997	62.803632699173
1490000	2.1953198427276	-2.32461071642943	-2.32461071642943	43.2639510392372
1500000	1.5900428987103	-3.07228220639072	-3.07228220639072	39.6460242144969
1510000	5.75297383236054	-9.93480538180612	-9.93480538180612	45.9718946728146
1520000	2.36329847915236	-6.59446487660258	-6.59446487660258	58.7501771302101
1530000	2.62300330441734	-9.28638619751513	-9.28638619751513	67.065936449119
1540000	3.16143525997364	-8.19689492370077	-8.19689492370077	64.8737800907613
1550000	1.28464567476709	-5.26527659813811	-5.26527659813811	48.6385090348046
1560000	1.51091794419811	-6.09445646074952	-6.09445646074952	59.4467516255968
1570000	2.04620532952183	-6.74959708453811	-6.74959708453811	59.148573945743
1580000	4.81998454400423	-13.0431682460474	-13.0431682460474	76.579718221248
1590000	11.8611315163471	-9.69807210362481	-9.69807210362481	44.1405411781576
1600000	19.6238018277616	-22.268809051376	-22.268809051376	67.4291156853831
1610000	5.63398176020512	-9.06911527981732	-9.06911527981732	47.928654429025
1620000	14.6643303597046	-13.5288236932897	-13.5288236932897	39.3678952575038
1630000	36.9368221644186	-34.8458323990701	-34.8458323990701	65.4534055621472
1640000	13.2261967701551	-13.714680448984	-13.714680448984	45.31796980264
1650000	1.85362719580919	-7.59039552460671	-7.59039552460671	72.0578485514718
1660000	1.63989902076626	-5.19044042103268	-5.19044042103268	68.4180304734127
1670000	3.11986111836285	-9.46108700204024	-9.46108700204024	59.3197619897568
1680000	12.2638171438259	-14.590650280059	-14.590650280059	55.6821816181602
1690000	9.70737810508476	-14.0155684986655	-14.0155684986655	57.3339132789732
1700000	5.80543342276762	-11.9953989658914	-11.9953989658914	61.3491854904333
1710000	9.70609141912456	-16.9907262925538	-16.9907262925538	63.8865154731878
1720000	1.37327068072693	-5.88369554119286	-5.88369554119286	61.8409115588117
1730000	3.6107959974442	-8.869286117853	-8.869286117853	59.1557346508137
1740000	9.43327840209836	-17.0997794286339	-17.0997794286339	63.5295810439324
1750000	14.0179366803849	-18.9961776900368	-18.9961776900368	52.0564300761423
1760000	3.39729181420872	-7.33633004866568	-7.33633004866568	52.6466335831508
1770000	4.37073530487426	-11.4128323156159	-11.4128323156159	58.2182325156393
1780000	5.3051253509892	-8.77242057291936	-8.77242057291936	57.6790588357559
1790000	4.44956289223113	-9.22853132876422	-9.22853132876422	71.8623383407276
1800000	6.07154321142483	-8.5759142303225	-8.57591423032251	58.524442439688
1810000	2.63740885024051	-6.58494521846804	-6.58494521846804	62.863659003807
1820000	3.11001144590782	-10.4343008823515	-10.4343008823515	67.4133991168503
1830000	4.2704933280824	-7.57539927620327	-7.57539927620327	60.8199800056909
1840000	7.2005091579032	-11.8378055870564	-11.8378055870564	59.8074881628877
1850000	9.96546863310873	-10.3849018617233	-10.3849018617233	41.1186290004827
1860000	14.3326269002034	-14.9565491863282	-14.9565491863282	47.1004995748956
1870000	11.7650752008491	-16.3130118318424	-16.3130118318424	57.215549204845
1880000	3.63224876459806	-9.89968994313499	-9.89968994313499	67.2597584598108
1890000	3.82196138343708	-11.3904536835673	-11.3904536835673	78.5005685699069
1900000	8.0900509074731	-16.1172456467762	-16.1172456467762	81.625932375057
1910000	7.22986345523437	-8.8584964631836	-8.8584964631836	71.3842265901387
1920000	8.10647342685578	-14.0901271059885	-14.0901271059885	72.6178976805233
1930000	17.2789273044017	-21.7014697508566	-21.7014697508566	69.337897881594
1940000	6.25955293610092	-13.3611964167575	-13.3611964167575	72.6195322993002
1950000	3.19510483164068	-9.20732753491748	-9.20732753491748	71.7639474203398
1960000	3.58994492149861	-8.91172168573826	-8.91172168573826	49.4373003016255
1970000	5.309226027866	-7.81886528386194	-7.81886528386194	50.6762090266485
1980000	1.20811488662319	-0.59144180242659	-0.59144180242659	50.1350599641418
1990000	3.69161043375735	-6.64899868621649	-6.64899868621649	49.0546123088836
2e+06	3.536433428415	-10.3483034948765	-10.3483034948765	70.6821682838642
2010000	8.66907446049937	-12.986312814891	-12.986312814891	49.1765484666852
2020000	5.99603390440209	-11.5492476196796	-11.5492476196796	47.7623815297593
2030000	3.48762955684774	-6.42959794691876	-6.42959794691876	43.6696803063699
2040000	5.27888783583494	-6.65799047552207	-6.65799047552207	65.1858230386426
2050000	5.0493409407494	-7.50864072084728	-7.50864072084728	48.8494470001952
2060000	7.8306886224673	-5.92322918113816	-5.92322918113816	56.6723378521194
2070000	3.77737801005738	-9.04043457356058	-9.04043457356058	60.2969629780194
2080000	8.50254790837296	-11.2461877232896	-11.2461877232896	43.8520748232681
2090000	7.43644112056418	-14.9961877925981	-14.9961877925981	70.1337453817249
2100000	2.76341604769926	-6.83433153947116	-6.83433153947116	48.6327405122189
2110000	6.50754735070856	-11.6696339063558	-11.6696339063558	51.4497940975141
2120000	8.19764356298605	-14.47167086557	-14.47167086557	54.4024379962858
2130000	24.7159713510086	-15.5397445830908	-15.5397445830908	42.9437293584404
2140000	10.3526118725246	-12.5773400830527	-12.5773400830527	41.0127362994735
2150000	2.42585565875378	-5.09311213430903	-5.09311213430903	51.7872654101816
2160000	3.46693732441853	-9.02785266859498	-9.02785266859498	59.9557220167991
2170000	4.91110802156542	-8.93071099808599	-8.93071099808599	59.5452245199711
2180000	0.744990836446267	-2.95307200721385	-2.95307200721385	59.5495446517068
2190000	5.9577838422122	-13.2736182286073	-13.2736182286073	60.9241492988578
2200000	3.23899554905404	-6.52686472325312	-6.52686472325312	54.6202557093524
2210000	3.41612788070292	-7.71640955776039	-7.71640955776039	58.466889152145
2220000	11.1040014887669	-17.5774148612538	-17.5774148612538	59.6848233727392
2230000	14.0732947697304	-14.5539709856348	-14.5539709856348	45.4667955511698
2240000	4.17914954161339	-12.1504231340371	-12.1504231340371	63.9943270372138
2250000	3.38555930238678	-10.0696954431194	-10.0696954431194	62.8337939023656
2260000	6.86181732193416	-15.3204673407742	-15.3204673407742	73.2463456351565
2270000	7.97898319021238	-17.681795018053	-17.681795018053	64.8817078845832
2280000	5.02846069778782	-7.7824836231115	-7.78248362311151	62.106224265971
2290000	5.27902371580004	-8.2278616836145	-8.2278616836145	40.9671806173714
2300000	3.91478811596486	-6.98087142759438	-6.98087142759438	55.0962801843161
2310000	5.91927168966882	-10.6331056754956	-10.6331056754956	52.6720445156823
2320000	3.39717420513912	-11.1492392355864	-11.1492392355864	72.0363423256185
2330000	3.18961382777404	-8.81318457578667	-8.81318457578667	69.3671882197013
2340000	1.96943882627531	-6.72914568754347	-6.72914568754347	68.0079968966604
2350000	6.01299916178343	-10.5754147834831	-10.5754147834831	39.3950730757017
2360000	2.44550572182401	-6.11416350962545	-6.11416350962545	69.611254422492
2370000	4.17317197772815	-8.29913169432708	-8.29913169432708	43.4447996112845
2380000	1.82424520448267	-6.05256975574329	-6.05256975574329	63.6566744595408
2390000	4.65975092509143	-5.26074455225452	-5.26074455225452	45.4376893079853
2400000	56.2436913825222	-35.5329663604432	-35.5329663604432	58.894075448687
2410000	22.2723411689432	-28.0812129453561	-28.0812129453561	70.3138419907148
2420000	3.84324646055862	-7.08322273595943	-7.08322273595943	55.1566150406876
2430000	3.41911648202419	-9.77478791212415	-9.77478791212415	69.6289605499909
2440000	7.9466621526263	-18.8138489062816	-18.8138489062816	63.7047376483691
2450000	7.79909419354236	-12.6333247334076	-12.6333247334076	59.188039905983
2460000	12.2724384744534	-10.7976109265015	-10.7976109265015	42.3916540773295
2470000	70.1661694192815	-34.1248562565999	-34.1248562565999	52.5070164809621
2480000	10.0991113141916	-14.9303733157506	-14.9303733157506	56.7757959873978
2490000	21.6572715277525	-26.1869413465676	-26.1869413465676	75.3093047564986
2500000	10.9043850429058	-12.8419029907436	-12.8419029907436	54.6982724894125
2510000	5.64004700828977	-6.51743209052693	-6.51743209052694	49.4175652610712
2520000	5.09662183444424	-8.21226488486911	-8.2122648848691	45.9388186550497
2530000	1.2736932984662	-3.66795135377186	-3.66795135377186	71.1645483617155
2540000	2.77328662471625	-7.71346371990236	-7.71346371990236	68.4284853087135
2550000	14.2400694706581	-17.260896704446	-17.260896704446	55.9248846764053
2560000	5.06508756285355	-8.11666433421624	-8.11666433421624	62.5105049651905
2570000	1.55463965821645	-4.48063593301767	-4.48063593301767	50.068184159976
2580000	2.43533122802834	-5.82449706930362	-5.82449706930362	47.433350404042
2590000	4.05230519805957	-11.7106284222774	-11.7106284222774	74.8358435534717
2600000	3.99083698923242	-8.39362469553287	-8.39362469553287	51.9678218348662
2610000	1.52720921559967	-4.65865233762839	-4.65865233762839	59.6291420000929
2620000	7.60280038697566	-14.7598016616587	-14.7598016616587	77.270568452498
2630000	9.37080392334248	-18.4378528697688	-18.4378528697688	79.9171416363147
2640000	5.53617082343779	-10.8444950693158	-10.8444950693158	61.8212927871558
2650000	7.99626097111092	-8.82612499968699	-8.82612499968699	55.2594537918752
2660000	16.0333831296544	-14.1569836907459	-14.1569836907459	52.7407668763589
2670000	9.71271448036497	-12.332926835377	-12.332926835377	48.1907692545193
2680000	11.4840293748864	-16.1227438661588	-16.1227438661588	71.0392295200558
2690000	18.4081112264073	-23.197270355563	-23.197270355563	67.550598838083
2700000	1.90356590977741	-5.81422309088256	-5.81422309088256	68.3573330722342
2710000	3.84544556750586	-8.73319990909085	-8.73319990909085	55.2757174494227
2720000	2.6940682756276	-6.99104817965807	-6.99104817965807	44.4034476704206
2730000	3.21151082972683	-10.5082999000501	-10.5082999000501	67.890187015292
2740000	5.07932734817275	-13.5038233418311	-13.5038233418311	71.8754401597211
2750000	5.46110392092861	-10.5353670757705	-10.5353670757705	50.3962675226945
2760000	7.35206888775597	-14.2389116461189	-14.2389116461189	62.9781366824917
2770000	8.49421663903179	-14.9916125745227	-14.9916125745227	60.4292424678226
2780000	5.11304568668175	-10.370885784538	-10.370885784538	64.0728571231065
2790000	3.35169401511915	-9.51957643004011	-9.51957643004011	47.1360856038862
2800000	2.500012615336	-9.73196442680166	-9.73196442680167	84.6846415190737
2810000	2.06414210407393	-8.51763820816366	-8.51763820816366	71.7447042259298
2820000	4.44866845337565	-10.2625386579234	-10.2625386579234	65.5142353475311
2830000	2.34946258384592	-3.42578010902848	-3.42578010902848	53.2197936316807
2840000	2.99033614746493	-8.20240373325784	-8.20240373325784	57.8852311909678
2850000	1.79859428996358	-5.41166499861207	-5.41166499861207	50.2111782188908
2860000	1.23768161169453	-6.10248786110919	-6.10248786110918	62.6895064948579
2870000	2.13120609989147	-6.10174924045861	-6.10174924045861	54.548568868176
2880000	1.65593341531566	-5.89210184503953	-5.89210184503953	66.3620876959484
2890000	17.0930186175489	-27.5783820922891	-27.5783820922891	69.6556361288147
2900000	6.68245058214075	-11.7473178440704	-11.7473178440704	62.2081004842933
2910000	2.9442977035243	-7.47047952919834	-7.47047952919834	47.3021019344981
2920000	5.60617392872958	-10.5234773319058	-10.5234773319058	52.7543894451441
2930000	5.74905980646375	-12.9463922554913	-12.9463922554913	50.9681535472566
2940000	12.5624119161087	-18.5365102977614	-18.5365102977614	54.225782517843
2950000	8.8380982894739	-11.2730060214801	-11.2730060214801	72.2011762806336
2960000	19.5926920682544	-22.898076272528	-22.898076272528	55.3618179005013
2970000	3.9471655640497	-10.515021463487	-10.515021463487	67.1691849041212
2980000	11.6028687349135	-15.5031273770726	-15.5031273770726	55.1178186316834
2990000	3.18306513316929	-7.75639282395643	-7.75639282395643	70.3285125315874
3e+06	1.65080831605223	-6.3962260910572	-6.3962260910572	64.2586142835857
3010000	1.62475422760523	-4.2795871299677	-4.2795871299677	55.5061264615195
3020000	5.34382166857986	-7.98561168306882	-7.98561168306882	44.1619946626875
3030000	1.13279418231574	-2.93343814310883	-2.93343814310883	60.8514148250896
3040000	6.23510036524361	-7.53799213832684	-7.53799213832684	59.1373456070393
3050000	1.74427780419903	-6.45299344539314	-6.45299344539314	65.8662143176999
3060000	2.89899565802128	-9.64481213813941	-9.64481213813941	69.1798240105498
3070000	7.04589314157666	-12.2155935142837	-12.2155935142837	65.81205847168
3080000	2.63250732264293	-6.19966736237327	-6.19966736237327	49.3959791578683
3090000	3.08216830053583	-4.92997631472847	-4.92997631472847	50.0670842578074
3100000	10.9701834109094	-13.3040479637616	-13.3040479637616	52.3163008565823
3110000	5.47401382484914	-14.2420491531185	-14.2420491531185	67.7128041026968
3120000	7.05004100892112	-20.3162012798607	-20.3162012798607	87.6334905686723
3130000	6.73714324746832	-16.4331236775058	-16.4331236775058	73.0432745180684
3140000	3.71521473210646	-6.5364253435733	-6.5364253435733	52.3208294855913
3150000	4.12711760797457	-9.56388736383934	-9.56388736383934	45.566849476767
3160000	2.96062266173211	-9.96479229262188	-9.96479229262188	63.980332984274
3170000	9.71477194518806	-21.1210108577873	-21.1210108577873	88.5819990283783
3180000	8.14313537075738	-11.6631173324676	-11.6631173324676	68.2749694649445
3190000	5.60247849742889	-11.4969422006934	-11.4969422006934	71.6047876163733
3200000	15.2775894912855	-20.4088307555003	-20.4088307555003	58.7346082476349
3210000	48.8669654288861	-35.8852943462494	-35.8852943462494	54.670664215999
3220000	18.2808357986836	-17.5867971294973	-17.5867971294972	53.7082082591201
3230000	19.4746300967322	-16.8998323530288	-16.8998323530288	51.297094912714
3240000	17.8230819182832	-19.9088163969775	-19.9088163969775	57.0073217836831
3250000	1.79141743372083	-0.13423622801589	-0.13423622801589	44.036451133676
3260000	2.39212135903935	-9.45372526298594	-9.45372526298594	68.6745131824591
3270000	2.67529006830955	-5.36822982411731	-5.36822982411731	57.088942192689
3280000	6.36476005742417	-14.0940174043673	-14.0940174043673	66.8081868179956
3290000	4.49007716433965	-6.97456293502284	-6.97456293502285	52.8202465832655
3300000	5.80870780730711	-15.2700992711281	-15.2700992711281	64.2923642764727
3310000	5.26276943119358	-8.45351988420904	-8.45351988420904	66.9122076029575
3320000	3.03849816982226	-10.1731192718552	-10.1731192718552	60.9230195837705
3330000	2.84687545813155	-2.92263764428449	-2.92263764428449	51.4492791098811
3340000	1.98362534472063	-7.19635747705872	-7.19635747705872	68.2210494270868
3350000	3.21711829721273	-8.01964352392674	-8.01964352392674	42.9717140005561
3360000	4.98875734956928	-10.5252313807711	-10.5252313807711	58.6317677367012
3370000	3.18259884472351	-9.2465432704378	-9.2465432704378	54.1402220819327
3380000	3.89504588688895	-7.27735550271551	-7.27735550271551	50.1371991482797
3390000	3.75900897455778	-8.59223028161801	-8.59223028161801	67.1410734027128
3400000	1.3697710515782	-6.16078614745985	-6.16078614745985	58.3338234026144
3410000	8.33818655612668	-13.3802607492767	-13.3802607492767	53.4600192670636
3420000	8.27226822988484	-17.6633614806203	-17.6633614806203	84.2904399429427
3430000	5.04823662440701	-9.32376503101699	-9.32376503101699	57.4565430038796
3440000	2.60103074036495	-7.96292083166073	-7.96292083166073	54.889296745751
3450000	0.804490140867179	-3.43938057463273	-3.43938057463273	48.1479625451755
3460000	1.31104356679324	-3.46433470414129	-3.46433470414129	42.2471372289648
3470000	7.38239517025749	-10.0031282533912	-10.0031282533912	38.8732616955593
3480000	4.59500053029546	-8.8110984540228	-8.8110984540228	46.7544819412027
3490000	4.75659979156787	-11.0709576506877	-11.0709576506877	60.2075033021728
3500000	3.40498253810085	-10.8298478963723	-10.8298478963723	64.5576647598272
3510000	8.33191844144081	-10.5744070043074	-10.5744070043074	47.670641500217
3520000	2.67743673889723	-4.8108376822758	-4.8108376822758	58.831271686237
3530000	1.91998257963014	-5.94230320447377	-5.94230320447377	72.6092305430924
3540000	8.10247422274286	-13.0270893102745	-13.0270893102745	46.6750448722882
3550000	2.91957952100709	-7.65790516363184	-7.65790516363184	64.9526292444702
3560000	22.6363397932845	-37.0562183468855	-37.0562183468855	93.4108733330789
3570000	39.3830120670303	-33.6701691722199	-33.6701691722199	56.0910667427589
3580000	8.22389110921118	-11.1492095404309	-11.1492095404309	43.8399651554504
3590000	42.6950673141239	-31.8882226512468	-31.8882226512468	58.8821181789962
3600000	2.1673743335921	-4.68754391110773	-4.68754391110773	51.3533298252993
3610000	15.30706094655	-16.2990291291704	-16.2990291291704	53.1914284504379
3620000	6.75564810127228	-7.10728755085275	-7.10728755085275	56.0837579943235
3630000	5.28416499420475	-12.6110697706506	-12.6110697706506	68.6649547780789
3640000	1.80233986834654	-2.38881914803322	-2.38881914803322	54.03934839692
3650000	2.39421442806428	-7.86059432194622	-7.86059432194622	56.468111176121
3660000	1.78594816847092	-5.98281366902023	-5.98281366902023	51.9979880632358
3670000	2.84344232244827	-9.29295477620788	-9.29295477620788	68.2342130386664
3680000	4.0118616740873	-5.01725283112012	-5.01725283112012	44.4187729360678
3690000	3.44449722878875	-12.5596624676159	-12.5596624676159	80.8831073917179
3700000	5.38660421575341	-13.0083944809651	-13.0083944809651	66.7930734473595
3710000	4.85740987217121	-9.65741346114493	-9.65741346114493	60.5941938430385
3720000	4.71311413868084	-11.1107058482143	-11.1107058482143	56.9120190474132
3730000	6.1720340632435	-10.2299282630004	-10.2299282630004	51.6721633910887
3740000	7.78793573593234	-10.6275418446076	-10.6275418446076	56.9511734361135
3750000	7.06171647024988	-5.22686582654678	-5.22686582654678	58.9816273923669
3760000	22.251983574797	-27.8987626658072	-27.8987626658072	70.7041067253479
3770000	10.6122024617643	-15.2859374224547	-15.2859374224547	46.6620804300678
3780000	7.66247702420092	-13.9104202253121	-13.9104202253121	44.2212850073367
3790000	12.0603314023088	-7.75681576438052	-7.75681576438052	51.8010727829061
3800000	6.19415565596001	-14.787985761133	-14.787985761133	60.4382337720007
3810000	3.35537092764275	-6.74715386433817	-6.74715386433817	68.7605046919818
3820000	1.05952338625227	-3.57399586355308	-3.57399586355308	63.1990369614523
3830000	1.89703884550766	-7.12590964569469	-7.12590964569469	55.3738015564916
3840000	2.31863762847439	-6.03440591019851	-6.03440591019851	49.6318271353386
3850000	6.8773745891698	-13.8750598053146	-13.8750598053146	52.4167204566245
3860000	8.03651893059987	-15.826215386794	-15.826215386794	70.376109632934
3870000	17.316592188457	-19.469252894179	-19.469252894179	56.4419071584276
3880000	3.60223018233372	-6.71589000895169	-6.71589000895169	51.3208409478662
3890000	4.19037379947314	-9.81626626173817	-9.81626626173817	67.0546056107702
3900000	5.6472974082951	-12.4567986002771	-12.4567986002771	57.1151563654997
3910000	4.43302871467665	-15.748073329755	-15.748073329755	88.4472494687828
3920000	8.89467971702006	-12.119652993722	-12.119652993722	55.4355387391486
3930000	9.27482161654558	-14.3419227444791	-14.3419227444791	56.0804986772042
3940000	2.73820569948217	-6.20460796202167	-6.20460796202167	61.6537661186855
3950000	8.92084474483982	-22.8535798287481	-22.8535798287481	94.2166580534795
3960000	2.99273196045099	-7.00754458331901	-7.00754458331901	56.5570742366976
3970000	2.71363762411724	-2.37359316892761	-2.37359316892761	50.5463090116698
3980000	6.66035893060516	-13.0884686317836	-13.0884686317836	54.7231887719161
3990000	6.84577063272613	-11.2072236671639	-11.2072236671639	55.8122923552807
4e+06	4.66951385926978	-6.05344429849023	-6.05344429849023	52.5297371687661
4010000	5.32652661420309	-4.72238896280778	-4.72238896280778	53.0678866159637
4020000	5.51970947682359	-9.45981759274319	-9.45981759274318	51.4694329251487
4030000	1.73378172029972	-6.77083290895578	-6.77083290895578	73.3880903751125
4040000	1.84068166501982	-5.13809815137377	-5.13809815137377	63.7508544252187
4050000	3.60292718403356	-9.33952300022634	-9.33952300022634	52.7402910892904
4060000	4.69271268187466	-11.5930980605141	-11.5930980605141	66.6881093522886
4070000	5.66813435909124	-7.27054611159175	-7.27054611159175	44.6629076038219
4080000	9.44494584070061	-13.765046496501	-13.765046496501	56.7674858075675
4090000	2.1102079524466	-6.32338369825179	-6.32338369825179	69.1431579214381
4100000	8.17705642786624	-19.4504425457746	-19.4504425457746	71.8892744401148
4110000	9.77224419074584	-16.672666783949	-16.672666783949	57.693914573261
4120000	3.86006476848607	-10.4972586948798	-10.4972586948798	59.4627801105357
4130000	3.97422594741527	-10.7219114972068	-10.7219114972068	63.7972640184096
4140000	4.21362747056103	-10.2663476756366	-10.2663476756366	53.7565139553811
4150000	1.41685836515583	-6.04754829809447	-6.04754829809447	69.4558682103017
4160000	4.39037630486053	-14.2238198098898	-14.2238198098898	79.8102983494744
4170000	3.78681968924865	-8.33890205405128	-8.33890205405128	60.7271640232365
4180000	4.23457332327982	-9.97311126718598	-9.97311126718598	50.6514723118668
4190000	4.96253185391973	-13.1898062536032	-13.1898062536032	61.4328993564069
4200000	3.78034949238914	-8.99755122726574	-8.99755122726574	74.32452047266
4210000	0.913442208504418	-3.86573596460003	-3.86573596460003	58.1365985101101
4220000	8.114286609882	-15.8610440283929	-15.8610440283929	59.4829813091047
4230000	5.50481783318592	-6.39684569535035	-6.39684569535035	53.034532237139
4240000	2.4585419925138	-7.40199382938085	-7.40199382938085	60.9819683120865
4250000	7.86407846566235	-14.119811252562	-14.119811252562	49.1885287705109
4260000	4.3361941067888	-7.52169246857301	-7.52169246857301	59.1197371853724
4270000	2.81236945281973	-6.82766654536028	-6.82766654536028	60.616030051835
4280000	1.35703891568708	-2.58565239854246	-2.58565239854246	49.9045042557872
4290000	3.23550333058453	-5.72459328085786	-5.72459328085786	40.7865204179581
4300000	4.54128918369516	-13.2173209804517	-13.2173209804517	86.8274105509736
4310000	1.3351422204532	-4.72380621397554	-4.72380621397554	65.1499132051456
4320000	3.8151063387314	-7.49932314896027	-7.49932314896027	53.1903183617244
4330000	10.4678754813529	-11.5068662571337	-11.5068662571337	61.1341778784037
4340000	4.2237569350392	-8.04416838036175	-8.04416838036175	54.3901879702717
4350000	2.30061439134505	-6.26785204837171	-6.26785204837171	60.6880409363711
4360000	1.37265332918922	-5.43931540719753	-5.43931540719753	64.9927743952783
4370000	1.29336800319778	-2.68503501208382	-2.68503501208382	51.4566380319499
4380000	1.34302572513223	-2.14602122398531	-2.14602122398531	58.1855063150454
4390000	1.97761726612917	-5.96719637424199	-5.96719637424199	48.1033620988767
4400000	2.09540961910723	-4.05239614038221	-4.05239614038221	50.0664520733716
4410000	12.880028774443	-18.9184694599468	-18.9184694599468	61.9348164554956
4420000	4.01053423395428	-8.66773005119802	-8.66773005119802	55.1424782131501
4430000	1.65811238849449	-6.93586299761861	-6.93586299761861	73.5717530348702
4440000	1.16125017054165	-5.22010763504096	-5.22010763504096	62.4353103683208
4450000	2.50881429356076	-7.36556130511879	-7.36556130511879	65.1428404765505
4460000	3.66642020775894	-5.53686195032737	-5.53686195032737	54.3021178408603
4470000	8.65829141981977	-8.63383176170612	-8.63383176170612	65.4520759744333
4480000	4.2643883980438	-9.27573155504268	-9.27573155504268	86.954663887047
4490000	10.6078319917833	-20.7874387710029	-20.7874387710029	68.5019563265952
4500000	17.9450579806739	-18.6542346769075	-18.6542346769075	78.5931329055497
4510000	11.2081582829647	-19.708703597497	-19.708703597497	65.2946341111001
4520000	24.535925236077	-24.4493376958416	-24.4493376958416	65.3578049943429
4530000	5.71293744280962	-10.1458701404609	-10.1458701404609	48.6583116131405
4540000	12.4639587893823	-21.2213951144632	-21.2213951144632	72.4267758504194
4550000	3.34740112885633	-8.1657007185634	-8.1657007185634	48.9063680279238
4560000	1.07493257837476	-4.88747469315098	-4.88747469315098	68.595939055804
4570000	1.19144748580257	-4.39426058660476	-4.39426058660476	54.0902065197887
4580000	4.31324731083943	-10.7052540761176	-10.7052540761176	66.80400179764
4590000	7.66329491296726	-12.2723750754181	-12.2723750754181	57.3860849323047
4600000	41.1362419171375	-31.683916282996	-31.683916282996	51.0173186560725
4610000	21.057586923685	-22.4049755049911	-22.4049755049911	50.5043037095222
4620000	8.51136138681964	-15.1244503801344	-15.1244503801344	56.9219184835089
4630000	19.0160723494793	-22.0430246365737	-22.0430246365737	57.5687010555753
4640000	17.8876384006497	-18.4247646279134	-18.4247646279134	50.9909522177182
4650000	5.49303245085861	-10.1949584919618	-10.1949584919618	85.1980101929064
4660000	33.8409440862523	-37.1410031211034	-37.1410031211034	71.8392673533127
4670000	2.63807507669507	-8.42752734485486	-8.42752734485486	66.4929879310872
4680000	18.0215703490116	-20.3852468556901	-20.3852468556901	46.6403303756149
4690000	21.0324192991855	-19.2754637068695	-19.2754637068695	64.6426226271123
4700000	15.50613408873	-21.84025030132	-21.84025030132	51.1994027925528
4710000	8.16529779153744	-12.8433019924958	-12.8433019924958	64.0827646645391
4720000	2.80765896151384	-10.2258799184323	-10.2258799184323	67.7600833206884
4730000	5.6459423442644	-12.4188022807868	-12.4188022807868	62.3915553311664
4740000	4.30100420054312	-10.4156203375924	-10.4156203375924	54.9326496168212
4750000	1.43019418726471	-5.20264592594069	-5.20264592594069	71.7249732756758
4760000	3.19986749627833	-8.55562305639853	-8.55562305639853	60.8257569687464
4770000	14.7557383111438	-20.7817600534855	-20.7817600534855	59.9459433194597
4780000	8.76409654758913	-16.7514224857255	-16.7514224857255	54.969258198454
4790000	3.56957867468347	-12.6375782765501	-12.6375782765501	70.2382951124225
4800000	2.85782319994933	-7.7925243002571	-7.7925243002571	75.0814409825606
4810000	3.49404867675608	-11.3037013591501	-11.3037013591501	73.6756898564457
4820000	1.91568431879404	-7.48110848451748	-7.48110848451748	64.0344828328526
4830000	5.87047969556937	-11.1021623985757	-11.1021623985757	58.3281527012572
4840000	5.48715849271499	-9.1560683887362	-9.1560683887362	57.9543783154038
4850000	16.0042027219039	-14.4997948324454	-14.4997948324454	51.5088179078501
4860000	8.49536054478334	-14.2221149821145	-14.2221149821145	60.5970841476219
4870000	2.93167065587705	-7.70920891883756	-7.70920891883756	52.175187502132
4880000	24.8155531247052	-25.3729016116447	-25.3729016116447	52.3278252834145
4890000	51.3703444991798	-29.9112395394653	-29.9112395394653	49.7224262557644
4900000	12.3151706869891	-21.2927496298333	-21.2927496298333	66.0270065680624
4910000	7.36064421740686	-10.0043732424852	-10.0043732424852	93.7589210994285
4920000	4.03082125235078	-11.4437491764499	-11.4437491764499	68.5604828809873
4930000	1.42602315321862	-5.2624055097629	-5.2624055097629	52.7485642924127
4940000	2.17383898169038	-7.9868955097681	-7.98689550976809	59.874525367594
4950000	4.15239101470012	-7.92033755869001	-7.92033755869001	56.0428437162829
4960000	11.946363069681	-17.7448968636597	-17.7448968636597	64.8534419782151
4970000	15.440468002967	-27.0255609243668	-27.0255609243668	89.0813729218853
4980000	3.76786128214233	-12.0234956418088	-12.0234956418088	69.1894081780215
4990000	4.41388493183047	-9.21815815702192	-9.21815815702192	45.5272344154133
5e+06	4.00666783917367	-10.0349711399622	-10.0349711399622	75.1022119748167
5010000	4.39071207792718	-7.71521314581798	-7.71521314581798	60.6869929308311
5020000	8.35717920376726	-11.9895664526819	-11.9895664526819	48.2859457681859
5030000	12.6637310912165	-16.9652589241723	-16.9652589241723	48.8946773741795
5040000	9.37361455379632	-17.501213026715	-17.501213026715	68.6415873802214
5050000	5.36652028758947	-11.5284539442641	-11.5284539442641	55.114598353177
5060000	6.20664915689521	-9.38573178483412	-9.38573178483412	82.2368695693988
5070000	1.65754084370901	-5.95621656891742	-5.95621656891742	59.3188622774599
5080000	2.27348151782358	-6.61327929417864	-6.61327929417864	49.3669458861979
5090000	3.44703064003723	-6.5035877855836	-6.5035877855836	62.0494054976352
5100000	5.30846892634159	-16.1026492724429	-16.1026492724429	74.3447092013809
5110000	2.93300669953323	-4.04027593533298	-4.04027593533298	51.6360319525099
5120000	3.29331833646198	-6.54349505716628	-6.54349505716628	62.1901873532803
5130000	5.37070878241826	-9.04913447671239	-9.04913447671239	54.1787305517306
5140000	3.18154769989499	-4.3407883956927	-4.3407883956927	58.4809451458501
5150000	6.95578388561572	-12.1354519686911	-12.1354519686911	65.4857270020153
5160000	2.64660460058338	-6.39940312795428	-6.39940312795428	54.4204291651055
5170000	2.67045049682626	-11.6033270233646	-11.6033270233646	101.96762993552
5180000	1.64554143129126	-5.34772119050955	-5.34772119050955	69.6456151198419
5190000	2.12848224331232	-6.26862776594041	-6.26862776594041	49.8724574376247
5200000	2.74360419639202	-10.1747791161279	-10.1747791161279	78.3202463754595
5210000	3.1858440204177	-7.22347910158341	-7.2234791015834	51.3284198644295
5220000	4.72898072213408	-11.879472818893	-11.879472818893	76.0900250216155
5230000	8.48999449187462	-13.6351307885452	-13.6351307885452	62.8568564735936
5240000	2.72592308834183	-7.09783414666777	-7.09783414666777	47.0808346194487
5250000	2.16216225668579	-8.08030415879544	-8.08030415879544	55.4345792275884
5260000	1.69551902854622	-6.41043583574061	-6.41043583574061	61.3958661832244
5270000	8.11855343052169	-17.7110070033519	-17.7110070033519	66.9295195579276
5280000	2.38199911042431	-8.04444582579863	-8.04444582579863	62.1382302886213
5290000	3.74190376149225	-9.84168619733656	-9.84168619733657	65.78690709092
5300000	3.73162093921143	-10.6531430331034	-10.6531430331034	68.4109317682072
5310000	1.25255207259124	-5.39216610418376	-5.39216610418376	62.1502307023783
5320000	6.33496233768533	-10.715848729524	-10.715848729524	48.0735626638734
5330000	16.3484224852552	-16.5776825879075	-16.5776825879075	52.5782785146194
5340000	66.9130992676096	-42.3378508680383	-42.3378508680384	70.1902215004733
5350000	35.1788277592513	-30.1838396295458	-30.1838396295458	57.3557355965753
5360000	67.1503100512073	-41.7339134365828	-41.7339134365828	50.6320313363407
5370000	53.6647034039759	-33.4351449120704	-33.4351449120704	54.5470902755352
5380000	10.835367036324	-16.4697910191662	-16.4697910191662	50.4717663103909
5390000	1.09168431452913	-3.85028970306681	-3.85028970306681	66.6781201042061
5400000	9.27186564558363	-11.0427138599119	-11.0427138599119	47.6001700639604
5410000	2.77875256512406	-5.86263792361119	-5.86263792361119	64.815306448159
5420000	3.46308093872118	-3.12161120953332	-3.12161120953332	47.8198305460649
5430000	2.68834078804404	-7.32746782985189	-7.32746782985189	64.8768976048005
5440000	1.92847877999936	-6.60116564288447	-6.60116564288447	61.4287268381394
5450000	5.0300270229426	-10.5459641712913	-10.5459641712913	54.1517957573801
5460000	4.62172641508769	-5.21423132546486	-5.21423132546486	46.4476563601279
5470000	1.73269628211636	-4.48758476586662	-4.48758476586662	49.7631988613254
5480000	2.64429582596276	-9.58672700132536	-9.58672700132536	67.3121509258446
5490000	14.8022832884839	-23.8729727360196	-23.8729727360196	73.7884214577557
5500000	7.60631346260955	-14.2371420300822	-14.2371420300822	76.8455859113987
5510000	3.22893810207918	-8.43679346823268	-8.43679346823268	51.6815866433941
5520000	11.6194534506196	-16.2274692007156	-16.2274692007156	52.4463355488214
5530000	11.2614128472716	-17.8702041064057	-17.8702041064057	59.4020536986651
5540000	13.5082537265512	-18.5596749857915	-18.5596749857915	62.3934746792305
5550000	14.8446264910994	-15.0156745598421	-15.0156745598421	48.3666400968275
5560000	21.5394505522025	-28.0726771551246	-28.0726771551246	69.0302789643596
5570000	59.838381509578	-25.1992604418247	-25.1992604418247	41.933603192053
5580000	16.7474785564384	-12.1136288930379	-12.1136288930379	59.2118587659652
5590000	16.9785532960078	-15.9935226467537	-15.9935226467537	51.0717143192985
5600000	15.0394518397365	-13.6397385101557	-13.6397385101557	44.0633079443411
5610000	10.2625288039437	-11.1773979468894	-11.1773979468894	46.8202501678054
5620000	2.90226059522208	-10.2421078065435	-10.2421078065435	71.1856409419898
5630000	4.37026780602668	-11.1734884062063	-11.1734884062063	58.6006036087243
5640000	6.07199552903425	-11.0216151116196	-11.0216151116196	54.0802927655455
5650000	13.03379933105	-15.4724255694754	-15.4724255694754	51.9020353137962
5660000	2.44624238449805	-7.67537926486864	-7.67537926486864	73.3638938395426
5670000	1.88591510930224	-5.93334018622471	-5.93334018622471	57.3859872250712
5680000	2.42593094669157	-7.86287514419988	-7.86287514419988	51.9230988735427
5690000	3.802622767372	-8.83087462477923	-8.83087462477923	50.634700445874
5700000	2.6719877375621	-6.75063178562981	-6.75063178562981	61.1381217639066
5710000	5.33364276189872	-13.4378559644593	-13.4378559644593	63.9548313822794
5720000	3.13173096048787	-8.45203834346322	-8.45203834346322	45.9598432878052
5730000	2.17418466311796	-5.50624544886418	-5.50624544886418	53.298169566606
5740000	2.03258067203842	-5.49144840240827	-5.49144840240827	55.3506186653925
5750000	0.797140293998481	-2.46335503215657	-2.46335503215657	62.6413564357964
5760000	2.79040182032667	-3.41435593189613	-3.41435593189613	44.2576810218786
5770000	1.80306029045787	-10.1396170491241	-10.1396170491241	102.908370453231
5780000	5.35666622245402	-7.73261076428022	-7.73261076428022	41.041162416038
5790000	10.6974721033578	-16.8936535458121	-16.8936535458121	56.4727964437609
5800000	2.89287286318057	-7.06583186850101	-7.06583186850101	49.6921432041137
5810000	1.91890054803612	-8.26260665071001	-8.26260665071001	79.7323047948762
5820000	1.55533390747504	-3.28876110101637	-3.28876110101637	70.9661856626454
5830000	3.86193709200816	-7.29720503566469	-7.2972050356647	44.4842152978044
5840000	12.3021936531058	-14.8946202192469	-14.8946202192469	51.6741788005798
5850000	47.7903933515917	-31.7937895029767	-31.7937895029767	69.6421618642513
5860000	202.170752200781	-64.9309994646925	-64.9309994646926	58.3122155566381
5870000	55.4876584789259	-32.1079180860703	-32.1079180860703	50.5665409906201
5880000	50.4049965357408	-36.2775666297646	-36.2775666297646	59.3556041944998
5890000	21.9034592601281	-13.4184772610059	-13.4184772610059	43.592269983763
5900000	8.79107137529057	-12.9279128132198	-12.9279128132198	65.5177420496293
5910000	29.0212818336011	-21.6628118238716	-21.6628118238716	51.0565685649302
5920000	9.22829186540809	-12.079290701083	-12.079290701083	68.5030937453844
5930000	7.27705509873672	-14.0873577342841	-14.0873577342841	56.4813029913257
5940000	10.5884922837015	-14.8956110945747	-14.8956110945747	55.3635525954615
5950000	4.7979462893284	-4.20511734000378	-4.20511734000378	45.1289424041153
5960000	31.2625502816679	-24.8581475847974	-24.8581475847974	66.35282826159
5970000	17.7349558318475	-20.7418915941827	-20.7418915941827	57.2542257172896
5980000	6.28551942847202	-13.3996604397419	-13.3996604397419	49.4411263871503
5990000	4.06063387293728	-8.4995949569957	-8.4995949569957	52.0153937638785
6e+06	9.11905546277009	-19.7941849490733	-19.7941849490732	76.898736809074
6010000	9.61083197033359	-19.4003652289992	-19.4003652289992	85.2512374995699
6020000	15.9754809989325	-22.3798350881533	-22.3798350881533	66.6170630870471
6030000	9.2621450069168	-13.1086711769009	-13.1086711769009	59.0207850208714
6040000	5.13491592570845	-10.43003775918	-10.43003775918	64.1776614656756
6050000	2.16197691287284	-5.16367445818018	-5.16367445818018	46.6232198790309
6060000	5.33808817039885	-7.68410069559155	-7.68410069559155	56.4888498606211
6070000	5.31013005859524	-15.2662250778057	-15.2662250778057	76.0746510595977
6080000	6.49729831191009	-14.1333036117805	-14.1333036117806	66.6693684352729
6090000	2.5143571771933	-8.16968119136209	-8.16968119136209	55.4862622105898
6100000	1.5759514171748	-4.16042572909136	-4.16042572909136	72.7793009708907
6110000	2.92223551999297	-6.49640303011708	-6.49640303011709	60.4371820411462
6120000	8.56228043698112	-18.9976142843665	-18.9976142843665	71.9010503891267
6130000	1.13475939997264	-3.11801644040829	-3.11801644040829	53.1589164661032
6140000	1.8558840543113	0.207130753520357	0.207130753520357	51.6338156678968
6150000	4.47560484611671	-9.1011376436319	-9.1011376436319	52.240295978224
6160000	5.89662520694556	-11.4032341799618	-11.4032341799618	51.6059910357513
6170000	3.72030473109406	-8.58650950930132	-8.58650950930132	48.4326903193598
6180000	7.16322272846144	-11.8740084850356	-11.8740084850356	54.3802384775283
6190000	11.3160374260948	-17.8659450529275	-17.8659450529275	67.2497105192893
6200000	16.3863584150683	-19.355845950079	-19.355845950079	70.2174343046806
6210000	20.0969097913623	-26.6464544725683	-26.6464544725683	72.8853249369984
6220000	6.30427061685805	-9.5733008766351	-9.5733008766351	49.1167298436674
6230000	4.61526360209154	-8.97587560458224	-8.97587560458224	46.8946232883933
6240000	4.94587692645374	-10.0639709572318	-10.0639709572318	48.4490100788804
6250000	5.3017988067921	-10.1735140097806	-10.1735140097806	59.5209229272704
6260000	7.90638035327372	-17.1601968267735	-17.1601968267735	76.3094441225251
6270000	6.10560341180884	-16.7318294918672	-16.7318294918672	78.274336434101
6280000	8.92854488912657	-14.574553118893	-14.574553118893	53.5570396637996
6290000	4.64370075426516	-9.21220959197474	-9.21220959197474	51.7234961500619
6300000	11.42487599018	-13.8050982966267	-13.8050982966267	52.6176517365716
6310000	6.77775797699034	-8.21193932481823	-8.21193932481823	50.0072702932977
6320000	10.9165003572044	-16.4156960908527	-16.4156960908527	49.6290452727238
6330000	3.62079394848404	-7.54405604027273	-7.54405604027273	49.6966604624368
6340000	4.55369425265806	-10.5425726354082	-10.5425726354082	62.4780358796216
6350000	4.45885080396954	-11.7895976155073	-11.7895976155073	56.0139884206652
6360000	5.83637638837767	-12.6532710733082	-12.6532710733082	64.4105070723547
6370000	3.86302645939451	-10.0423682674211	-10.0423682674211	66.1241918446218
6380000	5.79066930417315	-13.5465868157667	-13.5465868157667	63.4615927261722
6390000	6.85059465230183	-10.082874400372	-10.082874400372	45.7505592441802
6400000	1.34357581193604	-5.98594075342958	-5.98594075342958	56.6939668510891
6410000	3.8011655387613	-11.0053367041092	-11.0053367041092	99.3347754154272
6420000	6.24856266154388	-12.6866256409124	-12.6866256409124	55.5673112533432
6430000	5.04524747464424	-11.5626611757176	-11.5626611757176	72.1606203007157
6440000	5.73457128479713	-12.0319597846933	-12.0319597846933	57.293797914693
6450000	8.83756408100823	-12.6960133048577	-12.6960133048577	51.6861989896417
6460000	49.2581733761832	-41.4307631649378	-41.4307631649378	64.5310564248581
6470000	84.1814180730505	-49.9054084867269	-49.9054084867269	58.7066514417867
6480000	13.1980939120004	-15.4112043565372	-15.4112043565372	74.5800972073965
6490000	9.40502651647699	-12.7978716836044	-12.7978716836044	57.2424228416349
6500000	9.04313396135593	-15.3990937665812	-15.3990937665812	54.1975616358863
6510000	4.95179992915321	-10.0753701967665	-10.0753701967665	52.9525353939405
6520000	2.65337096908797	-7.49203909867343	-7.49203909867343	55.2899620211314
6530000	24.4452780081268	-27.7370632442395	-27.7370632442395	62.084657481658
6540000	6.26722355586594	-5.45682241846025	-5.45682241846025	48.6886610794422
6550000	6.34174505595262	-8.05684064542377	-8.05684064542377	64.6832528578117
6560000	4.54033173424597	-10.0584361414896	-10.0584361414896	51.1150869368959
6570000	4.39696962691259	-10.1678363558627	-10.1678363558627	48.0255455047205
6580000	9.59505675061218	-17.9569671200115	-17.9569671200115	67.8772982122582
6590000	8.67693839919198	-15.7416420142586	-15.7416420142586	62.488514630849
6600000	11.1488963531699	-15.3975166524448	-15.3975166524448	69.9440497570418
6610000	12.3680290596114	-13.9275980232096	-13.9275980232096	76.0337806689045
6620000	45.6420667877879	-28.623974333102	-28.623974333102	50.7238616313646
6630000	40.9606480082847	-26.9623990023761	-26.9623990023761	50.4574229556156
6640000	61.5015666691388	-28.933890034303	-28.933890034303	47.9438735660177
6650000	57.9780790653036	-33.2825367190116	-33.2825367190117	56.1403807699947
6660000	86.9554954704397	-48.2087224505792	-48.2087224505792	55.3732362769049
6670000	61.0981264244502	-53.6595610200399	-53.6595610200399	95.8571279928601
6680000	36.0584135965256	-11.9706245914061	-11.9706245914061	65.4335465286881
6690000	4.76118968273144	-10.1936892261604	-10.1936892261604	59.2318653158064
6700000	4.17180329973616	-9.00171093071956	-9.00171093071956	59.1316920720144
6710000	2.5800127309802	-6.22867659086741	-6.22867659086741	56.3151446960625
6720000	5.09092345506823	-12.8989770150693	-12.8989770150693	72.3377692188719
6730000	12.4713215125702	-18.4456508110809	-18.4456508110809	51.4254093632321
6740000	3.324177065527	-5.78359526210978	-5.78359526210978	50.4967689830236
6750000	3.16230027602996	-6.46404168625282	-6.46404168625282	50.5472940089769
6760000	2.80531907576346	-7.6070752542945	-7.6070752542945	78.0335618803366
6770000	36.0773539685512	-35.837666967342	-35.837666967342	56.2202372535483
6780000	35.0071768030172	-36.0198979885554	-36.0198979885554	60.9860739558783
6790000	4.24728519638885	-7.67748602243158	-7.67748602243158	45.3755066469964
6800000	13.6964813895264	-18.9672620450043	-18.9672620450043	46.3317850804633
6810000	2.10400713664835	-5.57547220048947	-5.57547220048947	60.8961801478936
6820000	2.34220326774437	-4.79963124878981	-4.79963124878981	54.8938484441917
6830000	2.36532975529449	-6.28861634356217	-6.28861634356217	73.8240239857091
6840000	2.20301929861415	-7.15582160867395	-7.15582160867395	54.5919723029781
6850000	2.57164587083554	-8.89981753392009	-8.89981753392009	55.3340241297825
6860000	8.20839154121632	-14.5841272356632	-14.5841272356632	75.3240618203149
6870000	6.60714902350777	-12.0871707764251	-12.0871707764251	50.5532567117712
6880000	0.866662353109697	-3.48724624130371	-3.48724624130371	70.7231041179535
6890000	4.78824315592585	-16.025668816874	-16.025668816874	90.3681786643974
6900000	1.8425834814225	-2.17540680130034	-2.17540680130034	43.5695488248109
6910000	3.90515747522504	-11.4788036412303	-11.4788036412303	75.3858729441048
6920000	10.117492995981	-20.0982923016183	-20.0982923016183	71.0207138372936
6930000	3.49693320275307	-9.61393160395475	-9.61393160395475	54.9063821562904
6940000	5.2894678971706	-7.53377990133076	-7.53377990133076	37.6919686648176
6950000	2.31682883413328	-7.57686769583179	-7.57686769583179	55.3799935641006
6960000	3.51509169277813	-10.8305822677903	-10.8305822677903	71.6493137636564
6970000	3.89753616040007	-7.35873292667179	-7.35873292667179	48.4640971831
6980000	3.43582304796018	-7.48404601243463	-7.48404601243463	64.1812690188294
6990000	19.8202165794299	-16.0689261102376	-16.0689261102376	53.4613513411863
7e+06	3.65750301466839	-11.210417108967	-11.210417108967	64.7206982891946
7010000	2.20277021550674	-6.1660818968596	-6.1660818968596	41.1072036324169
7020000	4.32476084377862	-7.95514187970518	-7.95514187970518	62.5018276848179
7030000	2.30076057261762	-5.57526991657195	-5.57526991657195	49.720820396416
7040000	4.35898043679952	-11.7666779400784	-11.7666779400784	76.8578721663578
7050000	8.15258985284151	-16.100642339062	-16.100642339062	63.6900702843135
7060000	6.29947587701988	-15.9794827812667	-15.9794827812667	74.6755829597955
7070000	13.2982338336302	-21.1801008967046	-21.1801008967046	72.2210620539047
7080000	7.49650838526328	-11.2528585188593	-11.2528585188593	61.7007461566408
7090000	3.823696562627	-8.49770869270616	-8.49770869270616	44.708508707815
7100000	6.2204644915505	-9.73642215503534	-9.73642215503535	60.4400226908056
7110000	17.9907708289031	-22.9504021550403	-22.9504021550403	57.8649907449124
7120000	4.32333482334861	-8.5555351085979	-8.5555351085979	50.2528000197262
7130000	12.3448317859582	-13.8453472878427	-13.8453472878427	52.4723351693642
7140000	3.92596583139627	-8.33171106531982	-8.33171106531982	66.9785829801271
7150000	2.03318718453603	-4.65077238005592	-4.65077238005592	50.3400100811862
7160000	4.30614050245834	-5.25976495658979	-5.25976495658979	55.5334909873059
7170000	5.12935977074113	-10.3840539890782	-10.3840539890782	51.1216655009221
7180000	6.47153199193713	-13.594694846382	-13.594694846382	60.2933090865006
7190000	2.04402774073275	-6.34711741316425	-6.34711741316425	54.4103374520382
7200000	6.0450576282574	-12.1400615643905	-12.1400615643905	59.9567081855679
7210000	2.67170180366977	-6.42068220828803	-6.42068220828803	65.0947338197978
7220000	3.540990077302	-9.31742457906027	-9.31742457906027	60.7027489722053
7230000	2.66493762173654	-5.3992002933665	-5.3992002933665	42.3764207784755
7240000	9.61712581137342	-14.8946357453342	-14.8946357453342	62.2577617665783
7250000	8.46258844806015	-14.6826274343809	-14.6826274343809	56.0529379651678
7260000	4.32884594052503	-10.5875995385413	-10.5875995385413	66.3368697126308
7270000	7.28296622001822	-13.6344414982723	-13.6344414982723	63.8925361857978
7280000	5.14257309276272	-7.51548116905678	-7.51548116905678	58.6980862958439
7290000	1.95931075742935	-7.15516071344783	-7.15516071344783	59.2895144391655
7300000	4.74709318945558	-10.6001000881699	-10.6001000881699	70.3057317692301
7310000	1.84285637100214	-3.6938756389481	-3.69387563894811	38.4996525195499
7320000	5.24565602999002	-7.09241630833123	-7.09241630833123	54.0578216904681
7330000	2.87199248712991	-4.67844523368698	-4.67844523368698	45.3399896772256
7340000	3.32290751477244	-7.77106002941859	-7.77106002941859	50.0125859998088
7350000	3.33914436772708	-9.44912972862226	-9.44912972862226	66.9532747466845
7360000	15.9141486347777	-25.9534870859364	-25.9534870859364	90.6833779412301
7370000	3.46354574601203	-12.6243360115275	-12.6243360115275	74.4243655611342
7380000	1.51589364258798	-4.06431665942271	-4.06431665942271	49.7251062534834
7390000	4.18931099044123	-5.4862507419265	-5.48625074192649	56.0949607745107
7400000	2.75957164616346	-8.16126477074666	-8.16126477074666	79.8024774964966
7410000	3.0149723205838	-9.90762133925084	-9.90762133925084	72.2311551960587
7420000	7.93504431318881	-19.0431707119525	-19.0431707119525	65.6936594368637
7430000	5.31883559056535	-10.6659371487005	-10.6659371487005	52.4472505053397
7440000	5.33166998128575	-8.16555195422865	-8.16555195422864	49.7695309484188
7450000	6.33194198279219	-8.49162426391628	-8.49162426391628	43.9418412414072
7460000	13.5433730724301	-22.4607536917816	-22.4607536917816	76.5773214355961
7470000	7.89400865872985	-13.6901964846554	-13.6901964846554	66.413913814586
7480000	4.53263796956399	-7.11924430237396	-7.11924430237396	58.1136076078732
7490000	8.77536890331112	-13.4165635654073	-13.4165635654073	55.0985727230954
7500000	5.45284829765905	-12.5820951940702	-12.5820951940702	57.708646151009
7510000	3.45571264434751	-7.12776530182407	-7.12776530182407	54.5031518755782
7520000	4.20891563622704	-9.47216474585081	-9.47216474585081	62.2859381834369
7530000	3.02851694080484	-6.93897994621695	-6.93897994621695	49.3891434268599
7540000	2.00472171206048	-5.23862180413245	-5.23862180413245	48.5586469369613
7550000	1.64632746288185	-3.86227777933543	-3.86227777933543	46.1479432989913
7560000	3.67334120111382	-7.13456618067482	-7.13456618067482	53.7420408771121
7570000	19.7398001813319	-15.4022670318567	-15.4022670318567	49.1593642202059
7580000	46.1840747681701	-42.1662862023639	-42.1662862023639	87.9073961522947
7590000	74.5561929875006	-44.8382041443995	-44.8382041443995	67.1856775416169
7600000	167.188245639751	-70.7100603673356	-70.7100603673356	58.9560172157592
7610000	296.714564268252	-84.8603178816916	-84.8603178816916	48.7285579811307
7620000	57.6489409978229	-38.4454314384811	-38.4454314384811	52.0955963496157
7630000	4.66677467043007	-8.79672500387832	-8.79672500387832	58.4117603846232
7640000	6.25812249522932	-9.20198932238017	-9.20198932238017	51.3794592223876
7650000	1.56266879274522	-5.84424231441824	-5.84424231441824	66.3705159968255
7660000	18.8060623678239	-22.7400134661585	-22.7400134661585	57.125518486842
7670000	62.4963417922327	-39.7398516308549	-39.7398516308549	53.1616813525911
7680000	6.50250931299227	-7.77419775978334	-7.77419775978334	48.0678056523859
7690000	6.33704030342424	-11.8196931989028	-11.8196931989028	59.1583976579497
7700000	16.5131015009609	-27.1238411049518	-27.1238411049518	78.1579129264446
7710000	8.23157283839108	-12.8839734873644	-12.8839734873644	52.5449904362653
7720000	5.98287984302864	-10.4205301143756	-10.4205301143756	54.9923640663733
7730000	11.944787276663	-12.1837863012529	-12.1837863012529	46.5825550825168
7740000	5.63596478173653	-11.3891100985088	-11.3891100985088	62.809310983511
7750000	29.497793167615	-25.3930539465237	-25.3930539465237	54.2950716734658
7760000	19.1515933916457	-25.3607430415166	-25.3607430415166	91.8747833959603
7770000	6.91012977769826	-14.6352123286721	-14.6352123286722	68.4749312130081
7780000	3.81987686506732	-7.10793752696113	-7.10793752696114	62.2876423116839
7790000	5.12310920153122	-12.0115090407964	-12.0115090407964	58.3729461647822
7800000	3.72791551477465	-10.676405019778	-10.676405019778	58.4643932158273
7810000	0.88312636315824	-3.56125035110467	-3.56125035110467	65.033446225736
7820000	3.45669402692903	-9.81034844423039	-9.81034844423039	76.1721385768525
7830000	6.84873566074004	-6.08323607667059	-6.08323607667059	42.2450888537543
7840000	11.6063273248612	-19.0446158597952	-19.0446158597952	54.8997875180543
7850000	2.03039712855956	-6.4051926088966	-6.4051926088966	55.7771015207608
7860000	3.08062334893721	-7.79487480393592	-7.79487480393593	63.7582132680371
7870000	5.24180248176857	-11.1158176170112	-11.1158176170112	60.33091606021
7880000	1.44688970564947	-3.34807394462529	-3.34807394462529	41.7296083027128
7890000	2.01214018653452	-7.8033036521882	-7.8033036521882	67.8807976961956
7900000	4.16001702414601	-11.4246173062808	-11.4246173062808	71.5187236836276
7910000	4.64050326368679	-9.55482072031134	-9.55482072031134	59.3599767454532
7920000	12.827088277672	-11.4049117942883	-11.4049117942883	66.5124636983564
7930000	15.5968379864445	-17.3359666871887	-17.3359666871887	68.3850708553409
7940000	14.6689544786318	-14.9966143969089	-14.9966143969089	50.4216956296215
7950000	14.3218325773724	-24.8234549947083	-24.8234549947083	72.1486583964947
7960000	17.9242888168746	-16.0367636135955	-16.0367636135955	59.6199551483255
7970000	9.7192322192319	-20.2132525371884	-20.2132525371884	70.9896529118733
7980000	11.8043623771804	-18.5545858990826	-18.5545858990826	64.4404902463012
7990000	8.04372729878345	-19.8628466921045	-19.8628466921045	81.8750891914772
8e+06	3.05336742068618	-6.00025719927034	-6.00025719927034	47.8546788612743
8010000	4.24624948814186	-12.2256273898193	-12.2256273898193	66.4001850763
8020000	1.71784521178012	-3.16033424772796	-3.16033424772797	69.4162202752362
8030000	5.66764731417175	-12.3461521752589	-12.3461521752589	55.7518157468746
8040000	10.7882650005269	-15.9811487057247	-15.9811487057247	58.591873702265
8050000	4.12439070623034	-5.03203732057579	-5.03203732057579	69.649882537028
8060000	2.01243291352128	-5.19908737107603	-5.19908737107603	52.3804970527259
8070000	3.99773505062442	-12.810377656714	-12.810377656714	72.5617621976916
8080000	2.69768956476505	-5.9048551065242	-5.9048551065242	49.6464816759743
8090000	3.07714746695688	-10.7526360106725	-10.7526360106725	89.4930111370883
8100000	3.50159908163566	-13.2165415910076	-13.2165415910076	91.385219009494
8110000	2.9609846298547	-10.8484871240285	-10.8484871240285	86.7117123011595
8120000	1.78440235335441	-4.14869388017102	-4.14869388017102	65.8375937907502
8130000	6.43922646289015	-18.8660345882934	-18.8660345882934	89.6280781043853
8140000	6.17017094489897	-13.0363747863777	-13.0363747863777	61.3553597485937
8150000	2.91443006850948	-9.19356071421138	-9.19356071421138	74.2376453079816
8160000	4.45408082864031	-8.21623591224447	-8.21623591224446	47.9491454406854
8170000	18.0330414114873	-22.9073284191418	-22.9073284191418	56.1432435648849
8180000	3.13610739484372	-8.87187541161747	-8.87187541161747	58.0918519628777
8190000	2.42629603269335	-9.4723168810725	-9.4723168810725	65.1157549501488
8200000	3.50044805048183	-9.06184231255587	-9.06184231255587	55.6364485063126
8210000	12.0147915389543	-24.313198311011	-24.313198311011	89.0600214613973
8220000	6.62658407896081	-11.4765093115591	-11.4765093115591	64.5233176221862
8230000	7.55744295996353	-17.2360059997283	-17.2360059997283	64.0361935553643
8240000	10.9898302477836	-15.8955005343141	-15.8955005343141	67.9865082388819
8250000	25.0272535651865	-15.9099035200102	-15.9099035200102	41.7078143059002
8260000	12.9003370270653	-21.008818659819	-21.008818659819	67.3707516617374
8270000	6.81732782746106	-10.137621800923	-10.137621800923	50.9735226940203
8280000	2.90491956022765	-9.53957717235172	-9.53957717235172	60.3624516980545
8290000	1.4828412586738	-6.82305696093931	-6.82305696093932	98.0614377070037
8300000	7.88546585864718	-8.09946369045683	-8.09946369045683	64.2496722055318
8310000	12.2013917725372	-27.1271443468923	-27.1271443468923	91.3792371313831
8320000	6.71336264438512	-8.00431842604936	-8.00431842604936	62.274522570384
8330000	3.63149313393407	-7.15271682762775	-7.15271682762775	51.0307314619111
8340000	7.11762449622168	-9.1289532611165	-9.1289532611165	49.4846076885799
8350000	2.74516991889929	-6.65619317245802	-6.65619317245802	52.9173957262297
8360000	3.09865393403618	-7.02779808345307	-7.02779808345307	49.7833497856452
8370000	1.58950014667887	-5.65593084119522	-5.65593084119522	56.8065724169706
8380000	4.92395778020262	-8.86449440682669	-8.86449440682669	76.5116438080775
8390000	40.6374284577841	-28.6090712210469	-28.6090712210469	65.1978917022923
8400000	3.76454363470866	-7.97404515425118	-7.97404515425118	83.580951464551
8410000	2.1803651775873	-7.4422298896203	-7.4422298896203	70.6546166788389
8420000	3.9045713371744	-5.54687071490805	-5.54687071490805	49.7968326689276
8430000	3.12078929010104	-9.41192637934176	-9.41192637934176	72.4948947929686
8440000	11.8087997384674	-23.7855601212079	-23.7855601212079	70.5354326385582
8450000	2.62909647272527	-7.40329927845823	-7.40329927845823	49.935592273497
8460000	2.74825046794501	-5.37558547299291	-5.37558547299291	47.6041619154654
8470000	3.62308487680802	-9.19715102536876	-9.19715102536876	59.3658272939207
8480000	8.14226082849802	-9.47078530438549	-9.47078530438549	69.3059797163816
8490000	6.32220562411012	-16.6954577147209	-16.6954577147209	72.0671723148865
8500000	5.72494414293846	-10.8724626726901	-10.8724626726901	42.0277552563388
8510000	6.18010481118865	-11.3020016575474	-11.3020016575474	53.3296490789142
8520000	4.32184062113545	-11.1393109038517	-11.1393109038517	59.7616284903599
8530000	6.23907750547755	-13.4660669765154	-13.4660669765154	62.354119228638
8540000	12.5310303623951	-7.15634965220664	-7.15634965220664	34.8830872051376
8550000	4.4403967086841	-6.63490446478183	-6.63490446478183	60.7732014348042
8560000	3.4269498789872	-5.40809690102134	-5.40809690102134	45.7529991478677
8570000	1.4601744392092	-0.936866656198456	-0.936866656198456	69.3441775456163
8580000	3.45393130942615	-7.93187707515207	-7.93187707515207	70.430094887336
8590000	2.11955727663406	-6.28171100340589	-6.28171100340589	55.1156394641925
8600000	7.0188942173499	-11.2297632054684	-11.2297632054684	77.8758083571211
8610000	6.48831158633056	-13.6900327823444	-13.6900327823444	64.7248207792184
8620000	7.13068298696371	-13.3841032873965	-13.3841032873965	62.0982393045247
8630000	1.22008374173373	-4.60849363449298	-4.60849363449298	50.3474830842006
8640000	2.03978079112525	-7.10997423637599	-7.10997423637599	65.0199556060774
8650000	1.33345831632732	-5.50335805897822	-5.50335805897822	62.3061701038008
8660000	5.30636594601663	-7.84287060420918	-7.84287060420918	58.8278563303434
8670000	19.3853446417428	-17.0353729822078	-17.0353729822078	53.7552839070371
8680000	12.9266283893833	-11.344461512508	-11.344461512508	51.8059639211248
8690000	3.7070460880546	-9.97843649946508	-9.97843649946508	66.3716148745179
8700000	3.16041977558361	-10.2336732787927	-10.2336732787927	71.9185703689732
8710000	10.0777219469774	-13.186460138856	-13.186460138856	63.1140738047912
8720000	1.7782977171657	-7.5827693895336	-7.5827693895336	61.9460927754684
8730000	4.69341898957636	-8.07843954259234	-8.07843954259234	57.4205460029037
8740000	5.93503788452511	-11.3260814213992	-11.3260814213992	58.3290262868648
8750000	19.2346429727767	-22.1889909802623	-22.1889909802623	71.5812986427176
8760000	2.90821842481994	-10.4916793446505	-10.4916793446505	70.8100723270729
8770000	5.38491933321747	-14.323126116728	-14.323126116728	75.9415345040282
8780000	4.51522261604402	-12.238195350692	-12.238195350692	82.4211555738797
8790000	5.61877372346897	-11.7998943536266	-11.7998943536266	53.6952895372316
8800000	10.3377320693935	-8.37153064468886	-8.37153064468885	46.7092853799091
8810000	12.5262812579924	-18.5094631623352	-18.5094631623352	79.257800776495
8820000	5.02334149394428	-15.707430192019	-15.707430192019	78.299693397651
8830000	1.91043628089664	-7.00435309432616	-7.00435309432616	60.1412501064336
8840000	5.68541321904985	-13.923423688936	-13.923423688936	90.2701797969868
8850000	19.178374636088	-22.9512896296352	-22.9512896296352	65.860539395886
8860000	14.4334709450833	-9.45591311902554	-9.45591311902554	50.1004161631195
8870000	39.5336451703685	-20.1049441477092	-20.1049441477092	76.9924448223371
8880000	12.0662783538809	-11.2079785050675	-11.2079785050675	71.555304722742
8890000	17.8923302174899	-16.1854192774955	-16.1854192774955	49.8178992203783
8900000	25.3208238068897	-23.6816212795697	-23.6816212795697	59.7440462811415
8910000	3.27352768785999	-5.19237134203371	-5.19237134203371	49.4447500979944
8920000	2.88943881040329	-7.23790201938154	-7.23790201938154	59.2869341857672
8930000	4.95968712380754	-13.1095682729099	-13.1095682729099	73.8755193532161
8940000	5.91263515879339	-8.43328925740407	-8.43328925740407	53.1200012640258
8950000	20.4713616239789	-24.1701968985751	-24.1701968985751	65.7206261969204
8960000	15.235924331894	-11.8178183611245	-11.8178183611245	46.8638553251173
8970000	13.1615199884959	-15.9330065008949	-15.9330065008949	52.6304228842612
8980000	22.43614529884	-25.9219350019096	-25.9219350019096	74.8256171058242
8990000	3.28495807949668	-9.45328392258187	-9.45328392258187	77.8719029773854
9e+06	4.40809248106679	-8.58637377401482	-8.58637377401482	49.2553049552013
9010000	5.83321043984665	-9.3120944886194	-9.3120944886194	55.3381425083413
9020000	4.67833199291546	-8.45365559723837	-8.45365559723837	49.0674042581083
9030000	10.400567014217	-14.7629148319691	-14.7629148319691	50.4070803140658
9040000	8.29659464809389	-5.98888592413599	-5.98888592413599	49.1967803741188
9050000	9.98516961931647	-18.738297733202	-18.738297733202	62.498680490122
9060000	4.39465744396751	-11.1175295052468	-11.1175295052468	52.1651558925375
9070000	4.52337812986813	-9.3633392834809	-9.3633392834809	46.3098083527494
9080000	3.51603514787967	-8.2082304927663	-8.2082304927663	48.1152229289796
9090000	4.53367106115386	-7.78330059212793	-7.78330059212793	56.3416109705537
9100000	5.70199228475556	-14.8272263855633	-14.8272263855633	59.5822159239661
9110000	1.84637086807937	-4.1040432843303	-4.1040432843303	87.5348059982457
9120000	9.46333470401022	-14.2685061895194	-14.2685061895194	83.2448475132835
9130000	66.3581065891642	-36.7305790877766	-36.7305790877766	68.4132718113066
9140000	30.5156395560982	-28.749000357599	-28.749000357599	56.2862642308587
9150000	10.7073761545081	-15.1155723513615	-15.1155723513615	49.8204417553882
9160000	21.4596915454107	-31.3915815651005	-31.3915815651005	76.9505326420322
9170000	5.95651582366144	-11.1391962127954	-11.1391962127954	70.5655221238378
9180000	3.12481643276391	-11.3937813142018	-11.3937813142018	69.6586376836734
9190000	12.940768848659	-21.9383548998882	-21.9383548998881	68.5215864944158
9200000	4.18591242306496	-7.29392037433426	-7.29392037433426	60.1437582005564
9210000	6.31396637244212	-13.5988478858311	-13.5988478858311	82.4776187506046
9220000	7.03095639084507	-11.1853226160919	-11.1853226160919	50.7650799333029
9230000	3.6477455618138	-11.2631754210887	-11.2631754210887	77.0202586125815
9240000	1.98409259836929	-3.3673685871476	-3.3673685871476	44.4559647016976
9250000	3.09949003585492	-8.7652899800609	-8.76528998006089	52.4311773117679
9260000	3.17142679888142	-8.49387928603641	-8.49387928603641	59.5740787925675
9270000	3.00396903900335	-5.50484005155808	-5.50484005155808	44.2106548842758
9280000	3.29108692142334	-8.15285744265803	-8.15285744265803	61.5410246004525
9290000	5.82892268037252	-11.1394924388022	-11.1394924388022	70.336463969387
9300000	10.4194099321507	-18.1745638445479	-18.1745638445479	55.9869089601584
9310000	3.16440913104219	-9.13018183730587	-9.13018183730587	62.2718952651754
9320000	7.83308948587337	-14.216501680575	-14.216501680575	53.6258779160885
9330000	3.09048592224497	-7.24860633392551	-7.24860633392551	57.93151693882
9340000	5.53681737985358	-6.46734985749904	-6.46734985749904	50.7100526662348
9350000	2.22396927802186	-5.56615237619854	-5.56615237619854	55.5954538813388
9360000	15.1094711627216	-31.0849284933211	-31.0849284933211	84.809804336238
9370000	2.73860794031542	-11.283519310391	-11.283519310391	95.6431688369463
9380000	2.89619942764218	-8.54014879619574	-8.54014879619574	68.9133755834986
9390000	6.98680877194705	-15.2371080090072	-15.2371080090072	58.0360244251755
9400000	3.83451205442153	-10.4447521230703	-10.4447521230703	70.998114027824
9410000	3.95287745932714	-11.1171509239631	-11.1171509239631	60.6501520263228
9420000	7.86500358764518	-18.2020261173821	-18.2020261173821	58.562364046171
9430000	4.14949030348258	-8.49549716610371	-8.49549716610372	57.28958341376
9440000	1.55484298291931	-6.6141508470384	-6.6141508470384	72.2579724595457
9450000	3.46518640354049	-10.1077829223656	-10.1077829223656	55.7132441641487
9460000	5.42216117852766	-9.99052056152314	-9.99052056152314	60.1134572784997
9470000	17.5665392385907	-20.7176191018027	-20.7176191018027	52.3162439424883
9480000	32.071538492202	-27.5552310520596	-27.5552310520596	50.5774153788163
9490000	9.11412794778117	-11.3179997185032	-11.3179997185032	38.3760365720951
9500000	11.5174013330855	-18.0430357461292	-18.0430357461292	53.0361255062153
9510000	14.3346286220044	-11.6971057559366	-11.6971057559366	52.9675394299755
9520000	7.41972823755691	-13.842479512297	-13.842479512297	68.9621907920725
9530000	5.5219260249141	-6.35641652843489	-6.35641652843489	52.0424549140266
9540000	3.86542182246804	-8.01773088909743	-8.01773088909743	68.8598323722745
9550000	7.75256613390639	-14.2139479615048	-14.2139479615048	54.7838413807374
9560000	1.97858451478982	-7.50107117339697	-7.50107117339697	52.7032175594229
9570000	11.4169891127707	-14.3546342403754	-14.3546342403754	44.039336288017
9580000	4.27029626006924	-7.0743278264717	-7.0743278264717	58.215994270502
9590000	2.6385937469664	-6.39616506091451	-6.39616506091451	66.8789449686263
9600000	3.95629490896871	-7.89938744174057	-7.89938744174057	50.3886631188592
9610000	7.58110440424575	-12.3253876900886	-12.3253876900886	58.477349420581
9620000	1.74355163510884	-4.89742060036845	-4.89742060036844	53.548326010353
9630000	1.60038644994803	-6.20329464627034	-6.20329464627034	62.3222031827246
9640000	5.61974667299527	-15.8461388305991	-15.8461388305991	77.2456397550836
9650000	6.15644639692351	-12.3109943874414	-12.3109943874414	61.6739583480234
9660000	7.16119540605471	-4.21103972665499	-4.21103972665499	44.419244758469
9670000	1.70120752230503	-3.50173722581522	-3.50173722581522	32.0475057076567
9680000	6.19795729532105	-9.26655133438851	-9.26655133438852	47.1894374068895
9690000	3.63828938333729	-5.39214122901616	-5.39214122901616	49.403829968989
9700000	5.75136299350039	-13.3669091243797	-13.3669091243797	53.0633149398561
9710000	4.28624980663324	-9.51910321099292	-9.51910321099292	49.8962616330006
9720000	2.94559114769627	-9.11635014213033	-9.11635014213033	64.1134941106137
9730000	4.11401495589642	-8.63848620531903	-8.63848620531902	58.0814015415815
9740000	3.33786741454699	-7.34756827627438	-7.34756827627438	79.0464954951696
9750000	5.57804406312891	-11.6371296406764	-11.6371296406764	53.4396652765604
9760000	3.43394154173064	-7.86266870026763	-7.86266870026763	54.7154664288461
9770000	40.8581379731954	-36.0294952569128	-36.0294952569128	55.4088188309097
9780000	55.8715598229745	-39.8326406430582	-39.8326406430582	71.0054486075802
9790000	22.1740471240011	-20.6855904273487	-20.6855904273487	67.8416438293165
9800000	40.428385604707	-26.5083319868668	-26.5083319868668	59.9722718595787
9810000	3.77153775661367	-8.23992801386161	-8.23992801386161	46.1113547619243
9820000	1.7044920740081	-5.72762724117705	-5.72762724117705	51.740711979324
9830000	3.89317080156929	-7.20253813439864	-7.20253813439864	40.0047069387677
9840000	8.48739221888578	-13.2096234575698	-13.2096234575698	64.0206921359662
9850000	4.94225676922054	-10.8976364059373	-10.8976364059373	70.4944306131987
9860000	12.2958101042485	-15.2426013468936	-15.2426013468936	46.7652885872279
9870000	11.7299931672353	-19.4092890331642	-19.4092890331642	58.5282036374205
9880000	126.311133779568	-50.8416039612568	-50.8416039612568	65.7621465370717
9890000	118.190059329499	-57.714013642746	-57.714013642746	65.2480087030298
9900000	10.9271629216238	-15.6941471796395	-15.6941471796395	46.6188496484961
9910000	2.47832239113803	-7.82303877022813	-7.82303877022813	55.8622213353383
9920000	8.25620388298659	-15.4219022881367	-15.4219022881367	69.6578020277202
9930000	3.39364832888552	-9.09263647695064	-9.09263647695064	79.2698436354927
9940000	6.90919820805627	-12.4557301182011	-12.4557301182011	52.4904039979963
9950000	5.5812033025262	-13.3857691459983	-13.3857691459983	70.8182248826263
9960000	2.96410947241996	-7.95638930826538	-7.95638930826538	53.9614170095206
9970000	6.30094063897034	-11.5421750043952	-11.5421750043952	50.4098200879877
9980000	2.71679707056189	-6.37511052951597	-6.37511052951597	49.1169502162301
9990000	0.847852306702471	-2.27622773870749	-2.27622773870749	54.2463498406098
1e+07	2.77087523978307	-11.7706792286524	-11.7706792286524	112.418736199442
10010000	4.95310023556853	-7.23813031430782	-7.23813031430782	48.4131706073027
10020000	3.13143182734903	-9.42066301133664	-9.42066301133664	50.5312243357043
10030000	4.55510981389928	-12.3821077144917	-12.3821077144917	65.9349940611316
10040000	29.0716912852385	-26.9539637432088	-26.9539637432088	62.6043096015408
10050000	40.7695002804259	-22.9751724889634	-22.9751724889634	63.8963514410541
10060000	34.5842333042777	-32.9911083518131	-32.9911083518131	50.9988022517245
10070000	15.0972637207498	-18.1111522469233	-18.1111522469233	59.9104260004582
10080000	26.6695220748198	-22.2663892564749	-22.2663892564749	58.2171015520695
10090000	23.9263771143744	-20.8506668455757	-20.8506668455757	47.6819910782812
10100000	160.854423161258	-65.5936865333977	-65.5936865333977	66.7345779167745
10110000	91.3549348978	-54.5792162416078	-54.5792162416078	76.4069386491741
10120000	23.6877566788796	-18.8047820196811	-18.8047820196811	63.5266822748724
10130000	12.6834254374082	-11.4140137025621	-11.4140137025621	37.6782659774995
10140000	18.3681508746057	-18.30061142145	-18.30061142145	55.066522863099
10150000	36.3596856402423	-26.0874510027646	-26.0874510027646	50.0698104867474
10160000	102.877495751753	-66.2421331294462	-66.2421331294462	72.4410244763072
10170000	40.8847448476885	-25.9074271131905	-25.9074271131905	54.5691033935996
10180000	26.4231229794107	-27.4127846887837	-27.4127846887837	55.1399538381803
10190000	6.02974656979801	-11.608937019034	-11.608937019034	52.4054976821027
10200000	3.46124440349439	-8.74166354868747	-8.74166354868747	49.7748971884543
10210000	2.81538900350591	-10.5061730200195	-10.5061730200195	74.9837516302513
10220000	3.82950841778891	-10.3205453452921	-10.3205453452921	62.0091119798736
10230000	3.90190723469777	-9.74401690891217	-9.74401690891217	52.8292466086535
10240000	5.96351553155676	-13.7114126268753	-13.7114126268753	72.8818210091828
10250000	5.23640376380208	-8.60999963613213	-8.60999963613213	50.2087628895522
10260000	1.32369063524609	-3.67045159688561	-3.67045159688561	60.3433754496686
10270000	5.8440144809354	-11.7984328534587	-11.7984328534587	68.9837595148146
10280000	7.45385145288976	-19.2820137573684	-19.2820137573684	79.7941473721294
10290000	5.43983081594755	-10.4757911465444	-10.4757911465444	49.7136622860802
10300000	9.72469649057703	-16.2353633270884	-16.2353633270884	55.1041345997427
10310000	12.8450184884912	-14.2279260166243	-14.2279260166243	63.3802406184202
10320000	2.0221334054131	-4.67100430276892	-4.67100430276892	54.604730450102
10330000	2.86776045791286	-6.91900699732459	-6.91900699732459	55.9571205875461
10340000	3.27162182738305	-6.45682010866633	-6.45682010866633	49.0254855834283
10350000	5.97812610135095	-11.302534912443	-11.302534912443	54.1193819137121
10360000	5.39019413597341	-10.6137882719091	-10.6137882719091	58.1710782320315
10370000	4.07819443426573	-7.38900906697442	-7.38900906697442	58.7951955750378
10380000	1.58339647476692	-6.09746202203285	-6.09746202203284	61.9367666539608
10390000	9.2597291327572	-17.5941095890312	-17.5941095890312	67.498566714071
10400000	9.45534415146297	-15.5594115211365	-15.5594115211365	60.1550571350993
10410000	20.5424505093131	-23.9664356968399	-23.9664356968399	66.2511642441902
10420000	4.71502841378252	-9.77465698115496	-9.77465698115496	50.7764033829654
10430000	8.72490399728713	-16.8463802494366	-16.8463802494366	57.0073785394117
10440000	5.64149085256764	-13.8481719187744	-13.8481719187744	90.4694791898504
10450000	3.06781470401896	-8.14450655500721	-8.14450655500721	55.0151661316037
10460000	6.00747689136988	-8.43696867440269	-8.43696867440269	75.4683126122083
10470000	7.53436312074236	-16.2737377981919	-16.2737377981919	82.3313902392462
10480000	2.09353497564286	-7.47019427596748	-7.47019427596748	69.9880814901331
10490000	3.16875640123083	-6.37676958342885	-6.37676958342885	48.8918547982581
10500000	6.96418285537505	-13.5089843156001	-13.5089843156001	72.6219067546159
10510000	36.171080532158	-24.3316448154906	-24.3316448154906	53.9379035497014
10520000	41.5254200371487	-23.5250675536932	-23.5250675536932	43.4285984356701
10530000	20.906005869685	-20.3348008433603	-20.3348008433603	61.7478168376572
10540000	3.39155483266274	-6.42734195505197	-6.42734195505197	39.6240343972942
10550000	2.67396610976759	-7.73126066314591	-7.73126066314591	66.5623920478602
10560000	2.39966877757588	-7.02274771817672	-7.02274771817672	52.0698379299741
10570000	1.50379822751739	-3.14766143103084	-3.14766143103084	48.200396186179
10580000	3.62143840183663	-7.51831132612085	-7.51831132612085	54.8104859606244
10590000	5.55320931727507	-9.05149843438132	-9.05149843438132	53.4984375890983
10600000	11.078611896281	-16.5244345729024	-16.5244345729024	55.3917153285301
10610000	19.6599355576727	-21.8255815921926	-21.8255815921926	53.5964602345745
10620000	7.16914026712886	-7.62154191167325	-7.62154191167325	55.4553737714178
10630000	5.02592473608412	-11.7671543456493	-11.7671543456493	56.830616345126
10640000	4.31714205208961	-15.101600594354	-15.101600594354	89.816772215131
10650000	4.88891801424538	-8.98881665031771	-8.98881665031771	44.6977541129044
10660000	13.9372113564507	-22.3002482224741	-22.3002482224741	68.8012842806689
10670000	7.31182657057095	-11.4171040684384	-11.4171040684384	48.8699843701722
10680000	2.28968852620597	-8.17949950890785	-8.17949950890785	58.1622714974967
10690000	5.99251351342318	-18.6910333385849	-18.6910333385849	85.6930442063439
10700000	13.1701837255129	-20.2732777848445	-20.2732777848445	60.6453824227617
10710000	16.2917475330931	-17.6428044222063	-17.6428044222063	75.0873300967403
10720000	10.219027865962	-21.2379270758125	-21.2379270758125	85.9500433280546
10730000	16.3279657738671	-12.5796322288736	-12.5796322288736	55.806241069754
10740000	12.0676443117835	-20.2182987890303	-20.2182987890303	60.7645848589198
10750000	4.74475865769515	-11.2733626252057	-11.2733626252057	72.3923183558397
10760000	2.42165924292047	-6.45779712643387	-6.45779712643387	57.6538454959182
10770000	6.65572330116564	-10.5561660335101	-10.5561660335101	64.7360437449097
10780000	4.36849467820941	-12.1678288751266	-12.1678288751266	62.6842965995235
10790000	3.09214064988664	-4.76289559488678	-4.76289559488678	57.397385026197
10800000	3.07778282799445	-7.35509685658591	-7.35509685658591	61.814689268879
10810000	4.58314158210932	-7.88669997901749	-7.88669997901749	41.6094465022493
10820000	2.18841982857235	-6.51037014636019	-6.51037014636019	67.8056680034079
10830000	2.05796939872041	-6.26473586255884	-6.26473586255884	63.3241368108077
10840000	1.49927361554331	-4.60966102677164	-4.60966102677164	61.648772287647
10850000	1.48881018248146	-4.69875932332436	-4.69875932332436	60.0728633036504
10860000	2.58868089805982	-7.15149485981669	-7.15149485981669	65.6281233087896
10870000	2.85444645860803	-7.80327485711341	-7.80327485711341	61.6588652144644
10880000	7.40118779277457	-11.1392861050966	-11.1392861050966	56.161787943564
10890000	2.72931395639101	-8.41989592520365	-8.41989592520365	52.9789675813813
10900000	2.94124776033079	-6.52261891798724	-6.52261891798724	48.2040904412091
10910000	4.6396093474165	-12.220115612074	-12.220115612074	65.434128470624
10920000	6.11850253482738	-9.71663389858146	-9.71663389858146	73.1645178419641
10930000	1.4134653652403	-5.78100760957193	-5.78100760957193	55.5050539511439
10940000	3.39793011841288	-4.68420737665983	-4.68420737665983	58.2883830394678
10950000	4.82566063007283	-11.8249876384947	-11.8249876384947	81.7945053141744
10960000	6.41135673516468	-12.3998977056217	-12.3998977056217	52.7073360318617
10970000	16.5644682763655	-7.90149652023676	-7.90149652023676	49.8700437235199
10980000	8.24878183104147	-13.1565815643761	-13.1565815643761	56.51986419643
10990000	3.19859374564474	-6.56109097664694	-6.56109097664694	48.812211067278
1.1e+07	10.6540376174032	-17.6884344113125	-17.6884344113125	58.2671617287601
11010000	14.4309981079135	-20.7848297770053	-20.7848297770053	51.5846783055372
11020000	22.8412145329788	-22.0713548222317	-22.0713548222317	64.5443039782963
11030000	2.37946500552665	-5.01331626105677	-5.01331626105677	40.8193684787593
11040000	14.5472147849764	-17.1862324175032	-17.1862324175032	51.7838104992832
11050000	9.15508315970424	-11.7744932931931	-11.7744932931931	44.6910165424934
11060000	16.7321305208875	-24.870523760229	-24.870523760229	72.4583174598591
11070000	9.73308051688629	-14.8630203664912	-14.8630203664912	53.9118391975222
11080000	2.50921219436789	-6.48046186798845	-6.48046186798845	78.9529695174422
11090000	2.81321001621224	-9.43725191816142	-9.43725191816142	69.9539041964867
11100000	3.45168333793202	-7.74347395669255	-7.74347395669255	59.1931572088158
11110000	2.4964434998396	-8.33480410343097	-8.33480410343097	60.8149948868021
11120000	5.07694293498037	-15.5706887604481	-15.5706887604481	93.6193828809585
11130000	2.64981390334321	-7.8780129413029	-7.8780129413029	59.6008906033088
11140000	2.64652673262833	-4.46842635966334	-4.46842635966334	40.8399517423453
11150000	1.84034691877351	-7.38626208457371	-7.38626208457371	85.9522708462716
11160000	4.16364277912596	-9.55322202303364	-9.55322202303364	69.4404279665547
11170000	2.05692521284806	-3.92712815688756	-3.92712815688756	42.6863558465398
11180000	4.9749086830654	-13.487563580193	-13.487563580193	73.6006194326213
11190000	4.29659030334536	-11.1760189855639	-11.1760189855639	60.8751639167338
11200000	5.46228989221563	-11.6954983663928	-11.6954983663928	70.0383691614282
11210000	10.975583952546	-12.4407310913665	-12.4407310913665	47.5107369587095
11220000	3.50684661415612	-10.65646043808	-10.65646043808	64.7321610978635
11230000	9.5998031961244	-15.2866700355341	-15.2866700355341	55.9776651168748
11240000	3.55789319290244	-9.40045483340599	-9.40045483340599	66.5704451056308
11250000	1.17550214835807	-4.6396334774663	-4.6396334774663	49.442399951553
11260000	6.64649893016239	-10.1226030542373	-10.1226030542373	49.0417039289012
11270000	4.37720974232785	-11.0723383860172	-11.0723383860172	68.4650310372018
11280000	3.69548002890135	-6.85944123607866	-6.85944123607866	44.9093608139611
11290000	4.20486492228891	-10.5201354140052	-10.5201354140052	69.4785806235807
11300000	7.93428195816023	-13.7012621663675	-13.7012621663675	63.0989136522255
11310000	9.77491636743254	-16.1399318671538	-16.1399318671538	54.1867482393428
11320000	4.75936489319241	-15.1159628327752	-15.1159628327752	83.9189268897912
11330000	3.50114518187083	-3.39152128750909	-3.39152128750909	75.1317999259214
11340000	7.19334179003021	-8.40334668531151	-8.40334668531151	44.955682161767
11350000	8.6548599802672	-16.6950090782612	-16.6950090782612	52.9184644909958
11360000	4.37693014292768	-9.90966192167316	-9.90966192167316	58.5466514607372
11370000	5.42995059893737	-10.5219169387808	-10.5219169387808	87.1059085383965
11380000	5.66025511973112	-13.189959515745	-13.189959515745	68.6629169664338
11390000	2.26352304230123	-3.8634838281534	-3.8634838281534	51.9169321922842
11400000	4.19939971246464	-8.19273059534655	-8.19273059534655	56.7760582896953
11410000	2.67796326642907	-7.79165381376681	-7.79165381376682	71.3475698135751
11420000	4.41582892876705	-10.0351565183844	-10.0351565183844	57.2057583855676
11430000	1.76119321722726	-7.65909615582487	-7.65909615582487	87.0965458672806
11440000	6.81466166509821	-12.9738679259016	-12.9738679259016	66.6457489270659
11450000	20.9999151477568	-21.1504110047691	-21.1504110047691	56.3124898482972
11460000	39.9037474038605	-43.6711681454658	-43.6711681454658	79.2598824048682
11470000	4.29192851853229	-8.0145716164739	-8.0145716164739	75.3468641991918
11480000	9.86848449032619	-14.7174986744228	-14.7174986744228	61.7976627290323
11490000	5.36550365196444	-11.2162588042891	-11.2162588042891	60.0075875421156
11500000	13.5134137987016	-11.7809327153363	-11.7809327153363	41.169168649797
11510000	4.20776965698873	-10.1349766066867	-10.1349766066867	65.4777147014586
11520000	0.676134436402478	-4.18497003968264	-4.18497003968264	71.3768931089301
11530000	5.73489060124631	-9.05977335696938	-9.05977335696938	58.7515382992379
11540000	7.10511353872439	-12.3410913645999	-12.3410913645999	60.4782197374121
11550000	19.3319099722649	-16.6461182108538	-16.6461182108538	50.2736343019697
11560000	4.6170652679682	-10.5326385481053	-10.5326385481053	49.7749762074158
11570000	15.332305163604	-21.2353501521154	-21.2353501521154	79.1080744212932
11580000	4.94536581427999	-10.285004906461	-10.285004906461	65.5157189891292
11590000	2.07106182951163	-10.4013276737909	-10.4013276737909	81.5495649172967
11600000	2.12309275872017	-4.54907327754963	-4.54907327754963	56.4940484075988
11610000	8.09547716011586	-14.3848517659883	-14.3848517659883	66.0088556645214
11620000	8.53790726612067	-15.5641908521441	-15.5641908521441	49.1326962054328
11630000	11.786669477614	-12.2450230651196	-12.2450230651196	45.2794266903863
11640000	31.9241115658057	-30.4528933497527	-30.4528933497527	60.1357130511303
11650000	7.7534005132272	-14.9345546690175	-14.9345546690175	55.6376913580474
11660000	14.3166393421554	-21.6235128620075	-21.6235128620075	69.3145384021461
11670000	2.68795880023964	-7.6578277311222	-7.6578277311222	51.2053812474784
11680000	1.93511196281984	-5.90840458681944	-5.90840458681944	63.2464841939887
11690000	6.68089293781902	-14.7535905808866	-14.7535905808866	65.3365950336131
11700000	9.98912395950272	-9.29613309493325	-9.29613309493325	48.0572313712441
11710000	7.58014316425421	-16.7804346684179	-16.7804346684179	73.9569437788656
11720000	3.20367298049699	-7.59848500730929	-7.5984850073093	51.3053152500158
11730000	4.00402825932207	-10.7008321232962	-10.7008321232962	85.4122205865467
11740000	2.81797977404728	-6.97980203466502	-6.97980203466502	54.2592065748177
11750000	6.53638421583866	-8.9471287180417	-8.9471287180417	60.4835921110729
11760000	22.703896619323	-21.5710160123333	-21.5710160123333	46.3762677446624
11770000	3.11018555770962	-7.96556121575749	-7.96556121575749	49.6047246095896
11780000	1.68915222172562	-5.7050491451185	-5.7050491451185	52.7488378580775
11790000	1.23208492350205	-2.14834076093864	-2.14834076093864	58.1587956292719
11800000	1.40867925019724	-2.62007066705132	-2.62007066705132	74.3821096044698
11810000	7.96493468979507	-13.9970555885188	-13.9970555885188	79.1685881476838
11820000	3.49869073483206	-11.0856843614442	-11.0856843614442	67.464747214403
11830000	7.91247550137621	-12.2619264466158	-12.2619264466158	56.8867604850345
11840000	6.4115284905901	-12.3402661134929	-12.3402661134929	61.2042369409529
11850000	2.70933007886623	-4.4599014838362	-4.4599014838362	67.4429236332939
11860000	1.70064202153195	-6.03974158911315	-6.03974158911315	69.3903346011706
11870000	4.72552768465388	-13.5785499871988	-13.5785499871988	77.5060081746033
11880000	1.85777070561093	-6.3900727514953	-6.3900727514953	68.4826036359348
11890000	25.8035208298996	-23.322489927906	-23.322489927906	58.3843165012994
11900000	13.7440922536352	-14.6614648958909	-14.6614648958909	46.2082849430384
11910000	15.1546874643362	-13.2363362538542	-13.2363362538542	55.7959954115684
11920000	1.69618477535076	-5.90523725047142	-5.90523725047142	62.4674616352606
11930000	6.08313437130338	-13.3187555927437	-13.3187555927437	58.8180848031462
11940000	4.62866675901936	-14.2857863295908	-14.2857863295908	107.90410980933
11950000	7.13926160023432	-15.4560200620355	-15.4560200620355	64.0048721805778
11960000	3.21081410239835	-9.41889318444512	-9.41889318444512	60.9839113269197
11970000	3.49388029674986	-6.97193841698247	-6.97193841698247	51.1698269667447
11980000	3.9570479110908	-6.60646736987681	-6.60646736987681	57.532164727452
11990000	7.08670027589907	-17.1711858220117	-17.1711858220117	88.6499935119943
1.2e+07	1.57406670388536	-4.76229202960947	-4.76229202960947	51.1753828381563
12010000	2.71800407526567	-6.93959007763602	-6.93959007763602	44.049776112368
12020000	7.70540449052228	-12.2023282044562	-12.2023282044562	74.8232188865322
12030000	3.48698844185934	-7.02100288629695	-7.02100288629695	48.6528738031327
12040000	2.13210377175105	-8.68014067734816	-8.68014067734816	70.1588254834776
12050000	6.2683282828183	-14.7713512304621	-14.7713512304621	66.3109291610612
12060000	3.42681055933268	-7.57543734785314	-7.57543734785314	64.9133948763602
12070000	7.87380865468638	-10.3200207006875	-10.3200207006875	48.175850408006
12080000	13.1075969675639	-18.4363823494276	-18.4363823494276	54.0674216365386
12090000	5.6046831307063	-7.22009689632558	-7.22009689632558	62.5086087334679
12100000	6.33729573413192	-13.3375611564532	-13.3375611564532	60.1828264300799
12110000	9.75974860907554	-10.5061787153964	-10.5061787153964	55.4172795448556
12120000	6.91327728071062	-11.5704897155609	-11.5704897155609	50.6472222669934
12130000	5.64726713884602	-13.8044300149037	-13.8044300149037	69.9541747291249
12140000	2.61877440132578	-4.48934351419678	-4.48934351419678	44.6481504228043
12150000	1.68167461163726	-4.313587385423	-4.313587385423	56.5016590200331
12160000	9.10346387019169	-3.82640100905681	-3.82640100905681	47.7289505539068
12170000	9.65711415760396	-18.7905302594419	-18.7905302594419	88.2045630272032
12180000	2.63897209534134	-8.04940200322953	-8.04940200322953	74.2885879459827
12190000	1.48423783447264	-5.68948818004385	-5.68948818004385	70.6028751933335
12200000	3.11867470653796	-9.81325600168677	-9.81325600168677	66.0619949032861
12210000	3.1048199502128	-9.19508501960872	-9.19508501960872	57.4746691721326
12220000	1.90784119653813	-4.78407552412214	-4.78407552412214	54.7445246366153
12230000	7.65195087006223	-11.901529967883	-11.901529967883	56.9432699888299
12240000	3.10763938717556	-7.79373254900331	-7.79373254900331	50.2416225912705
12250000	4.67505627470402	-13.1148364038777	-13.1148364038777	77.7391204806985
12260000	2.03761286495532	-1.20411861981489	-1.20411861981489	37.0956918056642
12270000	3.78137154881892	-9.58307471435172	-9.58307471435172	61.7880384323905
12280000	3.10612144785601	-6.91509835300463	-6.91509835300463	57.2876202759532
12290000	5.63362501197533	-13.7685057921064	-13.7685057921064	57.5528408287292
12300000	2.93158962585118	-5.07515643404392	-5.07515643404392	58.8258254943427
12310000	2.65944198714592	-8.29658978591001	-8.29658978591001	58.9966060210768
12320000	5.9120105333547	-13.2203027078173	-13.2203027078173	67.4527765504979
12330000	5.49988307937435	-12.4391338270463	-12.4391338270463	53.3815723499412
12340000	2.74744473939221	-7.60947649103263	-7.60947649103263	60.3979280382593
12350000	8.23582600874033	-27.3260825934587	-27.3260825934587	116.194070979241
12360000	10.5128894400875	-8.74731847548867	-8.74731847548867	46.2087857713949
12370000	4.90948828828429	-10.3298260329656	-10.3298260329656	55.8976114777648
12380000	5.61619970942795	-8.29004682887287	-8.29004682887287	46.7406480736726
12390000	6.20765163545654	-13.128634616359	-13.128634616359	66.4174857115452
12400000	10.7671817749138	-20.2827271777689	-20.2827271777689	81.89060450459
12410000	46.5401778963292	-37.1809419681381	-37.1809419681381	72.9270657139539
12420000	7.00991756161673	-2.82263108339194	-2.82263108339194	49.0119492284783
12430000	2.581128059097	-7.91000586178393	-7.91000586178393	60.3169112776995
12440000	2.25743175045755	-5.14410131671802	-5.14410131671802	46.7555499258565
12450000	4.14793618449477	-7.19022649362357	-7.19022649362357	58.4416846047294
12460000	12.3482024938911	-15.5732732104896	-15.5732732104896	72.360570261363
12470000	15.371295857378	-18.9170617494006	-18.9170617494006	48.6113911861193
12480000	12.4137532709461	-16.8005602261336	-16.8005602261336	72.573023657434
12490000	7.70541419118964	-7.9450776590055	-7.9450776590055	47.2485608054608
12500000	10.1185315602431	-15.3914226323212	-15.3914226323212	53.4481808157969
12510000	7.28229402878013	-18.7383811268889	-18.7383811268889	82.1057290396546
12520000	3.25453824614619	-6.79879487705026	-6.79879487705026	51.0299108364397
12530000	4.58327008637348	-6.33422809562997	-6.33422809562997	56.9902752897214
12540000	2.93814977282949	-12.6019348321651	-12.6019348321651	104.670860347708
12550000	2.83502664955037	-7.55340106651702	-7.55340106651702	55.6799475051622
12560000	6.65562444184453	-5.59791185517829	-5.59791185517829	60.0716133398335
12570000	12.3598980316321	-22.479393956491	-22.479393956491	76.553734513549
12580000	4.55475873817683	-7.61989443834523	-7.61989443834523	62.6528591301892
12590000	4.03034869597502	-10.7549841527392	-10.7549841527392	63.8111436585755
12600000	6.88389694522486	-7.67597938311377	-7.67597938311377	58.3851763560455
12610000	3.50424167677706	-8.67018245751515	-8.67018245751515	47.3998332142258
12620000	4.50067170706364	-10.8146038235905	-10.8146038235905	75.0127800397637
12630000	13.3269051194835	-19.5903326013913	-19.5903326013913	56.3477549307438
12640000	7.63230700400649	-14.3250972001301	-14.3250972001301	67.6113525098621
12650000	14.5604272001555	-8.2990183389651	-8.2990183389651	50.5879458582518
12660000	14.5389919471324	-15.4552384506422	-15.4552384506422	63.1507547278336
12670000	5.40776243268863	-9.36256795912834	-9.36256795912834	51.0282845693131
12680000	4.23124829907096	-13.7603477076058	-13.7603477076058	67.2749145877117
12690000	4.2342431921114	-8.37778260633279	-8.37778260633278	59.6443970429977
12700000	5.74000473418693	-7.54419226884942	-7.54419226884941	50.4768019666543
12710000	3.01158434530692	-12.733229507585	-12.733229507585	94.8588059859293
12720000	5.82303962260843	-7.68347972853369	-7.68347972853369	50.5460209785735
12730000	9.91380136798998	-18.6926764332746	-18.6926764332746	73.1178283084479
12740000	3.88535146619248	-8.06977996010739	-8.06977996010739	60.5914799325658
12750000	14.3490637616993	-20.9798201754731	-20.9798201754731	68.6965121148375
12760000	14.7079036629407	-24.4371225164145	-24.4371225164145	78.8395361189477
12770000	5.92637260165139	-12.2934821972404	-12.2934821972404	57.0762281800837
12780000	4.08185450000981	-13.3371870529717	-13.3371870529717	73.4494770569944
12790000	2.12941265094752	-5.43957570711247	-5.43957570711248	52.9744685013658
12800000	4.68406510500003	-6.47180146830622	-6.47180146830622	42.2158412875322
12810000	3.03202507300569	-8.30765520644075	-8.30765520644075	69.7017796069733
12820000	2.91505289794365	-5.24471100349308	-5.24471100349308	62.7843725270094
12830000	2.54654051884595	-7.67329383609762	-7.67329383609763	56.1272788777692
12840000	1.98608740915237	-5.8691401474214	-5.8691401474214	55.88766047926
12850000	5.89432044448127	-9.01986218062102	-9.01986218062102	65.5612448255696
12860000	9.14730410363646	-15.3884109354597	-15.3884109354597	87.9696121941176
12870000	12.5063990351871	-24.8257679258791	-24.8257679258791	77.3292804321896
12880000	4.6162433340176	-9.86352606814735	-9.86352606814734	71.2450067470904
12890000	1.88837807731458	-6.13937176466584	-6.13937176466584	51.6796944121573
12900000	1.74460662179303	-4.37000189487798	-4.37000189487798	44.4435720384897
12910000	5.5834757762901	-8.7331189816481	-8.7331189816481	66.465636730445
12920000	21.5543823559728	-22.615443942668	-22.615443942668	55.7717754051688
12930000	8.79137703922269	-17.2109162332291	-17.2109162332291	71.4797719130468
12940000	5.84981180630552	-11.0176793484396	-11.0176793484396	59.3429506055106
12950000	21.032362730314	-16.0704988630484	-16.0704988630484	52.0219571256209
12960000	30.4177045729417	-25.2354791448733	-25.2354791448733	45.3975119269205
12970000	11.3491769581332	-13.9226850349059	-13.9226850349059	54.4053646823773
12980000	4.64200242951	-9.48305984657583	-9.48305984657583	56.7913868400584
12990000	4.50458348836468	-8.79268039783127	-8.79268039783128	51.9844163473437
1.3e+07	6.4365106444745	-9.29697783638181	-9.29697783638181	58.9762335024306
13010000	12.5583093116138	-17.4428596181706	-17.4428596181706	60.6541046808966
13020000	5.7808562795007	-10.1867578458792	-10.1867578458792	61.767445548183
13030000	7.17841163083135	-19.2964733451839	-19.2964733451839	87.6502743466397
13040000	3.10998248581009	-7.57475597681729	-7.57475597681729	58.112894792366
13050000	10.489872602442	-18.2211516268061	-18.2211516268061	63.0448438026788
13060000	2.5945636527737	-7.48899367850915	-7.48899367850915	65.3603755612283
13070000	4.8877656809453	-11.4487617200213	-11.4487617200213	56.6699751258699
13080000	5.52512724032875	-11.487292360029	-11.487292360029	51.6332777311957
13090000	17.909957814479	-24.1087891238474	-24.1087891238474	58.3884287949089
13100000	10.5790780814912	-10.3235948607367	-10.3235948607367	56.5047085770898
13110000	5.05998371296715	-10.8282248250911	-10.8282248250911	59.1834469980893
13120000	13.2123853300846	-8.37886509854153	-8.37886509854153	44.9886382741269
13130000	8.45900267549097	-16.4853565119006	-16.4853565119006	79.6925218080929
13140000	4.35049388929719	-9.82553783901996	-9.82553783901996	53.2183014791203
13150000	6.52669851411614	-12.2425609944663	-12.2425609944663	53.2877596174248
13160000	4.45478784499282	-12.8620484327656	-12.8620484327656	79.8163081825141
13170000	6.7167483912231	-13.0810677648321	-13.0810677648321	57.3443618304405
13180000	27.3833170377114	-24.2034459891054	-24.2034459891054	52.3259834404999
13190000	12.6653244465008	-14.7471700290402	-14.7471700290402	56.1859169691385
13200000	3.10944307159545	-6.94732588417154	-6.94732588417154	48.7228189673131
13210000	3.91166723053928	-10.4386726222744	-10.4386726222744	54.5759202574424
13220000	8.35293132207423	-12.471334981713	-12.471334981713	59.8440214542742
13230000	14.6614835324228	-15.5321088309447	-15.5321088309447	52.2833986319086
13240000	50.7591802630403	-33.833260515618	-33.833260515618	56.9182207063384
13250000	23.8291297713519	-28.7453904497026	-28.7453904497026	74.3488014880694
13260000	6.81737471801151	-6.38940110391699	-6.389401103917	53.5219967198583
13270000	10.3812217252555	-22.5409865245568	-22.5409865245568	79.8354937830962
13280000	2.27495225759296	-7.29073260454268	-7.29073260454268	73.4811095607111
13290000	9.8682838138537	-16.6943183359164	-16.6943183359164	54.9371402926408
13300000	7.72116264641802	-11.7974463920947	-11.7974463920947	58.1762838013329
13310000	4.2471691697419	-7.94003817348206	-7.94003817348206	47.4940582782587
13320000	6.86235117408922	-7.16665706967187	-7.16665706967187	48.6921198126838
13330000	19.9934049402381	-14.7249484554702	-14.7249484554701	66.2519816992774
13340000	4.01188595223939	-9.83184907696258	-9.83184907696258	81.4901878178861
13350000	2.42659470004421	-7.3910578821859	-7.3910578821859	57.0050438087619
13360000	8.78950042069176	-10.239498292327	-10.239498292327	36.965749681234
13370000	3.00676867090388	-8.67980840985943	-8.67980840985943	68.456943220888
13380000	10.4917903978498	-19.1288235183364	-19.1288235183364	73.908873364989
13390000	13.0680906560662	-18.0748005695655	-18.0748005695655	71.0004394145627
13400000	18.5347338810586	-17.157298590217	-17.157298590217	50.6215610247864
13410000	7.29426789099895	-13.1718821429265	-13.1718821429265	61.8503207295183
13420000	7.58744679306662	-10.4591978259608	-10.4591978259608	74.9932955061928
13430000	4.57677083171849	-11.7664759604757	-11.7664759604757	58.4118550894499
13440000	2.72823020993663	-6.27844892785212	-6.27844892785212	60.6892834348309
13450000	2.62883087769892	-6.00730722075942	-6.00730722075942	48.4625966016375
13460000	1.22859327389803	-3.778731605665	-3.778731605665	46.2350674981883
13470000	3.48047016109301	-11.234203514788	-11.234203514788	65.5219157776761
13480000	2.30571146737225	-4.7747952093379	-4.7747952093379	45.3911952946358
13490000	4.40211013935114	-14.416290788403	-14.416290788403	79.9723808169218
13500000	3.48920191557363	-9.38739937627395	-9.38739937627395	59.8764103932959
13510000	10.6335888118994	-11.7082283991552	-11.7082283991552	43.374314285137
13520000	7.51958517532058	-9.93938491123419	-9.93938491123419	42.223995883118
13530000	40.925130967465	-32.6325875966671	-32.6325875966671	64.4413773557682
13540000	19.1782088573404	-24.8914154874873	-24.8914154874873	66.7442052362814
13550000	10.7403947402916	-15.5818608264449	-15.5818608264449	57.3924416712758
13560000	7.73467922305629	-16.1578120040909	-16.1578120040909	83.369307058347
13570000	4.87261103687518	-10.7685067432845	-10.7685067432845	64.8428686432554
13580000	3.49804244586352	-7.31465904602529	-7.31465904602529	40.0410162431059
13590000	4.7112127399756	-10.4964340550296	-10.4964340550296	61.6340122244665
13600000	2.57832732005729	-5.01215475972536	-5.01215475972536	76.1705862377787
13610000	9.24035568178395	-13.4237427989747	-13.4237427989747	55.8668553493661
13620000	16.7819910359175	-21.6920011479252	-21.6920011479251	80.5897183714337
13630000	6.94901485131862	-3.80222871688863	-3.80222871688863	42.7865589468611
13640000	2.26064590191319	-6.28606104909933	-6.28606104909933	63.7232844680712
13650000	1.77868882905193	-3.34560909600221	-3.34560909600221	45.4274645876409
13660000	11.2299932525929	-19.9857476803658	-19.9857476803658	63.4304673502675
13670000	7.81073974064504	-14.6995666710619	-14.6995666710619	97.3732540868645
13680000	2.96533718260396	-10.3899546254698	-10.3899546254698	86.3445457883252
13690000	6.53742238620177	-10.8082939035666	-10.8082939035666	60.9365382604684
13700000	12.0147202773995	-13.9362832594445	-13.9362832594445	44.4064784120531
13710000	20.2894704669446	-21.5813965909066	-21.5813965909066	54.8060036874113
13720000	4.10311240490443	-13.2094021388096	-13.2094021388096	80.920842107048
13730000	3.26833717553257	-6.53442931165528	-6.53442931165528	62.1936645464495
13740000	6.22728533857039	-10.9613100114802	-10.9613100114802	47.6073277139394
13750000	98.7846318324666	-57.7405210797828	-57.7405210797828	62.3436051868668
13760000	13.8270586214753	-20.746701222212	-20.746701222212	73.8737772974968
13770000	2.97527414942295	-6.54495425173012	-6.54495425173012	66.9036607153882
13780000	4.88449454746489	-9.28100268660391	-9.28100268660391	54.674173853108
13790000	2.88625559450106	-6.26809772748589	-6.26809772748589	48.3578274528303
13800000	3.31005519024985	-6.9233596426619	-6.9233596426619	59.4500373363351
13810000	3.45697754330115	-7.39137606510467	-7.39137606510467	79.0955703301964
13820000	2.44399932915263	-3.44786987301788	-3.44786987301788	55.9339591464345
13830000	3.18754816542409	-8.35328158863437	-8.35328158863437	52.4320465536485
13840000	2.91189620749031	-7.24264341775208	-7.24264341775208	68.3430639449077
13850000	5.18834057125911	-13.9933212211652	-13.9933212211652	93.5646585304011
13860000	3.42334320875077	-5.97987967668108	-5.97987967668108	49.621712024506
13870000	5.14583281303868	-9.40019611713364	-9.40019611713364	54.5580667145381
13880000	19.1398287637496	-30.6662272101171	-30.6662272101171	73.5619739837782
13890000	25.0409666669283	-30.6968872712723	-30.6968872712723	57.4280440650819
13900000	7.4983687935946	-11.9739326728504	-11.9739326728504	49.9284703571174
13910000	7.20952838377548	-6.31652335797338	-6.31652335797338	53.7331767682891
13920000	9.28965048425161	-14.1007998686768	-14.1007998686768	55.1439249930791
