# BEAST v10.5.0
# Generated Thu May 21 12:08:59 PDT 2026 [seed=1779390495138]
# -window -working -options
state	posterior	prior	likelihood	precisionMatrix11	precisionMatrix12	precisionMatrix21	precisionMatrix22
0	-164.87787258674732	1.183583851483633	-166.06145643823095	0.05	0.0	0.0	0.05
10000	-87.55736997923111	0.04810262137951549	-87.60547260061063	0.3851366177433427	0.05366169799382391	0.05366169799382391	0.02614193365360414
20000	-106.38626021816506	0.3442094221270575	-106.73046964029211	0.3405317771164331	0.07445147305372653	0.07445147305372653	0.03201523300468194
30000	-126.39326657566355	0.9311029427547375	-127.32436951841828	0.10361513251857492	0.029347097572338433	0.029347097572338433	0.022025281565503492
40000	-123.35310152936522	0.9198319227799234	-124.27293345214514	0.1188542398348197	0.03883734448088908	0.03883734448088908	0.02495000119115217
50000	-103.2893553476878	0.9122126852341452	-104.20156803292194	0.227610350148617	0.03436625347017873	0.03436625347017873	0.024216554467088914
60000	-138.54415838924947	0.9291396572287383	-139.47329804647822	0.06528369217143447	0.03412615407058459	0.03412615407058459	0.03533733377957605
70000	-150.06170213868825	0.620277541956856	-150.6819796806451	0.033953229637723084	0.016924831720500598	0.016924831720500598	0.022657262388155623
80000	-118.77082462324726	1.0117026434197824	-119.78252726666705	0.1498829925692771	0.025704213685042297	0.025704213685042297	0.020514185288710955
90000	-87.79122564764464	-0.2310709560960147	-87.56015469154862	0.4709348173537315	0.07776331759909696	0.07776331759909696	0.03139699945627446
100000	-95.3002952010385	0.4130131056386901	-95.71330830667718	0.30437436545544777	0.04730272386489286	0.04730272386489286	0.02486206647268016
110000	-131.79930705201943	0.9188525447356319	-132.71815959675507	0.10590436984605311	0.05735975938935123	0.05735975938935123	0.0511767277516367
120000	-107.59963541711497	0.9009618552367828	-108.50059727235175	0.18604937383921896	0.027780403064351613	0.027780403064351613	0.022465736716787442
130000	-111.86203232925202	0.7935209582966927	-112.65555328754871	0.1574653724572273	0.052041931792316434	0.052041931792316434	0.038775181014463006
140000	-105.02089357118642	0.18382178192452825	-105.20471535311094	0.30258805646038084	0.03679819764689594	0.03679819764689594	0.017878526125663603
150000	-130.25786664761029	0.5792482637682586	-130.83711491137853	0.0750545858390486	0.017265296146646965	0.017265296146646965	0.020563325202169476
160000	-112.76641612240633	0.2615994578887255	-113.02801558029505	0.17620485416992843	0.03663220315357745	0.03663220315357745	0.01813907892574854
170000	-123.02207862100403	0.31256226649161256	-123.33464088749564	0.131539662306594	0.06425706049335597	0.06425706049335597	0.05101043254594073
180000	-122.38208710685268	0.36345055935812765	-122.74553766621081	0.11433206505226708	0.03828857187563103	0.03828857187563103	0.030931667340482978
190000	-128.81866935504763	0.5291042840579503	-129.34777363910558	0.08204726097412815	0.02710901426881213	0.02710901426881213	0.027908813657676237
200000	-143.23378423135324	0.6136979502171851	-143.84748218157043	0.06092625718601756	0.035720760620222704	0.035720760620222704	0.03915081572963319
210000	-150.61238714538155	0.6049482590659458	-151.21733540444748	0.054718764477760605	0.03665640198702116	0.03665640198702116	0.04092854167099909
220000	-181.9966926540272	0.2420720872634594	-182.23876474129068	0.019291634979586827	0.012559552717489233	0.012559552717489233	0.026572556628278787
230000	-205.61391081781352	-0.3315412592293452	-205.28236955858418	0.00618543270532545	0.008270543875707585	0.008270543875707585	0.02979749560525244
240000	-209.8743580819576	-0.26019455940167235	-209.61416352255594	0.007031053001230457	0.010484200171870541	0.010484200171870541	0.03357977301324794
250000	-161.29225129120633	0.21544722920936588	-161.5076985204157	0.027928231678929365	0.02048100842190447	0.02048100842190447	0.03705077752477673
260000	-112.97640710134792	0.3953028011959887	-113.37170990254391	0.18434017109606562	0.052437946647455706	0.052437946647455706	0.03418376564243694
270000	-109.77054914627209	0.2543023520754857	-110.02485149834757	0.21223495245738297	0.054999707512146744	0.054999707512146744	0.034192541313005934
280000	-100.47728367491843	0.35143244318201816	-100.82871611810044	0.25061268488969435	0.05183488641424281	0.05183488641424281	0.0301059125669425
290000	-129.79183201245075	0.4949523871849846	-130.28678439963574	0.13228018735897423	0.03805567537169912	0.03805567537169912	0.026295675158888157
300000	-107.0319144866323	0.4685665220569586	-107.50048100868926	0.20929951036206493	0.0655528730977762	0.0655528730977762	0.03915020128124247
310000	-111.24638466582755	0.6079063891260978	-111.85429105495365	0.13717753031993712	0.035333527571628734	0.035333527571628734	0.02768392129067747
320000	-99.9079834709895	0.3992781314629701	-100.30726160245247	0.23536883321857147	0.04502140147407747	0.04502140147407747	0.025122463318321474
330000	-107.8150886077853	0.2786432232432423	-108.09373183102853	0.21160273023103315	0.0378326161682229	0.0378326161682229	0.018865272931432583
340000	-81.03985816780676	-1.4884898511676279	-79.55136831663913	0.6688431371330826	0.12943871202174667	0.12943871202174667	0.03956124680738759
350000	-70.82678235931773	-1.012422431595891	-69.81435992772184	0.6744282944926762	0.04466049873835277	0.04466049873835277	0.02183340158795133
360000	-103.60345757274261	0.7654806525426334	-104.36893822528525	0.1959149866812874	0.05211386059111842	0.05211386059111842	0.03286005671969233
370000	-103.39534432988242	0.7187645486430503	-104.11410887852547	0.19399446627477865	0.02333107433016804	0.02333107433016804	0.016497105166558123
380000	-120.246916992456	1.3038580267218793	-121.55077501917788	0.11009862284331771	0.022981671223357758	0.022981671223357758	0.026538086820074747
390000	-114.55425179928157	1.261456262985702	-115.81570806226728	0.1595532514649692	0.03714325430391486	0.03714325430391486	0.025922774696238278
400000	-119.70291820783629	1.2970765207132287	-120.99999472854952	0.12402689310615056	0.04168121083295542	0.04168121083295542	0.029370783171365048
410000	-75.13359174815152	-1.339999353997963	-73.79359239415355	0.8275546487683139	0.1291248425540121	0.1291248425540121	0.03694832583643424
420000	-72.5875029000259	-0.22878588708127656	-72.35871701294462	0.5695488482568187	0.0544820937707582	0.0544820937707582	0.021321639084296337
430000	-103.09822701563282	0.9940254155754419	-104.09225243120825	0.18025840026061116	0.042042306011457906	0.042042306011457906	0.024017266083266486
440000	-115.51658931601183	1.1609095615077978	-116.67749887751962	0.15902161398743545	0.054155176279852515	0.054155176279852515	0.03827640944567855
450000	-115.6839894229543	1.003860905515788	-116.68785032847009	0.1617833436877821	0.048677856487385235	0.048677856487385235	0.02932607809101371
460000	-101.22816090971752	0.97763902780811	-102.20579993752563	0.16883918247641388	0.024752820453358918	0.024752820453358918	0.017378993743238286
470000	-106.38945331760488	1.074145741039275	-107.46359905864415	0.18753183249668579	0.040362553804410825	0.040362553804410825	0.025083406947481353
480000	-83.42761029853501	0.0912199055139915	-83.51883020404901	0.4761893977287133	0.06664289431998044	0.06664289431998044	0.02817049755128234
490000	-116.85590965366626	1.131329009503963	-117.98723866317022	0.12505253657812	0.03589783598621386	0.03589783598621386	0.02602973237555488
500000	-108.90635657243706	1.1785972724359555	-110.08495384487301	0.15830590288290575	0.031612034689409936	0.031612034689409936	0.022528871372108315
510000	-92.70893055085907	0.26413095223182603	-92.97306150309089	0.3647326940888063	0.05305031704498246	0.05305031704498246	0.019326112870034055
520000	-105.97945094989399	0.7904650214166669	-106.76991597131065	0.16221908815131664	0.03252349361041375	0.03252349361041375	0.019275268919955735
530000	-117.6367983870182	1.03592456839724	-118.67272295541544	0.14537062704045836	0.03579803816393377	0.03579803816393377	0.02918379849898166
540000	-100.576424394844	0.7791804019140618	-101.35560479675806	0.19517487962245642	0.061551243465434315	0.061551243465434315	0.034180419187756404
550000	-89.32939840800604	0.11657784023074891	-89.44597624823679	0.4052357063521394	0.07133233583526385	0.07133233583526385	0.030162277518174664
560000	-114.8431739638003	0.9371841384562396	-115.78035810225654	0.14592275057055545	0.04047822174584096	0.04047822174584096	0.029115191342708645
570000	-92.83937714664098	0.8492123199290909	-93.68858946657008	0.24218050009239842	0.05255723925776211	0.05255723925776211	0.02749516561084807
580000	-126.7865742601948	0.948470732935013	-127.7350449931298	0.08725019407744644	0.036589204458326585	0.036589204458326585	0.0314577285560971
590000	-109.55432159641389	0.8102478008784173	-110.3645693972923	0.21066620065941136	0.03184802588630644	0.03184802588630644	0.021295495344871334
600000	-111.4993518095552	1.0001628001053704	-112.49951460966057	0.15064235750260865	0.026051633420657257	0.026051633420657257	0.023220085304567463
610000	-113.0754964928979	0.8462340087012739	-113.92173050159917	0.16903124835181785	0.017415905375447113	0.017415905375447113	0.013685629624849259
620000	-101.2491681516182	0.7850855527747572	-102.03425370439297	0.33581899189918046	0.06107582809433175	0.06107582809433175	0.03197789005732003
630000	-83.26406801373561	-0.24886150178124067	-83.01520651195437	0.5993731618625882	0.05865394408544889	0.05865394408544889	0.018464153840852593
640000	-74.70236273196889	-0.8281897451387813	-73.8741729868301	0.7404561140689236	0.11013005762080097	0.11013005762080097	0.028089169473231576
650000	-134.01206985006317	1.53102703424981	-135.54309688431297	0.05857295713433791	0.025859612535093193	0.025859612535093193	0.026678794386025106
660000	-110.26519257944979	1.6530827909778405	-111.91827537042762	0.1871387402186759	0.05933281196551746	0.05933281196551746	0.03841007809878588
670000	-136.04488736587598	1.6632715399480245	-137.708158905824	0.051053258842122286	0.015034958558790676	0.015034958558790676	0.01995543835575811
680000	-107.6186179035316	1.6423826290211245	-109.26100053255273	0.17476914740910474	0.05434062271026	0.05434062271026	0.03270617539612425
690000	-119.72118929843204	1.9311647756684374	-121.65235407410047	0.08405591274950244	0.01935175250520412	0.01935175250520412	0.024494170022796642
700000	-101.05766389140587	1.5429558873327445	-102.6006197787386	0.2320584294857607	0.02701159902433947	0.02701159902433947	0.01509701902620828
710000	-130.86268955089787	1.9475267486548655	-132.81021629955274	0.07199396786160923	0.04557498474858765	0.04557498474858765	0.04617085928039061
720000	-108.3828652671399	2.2068241153198858	-110.5896893824598	0.10979880096525814	0.028546204674152708	0.028546204674152708	0.02241897566054533
730000	-101.17260435085385	1.90953820080474	-103.08214255165859	0.28227397290377243	0.04964150810065281	0.04964150810065281	0.023776415399571413
740000	-87.08483455785364	1.3651668499658745	-88.45000140781951	0.4369384309979676	0.06193137731927281	0.06193137731927281	0.023183935872438128
750000	-62.39612306145095	0.002176869313421703	-62.398299930764374	0.7614428018937607	0.09447715144040277	0.09447715144040277	0.026121577104884827
760000	-55.828683992797984	-2.330613038639816	-53.498070954158166	1.2866335921616008	0.1285557350694172	0.1285557350694172	0.03038392443361289
770000	-123.82870314131978	2.478757079749231	-126.30746022106901	0.1273464587593477	0.03524230665305738	0.03524230665305738	0.03422794477589432
780000	-92.7334059718337	1.7831447803307046	-94.5165507521644	0.2957949795117926	0.05606194200190886	0.05606194200190886	0.024887457824026352
790000	-90.8554570978945	1.9817171419523045	-92.8371742398468	0.3123271501040112	0.048376467342298085	0.048376467342298085	0.033171539973605994
800000	-77.12378397964024	0.5726921658659411	-77.69647614550618	0.644306069162772	0.12173891350842907	0.12173891350842907	0.03849099957543598
810000	-108.97097292496869	2.542736696289556	-111.51370962125824	0.1648608244761896	0.04232568226623057	0.04232568226623057	0.0279076329340499
820000	-117.50286759292177	2.242068807631388	-119.74493640055316	0.10419506792894039	0.03112926506871602	0.03112926506871602	0.02050956437723843
830000	-80.71849840390259	1.1627943377481686	-81.88129274165075	0.5802375044006316	0.09123461761001864	0.09123461761001864	0.03826591026430755
840000	-97.85440643336256	1.6892336006950526	-99.5436400340576	0.3888899789859614	0.055944954551451036	0.055944954551451036	0.02566652693051151
850000	-104.35868283473994	2.2015839749006503	-106.56026680964058	0.2516210197360697	0.05133558556653959	0.05133558556653959	0.027283880611326382
860000	-81.64059081872226	1.0359195279278623	-82.67651034665012	0.630173318090225	0.06025556915368155	0.06025556915368155	0.03174481342877968
870000	-84.5836619498121	2.0972980036276336	-86.68095995343973	0.3715368732506491	0.03085933432560004	0.03085933432560004	0.027494375322206464
880000	-84.41410437227262	1.5496239868952806	-85.9637283591679	0.4562841831141878	0.05735402518098359	0.05735402518098359	0.029921561806357196
890000	-77.24724924488993	0.3207381275658724	-77.5679873724558	0.7109292875204489	0.10401656164016863	0.10401656164016863	0.031830122229132125
900000	-104.56274027558385	2.3019679665596913	-106.86470824214354	0.21374106771596002	0.044853936114808944	0.044853936114808944	0.02582186260881058
910000	-92.78635907737689	2.143315297198703	-94.92967437457558	0.29888305289930756	0.03202274484812426	0.03202274484812426	0.018315509415301193
920000	-117.66066768313232	2.7066926876287374	-120.36736037076105	0.13966085336371672	0.017129923306246533	0.017129923306246533	0.02490764904520855
930000	-73.04662442376265	1.1594938547724776	-74.20611827853513	0.5331287180535987	0.06790528644321572	0.06790528644321572	0.028118271554494943
940000	-73.93674969399056	-0.017399743416322444	-73.91934995057424	0.8027045740583151	0.103219840341665	0.103219840341665	0.032088774334214164
950000	-60.08060263887337	-1.537079763579709	-58.54352287529366	1.1864478011653117	0.09185727236564968	0.09185727236564968	0.029770563096219893
960000	-88.44863431984692	2.121813396793655	-90.57044771664057	0.2975262109690229	0.052364613292040466	0.052364613292040466	0.024348073385302472
970000	-58.37606475445098	-2.9299912733587083	-55.44607348109227	1.487551330059068	0.14439764412669215	0.14439764412669215	0.030290977682938855
980000	-69.4956759663515	0.2841707990535427	-69.77984676540504	0.7539924023401081	0.10348744620436719	0.10348744620436719	0.027289912600803275
990000	-68.74459438567906	0.2858641025776156	-69.03045848825668	0.7356535405775522	0.08349528265289602	0.08349528265289602	0.024142770895989624
1000000	-89.24746536696391	1.6910460043262963	-90.9385113712902	0.4270036512318425	0.07750903140706332	0.07750903140706332	0.03108809543888636
1010000	-87.80101468987216	1.596013014408118	-89.39702770428028	0.2780908199302836	0.04866466420678427	0.04866466420678427	0.024259662256400985
1020000	-85.1701732085725	-0.6701875613041524	-84.49998564726836	0.39511386463999637	0.0435822961531256	0.0435822961531256	0.023301992308721958
1030000	-72.81224288031584	1.0343290543156198	-73.84657193463146	0.6528032640043677	0.06803734035526637	0.06803734035526637	0.026699320271067993
1040000	-126.26917172923481	2.2527892180673965	-128.5219609473022	0.07515689759211196	0.03133706081504101	0.03133706081504101	0.031096696669259807
1050000	-105.80709451693633	2.722542739115975	-108.52963725605231	0.14304754993454505	0.029984405820766495	0.029984405820766495	0.023282880906512274
1060000	-130.28461056422097	2.0431278507498014	-132.32773841497078	0.12470608315796386	0.02948751456406366	0.02948751456406366	0.02234362622037576
1070000	-132.0533371192814	2.184395370427896	-134.2377324897093	0.0842787679631347	0.020307937497798436	0.020307937497798436	0.024198241842455132
1080000	-111.48287237728921	-0.3078810397152436	-111.17499133757397	0.16726923375136377	0.04480337710382927	0.04480337710382927	0.030325842966086362
1090000	-112.84715084798357	2.6685101458715623	-115.51566099385514	0.13979897221029458	0.0336245140112438	0.0336245140112438	0.026751209387797834
1100000	-113.09164194957147	1.3647184171324396	-114.4563603667039	0.18472332319216125	0.03667645105261848	0.03667645105261848	0.0319422173188805
1110000	-105.41162612332447	1.4431188882639625	-106.85474501158843	0.2219411216470815	0.07197340452588281	0.07197340452588281	0.04115729718149548
1120000	-59.623714275933445	-0.1624009609028143	-59.46131331503063	0.909444954317725	0.1106543753303923	0.1106543753303923	0.03229142114813617
1130000	-97.9895107935764	1.53787652093661	-99.527387314513	0.4100256423815796	0.0539247576740125	0.0539247576740125	0.028244675482765574
1140000	-49.70417867888747	-4.9505712610784895	-44.753607417808986	1.6596129688510173	0.09382994364414994	0.09382994364414994	0.024143538070421022
1150000	-76.98171949025608	-0.654712363830376	-76.32700712642571	1.0041547212690056	0.07074385164155286	0.07074385164155286	0.01979163547205466
1160000	-74.08794367755225	0.9879946380054325	-75.07593831555768	0.5392382855338125	0.06871246267894089	0.06871246267894089	0.02943543230518848
1170000	-122.07542893002388	2.354108312388624	-124.4295372424125	0.14731765648785677	0.010860256385394488	0.010860256385394488	0.016225041135618214
1180000	-93.31620632870366	1.8196253505372582	-95.13583167924091	0.3139992445068893	0.057510537788237906	0.057510537788237906	0.02581232737976645
1190000	-70.52946883513108	0.11056329437300849	-70.64003212950409	0.7083487549963982	0.09194932822178983	0.09194932822178983	0.02853208737899237
1200000	-86.7321252821938	1.8247511773026885	-88.5568764594965	0.4445478389917234	0.09564427895749754	0.09564427895749754	0.042183442664369894
1210000	-81.30339729152288	1.280909784299694	-82.58430707582258	0.4939944294757934	0.039235343832899186	0.039235343832899186	0.02164434484667184
1220000	-65.49566207961283	0.4368920346993296	-65.93255411431215	0.6438613591230794	0.05471675763535231	0.05471675763535231	0.02310993207879421
1230000	-66.94423186005598	-0.12124534501437967	-66.8229865150416	0.802254826175787	0.0840243361842053	0.0840243361842053	0.02777223173087942
1240000	-49.091116497919515	-4.987250653076931	-44.10386584484259	1.802831697002174	0.12994632119438881	0.12994632119438881	0.02871976846479891
1250000	-104.78366916006162	1.4283808782941612	-106.21205003835578	0.26706908954052366	0.07680461874806992	0.07680461874806992	0.03908930158010818
1260000	-102.4156517249271	1.7711252827839072	-104.18677700771102	0.2518686827962578	0.04991736124768419	0.04991736124768419	0.02494987780093435
1270000	-93.02334314092639	2.359865476829407	-95.3832086177558	0.3205910572744159	0.04696117471994877	0.04696117471994877	0.02972871299379128
1280000	-77.19557686585287	0.03801377102272596	-77.23359063687559	0.6948755582441186	0.053013190097659466	0.053013190097659466	0.021188491909818117
1290000	-101.01080167601434	0.4519865429001073	-101.46278821891444	0.20265091736559576	0.047933386946981	0.047933386946981	0.028522059552929233
1300000	-60.94398442000767	-2.6152963849705406	-58.32868803503713	1.0701218051581778	0.14208966234846426	0.14208966234846426	0.03823517236910361
1310000	-74.34885688101362	0.2298922164492625	-74.57874909746288	0.6987210327034513	0.10161084007348785	0.10161084007348785	0.030027774888258023
1320000	-63.59229866624347	-1.3867813076423232	-62.20551735860115	1.0306918975338368	0.07974049560264727	0.07974049560264727	0.02100850621447116
1330000	-80.93546971045014	0.9015570257560814	-81.83702673620621	0.4471513644584852	0.05468123915213035	0.05468123915213035	0.022406941233563037
1340000	-74.49471071421718	0.743792014547639	-75.23850272876481	0.5812380283223524	0.09274420128337607	0.09274420128337607	0.03862613279600157
1350000	-60.59381541047476	-3.139138457942199	-57.454676952532566	1.54764063295378	0.10630216227344809	0.10630216227344809	0.0213549998185663
1360000	-76.47907989174305	-0.24396244508886955	-76.23511744665419	0.4495108053050403	0.03577794981325715	0.03577794981325715	0.021083860185414964
1370000	-104.47640950552415	0.9448232646819106	-105.42123277020606	0.21567090338210787	0.0501969225246079	0.0501969225246079	0.032752435587146134
1380000	-83.17273985985778	1.9413667161094668	-85.11410657596726	0.39047766986126176	0.04486265104646885	0.04486265104646885	0.02378335950658533
1390000	-84.0299973795574	0.7635074008481527	-84.79350478040556	0.4728634390781663	0.059962453145333085	0.059962453145333085	0.021317794234927696
1400000	-101.84268038098173	1.998830831021075	-103.84151121200281	0.23413788130021526	0.04598584573186719	0.04598584573186719	0.02432295352364739
1410000	-98.53073634792065	1.6863843548829656	-100.21712070280361	0.25417548794420547	0.05305575284890168	0.05305575284890168	0.027371118118066935
1420000	-91.48850389637846	-1.2063397446879374	-90.28216415169052	0.39901628494095503	0.060002026805611834	0.060002026805611834	0.02597127603265679
1430000	-121.38442344662597	2.618192566098347	-124.00261601272432	0.10661529061922644	0.028960423027490335	0.028960423027490335	0.026072324702091317
1440000	-130.97450677952492	1.7153260102803203	-132.68983278980522	0.08299888835614637	0.03389585041455273	0.03389585041455273	0.028117758739513228
1450000	-115.08642642061098	1.6100583980542358	-116.69648481866521	0.13653016886547562	0.043934570504617174	0.043934570504617174	0.030483446873735068
1460000	-115.69841770008685	2.061477349241306	-117.75989504932815	0.13046343863857368	0.03387587798518341	0.03387587798518341	0.025891731787603976
1470000	-96.72163263176971	2.373468019269611	-99.09510065103932	0.259218816361971	0.0597902431722917	0.0597902431722917	0.03563569556945824
1480000	-111.17537493449677	-0.7095836869331409	-110.46579124756363	0.1934802171448888	0.03681078979282738	0.03681078979282738	0.0224388498919042
1490000	-88.49608882621818	-1.281339656704862	-87.21474916951333	0.4069177984040667	0.06130271256774311	0.06130271256774311	0.022835529528814014
1500000	-94.46987808244313	2.0656095878537295	-96.53548767029686	0.2584389928257392	0.045403667168105205	0.045403667168105205	0.022713238810364914
1510000	-111.80144688707142	2.2283605257682884	-114.02980741283972	0.16761453110726507	0.04153616733132306	0.04153616733132306	0.025308689067715315
1520000	-102.90163910801084	0.9496574502950123	-103.85129655830585	0.3063358618822933	0.11325752729340782	0.11325752729340782	0.05765606247326738
1530000	-78.05122872045821	-0.4514378812963652	-77.59979083916184	0.67361381885593	0.11958813950386858	0.11958813950386858	0.03851136486147162
1540000	-69.55911380557222	0.0492154904770753	-69.6083292960493	0.8119178545502426	0.08396644579833679	0.08396644579833679	0.029834870648844818
1550000	-85.60964988261219	1.6252299170085873	-87.23487979962077	0.26639120774294256	0.050436435133521605	0.050436435133521605	0.02271026945143973
1560000	-104.42508533087005	2.607617974064146	-107.03270330493419	0.20841571044908258	0.041828494239790126	0.041828494239790126	0.02825641209090953
1570000	-90.50496685910308	0.09012081853561826	-90.5950876776387	0.5268684280775379	0.088729399194532	0.088729399194532	0.03242183865822223
1580000	-71.62789318373328	0.4453683088830801	-72.07326149261635	0.4907157492145196	0.051439640670517574	0.051439640670517574	0.024823029896185844
1590000	-84.41395087232719	1.6875748700231448	-86.10152574235033	0.42705371027738376	0.01795128077715107	0.01795128077715107	0.011916619883098433
1600000	-103.24351790104949	2.2463011175611958	-105.48981901861069	0.31209596574537396	0.09314620713648065	0.09314620713648065	0.047376725613354806
1610000	-83.5378370953091	1.3904722292879077	-84.92830932459701	0.49135613712899817	0.08477050223392299	0.08477050223392299	0.03198024961655135
1620000	-72.7708661664836	0.543309741992071	-73.31417590847568	0.5099202092157964	0.06248218980722687	0.06248218980722687	0.02512364952260398
1630000	-92.79724768475667	1.7162162273700452	-94.51346391212671	0.3340268808198975	0.023512689947060617	0.023512689947060617	0.020447043156980527
1640000	-87.16746469119566	0.04728175522612921	-87.21474644642178	0.5197974829750341	0.09130118755944815	0.09130118755944815	0.03403274657392153
1650000	-109.80943668470451	2.4802543379017936	-112.2896910226063	0.24665683792548576	0.031142987233454454	0.031142987233454454	0.024420890847845288
1660000	-97.69733122933656	1.4333900911881514	-99.13072132052471	0.3254852194404904	0.056821985690513784	0.056821985690513784	0.03245734747795906
1670000	-81.68337195724736	-1.0507606626792314	-80.63261129456812	0.5020511139076617	0.08263451126970457	0.08263451126970457	0.028232029709195333
1680000	-120.19542779701351	2.3341628761750477	-122.52959067318855	0.12228221946045549	0.02174810245565513	0.02174810245565513	0.021174065112821792
1690000	-83.7749448453084	1.5086816482688827	-85.28362649357727	0.43327047411427316	0.03554571885937532	0.03554571885937532	0.016800194763395143
1700000	-129.2457204713478	2.337504955326828	-131.58322542667463	0.10198071770428838	0.03220527371324407	0.03220527371324407	0.0274750646308067
1710000	-120.03087617266361	2.110081908158567	-122.14095808082217	0.09653026919398947	0.018882373791892157	0.018882373791892157	0.020643064782650267
1720000	-99.06540859494572	1.8412467394048027	-100.90665533435053	0.29497644534640755	0.019175091237344014	0.019175091237344014	0.014599923910922725
1730000	-78.53567548486211	0.4588750821529658	-78.99455056701508	0.6920299589205086	0.07548322297795011	0.07548322297795011	0.02388648886034289
1740000	-98.5912289520323	1.9574237521179705	-100.54865270415027	0.3533892366620243	0.0948032678235262	0.0948032678235262	0.04283043445730908
1750000	-125.5454521115969	1.3498840125794431	-126.89533612417634	0.10798547707856423	0.016210551282252406	0.016210551282252406	0.021812786026229092
1760000	-104.56972956008912	2.699636513055311	-107.26936607314443	0.205024871188321	0.043100438200737855	0.043100438200737855	0.026590440457051764
1770000	-94.45508336474299	2.0983229177563194	-96.55340628249931	0.2542954394610018	0.07504768224031062	0.07504768224031062	0.04140520752927748
1780000	-111.00236341614279	2.0341106224495693	-113.03647403859236	0.16382101235988392	0.03026610408661757	0.03026610408661757	0.025976174542170494
1790000	-86.01509155347601	1.9108528657712789	-87.92594441924729	0.42172600613304556	0.08500436190922508	0.08500436190922508	0.033710176631723515
1800000	-67.27409825494476	-0.06219287288836817	-67.21190538205639	0.7245451191536098	0.03953149269998749	0.03953149269998749	0.015292727549118118
1810000	-75.84866941886247	0.5268854605845047	-76.37555487944698	0.5067718177384459	0.07242227185802931	0.07242227185802931	0.033705278164975545
1820000	-105.33454535996677	-0.9171390526759877	-104.41740630729078	0.19025511947161772	0.05379047476867253	0.05379047476867253	0.03217890650234947
1830000	-94.09351734612687	1.6707411218728314	-95.76425846799971	0.3476638873481659	0.04204169879203723	0.04204169879203723	0.02134666516231692
1840000	-76.86794040022878	0.950766981093238	-77.81870738132201	0.6174328305033417	0.05912057203889988	0.05912057203889988	0.02449159724201833
1850000	-77.63339223251931	1.578979767035204	-79.21237199955452	0.49830960275490593	0.09248653374673126	0.09248653374673126	0.037661640427591944
1860000	-92.35819483589121	0.5441182631098953	-92.9023130990011	0.3239824449431878	0.03233564168164893	0.03233564168164893	0.01953818668420321
1870000	-134.1806608014981	2.650036179553931	-136.83069698105203	0.04480470251302523	0.013225143780506701	0.013225143780506701	0.017369961096607527
1880000	-99.11368269738917	0.8531721299085838	-99.96685482729775	0.28178847113871225	0.059851760182367056	0.059851760182367056	0.02785490631364703
1890000	-88.70610490160318	1.642443069580819	-90.348547971184	0.38173285204960816	0.06620751159079775	0.06620751159079775	0.030736835802736756
1900000	-78.93009147513176	2.188267891499441	-81.1183593666312	0.3699928875848185	0.03902154998392005	0.03902154998392005	0.024290932221673008
1910000	-69.63460777353791	0.24244804762886796	-69.87705582116678	0.7251079831251082	0.102923585781407	0.102923585781407	0.030305872639550445
1920000	-79.89876993839074	0.5924931157448788	-80.49126305413562	0.6184920279674829	0.04906093163359402	0.04906093163359402	0.01980070264384446
1930000	-81.68336067402302	1.6811317829304282	-83.36449245695344	0.4006879617997308	0.044498112932030924	0.044498112932030924	0.022896301408844712
1940000	-73.65450783686954	-1.6117465132640216	-72.04276132360552	0.6711214552573286	0.05203639144956857	0.05203639144956857	0.022472189638143944
1950000	-74.79286828110821	0.8819093072037836	-75.674777588312	0.5074780817009238	0.0729926613059168	0.0729926613059168	0.029443375327206263
1960000	-85.90099151828312	2.130114368561941	-88.03110588684505	0.3529665228715854	0.047387766211312944	0.047387766211312944	0.024874877010859456
1970000	-107.87808605446102	2.056219619024973	-109.934305673486	0.1689764641428724	0.032157254670623296	0.032157254670623296	0.02431888755097302
1980000	-88.0897572869918	0.3343864663255136	-88.42414375331731	0.3742422253631218	0.09573658572138649	0.09573658572138649	0.04067582227461142
1990000	-108.66203526983445	1.61854402717936	-110.2805792970138	0.21226409559044018	0.06795156102637155	0.06795156102637155	0.03547794435399564
2000000	-80.31174390852637	1.220740450212039	-81.5324843587384	0.5078201318087041	0.08325800206277965	0.08325800206277965	0.03023640700285609
2010000	-88.01877132334359	2.2931430589572184	-90.3119143823008	0.2744929519837355	0.046167759821377656	0.046167759821377656	0.024995422040214123
2020000	-68.1990052297273	-0.5890121715489737	-67.60999305817833	0.8017593339924154	0.05385266482324488	0.05385266482324488	0.019076747362042658
2030000	-118.61393632896478	2.6433921681460615	-121.25732849711085	0.12646665935977766	0.03618828566500924	0.03618828566500924	0.024738469264855185
2040000	-150.1031981776709	-0.9241732750613592	-149.17902490260954	0.0378182337583469	0.020409999079230093	0.020409999079230093	0.03030686833545002
2050000	-172.34943148424108	1.7992931242379617	-174.14872460847903	0.019744037490589204	0.009600647426701806	0.009600647426701806	0.021423920708432253
2060000	-221.03722469926933	1.5036775114086884	-222.540902210678	0.006311530832023132	0.011528561619435834	0.011528561619435834	0.03663433943529121
2070000	-167.19118096358378	1.88129614427213	-169.07247710785592	0.02951382792204496	0.016316789869763742	0.016316789869763742	0.0265766086507428
2080000	-108.34433421726726	2.4114623856752297	-110.7557966029425	0.17029217693208257	0.055299971830547454	0.055299971830547454	0.03531660779898118
2090000	-95.50955448163027	1.8975889763415141	-97.40714345797178	0.3195081368769205	0.06149756320865061	0.06149756320865061	0.03500862086985297
2100000	-82.61549258574406	-1.2581538865620954	-81.35733869918197	0.7053206433499002	0.13429132058333665	0.13429132058333665	0.03903618229694865
2110000	-76.77434290743068	-2.5271460142486797	-74.247196893182	0.5963887724661776	0.07742743858064625	0.07742743858064625	0.024898381368102414
2120000	-105.62539233094552	2.145978968398392	-107.77137129934391	0.2475084193227904	0.038518913635127834	0.038518913635127834	0.022648814908244747
2130000	-90.80089160814934	0.24428800539076967	-91.04517961354011	0.4011190072719091	0.03420772332818311	0.03420772332818311	0.01921989085010574
2140000	-84.31229658579572	1.4504499223704732	-85.76274650816619	0.4464272557635344	0.04665999190750223	0.04665999190750223	0.020004828846491043
2150000	-85.40096405843238	-1.0490272353571077	-84.35193682307528	0.6596111370168982	0.06798229769959273	0.06798229769959273	0.021191445446856666
2160000	-63.77853489618879	-2.4399896631156786	-61.338545233073106	1.1628315693376066	0.07327215868251959	0.07327215868251959	0.023010106025482667
2170000	-78.39061444766837	0.47403642639037347	-78.86465087405874	0.5042134528646626	0.07707140136807462	0.07707140136807462	0.029894811480085333
2180000	-93.17000159489996	2.196908606130524	-95.36691020103048	0.35891106480978663	0.06045099946220228	0.06045099946220228	0.030475408360410135
2190000	-118.59766400434629	2.7860839847136774	-121.38374798905996	0.09072668394059528	0.019708033524331748	0.019708033524331748	0.018862235773506087
2200000	-132.38083161974288	2.4639721788146396	-134.8448037985575	0.055705774455374876	0.020909032697973905	0.020909032697973905	0.02416362963077767
2210000	-62.787895681182306	-0.8478168686074354	-61.94007881257487	1.0525609594646286	0.08361409458563364	0.08361409458563364	0.022902682493356717
2220000	-95.33917437777184	1.6632010686752894	-97.00237544644713	0.23576334668422283	0.02265242224430401	0.02265242224430401	0.021026541344058944
2230000	-82.45957191185845	-0.5220893222697308	-81.93748258958871	0.6597672478944032	0.092677761956506	0.092677761956506	0.029955397142392086
2240000	-75.95912848694721	1.7701330309437169	-77.72926151789092	0.41130909305371344	0.06327958323922753	0.06327958323922753	0.025020079992017778
2250000	-107.66306531637139	1.5909048715933762	-109.25397018796477	0.2445273620347592	0.06275675803581653	0.06275675803581653	0.027639489615761938
2260000	-76.095342996385	0.2383373007613937	-76.33368029714639	0.5814891072846095	0.053000451805711446	0.053000451805711446	0.023284562519041235
2270000	-95.57806564782224	1.892039143765495	-97.47010479158774	0.23903791061659302	0.04710284220856596	0.04710284220856596	0.024717439318244827
2280000	-84.62706614698062	2.0070421086480006	-86.63410825562862	0.39994526795746377	0.0581511244928401	0.0581511244928401	0.024333323339941364
2290000	-95.56001881354999	0.9564473847307137	-96.5164661982807	0.2568380314347167	0.05680329733176738	0.05680329733176738	0.03061467208806095
2300000	-94.27307310857414	1.406962049704771	-95.68003515827891	0.22123759960459605	0.02828334782080679	0.02828334782080679	0.020599136042930677
2310000	-115.45773283399421	2.404076945115226	-117.86180977910944	0.11708415864695984	0.03433260027823751	0.03433260027823751	0.026725009943183227
2320000	-134.2491786881127	2.054192494493409	-136.3033711826061	0.12331861685626319	0.0382889467530673	0.0382889467530673	0.023326142015165273
2330000	-151.10906749507433	-0.6721390079512495	-150.43692848712308	0.0700389646335376	0.02711063193839657	0.02711063193839657	0.02795493926711186
2340000	-118.26016272158724	0.6554042843152907	-118.91556700590253	0.2486147228566423	0.05628978028306695	0.05628978028306695	0.028398778830104533
2350000	-93.95716788157178	0.8727567179539083	-94.82992459952568	0.2944865588341193	0.06010415935122827	0.06010415935122827	0.030304951681201717
2360000	-119.97105302576999	2.1288889456233853	-122.09994197139338	0.1288283353785493	0.03799782914831072	0.03799782914831072	0.021655016821441338
2370000	-114.91527671027768	1.1356904286746086	-116.05096713895229	0.13507637567757658	0.030021758311534696	0.030021758311534696	0.02300792593191729
2380000	-104.50950207334094	1.5990546478198027	-106.10855672116074	0.18109583616501712	0.033523991823744284	0.033523991823744284	0.017002074879953255
2390000	-73.37936390788383	0.9541516719122378	-74.33351557979607	0.6078248910817377	0.07507505901464696	0.07507505901464696	0.02691840626999458
2400000	-79.53128317683002	0.6849463691962717	-80.21622954602628	0.4469509324291081	0.0647665886560671	0.0647665886560671	0.021741127993426496
2410000	-135.96561629077252	1.823312519296838	-137.78892881006936	0.07468890811714513	0.04416811934799095	0.04416811934799095	0.04665272614138206
2420000	-117.99193730965005	2.454552555413056	-120.44648986506311	0.17415751097600998	0.04442200305185334	0.04442200305185334	0.022818514369521935
2430000	-161.6860079771604	1.093949555162835	-162.7799575323232	0.02934986713054783	0.012135407843695595	0.012135407843695595	0.02166622320354711
2440000	-140.64104469741292	2.3830882514034317	-143.02413294881634	0.06632700966270293	0.029209617396399937	0.029209617396399937	0.03220576382723061
2450000	-119.90471208372117	2.783245790471187	-122.68795787419235	0.08208849979227179	0.015622245886266482	0.015622245886266482	0.021389771226593617
2460000	-66.1195566112159	0.3634558982354652	-66.48301250945137	0.670312136877676	0.035977991558491754	0.035977991558491754	0.022487362629345253
2470000	-61.04382605976557	-0.7929692629119101	-60.25085679685366	0.9717009711733829	0.08863901870046756	0.08863901870046756	0.023645649593278445
2480000	-96.9145042117718	2.159801985861008	-99.07430619763281	0.23388930662598037	0.07291242548318949	0.07291242548318949	0.03895284944372275
2490000	-142.01431989136307	0.6071372510581186	-142.62145714242118	0.04285835567005352	0.011725646127869794	0.011725646127869794	0.0195440266091123
2500000	-135.65128320142907	2.5753160438868345	-138.2265992453159	0.07971204241378343	0.03329381745352364	0.03329381745352364	0.041596420092632605
2510000	-148.59476508768358	2.469201504664062	-151.06396659234764	0.04557990175040489	0.01734902464624524	0.01734902464624524	0.02005438141908194
2520000	-149.08404746974034	1.0326850364178273	-150.11673250615817	0.041238518059105354	0.031931828394500796	0.031931828394500796	0.043594161323187386
2530000	-98.01096027804472	2.181162983243873	-100.1921232612886	0.2835374244091671	0.03886124312547441	0.03886124312547441	0.023278976737940632
2540000	-101.04449764866149	2.5510878283833915	-103.59558547704488	0.23532459173638115	0.052169668692165154	0.052169668692165154	0.028489193239086805
2550000	-94.93173681627789	2.3086221476336526	-97.24035896391155	0.3475863283233008	0.08223975989805778	0.08223975989805778	0.04365426490310659
2560000	-91.10892443600076	0.9444714025275776	-92.05339583852835	0.43506956311504413	0.0706671837768776	0.0706671837768776	0.02861701369252112
2570000	-131.95276359169873	2.1118693561225146	-134.06463294782125	0.12112263731647985	0.03988640826698422	0.03988640826698422	0.02700402725527743
2580000	-108.54590817447593	1.8597802419132945	-110.40568841638922	0.2388596617468916	0.03414663538415557	0.03414663538415557	0.01683511001967423
2590000	-129.53209895884174	2.2972871299108064	-131.82938608875256	0.07798840452600529	0.025016262465665056	0.025016262465665056	0.023428603308877693
2600000	-131.0472288333777	1.8029551258710432	-132.85018395924874	0.0763870652821842	0.02662439252107594	0.02662439252107594	0.022519971225377154
2610000	-103.97045582885457	1.0728094050283121	-105.04326523388288	0.28165634996049077	0.05280727774170903	0.05280727774170903	0.02904654322722386
2620000	-87.69198898976185	1.9386680580841569	-89.63065704784601	0.4337173032205899	0.06096915161174436	0.06096915161174436	0.028116976980128106
2630000	-96.23707885364422	2.578011318538705	-98.81509017218292	0.22514690573848936	0.058806344251944795	0.058806344251944795	0.03127969135016475
2640000	-102.89412005315859	2.563918787619269	-105.45803884077786	0.17489790025910773	0.0385651700101699	0.0385651700101699	0.024335212455035435
2650000	-117.69743837264102	1.1818423911865126	-118.87928076382752	0.12357833884088769	0.04074710056567573	0.04074710056567573	0.02583087892787557
2660000	-96.34720488881176	-1.3736507459492024	-94.97355414286255	0.5187173448573117	0.09961284303130262	0.09961284303130262	0.035662962098634676
2670000	-103.10984156616325	1.4523222494548205	-104.56216381561808	0.23246379007057355	0.046139113965542336	0.046139113965542336	0.022203913229515277
2680000	-57.059558776749085	-3.3558066548633407	-53.70375212188574	1.1720356039157747	0.08284447016177046	0.08284447016177046	0.027283388510495696
2690000	-81.3681263757792	-0.11332699563818693	-81.25479938014101	0.747538431078808	0.07419947034928671	0.07419947034928671	0.02150173334026605
2700000	-80.76551460339148	0.9044592903804066	-81.66997389377188	0.4908177734828292	0.07575985844811632	0.07575985844811632	0.0328260798957441
2710000	-81.17113948037758	-0.7043664740051834	-80.46677300637239	0.4310727582498581	0.06650422729961465	0.06650422729961465	0.02293502918202269
2720000	-81.68021516080704	1.811422089260776	-83.49163725006781	0.43745532355080624	0.07494520005593322	0.07494520005593322	0.03392222648801838
2730000	-102.83481146392165	0.943544874570704	-103.77835633849236	0.20590973839658913	0.0600704346719128	0.0600704346719128	0.03964429420356086
2740000	-92.92149959298831	1.7216497970333693	-94.64314939002168	0.3230442591516732	0.06987034919460969	0.06987034919460969	0.032979263973315576
2750000	-100.1421809836192	2.333604522008103	-102.4757855056273	0.19067181493807053	0.038066772785738764	0.038066772785738764	0.022399938929872396
2760000	-125.41625641407569	1.7904849158417662	-127.20674132991746	0.157710778557465	0.05296138559343346	0.05296138559343346	0.034929671246749415
2770000	-102.58531614984531	1.7712018113543642	-104.35651796119967	0.26827865432315934	0.07702439316268439	0.07702439316268439	0.03727229337865147
2780000	-83.82353166532509	0.9595046151186656	-84.78303628044375	0.4382353003899288	0.05357019723748877	0.05357019723748877	0.02288187995032763
2790000	-112.45274309934958	2.478294046746289	-114.93103714609586	0.1360449814169504	0.02315190892147497	0.02315190892147497	0.018770901311732723
2800000	-139.0080882623702	1.1284866354799612	-140.13657489785015	0.06743752747004877	0.01969877030876621	0.01969877030876621	0.025950747779796314
2810000	-115.15861396096103	2.3152509129064955	-117.47386487386753	0.09427917619912769	0.027119394432586017	0.027119394432586017	0.02423450067027228
2820000	-103.91143849477473	1.8861793878791246	-105.79761788265385	0.23780985515145076	0.04989864008581953	0.04989864008581953	0.023929563427828874
2830000	-114.58384227145643	2.5392591158506277	-117.12310138730706	0.15144769067118788	0.04136148483319895	0.04136148483319895	0.03153616735664406
2840000	-117.80080541176932	1.1927767137769099	-118.99358212554623	0.11668338180761255	0.03912334616836494	0.03912334616836494	0.028035448140155086
2850000	-119.34516047124859	-1.7418358429964287	-117.60332462825217	0.1176790510929804	0.0313110567286156	0.0313110567286156	0.02999145044730849
2860000	-104.21597187910275	2.132196431021141	-106.3481683101239	0.1575690633734164	0.02094966608854998	0.02094966608854998	0.01844466221962318
2870000	-99.14055409127744	1.3577939546416666	-100.4983480459191	0.1829238882072958	0.06057177563269822	0.06057177563269822	0.040081773062642684
2880000	-75.06045171459053	0.8855006902248609	-75.94595240481539	0.6705656503052932	0.08252156042502992	0.08252156042502992	0.02955370871653511
2890000	-88.10892901032756	-4.491758075124311	-83.61717093520325	0.46175561459779174	0.08520014498297743	0.08520014498297743	0.030980849564413243
2900000	-114.99495724513372	0.9307728775759712	-115.9257301227097	0.11702221582350568	0.0011346308241793944	0.0011346308241793944	0.018634221708647276
2910000	-84.03145876972185	2.0290920741389584	-86.06055084386081	0.34729118442212026	0.08821302478641546	0.08821302478641546	0.03933293001695902
2920000	-127.90964321316181	2.3830464299345504	-130.29268964309637	0.07130562557266629	0.013184841886580546	0.013184841886580546	0.020894047477599344
2930000	-133.19920949671112	0.41734859727909823	-133.61655809399022	0.07861162029237219	0.029338552274930457	0.029338552274930457	0.025944893124988436
2940000	-98.49874278885063	1.4327472554995526	-99.93149004435018	0.24454406351764424	0.05480246726405755	0.05480246726405755	0.030840916391342545
2950000	-94.25875455578827	2.2894356933768636	-96.54819024916513	0.2687254694094466	0.04552103257327842	0.04552103257327842	0.026201268666738456
2960000	-121.67921406828839	1.3139804216403643	-122.99319448992875	0.10432192850251053	0.01938580083448703	0.01938580083448703	0.020159179989626186
2970000	-82.13735242510629	1.8959106639695467	-84.03326308907583	0.39957213438090466	0.07078448196954328	0.07078448196954328	0.032219918243503495
2980000	-89.54201870991517	-1.3925858118048051	-88.14943289811036	0.4921130671467284	0.05245819669769882	0.05245819669769882	0.02086649707643706
2990000	-72.17987331452426	-1.2355630256201624	-70.94431028890409	0.8526909862837281	0.09406045566556585	0.09406045566556585	0.031769030844313796
3000000	-77.69758554846227	-0.29972282452908516	-77.39786272393319	0.6246130115005428	0.09550560853194211	0.09550560853194211	0.033189785378751786
3010000	-78.71476887576608	0.31604716851048753	-79.03081604427658	0.6767384053522852	0.07079482610413257	0.07079482610413257	0.02486095545783712
3020000	-75.14366078761002	1.1512618296888797	-76.2949226172989	0.5915346579473331	0.08286721836534584	0.08286721836534584	0.026455691281697273
3030000	-85.80176762232931	1.564040913254448	-87.36580853558375	0.5257939282897421	0.07245739488229766	0.07245739488229766	0.027892721502029417
3040000	-89.83616168492352	1.0331222860092821	-90.86928397093281	0.387569169841402	0.07936142267161735	0.07936142267161735	0.029327987816572924
3050000	-99.9235990813445	2.1647756392342257	-102.08837472057873	0.27279436848248406	0.026206852224051783	0.026206852224051783	0.0169323603863742
3060000	-68.31412521895182	0.41060592522370676	-68.72473114417552	0.6205613336980185	0.07167212045078149	0.07167212045078149	0.025034727273077886
3070000	-109.1691306936113	2.5490487387794922	-111.71817943239078	0.15830904793296696	0.045541396996771843	0.045541396996771843	0.030930298003003873
3080000	-114.69694537920478	1.1903211624908692	-115.88726654169565	0.18747595932079464	0.04802373785909964	0.04802373785909964	0.03180254500669235
3090000	-84.11798978290784	1.0298936823591638	-85.147883465267	0.4712049330539889	0.09224144506127546	0.09224144506127546	0.03233753557440229
3100000	-79.39282083027486	1.2276128159504847	-80.62043364622534	0.5914569396944866	0.07987465660857476	0.07987465660857476	0.03415496751719651
3110000	-127.33855570150672	2.377837061476363	-129.71639276298308	0.1544782051318524	0.05811638305506704	0.05811638305506704	0.03396072083616496
3120000	-101.7430531154579	1.8035762632573618	-103.54662937871525	0.2408797089040301	0.05158449600101362	0.05158449600101362	0.02787161739104404
3130000	-108.09358905737852	1.3403084678882098	-109.43389752526673	0.13554546818919194	0.025915338156924244	0.025915338156924244	0.021969199137716038
3140000	-118.87175575382926	2.5543709358156144	-121.42612668964487	0.15578469562271102	0.04130843376093013	0.04130843376093013	0.02449125235478313
3150000	-108.38956443554633	0.26086115297450707	-108.65042558852085	0.23075417133407697	0.042591554504767724	0.042591554504767724	0.02901149670791666
3160000	-71.11427376305711	0.20370728067837873	-71.31798104373549	0.6443887061784193	0.05888624308092914	0.05888624308092914	0.023505715915665137
3170000	-100.09419107544655	0.9910600753333707	-101.08525115077991	0.19753031694279552	0.04974439087760374	0.04974439087760374	0.029567418866853677
3180000	-118.2875806596164	1.3252981923062106	-119.6128788519226	0.10205277944909505	0.014596726144738089	0.014596726144738089	0.024017056385290916
3190000	-105.53756287726615	1.2616202312081741	-106.79918310847432	0.21011973208143336	0.03798406317481985	0.03798406317481985	0.02731037909155496
3200000	-92.0418670965436	2.0804855292990894	-94.12235262584268	0.3094492554717118	0.03689222548226514	0.03689222548226514	0.02341151831928106
3210000	-95.03494516586646	0.007250073663738643	-95.0421952395302	0.2664158272778129	0.05372270772503537	0.05372270772503537	0.02738419904546626
3220000	-129.52725309959155	2.8711269949518825	-132.39838009454343	0.11054559173064277	0.0321645116893008	0.0321645116893008	0.028896773255790348
3230000	-152.53794606020068	2.2369551158758307	-154.77490117607653	0.031875895675911786	0.021211633165599476	0.021211633165599476	0.03769277882561736
3240000	-149.05336217159706	0.6817608567267248	-149.73512302832378	0.047767421615163376	0.020388739602294047	0.020388739602294047	0.03017283926924267
3250000	-131.6640416428601	2.5442229235041123	-134.20826456636422	0.0715181174569323	0.012904672755190378	0.012904672755190378	0.0186025718004397
3260000	-102.20432281547686	1.1633891463419177	-103.36771196181877	0.24390834170327644	0.0248206090104989	0.0248206090104989	0.025987784538563104
3270000	-87.8317683954243	1.5166562831663617	-89.34842467859066	0.37368365284056754	0.029030708583471836	0.029030708583471836	0.021336314478576694
3280000	-109.91705276146267	2.204070004177994	-112.12112276564066	0.1811693377046665	0.026052168364941695	0.026052168364941695	0.01805469088552097
3290000	-114.43916943711449	2.6805769132545922	-117.11974635036908	0.12140276220688509	0.01823499641505145	0.01823499641505145	0.020720723371069057
3300000	-69.14389511770491	1.5809947967267242	-70.72488991443164	0.4825076233389435	0.060713207109333055	0.060713207109333055	0.024556424744804052
3310000	-74.2290281049111	0.29673767815023466	-74.52576578306133	0.7190439786653757	0.06781423552470554	0.06781423552470554	0.028846716381833233
3320000	-114.42122432561413	-1.067445674810629	-113.3537786508035	0.1330540109726661	0.05139232390953244	0.05139232390953244	0.032204661550445234
3330000	-85.11645462971306	1.3437279478612356	-86.4601825775743	0.5783156225292898	0.0654494596535749	0.0654494596535749	0.02802036133062205
3340000	-91.49590806943579	2.2875051316245356	-93.78341320106033	0.3001443516349818	0.0535017082799513	0.0535017082799513	0.022752170393020535
3350000	-111.81196727474364	2.534321764495208	-114.34628903923884	0.17872090803569893	0.04184234953325797	0.04184234953325797	0.02734445884399855
3360000	-80.41132504618474	0.32487437804309693	-80.73619942422783	0.573458947809199	0.056465334028013604	0.056465334028013604	0.020279609246738457
3370000	-89.38874916051283	2.051967369505186	-91.44071653001802	0.2473506240042426	0.0427422318450051	0.0427422318450051	0.02416689452914094
3380000	-61.36002018439268	-2.0026559070664094	-59.35736427732627	1.0509206243770484	0.07483125789879407	0.07483125789879407	0.02574001593068476
3390000	-97.75553303101975	1.4993509367723177	-99.25488396779207	0.39584069280653666	0.06126086615198868	0.06126086615198868	0.027121560712939346
3400000	-83.62755069041893	2.1199447065901094	-85.74749539700903	0.38270797673144935	0.06240668781906054	0.06240668781906054	0.03117086238407505
3410000	-112.39045040162868	2.5337928335396587	-114.92424323516835	0.12003267343735632	0.03899339212763564	0.03899339212763564	0.023660886947964165
3420000	-105.7008885918513	0.14355474772428733	-105.84444333957558	0.18085330695865837	0.06298435228486712	0.06298435228486712	0.03652560121065213
3430000	-67.06162367670947	1.2323797151430012	-68.29400339185247	0.5570128042498806	0.07247368368907185	0.07247368368907185	0.025269899963468137
3440000	-92.8067316169283	1.5045447582143876	-94.3112763751427	0.28295396217425445	0.06493811899584528	0.06493811899584528	0.02802074895174994
3450000	-92.23616419122261	2.105777125109897	-94.34194131633251	0.2998136024238436	0.054923361862071515	0.054923361862071515	0.025232124872753406
3460000	-110.13728395003724	2.491205186803611	-112.62848913684086	0.2154559750156429	0.04244907302485267	0.04244907302485267	0.03199322159403126
3470000	-130.05966317131129	1.983231108358104	-132.04289427966938	0.09374401181467656	0.029048877678105198	0.029048877678105198	0.02411018686917962
3480000	-141.16611755403227	1.6954431250887345	-142.861560679121	0.05422324960109019	0.012357278658991545	0.012357278658991545	0.023548239158053257
3490000	-203.0847047956444	1.3078804697565345	-204.39258526540092	0.006133754613840754	0.005973749559679673	0.005973749559679673	0.023378169626309682
3500000	-171.19804698988258	1.5788763053184045	-172.776923295201	0.022167090906869354	0.013716583829253698	0.013716583829253698	0.02468024758474414
3510000	-154.00333595497014	2.390486351363669	-156.39382230633382	0.0458966164695405	0.029319677072837887	0.029319677072837887	0.03298965881669493
3520000	-144.32086050652586	2.356475483186534	-146.6773359897124	0.044019083948231494	0.02181360183241504	0.02181360183241504	0.02603846309077385
3530000	-120.70064998751545	1.3374158873715558	-122.038065874887	0.08993149587122351	0.03235685448248247	0.03235685448248247	0.030166469597639488
3540000	-84.77611595695733	-1.0832588052092653	-83.69285715174806	0.599823408578228	0.08960613005909968	0.08960613005909968	0.030397040234186854
3550000	-118.20239961614578	2.127318407017197	-120.32971802316298	0.1318202088931929	0.041103472869049695	0.041103472869049695	0.03163796450188411
3560000	-101.12155302661125	2.4965930685555358	-103.6181460951668	0.196877633461238	0.06741393789493212	0.06741393789493212	0.04425742217459727
3570000	-95.97327247820101	1.6009018221323512	-97.57417430033337	0.3177536215449849	0.05194109168326888	0.05194109168326888	0.02766319641410057
3580000	-74.31783698067004	1.2331633809579126	-75.55100036162796	0.5537500500793103	0.10913452737460637	0.10913452737460637	0.03390432529786998
3590000	-99.66136100312363	2.1817458897535227	-101.84310689287716	0.22538166568980472	0.03933898459228685	0.03933898459228685	0.026306566263118593
3600000	-105.85796547168684	1.6727234764197823	-107.53068894810662	0.2444656144437557	0.041208377071709455	0.041208377071709455	0.02199868661445552
3610000	-105.07983060245041	1.8729844924668906	-106.9528150949173	0.26083824108623965	0.02735143357358994	0.02735143357358994	0.026371508617665785
3620000	-117.8484398052441	2.4113473661065763	-120.25978717135068	0.25548767864064975	0.05647663823132147	0.05647663823132147	0.03159384181962441
3630000	-90.07867106672815	0.22251681238440746	-90.30118787911256	0.3161438843745035	0.06273101796394319	0.06273101796394319	0.03361627786624641
3640000	-90.70853941066348	2.1570019744249533	-92.86554138508843	0.28793327041692035	0.04666018576517619	0.04666018576517619	0.019620792495318354
3650000	-66.8411435369794	-1.427942210707823	-65.41320132627158	0.882810236512013	0.12035466523707643	0.12035466523707643	0.03381487458622473
3660000	-104.24400585011722	2.369533206629114	-106.61353905674633	0.21675314903267995	0.06105128377269048	0.06105128377269048	0.034836105933553664
3670000	-109.21130953256656	2.1181116043646755	-111.32942113693123	0.15002978305318354	0.02260459665740278	0.02260459665740278	0.01581247504168944
3680000	-70.24739506295684	0.718342701912161	-70.965737764869	0.701590439323208	0.06202917727629204	0.06202917727629204	0.02325569453987533
3690000	-106.89224297476616	2.282955469459651	-109.17519844422581	0.2713785519662874	0.06875727182711763	0.06875727182711763	0.029462161825728
3700000	-105.59251352703598	2.6819487675067295	-108.2744622945427	0.17519384134726895	0.03339010508819825	0.03339010508819825	0.024811098106896037
3710000	-81.85913252625392	0.7086104117411546	-82.56774293799506	0.4002551488509561	0.06768916229396761	0.06768916229396761	0.026764899093602273
3720000	-68.09468657572464	-1.2353567498363565	-66.85932982588828	0.8855989176668846	0.09434671986054913	0.09434671986054913	0.02523700723172152
3730000	-69.79217354438669	-0.9992798800813035	-68.79289366430538	0.9403588197179623	0.08038286846329297	0.08038286846329297	0.02926783605548315
3740000	-84.51220911247391	0.3422580622732677	-84.85446717474719	0.5652482918728273	0.06860451458784228	0.06860451458784228	0.023207466275908306
3750000	-114.19541079438812	2.2911237464641143	-116.48653454085223	0.15208783725698047	0.04226374775991091	0.04226374775991091	0.026651220622931737
3760000	-70.00797157859603	1.486356037044307	-71.49432761564033	0.49280704429071526	0.047519518753798354	0.047519518753798354	0.020454408795671744
3770000	-70.73267639157179	1.0531561151692652	-71.78583250674104	0.5542614814969243	0.0666916617597128	0.0666916617597128	0.02622085148808357
3780000	-71.21119880270547	-0.12419835491364617	-71.08700044779182	0.5299486896916786	0.07031444421705127	0.07031444421705127	0.02655207348140058
3790000	-109.18452085954159	2.2557657541392393	-111.44028661368083	0.18282333446460455	0.05566625686206376	0.05566625686206376	0.03182391696839651
3800000	-108.28221457133877	2.162258266599103	-110.44447283793787	0.14810116079252386	0.03317741079141682	0.03317741079141682	0.03235995246775124
3810000	-107.47454620765653	1.9489541180003438	-109.42350032565687	0.18883964146853427	0.044295739869850886	0.044295739869850886	0.029990151982526664
3820000	-65.37403699459487	0.17416627683496655	-65.54820327142984	0.8245992509372384	0.08828668794145934	0.08828668794145934	0.029000952637324637
3830000	-93.34657232620977	1.8228256292623248	-95.16939795547209	0.30329644178512566	0.06225176903738462	0.06225176903738462	0.024091164330545804
3840000	-72.09844185510048	0.8797379242724521	-72.97817977937292	0.5401351982207675	0.07954876181173011	0.07954876181173011	0.03051174297051503
3850000	-74.80286075513357	0.8026723108179089	-75.60553306595148	0.5253010109646299	0.07759563795005796	0.07759563795005796	0.028614645850231615
3860000	-78.4376713267946	-1.030331181328621	-77.40734014546598	0.7554910562516755	0.06891440037586632	0.06891440037586632	0.02521936826641246
3870000	-91.02939578448733	1.329636271432722	-92.35903205592005	0.2904461882593689	0.02909638453467704	0.02909638453467704	0.02393519223346582
3880000	-96.94820699380338	-1.2525756999581255	-95.69563129384525	0.3683580376024392	0.09796039634583983	0.09796039634583983	0.03446132048261493
3890000	-88.47392817330507	1.4442583300171035	-89.91818650332218	0.46049764285382366	0.09284570344059451	0.09284570344059451	0.03323052390421924
3900000	-84.60881674816146	1.6819881230872955	-86.29080487124875	0.4580185150266233	0.05899600820585236	0.05899600820585236	0.022061060380146484
3910000	-91.23585164899025	2.266229287043527	-93.50208093603378	0.3258424563571992	0.034489803890033664	0.034489803890033664	0.018043437823471023
3920000	-103.6563654296525	0.9280412136344576	-104.58440664328695	0.20152624770261673	0.04750131219847661	0.04750131219847661	0.026525936569353866
3930000	-126.92777161911575	1.587865066070766	-128.5156366851865	0.07032082751430864	0.032199740613579116	0.032199740613579116	0.03222069687803475
3940000	-109.11143110391097	2.2989593657815974	-111.41039046969257	0.15656191864491084	0.035377311378858814	0.035377311378858814	0.021648072730706888
3950000	-101.45327569637152	0.8614219230963741	-102.31469761946789	0.43776427581079563	0.09840775194045315	0.09840775194045315	0.04275020369452785
3960000	-86.73333493158225	1.364438551868765	-88.09777348345101	0.3874794348087385	0.06363328995763895	0.06363328995763895	0.022816599404492696
3970000	-73.90736970216955	-0.3751242198145447	-73.53224548235501	0.8587784564959762	0.10479338915798532	0.10479338915798532	0.026933996156411476
3980000	-70.29394802697115	-0.10768559653413734	-70.18626243043701	0.6009144301123517	0.059743247059937006	0.059743247059937006	0.020503425517987173
3990000	-59.36508804315643	-1.3663448204148345	-57.998743222741595	0.9758615148235515	0.056583308248900864	0.056583308248900864	0.020977799315774443
4000000	-53.41475151982814	-1.2435850031810112	-52.171166516647126	1.0814775832394266	0.060528994661164265	0.060528994661164265	0.016799040030737743
4010000	-81.08051209863375	-0.5339001095246978	-80.54661198910905	0.39065491524364826	0.06915299972531865	0.06915299972531865	0.031268939278499525
4020000	-79.3068653368179	-0.1240534467272707	-79.18281189009063	0.48813596533165193	0.057917734973590825	0.057917734973590825	0.02182878363445682
4030000	-86.32334331924707	1.2513882475673725	-87.57473156681445	0.4731114679815746	0.08058760175435407	0.08058760175435407	0.029267287089365067
4040000	-66.56413726225453	-3.602584133184002	-62.96155312907053	1.5195836204666495	0.16403369658812017	0.16403369658812017	0.035016167920271804
4050000	-114.52458575478413	-0.052888890687435186	-114.47169686409669	0.17648098568197917	0.011093213730482656	0.011093213730482656	0.012396103599171376
4060000	-70.29958663221817	0.20030451107452885	-70.4998911432927	0.633944916899772	0.059161815762336374	0.059161815762336374	0.025688497537882857
4070000	-69.84117418696924	0.23453999888081511	-70.07571418585006	0.8079132333343375	0.03648584721062731	0.03648584721062731	0.02004505364361881
4080000	-83.19834992122559	-1.063875109575759	-82.13447481164982	0.588416820082613	0.07756239791623011	0.07756239791623011	0.023814971529391687
4090000	-88.03852894558894	1.6331450413858306	-89.67167398697477	0.39788221078357183	0.05149971848313055	0.05149971848313055	0.02539692708669953
4100000	-81.08830684455044	1.4329002936732793	-82.52120713822373	0.551380462808926	0.10031956759089346	0.10031956759089346	0.036644822226260976
4110000	-109.32109113712946	1.886021098069084	-111.20711223519854	0.14881445295988596	0.03207788024322811	0.03207788024322811	0.02430217487901169
4120000	-143.5310491685866	2.4641468106882893	-145.99519597927488	0.05355419964867901	0.028584956109080805	0.028584956109080805	0.03335594354802082
4130000	-107.6484286351523	1.3104047100733633	-108.95883334522566	0.21144735722851696	0.06380802625753827	0.06380802625753827	0.03469595010735551
4140000	-77.61705670177497	1.3002575539262844	-78.91731425570126	0.5402768458157681	0.11731049089782106	0.11731049089782106	0.04448527948464217
4150000	-93.34842963044157	2.276573812457502	-95.62500344289907	0.3099678410853328	0.05839843764131306	0.05839843764131306	0.026384500006912587
4160000	-87.27013366037114	0.8803265437573148	-88.15046020412846	0.41553057073463373	0.08963266570721815	0.08963266570721815	0.0344294984681702
4170000	-100.85002589307877	1.6821697828861928	-102.53219567596496	0.21752140976868928	0.011185181588380413	0.011185181588380413	0.014541761440926079
4180000	-95.34272645696173	2.6421670469429728	-97.9848935039047	0.20139788777858328	0.04020616496278882	0.04020616496278882	0.027281270254151384
4190000	-115.06216798526002	2.3727919068533234	-117.43495989211334	0.18128082374062657	0.05207996759753005	0.05207996759753005	0.04231590780201655
4200000	-89.1418211089185	0.44681252489517476	-89.58863363381369	0.3828627939974461	0.051960289481668746	0.051960289481668746	0.02002640681756369
4210000	-71.2794020667617	-1.4965176326494025	-69.7828844341123	0.9260652975446052	0.13021496367733507	0.13021496367733507	0.03484279947025859
4220000	-78.51344051084224	1.1505945789364118	-79.66403508977865	0.5124205952139556	0.060865798395648395	0.060865798395648395	0.021227966787635937
4230000	-72.48087645407561	0.412528028664842	-72.89340448274045	0.6895481121111994	0.0820268993486783	0.0820268993486783	0.025729034168378524
4240000	-88.2059630817339	0.49753906166679995	-88.7035021434007	0.3490477724885536	0.06558896316509526	0.06558896316509526	0.02764822602984935
4250000	-99.3221865172497	1.9652704189219858	-101.2874569361717	0.21106479149777518	0.04986553223791962	0.04986553223791962	0.027473916447250585
4260000	-104.9360695256939	1.3544107884069438	-106.29048031410083	0.23946920025007595	0.07335323124632231	0.07335323124632231	0.0369466698612942
4270000	-108.2129899373024	2.2916716436978337	-110.50466158100024	0.18437652914805025	0.044149442289340556	0.044149442289340556	0.029797130963843933
4280000	-106.9139916709401	2.4158494171737734	-109.32984108811388	0.18714084034022802	0.033174130111084485	0.033174130111084485	0.022422039595546173
4290000	-81.07514540463895	1.1575734664892492	-82.2327188711282	0.4636335750984712	0.08453730055774819	0.08453730055774819	0.031880578653292996
4300000	-65.52799652587652	-0.8306277385124524	-64.69736878736407	0.9357079675306659	0.06494244935396826	0.06494244935396826	0.016752266247696455
4310000	-83.21207802081734	0.1637360354155426	-83.37581405623288	0.3606633937268865	0.04864463361006519	0.04864463361006519	0.022227194926708212
4320000	-81.53554838273794	0.39566689714466696	-81.93121527988261	0.511171660779291	0.043215531824528065	0.043215531824528065	0.02497783211109084
4330000	-92.34144201370964	1.8020213388052042	-94.14346335251484	0.3527863367605019	0.05423231201503867	0.05423231201503867	0.021695375544728446
4340000	-90.45199563143093	1.7295588812189004	-92.18155451264984	0.3426752536658736	0.044446418941215315	0.044446418941215315	0.028060762918633044
4350000	-76.74856957383179	-0.8902468956191574	-75.85832267821263	0.6273198342894879	0.1254433015025181	0.1254433015025181	0.041381187754604455
4360000	-86.84870573177285	1.5553590925302756	-88.40406482430313	0.39334452936475917	0.07394692833864955	0.07394692833864955	0.028505438589409078
4370000	-89.14339168443061	1.767477290225092	-90.9108689746557	0.36296055604841004	0.06102260716239994	0.06102260716239994	0.027862816138101865
4380000	-66.23796043928084	-0.9257051267609925	-65.31225531251985	0.9433546550189188	0.06262356209838356	0.06262356209838356	0.023765757726199824
4390000	-65.57347903835323	-0.23560761037950995	-65.33787142797372	0.9402623116803485	0.05258673088515397	0.05258673088515397	0.023217890139571425
4400000	-97.27440389636796	2.6158967224853433	-99.8903006188533	0.18571487088078184	0.032843394260895484	0.032843394260895484	0.025680843283563116
4410000	-71.07679622632449	0.8691431791731995	-71.94593940549768	0.6183736304807893	0.0785135234431307	0.0785135234431307	0.02780671859849637
4420000	-100.00480920691857	2.395237201377658	-102.40004640829622	0.2686897619961718	0.05516547144626947	0.05516547144626947	0.024687228673387213
4430000	-93.32837449316851	1.2001705815291	-94.5285450746976	0.4700892421971826	0.09922739230077324	0.09922739230077324	0.0403206533653034
4440000	-67.81577517125058	0.22084130553966996	-68.03661647679024	0.6267050792681236	0.043425329205608966	0.043425329205608966	0.019261132325518883
4450000	-88.63087650868847	-0.02297049432876086	-88.60790601435971	0.4939038442221033	0.119960092064711	0.119960092064711	0.04541785775335576
4460000	-60.915555034123734	-0.35528761419435917	-60.560267419929374	0.8878559942880285	0.07613074686993695	0.07613074686993695	0.025152321589628924
4470000	-78.7572686067407	1.3039290995272461	-80.06119770626795	0.5288109014813085	0.03739842694494882	0.03739842694494882	0.019247061788606197
4480000	-80.47996129270237	1.830581501011964	-82.31054279371433	0.3610499637382579	0.060015552199395625	0.060015552199395625	0.029981434399687742
4490000	-58.01782460041034	-2.3626516094293653	-55.65517299098098	0.902492107932545	0.063191653841714	0.063191653841714	0.02029008696720556
4500000	-111.51622085646989	2.5890291923451296	-114.10525004881501	0.15621211557118164	0.03208403509071979	0.03208403509071979	0.028551744507974104
4510000	-82.67935023178028	1.1960876733053127	-83.87543790508559	0.4380000877128607	0.07567170087908617	0.07567170087908617	0.029842240921590584
4520000	-81.91093624885362	2.3751689669307634	-84.28610521578437	0.3151964005741092	0.03766412451262795	0.03766412451262795	0.024303544965551677
4530000	-119.47108264687213	1.7432372291278133	-121.21431987599995	0.11473837291381336	0.029445546284511754	0.029445546284511754	0.025842669456584613
4540000	-87.75745314347596	-0.030223460588178597	-87.72722968288778	0.3785201747288903	0.04558980030511116	0.04558980030511116	0.02608113804144539
4550000	-87.97416070907	0.6529946828644433	-88.62715539193445	0.5131961629455076	0.09889328403439754	0.09889328403439754	0.03610919530713173
4560000	-94.02581664185897	2.4998174865832796	-96.52563412844225	0.27626519745640143	0.04345887989475248	0.04345887989475248	0.024576325945204563
4570000	-84.23296996295066	1.2457353971034753	-85.47870536005414	0.5335831569763944	0.04713747958956801	0.04713747958956801	0.024752955665999273
4580000	-94.6133018356149	-1.0263201798619708	-93.58698165575294	0.4457775311983659	0.11920017366226181	0.11920017366226181	0.054437726479482036
4590000	-83.40862161683184	-2.239032722582154	-81.16958889424969	0.3989054247868616	0.026231083146520902	0.026231083146520902	0.017679561453819943
4600000	-72.84281397835281	0.18365811939199406	-73.0264720977448	0.6429314878480881	0.05529199303073223	0.05529199303073223	0.02500493057163496
4610000	-93.16779996580684	1.9353382843991673	-95.103138250206	0.32279492872592347	0.04356283773091074	0.04356283773091074	0.023586038074015568
4620000	-111.40693955935001	0.3595075245331927	-111.7664470838832	0.20076143024468662	0.06904215344488053	0.06904215344488053	0.044595153919128674
4630000	-95.20968006094854	1.274474730266328	-96.48415479121488	0.3680960408074126	0.05918240620023628	0.05918240620023628	0.02569937782906049
4640000	-68.38247430748666	-0.8508881558579855	-67.53158615162867	0.7010753592583246	0.10423602927505667	0.10423602927505667	0.0353238020571458
4650000	-99.77565458111359	2.638134727889833	-102.41378930900342	0.17542931997568612	0.023385627575310874	0.023385627575310874	0.023805845530127785
4660000	-100.22572545676277	1.8480271526422907	-102.07375260940506	0.270120313409979	0.04005724523254324	0.04005724523254324	0.017098010602621692
4670000	-75.73171229211978	0.6605863483255855	-76.39229864044536	0.5938891094360136	0.07987980843345313	0.07987980843345313	0.03284876294595013
4680000	-75.5178391057487	-0.7363705433449353	-74.78146856240377	0.6854649642686415	0.06376269339940384	0.06376269339940384	0.02098725939428711
4690000	-68.56254482114281	-0.6938657737540083	-67.8686790473888	0.9479263245836739	0.14924070313220383	0.14924070313220383	0.04325593554718765
4700000	-153.39673871074666	0.9496541299327242	-154.34639284067939	0.028574037328335484	0.01977059244243905	0.01977059244243905	0.03236717415937092
4710000	-110.21156526053069	2.2967375297020665	-112.50830279023276	0.14950765012813566	0.0413825681236629	0.0413825681236629	0.024509813333644957
4720000	-108.89350129940748	1.9907910280927599	-110.88429232750023	0.11653441148527816	0.027832723085262454	0.027832723085262454	0.021046431414354166
4730000	-61.698229041080566	-1.9101052387214845	-59.78812380235908	0.8996489876882638	0.08474334727827575	0.08474334727827575	0.02668942479513054
4740000	-93.13657721451295	2.174541051357341	-95.31111826587029	0.33191147656910447	0.052836148862867645	0.052836148862867645	0.027713201169695258
4750000	-83.45977696236335	1.627088184299666	-85.08686514666302	0.4270882538684152	0.06223089845499126	0.06223089845499126	0.0239001376979891
4760000	-62.74622951222559	-1.749144496031602	-60.997085016193985	1.1657553488947499	0.14130509305004252	0.14130509305004252	0.0344244734898838
4770000	-114.25160638899446	0.6480861037357197	-114.89969249273018	0.09177559904972513	0.008807567476393129	0.008807567476393129	0.019741322195481307
4780000	-81.57857483911667	-0.6599418514916322	-80.91863298762503	0.5147281522180415	0.07553208229536694	0.07553208229536694	0.029629193348272475
4790000	-63.08665516324485	-0.2112720353535943	-62.875383127891254	0.7288230794936408	0.09626658208627548	0.09626658208627548	0.03672485551325859
4800000	-59.32316254879717	-4.850704987041804	-54.47245756175537	1.5617781790249077	0.12963379381399626	0.12963379381399626	0.031971341541463597
4810000	-85.32983475217384	1.0107698871076634	-86.3406046392815	0.4435734513470841	0.09492941217952568	0.09492941217952568	0.03905590801187897
4820000	-55.36419037455948	-2.166376122318062	-53.197814252241415	1.3170823785472343	0.12213078287707416	0.12213078287707416	0.024262989545606933
4830000	-115.80811980652129	1.5460285845639223	-117.35414839108522	0.13730614413437495	0.0533936347276084	0.0533936347276084	0.039979586333751274
4840000	-122.3651877821818	2.3505309126065064	-124.71571869478831	0.10544180246279879	0.027158339983857267	0.027158339983857267	0.025358561967120823
4850000	-120.61965130879976	2.3300567211786953	-122.94970802997845	0.13152589693729455	0.046436908385435106	0.046436908385435106	0.036000103298381256
4860000	-108.37354243352624	2.740468334993615	-111.11401076851986	0.19943382220561975	0.05456469014078552	0.05456469014078552	0.0354920917604232
4870000	-78.94859172513327	1.833539734060801	-80.78213145919408	0.4127449900079013	0.07359049290524115	0.07359049290524115	0.030618676020562924
4880000	-54.14797155585208	-3.67142316371916	-50.47654839213292	1.5484740255062328	0.2088102619915484	0.2088102619915484	0.04401198885036872
4890000	-100.75189475183267	-0.4692079089829111	-100.28268684284976	0.22179238911184115	0.02962035858286646	0.02962035858286646	0.020844923427945097
4900000	-115.13250361191612	1.3441395233988218	-116.47664313531494	0.13265728602105978	0.032067265595881925	0.032067265595881925	0.02636295789319442
4910000	-85.1079123453464	2.3237895962974227	-87.43170194164382	0.33673535923075093	0.04773272093538188	0.04773272093538188	0.025472759076717526
4920000	-109.0918886537941	1.7331056927355766	-110.82499434652968	0.17720360083225103	0.03837861472675876	0.03837861472675876	0.024417080570438385
4930000	-82.51806690560574	0.09335942133897113	-82.61142632694471	0.4782209982684117	0.07888172128727232	0.07888172128727232	0.03120024581774141
4940000	-75.14590500776424	1.3608929864257395	-76.50679799418998	0.5469459273056343	0.06039841237812816	0.06039841237812816	0.023179402137146934
4950000	-94.19914079874076	2.2481589384930745	-96.44729973723383	0.22200507450490048	0.04617842048445492	0.04617842048445492	0.032752413090576034
4960000	-98.35702681888814	1.5250411983991357	-99.88206801728728	0.3033502882887142	0.05453429021549921	0.05453429021549921	0.028691830627874282
4970000	-113.04133248285311	2.3986270026735808	-115.43995948552669	0.13534031317953	0.043402447501594964	0.043402447501594964	0.023001041872782856
4980000	-94.91170686250054	2.3381044263502604	-97.2498112888508	0.2711678937729981	0.05568385738536723	0.05568385738536723	0.028231139774809837
4990000	-73.28505592552466	-1.7022324714275245	-71.58282345409714	0.7023124225325607	0.07732268056452057	0.07732268056452057	0.027496610994162368
5000000	-91.52507279055308	0.672660279229	-92.19773306978209	0.29920349506433525	0.015249251392822481	0.015249251392822481	0.02150542744833505
5010000	-86.45663716178703	1.1179036282024573	-87.57454078998948	0.4710867258933438	0.09465736276313923	0.09465736276313923	0.035427364892891514
5020000	-81.30395964519214	-0.111583293282695	-81.19237635190945	0.5276171536798954	0.07803530309310316	0.07803530309310316	0.03051936856937754
5030000	-99.17308385307314	0.8096356967614659	-99.9827195498346	0.3859508510623127	0.06421355253371347	0.06421355253371347	0.02326906564430533
5040000	-90.35836526309157	1.4717113744898107	-91.83007663758139	0.3467659064130302	0.051269028019713	0.051269028019713	0.02561169169563035
5050000	-83.95251171463678	1.3830378973720743	-85.33554961200886	0.33498052047259946	0.04571965628011158	0.04571965628011158	0.020776936008945784
5060000	-89.72781033221221	1.3256641777768832	-91.0534745099891	0.34656142481675906	0.055618397426068784	0.055618397426068784	0.027271973247615815
5070000	-85.80942217774012	0.8561315768076428	-86.66555375454776	0.45386086778385937	0.05543166703174804	0.05543166703174804	0.022315257938094364
5080000	-86.39834678882006	1.4408472047200633	-87.83919399354012	0.40032852714472966	0.04057007189669809	0.04057007189669809	0.02331549436713895
5090000	-84.6183229026397	2.04311104663108	-86.66143394927079	0.37215234286129534	0.03845906663731834	0.03845906663731834	0.024219603427438712
5100000	-91.2394680714231	1.9478657948915425	-93.18733386631465	0.2391789521392376	0.01630502652913111	0.01630502652913111	0.019645312218221692
5110000	-97.3520996776697	-1.695248686668748	-95.65685099100095	0.2819372500978013	0.04901272800079596	0.04901272800079596	0.027074752138882545
5120000	-103.75939635483655	2.347190009702414	-106.10658636453897	0.19169879475623178	0.05287744530894578	0.05287744530894578	0.034536813791036645
5130000	-78.16760720177948	-0.027132470628603578	-78.14047473115087	0.6951924128811857	0.06962976291614428	0.06962976291614428	0.02092105569707344
5140000	-79.92908831803	-2.081879971844462	-77.84720834618554	0.65426973154036	0.10490763273709493	0.10490763273709493	0.03227594647911643
5150000	-93.09098869373312	-0.4566520391836626	-92.63433665454946	0.34817274033111056	0.05963637446257921	0.05963637446257921	0.03200157959333074
5160000	-91.74695471802363	1.6408458375115829	-93.38780055553521	0.4474559161563568	0.07691960755728995	0.07691960755728995	0.026589928631571225
5170000	-63.91361304741321	-0.7598729492691877	-63.15374009814402	0.9817592034384611	0.10133723945975628	0.10133723945975628	0.025114134164467714
5180000	-86.79749775694003	0.09529439460115219	-86.89279215154119	0.43639638037351	0.11069435392658014	0.11069435392658014	0.04819970546667024
5190000	-71.13027050544997	-0.025535852547591165	-71.10473465290238	0.5571531713893491	0.06759280413027406	0.06759280413027406	0.026759849460019067
5200000	-77.77022768002301	0.5221249903190229	-78.29235267034204	0.5240665440086936	0.0798597128367166	0.0798597128367166	0.033810985487648715
5210000	-138.09506838137662	2.531439286419035	-140.62650766779566	0.0919381174940966	0.04609946784359641	0.04609946784359641	0.03869293826520605
5220000	-118.94754646989945	2.421230810268044	-121.36877728016749	0.1632401761994659	0.04358555341663439	0.04358555341663439	0.0291173396932672
5230000	-107.92227582546144	0.3583753984169942	-108.28065122387844	0.24300734064953605	0.0682954903888476	0.0682954903888476	0.03543701389256454
5240000	-107.804904388714	2.758682372645444	-110.56358676135943	0.19053970980715051	0.04401843943662544	0.04401843943662544	0.03451260269744492
5250000	-117.34051222644214	1.7646177851683857	-119.10513001161053	0.18937940274077372	0.061634637136129544	0.061634637136129544	0.042097503359741634
5260000	-131.20249531107225	1.0931941279956594	-132.29568943906793	0.09766546634250169	0.03500176223826967	0.03500176223826967	0.027830716552780282
5270000	-87.97080697905177	1.5855148913220676	-89.55632187037384	0.41686974825877693	0.05317316047450711	0.05317316047450711	0.022374057253140265
5280000	-93.12609975884685	1.8393742788643008	-94.96547403771115	0.29851948450197924	0.026763928400653232	0.026763928400653232	0.020229871553998687
5290000	-128.19053731580732	1.2285208227637048	-129.41905813857102	0.08961410761642445	0.03838574994124056	0.03838574994124056	0.031953191408775485
5300000	-91.16576509992152	1.668776214010233	-92.83454131393175	0.4282717644639701	0.08531121873456314	0.08531121873456314	0.036592643004842766
5310000	-112.16550993792092	0.444940046972111	-112.61044998489302	0.18506620465648888	0.027568837402598502	0.027568837402598502	0.024059840184725574
5320000	-110.62746279168947	2.502190115175475	-113.12965290686495	0.15047049876176796	0.019976623773284387	0.019976623773284387	0.022024719997712827
5330000	-101.51821568838284	2.0806812816991505	-103.598896970082	0.27204417345742216	0.07081358901328617	0.07081358901328617	0.035533555354711546
5340000	-88.91148648420945	1.8244969603181374	-90.73598344452759	0.40907842980234604	0.09399910809101207	0.09399910809101207	0.04449629470583276
5350000	-117.25639130023933	0.5058536247789878	-117.76224492501832	0.17649078246576672	0.06622507075887782	0.06622507075887782	0.0452129657331537
5360000	-77.48542506168967	1.5627340786099673	-79.04815914029963	0.46318269158260716	0.055577996209235404	0.055577996209235404	0.02929699577323476
5370000	-83.6216769302931	0.9761946886898508	-84.59787161898295	0.5042980219543055	0.07434669121953197	0.07434669121953197	0.02998577890361787
5380000	-93.97079228199557	1.4969911316105486	-95.46778341360611	0.3471332787228709	0.056359521253278325	0.056359521253278325	0.022618695460832818
5390000	-99.91538003100133	0.07590233081140019	-99.99128236181274	0.24458481500608784	0.04403071583467932	0.04403071583467932	0.019221917577387223
5400000	-69.83326495273798	-1.8602953566763505	-67.97296959606163	0.7950986499201564	0.06546846074363019	0.06546846074363019	0.022983686749121168
5410000	-79.80920934459999	1.4977290409944717	-81.30693838559446	0.41783947843762537	0.05867850068676011	0.05867850068676011	0.02151246597253255
5420000	-87.09749680460195	0.6118426596383814	-87.70933946424033	0.5079505358622506	0.08612664770062811	0.08612664770062811	0.032642184898241236
5430000	-99.96565036845385	1.7796840336085422	-101.7453344020624	0.20061826559003582	0.04968402284395761	0.04968402284395761	0.029567086658599695
5440000	-100.38326213638663	2.181683500082204	-102.56494563646883	0.24144933859178203	0.06347479907260704	0.06347479907260704	0.03325338665564975
5450000	-134.39300787014324	2.355225481895915	-136.74823335203916	0.06557005042234079	0.030264519093566773	0.030264519093566773	0.03373289920699894
5460000	-123.9658003171019	2.8425097851623415	-126.80831010226423	0.08652458877836518	0.0262839452619687	0.0262839452619687	0.02560902809960941
5470000	-94.10960409517757	1.7183250350979202	-95.82792913027549	0.3438199213304555	0.024927573987361715	0.024927573987361715	0.019087809306728196
5480000	-91.1082025983782	0.6363389580652657	-91.74454155644347	0.33964515657293937	0.053235806689711625	0.053235806689711625	0.02536746730412557
5490000	-105.87157297788755	-1.0515598660038488	-104.82001311188371	0.24003916122273372	0.0822474363238778	0.0822474363238778	0.04649758136171782
5500000	-119.43683415824049	1.7030628502085041	-121.139897008449	0.09968771967678013	0.020682448113820025	0.020682448113820025	0.01865214553226812
5510000	-145.34895579803504	2.7113509374752343	-148.06030673551027	0.06180539701347017	0.02779359726586631	0.02779359726586631	0.03064062541986072
5520000	-87.54453197894523	1.9644796161342166	-89.50901159507944	0.363967354877124	0.06760871965863792	0.06760871965863792	0.03072603694711066
5530000	-100.83136621084988	1.540711458672129	-102.37207766952201	0.2253774411009458	0.035969168508289205	0.035969168508289205	0.020154478520598595
5540000	-63.36885461771628	0.6228556275337775	-63.99171024525006	0.7155463962643572	0.06952165862354398	0.06952165862354398	0.02619420776734052
5550000	-82.16395351603167	1.0526316733045846	-83.21658518933626	0.5902533322378917	0.06451801989447863	0.06451801989447863	0.026575394578092756
5560000	-95.47470636313533	1.395343601173519	-96.87004996430885	0.3628712137955601	0.0825474705857448	0.0825474705857448	0.03784581801716987
5570000	-110.64446831115242	2.108038372444646	-112.75250668359706	0.15990751238652948	0.04217326114400642	0.04217326114400642	0.02829603749425362
5580000	-89.35812079955407	0.5255584220716379	-89.88367922162571	0.4349621517088074	0.1228987833159389	0.1228987833159389	0.04910306293657279
5590000	-91.27283473147543	1.5431353262794645	-92.8159700577549	0.31813593314370864	0.033133282027941524	0.033133282027941524	0.01685519921636444
5600000	-106.69475506976482	0.32903061125930533	-107.02378568102412	0.24207459027967967	0.04915561773906913	0.04915561773906913	0.028775793670768088
5610000	-106.30114015535237	1.9154108270743255	-108.2165509824267	0.24058086966887696	0.05004151971316297	0.05004151971316297	0.026607722791151683
5620000	-112.12254797217605	2.7052292262365603	-114.8277771984126	0.16517241678131833	0.021637733074854906	0.021637733074854906	0.019792443495571802
5630000	-91.95600471010695	0.6619609483104627	-92.61796565841742	0.34864802456130123	0.05340623467281272	0.05340623467281272	0.030972286318122478
5640000	-87.02514963280849	-0.5414745584770291	-86.48367507433146	0.4414837859314198	0.07618372222417695	0.07618372222417695	0.023326176696650387
5650000	-90.88204490046765	0.31220597016571183	-91.19425087063335	0.23555937087089693	0.045475298777883096	0.045475298777883096	0.027986068393452822
5660000	-96.6335998195741	1.9212997108576628	-98.55489953043177	0.2729350551304929	0.031358438909322335	0.031358438909322335	0.021009489864709872
5670000	-86.01909432518036	0.9779960693979742	-86.99709039457834	0.36409919199849566	0.05702803150726056	0.05702803150726056	0.027548366217990984
5680000	-80.89005782885846	1.565408296505261	-82.45546612536373	0.5067887173465266	0.08586408034223952	0.08586408034223952	0.03102019404295788
5690000	-80.77198163921194	1.0151181051403269	-81.78709974435228	0.6063272449104485	0.08045559188177111	0.08045559188177111	0.029421296546395283
5700000	-80.52781868961334	0.9352730719544641	-81.46309176156781	0.480390114787974	0.07140696175597284	0.07140696175597284	0.03104315598323653
5710000	-77.58898416883623	-0.7273809431353611	-76.86160322570088	0.6321483411374488	0.10482260194652573	0.10482260194652573	0.03471049145554822
5720000	-118.07226869912229	1.1660992663111904	-119.23836796543348	0.1765774835198709	0.04916174992786227	0.04916174992786227	0.026068849987810658
5730000	-77.63340632292558	1.2627885702020878	-78.89619489312767	0.5442632852091516	0.07805636777983589	0.07805636777983589	0.02575292876147285
5740000	-118.14108547027446	2.773737727925621	-120.91482319820008	0.12992023989490784	0.014911173012874698	0.014911173012874698	0.01610178196240222
5750000	-107.98349796413221	2.2027141787955435	-110.18621214292776	0.19390375938763807	0.052446315998270265	0.052446315998270265	0.029111630710264277
5760000	-98.08277331883811	0.8588833395010389	-98.94165665833914	0.2023145680557365	0.023699530025289222	0.023699530025289222	0.016345214475594488
5770000	-94.27908651966719	-2.2523404741981814	-92.02674604546901	0.36807752378301484	0.049207976338946004	0.049207976338946004	0.02412991408368367
5780000	-81.28809827555783	-0.6397763504546794	-80.64832192510315	0.4263772487633508	0.05257638505416226	0.05257638505416226	0.020449789737474
5790000	-72.1488434749444	0.12628771643380776	-72.27513119137821	0.7370167234306955	0.0931033074478726	0.0931033074478726	0.029864958462303366
5800000	-88.25184486937445	1.7609561289290847	-90.01280099830353	0.34414508400691995	0.05842571903992381	0.05842571903992381	0.025320113206195802
5810000	-82.1600613777099	-0.9636831160575405	-81.19637826165236	0.5055887280002535	0.07271183838827773	0.07271183838827773	0.028435528957959824
5820000	-101.83263045322941	2.2538890851088933	-104.08651953833831	0.18471984562246405	0.031231752723912733	0.031231752723912733	0.021966564136958217
5830000	-94.96471306273537	2.1524082323801923	-97.11712129511557	0.3753794509831793	0.078801653113071	0.078801653113071	0.038255192006008784
5840000	-123.74344160938881	2.5475103233249325	-126.29095193271374	0.08646214814897417	0.0323719824777081	0.0323719824777081	0.029797524191351232
5850000	-121.13492285153997	1.386221518943564	-122.52114437048353	0.1641906677157861	0.032759287236782925	0.032759287236782925	0.025352184832599982
5860000	-80.79154268121997	-0.528174439727358	-80.26336824149261	0.5976198792871051	0.13616804675499616	0.13616804675499616	0.048718549688123905
5870000	-64.7277149069843	-2.2525850141378596	-62.47512989284644	1.1073748580843163	0.13814440664400593	0.13814440664400593	0.030261168365053687
5880000	-80.9338861092572	1.3097959546301863	-82.24368206388739	0.5226037992064791	0.07841862956612829	0.07841862956612829	0.03602526155020531
5890000	-93.18910391210737	0.7027709276316568	-93.89187483973903	0.36362905570899906	0.05515966377313291	0.05515966377313291	0.022921385939340205
5900000	-105.60942108452748	2.383902013566456	-107.99332309809394	0.22297905381213645	0.04231655256825316	0.04231655256825316	0.022393480859052652
5910000	-91.31019772739882	2.3564351254354037	-93.66663285283423	0.23711015998594193	0.044145742784288386	0.044145742784288386	0.02342228470119937
5920000	-111.62255399715455	1.9919082256787544	-113.61446222283331	0.1923720288359251	0.05778023950699165	0.05778023950699165	0.03658337355770964
5930000	-92.8645933053026	2.1727553441013105	-95.03734864940391	0.3646150213885673	0.0528436370251172	0.0528436370251172	0.029450571861611485
5940000	-95.01682182001376	2.3442595717719565	-97.36108139178572	0.2799598182430548	0.04732964229099676	0.04732964229099676	0.027960930252579532
5950000	-104.49295101210939	1.8459948492578495	-106.33894586136724	0.22929189558570612	0.05794249807100954	0.05794249807100954	0.032732263881013565
5960000	-113.42539023862676	2.607378641751817	-116.03276888037858	0.09900498718589722	0.010931252403116843	0.010931252403116843	0.017714349391708895
5970000	-85.21072375445343	1.5832947984812005	-86.79401855293463	0.49180837906647384	0.07498266564578164	0.07498266564578164	0.03356722354561383
5980000	-94.2134602994454	1.309998128749096	-95.5234584281945	0.3858347811629954	0.07411063733476994	0.07411063733476994	0.030749526020370992
5990000	-108.30069506345403	2.1738588608420155	-110.47455392429605	0.18890294945155145	0.036061886690370255	0.036061886690370255	0.023575309900281942
6000000	-113.34972808255534	2.2880817403240816	-115.63780982287943	0.20813378433990212	0.03501853611915372	0.03501853611915372	0.02462974705163256
6010000	-94.61831883170355	2.360587104852679	-96.97890593655623	0.28219344432731164	0.06986520347094793	0.06986520347094793	0.037255228241860366
6020000	-73.39729195908038	1.6514707739539753	-75.04876273303435	0.5015399292639078	0.05248041066357513	0.05248041066357513	0.02414145933900733
6030000	-76.9741707225443	1.1906841448173435	-78.16485486736164	0.4905931946743297	0.049333358098258305	0.049333358098258305	0.02127777821316117
6040000	-79.89538400524734	-0.6587236452923867	-79.23666035995495	0.7109466360801173	0.10774658763221158	0.10774658763221158	0.026679862238831724
6050000	-84.85390915286547	0.051332814785128966	-84.9052419676506	0.5219911431808402	0.06750874221953158	0.06750874221953158	0.018215819796976493
6060000	-89.11427323423187	0.748974730331131	-89.863247964563	0.39768333533571404	0.07140090986861644	0.07140090986861644	0.027282278768393925
6070000	-76.1586701895788	-0.2794898032273232	-75.87918038635148	0.41953221474738794	0.05562507500291682	0.05562507500291682	0.02265747460739046
6080000	-80.82955574967653	1.6757538573862378	-82.50530960706277	0.4568757450585825	0.06181400320256534	0.06181400320256534	0.023172829905291188
6090000	-67.71325776178665	-0.45513721135057417	-67.25812055043608	0.7994548999806498	0.12949208265366827	0.12949208265366827	0.03935698412615568
6100000	-71.50945696934946	-1.154377761937813	-70.35507920741165	0.8944031070948042	0.14528785265605396	0.14528785265605396	0.035798034635936504
6110000	-98.16439145943542	2.2769797055202967	-100.44137116495571	0.2306550979714164	0.0834037505914151	0.0834037505914151	0.044510873275678466
6120000	-110.27746107025911	0.6421109440062933	-110.9195720142654	0.21292121518777612	0.07380907913296499	0.07380907913296499	0.03915232782761172
6130000	-102.86132118958034	2.3757065899669816	-105.23702777954732	0.2647731473772103	0.0506796951458098	0.0506796951458098	0.028174927617815853
6140000	-84.2188533417973	1.8738589801861374	-86.09271232198344	0.34159550542474953	0.06161511781182435	0.06161511781182435	0.02773483037828489
6150000	-75.65577691008089	2.0282503564226335	-77.68402726650352	0.3915783552711148	0.05206605214809783	0.05206605214809783	0.02541896854875102
6160000	-64.6691133027076	-0.17078160343226012	-64.49833169927534	0.8165784816274854	0.10983177412037062	0.10983177412037062	0.03543324164724807
6170000	-103.53310009440578	1.754944552939962	-105.28804464734574	0.1888335299215053	0.04469879778742244	0.04469879778742244	0.025809916604709694
6180000	-98.29611342267731	-0.20439380906906823	-98.09171961360823	0.3445997544712931	0.09120919755272552	0.09120919755272552	0.041354663827426905
6190000	-99.73034728410407	0.5309608708375787	-100.26130815494164	0.359965691112476	0.0785928977935043	0.0785928977935043	0.034986966625313615
6200000	-105.81880332161495	2.373612314693597	-108.19241563630855	0.1910414543313965	0.01950209498906915	0.01950209498906915	0.01582354073720139
6210000	-115.56303691293391	1.675324276541108	-117.23836118947501	0.1334008644915297	0.031735510370875686	0.031735510370875686	0.02332353076087166
6220000	-100.08771061355048	1.4370376347877127	-101.5247482483382	0.2455311482900296	0.06066589752224359	0.06066589752224359	0.03497671308304722
6230000	-70.36392678929202	0.5796909344849065	-70.94361772377692	0.6046338469869851	0.05933450718923152	0.05933450718923152	0.023526690384359342
6240000	-92.84767344135683	0.0030002549259040556	-92.85067369628274	0.4429910917570567	0.06318255992990819	0.06318255992990819	0.033812940822044446
6250000	-69.0974680493321	-0.12937791416414035	-68.96809013516796	0.7923909686145484	0.07295819282371274	0.07295819282371274	0.02130605772011048
6260000	-139.9567174979568	-0.009217661075611172	-139.94749983688118	0.056151773852019984	0.023979100289975047	0.023979100289975047	0.027466211646341106
6270000	-130.130593525653	1.1779753141953093	-131.30856883984833	0.06548649802741086	0.021341753723161393	0.021341753723161393	0.022184805297308312
6280000	-119.72520257086413	-0.00456151518793213	-119.7206410556762	0.14602368600375276	0.03992075975031497	0.03992075975031497	0.02744419617385083
6290000	-95.98045059556352	1.0697371223139687	-97.05018771787749	0.25096936647666196	0.04316130579556572	0.04316130579556572	0.02477322868309776
6300000	-91.85229106001144	1.2163295800137015	-93.06862064002515	0.38726751677560595	0.04185083372356446	0.04185083372356446	0.015375304481484948
6310000	-90.56487776852443	0.6970693931852321	-91.26194716170966	0.4933708815567771	0.07124258817126494	0.07124258817126494	0.025959764792299486
6320000	-76.41166712258882	0.1612372863532897	-76.57290440894211	0.5527291301365688	0.05813897318827117	0.05813897318827117	0.024612526833677352
6330000	-98.65810826464414	1.8003802248868195	-100.45848848953096	0.2640204083077435	0.041465309827748396	0.041465309827748396	0.02388597967192277
6340000	-133.55414820346905	0.42752914130495423	-133.981677344774	0.060285163827462386	0.031180323548908363	0.031180323548908363	0.03359817208729902
6350000	-112.07069301738575	2.4402533410089644	-114.51094635839472	0.17498842977898854	0.00920841267975725	0.00920841267975725	0.018417147623248725
6360000	-86.56812535172767	2.1510925983474514	-88.71921795007512	0.3239806233632871	0.0594472275854244	0.0594472275854244	0.030823090814433688
6370000	-73.13973497793951	-0.14427332260662984	-72.99546165533287	0.7124042902702662	0.07168049459412072	0.07168049459412072	0.01913318838225946
6380000	-64.37359504258879	-0.5174123472660979	-63.856182695322694	0.9594646221624625	0.14664126478700926	0.14664126478700926	0.040820267946755
6390000	-64.1857750437135	-1.7077426145116021	-62.4780324292019	1.1080632042818934	0.1653175076181487	0.1653175076181487	0.03761490533843951
6400000	-84.63398545375532	0.9235814561971821	-85.5575669099525	0.5727868533379115	0.0970981675663017	0.0970981675663017	0.03366401006313393
6410000	-80.39005422599705	1.4578291368735805	-81.84788336287063	0.5145562359714508	0.05158001492494939	0.05158001492494939	0.023795574529157548
6420000	-75.66544096123296	0.6275735278577345	-76.2930144890907	0.48101225584756907	0.04453700565156421	0.04453700565156421	0.021626042244001224
6430000	-81.65622913329446	0.0523881656425923	-81.70861729893706	0.5203097604651298	0.03610017138369935	0.03610017138369935	0.014713654802024304
6440000	-79.27863558046077	0.8765478128688259	-80.1551833933296	0.5872446744680762	0.0744481101933065	0.0744481101933065	0.01943065662706755
6450000	-87.65723016845831	2.0365766551670763	-89.6938068236254	0.39668531455432904	0.05707452401086894	0.05707452401086894	0.0241076355551461
6460000	-113.10920791340249	1.182326859872449	-114.29153477327493	0.1258851322520047	0.03418256349326011	0.03418256349326011	0.028488670888178788
6470000	-148.9537877905153	2.014997566816397	-150.96878535733168	0.045047302636191604	0.026818844951657834	0.026818844951657834	0.0324296661598554
6480000	-134.42057331567432	2.3138933149780154	-136.73446663065232	0.05409944957606124	0.015935309954168135	0.015935309954168135	0.022796926864015486
6490000	-113.05809419125988	1.7971171259448404	-114.85521131720472	0.1289356578078686	0.029937979603023326	0.029937979603023326	0.02512025564165748
6500000	-140.5284225961726	1.8813003504113524	-142.40972294658394	0.05722666529145258	0.02336921181436396	0.02336921181436396	0.02620075499439887
6510000	-107.62580703297904	2.2696728408298363	-109.89547987380888	0.1705904488453402	0.03351603889337487	0.03351603889337487	0.020729797218086134
6520000	-137.5835573406292	1.3403447266490618	-138.92390206727825	0.06240000202747424	0.03285628089949533	0.03285628089949533	0.03146002718753337
6530000	-131.4048780835758	2.4418055617103236	-133.8466836452861	0.09482094865988862	0.0380408483599459	0.0380408483599459	0.03232314587777847
6540000	-162.28443238946232	2.139175429553906	-164.42360781901624	0.043674355207117016	0.02558853033199526	0.02558853033199526	0.03059766829407127
6550000	-142.0941794512639	2.523204477125582	-144.61738392838947	0.07438938531731608	0.022980817373052406	0.022980817373052406	0.02472838740361862
6560000	-163.95638270365535	-0.2452026202405686	-163.71118008341477	0.0364416506255082	0.027069965322259096	0.027069965322259096	0.040178971082975516
6570000	-128.3608051398426	2.6286805128398454	-130.98948565268245	0.0818980341860552	0.03272996402208411	0.03272996402208411	0.029208573778890842
6580000	-95.51687674230197	1.3829260377421062	-96.89980278004408	0.3304201524922484	0.058853237013053256	0.058853237013053256	0.0301753090384074
6590000	-97.85890448597343	0.5026647066185065	-98.36156919259193	0.4034777178152214	0.1112286083530664	0.1112286083530664	0.050134800971177326
6600000	-98.91790395216039	1.801268523769378	-100.71917247592977	0.265612854662566	0.03627413859062965	0.03627413859062965	0.02459420535403256
6610000	-123.31921072609444	-1.9319281031233624	-121.38728262297107	0.16719715718499184	0.04951618362637999	0.04951618362637999	0.03142545157497663
6620000	-98.1678161521208	1.4109471721039992	-99.57876332422481	0.2519985476632723	0.044548774559617754	0.044548774559617754	0.025948977901676024
6630000	-102.34508289235596	2.100238463026748	-104.4453213553827	0.23663122252461474	0.07477907346640342	0.07477907346640342	0.036612495016241926
6640000	-108.94914857836503	2.606179343348613	-111.55532792171364	0.19029761148311677	0.02644460874109086	0.02644460874109086	0.022096707309840567
6650000	-103.07655560809059	1.1330126333491903	-104.20956824143978	0.22452485368943312	0.04429595750995744	0.04429595750995744	0.030507956814701427
6660000	-124.9569050210838	1.9296424186651002	-126.8865474397489	0.07512300381493073	0.026931806199132047	0.026931806199132047	0.025303374708172257
6670000	-122.65417933172876	1.089987273874558	-123.74416660560331	0.11532919200157105	0.037349248356354815	0.037349248356354815	0.027971674677439055
6680000	-111.16739183694852	2.560574785094186	-113.72796662204271	0.1614323965247367	0.0498693763020079	0.0498693763020079	0.03516047406390299
6690000	-107.48682072614226	-1.205841695967055	-106.2809790301752	0.22501292835777623	0.06100522846720399	0.06100522846720399	0.030107326462266465
6700000	-89.92682777122417	1.0980622980692747	-91.02489006929345	0.3011035622273145	0.02298744530241058	0.02298744530241058	0.019039422065465383
6710000	-103.60838867533107	1.8852326088876104	-105.49362128421868	0.2135280466155778	0.03525002027356245	0.03525002027356245	0.0223850449430736
6720000	-128.62389684179237	1.6859373244827114	-130.3098341662751	0.07591107595224075	0.020941661976928577	0.020941661976928577	0.024027472858370473
6730000	-116.26271603895454	2.3851279345460523	-118.64784397350058	0.14129337034779044	0.04705704626167415	0.04705704626167415	0.03124203045106958
6740000	-136.23726225241697	1.7188369360022944	-137.95609918841927	0.06508085684067919	0.01856832470406952	0.01856832470406952	0.023982522822013765
6750000	-78.33859708213858	-0.09245579720062169	-78.24614128493795	0.4810717788208185	0.09136061202913276	0.09136061202913276	0.03206816558677565
6760000	-77.1393477382278	1.6116003918054682	-78.75094813003327	0.5196739223221579	0.03390165262175008	0.03390165262175008	0.021135940269607016
6770000	-108.5450235120736	1.6015171925561011	-110.1465407046297	0.1684594635320371	0.029427552160780975	0.029427552160780975	0.01778956387855855
6780000	-97.03057689846332	0.7715021407876732	-97.802079039251	0.4744746815839696	0.08058826735548963	0.08058826735548963	0.029093873989224146
6790000	-80.60278019256134	1.601547707761221	-82.20432790032257	0.5094416197471844	0.07600516837573378	0.07600516837573378	0.03103050691852957
6800000	-99.58227449401467	1.7175641676302784	-101.29983866164494	0.2924513030390729	0.03854763898260112	0.03854763898260112	0.021546300732334458
6810000	-128.68708338910434	2.5916633740019615	-131.2787467631063	0.07999947088650884	0.01723017679079273	0.01723017679079273	0.018199806437808604
6820000	-118.39257528911821	0.49885725539670434	-118.89143254451491	0.15344537537613637	0.05461197180334968	0.05461197180334968	0.032908470005509116
6830000	-92.23346174932247	2.232779524227557	-94.46624127355003	0.302254763057909	0.07143748603038753	0.07143748603038753	0.035519115911263784
6840000	-117.90588706044254	2.5914832619560406	-120.49737032239858	0.11444196579510502	0.024920752547787098	0.024920752547787098	0.0197185018309008
6850000	-67.90936192694016	0.08910616044826358	-67.99846808738843	0.6465009560084873	0.06846206981030557	0.06846206981030557	0.02577459346415543
6860000	-121.56694006313846	1.3799264367190234	-122.94686649985748	0.16114280601800565	0.0442100911945	0.0442100911945	0.03110448988421763
6870000	-75.47367400203264	1.105246947140635	-76.57892094917327	0.5863618715992236	0.0473232072732715	0.0473232072732715	0.020971864420951704
6880000	-79.23702851051799	1.594458756183303	-80.83148726670129	0.487225466329978	0.057291771665310305	0.057291771665310305	0.02385282603415568
6890000	-146.2539958407625	2.5641575328302	-148.8181533735927	0.053648652461998084	0.04099133105465266	0.04099133105465266	0.044742116480325715
6900000	-136.67883839657966	2.1704037306265045	-138.84924212720617	0.06919043847244961	0.029149153345857243	0.029149153345857243	0.02676753385071487
6910000	-124.054217808186	0.7858718295560019	-124.840089637742	0.10514366299358305	0.03638828195755947	0.03638828195755947	0.031768424186085165
6920000	-106.4935307254557	2.0928440273272884	-108.58637475278299	0.2453436913325756	0.07071487611284182	0.07071487611284182	0.0382836441395894
6930000	-125.92866564195626	1.1699851525587235	-127.09865079451498	0.08297090555611598	0.03239098865492095	0.03239098865492095	0.029609765563243507
6940000	-86.46098723919224	1.6459355783992158	-88.10692281759145	0.5020655075890731	0.06108024518612361	0.06108024518612361	0.026243685208521775
6950000	-108.72511408163778	1.7924030640528326	-110.51751714569062	0.19163034716542118	0.05351084809011289	0.05351084809011289	0.030822099494853893
6960000	-101.7994050313002	2.2089499778313564	-104.00835500913155	0.2355807749809304	0.049689738742157735	0.049689738742157735	0.02422791652966264
6970000	-102.14434727103773	2.661549595318	-104.80589686635574	0.18483442469011468	0.024526392696595813	0.024526392696595813	0.021463911980666085
6980000	-86.58806762338152	1.4073577531047339	-87.99542537648625	0.4566507920857371	0.062421505631745054	0.062421505631745054	0.02598867239261332
6990000	-101.46664705995839	1.6937887727136718	-103.16043583267206	0.29640241365598374	0.04100574280231472	0.04100574280231472	0.021152689573896447
7000000	-94.60117507573337	2.3782484795910728	-96.97942355532444	0.2318349752285591	0.03590113468139818	0.03590113468139818	0.018593493376957072
7010000	-83.8001216189773	-0.7267896386414598	-83.07333198033584	0.4038627370255913	0.059580497093801275	0.059580497093801275	0.023356204993336478
7020000	-66.36219798583156	-0.995488850404728	-65.36670913542683	0.9203860786602576	0.054750953901325096	0.054750953901325096	0.01743561444850862
7030000	-72.98772108293828	1.2911555539926054	-74.27887663693089	0.5145303875084205	0.061420391955820726	0.061420391955820726	0.025112180741655853
7040000	-57.403956106370956	-2.662423105849431	-54.74153300052153	1.1271865642926626	0.06590014065008519	0.06590014065008519	0.020827801987022006
7050000	-67.1251806498446	-1.5856073822629062	-65.53957326758169	0.7172538832128452	0.07425095087150596	0.07425095087150596	0.022648438210694847
7060000	-59.085062283305795	-1.5743781555668996	-57.5106841277389	1.1816302879466138	0.14704053326725902	0.14704053326725902	0.034967974835347415
7070000	-79.92152742446297	1.5070181278688564	-81.42854555233183	0.34592750822237683	0.054626050889046505	0.054626050889046505	0.026874197930175807
7080000	-69.98972671649248	-0.2064317037365787	-69.7832950127559	0.8121293434359831	0.06854951745363964	0.06854951745363964	0.020581814392532222
7090000	-81.43434589068387	1.600416174577482	-83.03476206526135	0.5051793154230726	0.043198232279196294	0.043198232279196294	0.0222094357037038
7100000	-81.59239827338354	1.6623214556869046	-83.25471972907044	0.43673982348290175	0.059265742763154695	0.059265742763154695	0.024832624663348714
7110000	-81.6018017221686	0.21381747562952558	-81.81561919779813	0.593096744700525	0.09662497494570395	0.09662497494570395	0.026114025794100222
7120000	-124.35918634057192	2.319992974870983	-126.67917931544291	0.08167899286841358	0.04601304368088642	0.04601304368088642	0.03963532358904615
7130000	-97.31513439699106	0.7130501647029766	-98.02818456169403	0.2613723368031285	0.05075480940258855	0.05075480940258855	0.024576788080841218
7140000	-116.93050669616711	0.46205581238230486	-117.39256250854942	0.15881649388134292	0.05329251939789524	0.05329251939789524	0.038884063799394034
7150000	-115.47090541562754	2.3411586714220762	-117.81206408704962	0.11302987727406438	0.03879906875898493	0.03879906875898493	0.028701862441837714
7160000	-103.50667463104475	2.643201873698706	-106.14987650474345	0.19365575391426101	0.04923433767360204	0.04923433767360204	0.02998362688044609
7170000	-84.30317623386887	-0.11236774950988071	-84.19080848435898	0.34710290092028645	0.049417219396874566	0.049417219396874566	0.025711247423693892
7180000	-111.7816043985532	2.5007642849051708	-114.28236868345837	0.14469108751956258	0.014343087036517845	0.014343087036517845	0.020076787010845417
7190000	-95.64391750860177	2.3156790472929014	-97.95959655589468	0.28918448429107957	0.043025021857619423	0.043025021857619423	0.02466681935126799
7200000	-100.93204840641022	2.4960160740013038	-103.42806448041152	0.22561613994665422	0.05347540177667544	0.05347540177667544	0.027225750833166723
7210000	-103.32157343229301	1.3337524551871738	-104.65532588748017	0.20538616530394613	0.05077213316735536	0.05077213316735536	0.030968582306423582
7220000	-93.91774327496496	0.8879737875329755	-94.80571706249793	0.3542078304190349	0.056302591825568855	0.056302591825568855	0.023807719577679402
7230000	-73.18032786988839	0.639843021099639	-73.82017089098802	0.5778734975323772	0.06973092200170851	0.06973092200170851	0.024372819983285422
7240000	-134.81620854694054	1.9960179505512081	-136.81222649749176	0.10012753460087317	0.040993725966382635	0.040993725966382635	0.03400581994469681
7250000	-139.43253676245848	2.5765127161209187	-142.0090494785794	0.05442134288651932	0.0350244168352062	0.0350244168352062	0.04282106519294147
7260000	-139.86691472159387	0.48077692181230836	-140.3476916434062	0.07425857440018643	0.03365738465283353	0.03365738465283353	0.035653910383112476
7270000	-148.7234554986999	2.2693764195971946	-150.9928319182971	0.04100738757370307	0.011803922756707438	0.011803922756707438	0.020031035299792867
7280000	-103.51912266622395	2.273127394263871	-105.79225006048782	0.18159827702000245	0.04768044134881525	0.04768044134881525	0.030875222425048907
7290000	-101.1811100396769	1.5121049080968518	-102.69321494777374	0.19583926423617104	0.03091071096523737	0.03091071096523737	0.023475778519434182
7300000	-81.0713319900976	-0.3489440886553298	-80.72238790144227	0.6285202206012263	0.10133623579436107	0.10133623579436107	0.03232228322749251
7310000	-90.53347237362256	2.0108821937688837	-92.54435456739144	0.3267490429900328	0.03252918074787031	0.03252918074787031	0.01845697263968072
7320000	-115.65974608206426	-0.2588936533609023	-115.40085242870336	0.13498108519724616	0.02856324039763807	0.02856324039763807	0.021012448385965384
7330000	-97.41365425373064	2.4005406878311257	-99.81419494156177	0.23332074945548956	0.06332655991531748	0.06332655991531748	0.03242297230879722
7340000	-93.85077887584426	-0.2528773593759679	-93.59790151646828	0.30440260871954034	0.0552759363966799	0.0552759363966799	0.02857441632710018
7350000	-72.127713856336	-0.43656720988492437	-71.69114664645107	0.842505959368305	0.05911431681789313	0.05911431681789313	0.02543188237484374
7360000	-79.34084194821205	1.3018674290664354	-80.64270937727848	0.5228997737388457	0.08123548635465687	0.08123548635465687	0.025287185798253557
7370000	-84.83318186712594	0.14888717093934023	-84.98206903806529	0.3963983108898752	0.05473137700807613	0.05473137700807613	0.023719522929004276
7380000	-97.91082261997707	0.8983239147053994	-98.80914653468247	0.1969235626303723	0.051371826559640114	0.051371826559640114	0.029222151332837357
7390000	-79.09325949151294	0.4509014037829606	-79.5441608952959	0.6548170038211236	0.08858369961191889	0.08858369961191889	0.028461755553121672
7400000	-70.80548698593276	0.1609858679888304	-70.96647285392159	0.74879643611294	0.10330471448871052	0.10330471448871052	0.03448531683417412
7410000	-87.76799587742397	0.21870141332372395	-87.9866972907477	0.33569032063257553	0.055756425225132245	0.055756425225132245	0.024859937338439924
7420000	-82.60941316104564	0.6887924141026842	-83.29820557514832	0.5493791142886743	0.07962865491639674	0.07962865491639674	0.024171904393122196
7430000	-58.45952555239458	0.012400687921789277	-58.47192624031637	0.8735416149820173	0.0489408838393203	0.0489408838393203	0.019276014946900788
7440000	-124.49095831078618	2.6698744787389987	-127.16083278952519	0.10786899193801813	0.03282787746301069	0.03282787746301069	0.02986116689406126
7450000	-95.76956564894887	1.599876123479544	-97.36944177242842	0.3637575307737938	0.033565070091867544	0.033565070091867544	0.01917197280903086
7460000	-57.029835915682064	-3.5070213028150996	-53.522814612866966	1.2508203924624441	0.0873483282056175	0.0873483282056175	0.028037733512117934
7470000	-81.18206814172625	0.4814185075167273	-81.66348664924297	0.47931003605780603	0.026664706984816693	0.026664706984816693	0.012523863267179643
7480000	-81.11591709194019	0.9262125194780282	-82.04212961141822	0.4274819141284231	0.040377723851632505	0.040377723851632505	0.018524288125691103
7490000	-77.604135784311	-0.17076575978151187	-77.43337002452948	0.6672050508250225	0.06808854137838706	0.06808854137838706	0.024114723570285882
7500000	-101.47374923003314	2.0315770677805967	-103.50532629781374	0.21298431730229936	0.022180522849704093	0.022180522849704093	0.01765195182077815
7510000	-133.19023978452375	1.1712945970807334	-134.36153438160449	0.06275696460275264	0.019558745174492426	0.019558745174492426	0.022106122588651175
7520000	-136.30794788545927	1.541625174967785	-137.84957306042705	0.08307050520578659	0.0324620814113136	0.0324620814113136	0.03380831788670657
7530000	-140.07532290970855	2.3569836904321235	-142.43230660014066	0.0470735580326131	0.018172784448341587	0.018172784448341587	0.022359798852763294
7540000	-114.30750812288873	1.1682923531328524	-115.47580047602159	0.11793934633428682	0.030692672102393983	0.030692672102393983	0.022796466729663935
7550000	-81.34019183549151	0.3404038940874171	-81.68059572957893	0.4336869676916624	0.0671405759049604	0.0671405759049604	0.021579513878492836
7560000	-88.41243002460624	0.41976647848383086	-88.83219650309007	0.34169913213366815	0.05356573960290539	0.05356573960290539	0.022872457213665057
7570000	-89.67675976129719	0.31010492269496703	-89.98686468399215	0.37800270262221636	0.035717186728900126	0.035717186728900126	0.017069938342036222
7580000	-91.42889096052548	1.5241598452854295	-92.9530508058109	0.34169041703248176	0.06599248030950969	0.06599248030950969	0.02635459469300613
7590000	-88.74876752825806	1.87883987410085	-90.6276074023589	0.4086524218281453	0.07598602104599839	0.07598602104599839	0.030041206846298393
7600000	-109.5281573784559	2.0147078610952196	-111.54286523955112	0.2024076411406934	0.019853630759111895	0.019853630759111895	0.02244576439255148
7610000	-110.92641535672799	1.9327704541000506	-112.85918581082804	0.23344217973343862	0.03002659357996383	0.03002659357996383	0.026805813598629585
7620000	-83.15642954259347	1.1563520991261953	-84.31278164171967	0.5670490151113786	0.08743168240909642	0.08743168240909642	0.026258077412477293
7630000	-114.99848800496511	2.5600707268474774	-117.55855873181258	0.13617161334681854	0.02979196864478882	0.02979196864478882	0.01928693469578692
7640000	-98.97227329110912	1.800237932707821	-100.77251122381693	0.2772846654270659	0.06461287309650561	0.06461287309650561	0.03124823824485628
7650000	-75.42825680516326	0.7635891196249948	-76.19184592478825	0.6032849752087657	0.06847590941833875	0.06847590941833875	0.025102781734220446
7660000	-67.84089271581131	-0.8085807303802434	-67.03231198543106	0.9018465697255845	0.09850747716791586	0.09850747716791586	0.030736757084050888
7670000	-97.20920298293665	2.3715646165200877	-99.58076759945673	0.24830195602133662	0.06851446777535752	0.06851446777535752	0.03639831110876397
7680000	-87.71971287949276	1.493979898570979	-89.21369277806374	0.33847682650365335	0.0665275894423692	0.0665275894423692	0.032035471325716824
7690000	-133.74652443715655	0.9530769527531646	-134.6996013899097	0.08391863706936056	0.020741293581935882	0.020741293581935882	0.015891521236016507
7700000	-91.48190120743037	-1.4794251697719947	-90.00247603765837	0.37579710291553475	0.08100147643159425	0.08100147643159425	0.03845996942105098
7710000	-86.22030134148827	-2.0740550741115324	-84.14624626737674	0.522845964437328	0.10687789487890388	0.10687789487890388	0.04116748265889936
7720000	-74.45582137194747	0.08085614877417646	-74.53667752072164	0.7777321380407112	0.10109319638683142	0.10109319638683142	0.026599350866870042
7730000	-118.03260433929206	2.412456698842897	-120.44506103813497	0.14706370310154485	0.03823563033960729	0.03823563033960729	0.02864509113467692
7740000	-108.62657057877252	2.4245208748733025	-111.05109145364582	0.20989156904639	0.04940214820712745	0.04940214820712745	0.028128680252018902
7750000	-72.7632413727793	0.35471939126485685	-73.11796076404416	0.6979328399296352	0.09406829196465044	0.09406829196465044	0.035914181047694956
7760000	-77.49495625723276	0.8105045937647865	-78.30546085099755	0.5979565636731917	0.050384542870575484	0.050384542870575484	0.019411617212405544
7770000	-98.21345847386702	2.213816853945975	-100.42727532781299	0.29118168242807657	0.04954183337017125	0.04954183337017125	0.028685391271967405
7780000	-93.59494003788127	1.827359103883609	-95.42229914176488	0.37444288888043525	0.06766057248117717	0.06766057248117717	0.027691674641089965
7790000	-86.54969389595179	1.74221350602889	-88.29190740198068	0.3832816993003379	0.06873435938554857	0.06873435938554857	0.032175413413424614
7800000	-99.97393148061924	2.341997554481988	-102.31592903510123	0.21312996062449782	0.0583645112520255	0.0583645112520255	0.03288809704332109
7810000	-125.42517887509406	0.4124234376211975	-125.83760231271526	0.12826690355427642	0.013848769594080216	0.013848769594080216	0.020657128408264884
7820000	-95.4060339551226	1.808926622247478	-97.21496057737008	0.37406099514820124	0.07605824276267852	0.07605824276267852	0.029717090852380643
7830000	-117.5715188249189	-0.5409434465087912	-117.0305753784101	0.15589595906449377	0.0274471757392814	0.0274471757392814	0.017102574486940435
7840000	-83.4992495755112	-1.8623016148588678	-81.63694796065234	0.5500504331213381	0.08651939382811943	0.08651939382811943	0.027846558655062026
7850000	-76.37634989089882	1.3613167579898495	-77.73766664888868	0.4775244717658353	0.0639459234476995	0.0639459234476995	0.0248272959759367
7860000	-82.85281721284537	-1.6136103634607353	-81.23920684938463	0.47889594863618623	0.054913481176144946	0.054913481176144946	0.02403013323603334
7870000	-60.224184290957325	0.13401523802628845	-60.35819952898361	0.8540070185119237	0.054966412996920566	0.054966412996920566	0.023608212921232486
7880000	-69.10518062064989	1.0849251409085454	-70.19010576155843	0.602822606644474	0.05805918735411312	0.05805918735411312	0.02146396901330909
7890000	-80.21410087257844	1.480025285712912	-81.69412615829135	0.4300099625724319	0.056847387650422854	0.056847387650422854	0.028683872914180657
7900000	-79.03499276092161	1.241734430860079	-80.27672719178169	0.5110806282848622	0.05963471701516395	0.05963471701516395	0.02440717290915299
7910000	-82.58028586520956	1.617611019675881	-84.19789688488544	0.49993263623162104	0.050501898132002024	0.050501898132002024	0.027631187752742894
7920000	-66.45989039507259	-1.050447568360148	-65.40944282671245	0.9825001328107457	0.09599003508004901	0.09599003508004901	0.02607736275671283
7930000	-87.99708045653496	1.8523177767783303	-89.8493982333133	0.40829248870581497	0.081823890774206	0.081823890774206	0.030223699920676368
7940000	-70.31224551718424	1.5507995854697294	-71.86304510265397	0.48265704960663536	0.04756547209230519	0.04756547209230519	0.01907016010129933
7950000	-71.86966861905964	1.1016167781003157	-72.97128539715996	0.551875619296956	0.061327332669049626	0.061327332669049626	0.02498471206432566
7960000	-108.8870350627769	2.5291659296802327	-111.41620099245714	0.13249247497556735	0.028405319396057168	0.028405319396057168	0.02337584836208162
7970000	-106.99465958083175	1.737962364621608	-108.73262194545336	0.1452469205537071	0.03736917051910278	0.03736917051910278	0.026817898129397826
7980000	-82.16557087384523	-1.52874725033718	-80.63682362350805	0.4863954125155148	0.049279778775606874	0.049279778775606874	0.022963665594328303
7990000	-100.78116910428858	2.308856118269392	-103.09002522255797	0.22072246615813537	0.04477103526217372	0.04477103526217372	0.029811541254881637
8000000	-96.28424667939181	0.8042903589240008	-97.08853703831582	0.46989596854529664	0.0818903278221128	0.0818903278221128	0.027241741776070867
8010000	-86.81492804328865	2.048866723620136	-88.86379476690878	0.32489682241397205	0.048590038301847036	0.048590038301847036	0.020143965317818258
8020000	-67.58491571292996	-1.325171230439885	-66.25974448249006	0.9832527903107042	0.14254859761967276	0.14254859761967276	0.03599113178559509
8030000	-77.07813433307568	1.1202673997140524	-78.19840173278973	0.5965093652195733	0.09126419900360078	0.09126419900360078	0.03079738901565609
8040000	-115.77097123634077	2.21803027489127	-117.98900151123205	0.1483478759542177	0.03608183197435607	0.03608183197435607	0.02617882078781232
8050000	-127.36469964831453	1.3566747510031245	-128.72137439931765	0.14035784868990187	0.0731112642088603	0.0731112642088603	0.053769198115843575
8060000	-87.64560198484668	1.395596810521142	-89.04119879536782	0.38352346035161605	0.07205229967128275	0.07205229967128275	0.03353182100740358
8070000	-144.9488415949234	1.889135977190715	-146.8379775721141	0.056894571225962975	0.028963290543648976	0.028963290543648976	0.031360474203110694
8080000	-108.3077058021724	1.4180430504071553	-109.72574885257956	0.24797475468110317	0.044077645347659435	0.044077645347659435	0.028413483962727873
8090000	-105.5681926825895	1.741420567331424	-107.30961324992091	0.24222389264811217	0.08853003364219621	0.08853003364219621	0.05431877488117104
8100000	-113.22327944484675	0.6667695948855266	-113.89004903973228	0.1353682890382004	0.03105132250481019	0.03105132250481019	0.025186158645741745
8110000	-97.48884199517228	0.36559840786406195	-97.85444040303634	0.27156929551022	0.05044679627568919	0.05044679627568919	0.0239145470117502
8120000	-84.75577291765151	2.1746598893999036	-86.93043280705142	0.3774906071318378	0.06463721342630656	0.06463721342630656	0.03213022245467646
8130000	-83.31919845600208	0.7817054584733706	-84.10090391447545	0.4918454078791553	0.06195386986323643	0.06195386986323643	0.02824703552916558
8140000	-76.70351160318198	1.6630051462518352	-78.36651674943381	0.48706783096358575	0.041353570111506005	0.041353570111506005	0.01761262774523788
8150000	-95.88360242527236	0.15878785172594423	-96.0423902769983	0.3358475866010091	0.04080757900750437	0.04080757900750437	0.030625573768060913
8160000	-84.28691477709158	0.9895531987068277	-85.27646797579841	0.42588078686009867	0.05296336299065815	0.05296336299065815	0.02535465869455872
8170000	-103.06295944925172	2.0889514995158738	-105.1519109487676	0.26955473739589203	0.04769083565704442	0.04769083565704442	0.02240725543518421
8180000	-78.33739994536384	0.9624426230130185	-79.29984256837686	0.6040258942457527	0.12071086097015189	0.12071086097015189	0.04161469417696609
8190000	-97.00376580586713	1.8925995216784226	-98.89636532754555	0.22686339538064265	0.050983183937877825	0.050983183937877825	0.026857568097283603
8200000	-99.62304755263004	2.102917353566002	-101.72596490619604	0.2381753540231422	0.053798636743294326	0.053798636743294326	0.030507845391042905
8210000	-111.80903352876497	1.8277271211824575	-113.63676064994743	0.2404142221822915	0.0647496399608753	0.0647496399608753	0.03724203884925166
8220000	-76.74564552667957	1.3072316805582256	-78.0528772072378	0.569602810877891	0.08166393724075814	0.08166393724075814	0.02651284587924464
8230000	-71.51592037818808	-0.741907857471217	-70.77401252071687	0.5666099935137398	0.0581260673535313	0.0581260673535313	0.02435984072840929
8240000	-79.62648217188193	0.9654421873284003	-80.59192435921034	0.4824832252120786	0.07470492462695916	0.07470492462695916	0.026173254521136093
8250000	-102.9691135046875	0.26062891091455853	-103.22974241560206	0.24728095473013903	0.0325509054922743	0.0325509054922743	0.022800862921211
8260000	-98.39629318980072	2.3204674339907085	-100.71676062379143	0.25503141675839325	0.04074597389162215	0.04074597389162215	0.01999667966458165
8270000	-93.31919680354238	1.7333016731388677	-95.05249847668125	0.363182004430946	0.06989754724662668	0.06989754724662668	0.028407112238887394
8280000	-82.59659753511283	1.8489169456894636	-84.4455144808023	0.4280059802198187	0.07335210798001833	0.07335210798001833	0.030911839048381233
8290000	-76.09372100539484	1.4306944870851508	-77.52441549247999	0.48025800963742543	0.03614265775395643	0.03614265775395643	0.023034008551042887
8300000	-83.14152209949285	0.6900572057623183	-83.83157930525516	0.6425573506208112	0.10830461166532554	0.10830461166532554	0.03602788195121416
8310000	-91.00095858440548	1.0369190777669481	-92.03787766217243	0.31815836518880036	0.06042705854992425	0.06042705854992425	0.027583413775086267
8320000	-87.65396721151002	0.980264205159515	-88.63423141666954	0.4585393861477536	0.06437986911037527	0.06437986911037527	0.02755268760097415
8330000	-115.24600081252677	2.6193836556225483	-117.86538446814932	0.20305238674473738	0.03806854310962809	0.03806854310962809	0.021489872146857332
8340000	-68.52315194250134	-0.5715129201328699	-67.95163902236847	0.9584224057529244	0.09555489248965311	0.09555489248965311	0.02582824293273741
8350000	-97.99983374463756	2.302932602800668	-100.30276634743822	0.30701019780528277	0.07260037034355539	0.07260037034355539	0.03308904815667543
8360000	-107.2921191117919	2.4445393961184063	-109.7366585079103	0.196907512470218	0.03429637032099692	0.03429637032099692	0.017773682814496677
8370000	-99.20923837760621	1.2073009440365507	-100.41653932164276	0.31103912340176193	0.05285297890505798	0.05285297890505798	0.026936850535320585
8380000	-72.99568002762321	0.7670025526444044	-73.76268258026761	0.6986809560752699	0.08760540457794537	0.08760540457794537	0.029756830985773763
8390000	-86.87943452148858	-0.7941487981748212	-86.08528572331376	0.6113072431128823	0.11365966359989411	0.11365966359989411	0.03882263331883015
8400000	-84.77859896806481	1.7308233550357734	-86.50942232310058	0.43198159924374574	0.06713385442062808	0.06713385442062808	0.030306406925930895
8410000	-71.09120888812616	0.17140314953878322	-71.26261203766495	0.6234806471085632	0.11253794366131982	0.11253794366131982	0.03809871261705344
8420000	-91.21329045213565	-0.06657243487444564	-91.14671801726121	0.46029292792209103	0.04050568485360757	0.04050568485360757	0.018718600128083865
8430000	-77.2871242128363	2.0947859163239326	-79.38191012916023	0.3875818795974962	0.04171138770559905	0.04171138770559905	0.022996397268646426
8440000	-81.521345723814	0.32677763773557333	-81.84812336154957	0.7329477106042182	0.127470636302132	0.127470636302132	0.03494353846515307
8450000	-68.88247120180768	-0.2021959366630911	-68.68027526514459	0.7195327354920569	0.0784778750975354	0.0784778750975354	0.026132268754613663
8460000	-75.84565759556585	-0.5874938061971994	-75.25816378936865	0.6532022540493867	0.08958084264122153	0.08958084264122153	0.02834208848174504
8470000	-67.49313636385448	-1.2726385117311692	-66.2204978521233	0.7341168863391979	0.08285746110349401	0.08285746110349401	0.021777511878899983
8480000	-106.35408784858338	0.10697232389484945	-106.46106017247823	0.2246331585479413	0.04887892803459923	0.04887892803459923	0.030589399869964225
8490000	-112.54097632064594	2.7561994352676744	-115.29717575591361	0.15855705637645448	0.01717355659142323	0.01717355659142323	0.018249461249873526
8500000	-94.65916136645579	1.2983879621862422	-95.95754932864203	0.3281051725859161	0.07048706495205999	0.07048706495205999	0.02857646946704264
8510000	-93.21549319865866	1.2957597061458168	-94.51125290480448	0.3906096652890464	0.04806073872832842	0.04806073872832842	0.01957070826040351
8520000	-86.82030337270925	1.0335940799821217	-87.85389745269137	0.37859555378396076	0.04716435484423751	0.04716435484423751	0.028363439125268355
8530000	-84.45274355062814	0.9617583955323673	-85.41450194616051	0.43282883087728924	0.10407846243734323	0.10407846243734323	0.04594061679925001
8540000	-144.23595305405212	2.445235696546235	-146.68118875059835	0.044734952505572405	0.017113113957320708	0.017113113957320708	0.025335190115084047
8550000	-105.035371787828	0.9131687398665509	-105.94854052769455	0.18771474707423796	0.038464028102488536	0.038464028102488536	0.023667489605582175
8560000	-69.81360594355077	0.948214318002224	-70.761820261553	0.617003524723316	0.047304038374852295	0.047304038374852295	0.02477731364560078
8570000	-107.99994495240207	1.2833118665165206	-109.2832568189186	0.15312772104331523	0.06390551061196138	0.06390551061196138	0.043638295639703735
8580000	-117.37102693371882	2.4691069412638624	-119.84013387498268	0.13776350534386694	0.041562827290410845	0.041562827290410845	0.03320927732482205
8590000	-105.85050072656496	2.3788773605021163	-108.22937808706708	0.15280108475091247	0.04446202766742141	0.04446202766742141	0.027671466163277758
8600000	-79.8677465079192	2.1486383448852293	-82.01638485280442	0.30701139613197487	0.050905605880847596	0.050905605880847596	0.024367996435242303
8610000	-92.36637298500757	1.6304926652980885	-93.99686565030566	0.3845400008785369	0.08968654680582015	0.08968654680582015	0.03967145908419489
8620000	-73.69385532333737	-0.36622724309952626	-73.32762808023784	0.7977485484314959	0.07600671746360942	0.07600671746360942	0.02571398890027909
8630000	-83.50537544241365	1.25215500415933	-84.75753044657299	0.5415822252642435	0.10158872944797383	0.10158872944797383	0.03141191600970303
8640000	-101.10093535342338	2.434683912447884	-103.53561926587126	0.2696175690542709	0.07562046424143562	0.07562046424143562	0.04193711193784119
8650000	-62.7377620984741	-2.167554991382252	-60.570207107091846	0.8157727081105466	0.08509301649445525	0.08509301649445525	0.021405094115186932
8660000	-92.88233977481616	0.6278146429727158	-93.51015441778888	0.3100629057830345	0.041905505420814934	0.041905505420814934	0.02168879625906752
8670000	-83.6235082721608	2.101309968246811	-85.72481824040761	0.34828334632700136	0.04551284379961907	0.04551284379961907	0.022216815170784634
8680000	-82.5104994647671	1.7076314609045877	-84.21813092567169	0.4587520442962583	0.07141460180629214	0.07141460180629214	0.0297496999988763
8690000	-94.31930939456444	1.1821036282286101	-95.50141302279306	0.25556437447595554	0.05305749781727374	0.05305749781727374	0.026189893947051172
8700000	-65.04058347711026	0.4246447837411681	-65.46522826085143	0.7368626708830323	0.10828633526222581	0.10828633526222581	0.03336214491347901
8710000	-92.86641112437368	0.6018664853459975	-93.46827760971968	0.31104213427495053	0.05638872865650287	0.05638872865650287	0.023065529330464744
8720000	-79.01222053610304	1.530988922785041	-80.54320945888809	0.5399595175453822	0.05804766764522201	0.05804766764522201	0.028235171582476477
8730000	-58.47234903092704	-3.3231750480395794	-55.14917398288746	1.2445392880810522	0.06681418402768427	0.06681418402768427	0.023595026702508445
8740000	-101.71316093052933	1.7829853137591987	-103.49614624428852	0.26272348441424626	0.08718612553341651	0.08718612553341651	0.044136392725062736
8750000	-119.02272229248453	1.7899344809309619	-120.8126567734155	0.11758765340191084	0.027019036317358927	0.027019036317358927	0.02404504960397296
8760000	-69.52470870440699	-0.5999539975735585	-68.92475470683343	0.9211711198397929	0.16683364475974383	0.16683364475974383	0.047445845252693714
8770000	-71.71220619896347	-0.5746931219734982	-71.13751307698998	0.7164513931123853	0.0737898567671097	0.0737898567671097	0.022955042576230412
8780000	-58.771784114566685	-1.7304079706856337	-57.04137614388105	1.1032942419264038	0.08357409640480819	0.08357409640480819	0.019037769492219796
8790000	-77.16918788661302	0.00714746564892399	-77.17633535226194	0.621498505589982	0.07423959599336852	0.07423959599336852	0.03076978447481822
8800000	-78.19684267520564	1.453900672677483	-79.65074334788312	0.4235525507176432	0.053054260704552686	0.053054260704552686	0.020966724492351277
8810000	-71.81555968364864	0.07540810257962771	-71.89096778622827	0.8008747288214034	0.08342734369261104	0.08342734369261104	0.024036969186243984
8820000	-79.9937529984126	0.09593775843525865	-80.08969075684786	0.4838942199814315	0.022871393468551677	0.022871393468551677	0.015023030120812806
8830000	-83.65361059490967	1.661962314679938	-85.3155729095896	0.48742456743217466	0.03917577423669569	0.03917577423669569	0.023023089907891377
8840000	-92.54138437255028	2.3028060120953167	-94.8441903846456	0.2885867140457555	0.04553826124159565	0.04553826124159565	0.023859584304518098
8850000	-71.06442825484856	0.42608321114038505	-71.49051146598894	0.7801258015576387	0.07620645500728881	0.07620645500728881	0.026100549823908616
8860000	-96.12750107902346	1.8141480414630307	-97.94164912048649	0.3095446695823767	0.07635418063723541	0.07635418063723541	0.039747870955526676
8870000	-114.383056227436	1.7409748621412224	-116.12403108957723	0.13531910118775803	0.009437712546737828	0.009437712546737828	0.01553933586376042
8880000	-105.84262507712259	2.427470795903491	-108.27009587302608	0.21834190300236292	0.05414362915991138	0.05414362915991138	0.026194656660380993
8890000	-102.1175506154908	2.446368081052186	-104.56391869654298	0.22437221415565137	0.049587935997060476	0.049587935997060476	0.026687007541151234
8900000	-95.13079368968874	1.5034018391490607	-96.63419552883781	0.27770650598051555	0.0797846860134444	0.0797846860134444	0.03780638863516676
8910000	-71.8447796660149	0.4977814162154467	-72.34256108223035	0.5266539767847572	0.05661109354367311	0.05661109354367311	0.02137414961158077
8920000	-91.66700325106387	0.558484142962064	-92.22548739402593	0.330521296830615	0.06269100240695712	0.06269100240695712	0.031229547830617366
8930000	-76.07511722929112	0.21075533727313245	-76.28587256656425	0.5600879349452703	0.018570170359770575	0.018570170359770575	0.017722696150223434
8940000	-82.77404263159382	0.24256363485891275	-83.01660626645273	0.6232728284667173	0.1084366322904897	0.1084366322904897	0.032856601298110376
8950000	-84.5243582054011	0.6845125978166094	-85.2088708032177	0.5254466968835995	0.07454166937658192	0.07454166937658192	0.029919710495606766
8960000	-115.31941350980158	2.6373935354366487	-117.95680704523822	0.1426603141587222	0.05218909646630526	0.05218909646630526	0.03641939029013729
8970000	-93.89866356399469	1.8707679197254548	-95.76943148372014	0.3164980085868015	0.040545657636799515	0.040545657636799515	0.022919345868493066
8980000	-103.48269771739302	1.3474664138167007	-104.83016413120973	0.1871806223278248	0.058186468626554085	0.058186468626554085	0.03806056906692012
8990000	-106.68827342706687	2.4393865359563547	-109.12765996302323	0.1828941772009095	0.02946607773051685	0.02946607773051685	0.020535993893826952
9000000	-62.89361636745256	0.4581750486773928	-63.35179141612995	0.7587898944870113	0.11652077114456094	0.11652077114456094	0.035612054958504114
9010000	-85.36024757902351	1.7800563000911913	-87.1403038791147	0.29142465250006533	0.050917905497749036	0.050917905497749036	0.03199828455853597
9020000	-80.94873588927219	1.564923934249435	-82.51365982352162	0.37409425904063004	0.054138317775182465	0.054138317775182465	0.026427313571911328
9030000	-93.26220326063707	0.7507068927880692	-94.01291015342514	0.33167318431389353	0.059570858147401595	0.059570858147401595	0.032999202732659126
9040000	-100.2470573966895	1.4387498366861524	-101.68580723337566	0.18823794447707085	0.016865010483638643	0.016865010483638643	0.017109919890760175
9050000	-79.2612869478746	1.0468678228351962	-80.30815477070979	0.5073891294689213	0.079343373704197	0.079343373704197	0.03358340672500325
9060000	-72.26926473817657	0.35290311323606927	-72.62216785141264	0.7389408866273887	0.04088985724335511	0.04088985724335511	0.021690305086948285
9070000	-98.08990504448869	2.540683633871012	-100.6305886783597	0.22704252399230207	0.04239808094241679	0.04239808094241679	0.023299354702086446
9080000	-77.71836253486019	-0.26897954738572294	-77.44938298747446	0.7142503062316957	0.06822746370724922	0.06822746370724922	0.027274176692883477
9090000	-108.47040094457977	2.135672389780772	-110.60607333436053	0.16232892807354196	0.03543430752117448	0.03543430752117448	0.019259056472629914
9100000	-63.63354734980348	0.02531662645161248	-63.65886397625509	0.7910010824371743	0.07616346824054428	0.07616346824054428	0.03010621002037534
9110000	-71.21847492233904	1.3592223910283194	-72.57769731336737	0.5866373845305249	0.04696975216898801	0.04696975216898801	0.02592371647213539
9120000	-92.17715551791353	1.2704295313964362	-93.44758504930996	0.41771263938592407	0.06262892359621093	0.06262892359621093	0.02310889040860615
9130000	-110.06635796293332	1.798569799524873	-111.8649277624582	0.17274900889831554	0.044773601886496595	0.044773601886496595	0.02369894880785186
9140000	-120.23090977394118	1.9939073603880741	-122.22481713432926	0.14193398454408465	0.035827163417207375	0.035827163417207375	0.02038152439868908
9150000	-126.00429634976187	2.8105826942644603	-128.81487904402633	0.1003924842460403	0.03630617588356436	0.03630617588356436	0.029219624903584762
9160000	-150.18474280784397	2.3153045255885787	-152.50004733343255	0.0636892577320547	0.030805785582400453	0.030805785582400453	0.03476039018915181
9170000	-113.20443039104539	2.257763506934776	-115.46219389798017	0.13417939861960348	0.02325305978002385	0.02325305978002385	0.01830857735653377
9180000	-142.40489234461177	1.5586283277830955	-143.96352067239485	0.0519741586774758	0.025384079096790007	0.025384079096790007	0.027326451424017552
9190000	-115.75807500055645	0.9494056800240576	-116.7074806805805	0.15957032334062562	0.03723523660289726	0.03723523660289726	0.022696832829097582
9200000	-120.06340982381639	-0.769416485042659	-119.29399333877373	0.10295247938184911	0.029549466889274338	0.029549466889274338	0.0241522622158167
9210000	-119.70219386934296	1.962598622729018	-121.66479249207198	0.10788994413347266	0.0414768418609255	0.0414768418609255	0.034706050474915984
9220000	-101.2924325123542	0.44615926795480787	-101.73859178030901	0.20157968757606054	0.035037561421528786	0.035037561421528786	0.02547855758814247
9230000	-111.23047299131913	2.235219453033171	-113.4656924443523	0.12235315940814868	0.03898295038341174	0.03898295038341174	0.03087725615967726
9240000	-72.19304026192903	-0.11416399602323801	-72.07887626590579	0.670405172265466	0.05707590164489931	0.05707590164489931	0.029417268099623337
9250000	-88.76033213810511	1.2563538054759702	-90.01668594358108	0.3952273071268499	0.07136608310102491	0.07136608310102491	0.024113829681544234
9260000	-85.85545264349885	1.395039941767493	-87.25049258526634	0.3300176523038455	0.05239561297605642	0.05239561297605642	0.02220517355350826
9270000	-73.26282877905292	-1.3784241324825	-71.88440464657043	0.7033537699649547	0.11032435309593909	0.11032435309593909	0.033357040834539206
9280000	-84.82442362976812	-5.119321100822192	-79.70510252894593	0.5699532125269692	0.06872739237159536	0.06872739237159536	0.025271678634478455
9290000	-71.44962789550942	0.018053257810341283	-71.46768115331976	0.7013479749126601	0.05842105889462828	0.05842105889462828	0.022695634365995053
9300000	-78.19370248726025	0.8555689330375652	-79.04927142029781	0.5777344765018436	0.03832654622618152	0.03832654622618152	0.028583801045094902
9310000	-109.74232508031031	2.6841645340659532	-112.42648961437627	0.14707781778199094	0.03835509218991405	0.03835509218991405	0.030019062983626485
9320000	-106.52690582271387	1.5512466769102966	-108.07815249962417	0.2458774234566146	0.05278880664392843	0.05278880664392843	0.03095739048484822
9330000	-111.59090924562035	2.798794270854587	-114.38970351647494	0.14374946046060325	0.037994271055793484	0.037994271055793484	0.031383436413460475
9340000	-101.28988482650533	2.707711310340362	-103.99759613684569	0.22545336458811516	0.007504218311773287	0.007504218311773287	0.024776204492721287
9350000	-70.35800688693016	-1.5165200261556429	-68.84148686077451	0.9127190162260621	0.08009985833239083	0.08009985833239083	0.031859148325164344
9360000	-67.3249861679031	0.3130554929248427	-67.63804166082795	0.7034681808272383	0.09306996238952961	0.09306996238952961	0.026542669266849554
9370000	-120.1813440863692	1.7152864793067035	-121.89663056567589	0.15299041585240994	0.030677942441223564	0.030677942441223564	0.021908980325586233
9380000	-136.78569367165292	2.432352013962107	-139.21804568561504	0.07225571987767912	0.017629045170307125	0.017629045170307125	0.024842824771892567
9390000	-63.9887961240364	-0.3354362862290162	-63.65335983780738	0.944207400515174	0.06512745082525481	0.06512745082525481	0.022441148092061634
9400000	-66.48564446033792	1.151919444393511	-67.63756390473144	0.6339957566376296	0.08687061445901205	0.08687061445901205	0.03198909529035622
9410000	-73.61076683617694	0.6399945233386589	-74.2507613595156	0.45719834124085007	0.0652297260248395	0.0652297260248395	0.024184254459051965
9420000	-70.83590790765658	0.5981809853449096	-71.43408889300149	0.7245096488738993	0.11287682061233488	0.11287682061233488	0.0387407916433235
9430000	-81.4327404223862	1.0375422620954455	-82.47028268448165	0.5872150560083196	0.07943006891667943	0.07943006891667943	0.027191284504868823
9440000	-71.51298528404945	-1.5821852402321817	-69.93080004381727	1.0639407906019092	0.04392307942208259	0.04392307942208259	0.017680775827946804
9450000	-65.75741694298807	-0.8477988076319368	-64.90961813535614	0.8288522971521999	0.07301540589625434	0.07301540589625434	0.025118460762891287
9460000	-90.41152647087142	2.0836793795390003	-92.49520585041043	0.3637237078842282	0.08009974689528947	0.08009974689528947	0.03854503431664003
9470000	-110.0224941664965	2.613698295574543	-112.63619246207104	0.17351530487029732	0.03846494446917444	0.03846494446917444	0.026092187951093714
9480000	-94.90988860786727	1.4014235974527178	-96.31131220532	0.244586835428077	0.02177071574051356	0.02177071574051356	0.019559207381385432
9490000	-86.23112675603649	-0.6468095028362342	-85.58431725320025	0.47418569099157853	0.06316367845132369	0.06316367845132369	0.034042850724511645
9500000	-84.1607330639205	2.178774263219709	-86.33950732714021	0.36954582084141313	0.05676823346185814	0.05676823346185814	0.028285038015658084
9510000	-88.14995292599689	-2.995439938743866	-85.15451298725301	0.5579690861971829	0.13061351084641598	0.13061351084641598	0.047572297781304396
9520000	-99.85147819303414	1.8618456977577207	-101.71332389079186	0.27280567913278425	0.049133207602505204	0.049133207602505204	0.027750614127478528
9530000	-77.94960840687966	-0.7330870806427683	-77.21652132623689	0.5176229055032395	0.03780705720064279	0.03780705720064279	0.028618734166582754
9540000	-87.31383685520298	1.2347442595825289	-88.5485811147855	0.4134902638078237	0.10378201170510364	0.10378201170510364	0.040923056495110494
9550000	-113.82733952939314	1.1828645408718659	-115.010204070265	0.20552194746454747	0.06811658090073953	0.06811658090073953	0.040828604892631716
9560000	-90.21844664087978	2.0738046741842413	-92.29225131506402	0.2722080034606573	0.04327244791406458	0.04327244791406458	0.021950715980751045
9570000	-64.05192279114996	-0.850930744601763	-63.200992046548194	0.8417122626895884	0.09178593254660479	0.09178593254660479	0.025856558929400315
9580000	-88.80342606058984	1.2348309816790382	-90.03825704226888	0.46943522331752746	0.07894822703100741	0.07894822703100741	0.029470808488689243
9590000	-103.6666452992335	2.671848742022189	-106.33849404125569	0.16363621898635977	0.009403549827155973	0.009403549827155973	0.017387565161973907
9600000	-86.79922517062768	1.5844526798032725	-88.38367785043096	0.4760304076381029	0.039243290137019084	0.039243290137019084	0.019192380306828585
9610000	-83.63404664945413	1.8865879954730893	-85.52063464492723	0.4259439814470121	0.06188740142878159	0.06188740142878159	0.028618253219576978
9620000	-118.04246237980725	2.0818336830248176	-120.12429606283206	0.09411475224585636	0.030152935091785005	0.030152935091785005	0.023100733469422277
9630000	-123.39421713863764	2.800193788300735	-126.19441092693837	0.08244079469055894	0.012355828527567054	0.012355828527567054	0.026442895018790546
9640000	-104.6081292631508	0.4612241535623931	-105.0693534167132	0.17209837443705486	0.04790447580998019	0.04790447580998019	0.027186667995708597
9650000	-69.10325325627133	-0.4868467511739526	-68.61640650509737	0.6331182627151832	0.05211015033719196	0.05211015033719196	0.019264437750158764
9660000	-66.60788866462799	-3.637785131381539	-62.97010353324645	0.983097045257766	0.13477821943914645	0.13477821943914645	0.04242068623919374
9670000	-106.31424529258418	-2.2567527131753033	-104.05749257940887	0.2060722375111555	0.05006287743314778	0.05006287743314778	0.033408543115585325
9680000	-85.32947312258734	0.9039496175370213	-86.23342274012437	0.41184456480509685	0.04516163811696613	0.04516163811696613	0.02464055223263117
9690000	-76.2015431130943	0.09407551211266563	-76.29561862520697	0.7891129414066652	0.08448263397559176	0.08448263397559176	0.027530637432055378
9700000	-83.64816697346588	1.1461514296815833	-84.79431840314746	0.5735331360843582	0.11198479450872735	0.11198479450872735	0.04157994044734075
9710000	-81.9634004795087	-1.7685682492407242	-80.19483223026798	0.5468299316451122	0.08300241543549305	0.08300241543549305	0.027231220238246066
9720000	-99.77322194460193	2.132236302219169	-101.9054582468211	0.1989665246198858	0.05137907096358856	0.05137907096358856	0.031224314944706615
9730000	-89.38636027660259	-0.4537126151703843	-88.9326476614322	0.3679961977275373	0.05115346886010972	0.05115346886010972	0.019401556085147955
9740000	-88.25069179255266	0.683241445958151	-88.9339332385108	0.41874577000244456	0.07142404851956279	0.07142404851956279	0.027331005828197162
9750000	-63.31087402132538	-0.7221672408477117	-62.58870678047767	0.8645062286345309	0.06828922774268963	0.06828922774268963	0.021909556048587617
9760000	-75.31099778165112	0.016921860725714666	-75.32791964237684	0.4539548928993496	0.029411590630838192	0.029411590630838192	0.018161783098669382
9770000	-96.81938908922777	2.231573569861671	-99.05096265908944	0.26942644011486255	0.044748726603419234	0.044748726603419234	0.02268446617475484
9780000	-139.44524481667258	1.4746534737791661	-140.91989829045175	0.05835188068159401	0.020215049221400112	0.020215049221400112	0.02783758992721711
9790000	-130.9474643633163	1.3801039521533207	-132.32756831546962	0.11267946481026941	0.022799653983249814	0.022799653983249814	0.019939457691813427
9800000	-84.21988754494735	0.8877363926646878	-85.10762393761205	0.3931249104875863	0.05576831854659773	0.05576831854659773	0.027376538893085327
9810000	-73.30229630084492	0.41562952562984606	-73.71792582647475	0.7362029800806159	0.08459501054749466	0.08459501054749466	0.030059781077431316
9820000	-79.67491960925271	0.4190278620474145	-80.09394747130013	0.5021764933519242	0.04716443089419706	0.04716443089419706	0.024850636774524183
9830000	-87.20041031621692	1.8790261264794306	-89.07943644269635	0.33510013066362054	0.04517481006412367	0.04517481006412367	0.020843475480476832
9840000	-103.1873554889033	0.09205791827501786	-103.27941340717831	0.40927697097788385	0.06032347115211656	0.06032347115211656	0.03217007571851421
9850000	-114.96284009405471	1.9954480317403567	-116.95828812579506	0.17188008592100462	0.04138164432374264	0.04138164432374264	0.03416896157317505
9860000	-83.06508420352985	1.9596383782436684	-85.02472258177352	0.4305493424314422	0.055081445140727714	0.055081445140727714	0.024873686197340393
9870000	-68.23718417146483	0.6615696385364107	-68.89875381000124	0.7063286763684756	0.04041606523503748	0.04041606523503748	0.01889428020427081
9880000	-81.58428342818544	1.0202581914000324	-82.60454161958548	0.6107287807039671	0.06536113559755612	0.06536113559755612	0.03412564130436877
9890000	-77.21439494531572	0.051972273617484244	-77.2663672189332	0.6771410642304003	0.056404967203504144	0.056404967203504144	0.02185557134359701
9900000	-81.60406682121109	0.432679795196233	-82.03674661640733	0.41227110793500754	0.040151364878911806	0.040151364878911806	0.02465266283952229
9910000	-104.53599887117102	-1.2715284083283427	-103.26447046284268	0.3142874979549639	0.028826179623736767	0.028826179623736767	0.015712125717565136
9920000	-89.2085121927312	-0.10098393746463508	-89.10752825526657	0.3193781408099617	0.08544684812756126	0.08544684812756126	0.03906288681514629
9930000	-98.72593204642554	1.4871273238441325	-100.21305937026968	0.3401096742024935	0.05443694579067977	0.05443694579067977	0.030323840672871024
9940000	-117.93356316112244	3.0120624653434387	-120.94562562646587	0.0926103268745899	0.029837484006955028	0.029837484006955028	0.035957397523463726
9950000	-148.24402084369396	2.370587794384228	-150.61460863807818	0.04224118744864941	0.021126495411532505	0.021126495411532505	0.024753770591339895
9960000	-130.96214898173506	2.3725197466737478	-133.33466872840881	0.08088723349370534	0.01940911345999673	0.01940911345999673	0.02530601773343093
9970000	-170.76377081476372	2.0179265687004797	-172.7816973834642	0.020079390131557615	0.022289102305103725	0.022289102305103725	0.04609761865854383
9980000	-171.67212069327664	2.03699770892449	-173.70911840220114	0.029608510940258074	0.024886455196228122	0.024886455196228122	0.036735525203640984
9990000	-128.67815137137396	2.304577270751985	-130.98272864212595	0.08592645782167387	0.02636396237421864	0.02636396237421864	0.02271783138106108
10000000	-81.03814814075268	-0.14494416813337585	-80.8932039726193	0.6897048551155018	0.12723357856787967	0.12723357856787967	0.03998073383821178
10010000	-103.3064172730814	2.2941917502069713	-105.60060902328837	0.27970232878508633	0.027648719980834183	0.027648719980834183	0.01981722829964722
10020000	-134.53467720555957	-0.7972499821524206	-133.73742722340717	0.07535023478655713	0.019576549073675766	0.019576549073675766	0.02397115657142914
10030000	-86.91024652020336	-1.4593469599355302	-85.45089956026783	0.38415442793331805	0.049954230440020495	0.049954230440020495	0.02117069319501863
10040000	-84.23022629493947	-0.3778585220776498	-83.85236777286183	0.5103697940531866	0.05965370417201361	0.05965370417201361	0.018119905644886688
10050000	-87.82985066200155	1.738327270623251	-89.56817793262479	0.36278935960772546	0.07903513050468025	0.07903513050468025	0.030479633382715733
10060000	-91.61704073702008	2.166235264097911	-93.78327600111798	0.2627110815810392	0.056557465396184316	0.056557465396184316	0.03088334640850015
10070000	-84.16336730796576	1.7974037865672328	-85.96077109453299	0.4169296934498446	0.06811344609006993	0.06811344609006993	0.028052962854239194
10080000	-95.66923369078776	2.057346163878153	-97.72657985466591	0.2586333720398339	0.016181722062452577	0.016181722062452577	0.020591364766236533
10090000	-91.04138355604053	1.88228863429627	-92.9236721903368	0.4130030211095332	0.0852454017457208	0.0852454017457208	0.03856080378916296
10100000	-119.2742918003571	2.437457786472116	-121.71174958682921	0.12912725502947495	0.028559394738941094	0.028559394738941094	0.023551420491794685
10110000	-105.6487466524762	2.5065796269551983	-108.1553262794314	0.21582968514804338	0.0582755713792776	0.0582755713792776	0.03530538464363028
10120000	-100.86005460521987	2.4570354531228458	-103.31709005834271	0.24300514745322627	0.03222947292928082	0.03222947292928082	0.023796754509576596
10130000	-104.06512839789984	-1.0258098625458558	-103.03931853535398	0.22869317621610546	0.04009441212582945	0.04009441212582945	0.023694683676295104
10140000	-91.64809892632853	1.9006494499400985	-93.54874837626863	0.4231852346553846	0.07311181672985315	0.07311181672985315	0.02820094251955349
10150000	-74.06096423595513	-0.2305317181020663	-73.83043251785305	0.48785079749373367	0.06595292195987479	0.06595292195987479	0.02439775671040812
10160000	-61.17357781305533	-1.1204776146485802	-60.05310019840675	0.8810750962654655	0.09258038586132294	0.09258038586132294	0.0229773060707373
10170000	-70.24147949937604	0.33920618254113577	-70.58068568191717	0.5880485364988124	0.058532100389033836	0.058532100389033836	0.017744280653297972
10180000	-58.50156048066654	-2.745774027699413	-55.75578645296713	1.3695158616711989	0.12800328331982855	0.12800328331982855	0.03421089825226542
10190000	-96.00577453578121	1.3373251743205428	-97.34309971010175	0.2181847349291185	0.037392664193304254	0.037392664193304254	0.02163607976390955
10200000	-83.91110701431197	0.8330632585174013	-84.74417027282936	0.421888800884667	0.05136906749927902	0.05136906749927902	0.02248760533862375
10210000	-92.72906638229178	1.5842471648818575	-94.31331354717364	0.3765429072610284	0.11102558448820171	0.11102558448820171	0.050012714511831174
10220000	-91.41355464750686	1.7172858289080828	-93.13084047641495	0.38918028821015876	0.05905587845031308	0.05905587845031308	0.02495376116214982
10230000	-62.67362147126423	-0.6565607058497261	-62.0170607654145	0.9602449784253276	0.06608085559355927	0.06608085559355927	0.025249549265424737
10240000	-71.24044216264936	-3.693146266820629	-67.54729589582873	0.7040440657803564	0.08415388515551725	0.08415388515551725	0.023466200253843057
10250000	-121.97602553595169	1.5513225972233866	-123.52734813317508	0.11386281818074794	0.022785031123243555	0.022785031123243555	0.024127616926764555
10260000	-81.39593551085486	-0.5226646584398549	-80.873270852415	0.5724998107231846	0.1102853908113017	0.1102853908113017	0.04032831658781183
10270000	-59.5003640229948	-3.8036740411861634	-55.69668998180864	1.566773183790548	0.1082163810986216	0.1082163810986216	0.02947960530980292
10280000	-86.72162829350157	1.5329244287800887	-88.25455272228166	0.3258026998795359	0.03776295376443761	0.03776295376443761	0.020270335732743647
10290000	-75.31952650766583	1.0536241102293953	-76.37315061789522	0.47927161138502716	0.04422472429151698	0.04422472429151698	0.026162999112383636
10300000	-141.9149520637973	2.0224534831770447	-143.93740554697433	0.0498729347873064	0.009737513874886788	0.009737513874886788	0.023943968422692606
10310000	-112.28394837760698	-1.6348578988975637	-110.64909047870941	0.23949155849837195	0.06125498258919089	0.06125498258919089	0.038621391851274764
10320000	-102.29073305601153	2.7291082152232566	-105.0198412712348	0.17795785686559226	0.0445001714349152	0.0445001714349152	0.029061495597011794
10330000	-87.01044778165908	0.9949267445853687	-88.00537452624445	0.5418370619461272	0.07798717917841365	0.07798717917841365	0.02946658760184681
10340000	-86.37991814808501	2.0076275674945103	-88.38754571557952	0.3706964031790711	0.06641625772671522	0.06641625772671522	0.02830351638969906
10350000	-118.5219545119361	1.208990285685556	-119.73094479762166	0.08264502153808216	0.02345912793874912	0.02345912793874912	0.023928389028661075
10360000	-129.9179039701711	1.6934585712660684	-131.61136254143716	0.06755093639115954	0.019220116063241487	0.019220116063241487	0.01898350893541377
10370000	-86.2916253398852	1.697790064973116	-87.98941540485832	0.4085345636201107	0.07293620682288424	0.07293620682288424	0.02463610562322139
10380000	-74.95701303886302	0.19811452811231411	-75.15512756697534	0.47692217691849165	0.0490783974224939	0.0490783974224939	0.020827327000707746
10390000	-59.06647797782602	-2.5608758353884338	-56.50560214243758	1.0586767037056863	0.04615049487326297	0.04615049487326297	0.01688001021509089
10400000	-102.33310909273588	1.2688957098576612	-103.60200480259354	0.23027119583495978	0.040351320556571195	0.040351320556571195	0.020359025923610087
10410000	-69.59827640509802	-0.5998506761954213	-68.9984257289026	0.692026431465986	0.08228620000421329	0.08228620000421329	0.026700389651039328
10420000	-103.51175654964341	0.9696154453377105	-104.48137199498112	0.23502094552796277	0.0832859359353204	0.0832859359353204	0.05270184512257292
10430000	-86.5634476703291	1.466840522745997	-88.0302881930751	0.4270209645329958	0.10265073132178096	0.10265073132178096	0.045349084954244764
10440000	-93.07428029160397	2.2098406524139556	-95.28412094401793	0.27315471253386353	0.058393757701156686	0.058393757701156686	0.02982216500256908
10450000	-65.84098383996182	-1.117439787941691	-64.72354405202013	0.9003231408754807	0.10330464167138852	0.10330464167138852	0.023980306648180023
10460000	-83.35022956928991	0.533933500301325	-83.88416306959124	0.36963653837376675	0.026909747404011777	0.026909747404011777	0.020299716870977435
10470000	-79.03928678199361	1.150248809584189	-80.1895355915778	0.6262440853642084	0.08369663745858721	0.08369663745858721	0.03296042460401043
10480000	-88.55776662918524	0.5502753055232091	-89.10804193470845	0.41249951649735256	0.05681398441921961	0.05681398441921961	0.026326371007372167
10490000	-100.31423382632876	2.2492684780067678	-102.56350230433553	0.2261883667115056	0.06430861907267868	0.06430861907267868	0.03300327484705702
10500000	-86.98601740307905	0.8176730210794506	-87.8036904241585	0.42049528396674685	0.07527168971902612	0.07527168971902612	0.03545588332092018
10510000	-90.94776477651791	1.550966470700643	-92.49873124721856	0.3273816104342166	0.02231775768674502	0.02231775768674502	0.018307680425778152
10520000	-100.71567234972358	2.03139368321452	-102.7470660329381	0.20733414180989096	0.03677677483010571	0.03677677483010571	0.023744259396653
10530000	-101.7588284116651	2.2155294151906646	-103.97435782685577	0.18222146031576364	0.045042700020679664	0.045042700020679664	0.024460145460396127
10540000	-106.90252332169283	2.3787840321595457	-109.28130735385237	0.17181357517191953	0.04845569483016533	0.04845569483016533	0.028571200232588752
10550000	-125.72392838142274	2.6414760259866443	-128.3654044074094	0.06810074757914289	0.026131611724150162	0.026131611724150162	0.032333133534543056
10560000	-142.40616538843327	1.901886735310606	-144.30805212374386	0.047376879827280706	0.021896038921815204	0.021896038921815204	0.025958369945476255
10570000	-115.06101639994543	0.9164017254258261	-115.97741812537126	0.1376274153457629	0.039928317148371396	0.039928317148371396	0.030783722984605105
10580000	-96.89879974115554	0.3549378856855211	-97.25373762684106	0.3814168185958164	0.07240545656812254	0.07240545656812254	0.028349892958176158
10590000	-92.61309544737638	-0.37104600159837364	-92.24204944577801	0.5556130875338079	0.10707959320812932	0.10707959320812932	0.041293880342631775
10600000	-96.78297742845056	0.05351704232780108	-96.83649447077836	0.27782648230801593	0.02960301558649045	0.02960301558649045	0.020731993508411956
10610000	-101.28701702813552	0.7677662953742677	-102.0547833235098	0.28764691906780543	0.08062022254531703	0.08062022254531703	0.0459563987667511
10620000	-67.88773045164764	-0.908562141486986	-66.97916831016066	0.924713700215829	0.10726588290455184	0.10726588290455184	0.029145479575941137
10630000	-82.53562558150566	1.3904822980750837	-83.92610787958074	0.44168891202288724	0.06344275398131483	0.06344275398131483	0.02310430226529432
10640000	-74.6842426088349	-0.4873417362900515	-74.19690087254484	0.7806612793626913	0.1240965825610317	0.1240965825610317	0.0341701228087124
10650000	-80.7705219861284	1.1454589461700126	-81.91598093229841	0.49501492362500066	0.07694840707082465	0.07694840707082465	0.03454467318699161
10660000	-92.53579036677493	1.7624274460364693	-94.2982178128114	0.3569548316345185	0.08548494360169914	0.08548494360169914	0.03819938742389688
10670000	-78.16893764523756	0.6607230488455402	-78.8296606940831	0.6367022774616599	0.09402400414204558	0.09402400414204558	0.028448902748435173
10680000	-71.24869585005835	0.03475737254547784	-71.28345322260382	0.7995587233901269	0.06362792376187977	0.06362792376187977	0.022872397368168925
10690000	-52.809272018493324	-3.7233159134069163	-49.08595610508641	1.2781027012441761	0.10643254255249192	0.10643254255249192	0.023087528370950496
10700000	-50.39592376244292	-2.13815510743036	-48.25776865501256	1.3166152292020916	0.10677513968793005	0.10677513968793005	0.024214991987060917
10710000	-75.14862907718535	1.4539456983830459	-76.6025747755684	0.38843418967366194	0.04444652465909485	0.04444652465909485	0.0200030604778555
10720000	-107.4001477810568	1.5042458265880825	-108.90439360764488	0.23947368033494215	0.05586709046240627	0.05586709046240627	0.03303855273827741
10730000	-124.33341893699992	2.524046828014201	-126.85746576501413	0.10008980088566177	0.007189100812927548	0.007189100812927548	0.024662509754793824
10740000	-90.75858765229076	1.7389100064203518	-92.49749765871111	0.3134796162859894	0.06079158473833687	0.06079158473833687	0.02409026742764849
10750000	-74.2039283058877	0.5553527703239425	-74.75928107621164	0.6598488704504344	0.08359008366727336	0.08359008366727336	0.02533651785911499
10760000	-82.60600376963471	0.9151431188600067	-83.52114688849471	0.4815429213239045	0.08381991861263437	0.08381991861263437	0.029881448214172594
10770000	-73.38808868489564	-1.3211900196115658	-72.06689866528407	0.5273218975001689	0.0726581640030018	0.0726581640030018	0.02692806895244442
10780000	-83.81129156198108	0.309386667418984	-84.12067822940006	0.40703455456303184	0.03385971847524106	0.03385971847524106	0.020431569499733487
10790000	-66.63763551465713	-0.6408189374997636	-65.99681657715738	0.7784898880133743	0.10937659569652101	0.10937659569652101	0.033810895475861975
10800000	-56.77498093423557	-4.476034087398165	-52.29894684683741	1.7778827956040508	0.170629524441096	0.170629524441096	0.03336611799082845
10810000	-81.92043167940406	-3.252456832939628	-78.66797484646443	0.6223386890109758	0.06170699394545602	0.06170699394545602	0.024460844346408817
10820000	-132.63648540392643	2.7131432372481328	-135.34962864117455	0.08134922632606412	0.022401861219995545	0.022401861219995545	0.020982599884173947
10830000	-101.80976425346003	2.6200501616996004	-104.42981441515963	0.24247998288946826	0.04480233281247623	0.04480233281247623	0.030679012439197295
10840000	-105.43902081792999	2.1343056132770304	-107.57332643120702	0.24301753148217994	0.0598640871307774	0.0598640871307774	0.028540556630300154
10850000	-82.8182236619798	1.1404490086243522	-83.95867267060416	0.43235403407318307	0.05161066565498327	0.05161066565498327	0.022075543667808197
10860000	-104.86984159891122	0.5845653911906865	-105.4544069901019	0.19331864751580521	0.03507799562494249	0.03507799562494249	0.02457340072088449
10870000	-95.32012213767275	-0.9763419016706312	-94.34378023600212	0.4970606458583828	0.12301381541421114	0.12301381541421114	0.053222892144052764
10880000	-106.30003765296	-1.5087686139868195	-104.79126903897318	0.22664346178213024	0.03664159814378631	0.03664159814378631	0.025405123752091877
10890000	-100.68127190550051	0.8232472831923897	-101.5045191886929	0.3118917403812745	0.054053731072545755	0.054053731072545755	0.02970415576605883
10900000	-123.26243702327417	2.898550812886543	-126.16098783616071	0.1502718162015756	0.02851431237163716	0.02851431237163716	0.028239890916432614
10910000	-92.67296435245294	2.007624471443989	-94.68058882389693	0.2661936754782239	0.046595161155397045	0.046595161155397045	0.02498990445362094
10920000	-99.01789698610288	1.533338526628945	-100.55123551273182	0.2692567868930312	0.07488150457580602	0.07488150457580602	0.039952585675694444
10930000	-113.50193499999689	2.587641523423245	-116.08957652342013	0.1485538069315877	0.052110953346856635	0.052110953346856635	0.03145973565260625
10940000	-124.19429466192656	2.665796998521648	-126.8600916604482	0.12668147486294798	0.0327848289939644	0.0327848289939644	0.02577163784416419
10950000	-90.00693741246735	0.8101698192766672	-90.81710723174402	0.3882997494334652	0.0520414292743622	0.0520414292743622	0.02415027464575946
10960000	-99.00196309228124	2.1847618533023687	-101.1867249455836	0.2282255311062371	0.06950194942251284	0.06950194942251284	0.03643567866427883
10970000	-100.70059691190593	2.094771802261862	-102.7953687141678	0.24249625795364743	0.04279725123826859	0.04279725123826859	0.020096039561084703
10980000	-107.38595965356593	2.408128396574065	-109.79408805014	0.17282292247901684	0.018333884915709833	0.018333884915709833	0.01891006005362764
10990000	-95.85701914062416	0.6600229554709472	-96.51704209609511	0.36299043973455186	0.06495282445642452	0.06495282445642452	0.028292624998663758
11000000	-78.9577484455694	1.1322211555725188	-80.08996960114192	0.5602950259956472	0.07964845058231579	0.07964845058231579	0.024983592856463253
11010000	-92.52347999000715	0.1330072710068455	-92.656487261014	0.42500577820088653	0.03447914810158803	0.03447914810158803	0.01816903059495039
11020000	-68.28362425167853	-2.5063815833226313	-65.7772426683559	0.9229043226241175	0.12520649322301874	0.12520649322301874	0.028958245261559466
11030000	-91.40232133611951	1.7642597154363044	-93.16658105155582	0.4051500127230433	0.059932442601151395	0.059932442601151395	0.029345223346023748
11040000	-102.31175754184041	1.983811364175316	-104.29556890601572	0.2337988315109864	0.04357977710425873	0.04357977710425873	0.02488984248711025
11050000	-85.91693203435045	1.0350902084731786	-86.95202224282363	0.45701668645664834	0.058979015358150186	0.058979015358150186	0.025443152647793583
11060000	-137.9407733649104	0.9673841960225329	-138.90815756093292	0.07610131590513476	0.028885802026606365	0.028885802026606365	0.0310456322501889
11070000	-97.25411551572384	2.160455558672544	-99.41457107439638	0.2675940660208136	0.059800936930202546	0.059800936930202546	0.030068010499280914
11080000	-91.7201824747315	2.2376607986243124	-93.95784327335582	0.32813055220211296	0.045480497038962626	0.045480497038962626	0.027100064280720454
11090000	-66.95625313836092	0.38807468917138754	-67.34432782753231	0.7498812907108321	0.09564110359843617	0.09564110359843617	0.030455803484596273
11100000	-86.74288485601339	0.10113778505346227	-86.84402264106686	0.3805217038048178	0.049554249051799525	0.049554249051799525	0.02265411610552624
11110000	-98.62780275790155	1.7120353308631215	-100.33983808876467	0.34435454053029346	0.0897898358492468	0.0897898358492468	0.04097030718460075
11120000	-92.08987359504631	0.9184142404670418	-93.00828783551336	0.4224859383389562	0.0754884649582736	0.0754884649582736	0.02881432712403998
11130000	-82.57521284688752	1.6302348851240152	-84.20544773201154	0.4063259858071657	0.04386819214793801	0.04386819214793801	0.02215817034811083
11140000	-81.3253442969499	1.3756600528920848	-82.70100434984198	0.42896347314642874	0.07584078251100135	0.07584078251100135	0.029629576677595908
11150000	-59.6776029899608	-3.9556727644410885	-55.72193022551971	1.319469796055806	0.17461010611928401	0.17461010611928401	0.043377118202164444
11160000	-80.69878688975362	0.6006664170618529	-81.29945330681548	0.6403126774614123	0.0642000409664935	0.0642000409664935	0.016510520363732108
11170000	-66.33123150542566	-0.1585132996761095	-66.17271820574955	0.7192178093909989	0.1126005448762243	0.1126005448762243	0.03185476142689504
11180000	-75.76786930137956	-0.23641551928675408	-75.53145378209281	0.5099771004469084	0.07828622602180114	0.07828622602180114	0.025615554599203713
11190000	-72.35136233291186	1.4021355893570373	-73.7534979222689	0.44904865070797445	0.08079810895411357	0.08079810895411357	0.035511878996381266
11200000	-110.72501782394266	1.7261300681511962	-112.45114789209386	0.16903365317400076	0.02847009736619219	0.02847009736619219	0.021794765292500243
11210000	-81.57053043391609	1.0596482482798288	-82.63017868219592	0.5423940856637387	0.04413849399350231	0.04413849399350231	0.017136553177747236
11220000	-66.71619843671851	-0.03795605622787368	-66.67824238049064	0.7573151339415911	0.06904406657860467	0.06904406657860467	0.026507243043599877
11230000	-110.26703950482289	1.844996923325691	-112.11203642814858	0.15521729793933234	0.0404227991025695	0.0404227991025695	0.027893230313715087
11240000	-98.28253352290346	2.1761133097817877	-100.45864683268525	0.3226581999447865	0.04555282815634132	0.04555282815634132	0.023140994054867782
11250000	-98.35898238169662	0.7655832797747353	-99.12456566147135	0.22128387051372375	0.029132750406181067	0.029132750406181067	0.025926565789494097
11260000	-81.59015848149677	-0.5656191925769528	-81.02453928891983	0.6790569090737626	0.11954780854319061	0.11954780854319061	0.03916644175799595
11270000	-91.12439218731413	0.8884118816370807	-92.01280406895121	0.28505062904964296	0.02487410205136378	0.02487410205136378	0.02351665533618669
11280000	-126.93412317771065	2.304156537888453	-129.2382797155991	0.1431752632220693	0.04138486203661266	0.04138486203661266	0.02801408984340778
11290000	-73.43465198856498	0.6035727949271747	-74.03822478349215	0.7405833814868504	0.09428679318118156	0.09428679318118156	0.030149763923674418
11300000	-116.90993534469611	2.588719026466218	-119.49865437116233	0.0956774345201159	0.02785834376016092	0.02785834376016092	0.022701903693060313
11310000	-114.59774976423559	1.7207534790107712	-116.31850324324635	0.22370646550442136	0.04592598723434339	0.04592598723434339	0.022538645622550105
11320000	-135.11387773787465	2.894124015601277	-138.00800175347592	0.06614143030343521	0.023625719971380688	0.023625719971380688	0.034064374785651094
11330000	-156.37953802338944	1.527904700281011	-157.90744272367044	0.031007920998493192	0.017800941194534854	0.017800941194534854	0.022336025641996868
11340000	-116.61788299454686	2.422436461560419	-119.04031945610728	0.12722581074393047	0.02522876923411214	0.02522876923411214	0.023752173391704913
11350000	-121.72470657782017	2.51411939379085	-124.23882597161102	0.1324450701362461	0.051183572649966556	0.051183572649966556	0.03832893751181135
11360000	-124.05424945314915	0.6235410831010233	-124.67779053625017	0.12295713238923241	0.023072643513291982	0.023072643513291982	0.021230774069101184
11370000	-108.7196327635651	1.5973588587636476	-110.31699162232874	0.18169508061745193	0.060953760185326465	0.060953760185326465	0.03415446425014975
11380000	-85.48339231020994	0.4060838143475739	-85.8894761245575	0.5031890956770815	0.10840986051646277	0.10840986051646277	0.041297108182615394
11390000	-140.97508266631178	1.8883423963198283	-142.86342506263162	0.05811423239895871	0.02327513749588756	0.02327513749588756	0.027285338940003998
11400000	-90.83453391416566	1.9872004046853593	-92.82173431885101	0.3766812166927011	0.0710887522918043	0.0710887522918043	0.028456546959382385
11410000	-98.52733771710366	2.503736024337882	-101.03107374144155	0.21268729769379677	0.06284923649573865	0.06284923649573865	0.03493265670893104
11420000	-104.34800034811673	2.626478624689386	-106.97447897280611	0.21872512926841364	0.04098526252461852	0.04098526252461852	0.023504472325982337
11430000	-123.20853855845192	-0.42221963863482603	-122.78631891981709	0.12857629927582775	0.030031613591387316	0.030031613591387316	0.030079220226707545
11440000	-124.88308894755234	1.8954163723409418	-126.77850531989328	0.09567259688816575	0.04212571790086434	0.04212571790086434	0.03271853787918802
11450000	-112.93351384945834	2.5672723240463453	-115.50078617350468	0.13278041557291462	0.03696946481461553	0.03696946481461553	0.029978472842743575
11460000	-65.5508181182236	0.6731347178408779	-66.22395283606448	0.7161488138546559	0.08308440754252389	0.08308440754252389	0.024870516874412836
11470000	-100.17630395975016	-0.051662115057093505	-100.12464184469306	0.3399722110667911	0.0723904381857328	0.0723904381857328	0.03163796343713178
11480000	-107.26631677459086	2.400635925820716	-109.66695270041158	0.14973516190664957	0.03657042146245971	0.03657042146245971	0.025060212127081097
11490000	-102.83867460723307	2.5668668737462674	-105.40554148097934	0.20967659778775521	0.041171956175386236	0.041171956175386236	0.021431096352471327
11500000	-67.59543447318697	0.2620729758513537	-67.85750744903832	0.7580314300810309	0.07624401371994195	0.07624401371994195	0.023943114133809933
11510000	-99.21007049433982	2.2637296823028046	-101.47380017664263	0.15521766357142536	0.020686144632974152	0.020686144632974152	0.024608266826825473
11520000	-99.17085448512624	2.067318225112151	-101.23817271023839	0.27846607927353173	0.03320549144663361	0.03320549144663361	0.017102845886866187
11530000	-109.19166903286306	1.6889023288129184	-110.88057136167598	0.15171288151351475	0.06113741231153733	0.06113741231153733	0.04107291147786641
11540000	-116.0718107187326	2.6943752630810756	-118.76618598181368	0.09107339259526732	0.029458079828740658	0.029458079828740658	0.024156514905347416
11550000	-128.5920192440647	1.833111779950968	-130.42513102401566	0.06277772488806485	0.02277761699992712	0.02277761699992712	0.027875327215853767
11560000	-78.87347957441696	-0.2725024024737178	-78.60097717194324	0.6278332008311913	0.07650890970570051	0.07650890970570051	0.026154087481711025
11570000	-79.76166442955058	1.22282436936016	-80.98448879891073	0.4278308528327377	0.07603808175084735	0.07603808175084735	0.028031456596429014
11580000	-91.52730122795016	-1.5388391047703958	-89.98846212317977	0.3745459687370914	0.05424083595225282	0.05424083595225282	0.024024497497699245
11590000	-85.6922310313413	1.2434991508860498	-86.93573018222735	0.4701005172148246	0.04684885756700931	0.04684885756700931	0.02389783956167125
11600000	-110.95460388846557	2.3387956124139335	-113.2933995008795	0.1666662383952409	0.04769824597273941	0.04769824597273941	0.03220198336850432
11610000	-101.6654866448048	2.382498441941861	-104.04798508674666	0.2028105255479311	0.036212433010588164	0.036212433010588164	0.019325071053469048
11620000	-80.14174938542189	0.755459582978858	-80.89720896840075	0.5833762503442247	0.11431849501952009	0.11431849501952009	0.03830457675872932
11630000	-96.32531596291861	2.2960030908748568	-98.62131905379347	0.24465189935434833	0.0602682819954661	0.0602682819954661	0.03140556777064884
11640000	-106.1892055533221	2.393834894998298	-108.58304044832039	0.13290207211505473	0.02840235864366764	0.02840235864366764	0.021401393310521762
11650000	-79.0587585266182	-0.32103868698744353	-78.73771983963076	0.46811756671277044	0.06928763423909605	0.06928763423909605	0.028790063225806028
11660000	-130.63609483029302	-1.8586230588048638	-128.77747177148817	0.10651682451342782	0.023408886306767917	0.023408886306767917	0.027737807338679872
11670000	-105.28963019127353	1.8545507464831976	-107.14418093775673	0.2097573579437335	0.031977446699047056	0.031977446699047056	0.023335570517421148
11680000	-75.89133430739813	0.7686685164971222	-76.66000282389524	0.5445836047823298	0.08003682408582545	0.08003682408582545	0.02970209538889194
11690000	-90.48720565744331	1.631250917623121	-92.11845657506643	0.32462298466174844	0.07963084555356653	0.07963084555356653	0.033890798478499476
11700000	-69.22596417755832	-0.6997210506754746	-68.52624312688285	0.9895811943420703	0.08196722312859893	0.08196722312859893	0.026340318372049882
11710000	-78.46085685146639	0.6420505937225058	-79.10290744518889	0.6218481664272971	0.04748387087256007	0.04748387087256007	0.021143760096708816
11720000	-91.00219365797469	1.1371633229988256	-92.13935698097352	0.30622848863997265	0.03197953066935554	0.03197953066935554	0.020811592842286064
11730000	-78.50276423185794	0.4733348947646132	-78.97609912662256	0.6125256489902808	0.09360430550839306	0.09360430550839306	0.02867162442168197
11740000	-79.33439850158187	0.7171346093948651	-80.05153311097673	0.548500611843186	0.07106074534379452	0.07106074534379452	0.03203165993291905
11750000	-90.20031719729941	1.7153271530687169	-91.91564435036813	0.39872566687693295	0.08779733014433594	0.08779733014433594	0.034784560327883435
11760000	-106.05198909279329	2.453076983200155	-108.50506607599344	0.19198390888070774	0.05673705570927828	0.05673705570927828	0.03363925305376862
11770000	-98.2246518433147	2.361844059691474	-100.58649590300618	0.21751093951183503	0.056991060982310056	0.056991060982310056	0.030871816442518824
11780000	-89.90524914627485	1.9019023879115937	-91.80715153418645	0.34958913761138966	0.09653867433793756	0.09653867433793756	0.0421745363243883
11790000	-99.84869533955452	2.1752231534122366	-102.02391849296676	0.24700576717634284	0.048136349876440485	0.048136349876440485	0.027309005765480024
11800000	-98.8001013285445	1.0386949018569491	-99.83879623040144	0.3462989135447274	0.07786461140806612	0.07786461140806612	0.037039649369477096
11810000	-78.71130715427118	0.34698175815961074	-79.0582889124308	0.5500009431519873	0.09329174068159796	0.09329174068159796	0.034311064701387284
11820000	-67.39728457291794	-0.4708501501290395	-66.9264344227889	0.7066517066321943	0.07601827572042784	0.07601827572042784	0.02870429396467416
11830000	-74.64358532164322	0.043836770692385785	-74.6874220923356	0.7315993506639158	0.0956199233210329	0.0956199233210329	0.0343953355833804
11840000	-84.82188887400473	1.6816077140897443	-86.50349658809448	0.5239181567772311	0.03274286850472501	0.03274286850472501	0.022724869708997092
11850000	-104.61882532998101	0.24945843471327755	-104.86828376469428	0.2176690462729523	0.060539261056324706	0.060539261056324706	0.03076399090760553
11860000	-141.55187438123565	2.4661211616073886	-144.01799554284304	0.05695280522137	0.0287075975493211	0.0287075975493211	0.03111564582578842
11870000	-149.72117991690504	1.952264974775242	-151.67344489168028	0.031870659923893686	0.01768902161730353	0.01768902161730353	0.02965449055600785
11880000	-151.48354017347017	1.7685973380612368	-153.2521375115314	0.031134047236063216	0.013531004159357788	0.013531004159357788	0.022737699653715526
11890000	-96.556456904428	2.269043981848941	-98.82550088627694	0.3248387195204746	0.06748286371199852	0.06748286371199852	0.03571325962821706
11900000	-86.86299081674412	0.4500887741783163	-87.31307959092243	0.5155926496710567	0.05204138476200862	0.05204138476200862	0.025535681334469706
11910000	-86.49450182835454	1.2606692263612378	-87.75517105471579	0.4573528287224886	0.09077676143547676	0.09077676143547676	0.03200323610990797
11920000	-84.38976132880863	-0.36992934172848724	-84.01983198708014	0.5060824707852072	0.09902550960116258	0.09902550960116258	0.03541880736426756
11930000	-71.26036360703417	0.09908784662447945	-71.35945145365865	0.7065813183407431	0.09373589642237644	0.09373589642237644	0.03012567064639258
11940000	-80.16722851651033	1.877994719308255	-82.0452232358186	0.36127450004615863	0.054973136567881	0.054973136567881	0.028278267806109064
11950000	-64.86701861467077	-1.5196748584957924	-63.34734375617497	0.9510675078475029	0.07007264089320953	0.07007264089320953	0.024577255844941207
11960000	-72.2905036833591	0.8514440036094316	-73.14194768696854	0.6706371752701901	0.08160135084171775	0.08160135084171775	0.027650028071889387
11970000	-82.96790723829541	0.784409411758182	-83.75231665005359	0.390958624196773	0.08913331881728845	0.08913331881728845	0.03946922950705355
11980000	-79.04675768936347	1.3064325017430805	-80.35319019110655	0.41044914039908126	0.10382503962410984	0.10382503962410984	0.042870001544631234
11990000	-78.32754743105349	2.0716442199166143	-80.39919165097011	0.361397484824802	0.07910958670618658	0.07910958670618658	0.03377785113824902
12000000	-69.59102203400067	0.5140941105782372	-70.10511614457891	0.6012631367627733	0.08773258321033904	0.08773258321033904	0.028964074545991925
12010000	-85.04849174401778	0.9115258048296179	-85.9600175488474	0.41590685142776973	0.04115644996958639	0.04115644996958639	0.025534569882908732
12020000	-74.67929662892283	0.9795822244941986	-75.65887885341702	0.5044282165340163	0.07792932304277017	0.07792932304277017	0.026177948218658268
12030000	-114.45148985781492	2.465726184549686	-116.9172160423646	0.16033803430976198	0.04554481763829667	0.04554481763829667	0.025392926156682448
12040000	-96.89583130397166	1.6065647217534256	-98.50239602572509	0.3085057426922115	0.05808437100663709	0.05808437100663709	0.029467203776053913
12050000	-79.13110541898794	0.511071131533216	-79.64217655052116	0.47389667461112767	0.0369713119458772	0.0369713119458772	0.020740492014035335
12060000	-104.69504484085346	2.331081747157082	-107.02612658801054	0.1796656437298698	0.004654733654569853	0.004654733654569853	0.01626517470041599
12070000	-89.44492874741347	1.1307946496607002	-90.57572339707417	0.26391917761785116	0.04234208153945892	0.04234208153945892	0.025385118137783227
12080000	-80.05208139186739	1.4210772295179646	-81.47315862138535	0.41774894951870933	0.04896998127184314	0.04896998127184314	0.021955995794220976
12090000	-78.06445136525969	0.6904936261460004	-78.75494499140568	0.5128779347413167	0.062274476550664586	0.062274476550664586	0.02425914519954448
12100000	-121.47773531030003	2.6900209627565412	-124.16775627305657	0.11546150820481499	0.019794272786214193	0.019794272786214193	0.015666808464403763
12110000	-137.4268169412993	1.6397087340995595	-139.06652567539888	0.05978749590547812	0.021950772639231394	0.021950772639231394	0.02337801108713461
12120000	-146.35341328000098	2.802382242937872	-149.15579552293886	0.05491998514742552	0.035780882118662885	0.035780882118662885	0.04554799130620428
12130000	-116.37761989805085	2.7365684351203976	-119.11418833317126	0.14906449029375576	0.045644195943956446	0.045644195943956446	0.03012211160264456
12140000	-126.55355298817794	1.1514520740588154	-127.70500506223675	0.06712570405434092	0.029934488708316356	0.029934488708316356	0.028834848537871587
12150000	-105.38172835439728	2.646881941177548	-108.02861029557484	0.269382616425227	0.033851778157443294	0.033851778157443294	0.027853234360828885
12160000	-101.08630959580809	1.6245726100573763	-102.71088220586546	0.2431776795082038	0.055797180876667164	0.055797180876667164	0.02796167066938389
12170000	-99.03262355270752	1.0272998778825189	-100.05992343059003	0.27233543749608463	0.04777484439745273	0.04777484439745273	0.02472484768999401
12180000	-105.70923355180946	2.213332773132065	-107.92256632494153	0.17060403384023506	0.044046788887299154	0.044046788887299154	0.032122955435944414
12190000	-100.39596988625215	1.1957408975676949	-101.59171078381983	0.40511419538022186	0.10881201500559468	0.10881201500559468	0.04739120500521897
12200000	-79.15408384334181	0.9751588049956592	-80.12924264833747	0.6216409578426353	0.0969427267328444	0.0969427267328444	0.0318328519464088
12210000	-84.34427930612006	-0.2350089146871044	-84.10927039143296	0.3517494133229225	0.042701343176779656	0.042701343176779656	0.027039651585721625
12220000	-89.12174187355876	1.2880095137471574	-90.40975138730592	0.34604790313819517	0.059187795206019994	0.059187795206019994	0.022835965339586557
12230000	-123.47097662155448	2.378935062895914	-125.8499116844504	0.0857019747681485	0.027472692358040306	0.027472692358040306	0.025699903754559716
12240000	-107.07045945280743	2.5730432775499295	-109.64350273035735	0.12463299079646796	0.02254239478861397	0.02254239478861397	0.01857222654691175
12250000	-60.460941784951174	-0.3589453659077889	-60.10199641904339	0.9220964384372253	0.08607543690035069	0.08607543690035069	0.023195311909327408
12260000	-86.52641824512168	0.008919581762770967	-86.53533782688444	0.3887264501345744	0.05137881662178369	0.05137881662178369	0.022528520269340734
12270000	-112.65857218132895	1.0861067669262736	-113.74467894825523	0.17758870530134718	0.04809224651270692	0.04809224651270692	0.0315817661910284
12280000	-100.10105437464878	0.3896659268495717	-100.49072030149836	0.2264801733332879	0.05710017725107537	0.05710017725107537	0.029845037731630965
12290000	-123.27425680195581	2.540410415219781	-125.8146672171756	0.12465285303207722	0.03920374352086945	0.03920374352086945	0.030919628164094867
12300000	-116.4922323322158	2.704189140828451	-119.19642147304425	0.11121937137816433	0.020546962069983694	0.020546962069983694	0.020229708162409512
12310000	-150.44244394780654	2.6503019378593233	-153.09274588566586	0.037831404365148806	0.014479994348386468	0.014479994348386468	0.02109617888276672
12320000	-154.513885353821	-0.37345435398929894	-154.1404309998317	0.06018561760515113	0.025869925227181165	0.025869925227181165	0.02367485998186953
12330000	-88.00473338161873	0.5418508635639006	-88.54658424518263	0.26317323214986094	0.030995617353254453	0.030995617353254453	0.020384096748022676
12340000	-120.28616885067521	1.646921902030464	-121.93309075270568	0.11162124520884537	0.02979662301138508	0.02979662301138508	0.024745820771990393
12350000	-134.01206813773877	2.581234997946645	-136.5933031356854	0.06497801396648971	0.0180439738821271	0.0180439738821271	0.022142737564288542
12360000	-116.19186910283926	2.5249164616250654	-118.71678556446433	0.11717328482357092	0.03310816618563548	0.03310816618563548	0.03018552791963757
12370000	-126.55744998007617	2.2564893743070753	-128.81393935438325	0.11386327185882597	0.05599628615804432	0.05599628615804432	0.04021992417313043
12380000	-80.78947103629166	0.8430077838645397	-81.6324788201562	0.44231884190821574	0.09460279411545942	0.09460279411545942	0.0350174631549716
12390000	-99.77885868659372	1.3810731177324698	-101.15993180432619	0.3253029090061503	0.042871103653087494	0.042871103653087494	0.024840062305705297
12400000	-79.39786911065427	1.6445690774867543	-81.04243818814102	0.43686506278298587	0.03763126278646251	0.03763126278646251	0.025049651844172374
12410000	-82.74386115243107	0.955531519277428	-83.6993926717085	0.40513901948338116	0.06227632522505331	0.06227632522505331	0.020315627386550628
12420000	-72.45119658309173	1.4767683830499827	-73.92796496614172	0.5018917749714195	0.06719523437509256	0.06719523437509256	0.028432651343781937
12430000	-117.85660218588797	-1.2295336952542746	-116.62706849063369	0.28910290355133267	0.0765847060064369	0.0765847060064369	0.04421666477063557
12440000	-94.4255736053824	1.474452984451164	-95.90002658983356	0.2855849428819037	0.06744851700059487	0.06744851700059487	0.034165320378047925
12450000	-92.24554140777721	0.8110592338016057	-93.05660064157881	0.29638676880560744	0.060630944453741696	0.060630944453741696	0.02657445055688811
12460000	-115.50986791383163	2.5674839588816964	-118.07735187271332	0.15945782365615918	0.02750347098341427	0.02750347098341427	0.01924400586576495
12470000	-109.22432520028707	2.1402662209225483	-111.36459142120961	0.20205436815697814	0.052543382434017134	0.052543382434017134	0.03174745570072703
12480000	-124.86516778571392	0.04967276020094502	-124.91484054591487	0.12468856448426385	0.03810966140755655	0.03810966140755655	0.027337424228799378
12490000	-127.82641422816694	2.6983612138983983	-130.52477544206533	0.07464862063883582	0.03734061772844861	0.03734061772844861	0.03616842176203437
12500000	-103.67603564019356	1.2648372145687645	-104.94087285476233	0.17468688055006287	0.038083349091021686	0.038083349091021686	0.0230284543599721
12510000	-72.53530462302791	0.9337262829264904	-73.4690309059544	0.5521017246270152	0.0676093923979524	0.0676093923979524	0.027779998182438245
12520000	-63.421063782532705	-7.300569483820333	-56.12049429871237	1.0227070187616991	0.12927736320204747	0.12927736320204747	0.03347974463847492
12530000	-89.07016585725628	-4.129314027861181	-84.9408518293951	0.3305069248464199	0.07714853886737859	0.07714853886737859	0.031105741479919735
12540000	-85.66464425098032	1.3664791222834856	-87.0311233732638	0.40773207189157756	0.045162137118085754	0.045162137118085754	0.0235972061220733
12550000	-106.269895518192	1.0920457120087126	-107.36194123020071	0.23718026945500872	0.07113304004067593	0.07113304004067593	0.038098792546333485
12560000	-108.9113315993719	1.2008532086885344	-110.11218480806043	0.16221931917304921	0.03446001971345225	0.03446001971345225	0.022430582737963754
12570000	-87.0034494986601	0.017107358017501184	-87.0205568566776	0.42420719416314634	0.04808458997065958	0.04808458997065958	0.027072934200067903
12580000	-79.95327940928533	-0.06826890816817921	-79.88501050111715	0.6580449327212292	0.07988285984003315	0.07988285984003315	0.02150549994161812
12590000	-87.05641922015478	1.4077421419469385	-88.46416136210172	0.30781375958061113	0.06198735574506748	0.06198735574506748	0.026353528073157842
12600000	-90.01005886058299	1.3111944806485263	-91.32125334123151	0.33236641408834905	0.061445309117522516	0.061445309117522516	0.026912271128824272
12610000	-102.98335608029967	1.4763278556904837	-104.45968393599016	0.2285082772575204	0.04907089207794942	0.04907089207794942	0.03154707916678963
12620000	-128.33507363576325	2.541677918958455	-130.8767515547217	0.08385056048916517	0.02139163808035005	0.02139163808035005	0.023988018032594975
12630000	-128.55877227681773	2.538908327043462	-131.0976806038612	0.08892707103505121	0.02934406391691857	0.02934406391691857	0.03029029199046819
12640000	-142.02518296682481	1.6552995083436772	-143.6804824751685	0.060632446356095604	0.03744274358139205	0.03744274358139205	0.04036360533807096
12650000	-92.7968124589992	2.4209226198581972	-95.2177350788574	0.26499635297311397	0.06536687549319026	0.06536687549319026	0.032700350639143005
12660000	-95.20835454009506	1.9631991550648393	-97.1715536951599	0.27636372555401384	0.052321287122536586	0.052321287122536586	0.025384932719870426
12670000	-92.90287255014348	1.648422131131486	-94.55129468127497	0.3877854426139458	0.06869117782156413	0.06869117782156413	0.03142180524145167
12680000	-73.83362957101363	1.1662593535627388	-74.99988892457637	0.6145652806283664	0.05632023894281162	0.05632023894281162	0.0301564599925796
12690000	-74.26162107622989	0.744892264189541	-75.00651334041943	0.6065021183288124	0.07561546736722546	0.07561546736722546	0.020286352156770354
12700000	-71.45325383012732	0.8860042209181457	-72.33925805104546	0.5117823774295395	0.043534533809221634	0.043534533809221634	0.018758518189366767
12710000	-104.65536876488707	2.4472280315881014	-107.10259679647517	0.24125244057405423	0.03291442759466658	0.03291442759466658	0.019821954979487157
12720000	-67.29261713840917	0.24848347339700505	-67.54110061180617	0.5914498067065183	0.05321111089421239	0.05321111089421239	0.025666301584642785
12730000	-68.97582309481689	-2.2773937695669875	-66.6984293252499	1.0998288668254803	0.15232191482534102	0.15232191482534102	0.04036043876696202
12740000	-66.78188082728055	0.6908073586996719	-67.47268818598022	0.7232133297723558	0.04527830970093198	0.04527830970093198	0.019763563474034573
12750000	-72.58312398784865	-1.0995380342879861	-71.48358595356066	0.6632601721224864	0.06424221512258257	0.06424221512258257	0.016343841320163085
12760000	-84.10603649704092	0.1374431743765122	-84.24347967141743	0.6070271842272209	0.05824728218139198	0.05824728218139198	0.017543622953077133
12770000	-83.04985400840212	1.6248743892843902	-84.67472839768651	0.43240285908711856	0.06009362776516726	0.06009362776516726	0.028646128884937
12780000	-83.60169301909185	1.2370877087344172	-84.83878072782628	0.43120304836155526	0.05758218490589187	0.05758218490589187	0.025889918720126467
12790000	-75.50772389208963	0.028575544929400065	-75.53629943701903	0.6587678145364572	0.045018536863987164	0.045018536863987164	0.019013227678653374
12800000	-97.28377471628293	0.45535938601150505	-97.73913410229444	0.22721283886506008	0.04863978990770672	0.04863978990770672	0.02663672565195459
12810000	-90.809017849081	1.79692373752962	-92.60594158661063	0.34918697962721956	0.06537345001567882	0.06537345001567882	0.030985649750123467
12820000	-76.16897549742541	0.770097997517656	-76.93907349494306	0.43181194937776074	0.07627862072550336	0.07627862072550336	0.034864325554786066
12830000	-125.85755273669551	2.2594314366469566	-128.11698417334247	0.09669949752710821	0.018352728428565595	0.018352728428565595	0.023343060957961664
12840000	-78.6858732367542	0.03355045942875312	-78.71942369618296	0.5638828946536152	0.05268827595284634	0.05268827595284634	0.021828007611813832
12850000	-70.3469450431235	-0.3178789756171808	-70.02906606750632	0.7851177304933592	0.13126583607831435	0.13126583607831435	0.036670817582900334
12860000	-128.76169400490303	2.6522667713914894	-131.41396077629452	0.09643291948367498	0.041506941202035366	0.041506941202035366	0.035195283898875496
12870000	-105.54315005809558	2.230475280935512	-107.77362533903108	0.14381411660928375	0.021946753885095965	0.021946753885095965	0.02027460023026812
12880000	-101.3294848593014	1.4562667713092172	-102.78575163061062	0.2416018406199325	0.034801187423167394	0.034801187423167394	0.01881157886791949
12890000	-92.33209770254905	1.6057565770158573	-93.9378542795649	0.32505354892991134	0.05530299375499194	0.05530299375499194	0.02086928129888794
12900000	-88.8553725577638	2.332704090747284	-91.18807664851109	0.30211096572288354	0.04907040230638069	0.04907040230638069	0.027247344039106648
12910000	-78.71697553681867	-1.116164230455503	-77.60081130636317	0.4748930082668121	0.08175657866335918	0.08175657866335918	0.03130588476011315
12920000	-122.0135204532232	2.0417101710623156	-124.05523062428551	0.11306272968936522	0.020823828928127362	0.020823828928127362	0.019238494583467502
12930000	-102.13523252685701	-2.189106675762084	-99.94612585109492	0.22818000017011417	0.05615501760994441	0.05615501760994441	0.035715513726108435
12940000	-54.165014219170715	-1.4808118032970325	-52.684202415873685	1.2063051893546475	0.12129988433979323	0.12129988433979323	0.032847787268385595
12950000	-110.19914017067906	2.7040364219920283	-112.90317659267109	0.14815502399869843	0.023449064878027427	0.023449064878027427	0.024881627888711462
12960000	-80.53502625607139	-0.1258707088550285	-80.40915554721636	0.5541925258278373	0.09674352421124702	0.09674352421124702	0.035420174000334856
12970000	-90.76688890097479	1.3629011054252222	-92.12979000640001	0.3843251426704735	0.05497297456377775	0.05497297456377775	0.022768320067329963
12980000	-106.36863495635531	-4.073163154602029	-102.29547180175328	0.27716642746478076	0.029704104980447205	0.029704104980447205	0.023479244559101463
12990000	-81.26353477587863	1.3046343285266362	-82.56816910440526	0.5060481049950334	0.08046180726503509	0.08046180726503509	0.031249892779926673
13000000	-68.05930783736018	0.8855810892373573	-68.94488892659754	0.5498700252353145	0.07159596982166608	0.07159596982166608	0.023808353529763134
13010000	-81.62593270038005	-0.355583841127709	-81.27034885925234	0.4724027848868519	0.07344811633343737	0.07344811633343737	0.02658463641101341
13020000	-107.37206942741751	2.1382709517621175	-109.51034037917964	0.1767436902520968	0.03839919315383239	0.03839919315383239	0.02487029202792082
13030000	-80.05439376247463	1.6827016844562745	-81.73709544693091	0.36520073639719425	0.06661889622881761	0.06661889622881761	0.028473928152632125
13040000	-97.59087455829156	1.8601670671948225	-99.45104162548638	0.2966693724483755	0.03845350973267764	0.03845350973267764	0.01930244674745473
13050000	-80.36185008515483	2.007807901299846	-82.36965798645467	0.40600203471509466	0.04258398635206108	0.04258398635206108	0.0217666665793262
13060000	-70.19741922241946	0.05439662470624884	-70.2518158471257	0.7868182579494167	0.08502133158197106	0.08502133158197106	0.024401769498732306
13070000	-83.40741097187791	-0.2503027064512269	-83.15710826542669	0.4752613125404897	0.05100920419170038	0.05100920419170038	0.024825941836059233
13080000	-84.5000887007431	-2.486221684752293	-82.01386701599081	0.7339655422424647	0.09879031178152461	0.09879031178152461	0.02712669921386661
13090000	-76.79661337273164	0.6455083211210458	-77.44212169385268	0.6615025968421671	0.06631810520046716	0.06631810520046716	0.03336587870011053
13100000	-65.27009434111342	-2.687767944755961	-62.58232639635746	1.1044719758985873	0.12576814774971704	0.12576814774971704	0.04247296085376843
13110000	-96.21094316510857	1.4247483831084955	-97.63569154821707	0.40787223942156714	0.0808704434641341	0.0808704434641341	0.03352805795381434
13120000	-78.62864488886268	-1.8591510290976516	-76.76949385976503	0.7474991046113589	0.044623507006472087	0.044623507006472087	0.020594197554993095
13130000	-88.92901052723946	1.316061420447693	-90.24507194768715	0.40256961528547963	0.057050690184008754	0.057050690184008754	0.02283423824104689
13140000	-62.11797225488619	0.4537437889945698	-62.57171604388076	0.7859557001076586	0.0631369604591868	0.0631369604591868	0.0240843471592163
13150000	-74.91405886921837	-0.6812645203740219	-74.23279434884434	0.7286159464810552	0.06661766331758948	0.06661766331758948	0.02396013310422396
13160000	-71.67753834543618	-0.48989812370717634	-71.187640221729	0.6580218972629748	0.09380499371756806	0.09380499371756806	0.030992245106755884
13170000	-89.24239022704676	1.7429742410183047	-90.98536446806506	0.3537150029350851	0.057588517451549935	0.057588517451549935	0.02293981368434697
13180000	-79.92052980501049	1.2631739760548122	-81.1837037810653	0.45350129408908674	0.04671780105105378	0.04671780105105378	0.024947661831452132
13190000	-78.19790342438213	0.8942298808492345	-79.09213330523137	0.4758688742390084	0.059316570972173216	0.059316570972173216	0.024893678911014204
13200000	-88.87632587758152	2.1401976080975524	-91.01652348567907	0.33397252340091044	0.058831226491962686	0.058831226491962686	0.022884123969010885
13210000	-107.32064710368924	1.6413197940508675	-108.96196689774011	0.16119662906246235	0.03252069779114359	0.03252069779114359	0.033727905839123676
13220000	-116.99177130672574	0.6787884161204376	-117.67055972284618	0.14548197545775918	0.04978540148682176	0.04978540148682176	0.036001419822418466
13230000	-152.92973059598808	1.0147360403880796	-153.94446663637615	0.043427120626500636	0.027316572490192547	0.027316572490192547	0.035792957608809746
13240000	-170.53443609109513	2.0236144978447617	-172.5580505889399	0.025237940599591217	0.01805582666151655	0.01805582666151655	0.028385011090618473
13250000	-142.43785486207918	2.274812422164022	-144.7126672842432	0.06072567339107517	0.027674513796617794	0.027674513796617794	0.03103881364861376
13260000	-135.59132728408832	1.4125764253714927	-137.00390370945982	0.07580113330427878	0.02335401020681535	0.02335401020681535	0.02520985965269563
13270000	-91.82117749620782	0.8347342146221686	-92.65591171083	0.2447168209129789	0.055939039062414285	0.055939039062414285	0.030239750392193447
13280000	-91.66292869920765	1.2458752229775758	-92.90880392218523	0.3488650981197953	0.07580038976950375	0.07580038976950375	0.03907682374172569
13290000	-79.08526128579464	0.7529399929400737	-79.83820127873472	0.6110964066482764	0.07912645306195082	0.07912645306195082	0.023686820465282317
13300000	-116.18541805984076	2.00815972330788	-118.19357778314864	0.16273781561964262	0.04736695506627473	0.04736695506627473	0.032253302080130414
13310000	-87.06971149632996	2.2189017313367687	-89.28861322766673	0.33493653162552894	0.06094996604424722	0.06094996604424722	0.027005288542498763
13320000	-94.46287031923615	1.1203289350522305	-95.58319925428837	0.3508439933206243	0.0847331513786762	0.0847331513786762	0.036522384905189755
13330000	-63.287609068425716	0.027740221951738753	-63.315349290377455	0.8493100593736636	0.10588391054744115	0.10588391054744115	0.03524234659429983
13340000	-100.89114490884806	-0.30936570123607243	-100.58177920761199	0.3039179886371858	0.0733764517423473	0.0733764517423473	0.038147749256622246
13350000	-96.91104906559337	1.1184770623600109	-98.02952612795339	0.29284646102067086	0.05410442981797658	0.05410442981797658	0.027111358747609754
13360000	-70.0635076552078	0.45857406228424047	-70.52208171749204	0.6595244403092269	0.0706440136384699	0.0706440136384699	0.024104204938587292
13370000	-111.67536655120314	1.8691333915395179	-113.54449994274266	0.13986106576378954	0.03673974118979947	0.03673974118979947	0.03340957636941873
13380000	-75.58892869218676	0.9216301519937006	-76.51055884418045	0.6087037588632306	0.08191890703785111	0.08191890703785111	0.032160564430585015
13390000	-73.56694350250137	0.994508319540261	-74.56145182204163	0.5923318957157065	0.05244865307459378	0.05244865307459378	0.02112851470323287
13400000	-77.35153419092107	0.8741520908458837	-78.22568628176695	0.5940175930670132	0.10665020363639137	0.10665020363639137	0.03942450878495369
13410000	-73.45838436056678	-0.07858838833063397	-73.37979597223615	0.7155475708433795	0.09318498253421988	0.09318498253421988	0.031053168026362675
13420000	-69.32182714813517	-2.1573264121793594	-67.16450073595581	0.9569100997807073	0.13816450108413655	0.13816450108413655	0.0324418180366719
13430000	-75.84082179627706	0.0965051951054231	-75.93732699138248	0.5871995503918949	0.10430225193348222	0.10430225193348222	0.03459749686753604
13440000	-117.78309772999697	2.452846739040811	-120.23594446903778	0.14120333547571173	0.028737062525585735	0.028737062525585735	0.018214014519031103
13450000	-82.60290436866548	1.6049032410360669	-84.20780760970155	0.42497772520483423	0.08806150160495556	0.08806150160495556	0.036718950315574525
13460000	-65.45546427387295	-0.8771041826165378	-64.57836009125641	0.8784322556183549	0.05898121440663566	0.05898121440663566	0.022735027842352776
13470000	-57.56019602159131	-3.6785479297484303	-53.88164809184288	0.986508568341624	0.07037474383933287	0.07037474383933287	0.019568496085981005
13480000	-106.46003410132086	1.103776487719795	-107.56381058904066	0.2159153228488136	0.0354918424933253	0.0354918424933253	0.020098041424437153
13490000	-95.71368579194579	1.5785202950607184	-97.2922060870065	0.3962316198777129	0.05630177995218032	0.05630177995218032	0.02694938711833267
13500000	-107.33704005504866	2.259577872135986	-109.59661792718465	0.1882803907813128	0.0361638000313386	0.0361638000313386	0.01919874872936906
13510000	-109.75392190901069	1.8378765991019903	-111.59179850811267	0.2582972340996953	0.03826270473896884	0.03826270473896884	0.019621860991396126
13520000	-85.4471947049913	-0.02063020139889693	-85.4265645035924	0.49632470025046527	0.059715191388807626	0.059715191388807626	0.020908845082403718
13530000	-75.63082351223328	0.7276628847687742	-76.35848639700205	0.5632054437532051	0.08081032439593341	0.08081032439593341	0.027519240577727602
13540000	-66.7218808050043	-0.6915477794489472	-66.03033302555535	1.0414184703680478	0.10042431356413885	0.10042431356413885	0.030098514315559894
13550000	-80.22571939453987	1.7568713832348923	-81.98259077777476	0.4461725913590935	0.02136245568705113	0.02136245568705113	0.020781079126514
13560000	-96.36341801776035	1.7690357851196246	-98.13245380287998	0.32750620998927876	0.06563262174575706	0.06563262174575706	0.03511741249638308
13570000	-109.92902732016505	2.1296665249778566	-112.0586938451429	0.19262055096730824	0.052701921205192265	0.052701921205192265	0.028822573687590884
13580000	-81.83573188334607	1.7087961717891114	-83.54452805513519	0.4546857865516255	0.08230971170681699	0.08230971170681699	0.032803422487430345
13590000	-82.5585609258641	1.6031177343976788	-84.16167866026179	0.40865157988315637	0.058468178802759826	0.058468178802759826	0.02922362670985123
13600000	-97.50248964996932	2.27901120239081	-99.78150085236013	0.23348816376340745	0.03442990688893195	0.03442990688893195	0.022767970977882412
13610000	-81.57299681975776	-0.07493357895272001	-81.49806324080504	0.6712672204487315	0.09629615664165857	0.09629615664165857	0.03262394149075987
13620000	-75.59918252370026	-0.6811427800310167	-74.91803974366925	0.8609824001349534	0.15188292082533078	0.15188292082533078	0.048411990544027034
13630000	-89.36487909606545	1.2622561445282157	-90.62713524059366	0.37950801021831315	0.027550698242731854	0.027550698242731854	0.021340659324908706
13640000	-81.04318855712847	-0.8581779035647257	-80.18501065356375	0.5577512722255119	0.10162760277733376	0.10162760277733376	0.03627284470174901
13650000	-62.30615765913116	-0.6549887584224389	-61.65116890070872	0.7947470969932434	0.07766941081801537	0.07766941081801537	0.02489296898906951
13660000	-90.03936240347156	2.3729620917480387	-92.4123244952196	0.3146569777424666	0.04840311843233648	0.04840311843233648	0.029761893817464934
13670000	-105.81007209799175	1.9635899578284004	-107.77366205582015	0.2305940820392078	0.03678081441373303	0.03678081441373303	0.0210045884192737
13680000	-78.7165899307958	-2.9695699695884263	-75.74701996120739	0.5930474215849747	0.0898377375235844	0.0898377375235844	0.030103342849235395
13690000	-94.77299149327682	1.066709218788997	-95.83970071206582	0.3147771473017064	0.07756160988926554	0.07756160988926554	0.033785106229441725
13700000	-100.94076864119225	2.1242489145692236	-103.06501755576147	0.19482890497850414	0.05823095670377968	0.05823095670377968	0.03490629351795779
13710000	-107.86884367404622	1.1183780104993022	-108.98722168454552	0.2044814299087387	0.06105409063125176	0.06105409063125176	0.038964251430000846
13720000	-105.53627131642585	1.0899241380275884	-106.62619545445344	0.26190100638130026	0.04474893312188158	0.04474893312188158	0.030067999030974568
13730000	-84.4581143087845	-1.450340844936933	-83.00777346384757	0.7502036377577679	0.0658432777900345	0.0658432777900345	0.03366527991697434
13740000	-108.01577005135401	1.9115938716887566	-109.92736392304276	0.18366950134873966	0.048993591884566985	0.048993591884566985	0.024223803750344323
13750000	-102.81768998887932	2.0052112293726934	-104.82290121825201	0.26778133544151445	0.07817748067498614	0.07817748067498614	0.04648128842076884
13760000	-121.7111016172185	-0.6718185018018188	-121.03928311541668	0.12698378463853202	0.043117556670835555	0.043117556670835555	0.032779059067505695
13770000	-125.12788759431747	2.7497645800423474	-127.87765217435982	0.0914077574097367	0.044614243452016374	0.044614243452016374	0.04153304119178322
13780000	-109.19491914665736	2.238188899101871	-111.43310804575923	0.1787117668829268	0.05231012802077394	0.05231012802077394	0.029696690092148478
13790000	-90.00317805141825	2.076786915489308	-92.07996496690755	0.3675104322627449	0.052096703616837964	0.052096703616837964	0.028273739399682748
13800000	-114.8160905865941	2.0846912491098664	-116.90078183570397	0.14903184758992266	0.0547597434621446	0.0547597434621446	0.03525909698734243
13810000	-146.86359946510905	2.314431853149989	-149.17803131825903	0.05305607490949953	0.031221440579763584	0.031221440579763584	0.03688639610020105
13820000	-127.9053721523593	1.224003924488429	-129.12937607684773	0.08474355701301378	0.05099192576295149	0.05099192576295149	0.04675103953196086
13830000	-128.88244391660862	2.151350594486818	-131.03379451109544	0.07645408907738029	0.025342020008031346	0.025342020008031346	0.024548658856364272
13840000	-132.0067688444057	1.301020352704954	-133.30778919711068	0.10519577656151069	0.03942073142585714	0.03942073142585714	0.02997692610680012
13850000	-110.79674012775492	2.4852812462393863	-113.2820213739943	0.18304672268328598	0.056058854758012186	0.056058854758012186	0.03917458232806018
13860000	-104.03456845451578	1.8169953407738677	-105.85156379528965	0.3140499139048916	0.10348117337387115	0.10348117337387115	0.05157492806042
13870000	-103.6213235248005	1.9548292454794396	-105.57615277027995	0.1738700032648628	0.01838299992937258	0.01838299992937258	0.018179212828537693
13880000	-98.47414010706495	2.4577848473174946	-100.93192495438245	0.164327803664026	0.02625960013979978	0.02625960013979978	0.024037484763269203
13890000	-113.33012558936939	1.8001279931607304	-115.13025358253012	0.1491289549378224	0.03792505645149428	0.03792505645149428	0.040278119093722184
13900000	-93.416530390103	0.46891752212681226	-93.88544791222982	0.2613891817997187	0.04029054610781776	0.04029054610781776	0.023245239369381394
13910000	-97.76629871200552	2.107195455685446	-99.87349416769096	0.34388627637784236	0.057374552089720365	0.057374552089720365	0.028934992154039905
13920000	-86.32748778820088	0.027916010711094064	-86.35540379891198	0.3326202105025913	0.05326225029205899	0.05326225029205899	0.026836727694477522
13930000	-100.67851724867528	2.083949405967865	-102.76246665464315	0.3389432788086469	0.06354278043156593	0.06354278043156593	0.0280559997021054
13940000	-58.14319025985617	0.39015209276812823	-58.533342352624295	0.7262878079349798	0.07750842150559985	0.07750842150559985	0.022600711482007062
13950000	-98.79704177401153	1.2836055231926502	-100.08064729720418	0.2544737282729503	0.05012494205678361	0.05012494205678361	0.02114633805029865
13960000	-102.8688167887232	0.7639622204174841	-103.63277900914068	0.2472000259500881	0.028163967273154056	0.028163967273154056	0.022332548652042664
13970000	-136.71963122278422	2.535290717344849	-139.25492194012907	0.06412935175962213	0.022306622114445496	0.022306622114445496	0.02824822069891483
13980000	-123.04527473740848	2.6479506515303384	-125.69322538893881	0.08935725114550862	0.02038169536718056	0.02038169536718056	0.024547939636213822
13990000	-138.11229765046696	2.1081611016138484	-140.22045875208082	0.060917723799079136	0.009179670737074673	0.009179670737074673	0.023013475233681826
14000000	-125.97050433152656	1.5557611537221314	-127.52626548524869	0.1533816770446455	0.041510396579191505	0.041510396579191505	0.03149505158025605
14010000	-123.6419373120946	-2.8758141673993993	-120.7661231446952	0.1392992135664384	0.0463135456820444	0.0463135456820444	0.03189162713728916
14020000	-103.60153953629474	1.6626958390728106	-105.26423537536755	0.16682543521108126	0.04913928656763827	0.04913928656763827	0.03620045986466768
14030000	-66.77478872210693	0.717815661010439	-67.49260438311737	0.7247789277905259	0.08138468238820552	0.08138468238820552	0.02582012692335325
14040000	-65.89327730920917	-0.23096966136853725	-65.66230764784063	0.8074764923113397	0.09204269588555278	0.09204269588555278	0.029514127418164084
14050000	-54.452955967110064	-4.002051439578499	-50.45090452753156	1.762814372712532	0.0732265638230499	0.0732265638230499	0.019879279957124688
14060000	-90.43040269355649	1.5381382493254432	-91.96854094288193	0.3856219759022635	0.047346974000983845	0.047346974000983845	0.020408160786055597
14070000	-59.9963577944446	-4.532607927736274	-55.463749866708326	1.7360359542764567	0.15906711992156916	0.15906711992156916	0.033752143150580186
14080000	-60.261558949748114	-2.1242163345948253	-58.13734261515329	0.9164744785613503	0.08950703954193552	0.08950703954193552	0.02124848861729247
14090000	-96.12421004415941	2.3376769064257847	-98.4618869505852	0.2712667944034843	0.04590598655941844	0.04590598655941844	0.02616004204598863
14100000	-109.45679434351224	2.5145025235620584	-111.9712968670743	0.18277956380263685	0.052181716851693885	0.052181716851693885	0.04172576938807829
14110000	-89.97095707076934	1.4787374917903762	-91.44969456255973	0.4299136851186969	0.0520587940629151	0.0520587940629151	0.024236946806107454
14120000	-102.03826485977311	2.648399901040253	-104.68666476081336	0.24853558511965743	0.0546517741879367	0.0546517741879367	0.03593034885243637
14130000	-97.80725853932864	2.3410780583337973	-100.14833659766244	0.2216715884395275	0.036689400587158666	0.036689400587158666	0.016509263519883993
14140000	-97.3641374869728	1.8162149818934847	-99.18035246886627	0.374301644573753	0.07444233580510526	0.07444233580510526	0.0415903997917788
14150000	-104.48804063735834	1.9857414339692006	-106.47378207132753	0.1953009389231955	0.04660146277208053	0.04660146277208053	0.027413185869150918
14160000	-137.30174474400678	2.847982757688002	-140.1497275016948	0.0597991989222176	0.023405155278184975	0.023405155278184975	0.028153947996953962
14170000	-163.37644554633076	1.980415578031184	-165.35686112436193	0.0378344456076262	0.022574607355695803	0.022574607355695803	0.02734602382087367
14180000	-123.18743059936189	-0.25074999491234173	-122.93668060444955	0.11273386046331868	0.02367229629808758	0.02367229629808758	0.021229950362681625
14190000	-111.87686292449047	2.7210499228657623	-114.59791284735623	0.1668825468406819	0.049502391503043905	0.049502391503043905	0.034258857330959874
14200000	-95.95237583617451	1.4976314626582128	-97.45000729883273	0.39646571690336335	0.0651723708952185	0.0651723708952185	0.030104815957828032
14210000	-82.45769095751393	1.240970917852028	-83.69866187536596	0.5557151670877853	0.07338348547363116	0.07338348547363116	0.024608271316856917
14220000	-104.87942598406195	1.5307827871821869	-106.41020877124414	0.2179848820874095	0.021587027781521672	0.021587027781521672	0.020774780319566772
14230000	-91.91255510862821	1.4905382327654046	-93.40309334139361	0.2900732160124944	0.055970192497518584	0.055970192497518584	0.02542568626060762
14240000	-98.83473291382822	1.3061593651394792	-100.1408922789677	0.31484764179012553	0.06546492758817155	0.06546492758817155	0.029260657613916663
14250000	-66.07076415933179	0.213744751993016	-66.2845089113248	0.6717306934238061	0.07483292788211442	0.07483292788211442	0.02403300372963861
14260000	-71.82704665151115	0.2503803248812063	-72.07742697639236	0.7687625359374894	0.06447940534668468	0.06447940534668468	0.02844912427372136
14270000	-69.75102683643598	0.6952675712295486	-70.44629440766553	0.627324826592028	0.07280133372075333	0.07280133372075333	0.024961061361077737
14280000	-74.27849705511721	-0.9537055177421371	-73.32479153737508	0.8821213857447537	0.11392044947766877	0.11392044947766877	0.03690227914303914
14290000	-52.923640558368824	-1.5900068258252862	-51.33363373254354	1.2162204775038676	0.09066185702384554	0.09066185702384554	0.025822356763061008
14300000	-99.08254626910781	1.382214949702285	-100.4647612188101	0.23550523501775827	0.05209665441023691	0.05209665441023691	0.029459259396966912
14310000	-107.54448527145581	2.3736293445244967	-109.91811461598031	0.2547005280629398	0.0868415925270351	0.0868415925270351	0.046377397296862785
14320000	-72.19948071790586	-1.2156679182501047	-70.98381279965575	1.0311641159484781	0.08831382826223615	0.08831382826223615	0.026931483207787547
14330000	-122.00545567753773	2.86557636607142	-124.87103204360915	0.1121571901487843	0.05063058739438828	0.05063058739438828	0.04457056626161908
14340000	-117.55129769657407	2.085729371288245	-119.6370270678623	0.15986436638078044	0.05545262880848275	0.05545262880848275	0.039063015051054466
14350000	-81.6331696441442	1.309194331201411	-82.94236397534561	0.3722158181150693	0.05108613119949859	0.05108613119949859	0.02440620417552499
14360000	-62.079229108301924	-0.6466807902910771	-61.432548318010845	1.0390633818845112	0.11331399051481077	0.11331399051481077	0.042320722673363495
14370000	-69.38672482298314	0.7572010317570237	-70.14392585474016	0.5978398042396202	0.057503036878080116	0.057503036878080116	0.0205499691562442
14380000	-69.9405277782761	0.5303308903454891	-70.47085866862159	0.7701090691102389	0.10113249998740995	0.10113249998740995	0.03310104118886871
14390000	-86.970330043501	-0.0324349489099639	-86.93789509459103	0.5348874663159949	0.09830731191360083	0.09830731191360083	0.03191706941845795
14400000	-111.45823905311026	2.123600881182184	-113.58183993429245	0.19016330530643644	0.05410798333613362	0.05410798333613362	0.03035741411722403
14410000	-102.4235356118591	2.446626984516317	-104.87016259637541	0.21498308695074372	0.04337384127967491	0.04337384127967491	0.02920835431831551
14420000	-77.00695095902863	1.4591438528312781	-78.4660948118599	0.407578736083858	0.05781394684563159	0.05781394684563159	0.021426312478810758
14430000	-67.72599020439588	-3.3604668027628635	-64.36552340163303	1.0338825981434263	0.11453807563334516	0.11453807563334516	0.03129400281651093
14440000	-101.28834540873837	0.9443079837373821	-102.23265339247575	0.31589178920891764	0.05244603020185101	0.05244603020185101	0.023491763539737615
14450000	-106.8563755113039	2.532287782840651	-109.38866329414455	0.14955902698926135	0.027541012906564376	0.027541012906564376	0.027205316213759535
14460000	-80.91088157356285	0.569102914121762	-81.4799844876846	0.5058030907093074	0.049382724872752415	0.049382724872752415	0.023893455751560013
14470000	-113.88609995918951	2.494808876061126	-116.38090883525064	0.10567704055089396	0.030306855811567623	0.030306855811567623	0.02421199729692946
14480000	-81.53338991857079	0.665271015121795	-82.19866093369258	0.525425019342867	0.03243282900501103	0.03243282900501103	0.025260276168908066
14490000	-93.26987249019201	0.468631304452773	-93.73850379464479	0.32287860933133994	0.04895947768345589	0.04895947768345589	0.026604311195940915
14500000	-88.55729691408689	0.5771771984284072	-89.13447411251529	0.49968777189748576	0.08342486195869117	0.08342486195869117	0.03060933604695833
14510000	-96.27692705793517	1.1932261892115532	-97.47015324714673	0.3006064007594392	0.03785810608480453	0.03785810608480453	0.022585477666477616
14520000	-76.88818664025803	1.4520766851979634	-78.340263325456	0.4365852117799729	0.07543224350353907	0.07543224350353907	0.02454085013518208
14530000	-84.81776863598711	1.317477700409683	-86.13524633639679	0.37775533193607436	0.05382548231127762	0.05382548231127762	0.022360496292670846
14540000	-80.10718487479564	-0.930921731845316	-79.17626314295032	0.6644595384599307	0.07430785346292858	0.07430785346292858	0.020901129593080547
14550000	-65.50872267064882	-1.0781190820007867	-64.43060358864804	0.8714907246056683	0.07552778387941146	0.07552778387941146	0.02634016704483786
14560000	-83.87363272739246	1.9601034974241864	-85.83373622481665	0.2901138138458505	0.042215701103468894	0.042215701103468894	0.022028951351771468
14570000	-100.00566046211385	1.4187707903078075	-101.42443125242166	0.2985966536200563	0.057164280008057206	0.057164280008057206	0.023433888391883817
14580000	-119.46980735592591	1.6731878971312613	-121.14299525305717	0.139905990800298	0.03804519528360458	0.03804519528360458	0.02334065412092613
14590000	-102.33169806579966	2.70624173358563	-105.03793979938528	0.2079751461685446	0.03177795966773059	0.03177795966773059	0.02191594004539179
14600000	-82.6766945699055	-1.6465948795928904	-81.0300996903126	0.7956694278667309	0.07334143123002985	0.07334143123002985	0.02229823073970964
14610000	-102.37349381909226	0.48440194796185665	-102.85789576705412	0.2708612584937544	0.046854242514566206	0.046854242514566206	0.021703668555319622
14620000	-100.75317556763224	1.2796979057235163	-102.03287347335575	0.3291899186486413	0.06526088719776445	0.06526088719776445	0.028783533987881395
14630000	-113.04779179793887	0.7755250258980988	-113.82331682383698	0.12689911001136955	0.04528800439886855	0.04528800439886855	0.03307995890142275
14640000	-144.4094154565151	0.36631656882213814	-144.77573202533722	0.04883089622784415	0.0190297616227464	0.0190297616227464	0.03182731008077965
14650000	-128.4508407674028	2.4208050192573713	-130.87164578666017	0.12847780649961837	0.054663583539243284	0.054663583539243284	0.03896574175727814
14660000	-132.3586175073841	-0.46472454676269503	-131.89389296062143	0.08634539910857912	0.028869376000784815	0.028869376000784815	0.0267240778845608
14670000	-65.42827432238406	-0.36396255917419185	-65.06431176320986	0.728243717319283	0.092523452553806	0.092523452553806	0.024990041645907412
14680000	-88.59046569235929	1.766618164098619	-90.3570838564579	0.3678777467167989	0.04548962243864233	0.04548962243864233	0.02323955728173704
14690000	-76.71691523400682	-0.010171585293304641	-76.70674364871351	0.4981967191665218	0.043131564676939044	0.043131564676939044	0.02141722944817945
14700000	-96.7647135102009	0.5473627765018197	-97.31207628670272	0.4485074014041246	0.10683522838755447	0.10683522838755447	0.046037932956183344
14710000	-108.04846655641168	0.30463491821463595	-108.35310147462631	0.18668168994330026	0.07314109503375596	0.07314109503375596	0.04378357239125017
14720000	-125.16239267772927	0.8339124442744272	-125.9963051220037	0.10055796564592408	0.010501175767365787	0.010501175767365787	0.024258259316370274
14730000	-97.93319340514759	0.9062536776087339	-98.83944708275632	0.2347100751042407	0.059539611707110154	0.059539611707110154	0.028376583783008495
14740000	-113.04177134766104	2.763606265406739	-115.80537761306778	0.14747387697621508	0.03968813646479122	0.03968813646479122	0.02867818292345508
14750000	-71.3157086097002	0.7635240953378059	-72.079232705038	0.7027796500564231	0.09038215949965224	0.09038215949965224	0.02836134996479997
14760000	-97.3325713371131	1.5062372676446976	-98.83880860475779	0.2941385979569201	0.05266223208357877	0.05266223208357877	0.03447060474916582
14770000	-106.03405753269705	2.1258171613385852	-108.15987469403564	0.2938243259803489	0.05110690089137904	0.05110690089137904	0.025940026381218288
14780000	-101.82222654955757	2.1345715740974	-103.95679812365496	0.27312764535809547	0.06512393888184144	0.06512393888184144	0.030514881788927715
14790000	-86.30192836070555	-0.04806450138334473	-86.2538638593222	0.38339825712388015	0.06736405756173536	0.06736405756173536	0.026856138445325972
14800000	-118.18501128294865	2.496307008243584	-120.68131829119224	0.1297130983997265	0.030854752336235275	0.030854752336235275	0.02798222496100362
14810000	-71.47849787102021	0.21995642010025723	-71.69845429112047	0.7426130749824483	0.09779211836288865	0.09779211836288865	0.03293569979241023
14820000	-47.95519561385027	-2.606638237898438	-45.348557375951835	1.4459184934110527	0.09140143980045075	0.09140143980045075	0.0211704803870596
14830000	-116.27178825354973	0.6374513349988113	-116.90923958854854	0.1563029056822769	0.03312367445432443	0.03312367445432443	0.02677698784053927
14840000	-117.96327616974953	2.642141562043725	-120.60541773179325	0.14104485276752796	0.03253351213643241	0.03253351213643241	0.024311624991864737
14850000	-137.7469313714745	2.2960304536793577	-140.04296182515384	0.08984924722964673	0.034803597853524736	0.034803597853524736	0.03712896432781671
14860000	-144.03590281612628	2.6134322293569947	-146.64933504548327	0.06439236791679841	0.04669405327013853	0.04669405327013853	0.051342895292805765
14870000	-91.58733020828092	2.365242934630064	-93.95257314291098	0.2622335893793643	0.054879795294061166	0.054879795294061166	0.0261839801506219
14880000	-75.44941201647897	-1.3500117841810568	-74.09940023229791	0.7286143711342505	0.1085782468227801	0.1085782468227801	0.02887353410736601
14890000	-74.90423240056906	-0.5595377464604857	-74.34469465410857	0.7227068122224994	0.09270738374710188	0.09270738374710188	0.03839475061472856
14900000	-130.6350955823399	1.7797777057752762	-132.41487328811516	0.06498955316538596	0.02213079682248317	0.02213079682248317	0.02035441108642532
14910000	-103.79579645944659	2.3853980333283795	-106.18119449277498	0.24879872560123423	0.093133967304598	0.093133967304598	0.05148382749857916
14920000	-98.83945753927847	1.7440619012934122	-100.58351944057188	0.42063501680114723	0.08157477833100345	0.08157477833100345	0.034201226666297116
14930000	-77.89834094601694	1.2384772235549084	-79.13681816957185	0.3850563031762673	0.06549558187004026	0.06549558187004026	0.0242074425413249
14940000	-70.87627098746299	0.9629026151073794	-71.83917360257037	0.6174549657081327	0.05584881768380369	0.05584881768380369	0.01794932485577797
14950000	-75.45226506251812	0.6686205290844538	-76.12088559160257	0.6362246033879846	0.07624024440160411	0.07624024440160411	0.027222903003295076
14960000	-107.85274942805114	1.4509208061998087	-109.30367023425094	0.21384149524696242	0.0443076324083903	0.0443076324083903	0.0272436396084628
14970000	-91.65932840167918	0.7160155751513315	-92.37534397683051	0.5818196258127887	0.07778515381135132	0.07778515381135132	0.028719513249692928
14980000	-65.41503820743962	-0.18278403622665457	-65.23225417121297	0.8258446800237937	0.07589549367922867	0.07589549367922867	0.018933524714136136
14990000	-78.25679711201136	-0.6690947241002939	-77.58770238791107	0.6900975757763684	0.10650588933171919	0.10650588933171919	0.030753914128521496
15000000	-96.90475059009259	0.4363775792225484	-97.34112816931514	0.36224586758737143	0.03306984048408434	0.03306984048408434	0.017613201253677293
15010000	-73.49903602757144	0.391119023150147	-73.89015505072159	0.5948938363403447	0.057958568047557224	0.057958568047557224	0.022456419619944015
15020000	-93.7869557610654	1.8710248939473102	-95.65798065501271	0.2995337342581421	0.04981180838423389	0.04981180838423389	0.028425245133573206
15030000	-87.54452933184277	2.2089534678749247	-89.75348279971769	0.3433933877859498	0.03872815479712006	0.03872815479712006	0.022435343068202013
15040000	-106.08540272316306	2.321269402381927	-108.40667212554499	0.16191788680086402	0.036590761776239177	0.036590761776239177	0.0237904707660156
15050000	-69.52920209198871	1.5117948070609977	-71.0409968990497	0.5391400880715302	0.03402297639519377	0.03402297639519377	0.02332540020574325
15060000	-79.64074734573553	0.6213605889104258	-80.26210793464595	0.4923292613410636	0.09933173406035553	0.09933173406035553	0.037077392889557984
15070000	-81.05157913260024	1.8661355089151468	-82.91771464151539	0.40080522909180244	0.05039350941296936	0.05039350941296936	0.022310250902775264
15080000	-62.31704714096653	0.48634798914651745	-62.803395130113046	0.7653341278697329	0.07587181060986446	0.07587181060986446	0.024255356851510937
15090000	-75.5311599921076	1.1180225576788305	-76.64918254978643	0.47890883696883874	0.08101101137810891	0.08101101137810891	0.03283448663374634
15100000	-56.77390301739234	-4.577406620804636	-52.196496396587705	1.3825017015131513	0.12428719631781467	0.12428719631781467	0.02647935273465075
15110000	-93.1117196215733	-0.9456947465997336	-92.16602487497357	0.514151756114848	0.08234860577660995	0.08234860577660995	0.03445306501647406
15120000	-65.22952625547074	-2.326171525890452	-62.90335472958029	0.9347463662679685	0.12657909340776446	0.12657909340776446	0.034321119473982004
15130000	-86.27900840268067	1.8782155156070148	-88.15722391828768	0.38890630413086685	0.06630785681034009	0.06630785681034009	0.030774764089015777
15140000	-110.9173764491115	2.550685631227519	-113.46806208033902	0.16994733780819093	0.03397836919785353	0.03397836919785353	0.02287764819265573
15150000	-88.9812906435577	1.0030956794688628	-89.98438632302656	0.5589072334577538	0.06189420107058042	0.06189420107058042	0.024420381107708014
15160000	-94.7789453468643	1.4466252488347946	-96.2255705956991	0.43890188561561144	0.06070309758708829	0.06070309758708829	0.02805592453692543
15170000	-68.10442195726849	0.09560669221837526	-68.20002864948687	0.817399660508092	0.08517445861907001	0.08517445861907001	0.02440118380935935
15180000	-106.13212888685736	-0.9332020586346235	-105.19892682822274	0.15997358821959376	0.02261522389961863	0.02261522389961863	0.019318227683860507
15190000	-101.48927692578472	1.3012174101630345	-102.79049433594776	0.2438219774025786	0.02841143254025138	0.02841143254025138	0.023541639190034096
15200000	-111.93154886331162	2.7167053811754354	-114.64825424448705	0.1414041203727502	0.04910114190774481	0.04910114190774481	0.03549559654426021
15210000	-105.476348860663	0.32594827830772655	-105.80229713897072	0.24307662573341685	0.053987163592642363	0.053987163592642363	0.024558829519365
15220000	-103.05165480919827	1.6546080681070006	-104.70626287730526	0.19664360702262804	0.05808221424274442	0.05808221424274442	0.03677881558875637
15230000	-81.6470355946914	1.1031222511082763	-82.75015784579968	0.4872191031273393	0.06033818632526051	0.06033818632526051	0.028095416154799047
15240000	-98.86698702892865	1.1137918893821142	-99.98077891831076	0.2713268553674364	0.07292171470790292	0.07292171470790292	0.039382196077345916
15250000	-99.7279548969698	2.3308242478498817	-102.05877914481968	0.27756438013453455	0.017498871138241737	0.017498871138241737	0.01725471363734479
15260000	-70.41067372121637	0.01504633430892266	-70.42572005552529	0.8461263917970121	0.07032533048954773	0.07032533048954773	0.019655727125158427
15270000	-86.22091730780276	-0.15798087090570556	-86.06293643689706	0.47773865541935473	0.07643565537834097	0.07643565537834097	0.03117761235064407
15280000	-91.16310914853638	1.4357003007352565	-92.59880944927164	0.3567631237725334	0.02946153552155015	0.02946153552155015	0.021204677841001947
15290000	-102.97602539868024	1.3004875703570362	-104.27651296903727	0.24780956008053878	0.07874458185496942	0.07874458185496942	0.040197321608532996
15300000	-83.32079371514163	0.34933513169163766	-83.67012884683326	0.4883656095719965	0.04256089674651763	0.04256089674651763	0.02136140290500092
15310000	-81.07767085132431	0.8298719036469043	-81.90754275497122	0.5054443811559455	0.07986890557617093	0.07986890557617093	0.028613282492521066
15320000	-85.34505131907879	2.1097506348938935	-87.45480195397269	0.3057274537020494	0.05109232990642682	0.05109232990642682	0.024712586651393777
15330000	-72.52626398736703	-3.818449973462285	-68.70781401390475	0.7981901525360403	0.14185529996216678	0.14185529996216678	0.04323348743323526
15340000	-51.39711994947562	-3.4327820748710485	-47.964337874604574	1.390378751391353	0.1328283014216265	0.1328283014216265	0.028577914662212663
15350000	-89.74837996136999	1.2315435024842254	-90.97992346385422	0.3860403764068654	0.06725016619922049	0.06725016619922049	0.03045087225169693
15360000	-91.5723396887166	2.15855178648645	-93.73089147520305	0.2958183104245979	0.05445291908754396	0.05445291908754396	0.026388238870374066
15370000	-94.70628099541582	-0.35888961732220404	-94.34739137809362	0.30892278327453593	0.035942163548866084	0.035942163548866084	0.02373700110625186
15380000	-80.69204089825665	1.228460643716655	-81.92050154197331	0.40481152852821684	0.07688894804562335	0.07688894804562335	0.029264938668506678
15390000	-95.665868158083	2.511262654784951	-98.17713081286796	0.25987509175113654	0.0527267893728186	0.0527267893728186	0.029399338349417367
15400000	-84.09893229591566	-1.3022962606897912	-82.79663603522587	0.42866130027283217	0.043026361562639254	0.043026361562639254	0.025311185696025782
15410000	-56.04586869988446	-6.085867968490343	-49.96000073139412	1.7578892118501834	0.1382297447620827	0.1382297447620827	0.02831470782272556
15420000	-78.94394621626732	1.353163439705117	-80.29710965597243	0.38475502072431195	0.06611261666252105	0.06611261666252105	0.03193687485912898
15430000	-125.60851651682718	2.7386474674016053	-128.34716398422879	0.11951351878833678	0.04734570827972994	0.04734570827972994	0.03349373397264391
15440000	-67.44655632081772	0.16527489683726204	-67.61183121765498	0.7702769767452264	0.07970014456459709	0.07970014456459709	0.023871106627724077
15450000	-87.93988840733796	-2.4451724155102967	-85.49471599182766	0.41429892833130455	0.03226122459283959	0.03226122459283959	0.021092254682862004
15460000	-64.43397498052474	-0.8911880132268882	-63.54278696729784	0.9077396907207617	0.11490002415073444	0.11490002415073444	0.026993191820889197
15470000	-82.09838981952397	0.6325074495196241	-82.7308972690436	0.5838362979803947	0.09795085693781827	0.09795085693781827	0.0364514129160856
15480000	-97.87740461783953	2.2322589770314347	-100.10966359487097	0.23419446794129098	0.030129027584847076	0.030129027584847076	0.025365986605181214
15490000	-116.29667344142277	2.7174304779767766	-119.01410391939955	0.13090877302825238	0.03482169269006901	0.03482169269006901	0.026928628308766307
15500000	-159.43255319857886	2.131603265002122	-161.56415646358099	0.0301096836501947	0.015756831351719933	0.015756831351719933	0.03092940272190168
15510000	-101.50234187139792	0.18426564400105505	-101.68660751539898	0.33811039494247425	0.07015645256188027	0.07015645256188027	0.03412259437059459
15520000	-77.2651542042907	1.312248484885306	-78.577402689176	0.51346746027941	0.06846161607065196	0.06846161607065196	0.021865134117292087
15530000	-84.15156094182424	0.6052964360993249	-84.75685737792357	0.5018430338210995	0.07747887567746224	0.07747887567746224	0.027078022517269325
15540000	-81.06063673201	0.7353618167383144	-81.79599854874832	0.5135857475446357	0.10136302887097241	0.10136302887097241	0.04550653733271135
15550000	-102.42826238384978	-0.0340990820594298	-102.39416330179036	0.34198373583988484	0.07195737121859751	0.07195737121859751	0.03182135726085692
15560000	-86.49301653445855	0.8444127158868676	-87.33742925034541	0.332180949067234	0.07635901251907035	0.07635901251907035	0.03251222520615869
15570000	-79.99278535703849	-1.3561658980305662	-78.63661945900792	0.6130210542123986	0.058191534106816316	0.058191534106816316	0.023042832014624558
15580000	-72.52605474141188	1.5889019694076176	-74.1149567108195	0.4521962529500687	0.046097392978513986	0.046097392978513986	0.02055276257171169
15590000	-73.93784254024028	-0.16071092184722213	-73.77713161839306	0.688747010166972	0.05765625506405142	0.05765625506405142	0.019742988525966582
15600000	-93.5325555329143	1.2721569082412474	-94.80471244115554	0.3040583672406647	0.08229081276476233	0.08229081276476233	0.03322952625967896
15610000	-129.1734666899762	0.22352422944275796	-129.39699091941895	0.11319934545734876	0.03551915848230573	0.03551915848230573	0.032628705799825464
15620000	-92.80554434317004	1.4148970664050364	-94.22044140957507	0.3009557439203764	0.021781023852227892	0.021781023852227892	0.017034819553295902
15630000	-69.97420764205462	0.6205638747977356	-70.59477151685236	0.6658961960105992	0.0699781870526643	0.0699781870526643	0.0214151444380686
15640000	-75.4645513747878	0.03086608821137593	-75.49541746299919	0.5976165910483173	0.07440627859385981	0.07440627859385981	0.021611097411519224
15650000	-116.16550908610472	2.7470642753922307	-118.91257336149695	0.12454573902547467	0.04200805934806989	0.04200805934806989	0.03622069227361009
15660000	-109.2989902126627	1.7579453667792406	-111.05693557944194	0.17229330049324168	0.025564321735282267	0.025564321735282267	0.01736438295956589
15670000	-107.90373058313541	2.722062663284484	-110.6257932464199	0.14174058724659713	0.03611209758943218	0.03611209758943218	0.024940407669152315
15680000	-83.97178002399556	0.7734411242692413	-84.7452211482648	0.4636273196407495	0.0737854604237452	0.0737854604237452	0.02652965034454565
15690000	-113.32304627598337	0.5300256162884844	-113.85307189227186	0.2012771163655972	0.030815921567964116	0.030815921567964116	0.029700504033943843
15700000	-111.76900171704531	2.3765451899718566	-114.14554690701716	0.1824375915813604	0.06142870155948493	0.06142870155948493	0.04163262273049123
15710000	-89.29440470699159	2.337982002553058	-91.63238670954465	0.31590210980115985	0.04618923270161327	0.04618923270161327	0.024279751941729995
15720000	-103.8640486641155	2.1556858474635283	-106.01973451157903	0.17282252012606272	0.026777783569932566	0.026777783569932566	0.017479701250724705
15730000	-118.77266768249402	1.944367842804636	-120.71703552529866	0.14223288312851132	0.03444751632507738	0.03444751632507738	0.029019015661739766
15740000	-109.64809208220635	2.4322299265780507	-112.08032200878439	0.21775229261084017	0.04755344528513622	0.04755344528513622	0.025037836445660565
15750000	-56.891173813366066	-1.4849654248309712	-55.4062083885351	1.1595982284748356	0.11443393630209193	0.11443393630209193	0.02813007449880619
15760000	-87.21575850351155	0.9734704848810583	-88.18922898839261	0.5343363468024305	0.06565462875957911	0.06565462875957911	0.022211056539507733
15770000	-89.35340941069892	1.9113963240062017	-91.26480573470512	0.28162508297915634	0.03656489252807898	0.03656489252807898	0.016781121821142737
15780000	-96.5990335141376	-2.132937339015756	-94.46609617512185	0.4393326422718819	0.08429078357572752	0.08429078357572752	0.0315149757705903
15790000	-95.91392626367377	2.384043677887228	-98.297969941561	0.19157612437107294	0.037592160394867034	0.037592160394867034	0.024708548166810406
15800000	-142.01123525532603	2.126200988850276	-144.1374362441763	0.057858155367541596	0.023023965256748418	0.023023965256748418	0.023010313994299987
15810000	-102.49997211576294	2.6238807224789613	-105.1238528382419	0.21537582462826296	0.04950143312131551	0.04950143312131551	0.029783712898504372
15820000	-97.21438067482042	2.3946300544098738	-99.60901072923029	0.21811638674553416	0.04634384044978587	0.04634384044978587	0.029033264989039576
15830000	-71.16585402143279	0.8250249016429729	-71.99087892307577	0.483902949785936	0.05756884907763895	0.05756884907763895	0.02252503030881217
15840000	-99.41192819302358	0.18061559377685876	-99.59254378680045	0.19903251811359438	0.0454153230596298	0.0454153230596298	0.028878512444031397
15850000	-114.06616707293804	1.0216605268262686	-115.08782759976431	0.15671709198057682	0.0239612337963996	0.0239612337963996	0.026840236418953632
15860000	-67.87222546029851	0.1022099914443052	-67.97443545174282	0.6425812175367211	0.07899136173079314	0.07899136173079314	0.024073726189029393
15870000	-65.54096503576103	0.08031105274080441	-65.62127608850184	0.8634411846348895	0.11060069434204466	0.11060069434204466	0.03544046985050556
15880000	-97.68133406840754	2.01937531103756	-99.7007093794451	0.3027747704398861	0.04849487166223177	0.04849487166223177	0.019723977037149724
15890000	-82.0908939238379	1.5343344232108764	-83.62522834704878	0.3429163903903093	0.039179970465193	0.039179970465193	0.02251333638968321
15900000	-81.04266124291433	0.5169597722920822	-81.55962101520642	0.6936266162876178	0.0744220508480631	0.0744220508480631	0.026507386107683932
15910000	-107.34376906805427	2.094125360279062	-109.43789442833334	0.2019869079797098	0.05620611333180138	0.05620611333180138	0.031711224830850676
15920000	-115.18415634705802	1.836708740289596	-117.02086508734762	0.09519039210028611	0.011171444384963944	0.011171444384963944	0.016960998199760935
15930000	-86.97176090113159	1.9408693422637175	-88.91263024339531	0.41164660749852483	0.09723043398719643	0.09723043398719643	0.04198060404419124
15940000	-77.39539343574626	-0.8881094266472639	-76.507284009099	0.7056423509081327	0.12898872327771832	0.12898872327771832	0.04059323605345865
15950000	-85.25145749437316	0.06402282717151564	-85.31548032154467	0.5882955433745513	0.10440375542257799	0.10440375542257799	0.03345844970265782
15960000	-124.45476007469729	2.4860521085478196	-126.94081218324511	0.1091969833031213	0.042484153975569754	0.042484153975569754	0.0342649646704751
15970000	-91.89036885801194	1.6188268953840872	-93.50919575339603	0.3807507255151297	0.11728975651326848	0.11728975651326848	0.051022709752199524
15980000	-73.89629029443238	-0.17716794001152392	-73.71912235442085	0.5757847436093793	0.04610578675757243	0.04610578675757243	0.01990045996004844
15990000	-94.2321977502966	2.4419374626847894	-96.6741352129814	0.26915839915523343	0.05282192030640483	0.05282192030640483	0.025292941878191755
16000000	-137.1525861488075	0.6168422009128784	-137.76942834972039	0.09866631933185328	0.03147779270001434	0.03147779270001434	0.027583120367483754
16010000	-133.87305019859056	2.6650964264321897	-136.53814662502276	0.06741911767575852	0.02576122664102565	0.02576122664102565	0.030656512970771432
16020000	-101.01495167442255	2.307535452137647	-103.32248712656019	0.24332347117707837	0.043827075701574826	0.043827075701574826	0.025333688937723517
16030000	-92.61460540258999	1.7049569867860455	-94.31956238937603	0.40613164783958283	0.054015941264609194	0.054015941264609194	0.02661145261222936
16040000	-84.59341516374324	0.9805175037815251	-85.57393266752477	0.3853785141970542	0.0371427205486077	0.0371427205486077	0.01965268717275942
16050000	-81.90516380519333	-0.03429551684352339	-81.8708682883498	0.6058706221608359	0.07663682672183203	0.07663682672183203	0.024885698368875192
16060000	-71.82286151650021	1.2002493219721106	-73.02311083847232	0.5259123073965946	0.030662224852743513	0.030662224852743513	0.013424290632966017
16070000	-107.04191628128727	2.2102734485896156	-109.25218972987689	0.2042314573166776	0.04070380038482969	0.04070380038482969	0.02778091207963893
16080000	-115.30359948619036	1.3826370295646817	-116.68623651575504	0.20232506427823604	0.0772838611901673	0.0772838611901673	0.04447274733779005
16090000	-106.1631686776689	0.7647315385086793	-106.92790021617759	0.21320562005759802	0.0872656231735293	0.0872656231735293	0.05069629466069644
16100000	-141.55130721526743	2.3879456337574587	-143.93925284902488	0.05292988288605992	0.036115523826771224	0.036115523826771224	0.037858523636232135
16110000	-146.4538574074478	2.387564877504733	-148.84142228495253	0.03650624741478898	0.023467805454960147	0.023467805454960147	0.032530689697539854
16120000	-122.75998748057958	2.0130137629623532	-124.77300124354194	0.09641356152603978	0.04458893332220209	0.04458893332220209	0.03748865446471082
16130000	-126.42549486590022	2.455215762569193	-128.88071062846942	0.11467235117554364	0.024165989119186163	0.024165989119186163	0.01828336490699841
16140000	-82.84261306492787	1.4426032469396453	-84.28521631186752	0.3436296358611932	0.03359149357607872	0.03359149357607872	0.020392782666330236
16150000	-115.38691309399778	1.4287319991949081	-116.81564509319269	0.20570697517215458	0.05324399510244245	0.05324399510244245	0.029467522120472933
16160000	-98.70140557445687	2.210253606136951	-100.91165918059382	0.35366087201682306	0.08539272415173547	0.08539272415173547	0.04360621700403985
16170000	-102.10849588604174	1.4236707360619434	-103.53216662210367	0.22713525120738792	0.030581572105067175	0.030581572105067175	0.02224225571087229
16180000	-72.09768723906573	-0.16402452218422636	-71.93366271688151	0.7956832722747302	0.08702068107298466	0.08702068107298466	0.020600753115829644
16190000	-86.50665912513352	-1.5664168460002843	-84.94024227913324	0.44352156437756	0.08220494702189582	0.08220494702189582	0.03694368030648739
16200000	-87.80833404126741	1.8811671877966198	-89.68950122906404	0.36404892919596704	0.08703350719198205	0.08703350719198205	0.03636227043632221
16210000	-68.17199026119108	0.9087551590462721	-69.08074542023735	0.5297051101629898	0.026018982195286852	0.026018982195286852	0.021186960787991788
16220000	-81.82755679238053	0.8588397102710601	-82.68639650265159	0.5132156420216207	0.05501004616609152	0.05501004616609152	0.01726554525326289
16230000	-96.58666634550066	2.5388188826971314	-99.12548522819779	0.2514376260947841	0.04604382088028069	0.04604382088028069	0.025032027617840066
16240000	-109.18289217951039	2.2689412560333784	-111.45183343554376	0.15958476812915465	0.032579153173405775	0.032579153173405775	0.021108210603737344
16250000	-59.27009947346426	-0.5848240895231067	-58.68527538394115	0.9927588674843725	0.0954739890187453	0.0954739890187453	0.03018991824836673
16260000	-85.01053656848111	0.8646790416486273	-85.87521561012974	0.48234304775993375	0.06615481333254836	0.06615481333254836	0.03171732925962754
16270000	-73.24168309585322	-1.260867580246694	-71.98081551560652	0.5898666609028299	0.04805323846578305	0.04805323846578305	0.019337257339069068
16280000	-119.71204202041153	0.6544040788594678	-120.366446099271	0.12568894933170163	0.03771867859402113	0.03771867859402113	0.02834833142062492
16290000	-114.13664635833992	1.5164546477541152	-115.65310100609403	0.1336887259224452	0.03205721187845302	0.03205721187845302	0.025929800335392786
16300000	-99.91914474912195	0.17551774021543443	-100.0946624893374	0.2634513047042251	0.06029937163514875	0.06029937163514875	0.030197133866514573
16310000	-109.10701363072836	2.187587458494162	-111.29460108922252	0.1893778812144293	0.022661796477768024	0.022661796477768024	0.016556566228271077
16320000	-71.18271473861327	-8.095441045582447	-63.08727369303083	1.4121948887065672	0.16732826780811966	0.16732826780811966	0.04003862657913507
16330000	-84.96551583351028	1.8476647373246142	-86.8131805708349	0.3420858898075097	0.0569862348274729	0.0569862348274729	0.023513433440437145
16340000	-81.8202998827327	-0.6807398950052517	-81.13955998772745	0.4167412833207654	0.06444983380116344	0.06444983380116344	0.03354505264468043
16350000	-70.69578864268016	-0.07185583512926563	-70.62393280755089	0.7642034313780739	0.14048987345395872	0.14048987345395872	0.04023406695754081
16360000	-89.19354829936766	-3.1549418368804307	-86.03860646248724	0.4803122791659971	0.07744901564322722	0.07744901564322722	0.030659378339513682
16370000	-80.53832739584425	1.1364869280388947	-81.67481432388314	0.5929415641635377	0.09579457333001065	0.09579457333001065	0.040804703844257856
16380000	-119.18240889079371	-0.4854797130230284	-118.69692917777068	0.10742537504328635	0.019946319955125216	0.019946319955125216	0.018581770534028236
16390000	-54.88924033260016	-5.098023585161476	-49.79121674743868	1.509936877571156	0.13064065446094084	0.13064065446094084	0.024431852170105767
16400000	-73.16806567233182	-2.499084537443329	-70.6689811348885	0.9261823463088723	0.11980194415988683	0.11980194415988683	0.030494455125574076
16410000	-77.70497994951198	0.6115549982041377	-78.31653494771612	0.5155974417232397	0.06983568337388171	0.06983568337388171	0.026120765437668683
16420000	-46.801338344333786	-3.4579509183439234	-43.34338742598986	1.492077581464712	0.11375970217586515	0.11375970217586515	0.021227147653718473
16430000	-95.28064254191906	1.1885492873600243	-96.46919182927908	0.2684402548812282	0.0629793313015577	0.0629793313015577	0.028015313283951494
16440000	-74.73449895108419	1.1061877033951162	-75.84068665447931	0.5734430116318492	0.08879728680720854	0.08879728680720854	0.028826334693673614
16450000	-82.14530429151816	0.6796719494245788	-82.82497624094273	0.5745472708540246	0.09044906757624596	0.09044906757624596	0.029420612614670598
16460000	-82.966781498136	1.066541928769905	-84.03332342690591	0.3846383417711794	0.043844816593264876	0.043844816593264876	0.021472541270511653
16470000	-94.13644181842936	1.7798619632875718	-95.91630378171693	0.3482024439539995	0.06327926381778894	0.06327926381778894	0.037301195096018425
16480000	-85.97947647686237	1.2672189789406287	-87.246695455803	0.4539698878174067	0.07133146396624872	0.07133146396624872	0.026374759598821518
16490000	-110.47966516153409	1.1000757152718434	-111.57974087680593	0.268858770217204	0.03761462949742649	0.03761462949742649	0.021655447916841295
16500000	-64.78695911239122	-2.3466251211153595	-62.44033399127586	1.0561047941369024	0.07947314770209388	0.07947314770209388	0.025058794554330806
16510000	-99.28315887879742	2.2339649839171063	-101.51712386271453	0.3108142553996057	0.038786187846857514	0.038786187846857514	0.018079498734623726
16520000	-102.4275780492019	0.7936873257058149	-103.22126537490772	0.2950241195619792	0.06336272226936214	0.06336272226936214	0.031000031365618744
16530000	-78.70583184723208	1.6728762583545114	-80.37870810558658	0.41604861104489366	0.0789766017982788	0.0789766017982788	0.030594483609810735
16540000	-97.40505985309586	2.2028958877867666	-99.60795574088263	0.2845767793987598	0.0655249696123152	0.0655249696123152	0.03612813760572559
16550000	-87.38323141556947	1.3175501689802482	-88.70078158454972	0.341933221958502	0.07351407048009562	0.07351407048009562	0.03218393903057286
16560000	-87.7884544319516	-0.21033324970244394	-87.57812118224916	0.44831389894440227	0.07140797790798664	0.07140797790798664	0.028273537686165705
16570000	-45.25686733859898	-5.406888536234684	-39.8499788023643	1.8606255615503982	0.09576349901558437	0.09576349901558437	0.02111816142865146
16580000	-73.09960067481349	-0.5579604411499403	-72.54164023366354	0.701263421950382	0.08782517051105107	0.08782517051105107	0.027480096627892824
16590000	-113.32962460636338	1.1355015875332444	-114.46512619389662	0.15226314937735172	0.03520693509269458	0.03520693509269458	0.025583305479331353
16600000	-82.06510669646609	1.1860871317714041	-83.25119382823749	0.4076462741645776	0.07925791474433287	0.07925791474433287	0.026759674387136098
16610000	-84.85376348287508	0.6621908596257219	-85.5159543425008	0.3381563018800002	0.0730655350066972	0.0730655350066972	0.030364164195038117
16620000	-94.4061242826078	2.033440779549022	-96.43956506215683	0.28873839348832	0.05229765457804068	0.05229765457804068	0.023560160296193067
16630000	-116.08675897988135	2.5944148912348126	-118.68117387111616	0.15697746355988404	0.04488748734965144	0.04488748734965144	0.02640111992369091
16640000	-87.76981114936957	0.9309409211214111	-88.70075207049098	0.5338877026593273	0.08535221713254834	0.08535221713254834	0.03366924909251292
16650000	-102.72959181431128	2.234661812910444	-104.96425362722172	0.20142634003735754	0.06832967238271147	0.06832967238271147	0.04087240257104495
16660000	-123.20122214893438	2.084643642679323	-125.2858657916137	0.15012126203054038	0.03051266983492665	0.03051266983492665	0.017084331260526255
16670000	-107.81994172746622	-1.2282261926074844	-106.59171553485874	0.2526385876891576	0.06785086114230833	0.06785086114230833	0.03776763868986138
16680000	-131.46884288440367	0.3419528064536772	-131.81079569085736	0.06868693338284473	0.02811447136557411	0.02811447136557411	0.023801366698878827
16690000	-133.9785717471469	0.7469221417407104	-134.7254938888876	0.08450040271124393	0.03254249494736886	0.03254249494736886	0.025462284787775402
16700000	-79.95815982917783	1.7501186753748548	-81.70827850455268	0.40136129494010503	0.05788098502292937	0.05788098502292937	0.022974633901930153
16710000	-92.23634773180773	0.20143605430221	-92.43778378610993	0.34613528796412507	0.04614761112948937	0.04614761112948937	0.022098978556177172
16720000	-102.55958795498545	1.8020728109089998	-104.36166076589444	0.2683765735565642	0.05535577141588021	0.05535577141588021	0.03114662791201948
16730000	-124.04596461543463	1.2948459887275896	-125.34081060416221	0.08765441350020237	0.028699024963801792	0.028699024963801792	0.03147096347115274
16740000	-120.74639091073392	0.4158125895853346	-121.16220350031925	0.12198296026540992	0.0505550706895494	0.0505550706895494	0.037008118942900944
16750000	-134.4552106613771	-1.3341970455486685	-133.12101361582842	0.088777956724346	0.0266807521243748	0.0266807521243748	0.028035856526323864
16760000	-64.06223469313917	-2.062453601759677	-61.9997810913795	1.0946125463777563	0.05698054150504698	0.05698054150504698	0.017698787606434865
16770000	-79.66647677377345	-0.21852376545921792	-79.44795300831423	0.6674074590220805	0.08336001899620442	0.08336001899620442	0.027245858957169848
16780000	-76.35400666351723	1.1582976085144852	-77.51230427203171	0.6140834704578523	0.08240141385600559	0.08240141385600559	0.028155352056622195
16790000	-120.79027575849211	1.9588932701949113	-122.74916902868702	0.09037388522123056	0.034432311497482056	0.034432311497482056	0.0289925167798067
16800000	-79.7278733714768	1.2907690140545836	-81.0186423855314	0.4587736107548361	0.07357042240943486	0.07357042240943486	0.03333358893256428
16810000	-86.1877825869544	-0.26517377337887504	-85.92260881357552	0.43536529441370836	0.07286604579406503	0.07286604579406503	0.028957418256743375
16820000	-131.77561778736361	2.0695430959317833	-133.8451608832954	0.08017618945883093	0.037111250009760406	0.037111250009760406	0.03477171778813745
16830000	-93.50224433158589	2.441352078244127	-95.94359640983001	0.22071787299955203	0.03376139833144014	0.03376139833144014	0.018692338748991216
16840000	-91.9793022898573	2.098610160259904	-94.07791245011721	0.3412282174033121	0.07089346442453923	0.07089346442453923	0.02817721742830504
16850000	-66.13843014222759	-0.6910822187952127	-65.44734792343237	0.8335649605393607	0.07339077444397016	0.07339077444397016	0.02068052043626612
16860000	-72.19883237671837	-0.004741446062545562	-72.19409093065583	0.7639979144147376	0.0849957297741842	0.0849957297741842	0.022642594453798126
16870000	-96.68525482769215	0.7166267476969467	-97.4018815753891	0.40147145882269664	0.042140298711542096	0.042140298711542096	0.019971548095752634
16880000	-104.42084634092863	0.5154169387358487	-104.93626327966449	0.2815907594945002	0.027250490939393027	0.027250490939393027	0.0154701026974902
16890000	-106.06137814886692	2.4583012511521822	-108.5196794000191	0.24177156468333266	0.03168992399941618	0.03168992399941618	0.01859583175180517
16900000	-106.92373327159639	0.2094656463473683	-107.13319891794376	0.16281051411178785	0.05218570417521433	0.05218570417521433	0.03374210331073664
16910000	-97.55411324809079	1.238439523758219	-98.792552771849	0.2840703767856025	0.07082118640439666	0.07082118640439666	0.036960436877152766
16920000	-75.20910358387144	0.7696964888264981	-75.97880007269794	0.685611036574121	0.10512302621941416	0.10512302621941416	0.03610986399976777
16930000	-108.19702854003928	1.6905941620068354	-109.88762270204612	0.20520836497679526	0.0635354076063169	0.0635354076063169	0.03448213871323522
16940000	-135.468570908256	2.3929756481637074	-137.8615465564197	0.055809049818808805	0.013689759759670172	0.013689759759670172	0.02087014631583122
16950000	-88.32121514420486	1.9398040087920294	-90.26101915299688	0.42470057182077064	0.060578528951018326	0.060578528951018326	0.029026009726608556
16960000	-107.20229492426445	1.960918333103903	-109.16321325736835	0.18430207841673565	0.05504294265398007	0.05504294265398007	0.03399865980837755
16970000	-72.21145111202462	-2.03372350883099	-70.17772760319363	0.7769074579852105	0.1181011643755918	0.1181011643755918	0.036356213061032
16980000	-68.78069874879719	0.6822324786833497	-69.46293122748054	0.7474894291231372	0.07501709292092683	0.07501709292092683	0.02948209199262227
16990000	-82.14530210092681	0.6244538810209258	-82.76975598194774	0.45034443944275165	0.09807330521656808	0.09807330521656808	0.03287146825008902
17000000	-94.31243263639195	-0.5447597798304256	-93.76767285656152	0.4865438197181201	0.08660266607706144	0.08660266607706144	0.030646968095027927
17010000	-75.063298961196	-1.6506580314229402	-73.41264092977306	0.576698420640571	0.07082800110802441	0.07082800110802441	0.02780888996754355
17020000	-104.61518572542008	1.570633759196594	-106.18581948461667	0.21519290171549113	0.05074528981396308	0.05074528981396308	0.024589731891534634
17030000	-138.48990916542883	2.4952301568469157	-140.98513932227576	0.06943574228469371	0.02018351178418692	0.02018351178418692	0.02407783939951623
17040000	-117.20908784422173	2.5391304756739213	-119.74821831989564	0.15059874652359778	0.04195582144755185	0.04195582144755185	0.026084566437405005
17050000	-132.03675833852674	2.2055747634640257	-134.24233310199077	0.08094687540519746	0.022510764913544496	0.022510764913544496	0.021364345303594465
17060000	-118.1306883137504	1.7590893924139825	-119.88977770616438	0.1124729329632494	0.01814982990218096	0.01814982990218096	0.020852073277796847
17070000	-80.03196745713765	0.8286121587924841	-80.86057961593013	0.544655131133962	0.07436852595591462	0.07436852595591462	0.02449006667513589
17080000	-90.88566335408186	1.6595150824808407	-92.5451784365627	0.265351227220334	0.038444900302893575	0.038444900302893575	0.025336419064123126
17090000	-105.04864999810702	0.6644983399001338	-105.71314833800716	0.25324224246823185	0.05686317660045067	0.05686317660045067	0.03542361902187411
17100000	-82.89502068722949	1.7114639632800133	-84.6064846505095	0.43658853479223986	0.06324807693684889	0.06324807693684889	0.02923979859684692
17110000	-87.88511265289834	1.1739315910982482	-89.0590442439966	0.31613062278306936	0.05973566215194416	0.05973566215194416	0.0296733680344321
17120000	-96.96660841177307	1.8179356380366505	-98.78454404980971	0.34866714049523645	0.05185540692567992	0.05185540692567992	0.02415042520685224
17130000	-85.10032794499755	-0.1901597977387116	-84.91016814725883	0.5586105345290675	0.0864479700738616	0.0864479700738616	0.02958301081847515
17140000	-94.52324394745544	1.4180891128644721	-95.94133306031992	0.2999768423427809	0.03339581271635806	0.03339581271635806	0.023931665675950873
17150000	-85.72824013942892	0.07357323244277314	-85.80181337187169	0.4412876561766446	0.08618087909355952	0.08618087909355952	0.03569940234036196
17160000	-102.76801654794913	1.9227881605149943	-104.69080470846413	0.19044520221962094	0.048227946383804246	0.048227946383804246	0.035035921321228514
17170000	-126.10913174882053	2.7278880482875727	-128.8370197971081	0.08946885864992694	0.02977084495884449	0.02977084495884449	0.02502002296278443
17180000	-133.46762618975384	2.2420197856830097	-135.70964597543684	0.058023621187713245	0.01776334235813603	0.01776334235813603	0.02351487851412978
17190000	-95.73175570411092	-0.22286706409235668	-95.50888864001857	0.3318055298505439	0.07923396768860473	0.07923396768860473	0.03819134566999552
17200000	-154.40128735206412	0.27084027357851115	-154.67212762564262	0.047988546284934305	0.03559753306493685	0.03559753306493685	0.04968021685143406
17210000	-174.9278822657117	2.1306967874526035	-177.0585790531643	0.01892590618954542	0.00857829804278583	0.00857829804278583	0.01882614178537034
17220000	-175.13797836550683	0.7386136190715983	-175.87659198457843	0.016263347194556514	0.013148376243703694	0.013148376243703694	0.030732907356851285
17230000	-139.85244517925014	2.540471965320381	-142.39291714457053	0.05626257050271192	0.030006097640769194	0.030006097640769194	0.03319908056430107
17240000	-121.35206295434452	1.4468104128903896	-122.7988733672349	0.1664584329660949	0.05199095365333917	0.05199095365333917	0.0415529111220743
17250000	-89.47886709673526	1.2122095855317	-90.69107668226695	0.339249706968278	0.06486384456951184	0.06486384456951184	0.026534499217510187
17260000	-112.71695073193173	1.4657650317547506	-114.18271576368649	0.1483136909244142	0.05854404793040812	0.05854404793040812	0.04161662203470448
17270000	-145.64597394634154	1.3980598313122754	-147.04403377765382	0.048990517591085136	0.035072014979268984	0.035072014979268984	0.03600785943070193
17280000	-98.98230023593958	-0.9296382438739275	-98.05266199206565	0.3150330889348337	0.0673010400280142	0.0673010400280142	0.03216149348925942
17290000	-108.88862964661041	0.4893528253727739	-109.37798247198319	0.17603384741422423	0.03793928900746829	0.03793928900746829	0.022144054123100602
17300000	-87.91469100475896	1.599922404253574	-89.51461340901254	0.4085041185867011	0.0685379767098419	0.0685379767098419	0.029522855895788597
17310000	-79.23044099979988	1.6847954206827556	-80.91523642048264	0.3243951230903687	0.060875317124165704	0.060875317124165704	0.029528993968506015
17320000	-60.80106634701735	-1.6750903488237099	-59.12597599819364	1.090859237185031	0.06879957230419138	0.06879957230419138	0.017213843691771178
17330000	-109.0920391660943	2.3389797736266797	-111.43101893972097	0.16558456910473374	0.049300316025573616	0.049300316025573616	0.028047171934775614
17340000	-98.78366164244837	0.16909394223217644	-98.95275558468055	0.3355948475848156	0.07807304155119642	0.07807304155119642	0.03191425411596873
17350000	-87.2579498531698	-0.09223315000418086	-87.16571670316563	0.456839772846452	0.03200198971645737	0.03200198971645737	0.021650245205630542
17360000	-82.568144885423	1.4693700252278898	-84.03751491065088	0.42624233657842037	0.0773505921619389	0.0773505921619389	0.027933472826277665
17370000	-51.73481439244034	-1.6950925262778735	-50.039721866162466	1.2259725480480008	0.09456488905731383	0.09456488905731383	0.02433424803099223
17380000	-76.09582011177052	-1.3775039955342439	-74.71831611623628	0.7425924747151261	0.09977593595007685	0.09977593595007685	0.028639559973720155
17390000	-79.28465384759153	1.2062276563814978	-80.49088150397303	0.5528492554002225	0.048370907122089184	0.048370907122089184	0.018093989827571846
17400000	-64.42681294425111	-1.6435606895924018	-62.783252254658706	0.9148996127803503	0.07062549973304699	0.07062549973304699	0.025173332894236105
17410000	-73.97279843495949	1.00482431485753	-74.97762274981702	0.541526162073755	0.05734994956322373	0.05734994956322373	0.01989650220413359
17420000	-91.18038325489887	1.7634839044002233	-92.94386715929909	0.4151988449944077	0.08008483422203909	0.08008483422203909	0.03086080848028852
17430000	-110.77202710151728	2.652647177619958	-113.42467427913724	0.12703151240164925	0.03776362626786562	0.03776362626786562	0.028342756526332634
17440000	-58.371030289463015	-1.0140377629516963	-57.35699252651132	1.0259517014633825	0.09510486364005834	0.09510486364005834	0.027466442806303643
17450000	-62.41887597243118	-3.0010493293710567	-59.417826643060124	1.1578470784269028	0.1517892106701545	0.1517892106701545	0.03758623858599009
17460000	-91.70357592226978	1.4385135406223362	-93.14208946289212	0.26886367577795317	0.044497809028115246	0.044497809028115246	0.026574585375343192
17470000	-118.9813169357708	0.46001031041293183	-119.44132724618373	0.10810555998839881	0.03991705981534875	0.03991705981534875	0.032785001190174856
17480000	-91.30141149091392	1.492077647416929	-92.79348913833086	0.2975996085419394	0.058578295424603466	0.058578295424603466	0.025303650653666514
17490000	-60.673588362139625	-3.199820081362646	-57.47376828077698	1.4018279531444338	0.11858363600070661	0.11858363600070661	0.023875818610115538
17500000	-73.45285062903544	0.2691673753463085	-73.72201800438175	0.640457370232559	0.07553897758659756	0.07553897758659756	0.02206083933022138
17510000	-104.73264164235282	2.2393074274490434	-106.97194906980187	0.22139055143724998	0.0660071879334937	0.0660071879334937	0.040210138433718914
17520000	-67.36860059867418	-0.4404541571237005	-66.92814644155048	0.7225852591088362	0.1064350998211192	0.1064350998211192	0.03399198478316737
17530000	-59.37455733108944	-0.572012927405312	-58.80254440368413	1.006203684082604	0.07638212588573136	0.07638212588573136	0.021307218492465863
17540000	-89.42293183854146	1.4336112044531473	-90.8565430429946	0.43498155533656013	0.07200773008261582	0.07200773008261582	0.0355868969279426
17550000	-118.29391226117589	2.731884379251922	-121.02579664042781	0.16721438392670945	0.04465236935672577	0.04465236935672577	0.03241878631088143
17560000	-134.08718462098923	1.146733097916798	-135.23391771890604	0.06715730321967156	0.03535415460489392	0.03535415460489392	0.03186245697905641
17570000	-147.47836124097958	2.5893639414590037	-150.06772518243858	0.055968073547928744	0.02623684310807846	0.02623684310807846	0.024497488705916302
17580000	-129.89545628291071	1.2730005145864332	-131.16845679749716	0.11049545611740962	0.06400887583856286	0.06400887583856286	0.051446152295592726
17590000	-135.8500075716434	2.429902724177163	-138.27991029582057	0.08075404580236786	0.02823770095828372	0.02823770095828372	0.02920557329542259
17600000	-126.48160282805084	1.636936140507696	-128.11853896855854	0.0753411206153225	0.03819987064589161	0.03819987064589161	0.035794271606595124
17610000	-139.32492682924467	2.4109065993126424	-141.73583342855733	0.08658503880511544	0.040351931688578806	0.040351931688578806	0.03828194447392794
17620000	-111.98354770065406	0.9365403135698123	-112.92008801422386	0.16938638913390022	0.045255094580093864	0.045255094580093864	0.036072682115685054
17630000	-98.70222287422757	1.0059965780941047	-99.70821945232167	0.29338424563257554	0.06730921654462661	0.06730921654462661	0.03618589525152155
17640000	-142.94011780158593	2.7895666211381456	-145.72968442272406	0.05306029887134193	0.01960121499568343	0.01960121499568343	0.029174343665976037
17650000	-138.27879356867143	1.481764351815714	-139.76055792048714	0.08199632137631377	0.053136668659083404	0.053136668659083404	0.04840393333324184
17660000	-141.48540737354358	-0.2439806188016962	-141.2414267547419	0.05164972352457589	0.02090453867538674	0.02090453867538674	0.0260918588353446
17670000	-111.0495370423489	1.834255969644146	-112.88379301199305	0.11785640866710244	0.010429844640700276	0.010429844640700276	0.021836412140393408
17680000	-117.08579688546907	2.1340128109951606	-119.21980969646422	0.14309571000132193	0.045325040859625354	0.045325040859625354	0.03292222280816351
17690000	-87.2810279258591	0.05203602882213554	-87.33306395468124	0.36146353230154527	0.0681344369761415	0.0681344369761415	0.030560046556665763
17700000	-101.20730454103497	2.355671175099727	-103.5629757161347	0.22451703160379985	0.036414450135068464	0.036414450135068464	0.029345934863332604
17710000	-123.97536667055181	-4.983334761235447	-118.99203190931637	0.2697554630409196	0.06709922982901084	0.06709922982901084	0.03474491405737935
17720000	-83.6218416638791	2.193864537476041	-85.81570620135514	0.3580276941351278	0.053787225315394	0.053787225315394	0.024718139431254522
17730000	-125.5709513837073	2.7474635886709073	-128.3184149723782	0.08442780313313258	0.03230208093141358	0.03230208093141358	0.027122895150135273
17740000	-146.8092053091169	2.146576288455055	-148.95578159757196	0.05449441359547302	0.02902563150926326	0.02902563150926326	0.03871262821177766
17750000	-127.10388707400524	0.07819891350190789	-127.18208598750715	0.08224757889263826	0.0317617783627998	0.0317617783627998	0.023366051206142283
17760000	-115.91174271047375	1.31856063024909	-117.23030334072284	0.14746151257135734	0.052334826454853385	0.052334826454853385	0.03405329233427276
17770000	-136.98518631817709	1.7589653061025432	-138.74415162427962	0.06723677991222268	0.03304759630199004	0.03304759630199004	0.03872644300663633
17780000	-112.42240022859852	1.9871927620642573	-114.40959299066277	0.19914879145219908	0.06999020536650671	0.06999020536650671	0.034932559922527716
17790000	-136.23298029548067	1.891983289714576	-138.12496358519525	0.05540091934157126	0.014173886201725775	0.014173886201725775	0.01457128713750065
17800000	-100.22007242593878	2.4861991868049036	-102.70627161274369	0.18615838339357293	0.028259125414275776	0.028259125414275776	0.01650355638385595
17810000	-78.10565411457134	0.024524250228125877	-78.13017836479946	0.6653973386488181	0.0827199494233434	0.0827199494233434	0.02821880327058165
17820000	-98.43352838007777	-1.9420687907667435	-96.49145958931103	0.35284701084782494	0.048635992495821956	0.048635992495821956	0.020002485184330523
17830000	-68.87811199588477	0.5592598967551118	-69.43737189263987	0.5255584386840393	0.030150060360439025	0.030150060360439025	0.019305907575606962
17840000	-67.56675021351056	-3.9912440776997196	-63.57550613581083	1.1596111585166546	0.0964680566311496	0.0964680566311496	0.02131766604145964
17850000	-55.4800076017489	-3.9359325194550747	-51.54407508229383	1.459888609389264	0.19973210496838303	0.19973210496838303	0.04831865595774887
17860000	-83.22495072183173	-1.1089015750234235	-82.11604914680831	0.37477405578703493	0.07511378862914067	0.07511378862914067	0.030340996971439136
17870000	-79.85555581418305	-1.650088232732216	-78.20546758145083	0.6261509796841476	0.07195262125096759	0.07195262125096759	0.03242503377926251
17880000	-140.72292109680686	2.561997602586283	-143.28491869939313	0.059264170148789534	0.01563713827873975	0.01563713827873975	0.023621911260070017
17890000	-114.84177775137516	2.562020569701743	-117.4037983210769	0.12275744127123474	0.025016415799112585	0.025016415799112585	0.023349061362732446
17900000	-122.48610839784222	2.6632832588303894	-125.1493916566726	0.1092896789086105	0.040900023256838475	0.040900023256838475	0.03273557233114928
17910000	-68.35904810742747	-0.6681403153662706	-67.6909077920612	0.5649368387757251	0.07058042242931309	0.07058042242931309	0.02664992773596711
17920000	-100.06568901556871	1.3938675996472494	-101.45955661521596	0.3787028754742668	0.05049575691571146	0.05049575691571146	0.022452629586290674
17930000	-111.38244319346603	2.8074743260021426	-114.18991751946817	0.14283401371040494	0.0450026693034019	0.0450026693034019	0.03386348397581117
17940000	-83.63824065365498	-0.023012556779135385	-83.61522809687584	0.5339406134598035	0.1053726735257043	0.1053726735257043	0.03913165864417144
17950000	-106.28722689536426	0.9462974772193425	-107.2335243725836	0.262833682659879	0.05387805907618134	0.05387805907618134	0.029679002727535507
17960000	-70.99255848724687	0.6260747371145504	-71.61863322436142	0.6121918467885664	0.07929022298298903	0.07929022298298903	0.025181921889329828
17970000	-51.79255089973723	-1.9613971969385418	-49.83115370279869	1.2264273926257259	0.1114412036296804	0.1114412036296804	0.025324446962250516
17980000	-98.62746841536733	0.21063291497062542	-98.83810133033796	0.3229286505545612	0.06425767602602857	0.06425767602602857	0.030185219240718757
17990000	-100.01618848282668	2.143147272651724	-102.1593357554784	0.2652758216282372	0.03168992981608241	0.03168992981608241	0.02257703816768649
18000000	-74.92813756638166	1.2227759226314767	-76.15091348901313	0.5720503813542704	0.03799800704069215	0.03799800704069215	0.022748905164754342
18010000	-86.10723413244563	2.6217041960481335	-88.72893832849375	0.28103018787864253	0.027639713908549607	0.027639713908549607	0.028728207187353284
18020000	-81.52296611462413	0.7695929140753642	-82.29255902869949	0.7136315245490001	0.10539216379995861	0.10539216379995861	0.04275656034567961
18030000	-145.31916775137566	2.7193358827849416	-148.0385036341606	0.04378339999643776	0.02001658451854871	0.02001658451854871	0.027082760567809394
18040000	-112.87296653853268	1.9031328956688038	-114.77609943420148	0.1762675644223619	0.04732028771548109	0.04732028771548109	0.028081535140061967
18050000	-118.4892610351181	2.535399732784356	-121.02466076790246	0.11640517081536715	0.0343848932256586	0.0343848932256586	0.026056467690221168
18060000	-125.06521563314215	2.057248078761347	-127.12246371190349	0.10847358677974413	0.026800531496078302	0.026800531496078302	0.02279155701287434
18070000	-135.55749292685647	2.023548806543785	-137.58104173340024	0.05942831708743696	0.024924895753419832	0.024924895753419832	0.022294325671845368
18080000	-90.46601093086426	-0.06899059934731078	-90.39702033151694	0.4417215437714008	0.09550494069886126	0.09550494069886126	0.0381188773342118
18090000	-92.70322287984182	1.7906067432045814	-94.4938296230464	0.29579539176929076	0.03253341453925756	0.03253341453925756	0.026801345365399562
18100000	-76.76958060651448	-2.015119331699212	-74.75446127481527	0.559736577554466	0.048302008758750875	0.048302008758750875	0.028152006660919607
18110000	-75.13493349857717	-0.9416637575125045	-74.19326974106467	0.7806600883042853	0.1252759104898813	0.1252759104898813	0.04034492106239604
18120000	-83.76023309997517	1.5597520677214605	-85.31998516769663	0.45393379248672167	0.06327524488367944	0.06327524488367944	0.025224868316172818
18130000	-98.844897316624	1.2945386252443454	-100.13943594186834	0.3422095142585431	0.07888145928278478	0.07888145928278478	0.03125618085059787
18140000	-76.41712426370071	0.3513947160279104	-76.76851897972863	0.6657118684978601	0.10990765345197527	0.10990765345197527	0.03389187756707314
18150000	-66.94599014748232	0.3952747681270744	-67.3412649156094	0.7482365113357449	0.06114875608091987	0.06114875608091987	0.020100189668143132
18160000	-79.84010166116357	1.017325788245965	-80.85742744940954	0.3876954991755111	0.05977876739103721	0.05977876739103721	0.02522308879057525
18170000	-74.20721334093692	0.38016139151584116	-74.58737473245276	0.7492963532217045	0.05170860278253672	0.05170860278253672	0.021743754879787608
18180000	-85.30545588926975	1.7810398194998942	-87.08649570876965	0.4235782591297519	0.06931861016972722	0.06931861016972722	0.02481803386630425
18190000	-104.79104701552339	0.12780227410258194	-104.91884928962597	0.17970207235839905	0.017046697273836606	0.017046697273836606	0.020891670509491905
18200000	-104.18671845524058	2.6919274800281645	-106.87864593526875	0.19796170140312488	0.04646393356253564	0.04646393356253564	0.030005717553154544
18210000	-143.60346685337313	1.5451477675017165	-145.14861462087484	0.05139667117264732	0.030784446610703897	0.030784446610703897	0.034223097250562995
18220000	-137.56369062814395	2.809860251262905	-140.37355087940685	0.054865433162150035	0.021820021112253524	0.021820021112253524	0.02660854705861964
18230000	-101.7601116164988	0.7558081922656069	-102.51591980876441	0.4361630959345517	0.07770832157579748	0.07770832157579748	0.03256692419169764
18240000	-106.80062851672855	2.031023599540255	-108.83165211626881	0.22598628738037937	0.04794232389612152	0.04794232389612152	0.02780711310326902
18250000	-116.30458085924552	2.667458259523132	-118.97203911876865	0.2306866373047816	0.042724834634996406	0.042724834634996406	0.027977713179098463
18260000	-85.23738823421353	2.180114885326715	-87.41750311954024	0.36853067762170705	0.05405362270906699	0.05405362270906699	0.028628109233637816
