# BEAST v10.5.0
# Generated Wed May 13 09:42:02 PDT 2026 [seed=1778690490786]
# -window -working -options
state	posterior	prior	likelihood	precisionMatrix11	precisionMatrix12	precisionMatrix21	precisionMatrix22
0	-164.87787258674732	1.183583851483633	-166.06145643823095	0.05	0.0	0.0	0.05
10000	-92.11552705914421	0.3187327650891567	-92.43425982423337	0.33838224948503914	0.07493904451282918	0.07493904451282918	0.03090206174993798
20000	-115.81993259443031	1.222493912836172	-117.04242650726648	0.1171177028776625	0.03787166711417357	0.03787166711417357	0.03825587491952326
30000	-111.10742541022941	0.9696726771089778	-112.07709808733838	0.25248694313244346	0.09309170541594969	0.09309170541594969	0.05965443847269541
40000	-99.82176991040978	1.1962869164622556	-101.01805682687204	0.17616358009587754	0.026712945518729388	0.026712945518729388	0.021009149631397474
50000	-102.41560224124902	1.2051908193011815	-103.6207930605502	0.24305831066312072	0.044560358318682644	0.044560358318682644	0.025257159819290706
60000	-112.72807940608692	1.4761685393941715	-114.20424794548109	0.12093378095931023	0.025333450148084156	0.025333450148084156	0.02518690104343997
70000	-113.4635893091161	1.346524267134559	-114.81011357625066	0.1418310055838914	0.027482821484589744	0.027482821484589744	0.022783016556856033
80000	-85.2315274915694	0.36714581598268603	-85.59867330755208	0.42276648755366053	0.0175784146001602	0.0175784146001602	0.015252956516605415
90000	-48.04766538317924	-3.2583422346367095	-44.789323148542536	1.2977094291908495	0.1388474123002938	0.1388474123002938	0.03495458947104202
100000	-81.0429668829617	-0.4710791944831497	-80.57188768847854	0.6731149399041402	0.07688151841286744	0.07688151841286744	0.029866416184718816
110000	-113.03984259747146	1.220690997233739	-114.26053359470521	0.13607804056748882	0.0503394745193049	0.0503394745193049	0.03501288682405343
120000	-100.26771190329825	0.3699690745859483	-100.6376809778842	0.3310127296861941	0.049191864422575504	0.049191864422575504	0.019134625149878695
130000	-107.84665752802584	0.9780198590663547	-108.8246773870922	0.18385064587977826	0.027378071193393385	0.027378071193393385	0.018808033520058363
140000	-85.0282356981254	0.0565918460005701	-85.08482754412597	0.44332072636490444	0.08798838668593688	0.08798838668593688	0.0352942006965758
150000	-100.36428535045602	0.6068135349423485	-100.97109888539836	0.3093996658331175	0.0725710741091824	0.0725710741091824	0.041630733684238114
160000	-105.66118777408354	0.8313888024704772	-106.49257657655401	0.1954643824265614	0.047199957535062155	0.047199957535062155	0.027067323242561312
170000	-87.57698210715499	0.2298116178399804	-87.80679372499498	0.46607798679368456	0.03425789311334153	0.03425789311334153	0.022649248694818703
180000	-70.04371440903418	-0.7222344479506582	-69.32147996108353	0.5959125190709251	0.08218746166210887	0.08218746166210887	0.026781500399619983
190000	-69.37879183200654	-1.5863579475807779	-67.79243388442576	0.786735660428932	0.10976779724987175	0.10976779724987175	0.03530291131606246
200000	-85.63292842475678	0.12434026572736778	-85.75726869048415	0.35038166102291535	0.05254436796884778	0.05254436796884778	0.024623155221261323
210000	-78.14615933393719	-2.789647923684481	-75.35651141025271	0.9611965574041665	0.11189585969090354	0.11189585969090354	0.024737748365474425
220000	-82.61335515413288	-1.2223011025589665	-81.3910540515739	0.6253559112420785	0.03545567388389951	0.03545567388389951	0.017202133535622787
230000	-124.64032163561023	0.5696032232625172	-125.20992485887275	0.1109366009239277	0.02150273360427147	0.02150273360427147	0.018248943264727667
240000	-167.5232383120173	0.008143314409454483	-167.53138162642676	0.018442094093220653	0.010925899068236742	0.010925899068236742	0.020892421040189065
250000	-104.6804094799656	0.3799377135165507	-105.06034719348216	0.15707777429812136	0.035533549513388205	0.035533549513388205	0.02775106175920379
260000	-94.13496183847835	0.2714595295074349	-94.40642136798579	0.240796954899998	0.0567213413838027	0.0567213413838027	0.0327335815898901
270000	-85.31904529248031	-0.5564782805324002	-84.76256701194791	0.4947991714556679	0.07100836421956125	0.07100836421956125	0.02688631675901617
280000	-71.78194652965918	-1.4098937516980152	-70.37205277796116	0.653390749792267	0.07047357009569817	0.07047357009569817	0.027098173441384644
290000	-77.79145003682775	-1.2082736120779378	-76.58317642474982	0.5749018611540431	0.05903432084429302	0.05903432084429302	0.021392306974211964
300000	-100.05451214406668	-0.25277608250411854	-99.80173606156256	0.3008454937987863	0.06008097731000683	0.06008097731000683	0.025642213517654396
310000	-71.21654558225325	-0.9765493417771314	-70.23999624047612	0.5665542102192337	0.031763474854479466	0.031763474854479466	0.023042430886955977
320000	-63.631072676199544	-2.0709385505786835	-61.56013412562086	0.7616905864049475	0.06396322330284393	0.06396322330284393	0.018157281261060965
330000	-93.15510706402168	-0.6171420393192615	-92.53796502470242	0.3875179715525361	0.042128276909984344	0.042128276909984344	0.020930651016424388
340000	-101.23254775109939	-0.3322244585870444	-100.90032329251234	0.26211771359243	0.05774888285636019	0.05774888285636019	0.02898228912221828
350000	-121.42917333076697	0.09684267725490026	-121.52601600802187	0.10410522968477355	0.04370128119380946	0.04370128119380946	0.038214655098160216
360000	-115.72267481053025	0.19002110677059525	-115.91269591730085	0.1392081033100558	0.04587364897610277	0.04587364897610277	0.035927021445667014
370000	-102.05631367186383	0.002951473447917241	-102.05926514531176	0.1934470033462446	0.024463167150545313	0.024463167150545313	0.01955388242374612
380000	-86.8116508368774	-0.9576715810489151	-85.85397925582849	0.4139337917380688	0.0730948520815687	0.0730948520815687	0.03510097574817765
390000	-106.61835276137293	-0.21436314263412504	-106.4039896187388	0.1950681960527039	0.03815674390608215	0.03815674390608215	0.03481856743491184
400000	-94.2440023732152	-0.7927180038632038	-93.451284369352	0.30374104241641997	0.03767653110620594	0.03767653110620594	0.01969590820724823
410000	-119.15716261065052	-0.7261871072649089	-118.43097550338561	0.20724661025293933	0.053283043442874115	0.053283043442874115	0.02942636468125157
420000	-79.25868385867535	-1.6161181325854899	-77.64256572608987	0.41333249185058873	0.04366309699623559	0.04366309699623559	0.017949112087665225
430000	-90.75396718589312	-1.0891303612611871	-89.66483682463193	0.2858761752632385	0.054431217483978854	0.054431217483978854	0.026731683617550003
440000	-108.86514647748649	-0.8464145885867072	-108.01873188889978	0.24819695409649875	0.058020159756548895	0.058020159756548895	0.03231435199754133
450000	-109.04047527045356	-0.5750207565110439	-108.46545451394252	0.21592917486313845	0.03760972496639033	0.03760972496639033	0.025811328680073808
460000	-82.90364280782708	-1.5371057714549168	-81.36653703637216	0.4838876352256062	0.07620891860732433	0.07620891860732433	0.027612864686436207
470000	-108.4830816521123	-0.4799693225988846	-108.00311232951341	0.19823442143045894	0.017791240139203364	0.017791240139203364	0.018949826357225884
480000	-90.64801438932489	-1.1909737281173949	-89.45704066120749	0.48909230121773917	0.08285332703614114	0.08285332703614114	0.04054579592628062
490000	-86.07946829064464	-0.8814151042117664	-85.19805318643287	0.4180728957125631	0.0924998787549868	0.0924998787549868	0.039886998191406384
500000	-79.81235772040674	-1.3675381922137428	-78.444819528193	0.5406103580302191	0.09877055206437559	0.09877055206437559	0.03098305960825682
510000	-142.55609571156464	0.2732905376179846	-142.82938624918262	0.0787774481436844	0.0338651391191393	0.0338651391191393	0.02935277024068205
520000	-104.94731517681635	0.2308166621356862	-105.17813183895203	0.2320783473628786	0.04029510896313684	0.04029510896313684	0.02092511983318946
530000	-81.8793768848354	-0.11730667305013265	-81.76207021178526	0.3734775349638467	0.03773425995036314	0.03773425995036314	0.018578789955483888
540000	-92.0148127193879	0.33483977570540313	-92.34965249509331	0.29054232019202453	0.05046953331851094	0.05046953331851094	0.026687998193987233
550000	-66.96371444840172	-2.183692972182348	-64.78002147621937	0.85470667506345	0.10580126269606557	0.10580126269606557	0.026303438062114656
560000	-83.13527449299701	-0.4289135472306098	-82.7063609457664	0.5193588805084449	0.06726302096794642	0.06726302096794642	0.028507111230053603
570000	-87.6374183876778	0.09960028627543505	-87.73701867395323	0.4060521120587862	0.033433599430584056	0.033433599430584056	0.024367497569755855
580000	-65.05553312042868	-1.7170742401489827	-63.33845888027969	0.8890805326694899	0.05898575830635085	0.05898575830635085	0.02458783343371382
590000	-89.19321682098627	0.29907795076251675	-89.49229477174879	0.4175928538554625	0.04674874151941312	0.04674874151941312	0.02530667848809328
600000	-55.226538553546305	-2.15204432542579	-53.074494228120514	0.9805155823070978	0.10683672808772711	0.10683672808772711	0.027288743272214033
610000	-79.82005180112942	0.18106498187682252	-80.00111678300624	0.4983240257213798	0.03850609515020464	0.03850609515020464	0.023168944102648276
620000	-99.67519727673172	0.734443668090723	-100.40964094482244	0.3169611177559603	0.05226557571725585	0.05226557571725585	0.021225305486021376
630000	-93.38865895381436	0.2525817696878664	-93.64124072350222	0.4003623681873879	0.06422030576122184	0.06422030576122184	0.023035432390205335
640000	-75.43048291162481	-0.28585368118216037	-75.14462923044265	0.5257597924051691	0.04210752732865184	0.04210752732865184	0.02130716146399196
650000	-70.76443536244197	-0.7146459303495409	-70.04978943209242	0.6205613844783648	0.07835779149436613	0.07835779149436613	0.027948579003386854
660000	-59.90374402225114	-2.654940403529551	-57.24880361872159	1.0925553902342044	0.13933068666816692	0.13933068666816692	0.033344883461495896
670000	-76.46251234074599	0.027939224122376927	-76.49045156486837	0.5143644962783132	0.08343766014421312	0.08343766014421312	0.03451881501510874
680000	-119.19543123875678	1.1735830885066552	-120.36901432726344	0.15191499695593164	0.03341264127546105	0.03341264127546105	0.024615667992921614
690000	-82.92047671677841	0.1741772987604958	-83.09465401553891	0.4613689495966857	0.031879446628776974	0.031879446628776974	0.01680771631985881
700000	-73.67001652066261	-0.1104020942296976	-73.55961442643292	0.5561334344090756	0.09515112004678562	0.09515112004678562	0.03881272735486002
710000	-73.52616789702212	-0.3734305453020942	-73.15273735172002	0.5784205677481247	0.06877315200043457	0.06877315200043457	0.01989259380370315
720000	-102.51361435549549	0.7258676511947103	-103.2394820066902	0.2846714702559977	0.07730488096812763	0.07730488096812763	0.03717609136825929
730000	-81.75137675375653	-0.14444081113092133	-81.60693594262561	0.5478427394799606	0.08298832270527631	0.08298832270527631	0.033699207732766565
740000	-118.99891392466253	1.2175443209860282	-120.21645824564855	0.18474370815242155	0.015580013869250625	0.015580013869250625	0.028433616457150087
750000	-87.78643920602102	0.5862791799039243	-88.37271838592494	0.34725489033902157	0.06189753726089935	0.06189753726089935	0.027168946584717826
760000	-75.47160056774933	-0.018024258916176206	-75.45357630883316	0.5149497884315479	0.0465783822625161	0.0465783822625161	0.01962349715044768
770000	-78.64151991291341	-0.3411086714280881	-78.30041124148532	0.6153111916978563	0.08506200654153938	0.08506200654153938	0.027356292109228672
780000	-72.13182663458689	-1.0403838327668393	-71.09144280182005	0.718553861785977	0.07747498832499841	0.07747498832499841	0.01787560002821475
790000	-78.61215127504543	0.2069968440502422	-78.81914811909567	0.5173946798646113	0.05412086505432253	0.05412086505432253	0.026192762478078592
800000	-81.29228549276232	0.13628481372500645	-81.42857030648733	0.5491173022371595	0.09820521488048786	0.09820521488048786	0.03922470318875351
810000	-58.65415527220895	-1.7078539163209037	-56.94630135588805	0.9693136631863166	0.12451994312358061	0.12451994312358061	0.0354375864053012
820000	-76.18374612642874	0.4605897716158601	-76.6443358980446	0.5025747003250154	0.059438097208199134	0.059438097208199134	0.025672289430942796
830000	-107.59699593061069	1.2411978512971742	-108.83819378190786	0.22020129003214012	0.06598602058162494	0.06598602058162494	0.03547543631169958
840000	-92.49303888724484	0.09992640868674163	-92.59296529593158	0.5425164718281267	0.10967729116413835	0.10967729116413835	0.038653951881433696
850000	-72.50319298045879	-0.3644886193613567	-72.13870436109744	0.6725439576308635	0.05331248351384405	0.05331248351384405	0.016353982123682984
860000	-105.77679569000058	1.2790330330036817	-107.05582872300427	0.2013777459851852	0.06607427428800867	0.06607427428800867	0.03497101356497675
870000	-96.67783030205804	1.1449965515136373	-97.82282685357168	0.3460859187722318	0.05385683392200358	0.05385683392200358	0.025570846816998213
880000	-131.46874045094663	1.814754930881874	-133.2834953818285	0.09812600551649457	0.041915467001844314	0.041915467001844314	0.039779509849662
890000	-75.21547829249225	0.4370079050208405	-75.65248619751308	0.4963293717789335	0.051720310543466555	0.051720310543466555	0.01810421410476453
900000	-88.49230446618729	1.0545037596811504	-89.54680822586845	0.3333326370762147	0.04147883968715055	0.04147883968715055	0.021478234722809235
910000	-83.63782491422748	0.8665726359764753	-84.50439755020396	0.4105629704052416	0.05318602172965115	0.05318602172965115	0.026342255660519245
920000	-90.8241571114393	0.8095278083458372	-91.63368491978514	0.3828276428387836	0.06395720684217576	0.06395720684217576	0.024825029281632896
930000	-91.01431008056967	0.4956829087683646	-91.50999298933803	0.4346740303942753	0.10734339083426729	0.10734339083426729	0.04182411630165489
940000	-68.36285678488525	-0.33140371945495783	-68.0314530654303	0.6390489528408908	0.10353446038367053	0.10353446038367053	0.03632785592677593
950000	-80.92216620948682	0.5593476592267289	-81.48151386871355	0.41588350353636305	0.04814641662286781	0.04814641662286781	0.021254041624252016
960000	-91.68444998701409	0.22693017599238552	-91.91138016300647	0.47630030717719146	0.06975903070783124	0.06975903070783124	0.026356421970867974
970000	-62.62435288850373	-2.4115924273336895	-60.21276046117004	1.0661350098644227	0.0810323635306319	0.0810323635306319	0.017806024621719603
980000	-95.05228422697417	0.4368102114068316	-95.489094438381	0.48951869253469993	0.07391273965241343	0.07391273965241343	0.03453861272394117
990000	-101.89993408803389	1.1639184596773902	-103.06385254771128	0.27078032905534327	0.038789154698316744	0.038789154698316744	0.02388219289948286
1000000	-69.4529314421714	-0.8446754849675778	-68.60825595720382	0.7462479035609874	0.07435448089827486	0.07435448089827486	0.02449879169996308
1010000	-93.5455622464395	1.782428891838538	-95.32799113827804	0.28990599014260376	0.03284540934272409	0.03284540934272409	0.01907591434045343
1020000	-113.45341140719248	2.679213736824744	-116.13262514401723	0.15917776955813803	0.052276147703160414	0.052276147703160414	0.03355066432749289
1030000	-153.43115848368922	2.4457308334912917	-155.8768893171805	0.028494350245589873	0.011898609335940464	0.011898609335940464	0.02684491046360851
1040000	-124.37048294945012	2.6249375293561767	-126.9954204788063	0.11950942643888872	0.04135525864406498	0.04135525864406498	0.032020466827298984
1050000	-80.7583107506667	1.7168088768470438	-82.47511962751373	0.4269777258306508	0.06250764015993758	0.06250764015993758	0.02877569405720586
1060000	-89.71820379200153	2.386606378769393	-92.10481017077093	0.23973467271202664	0.02162869421453605	0.02162869421453605	0.01965445964336475
1070000	-119.61349014877527	2.591566936796106	-122.20505708557137	0.14588598531423644	0.046921141263069455	0.046921141263069455	0.03000846596457606
1080000	-131.56504489081487	1.0867254556210995	-132.65177034643597	0.0641758971965657	0.02314676519290751	0.02314676519290751	0.02735803974209213
1090000	-76.60702126594116	0.9200891923705892	-77.52711045831174	0.6762850899238332	0.11167300462499927	0.11167300462499927	0.038515569728329535
1100000	-71.72644729691673	-1.002816918552555	-70.72363037836418	0.5965568453976802	0.04830524651622357	0.04830524651622357	0.020641447263549155
1110000	-87.75851733028045	0.8063388701046054	-88.56485620038507	0.37771664946971945	0.06394521231468522	0.06394521231468522	0.027796584419025168
1120000	-77.21148677237265	-0.21331481102051175	-76.99817196135214	0.60398256691604	0.022404678337019923	0.022404678337019923	0.01519085466719459
1130000	-98.25446121469926	-2.530691127689141	-95.72377008701012	0.34105365504587276	0.07398029202292483	0.07398029202292483	0.033844430533852096
1140000	-92.51348230553887	1.9335062752543388	-94.44698858079322	0.32187773998326924	0.06616638363317569	0.06616638363317569	0.02866202545158044
1150000	-107.8400588254709	2.1877101459652826	-110.02776897143619	0.16252745051155254	0.027566622626427804	0.027566622626427804	0.018521553034325677
1160000	-66.93366100079047	0.07535782838707028	-67.00901882917753	0.7798260278090998	0.07853612070992994	0.07853612070992994	0.024949833136030147
1170000	-75.403558598053	-2.356994914587384	-73.0465636834656	0.7242151592145941	0.06295029103761272	0.06295029103761272	0.01505351955566709
1180000	-71.11359214873016	0.2726128387604184	-71.38620498749059	0.7184021768867834	0.08260003447375718	0.08260003447375718	0.027967290533399414
1190000	-138.67360014230164	2.436328687527838	-141.10992882982947	0.07205848648110132	0.011388561378715294	0.011388561378715294	0.020916014436887974
1200000	-106.75686230942014	1.9930406510170027	-108.74990296043714	0.18650038000035613	0.04479070212140348	0.04479070212140348	0.02894233181705879
1210000	-74.16040300146065	-0.10746466832017465	-74.05293833314047	0.6436460629069832	0.09024487800283267	0.09024487800283267	0.029249217524432262
1220000	-78.89227231232509	1.9446839368552284	-80.83695624918032	0.39732474282787444	0.06069119360984977	0.06069119360984977	0.024591210401664534
1230000	-65.75543414921071	0.13287869751526238	-65.88831284672598	0.803328866643816	0.08962785783636955	0.08962785783636955	0.023674337200478214
1240000	-101.71341832181263	-1.5007823143508254	-100.2126360074618	0.29255721308624943	0.040404783952395794	0.040404783952395794	0.023112483567872866
1250000	-94.02746342934029	1.7063916186841168	-95.73385504802441	0.2695000881013936	0.04696184555644798	0.04696184555644798	0.027602844920194047
1260000	-98.81693199580323	-0.8327584457074999	-97.98417355009573	0.20786253503031202	0.033796212912616405	0.033796212912616405	0.029414894500553967
1270000	-92.69035444916787	0.691632385570079	-93.38198683473794	0.6547544057102723	0.12938970859074136	0.12938970859074136	0.04059361502297193
1280000	-96.9552960538163	1.9316010777005865	-98.88689713151689	0.21629303468216843	0.03498604016106649	0.03498604016106649	0.021435552746144605
1290000	-81.64390716933613	0.8404533676477954	-82.48436053698393	0.5633311548391554	0.06370597832248852	0.06370597832248852	0.02306991131018049
1300000	-91.94300396562068	1.9136013916965742	-93.85660535731725	0.3329461875074022	0.07781409834476272	0.07781409834476272	0.035224979297787944
1310000	-127.46265996145387	0.8387708046627638	-128.30143076611662	0.077316283721351	0.023827920155321394	0.023827920155321394	0.022517822275263315
1320000	-91.94829912074198	-0.484958099609321	-91.46334102113266	0.33284563303892173	0.07992516824624414	0.07992516824624414	0.03373673733252696
1330000	-133.18998977860198	2.3205085367261096	-135.5104983153281	0.06772643338263956	0.025659780319201447	0.025659780319201447	0.023312351910661954
1340000	-135.31395139105376	2.4748841968266238	-137.78883558788038	0.059229421463887565	0.03352679868502877	0.03352679868502877	0.03812467145029097
1350000	-101.19252402485196	1.4402549797312845	-102.63277900458324	0.2503359173869685	0.04325905080861021	0.04325905080861021	0.020293141809760135
1360000	-98.26264588459462	2.5847008219202223	-100.84734670651484	0.2546986797991953	0.04917422483752568	0.04917422483752568	0.03167484238516133
1370000	-81.39183751827362	1.5756207595287504	-82.96745827780236	0.47770043277969726	0.06500031837226448	0.06500031837226448	0.026366647534627884
1380000	-130.6426954812631	1.8375687049261638	-132.48026418618926	0.10205809822037354	0.019168595376284965	0.019168595376284965	0.023218759294955132
1390000	-88.3455293899306	0.8213104653629774	-89.16683985529359	0.29838571775439676	0.038322344632016475	0.038322344632016475	0.01930421407282655
1400000	-88.55987603584708	1.965798259489801	-90.52567429533688	0.39954039998732804	0.05320431710584052	0.05320431710584052	0.021706887288384838
1410000	-106.34558774982496	1.683973099979727	-108.02956084980468	0.2132821305532573	0.043775493970670626	0.043775493970670626	0.026795797027716145
1420000	-83.86203339571541	-0.745321568640902	-83.11671182707451	0.4752525504819474	0.07657862040034386	0.07657862040034386	0.029340296859184056
1430000	-80.84593785595084	1.811139596176603	-82.65707745212744	0.4048597728612182	0.08146695284792012	0.08146695284792012	0.03505459589629477
1440000	-94.33345824947129	1.8140018334770338	-96.14746008294833	0.26783142216544276	0.06462089603925572	0.06462089603925572	0.03541827829149795
1450000	-109.44862884289465	2.511785923610683	-111.96041476650534	0.24575729140412095	0.08420522813916953	0.08420522813916953	0.05311184084343988
1460000	-121.85263018411293	2.2867995360555637	-124.1394297201685	0.13116335853817637	0.046608123419687626	0.046608123419687626	0.03538331613381865
1470000	-75.31231849257752	-0.10469733983776208	-75.20762115273976	0.5758285889350716	0.07723649684603695	0.07723649684603695	0.030153108690822182
1480000	-92.44008144614273	-1.4262132574717263	-91.013868188671	0.40196365171255705	0.11459404228714512	0.11459404228714512	0.04836778577017192
1490000	-141.0325804014908	-1.1967028725065632	-139.83587752898424	0.06005994423938908	0.03015791994793257	0.03015791994793257	0.035077967108140554
1500000	-77.30062416669568	1.5693741044294975	-78.86999827112518	0.4553198529665429	0.08249736796762235	0.08249736796762235	0.03562885874099084
1510000	-93.80797246330643	0.717985430568321	-94.52595789387475	0.2940594489740775	0.06816308406656703	0.06816308406656703	0.03177814055023868
1520000	-105.21962327941466	1.3815436253924664	-106.60116690480713	0.1759421195842427	0.0413155277183581	0.0413155277183581	0.028369763434564488
1530000	-87.42961200545558	2.465805386213118	-89.8954173916687	0.2825527723927454	0.05374602584941647	0.05374602584941647	0.02780763995109014
1540000	-99.55677496313176	2.586391892653608	-102.14316685578537	0.21625023711965888	0.04634952963981514	0.04634952963981514	0.027808985792924217
1550000	-52.56296570081535	-0.8630470029931298	-51.69991869782222	0.9732824559177872	0.036181953101603805	0.036181953101603805	0.0194656654586902
1560000	-63.12284516615788	-0.7384966342408124	-62.38434853191707	0.9963450936229961	0.09010560123800639	0.09010560123800639	0.02515758972888653
1570000	-68.3686168962462	0.3104518553826202	-68.67906875162882	0.6320226611828126	0.08162666019858941	0.08162666019858941	0.025548995957539816
1580000	-88.03296590808239	1.4670674493415157	-89.5000333574239	0.31287150424762544	0.04074962059971668	0.04074962059971668	0.018665629770716466
1590000	-98.0879081769319	2.395241276593744	-100.48314945352566	0.19938547686797398	0.03916344108426671	0.03916344108426671	0.025402277292944475
1600000	-108.50831945989523	2.775584747253603	-111.28390420714884	0.1811546356690205	0.04717225080977591	0.04717225080977591	0.03512801158197179
1610000	-99.77332126311646	1.923039515102659	-101.69636077821912	0.2566507951401711	0.029019859955269112	0.029019859955269112	0.01733298176788898
1620000	-74.84848202530812	1.693065743197546	-76.54154776850567	0.4957557981828878	0.0722276717021563	0.0722276717021563	0.03053621736808519
1630000	-74.87711114625134	-4.956871466084695	-69.92023968016665	0.9329127839516491	0.17060122067426245	0.17060122067426245	0.04768422812321143
1640000	-115.6971282112982	0.303168379115061	-116.00029659041327	0.15630216092767907	0.03371808867214562	0.03371808867214562	0.027677351695467402
1650000	-120.6522058830121	1.9128149513220905	-122.56502083433419	0.15080834849581945	0.049060976917533194	0.049060976917533194	0.033762116975278075
1660000	-93.51534073480254	-0.9159205400904518	-92.59942019471208	0.3512425456469282	0.0471550333495251	0.0471550333495251	0.019036380446983428
1670000	-90.98333549996123	0.9835672049225229	-91.96690270488375	0.28152599123427907	0.07318255729276552	0.07318255729276552	0.03822758972091788
1680000	-63.96805034970581	-1.2447585314559535	-62.72329181824986	0.8312914471138991	0.0860421906828823	0.0860421906828823	0.026589620646027018
1690000	-109.848267584305	2.0983657459815035	-111.94663333028652	0.15972616302795062	0.054361614491017125	0.054361614491017125	0.03736899213610407
1700000	-102.21746385985577	2.3808052356381237	-104.59826909549389	0.21672508052686365	0.03998323896619447	0.03998323896619447	0.024366528610235683
1710000	-92.73825857292928	-0.3600334294449872	-92.3782251434843	0.25318200799342844	0.058876129170354216	0.058876129170354216	0.030491118403321617
1720000	-75.21082715764229	1.0158102785288805	-76.22663743617116	0.6124709502353745	0.1534318076500873	0.1534318076500873	0.05581548856639544
1730000	-95.78183790787531	2.1856681666094797	-97.96750607448479	0.29283971559088035	0.08447708871655402	0.08447708871655402	0.04048698439256408
1740000	-131.77966828732752	2.376988784908707	-134.15665707223624	0.07367965880828067	0.020205978695634477	0.020205978695634477	0.02997093230019036
1750000	-58.65265993753064	-3.4959726851376307	-55.15668725239301	1.5855403536327755	0.1367500814036507	0.1367500814036507	0.026474785862168254
1760000	-74.80561026692126	0.6570140391602288	-75.4626243060815	0.6528087826562049	0.08015612752700235	0.08015612752700235	0.0317897892217259
1770000	-92.30233441596883	1.9911950003941843	-94.29352941636301	0.24584010775500695	0.05211936016290991	0.05211936016290991	0.026695702522916538
1780000	-91.01895698822423	1.783637754778741	-92.80259474300297	0.28467405614598656	0.03513024059465488	0.03513024059465488	0.022418281785669836
1790000	-54.65175973125604	-3.505057128464112	-51.14670260279193	1.1692131460041728	0.09476747636125146	0.09476747636125146	0.028540692543718126
1800000	-101.23240430581544	2.324544488284065	-103.5569487940995	0.2216245673913353	0.05150085126317094	0.05150085126317094	0.02905373471466867
1810000	-65.33858396162442	0.07470686175834734	-65.41329082338277	0.8166755976698447	0.08343572514603946	0.08343572514603946	0.027191365865854827
1820000	-86.06658371640394	0.6868562992207209	-86.75344001562466	0.3752296683293683	0.06761809165703503	0.06761809165703503	0.031983881363728664
1830000	-96.41144405636284	1.810832868389968	-98.2222769247528	0.34196798121818506	0.0503729022738517	0.0503729022738517	0.02055172216646778
1840000	-119.10220791718766	0.46062671809718925	-119.56283463528484	0.1074526834665945	0.025987529276638145	0.025987529276638145	0.02248477084885825
1850000	-93.78601382391575	1.0188689267961712	-94.80488275071193	0.4076637686787515	0.09272509231446037	0.09272509231446037	0.041810220868103085
1860000	-70.93482428016551	0.5058055727080853	-71.4406298528736	0.672257253936291	0.10459012334300638	0.10459012334300638	0.030082048384069277
1870000	-79.94063090637084	1.0985916887217628	-81.03922259509261	0.5291420161405482	0.08128941583849465	0.08128941583849465	0.029231348932913348
1880000	-71.80551883081398	-0.09558706196097255	-71.70993176885301	0.7460193390355833	0.12184766666273943	0.12184766666273943	0.03975253084014241
1890000	-69.10601718396946	0.36622399962983354	-69.4722411835993	0.7265095020468937	0.10912826231803899	0.10912826231803899	0.03538249409585585
1900000	-83.18216485974108	1.0870572603242843	-84.26922212006536	0.5275494863478395	0.10921484257437525	0.10921484257437525	0.039919691183856805
1910000	-104.51820912001963	1.3834935432781847	-105.90170266329783	0.21566847698965444	0.0511676912244277	0.0511676912244277	0.02832539485091442
1920000	-110.5585644060623	2.7476409745203445	-113.30620538058265	0.14436717771421095	0.04107265708430993	0.04107265708430993	0.03238197425506487
1930000	-123.83755384183763	1.6763728823907544	-125.51392672422838	0.10140864385697279	0.022314727046908886	0.022314727046908886	0.019425589848097412
1940000	-132.37161930131774	2.721071226066511	-135.09269052738424	0.06956176942037834	0.03548569337933591	0.03548569337933591	0.034844832627805855
1950000	-151.72186602502057	2.1852403576870274	-153.9071063827076	0.05429118745075449	0.02344374569092496	0.02344374569092496	0.021149041450941607
1960000	-97.61616669255275	2.448725912298242	-100.064892604851	0.19938922503153508	0.025007743967163116	0.025007743967163116	0.01804865601171997
1970000	-124.43573695003731	1.9936478517456226	-126.42938480178293	0.08000432316932969	0.021055096654713102	0.021055096654713102	0.02398982849692917
1980000	-110.70504417173419	2.7985378991861234	-113.50358207092032	0.16936147469593035	0.031169721316826545	0.031169721316826545	0.023959402713346234
1990000	-106.56642347693996	1.4741740744370095	-108.04059755137698	0.17353866345600188	0.04806943188999388	0.04806943188999388	0.026586237423753586
2000000	-114.61257232650215	1.5281036449539696	-116.14067597145612	0.17757219786251485	0.03938182081691144	0.03938182081691144	0.026077644424417314
2010000	-108.05834642410272	2.498030833914443	-110.55637725801716	0.18229180021647634	0.04262063702552619	0.04262063702552619	0.02049579243182499
2020000	-68.5155655720098	-0.7063995688933725	-67.80916600311643	0.7619627183397616	0.08167192439901182	0.08167192439901182	0.022666927914056202
2030000	-71.35615860541942	0.9725956034391374	-72.32875420885856	0.6477902900583686	0.06329498228149906	0.06329498228149906	0.023939798374247572
2040000	-67.78065682432543	-2.1518618750032696	-65.62879494932217	0.8773356986148468	0.07962225704870947	0.07962225704870947	0.027532265863024805
2050000	-104.22134651016493	2.0958262955722233	-106.31717280573716	0.2186882519770188	0.03919289418588762	0.03919289418588762	0.02301992336513061
2060000	-94.71977159284499	2.062947945501893	-96.78271953834688	0.24741691710581068	0.027525832998542013	0.027525832998542013	0.01974090343285685
2070000	-113.42321246704022	0.38680623242266776	-113.81001869946289	0.21607255295474959	0.046750606173539676	0.046750606173539676	0.02688102412267441
2080000	-103.2804350938457	1.8751298158815162	-105.15556490972722	0.19951138421080625	0.03142587850631364	0.03142587850631364	0.021296123053303178
2090000	-66.39617251735064	-0.15761809214931233	-66.23855442520133	0.7265640222313097	0.0818477848976316	0.0818477848976316	0.02263855553263465
2100000	-125.12484527721264	2.701348131200975	-127.82619340841362	0.13766484289738082	0.034883355318938936	0.034883355318938936	0.03808165078092175
2110000	-83.72616680868704	2.0990852232237835	-85.82525203191082	0.37687651810264594	0.07876932445081693	0.07876932445081693	0.035824540189507106
2120000	-74.81494600696949	1.2477786834020423	-76.06272469037154	0.5497973026841919	0.11169691766468542	0.11169691766468542	0.03949904568483614
2130000	-99.97622887606305	1.4291334045099862	-101.40536228057303	0.27787230425570086	0.04643734760090989	0.04643734760090989	0.022620882657749034
2140000	-96.53641863018774	1.9530852826743754	-98.48950391286212	0.2887935121578237	0.06527942671514428	0.06527942671514428	0.029487974764954926
2150000	-116.07411004053942	0.6917666792949801	-116.76587671983441	0.17260650483412301	0.053629665886639345	0.053629665886639345	0.028973861092125394
2160000	-128.49823382207546	1.8104454441534066	-130.30867926622886	0.08361631982350136	0.025883281699563936	0.025883281699563936	0.01883817462116774
2170000	-97.60030604778251	2.4520002142595607	-100.05230626204207	0.21527482119767163	0.03836713836665576	0.03836713836665576	0.023014470112696566
2180000	-97.04486935914	1.833566665633533	-98.87843602477352	0.3185328435212031	0.05736191311353252	0.05736191311353252	0.02626195103408258
2190000	-101.28728909971026	2.3321305654794564	-103.61941966518972	0.2795561661374388	0.04729011369942705	0.04729011369942705	0.02038744251719067
2200000	-106.81863579466106	1.1771201275721181	-107.99575592223319	0.18434435022168447	0.04761406011864754	0.04761406011864754	0.03016592822369156
2210000	-66.94656930592957	-1.8348258240672943	-65.11174348186228	1.2281757495536916	0.1324173357952255	0.1324173357952255	0.029176294819531996
2220000	-81.06170932260021	0.3791987851324812	-81.4409081077327	0.6876170370718385	0.1188036532851747	0.1188036532851747	0.03821797488278705
2230000	-143.92425246047577	2.4866717034032697	-146.41092416387903	0.0467075296877313	0.011027973678026349	0.011027973678026349	0.018804374473979528
2240000	-129.51591804770985	2.423930730384872	-131.93984877809473	0.06287862595669641	0.023916566603373303	0.023916566603373303	0.024278506752611458
2250000	-119.40055125555197	1.8764592372337594	-121.27701049278573	0.09724529062156961	0.027633307614025524	0.027633307614025524	0.026995306392783837
2260000	-87.53967969283349	-0.9451426571669064	-86.59453703566658	0.33218097980509964	0.0521082749331816	0.0521082749331816	0.02347643660357154
2270000	-64.74282290920378	-1.3013768539012998	-63.44144605530248	0.7902327327435643	0.09302905584246948	0.09302905584246948	0.028495283179777824
2280000	-102.07453343486891	0.030124279264123643	-102.10465771413304	0.2730410841669715	0.0600278221254404	0.0600278221254404	0.029143591348327336
2290000	-108.39727887881993	2.0946621854020746	-110.491941064222	0.23082920047779054	0.061481080323606996	0.061481080323606996	0.027776590849134638
2300000	-95.5940411391205	2.4997822537441756	-98.09382339286468	0.2609972028119729	0.02616836737797324	0.02616836737797324	0.021015519701428606
2310000	-86.18688734872676	0.3502618785969357	-86.5371492273237	0.4357280794139297	0.08601529925732107	0.08601529925732107	0.03142106709257552
2320000	-95.13539345592443	1.2678331273209205	-96.40322658324536	0.23989798969932735	0.049118909348622106	0.049118909348622106	0.026168417787780764
2330000	-119.43616920021375	2.3227936929350133	-121.75896289314876	0.12905684692763483	0.05821619024944149	0.05821619024944149	0.04245956568842907
2340000	-114.65347545683865	2.334106944022935	-116.98758240086158	0.2866708720557657	0.09694863096348519	0.09694863096348519	0.05004919879104655
2350000	-95.01962214958509	1.7557136000854858	-96.77533574967057	0.3450862628756118	0.049885177085519455	0.049885177085519455	0.028129486092905595
2360000	-91.55630075956735	1.6588314117403562	-93.2151321713077	0.27231501054632745	0.05503520876245467	0.05503520876245467	0.02904357707218281
2370000	-105.48116438340071	2.502167298594477	-107.98333168199518	0.2086672577386374	0.06353162273288974	0.06353162273288974	0.03241235712183748
2380000	-95.01417201395937	2.1309168019313947	-97.14508881589076	0.3540054844334561	0.05183538628065793	0.05183538628065793	0.02351879585779447
2390000	-96.20074382422514	0.33471748714963523	-96.53546131137477	0.3308138643227506	0.05204921669962833	0.05204921669962833	0.02768301185815989
2400000	-67.72620779692114	1.128790149644006	-68.85499794656515	0.5246476759622611	0.05985258297908065	0.05985258297908065	0.020297941783403287
2410000	-61.736913226645626	-0.6050677794030406	-61.13184544724258	0.9942061713100663	0.1602664642009215	0.1602664642009215	0.043599121412234175
2420000	-98.40063755691463	-0.4325284688833828	-97.96810908803126	0.22783488091447027	0.030764335153406392	0.030764335153406392	0.02443839601039722
2430000	-77.55417393907997	0.4852873190284227	-78.03946125810839	0.5210812608322559	0.0879500847922881	0.0879500847922881	0.034119273140627966
2440000	-44.7482800215962	-7.093879359201382	-37.65440066239482	2.409614397720655	0.04203438826023294	0.04203438826023294	0.019391262656241224
2450000	-56.22716511123316	-1.6852355078233665	-54.5419296034098	1.2331459336069004	0.08493017474151664	0.08493017474151664	0.02495414998482815
2460000	-75.86710024033592	1.801581315337373	-77.66868155567329	0.4026657893536332	0.058965084689427835	0.058965084689427835	0.024179105479126724
2470000	-67.22965497349723	-3.6817175792542187	-63.547937394243014	0.969076259516978	0.05833044088891397	0.05833044088891397	0.01597966874223057
2480000	-77.75409023438176	1.4001942058675012	-79.15428444024927	0.5112166483480244	0.06711121884793442	0.06711121884793442	0.024155670271348944
2490000	-84.02389102926479	1.3632756019653276	-85.38716663123012	0.4034909118808818	0.09496652923282997	0.09496652923282997	0.042794203062158566
2500000	-77.71977499929864	0.028736037095972278	-77.7485110363946	0.8409293306488451	0.0784261394245314	0.0784261394245314	0.023058454747760165
2510000	-100.52184061010655	0.6087916257849328	-101.13063223589148	0.2522252625993668	0.04720515201559848	0.04720515201559848	0.02610563496921601
2520000	-152.5100877667615	2.2995632049806023	-154.80965097174212	0.04839754707943635	0.035294294912637955	0.035294294912637955	0.040176553652849396
2530000	-121.03403441384926	2.425539882515827	-123.45957429636508	0.09055739255697924	0.014231705513649358	0.014231705513649358	0.01824289935588929
2540000	-74.12030013391876	0.47911542958460807	-74.59941556350337	0.5720678875881094	0.07248964865544456	0.07248964865544456	0.0276772378053142
2550000	-76.94550424832525	1.7708703011319409	-78.71637454945719	0.43666753528192725	0.03066124644517741	0.03066124644517741	0.018589059702920116
2560000	-70.86745519494717	1.2851418750747794	-72.15259707002195	0.5848821438791545	0.04567302415367844	0.04567302415367844	0.021313523543544585
2570000	-83.57137306239139	1.5716410801270895	-85.14301414251848	0.4149483026156851	0.05420304366904725	0.05420304366904725	0.026395184030887326
2580000	-76.64743672816597	1.1567731959651404	-77.80420992413111	0.434284687917463	0.03299010672191388	0.03299010672191388	0.021241321704836322
2590000	-87.1297076546374	1.7726338781487625	-88.90234153278617	0.3228473909452784	0.06639257444293875	0.06639257444293875	0.03525263196392006
2600000	-64.5396184216484	0.4865034080164432	-65.02612182966485	0.7603156676781354	0.07169158994052248	0.07169158994052248	0.02467903390667878
2610000	-87.05363302097355	1.3014111544333402	-88.35504417540689	0.34915117211818897	0.06144690344284016	0.06144690344284016	0.02803382033806331
2620000	-66.69105590044009	-0.8997245420290593	-65.79133135841103	0.9264417216125498	0.1310990511691802	0.1310990511691802	0.034570340363594035
2630000	-93.46199623786758	2.2391566916237933	-95.70115292949137	0.37384274032172404	0.05128222968999499	0.05128222968999499	0.028471092030332105
2640000	-97.38720370071941	0.6015563246234296	-97.98876002534284	0.3380428224578193	0.0809934152972832	0.0809934152972832	0.037098196734536744
2650000	-72.57093306025618	-1.4962849277958417	-71.07464813246034	0.8289997318493059	0.12504038318532867	0.12504038318532867	0.04119324280168188
2660000	-86.54127621972691	1.5486020917928718	-88.08987831151978	0.3081782425783976	0.036005751441629714	0.036005751441629714	0.02164657753694854
2670000	-69.88423140100444	-0.13523620636969624	-69.74899519463474	0.7851614116566644	0.06100385599098344	0.06100385599098344	0.01816803960774073
2680000	-76.81753050335169	0.31991084816129434	-77.13744135151299	0.515559943920506	0.08695334399641436	0.08695334399641436	0.02786081734852642
2690000	-81.58275753844832	0.379072719682357	-81.96183025813068	0.482117460165172	0.09290924772139042	0.09290924772139042	0.03228659326242488
2700000	-75.27290589101732	1.0954893526089053	-76.36839524362622	0.5677637924350112	0.07838859584876227	0.07838859584876227	0.025082312913192812
2710000	-91.36768926226507	1.5539401917445854	-92.92162945400966	0.387193869052475	0.09326473234523203	0.09326473234523203	0.03653523528195512
2720000	-82.80682783755144	0.90121524554839	-83.70804308309982	0.4787024880063339	0.038277141695413026	0.038277141695413026	0.021900301544478376
2730000	-88.28550291508914	1.5539714903844977	-89.83947440547364	0.3259593112992662	0.05321128052997806	0.05321128052997806	0.022084797399459018
2740000	-99.22683655469831	1.9402323031044597	-101.16706885780278	0.26404275090858675	0.05711202414203088	0.05711202414203088	0.033830257948484134
2750000	-90.29401742565807	1.5676019905161587	-91.86161941617422	0.28984601660935333	0.046565259325938524	0.046565259325938524	0.027541281564890212
2760000	-115.80268682234335	2.17307846244559	-117.97576528478893	0.2180170744376371	0.03034778379091373	0.03034778379091373	0.02470216457502771
2770000	-58.11337913168532	-1.089125426620706	-57.024253705064616	0.9601936898125737	0.07005437443554863	0.07005437443554863	0.022315261912556332
2780000	-82.25918666885313	1.9506386330013648	-84.2098253018545	0.4012360538853546	0.05378137428771587	0.05378137428771587	0.02148923101526834
2790000	-72.74262870436142	-1.017689284239824	-71.7249394201216	0.5466190291484953	0.07780280027996152	0.07780280027996152	0.026873301133918892
2800000	-67.3328707138364	-0.12805649504741357	-67.20481421878898	0.6638541818423145	0.07139562865795825	0.07139562865795825	0.022851053927218812
2810000	-67.09315688932841	0.08596961436523498	-67.17912650369365	0.6861606780195473	0.07187757729923475	0.07187757729923475	0.019549958850383024
2820000	-57.23968518226921	-0.7245317255579428	-56.51515345671127	0.9464651896800382	0.09856871812292542	0.09856871812292542	0.027254835739073287
2830000	-71.52108621344631	0.7508940896531161	-72.27198030309943	0.6143154538985985	0.06515252307862256	0.06515252307862256	0.024273062497684884
2840000	-106.71701154321009	2.409747379777297	-109.12675892298739	0.1665475439583085	0.04426358440326253	0.04426358440326253	0.030838186472063763
2850000	-70.45297729014231	-1.3267475799790063	-69.1262297101633	0.9033024359163127	0.057413976439738654	0.057413976439738654	0.02525038629485438
2860000	-63.6758635028064	-0.15200291089426887	-63.52386059191213	0.7991617789868705	0.10387464982462061	0.10387464982462061	0.03200589684226766
2870000	-101.41611375811767	2.3930628398987457	-103.80917659801642	0.2389807624141293	0.0565037796802964	0.0565037796802964	0.029886163962089495
2880000	-81.9226061236153	0.6735997406217249	-82.59620586423702	0.5235412982753744	0.06356545932057757	0.06356545932057757	0.028411873587901846
2890000	-90.6243939234539	1.2338645290784438	-91.85825845253234	0.35457933798735464	0.04621838575959301	0.04621838575959301	0.025626929595515664
2900000	-116.90287690988437	1.6234261331986652	-118.52630304308303	0.1206100651700002	0.02346082192927119	0.02346082192927119	0.01914177132137088
2910000	-160.84679696497025	-0.09948702088772388	-160.74730994408253	0.05379762018494317	0.03675026472390039	0.03675026472390039	0.04044794462409115
2920000	-137.08167768512953	2.650326988288659	-139.7320046734182	0.0615690781758028	0.016904259077365123	0.016904259077365123	0.01909778809301975
2930000	-88.81798137070717	1.0006005267599836	-89.81858189746715	0.29235156559011627	0.05369335591483184	0.05369335591483184	0.024553837065349467
2940000	-82.45974387321516	1.193984222084386	-83.65372809529954	0.536538895827346	0.0547789240392848	0.0547789240392848	0.03494500258669463
2950000	-114.85643724912492	0.3986025719486701	-115.2550398210736	0.17524737085263387	0.07961719118872539	0.07961719118872539	0.05370604808878124
2960000	-91.44309655402195	2.2230325453610167	-93.66612909938297	0.3435654973271545	0.017949253202262018	0.017949253202262018	0.02054379384319364
2970000	-88.12289784378703	0.8043719815705237	-88.92726982535756	0.5320536959851148	0.08026499497619398	0.08026499497619398	0.028022284709157057
2980000	-90.29723014488523	1.3489951830600915	-91.64622532794533	0.2863197552192436	0.05346959838749301	0.05346959838749301	0.02419724936368291
2990000	-97.29345971996322	2.4318909581961745	-99.7253506781594	0.24788673818456486	0.049407088679095025	0.049407088679095025	0.025820685021784376
3000000	-91.9388154605735	1.9670952169965246	-93.90591067757002	0.29159952272385753	0.04967100496737285	0.04967100496737285	0.02610212008673361
3010000	-69.90109958487176	-0.7537427683127891	-69.14735681655897	0.8600598417363735	0.14584730665039666	0.14584730665039666	0.042885107042270276
3020000	-129.42609962613668	0.8367797921308181	-130.2628794182675	0.11620318479209493	0.04450782455798064	0.04450782455798064	0.024577900671278533
3030000	-99.82849505805437	2.3966090945048775	-102.22510415255925	0.23122752698876314	0.07595531479816782	0.07595531479816782	0.04015625544157668
3040000	-121.09583903212753	2.2406631149326284	-123.33650214706016	0.09174130454513882	0.019825739752559236	0.019825739752559236	0.023050124697856066
3050000	-69.58695768247345	0.5184746984685951	-70.10543238094205	0.7174544292366773	0.08833793771081949	0.08833793771081949	0.03340752187076387
3060000	-109.85204788425865	2.042201981975465	-111.89424986623412	0.12759354663360348	0.010337976099263025	0.010337976099263025	0.014654557574673426
3070000	-80.34378673637958	1.5121257075999175	-81.8559124439795	0.3580002425161593	0.04289310598495702	0.04289310598495702	0.02089324598290713
3080000	-95.3095129882184	1.5817598382040337	-96.89127282642244	0.3163712285498557	0.06325702644140963	0.06325702644140963	0.027084786506151804
3090000	-115.60679223411543	2.1753683666172607	-117.7821606007327	0.11333209464477018	0.033371871466647905	0.033371871466647905	0.026976373824734813
3100000	-112.24835982461745	1.0239282541736165	-113.27228807879106	0.13963266110496297	0.03413111064775779	0.03413111064775779	0.030455729885128655
3110000	-75.03875112075883	1.7405133950873521	-76.77926451584618	0.48437428501419827	0.05404953804603197	0.05404953804603197	0.027655852288282944
3120000	-93.3420786028285	0.419268464873224	-93.76134706770172	0.38646039952132255	0.05575696964221382	0.05575696964221382	0.01940644694963746
3130000	-76.03835667068434	0.9657962830234041	-77.00415295370775	0.552512943079474	0.07209447353323067	0.07209447353323067	0.02347181121264848
3140000	-57.96084771450006	-0.014414035001339087	-57.946433679498725	0.8812198280833877	0.09142051303596398	0.09142051303596398	0.02937530798084989
3150000	-70.89835645542513	0.19525970975173335	-71.09361616517687	0.6236063983066235	0.0217196998231583	0.0217196998231583	0.015316519599323222
3160000	-75.34963137647624	0.9357074754218413	-76.28533885189808	0.5844922903823451	0.0816700044745371	0.0816700044745371	0.029809584016752398
3170000	-88.52693361515047	1.6019015274591384	-90.1288351426096	0.42968863150780456	0.03803575030149343	0.03803575030149343	0.02321504101657263
3180000	-92.0839066197995	-0.18267172189416891	-91.90123489790534	0.41056779049188796	0.0693972030455713	0.0693972030455713	0.02903139221057007
3190000	-96.1249478425317	2.5601558834562823	-98.68510372598797	0.27114075575750074	0.05762747885575551	0.05762747885575551	0.03394767273806816
3200000	-117.91471754021524	0.6777447130707386	-118.59246225328597	0.11503373372718026	0.028195019572800906	0.028195019572800906	0.030677513624996103
3210000	-141.49879449988143	2.130544407434555	-143.62933890731597	0.05380756268949979	0.0324802349855313	0.0324802349855313	0.03892137293860244
3220000	-128.25981520976765	1.0207849266975098	-129.28060013646515	0.0753888738262991	0.025481954812697095	0.025481954812697095	0.024843269405778107
3230000	-121.90773569528787	2.585321138794562	-124.49305683408242	0.10224203116212913	0.01845765031306936	0.01845765031306936	0.020052450707333122
3240000	-118.54567258676194	2.6346874194864984	-121.18036000624843	0.12648338775398746	0.04047631601890536	0.04047631601890536	0.03117915771507822
3250000	-83.98332411376171	2.3489038485740883	-86.33222796233579	0.30196280832804545	0.05024605545618659	0.05024605545618659	0.027487462890050832
3260000	-109.25430714450837	0.35869251688805015	-109.61299966139643	0.25123790231539356	0.06173885993285691	0.06173885993285691	0.03155132563635746
3270000	-105.56987350699832	0.028359455084679297	-105.598232962083	0.23242751055200397	0.03997310046014405	0.03997310046014405	0.025584978533091957
3280000	-92.77886906953313	1.9133122525631916	-94.69218132209632	0.26703583080094706	0.05204247433755066	0.05204247433755066	0.028368564190281623
3290000	-79.35754475085886	-0.4924435336398254	-78.86510121721903	0.579769351195454	0.07345935684406703	0.07345935684406703	0.030373496277670296
3300000	-81.99136271677295	0.6401092365811253	-82.63147195335408	0.47324124129239986	0.0863149237884149	0.0863149237884149	0.03002023917452237
3310000	-93.40032458552741	0.5366676937211737	-93.93699227924859	0.37938895905476194	0.052040710848017195	0.052040710848017195	0.02334604049953188
3320000	-103.39794184034334	-0.11480498277652273	-103.28313685756682	0.28160141760020824	0.02764095599976831	0.02764095599976831	0.019925096471030128
3330000	-115.91920327961179	1.4738418734265561	-117.39304515303834	0.11742495738804201	0.030604084832553	0.030604084832553	0.02289965364148857
3340000	-80.88895829121915	0.3454120757974367	-81.2343703670166	0.5270725587162988	0.0782350584115825	0.0782350584115825	0.03266307470028789
3350000	-83.05859233372271	-1.203872710140459	-81.85471962358226	0.6689200681060794	0.10742895459664377	0.10742895459664377	0.03290052167258692
3360000	-76.3747753560272	0.7460847185380546	-77.12086007456526	0.6665914792528631	0.11467999504292982	0.11467999504292982	0.03591417883924902
3370000	-88.46263394529697	2.028654983951526	-90.4912889292485	0.2725183196251098	0.026358482294550893	0.026358482294550893	0.018104038004085235
3380000	-88.8455441886482	1.2187837444605227	-90.06432793310873	0.4913334701078589	0.071084263866736	0.071084263866736	0.023200847702788775
3390000	-59.369461886313324	-1.994182537053485	-57.37527934925984	1.2170891941050965	0.09391759295858755	0.09391759295858755	0.023095298920797203
3400000	-77.4825322846822	0.17563424859585713	-77.65816653327805	0.7459738169668565	0.10213338096197572	0.10213338096197572	0.028539171478849164
3410000	-71.55399268526965	1.6256568876485344	-73.17964957291818	0.47286252056438005	0.07047512748254063	0.07047512748254063	0.030404969229582662
3420000	-84.81891359251912	-0.6544570220253778	-84.16445657049374	0.42715087459843964	0.08634178129659256	0.08634178129659256	0.03228221537433301
3430000	-84.97789987082491	1.232332504584814	-86.21023237540973	0.3062587889981761	0.0684465694129494	0.0684465694129494	0.031937582711737966
3440000	-91.81656304696843	0.3255120731831176	-92.14207512015155	0.3918674623061755	0.044675222431702126	0.044675222431702126	0.022374517836239727
3450000	-82.87319776260715	1.3839353575053956	-84.25713312011254	0.39062578937648634	0.04769285260488996	0.04769285260488996	0.022477019559304142
3460000	-116.67098401285301	2.433096452914011	-119.10408046576703	0.1179490402716431	0.032416610721121085	0.032416610721121085	0.02790078843473921
3470000	-85.67414464539225	1.17391539569432	-86.84806004108657	0.4344638168692398	0.06856014089172731	0.06856014089172731	0.02970415064654592
3480000	-88.0457375537042	1.2530892868480452	-89.29882684055225	0.35200301210142704	0.03896088160810264	0.03896088160810264	0.020537547522880943
3490000	-123.28034344175197	1.6687025718119957	-124.94904601356396	0.08943387997440166	0.0218770201820202	0.0218770201820202	0.018688080851695314
3500000	-106.41181730225875	2.2717220078170492	-108.6835393100758	0.21442870839076786	0.03050470772943971	0.03050470772943971	0.03156261774662472
3510000	-100.1927902207264	2.2602916699986144	-102.453081890725	0.2655397635992697	0.018814716969199185	0.018814716969199185	0.02307092048103801
3520000	-80.69654514158691	1.5980016636192549	-82.29454680520617	0.4193192475794856	0.05118877944050271	0.05118877944050271	0.03009879300717373
3530000	-138.8021714653855	2.419380515090621	-141.2215519804761	0.06507466727941313	0.02900263285697133	0.02900263285697133	0.03311817383254027
3540000	-90.16411573818095	1.7943836232445376	-91.9584993614255	0.3023867193990898	0.04260314920218908	0.04260314920218908	0.02119385238133666
3550000	-92.86548311692187	-0.9781462384456181	-91.88733687847625	0.3542394872500939	0.05995043721267011	0.05995043721267011	0.030560079435639417
3560000	-83.43652882432791	0.5068212535746283	-83.94335007790254	0.6654225801771737	0.04343011373710967	0.04343011373710967	0.01948657726980453
3570000	-66.90128654709913	0.24244541059568747	-67.14373195769483	0.7080926813312923	0.045617859745373864	0.045617859745373864	0.02183677547651875
3580000	-115.83928279768315	0.10718445572816915	-115.94646725341133	0.11885529907584153	0.0371380204061566	0.0371380204061566	0.025824100075321203
3590000	-112.18149913369123	2.5081310171127527	-114.68963015080399	0.13057928880138456	0.027900257394498237	0.027900257394498237	0.0234977350884665
3600000	-132.62169316912775	1.1127124543597637	-133.7344056234875	0.08157465751057173	0.02989778765597318	0.02989778765597318	0.02402724865339155
3610000	-117.20523624443912	0.334492290343829	-117.53972853478295	0.12044253184011464	0.024253939496064806	0.024253939496064806	0.025216231773719303
3620000	-99.09691667981001	0.05089185467130175	-99.14780853448131	0.2260076368877051	0.03201295014195849	0.03201295014195849	0.03309207751143551
3630000	-105.26390114708991	2.593394242000652	-107.85729538909057	0.19267763397311974	0.03312367358996428	0.03312367358996428	0.02771385399380162
3640000	-95.829281241336	2.3781950940074528	-98.20747633534346	0.24661939452786263	0.0472504773906778	0.0472504773906778	0.024220138473390322
3650000	-99.45820880868345	1.5650492905727766	-101.02325809925622	0.18874638828904314	0.035500365499683946	0.035500365499683946	0.022697179626814314
3660000	-109.91921759715608	1.7583132205341503	-111.67753081769023	0.26053419734121647	0.07505865736632249	0.07505865736632249	0.03358271345511873
3670000	-104.39360111891524	0.5722151075377031	-104.96581622645294	0.20283683871927	0.0764774964379074	0.0764774964379074	0.04400298062898372
3680000	-112.74575929356182	2.4597031912603775	-115.20546248482219	0.287042636216849	0.06187917614395245	0.06187917614395245	0.04016073379103302
3690000	-77.26384479551113	-0.8061563776453112	-76.45768841786582	0.9251591401667735	0.1659958953981204	0.1659958953981204	0.03916352838802771
3700000	-109.80733821462215	1.7328992713232907	-111.54023748594544	0.19477156061483888	0.04449316253864376	0.04449316253864376	0.027104466296240033
3710000	-151.5077382671167	2.062550364322088	-153.57028863143879	0.05206443034864322	0.02776392378493295	0.02776392378493295	0.03191178512962135
3720000	-122.36108141044012	2.3050697749691476	-124.66615118540926	0.14563251944024588	0.04879336218672863	0.04879336218672863	0.03361239280236966
3730000	-73.47786096387905	-0.28754031705681593	-73.19032064682224	0.6535146553532504	0.10038972972688548	0.10038972972688548	0.03400320991493494
3740000	-110.91084723540142	2.706028915381032	-113.61687615078245	0.20642276026641931	0.03967810635652747	0.03967810635652747	0.025662674536492222
3750000	-80.36647516216743	1.346474281926517	-81.71294944409395	0.43739058796209634	0.07459287506878798	0.07459287506878798	0.03062450612473736
3760000	-82.02580584491871	0.6434577093823312	-82.66926355430104	0.38753643003141175	0.07248403224996575	0.07248403224996575	0.028128067444588917
3770000	-63.15083923316354	-0.5413239236642288	-62.60951530949931	0.801275565123841	0.06689223647538656	0.06689223647538656	0.020920008307599335
3780000	-77.98445530075276	-1.4581508906368454	-76.52630441011591	0.5204810013235804	0.05985655392318265	0.05985655392318265	0.02392037190182716
3790000	-66.41749340703886	1.0579325198925362	-67.4754259269314	0.5813213982449268	0.05163887981096927	0.05163887981096927	0.020742075371607684
3800000	-78.93464464315521	-3.323226074354773	-75.61141856880043	0.7626471564388807	0.082476214147218	0.082476214147218	0.024458057505674896
3810000	-66.89817117968502	-0.6061625100945685	-66.29200866959046	0.9171510097797213	0.13382011156462725	0.13382011156462725	0.043665497978664834
3820000	-86.30675987074109	1.113568789535325	-87.42032866027641	0.44070000532238157	0.08205987450724174	0.08205987450724174	0.030357669768840606
3830000	-79.7814707809772	0.49871631728979204	-80.28018709826699	0.5404513294250771	0.08753949040197152	0.08753949040197152	0.03024412630036689
3840000	-112.32862847556837	2.359439163803699	-114.68806763937206	0.12554027713849877	0.020709285225394378	0.020709285225394378	0.01835568439345938
3850000	-74.0262958103426	0.5714056056938562	-74.59770141603646	0.7211809050896116	0.11656121580682433	0.11656121580682433	0.039940844464570205
3860000	-71.25446079253558	-2.9006595448725303	-68.35380124766306	1.3777476295376156	0.23351130062847827	0.23351130062847827	0.061311469372375166
3870000	-106.52902372863885	1.0695108475747634	-107.59853457621361	0.21790141768529064	0.029537413536706598	0.029537413536706598	0.02129269565498943
3880000	-112.29171710213825	1.4295344466913136	-113.72125154882956	0.12785611766008748	0.04504825970037803	0.04504825970037803	0.03299510621905148
3890000	-76.8285569482922	1.8674359279204726	-78.69599287621267	0.4490095830902791	0.07995736257035577	0.07995736257035577	0.033532068205399515
3900000	-92.50538376658128	1.5152948186524053	-94.02067858523368	0.25419053113394147	0.04933969428916598	0.04933969428916598	0.02408804097725721
3910000	-100.18720530512331	2.2884068645155797	-102.4756121696389	0.16919592051107155	0.0249458489096678	0.0249458489096678	0.022079666223018303
3920000	-101.27330548811072	1.6455566983430128	-102.91886218645374	0.23883089475343006	0.07209951367384138	0.07209951367384138	0.039412059316683234
3930000	-93.13976721295279	1.6373992028817606	-94.77716641583456	0.35773707403844623	0.0520001996952035	0.0520001996952035	0.020983022730046604
3940000	-90.66083128845437	1.3945625580631313	-92.0553938465175	0.3812902948686911	0.06360043338245411	0.06360043338245411	0.026897180242267678
3950000	-93.5719800067016	1.663853525224737	-95.23583353192633	0.3254833353945804	0.07932814174418187	0.07932814174418187	0.03256989432528526
3960000	-80.1427310387786	1.7051652503193693	-81.84789628909797	0.42180298087007306	0.04899284223285475	0.04899284223285475	0.019171481166442073
3970000	-66.21122616228375	-0.590742787594079	-65.62048337468967	0.7903186591910576	0.1029998849820166	0.1029998849820166	0.02674452197728438
3980000	-78.95972627086202	-1.5725961558866395	-77.38713011497538	0.6462734205197456	0.048117552970320734	0.048117552970320734	0.01943456574941259
3990000	-83.02290502739548	1.067119183505079	-84.09002421090057	0.41624465352681855	0.04711268076464611	0.04711268076464611	0.020443619497602733
4000000	-68.15232934561627	0.7290416958556357	-68.88137104147191	0.6529392682622212	0.05143070024166975	0.05143070024166975	0.01801129145844683
4010000	-87.1129146881992	1.941400708653033	-89.05431539685223	0.337993304995751	0.032397930089515664	0.032397930089515664	0.02353852590780965
4020000	-108.01423205719755	2.0037164516944443	-110.01794850889199	0.1612778350568364	0.054918282101809726	0.054918282101809726	0.03406544147184709
4030000	-80.03221449725093	1.6430947760011074	-81.67530927325204	0.47391565476460035	0.06706469659735487	0.06706469659735487	0.02838492248036259
4040000	-115.34660248023609	2.009025643010346	-117.35562812324643	0.15088430644153353	0.03167713152959514	0.03167713152959514	0.02133111300073781
4050000	-120.34002879101585	2.427448041156406	-122.76747683217226	0.08770183355603141	0.023837339054464092	0.023837339054464092	0.024108377425010506
4060000	-138.96725037632342	2.320526374066272	-141.2877767503897	0.047798320009279194	0.010873835723500626	0.010873835723500626	0.020896671025606512
4070000	-169.9050028049719	1.4493491122187803	-171.35435191719068	0.02546975005648599	0.020090167630221097	0.020090167630221097	0.028282473010793188
4080000	-173.84099478800374	1.8701149712272396	-175.711109759231	0.014707035819153001	0.009534705701817962	0.009534705701817962	0.027115179657895568
4090000	-183.4503098835619	0.5079091630766127	-183.95821904663853	0.010771567041581808	0.012275131197128374	0.012275131197128374	0.030046541308612812
4100000	-211.14494473437907	-1.9580258546069853	-209.1869188797721	0.004932183337467459	0.008587723440644145	0.008587723440644145	0.029505247689816515
4110000	-166.75029799417968	1.7230916071350437	-168.47338960131472	0.018442759296533114	0.01097441014428227	0.01097441014428227	0.024445824775880386
4120000	-153.15400194658363	2.597367355524647	-155.7513693021083	0.07011895952769343	0.032882500058665554	0.032882500058665554	0.034790188321610654
4130000	-142.7441567729468	1.8675135003890846	-144.6116702733359	0.05514142692929201	0.02726551200118091	0.02726551200118091	0.02828572169590518
4140000	-139.8904637166052	1.9936793591540023	-141.88414307575923	0.037016350752638184	0.015920848376107705	0.015920848376107705	0.021208336169486686
4150000	-185.86772487427564	1.9643896919376171	-187.83211456621325	0.01056946059009904	0.01545176291279675	0.01545176291279675	0.03971251085599775
4160000	-147.2523334294192	1.931068135711556	-149.18340156513077	0.05527789243237881	0.03727920659993094	0.03727920659993094	0.04289900325830191
4170000	-125.40312212447787	2.3805947775041876	-127.78371690198206	0.07714936369106164	0.02237968000315392	0.02237968000315392	0.0237312253295292
4180000	-131.68110614078012	2.2363386625277553	-133.91744480330786	0.06453989378260849	0.027053249294713175	0.027053249294713175	0.02866287728510895
4190000	-70.42615141286731	0.5112263610576773	-70.937377773925	0.6296916409528409	0.048324144449181136	0.048324144449181136	0.02027679886563627
4200000	-67.07426394767064	-1.0286147614019931	-66.04564918626865	0.9492259235949807	0.0916884613576617	0.0916884613576617	0.024396839166921452
4210000	-80.34120345973211	0.05556145391863743	-80.39676491365076	0.5083347555366888	0.08009539422667593	0.08009539422667593	0.033631255796365486
4220000	-87.73341613285736	1.6873369357897126	-89.42075306864707	0.4891202496105487	0.06864169797049567	0.06864169797049567	0.03453782721255305
4230000	-98.32466607879138	0.3888798404488134	-98.71354591924019	0.23412432183705914	0.05816758300041729	0.05816758300041729	0.027210451336986297
4240000	-96.8901408316557	1.2669151948150934	-98.1570560264708	0.22881261168632666	0.03736364702777024	0.03736364702777024	0.024116889093357595
4250000	-94.61468964354603	2.38154972259841	-96.99623936614444	0.2773615032284493	0.04433357729426362	0.04433357729426362	0.0313205085373285
4260000	-89.36582653622978	-0.23266772304784888	-89.13315881318192	0.4132948360369946	0.06519099655684367	0.06519099655684367	0.021473578536937286
4270000	-84.59940788360407	-0.9658667638632745	-83.6335411197408	0.49237460465237504	0.07290458234341413	0.07290458234341413	0.02918746802019264
4280000	-75.82699571121528	0.2871704237967373	-76.11416613501201	0.6613354535674463	0.06470983972067627	0.06470983972067627	0.016846336151863553
4290000	-97.88988525261813	-0.47141801058109056	-97.41846724203704	0.31208892275632827	0.0710753314427026	0.0710753314427026	0.031725353507387054
4300000	-124.26660690458827	2.6564913413556654	-126.92309824594393	0.08512722970290663	0.027730223573550393	0.027730223573550393	0.02858667770040856
4310000	-80.9608942978367	1.6865479600519437	-82.64744225788864	0.43859761143040005	0.04788885820781878	0.04788885820781878	0.0192955814130402
4320000	-82.93397264758282	1.2225555087333513	-84.15652815631617	0.4719614681005596	0.08573435149708496	0.08573435149708496	0.03422259052968221
4330000	-83.9276069054109	-0.39829033323752683	-83.52931657217337	0.6844689651152261	0.08390266365377864	0.08390266365377864	0.022699777224785098
4340000	-65.13306913183925	-0.6943805252026697	-64.43868860663657	0.8481689782951433	0.07406182871299108	0.07406182871299108	0.0224266651437637
4350000	-63.80826773633735	-0.3234540441123904	-63.48481369222496	0.798928487203776	0.059744970446906916	0.059744970446906916	0.02623376802586244
4360000	-81.62677355530325	1.6683120185592952	-83.29508557386254	0.47636870059305014	0.060015403122996046	0.060015403122996046	0.02544124560801373
4370000	-65.2887752456169	-1.11827061015294	-64.17050463546397	0.8600011402090316	0.1321760947702912	0.1321760947702912	0.0437836955628247
4380000	-102.06631787971739	0.3911162081907973	-102.45743408790818	0.23684185355408202	0.04780077255248863	0.04780077255248863	0.03206351720053184
4390000	-58.92787076005185	-0.39825177138788825	-58.52961898866396	0.9381439042122852	0.0740843389855353	0.0740843389855353	0.025623575814613324
4400000	-89.77715011077677	1.0548502759470253	-90.83200038672379	0.36543009124458037	0.03731547744945816	0.03731547744945816	0.018459077470686962
4410000	-104.83438107583692	1.9181700064156058	-106.75255108225252	0.18948012076348336	0.042552253931872404	0.042552253931872404	0.02735004103394459
4420000	-68.4763987915514	-0.5234160794928303	-67.95298271205857	0.6788046642658254	0.03741602508949957	0.03741602508949957	0.012480395145199852
4430000	-84.82937507269476	1.1829361112141128	-86.01231118390888	0.3855836795047788	0.017070412933655663	0.017070412933655663	0.015380642608758658
4440000	-82.01017627392964	-0.766664100704809	-81.24351217322483	0.6272882043243309	0.1101919566567712	0.1101919566567712	0.037020954604017324
4450000	-79.19111986107117	0.8495491963783165	-80.04066905744949	0.7233577050528888	0.04127105510082536	0.04127105510082536	0.02455562831026614
4460000	-94.47078271786866	0.8970069960358192	-95.36778971390447	0.32888114993614176	0.05329641890802309	0.05329641890802309	0.031248450038745393
4470000	-119.53940926159235	2.588748586525983	-122.12815784811833	0.13062409109774187	0.053213691735498454	0.053213691735498454	0.0396895644166312
4480000	-94.6811574099434	-0.23958221899657062	-94.44157519094682	0.3211598344098985	0.05488489958470114	0.05488489958470114	0.026567108310259532
4490000	-92.00363606072777	1.27887217468755	-93.28250823541532	0.28900464552190314	0.05661807979472897	0.05661807979472897	0.028764850413637015
4500000	-106.95450064807343	2.14836952320401	-109.10287017127744	0.1739324739870681	0.04580751171587824	0.04580751171587824	0.025210804043774862
4510000	-105.13529816957224	2.1470304021955773	-107.28232857176782	0.2152197120492637	0.05440639396708854	0.05440639396708854	0.030029482477900056
4520000	-101.29851656192092	-1.3521871018823655	-99.94632946003856	0.2487102606343272	0.05759433792343655	0.05759433792343655	0.033238700851760485
4530000	-110.57247020004834	2.4446388746001215	-113.01710907464846	0.21382037306433813	0.04878104002224558	0.04878104002224558	0.026885136668172462
4540000	-153.80179747970382	1.4193186210155582	-155.22111610071937	0.04679482943875598	0.01847867768883777	0.01847867768883777	0.022630024045814486
4550000	-149.7414566008471	2.4502001725539713	-152.19165677340106	0.04328277210170306	0.026013603810067763	0.026013603810067763	0.02994996205171807
4560000	-109.851780867722	0.7007525216274368	-110.55253338934943	0.19070117285170612	0.03669310176426172	0.03669310176426172	0.026742769439472
4570000	-88.3428262412013	1.463629896268385	-89.80645613746968	0.4074127304697113	0.09427691837939879	0.09427691837939879	0.0376546609341311
4580000	-96.1232589778539	1.7536535957597532	-97.87691257361365	0.2867519492108953	0.03877753765833929	0.03877753765833929	0.023780803650929275
4590000	-107.2069724929446	2.394125588355313	-109.60109808129991	0.2188875407385578	0.030574709838074872	0.030574709838074872	0.01807999430053356
4600000	-103.5738644613309	2.4667917803129327	-106.04065624164383	0.2853871301688376	0.029543921408762327	0.029543921408762327	0.024568823234492485
4610000	-120.9737517304714	2.360249101241515	-123.33400083171293	0.13784991582738745	0.05163483572323004	0.05163483572323004	0.03169761171759654
4620000	-121.0567658240471	2.588600481811613	-123.64536630585872	0.10152483225917161	0.020352711343209446	0.020352711343209446	0.019523783352493794
4630000	-112.76098704264831	1.3656972130116793	-114.12668425566	0.14566136051540127	0.031767079429913914	0.031767079429913914	0.02323562813394174
4640000	-113.4374723154031	1.2262114686353534	-114.66368378403845	0.2114000392266339	0.062004607906869486	0.062004607906869486	0.034312291021633065
4650000	-145.67250303026188	2.5079701255993374	-148.18047315586122	0.04466063810956533	0.017418674083318812	0.017418674083318812	0.023641570731845783
4660000	-123.58257558470599	1.4453852266447313	-125.02796081135072	0.12654631344833017	0.040266413734270624	0.040266413734270624	0.028410388652635427
4670000	-101.7380115529381	2.518609392606414	-104.25662094554451	0.22044059104089886	0.050841012244876777	0.050841012244876777	0.027021862646777993
4680000	-106.94558533247479	2.2509489203378834	-109.19653425281267	0.18947297494657933	0.04844568449019387	0.04844568449019387	0.02940877746803644
4690000	-101.41702832479557	2.1967007161772525	-103.61372904097281	0.2586759361571404	0.09175401927440435	0.09175401927440435	0.05016974776618115
4700000	-100.83163222813567	1.8729863375828528	-102.70461856571853	0.27051253918485924	0.06934819084499975	0.06934819084499975	0.030418336264613214
4710000	-127.64065723794747	2.049670201491721	-129.6903274394392	0.08031987005084891	0.029634177750313552	0.029634177750313552	0.024945685172029775
4720000	-109.33597324141878	0.8983634393327975	-110.23433668075158	0.19319427867380248	0.056396633050361876	0.056396633050361876	0.03568129728880749
4730000	-97.03313755180837	-0.5248045533493872	-96.50833299845898	0.34409195258330166	0.0742918227587282	0.0742918227587282	0.03412377466881025
4740000	-102.97828803156052	2.6851662654070143	-105.66345429696754	0.17781141761300137	0.052433042284062106	0.052433042284062106	0.031364300596952936
4750000	-106.42678801857748	2.3050307684493108	-108.7318187870268	0.1774213113762246	0.05159338365975141	0.05159338365975141	0.029475438486334743
4760000	-69.06585048448977	0.20416088844829794	-69.27001137293807	0.7080295610640543	0.10157535428480563	0.10157535428480563	0.030947595315020754
4770000	-92.78492855777341	1.0718977689672786	-93.85682632674069	0.29953329870473533	0.05566982936236342	0.05566982936236342	0.02505362286074913
4780000	-141.0168274434941	1.041175700005898	-142.0580031435	0.0831871923986567	0.038830862521700246	0.038830862521700246	0.03561502620943605
4790000	-134.96083526025285	1.2721151619228572	-136.23295042217572	0.06142359155775689	0.021821756444478483	0.021821756444478483	0.026522698284679416
4800000	-110.64345520604303	2.8038816562402165	-113.44733686228325	0.17407327086589905	0.03508578241119968	0.03508578241119968	0.028786173990801057
4810000	-67.59902513205654	0.8603816200600505	-68.45940675211659	0.6170699546513497	0.05170738266529178	0.05170738266529178	0.019324692401924706
4820000	-109.0040332597634	2.495206280761093	-111.4992395405245	0.14408249711091717	0.041372173302547194	0.041372173302547194	0.029735446326124883
4830000	-108.29220832922654	1.908132175619759	-110.2003405048463	0.25281142648097593	0.04961125163484803	0.04961125163484803	0.02626806945973288
4840000	-87.02974181325428	1.321805682911776	-88.35154749616605	0.366988503573801	0.04825779069227434	0.04825779069227434	0.02229435735964161
4850000	-83.52092225929728	-0.7809520294300533	-82.73997022986723	0.6721756584889225	0.12997903691111903	0.12997903691111903	0.04127402500598891
4860000	-73.63462478727283	0.06811503761084592	-73.70273982488368	0.7339404640582055	0.024453026396749507	0.024453026396749507	0.018090675609245762
4870000	-111.51358550212069	2.4876960370889085	-114.0012815392096	0.11253885503244017	0.016267360771077637	0.016267360771077637	0.01825223064628379
4880000	-93.59249035505658	1.7404712663596698	-95.33296162141626	0.2531115132434439	0.02349002381636212	0.02349002381636212	0.018589419106818102
4890000	-112.22704988628175	0.7293307652806909	-112.95638065156244	0.14501267444793786	0.04090688274847837	0.04090688274847837	0.02659760508950608
4900000	-96.77412955655463	1.7796399848076911	-98.55376954136231	0.42848145664333387	0.11241698261158913	0.11241698261158913	0.04422979206319114
4910000	-137.97186252894664	0.8385715256226276	-138.81043405456927	0.06246373640688668	0.015437830536482703	0.015437830536482703	0.01781938864274964
4920000	-131.0906373453097	2.843640741976057	-133.93427808728575	0.07267672191904663	0.018202588577521453	0.018202588577521453	0.022036895181191687
4930000	-86.73734148965238	0.7022618033090534	-87.43960329296144	0.39353544682299246	0.04005245430160353	0.04005245430160353	0.02006724530625718
4940000	-89.21134616008122	1.6253257325747703	-90.83667189265599	0.47986702033459877	0.09214843091328068	0.09214843091328068	0.04011891852441453
4950000	-78.08272808039342	1.5301550941905404	-79.61288317458397	0.5042210254121952	0.05883325828174858	0.05883325828174858	0.02498494355066874
4960000	-111.17708622378849	2.227280908761378	-113.40436713254987	0.18668753129549637	0.05529354388474543	0.05529354388474543	0.040905608261136386
4970000	-60.77176639375816	-0.5203770917222327	-60.25138930203593	0.9341324937348587	0.08490865501077338	0.08490865501077338	0.0253764147756273
4980000	-65.43294006783434	-1.0576559160789492	-64.3752841517554	0.877384470354166	0.11758034567530143	0.11758034567530143	0.028909110045389694
4990000	-105.36967125334075	2.5470672030177415	-107.9167384563585	0.15227991560514884	0.019048717461250753	0.019048717461250753	0.018705441781658033
5000000	-107.59049674566843	0.9101875277375919	-108.50068427340602	0.16506797634108997	0.04783529449470396	0.04783529449470396	0.02895610237757483
5010000	-115.42154006532307	1.9465200136426422	-117.36806007896571	0.19668821775202347	0.06398266412234674	0.06398266412234674	0.03458845586413571
5020000	-79.39984455290374	1.1411498134108604	-80.5409943663146	0.4651400809658199	0.09296920051177132	0.09296920051177132	0.03527224278480636
5030000	-66.58283512375884	0.09990843317286258	-66.6827435569317	0.7538433135663765	0.0694317944746112	0.0694317944746112	0.02332906848740272
5040000	-85.73512533191536	1.418534947970238	-87.1536602798856	0.4193608337901659	0.07262836303894846	0.07262836303894846	0.030250077834378518
5050000	-127.4295500862148	2.1684613118709217	-129.59801139808573	0.08032034409659576	0.015991382608031266	0.015991382608031266	0.020976789461841377
5060000	-168.62306804273376	1.6515158004654769	-170.27458384319925	0.03098256154820856	0.022178061428287085	0.022178061428287085	0.0393225587487151
5070000	-124.67665583779753	1.482104635089065	-126.15876047288658	0.12189867190355874	0.03721142380913098	0.03721142380913098	0.024640951673662613
5080000	-101.63362805788391	2.2315645644937927	-103.8651926223777	0.18698600001740082	0.05687023070280422	0.05687023070280422	0.03224105292738002
5090000	-108.73111040404541	1.8022016928694087	-110.53331209691481	0.23330951775811137	0.05137066473769948	0.05137066473769948	0.02508865738032956
5100000	-102.71742019109307	2.3726883514177395	-105.0901085425108	0.19859079862965265	0.04642202773502717	0.04642202773502717	0.02832520958736595
5110000	-139.20176748032182	1.0844309878897085	-140.28619846821152	0.06367393677946129	0.023470653034604907	0.023470653034604907	0.02183314726821694
5120000	-81.55322457839893	1.5971250848781589	-83.15034966327708	0.44485055115454863	0.04375337669246131	0.04375337669246131	0.024094752457511907
5130000	-88.69794707910368	0.6427759192696563	-89.34072299837334	0.29009667540165723	0.03144467399351994	0.03144467399351994	0.018793233022852206
5140000	-94.37264969842089	0.9412950457743409	-95.31394474419523	0.2723945117493525	0.04580112593365981	0.04580112593365981	0.026514644803490476
5150000	-75.83837538302147	0.6446512056078707	-76.48302658862934	0.517246082763904	0.07486334051264579	0.07486334051264579	0.027718955263330878
5160000	-88.3043525472417	-0.14417945884251715	-88.16017308839919	0.39483558862532575	0.08784381628046842	0.08784381628046842	0.03534035138498273
5170000	-106.4363414477055	1.3199672600295362	-107.75630870773504	0.20814038581710706	0.05189832689963995	0.05189832689963995	0.03039338126322439
5180000	-113.55315057526984	2.4293727194149897	-115.98252329468482	0.13565669981107778	0.02754148917357704	0.02754148917357704	0.02328968451194614
5190000	-93.97075863694148	0.3903682226656797	-94.36112685960717	0.2548189959509575	0.06441976212932601	0.06441976212932601	0.03404579534733187
5200000	-80.43984260114911	0.6157882765042259	-81.05563087765333	0.47426461243439977	0.03605055255929832	0.03605055255929832	0.019075516333944054
5210000	-107.14009902235932	-0.05900501601884178	-107.08109400634048	0.24402087336898526	0.0556408068376973	0.0556408068376973	0.030779957250885462
5220000	-93.16481526447076	1.8595275711451076	-95.02434283561587	0.36033979126499927	0.03765767013027626	0.03765767013027626	0.019903920721570413
5230000	-83.13191497057778	2.0754142486766085	-85.20732921925439	0.40121629187208546	0.02041921944487334	0.02041921944487334	0.018240075687756034
5240000	-71.8526897300702	1.2879690289526224	-73.14065875902281	0.5076887295125817	0.0715069299162362	0.0715069299162362	0.02869707135691034
5250000	-99.76195932400593	-1.9471278932992142	-97.81483143070672	0.31323728194851835	0.037602838689876544	0.037602838689876544	0.015198956809734952
5260000	-89.97763305315628	1.1050847907688905	-91.08271784392517	0.3209705170644948	0.07310496548188396	0.07310496548188396	0.032386816024919204
5270000	-73.51763191823147	-0.2963379967418245	-73.22129392148965	0.8027432159355598	0.06609152144941043	0.06609152144941043	0.025073995851781147
5280000	-101.64241831935665	-0.3827420420759431	-101.2596762772807	0.21825288927855477	0.04957114041058248	0.04957114041058248	0.027550542958633725
5290000	-84.31170708888953	0.7432698062344688	-85.054976895124	0.4817796140476715	0.0802996050383144	0.0802996050383144	0.026532122411457117
5300000	-110.74192484322329	1.3709426391210173	-112.1128674823443	0.18770479524615166	0.0469295709231155	0.0469295709231155	0.03156244632709925
5310000	-71.52423279725315	-0.43036828260120463	-71.09386451465194	0.8840909823638217	0.1049804881514091	0.1049804881514091	0.025631442166825686
5320000	-91.72620227121742	1.532620164824212	-93.25882243604163	0.32660038293584653	0.035713006645593015	0.035713006645593015	0.01763011659684988
5330000	-128.8019251950128	1.6653062898985658	-130.46723148491137	0.06446152576550045	0.023399571825521607	0.023399571825521607	0.027820970230833696
5340000	-79.8664414921967	0.34291986193091584	-80.20936135412761	0.6148403563023467	0.09030170712418181	0.09030170712418181	0.03096222495758123
5350000	-105.09046266039763	1.6946387469028803	-106.78510140730052	0.24459503212584455	0.0173286508036155	0.0173286508036155	0.015476829078528806
5360000	-92.19647896789756	1.9784719053502706	-94.17495087324784	0.3645278165448256	0.06933493500106043	0.06933493500106043	0.02757202242277773
5370000	-73.24540462458059	0.3105462368481825	-73.55595086142877	0.6091112047947493	0.0563175685867701	0.0563175685867701	0.02126858269366557
5380000	-72.28006450804585	0.5515962183799913	-72.83166072642584	0.5410652712420465	0.04756578889319984	0.04756578889319984	0.023105654574050095
5390000	-110.22513058338295	2.6105043451994145	-112.83563492858237	0.143427694895682	0.054958205585393265	0.054958205585393265	0.0414231228945377
5400000	-102.68042699992094	-0.09380921291353106	-102.58661778700741	0.2869517228191884	0.07229394389470004	0.07229394389470004	0.03188079964285462
5410000	-109.6061940361351	2.7541531314909133	-112.360347167626	0.18305195578135372	0.04575443979962319	0.04575443979962319	0.03272320324232145
5420000	-94.70789465790756	1.4941119243857228	-96.20200658229328	0.2499574330697065	0.03095224875080949	0.03095224875080949	0.024503922127569185
5430000	-153.54050066889755	1.9887926893138625	-155.52929335821142	0.03715689377788317	0.011224476538887985	0.011224476538887985	0.019929037809166647
5440000	-113.54066438298305	2.0472022467330397	-115.58786662971609	0.13706966972316292	0.030543870548909918	0.030543870548909918	0.022475223116729823
5450000	-135.65184292498344	0.3355675953716535	-135.9874105203551	0.09883487628793648	0.04293100873411636	0.04293100873411636	0.03798592073191803
5460000	-111.39415064633715	1.3009271941349607	-112.69507784047211	0.15313586622862468	0.03659988900739981	0.03659988900739981	0.024403606361812366
5470000	-86.3274483920501	1.1539217083146025	-87.4813701003647	0.407100188767384	0.04984530147219411	0.04984530147219411	0.02373520448270992
5480000	-76.6574533240964	-1.9025138186842145	-74.75493950541218	0.5484544310446821	0.06369764997983318	0.06369764997983318	0.02556660180857693
5490000	-74.76844462939445	0.9284267871616523	-75.6968714165561	0.4951675102742967	0.04684227066995004	0.04684227066995004	0.023889673613629942
5500000	-85.31463531829614	-0.8064692249447232	-84.50816609335142	0.40097973981326507	0.05841300928995061	0.05841300928995061	0.027273337341167034
5510000	-108.01006889000196	2.6696527334732347	-110.67972162347519	0.16334755540469031	0.05284964274431581	0.05284964274431581	0.032016604517067594
5520000	-103.6138720142427	2.1332857880697484	-105.74715780231244	0.21404141312730424	0.04922606115022675	0.04922606115022675	0.028229723296368477
5530000	-84.7849993642593	0.3107972437166836	-85.09579660797598	0.5486618487455227	0.099207337065231	0.099207337065231	0.03200079711806194
5540000	-100.62225756620529	0.748969667038621	-101.37122723324391	0.2686014528959586	0.04675157395624435	0.04675157395624435	0.02513920342205723
5550000	-78.95186575262885	0.27736218175560945	-79.22922793438445	0.6184926221470424	0.07709978617233737	0.07709978617233737	0.02510792258997275
5560000	-107.17984262092811	2.257887599981246	-109.43773022090936	0.22679523387028522	0.04558376071481944	0.04558376071481944	0.030256396529642588
5570000	-80.68183145026906	1.6241158156494295	-82.30594726591849	0.45846191831355243	0.104868874308375	0.104868874308375	0.0419317405928089
5580000	-113.24473152346822	0.2148301217312092	-113.45956164519943	0.19826706705307084	0.054762106943023914	0.054762106943023914	0.03378739574944739
5590000	-94.2015635779506	1.141318783875609	-95.3428823618262	0.2954837107185662	0.04572872337621559	0.04572872337621559	0.02348710179925819
5600000	-122.6702970863362	2.8077041073951574	-125.47800119373136	0.10848979131025259	0.03514902899643581	0.03514902899643581	0.0306777994778447
5610000	-136.11690831901274	2.259882020524736	-138.37679033953748	0.05160516427460479	0.02096023086961799	0.02096023086961799	0.029793389646395538
5620000	-124.90721405469677	0.6402176167085347	-125.5474316714053	0.15063109906783645	0.05408326267494272	0.05408326267494272	0.034390397148179916
5630000	-116.49281229846875	2.542554374462612	-119.03536667293136	0.11322088670893912	0.038407773957703284	0.038407773957703284	0.024923473207411926
5640000	-100.58390745700626	1.8773638138785826	-102.46127127088485	0.27632572306526204	0.03847898462760714	0.03847898462760714	0.02279925243975286
5650000	-88.29750204552386	0.963658811203001	-89.26116085672686	0.4229219568618048	0.0443921564073982	0.0443921564073982	0.023927330957207657
5660000	-118.45920714781407	1.9473310963852337	-120.4065382441993	0.11572697787079028	0.037307216096529476	0.037307216096529476	0.030882268642804155
5670000	-115.73173564577398	1.7949665526068652	-117.52670219838085	0.18556708077610728	0.023230056811948164	0.023230056811948164	0.02101694729252098
5680000	-100.10002668250328	0.15313697530948867	-100.25316365781278	0.2600725370931071	0.02131611503129828	0.02131611503129828	0.024387136054264257
5690000	-99.00635114796836	2.19512067801414	-101.2014718259825	0.3092721171977441	0.048241152818480404	0.048241152818480404	0.024571282222175958
5700000	-106.4773544439278	1.239141141150796	-107.71649558507859	0.22686498881748948	0.05084036068742841	0.05084036068742841	0.03128918076957129
5710000	-125.73641361248215	1.7184086027734171	-127.45482221525558	0.09612276368740763	0.030869057544836487	0.030869057544836487	0.024637946996066806
5720000	-85.12064312003409	0.10066751812951091	-85.2213106381636	0.6529255133433071	0.0670651038311431	0.0670651038311431	0.019401609655057644
5730000	-90.05154995479529	-1.1701075352681372	-88.88144241952715	0.5835101701709743	0.11578955652252572	0.11578955652252572	0.03866366648780441
5740000	-120.50965790700324	2.3546931977630243	-122.86435110476627	0.11182654218795103	0.040353907388305583	0.040353907388305583	0.033504858376808014
5750000	-112.7777784853111	2.1346885235859436	-114.91246700889705	0.12661002114980174	0.037527380823287416	0.037527380823287416	0.028801430094746207
5760000	-129.06137967716268	2.7519930952793814	-131.81337277244205	0.08023626628362063	0.04076186250413963	0.04076186250413963	0.038921803120731
5770000	-79.66858609624575	1.0776592792761859	-80.74624537552194	0.40016845095294773	0.03600754521518055	0.03600754521518055	0.020858373395412588
5780000	-109.53953777901081	2.1154773682387065	-111.65501514724951	0.13274870216322948	0.022284998659560636	0.022284998659560636	0.02418936871487697
5790000	-115.08058714757955	2.3945685395870115	-117.47515568716656	0.11777080139122464	0.03469297350848426	0.03469297350848426	0.02287752533152789
5800000	-97.94565056792692	1.554310741777143	-99.49996130970406	0.30602679522734194	0.02878620212707111	0.02878620212707111	0.022879874926352656
5810000	-63.436812431954934	-2.4086033695640157	-61.02820906239092	1.0826325651920778	0.12013763755084278	0.12013763755084278	0.028716069729704155
5820000	-104.22124304314634	0.598122348645652	-104.81936539179199	0.25086489559040437	0.06623637139404892	0.06623637139404892	0.03486698898073349
5830000	-130.6771988256669	1.8512195064850605	-132.52841833215194	0.110978735029417	0.04656362827867598	0.04656362827867598	0.041484931421635333
5840000	-141.53484953146904	1.6849223026504632	-143.21977183411948	0.05314091607039733	0.02098345626475062	0.02098345626475062	0.029689191952084915
5850000	-82.40226676037004	1.9866936120508103	-84.38896037242085	0.3504703126916656	0.07965645733148694	0.07965645733148694	0.03860043737571729
5860000	-76.8063435115767	0.9725000725013461	-77.77884358407805	0.5306514854858503	0.102442684379565	0.102442684379565	0.03703507545297824
5870000	-95.26781252742366	2.0189937082431966	-97.28680623566686	0.2918336121474649	0.050945178224798625	0.050945178224798625	0.024048632661335164
5880000	-109.92153855506767	2.617654378234021	-112.53919293330169	0.1821560382912328	0.03322138189073229	0.03322138189073229	0.024484043565885905
5890000	-67.79856160232089	-0.4524099901096562	-67.34615161221123	0.7542199128991671	0.09027501116082573	0.09027501116082573	0.028544392379914234
5900000	-72.73653831677782	1.0107698455360814	-73.7473081623139	0.5319468971122353	0.054801273202530705	0.054801273202530705	0.02142331030261834
5910000	-87.21289714197358	0.49589676090760804	-87.7087939028812	0.3695115377188545	0.06991307249166964	0.06991307249166964	0.028578375127063446
5920000	-82.96311181165541	1.0090742173500502	-83.97218602900546	0.5049211974846278	0.09621723251141405	0.09621723251141405	0.0319904118738685
5930000	-116.14220107129734	2.455091001187546	-118.59729207248488	0.12349330688698426	0.031148163775247605	0.031148163775247605	0.025897787760538325
5940000	-130.05431285433187	1.4180210423505777	-131.47233389668244	0.1002317863936405	0.03064372903199905	0.03064372903199905	0.0246440963632649
5950000	-123.48556132796452	0.9408517335126083	-124.42641306147712	0.13208308711037556	0.027157595673421662	0.027157595673421662	0.021075006247423114
5960000	-74.0174933903379	-0.4605679698216134	-73.5569254205163	0.5242407887017766	0.06669382253238323	0.06669382253238323	0.027483404582719417
5970000	-70.1366698382234	0.9973287641124841	-71.13399860233588	0.6040777087299705	0.09022583306379532	0.09022583306379532	0.02831663533142197
5980000	-71.06930061920292	-5.760702519319865	-65.30859809988306	1.297425996741839	0.04193111719449758	0.04193111719449758	0.014704590641097874
5990000	-97.32020914983134	1.821157166300626	-99.14136631613196	0.21429753525926087	0.04654923407972655	0.04654923407972655	0.02292277501276508
6000000	-72.63331976920941	0.07722729955515373	-72.71054706876455	0.6631662191961257	0.11918478710425258	0.11918478710425258	0.03481062937571224
6010000	-76.79295283730163	0.7165378841671243	-77.50949072146875	0.517424223277891	0.043391028235009274	0.043391028235009274	0.018972527771809945
6020000	-102.08874875987291	2.415366510736927	-104.50411527060984	0.22590750661584327	0.04289891655846056	0.04289891655846056	0.024987814659101958
6030000	-87.03034174105088	0.5932178243580122	-87.62355956540888	0.29472592681476173	0.06572261766279915	0.06572261766279915	0.03328015237175107
6040000	-83.3916390016349	0.2658362857467743	-83.65747528738167	0.48334284388916815	0.06366841873153369	0.06366841873153369	0.025564944359847276
6050000	-85.57021581959759	1.94111191527603	-87.51132773487362	0.35249920734511064	0.07972821534987251	0.07972821534987251	0.03495644159877206
6060000	-99.62461088517726	1.7869827393555133	-101.41159362453277	0.32885931505912364	0.04878075087049476	0.04878075087049476	0.022186736741651412
6070000	-67.58010647615147	-1.773099812168975	-65.80700666398249	0.8150923571488055	0.10407760101765154	0.10407760101765154	0.03157806422377647
6080000	-118.48043234218339	-0.2458893935737576	-118.23454294860963	0.12692958727762818	0.036899794315708744	0.036899794315708744	0.024438175994928223
6090000	-111.84496421553347	2.559002144913326	-114.40396636044679	0.12982800533912595	0.04527430937176917	0.04527430937176917	0.03180966260390723
6100000	-140.85727267808454	2.486443494969293	-143.34371617305382	0.058710629259498506	0.02905257907807148	0.02905257907807148	0.02821546524518531
6110000	-101.07596559374359	2.207403611054889	-103.28336920479848	0.19765887669593998	0.03931341629418489	0.03931341629418489	0.023618850968930183
6120000	-109.70207870509232	1.5107411550779868	-111.2128198601703	0.193128190970762	0.05066788356375082	0.05066788356375082	0.028226408791947488
6130000	-115.48778243146397	2.423929133138655	-117.91171156460263	0.13468763545992313	0.04694003124743675	0.04694003124743675	0.03166978354165194
6140000	-114.47736974237002	1.0993004180483537	-115.57667016041837	0.15915535347960047	0.04704942285098592	0.04704942285098592	0.026825208355670413
6150000	-108.72609867629939	2.061358284494758	-110.78745696079415	0.1964604865973969	0.03875610988432505	0.03875610988432505	0.02125294335782102
6160000	-159.48551101076538	2.401419024471036	-161.88693003523642	0.027325821145105022	0.012027335531589098	0.012027335531589098	0.019574654095103176
6170000	-145.91085533441844	2.6135750913110556	-148.5244304257295	0.04309420038007987	0.024596508445819787	0.024596508445819787	0.030534647023561116
6180000	-147.6919225665812	1.4614957697228301	-149.15341833630404	0.041316402663211224	0.014269901849007062	0.014269901849007062	0.016857879583242148
6190000	-135.13356600541377	1.2817704105159398	-136.41533641592972	0.046408694839116714	0.01810263414137992	0.01810263414137992	0.02377754454660214
6200000	-147.08909067606913	2.5405751874896225	-149.62966586355876	0.035129863853141	0.01490052920218759	0.01490052920218759	0.025839368162775475
6210000	-146.95151736884932	2.2352402216929885	-149.1867575905423	0.05373763484079059	0.02148308398131624	0.02148308398131624	0.022951326752292566
6220000	-123.27720219292725	1.1387215313001082	-124.41592372422735	0.10117016622094854	0.022291173435266164	0.022291173435266164	0.020647663372680865
6230000	-124.14603414790126	2.6715664959650893	-126.81760064386636	0.08599863323251156	0.01772997779926916	0.01772997779926916	0.02064914095575468
6240000	-100.66637980308576	2.7139110450457133	-103.38029084813148	0.1735545286295539	0.022378548158191756	0.022378548158191756	0.018817353797757494
6250000	-75.23360541689435	-0.22870510999127802	-75.00490030690307	0.5485032245335899	0.05240062952571742	0.05240062952571742	0.02597049057633472
6260000	-77.6274690776788	-0.4094683367643972	-77.2180007409144	0.5324921752968543	0.06736730712720462	0.06736730712720462	0.026462992781569487
6270000	-86.15821992369499	0.9537263519965408	-87.11194627569152	0.39614946993034256	0.04291872135058053	0.04291872135058053	0.021382462164782505
6280000	-80.02933655427083	-0.5289248013687661	-79.50041175290207	0.7267584761105522	0.06572431903986614	0.06572431903986614	0.02630060871385454
6290000	-90.2416353798745	0.7841855884641135	-91.0258209683386	0.41580119471405924	0.05503752486110522	0.05503752486110522	0.022170418939519307
6300000	-61.085789004225944	-4.300510887956474	-56.78527811626947	1.1103630495064194	0.12268138818404031	0.12268138818404031	0.03122454700880535
6310000	-84.38972462693445	2.1199105608635485	-86.509635187798	0.30092391892443365	0.052853345191525784	0.052853345191525784	0.023848754859443128
6320000	-96.75016495089382	2.477711302592678	-99.2278762534865	0.2730177642163121	0.0453546635438087	0.0453546635438087	0.026481720116374178
6330000	-92.90274745596716	0.3356842577140542	-93.23843171368121	0.23453725288521696	0.02555275893789282	0.02555275893789282	0.01938328212961454
6340000	-64.05683149496028	-4.6635456350167095	-59.393285859943575	0.9168728225303381	0.06954355986718906	0.06954355986718906	0.020975966700365806
6350000	-91.22215323684392	0.9731368204145515	-92.19529005725848	0.5020024561082069	0.10053293421690697	0.10053293421690697	0.03276729470608855
6360000	-114.28568691075739	0.9950126496430416	-115.28069956040044	0.14618323947944473	0.04423841634661708	0.04423841634661708	0.02889019277809265
6370000	-72.04733534629963	0.4979939880928085	-72.54532933439243	0.5851350402725308	0.04672084634317094	0.04672084634317094	0.01906349787789342
6380000	-56.230616531301344	-2.5363454151985665	-53.694271116102776	1.2818667389759018	0.06758181879529396	0.06758181879529396	0.02230053395822097
6390000	-101.57037439785223	1.5883524954899735	-103.1587268933422	0.23400463010358874	0.06995291489662987	0.06995291489662987	0.038270943948394004
6400000	-114.2454864633442	2.4391944452890066	-116.68468090863321	0.22173025057569773	0.06816545066200741	0.06816545066200741	0.034549192825771534
6410000	-95.9836379052767	-1.5893439414827415	-94.39429396379396	0.31044374285706466	0.0531458654872552	0.0531458654872552	0.021336301501508753
6420000	-73.00042681081996	-1.42229415256881	-71.57813265825115	0.80285809843229	0.15412196629191366	0.15412196629191366	0.04519318599420184
6430000	-85.83502373029323	0.06015254560702077	-85.89517627590025	0.6707995167725128	0.11470509876216044	0.11470509876216044	0.03405403040861903
6440000	-101.11425164260805	2.547879281391948	-103.662130924	0.24440897677295556	0.0474515146795791	0.0474515146795791	0.02522212698996383
6450000	-97.64944434420306	2.443994697620821	-100.09343904182388	0.2055248174417616	0.0468908659636846	0.0468908659636846	0.0265996599785559
6460000	-93.8904680147749	-1.1864856908382615	-92.70398232393663	0.3321980849363515	0.03701421851274909	0.03701421851274909	0.022008722765597285
6470000	-96.24141807503166	1.7557172572596529	-97.99713533229131	0.3311724206945615	0.056718999785776505	0.056718999785776505	0.02771161513180717
6480000	-97.55185307151133	1.526530705548855	-99.07838377706018	0.32407601718656837	0.07627396942387935	0.07627396942387935	0.0366967263935107
6490000	-90.16203423640893	1.8929186369816389	-92.05495287339056	0.30103157074579423	0.053669995554239375	0.053669995554239375	0.024367159231108375
6500000	-99.82562911621162	1.5317288712128305	-101.35735798742445	0.19566074553629492	0.04661023473793049	0.04661023473793049	0.03068290358233919
6510000	-76.7520103662665	1.4533397866441222	-78.20535015291063	0.43939199560846126	0.04728212229725313	0.04728212229725313	0.02081644811167884
6520000	-76.31459407153815	-1.0725475400710387	-75.24204653146711	0.5031050619267833	0.05132909551959024	0.05132909551959024	0.02596068120357472
6530000	-97.02654289184814	2.446919495216242	-99.47346238706437	0.2194718648133077	0.0458478525928533	0.0458478525928533	0.02737783755590671
6540000	-80.91124935603241	1.0906477838425999	-82.00189713987501	0.5635922049304984	0.048696475935633164	0.048696475935633164	0.01846193519808343
6550000	-108.23737475404249	2.2615171260978704	-110.49889188014036	0.1823099576128265	0.05284746048497621	0.05284746048497621	0.03699167592063246
6560000	-83.83958570206471	1.6440069426415103	-85.48359264470622	0.48018149650430275	0.08892158860167214	0.08892158860167214	0.03462899337729279
6570000	-100.45211312552753	-1.0326676115648876	-99.41944551396264	0.18455346200403205	0.042787222623777446	0.042787222623777446	0.025336462954937834
6580000	-142.22404514429985	2.474970477408484	-144.69901562170833	0.06369469904066208	0.02813031519566405	0.02813031519566405	0.027300109333353622
6590000	-185.29088841741503	-2.212463432060967	-183.07842498535408	0.012686138094668587	0.014602391412681005	0.014602391412681005	0.030228935929703937
6600000	-120.20726255481453	1.0240709855390673	-121.2313335403536	0.14259337559041513	0.04950247564307658	0.04950247564307658	0.03136464518875417
6610000	-130.530689771914	1.4024378419314747	-131.9331276138455	0.08644901388023794	0.02319742330595486	0.02319742330595486	0.021840942802804048
6620000	-113.82777732299618	1.695300225870847	-115.52307754886704	0.13845390750389613	0.030761563454722484	0.030761563454722484	0.0252288415493815
6630000	-100.80670359074225	2.4055639507816426	-103.21226754152389	0.18435725396918518	0.044598830939846804	0.044598830939846804	0.026600114793284266
6640000	-93.43987293726838	2.189053611266496	-95.62892654853488	0.32506286724761335	0.04988092353170927	0.04988092353170927	0.02639159619228166
6650000	-78.11011884286191	1.7519731651466657	-79.86209200800857	0.4535505080410499	0.04356091015369205	0.04356091015369205	0.02260394478424194
6660000	-51.02254520611044	-4.35660181579222	-46.665943390318226	1.7952620692555639	0.12133773619442256	0.12133773619442256	0.022296780897381255
6670000	-43.25317706793771	-7.1923999702284345	-36.06077709770928	2.3270418412744815	0.10990056599446374	0.10990056599446374	0.022774574225997702
6680000	-85.26389844652046	1.751988995791885	-87.01588744231235	0.35776754100028013	0.008171884369771613	0.008171884369771613	0.02539287805793532
6690000	-90.44912184853766	2.5570795037431546	-93.00620135228081	0.23609097612155808	0.03992770204638986	0.03992770204638986	0.02400685830697583
6700000	-72.27667739543766	-0.8784512821941693	-71.3982261132435	0.8079166085446957	0.059577503768298325	0.059577503768298325	0.023428272100335473
6710000	-65.56418039424918	0.5158235340454336	-66.08000392829462	0.7070855096852587	0.05153820554861332	0.05153820554861332	0.01905385417225254
6720000	-70.83571898932585	0.9699429345482757	-71.80566192387413	0.6479010149773612	0.05282945745729166	0.05282945745729166	0.022546848515058938
6730000	-57.283310016829134	-2.1816799941326366	-55.1016300226965	1.2580776973914336	0.08560545370656544	0.08560545370656544	0.026728942034743918
6740000	-59.105309319023945	-8.381650933015205	-50.72365838600874	2.2752258433270427	0.16292954395741305	0.16292954395741305	0.02419540964875945
6750000	-60.56510917607766	-0.6064000634871164	-59.95870911259055	0.8130491975745381	0.05425083813821871	0.05425083813821871	0.019945599619028823
6760000	-74.47443907259438	1.3633366875314215	-75.8377757601258	0.5455034706020838	0.04213809523307401	0.04213809523307401	0.02750522789375898
6770000	-106.7454443593567	-0.6956719225650039	-106.0497724367917	0.22462286360770564	0.05413682813053798	0.05413682813053798	0.03433022405068291
6780000	-125.32513386222834	2.0803687038284973	-127.40550256605684	0.1558793942718777	0.03789007417210151	0.03789007417210151	0.025818036762042557
6790000	-75.43610298721605	1.8106389958552058	-77.24674198307125	0.41421715262130043	0.039237690611623924	0.039237690611623924	0.022315649259067993
6800000	-99.3549503421139	0.9099160963055701	-100.26486643841946	0.21667884130255183	0.009366744028076418	0.009366744028076418	0.01568816256876233
6810000	-69.90170485333924	-0.25219638321261384	-69.64950847012662	0.8413637323405886	0.14175489909141184	0.14175489909141184	0.04124031327012673
6820000	-83.29878523602856	0.5887873838812546	-83.88757261990982	0.48814698178944066	0.08350896960811885	0.08350896960811885	0.04081992475213095
6830000	-82.9218496352811	-2.1257004459680324	-80.79614918931307	0.38067466649958936	0.04513876762997075	0.04513876762997075	0.016622933215334916
6840000	-69.05855613679506	0.11029844956297197	-69.16885458635804	0.6456771436525944	0.04975981032892472	0.04975981032892472	0.01967117708146145
6850000	-91.03878867373456	0.9773178638465873	-92.01610653758115	0.31710240269327467	0.05096159568974338	0.05096159568974338	0.02546342214151004
6860000	-90.97824991643911	1.7693973886281522	-92.74764730506726	0.27960045444101916	0.057750209748916335	0.057750209748916335	0.030363411877675335
6870000	-67.72916221839026	0.16979533213000464	-67.89895755052027	0.6822232129232324	0.04438266045118405	0.04438266045118405	0.020007779664461534
6880000	-65.33242532366506	0.14694752200248362	-65.47937284566754	0.7313899751327984	0.0809633316995533	0.0809633316995533	0.023448240229993755
6890000	-106.92650136213464	1.7226142560309974	-108.64911561816564	0.2506512097548827	0.037442820660889324	0.037442820660889324	0.02772063384511298
6900000	-129.73368713348802	0.5173802957079392	-130.25106742919596	0.09285561249369885	0.03827532365871239	0.03827532365871239	0.0312575686229431
6910000	-124.94127028686758	1.3921387930580376	-126.33340907992562	0.14556856797172496	0.08020351751711527	0.08020351751711527	0.06491330680157364
6920000	-119.42145999557017	2.4927682805843623	-121.91422827615453	0.11471742093709944	0.025751673447187384	0.025751673447187384	0.02783004798588958
6930000	-70.16771431839416	-0.5616101459930046	-69.60610417240116	0.7211200557834136	0.09869534530685331	0.09869534530685331	0.029308479161381414
6940000	-79.33236305926934	1.4130555532029465	-80.74541861247229	0.5583494291061891	0.0754168030600285	0.0754168030600285	0.028462689331451303
6950000	-91.80277640387176	1.1715623833764148	-92.97433878724817	0.4528447491246123	0.09143266630135734	0.09143266630135734	0.035031044515173956
6960000	-122.60201094473292	1.686519603996203	-124.28853054872913	0.08989374965393354	0.039886217205386494	0.039886217205386494	0.03408502438685315
6970000	-101.15494042820157	2.0700346812783015	-103.22497510947987	0.2543293258198801	0.05224737861683213	0.05224737861683213	0.023386118019482392
6980000	-100.58801014589817	1.3843223349922833	-101.97233248089044	0.23876369403701636	0.07150927732439022	0.07150927732439022	0.03821481552604041
6990000	-83.61389009494133	1.309000829812162	-84.92289092475349	0.460152787803291	0.05739663116725958	0.05739663116725958	0.018391898183807036
7000000	-71.67612616317005	1.3085007951556178	-72.98462695832568	0.5441783874067028	0.055465049654272465	0.055465049654272465	0.02413732096116187
7010000	-101.1301225398263	2.03553155143155	-103.16565409125785	0.18170587928892012	0.05671245133370172	0.05671245133370172	0.03197271015840018
7020000	-86.51290088161728	2.2390472503263137	-88.75194813194359	0.32708626056082907	0.056890445661525006	0.056890445661525006	0.0325259416778843
7030000	-111.99108803794189	1.4554363880843413	-113.44652442602623	0.11679613149325896	0.031042203897552415	0.031042203897552415	0.02503838990064751
7040000	-94.3761638813293	2.122810744918674	-96.49897462624799	0.3393075630025483	0.06486762809701968	0.06486762809701968	0.03272628958728289
7050000	-126.82461275818935	2.5768709862431036	-129.40148374443245	0.10024528805478806	0.02913493187072964	0.02913493187072964	0.0304643141031554
7060000	-103.8871219120488	2.2181342259726042	-106.1052561380214	0.17439609715138932	0.02025292820294733	0.02025292820294733	0.020154209013113517
7070000	-74.94026796018849	0.5537512019812197	-75.4940191621697	0.4897272422838059	0.0708420312632526	0.0708420312632526	0.028279204171096403
7080000	-99.83843988653936	1.2291069376523143	-101.06754682419168	0.19005511140225864	0.04854272564056765	0.04854272564056765	0.02576699786115008
7090000	-102.51038402261557	-1.809860570442563	-100.700523452173	0.21013636694992474	0.036473699816324714	0.036473699816324714	0.027209985645281987
7100000	-131.99683977698	2.258041835409749	-134.25488161238977	0.11109393114541397	0.048297617168279745	0.048297617168279745	0.04355680658444518
7110000	-152.54939723295354	1.5079479045847126	-154.05734513753825	0.04664947961574454	0.025501893310304842	0.025501893310304842	0.028087054836210774
7120000	-154.32985330964496	1.9834372816781922	-156.31329059132315	0.03642613192257487	0.015684563780751466	0.015684563780751466	0.02799242623663401
7130000	-163.49178546006274	2.380061827898587	-165.87184728796134	0.023285860523025143	0.026029384292016403	0.026029384292016403	0.0492420299143544
7140000	-124.55355177065799	-0.5775165215197418	-123.97603524913825	0.10494262300055444	0.030270539369479682	0.030270539369479682	0.02757661095110249
7150000	-108.29629478123393	2.0721055662694847	-110.36840034750341	0.14459173255282382	0.03385151540591715	0.03385151540591715	0.022582731575248947
7160000	-143.19793674400404	-0.816702961635531	-142.3812337823685	0.06379120447100219	0.031040795860821133	0.031040795860821133	0.03371530774674211
7170000	-70.12519007474062	0.6093819144193301	-70.73457198915995	0.5869222889014754	0.07450302078890415	0.07450302078890415	0.02768415323987187
7180000	-96.47991797886971	1.3696619071952258	-97.84957988606493	0.20051715227880557	0.023190893914032916	0.023190893914032916	0.02057441173328038
7190000	-102.02693726200916	1.1250731086320798	-103.15201037064124	0.2122398819136426	0.05603131676202523	0.05603131676202523	0.03259342866743399
7200000	-80.70984897038448	1.2147228830484211	-81.92457185343291	0.4921518302729826	0.1082307021075435	0.1082307021075435	0.04485085623071659
7210000	-97.57931123930133	2.1026567542452854	-99.68196799354662	0.20732300347524152	0.04109489510711595	0.04109489510711595	0.02573271395238652
7220000	-88.36147984276097	1.5344154181211604	-89.89589526088213	0.3842200729528275	0.05453888524719638	0.05453888524719638	0.02616683942244762
7230000	-107.65587347968261	1.359299002301742	-109.01517248198435	0.2524233477402217	0.05061340733364664	0.05061340733364664	0.03424369009597025
7240000	-68.43205843627975	-0.39886637701617944	-68.03319205926357	0.8216752920980301	0.10146528767864207	0.10146528767864207	0.025572991466916092
7250000	-92.92389156603487	2.589291125634864	-95.51318269166973	0.26474815075311675	0.03028499245412431	0.03028499245412431	0.024665646507258027
7260000	-82.61538473159405	-0.27652868075961967	-82.33885605083442	0.4436908318027229	0.05881772749864122	0.05881772749864122	0.025463131120208742
7270000	-99.01379104219625	2.1618455641426344	-101.17563660633888	0.28496549443702884	0.06220410128044115	0.06220410128044115	0.03148147196639937
7280000	-114.24298217684843	2.136133938513371	-116.3791161153618	0.12191624412598441	0.029251372672326678	0.029251372672326678	0.022407138864579297
7290000	-92.84597041342239	0.7563595712975647	-93.60232998471996	0.43433804132626797	0.1169151276733077	0.1169151276733077	0.045338267059651834
7300000	-79.4068939141346	0.804662870615944	-80.21155678475054	0.6398969802526441	0.09426572883288091	0.09426572883288091	0.03067780061046995
7310000	-114.5870440380896	1.2730798920296653	-115.86012393011927	0.15687917374991106	0.033241935313610714	0.033241935313610714	0.022032234555680687
7320000	-75.46250877702737	-0.3389248373747439	-75.12358393965262	0.6849327588464658	0.07242335613856808	0.07242335613856808	0.02444925964732959
7330000	-77.84048291062258	1.6825686885729962	-79.52305159919558	0.470499950964434	0.07016622998194885	0.07016622998194885	0.025302133871384077
7340000	-102.5386190219271	2.415516473202917	-104.95413549513002	0.2044682835718546	0.039751938046369215	0.039751938046369215	0.028628187523843808
7350000	-129.5752776264103	1.8763255168776802	-131.45160314328797	0.07659150488244883	0.011677597461422325	0.011677597461422325	0.01779305376941687
7360000	-94.69398496937073	0.6710029021007143	-95.36498787147144	0.30122675518669995	0.06676624276725783	0.06676624276725783	0.02835343568010672
7370000	-98.86186320299409	1.0006599290408342	-99.86252313203492	0.2194735632574248	0.0365867054592051	0.0365867054592051	0.026583272964796945
7380000	-99.59849076595447	1.1146699825258048	-100.71316074848028	0.28354610092758414	0.05736143730152924	0.05736143730152924	0.027176195667616032
7390000	-69.5272019661626	1.0479574906451927	-70.57515945680778	0.6443748065596604	0.05386521879499837	0.05386521879499837	0.023482008714358835
7400000	-59.8141926902984	-1.0303849965442167	-58.783807693754184	1.0636548178719798	0.08599553091330499	0.08599553091330499	0.029306309267377775
7410000	-64.23546137240939	-0.5962572033102177	-63.63920416909917	0.8443559097187789	0.07169745298777334	0.07169745298777334	0.021334794958863174
7420000	-76.44703535407274	0.3237876504622972	-76.77082300453503	0.5878654742276218	0.08497936068996523	0.08497936068996523	0.02954587544164569
7430000	-94.59532050421096	2.288966638569937	-96.88428714278089	0.3247167720303619	0.07879212882712117	0.07879212882712117	0.03894407065418992
7440000	-77.65271678761621	0.7030238042193991	-78.35574059183561	0.5178618678113356	0.08006010702911365	0.08006010702911365	0.030942638026665536
7450000	-73.09906253864835	1.0961106892919128	-74.19517322794027	0.6070689713466415	0.050154189086610935	0.050154189086610935	0.027439735192167063
7460000	-65.52458801473067	-0.6853010673546279	-64.83928694737604	0.982665002870986	0.0883645809778446	0.0883645809778446	0.019685098958009368
7470000	-71.91087244984254	0.9819631290039775	-72.89283557884652	0.5927667010941567	0.055015787974961206	0.055015787974961206	0.02336794861427535
7480000	-102.0263682670135	1.2643584073637517	-103.29072667437725	0.20781111653234285	0.056031140810619384	0.056031140810619384	0.04241689371931951
7490000	-90.84567597060996	0.918558976149802	-91.76423494675976	0.34617557117632686	0.05258314532612837	0.05258314532612837	0.02693319776779802
7500000	-119.4512157862236	2.7468604907513714	-122.19807627697497	0.1892481512808327	0.028985411183861293	0.028985411183861293	0.02481175452657054
7510000	-119.53868093727623	2.4855461557126093	-122.02422709298884	0.14505732931789828	0.04896960313504401	0.04896960313504401	0.029385153684157214
7520000	-115.29769687850633	2.369816158039125	-117.66751303654546	0.13510920173550955	0.05034163339412519	0.05034163339412519	0.03476416590701925
7530000	-116.40419328865275	1.9671940561098058	-118.37138734476255	0.14893303347872963	0.03344469223747598	0.03344469223747598	0.02468161844070261
7540000	-128.24908624054336	2.7864182574494083	-131.03550449799278	0.06509564851191965	0.02293427183072146	0.02293427183072146	0.025183765142665272
7550000	-100.66010347291059	0.9093967718370436	-101.56950024474763	0.27743144684359833	0.05801866812248797	0.05801866812248797	0.028236581646290452
7560000	-66.72749825163831	-0.9992804786828297	-65.72821777295547	0.9151265908999611	0.1250690844172891	0.1250690844172891	0.034196459534667864
7570000	-59.0994423614512	0.27155138610279295	-59.370993747553996	0.8045680727018321	0.057580157840627595	0.057580157840627595	0.021940364880763705
7580000	-89.06684286454525	-0.6368076048499205	-88.43003525969533	0.44239367669403057	0.04665220929449497	0.04665220929449497	0.028494380364835904
7590000	-114.20632183410221	2.0894276614820284	-116.29574949558425	0.12952675441044434	0.03325104101712685	0.03325104101712685	0.022809808367685203
7600000	-90.72887218980064	2.29046984351305	-93.01934203331369	0.33182795470518633	0.056409699701255755	0.056409699701255755	0.026414120388885257
7610000	-106.26674266858146	2.1466856996594466	-108.4134283682409	0.19933921932118528	0.023566507404691846	0.023566507404691846	0.014844497558443127
7620000	-87.26376411887853	2.0842632710417215	-89.34802738992025	0.38031985279060737	0.02198904959796328	0.02198904959796328	0.020637761816292552
7630000	-76.46756565652748	1.8359859961402314	-78.30355165266772	0.47465192537183626	0.034672745880065	0.034672745880065	0.022114864297083852
7640000	-82.08495994895753	1.1981002496690047	-83.28306019862654	0.41171854208508485	0.062388316814555554	0.062388316814555554	0.024796169486980997
7650000	-102.45409917396205	-0.9708933047396093	-101.48320586922245	0.1808260396830537	0.037768236635552475	0.037768236635552475	0.022975940116983312
7660000	-103.78858045079234	0.9555941261607898	-104.74417457695313	0.3164397096645356	0.08405670118258618	0.08405670118258618	0.04471271687609937
7670000	-103.15565950849717	2.667455860461594	-105.82311536895875	0.1907393036167986	0.049947674307189556	0.049947674307189556	0.03192618990843617
7680000	-74.98143919847382	1.3604047603471625	-76.34184395882099	0.46794475880275493	0.06852743996923422	0.06852743996923422	0.026598383871552684
7690000	-74.90949217662376	1.24230167231303	-76.15179384893679	0.5895655581376089	0.054017946619025106	0.054017946619025106	0.019969715279321405
7700000	-77.78705281872092	-0.1417041034991735	-77.64534871522174	0.4666611669249942	0.061954548178924346	0.061954548178924346	0.02732273029085298
7710000	-67.10984115873835	-1.001386753109887	-66.10845440562846	0.7542184386721856	0.06962256471034382	0.06962256471034382	0.016296106853370438
7720000	-88.4624702557117	1.2689552718006225	-89.73142552751231	0.4040475450310644	0.058096568075014655	0.058096568075014655	0.024474726422954583
7730000	-117.77430701382933	2.4970796132280944	-120.27138662705742	0.10974116927314854	0.03595311230180628	0.03595311230180628	0.03110683562046159
7740000	-90.54462081493757	0.4967217566836971	-91.04134257162127	0.42077145009051686	0.06045384925357049	0.06045384925357049	0.024867577330845846
7750000	-78.4701773499112	1.976505464637429	-80.44668281454862	0.39861621847798473	0.04627310311028929	0.04627310311028929	0.022121083476723914
7760000	-100.80445204040183	2.1587044192116185	-102.96315645961344	0.21781204821426645	0.04909777288357399	0.04909777288357399	0.02519128237860529
7770000	-109.97476741051273	1.1825386187779485	-111.15730602929068	0.15338883412030868	0.05686129616172624	0.05686129616172624	0.03306357174257381
7780000	-120.00650387232056	1.8638315261527336	-121.8703353984733	0.13064993216785586	0.016228077225807994	0.016228077225807994	0.01891353682382532
7790000	-67.60969878496246	0.49025914301343343	-68.0999579279759	0.7033665450362611	0.08142533768831366	0.08142533768831366	0.024700107155622535
7800000	-80.24576481770383	0.4866506540425314	-80.73241547174636	0.4825406063439932	0.06335542350844671	0.06335542350844671	0.027271441060034648
7810000	-85.04928378331759	1.7239272246597914	-86.77321100797738	0.4815093494478455	0.04320379460473453	0.04320379460473453	0.022067680815958945
7820000	-72.34969423610627	-0.9042268708482613	-71.44546736525801	0.982660435786574	0.07088990671531012	0.07088990671531012	0.019339522367456022
7830000	-107.16462776377816	2.3646886619008454	-109.529316425679	0.225014113160105	0.051401021106347235	0.051401021106347235	0.027598981643074023
7840000	-91.99820611093952	1.3400685950982356	-93.33827470603775	0.22167305336164586	0.05297704770680852	0.05297704770680852	0.031543209643081244
7850000	-95.92738712319577	2.446690769370051	-98.37407789256582	0.24357325010364791	0.04900161916514617	0.04900161916514617	0.026166924739962086
7860000	-97.68232286329507	1.760770401394967	-99.44309326469003	0.2718970010213099	0.03849093319099484	0.03849093319099484	0.016563677144565355
7870000	-90.32144093187814	0.2098563007599501	-90.5312972326381	0.3414746732753148	0.04653509732277261	0.04653509732277261	0.020486062153678652
7880000	-77.34487767401512	0.2085043190948953	-77.55338199311002	0.643241176585182	0.07017264936037525	0.07017264936037525	0.02670482098437248
7890000	-111.62045724119734	1.9483546011116222	-113.56881184230896	0.12853556445868486	0.030694386984012972	0.030694386984012972	0.021172250575143207
7900000	-103.5586778679713	2.6120948545623457	-106.17077272253364	0.1849942820115578	0.03138454742049645	0.03138454742049645	0.019021796770145434
7910000	-133.53580000602747	2.537527957443656	-136.07332796347112	0.061836177339766825	0.01752104867596012	0.01752104867596012	0.022024591631531743
7920000	-116.24658251024776	2.7467268891492953	-118.99330939939706	0.17611808906182352	0.0645045107505094	0.0645045107505094	0.04677656970442784
7930000	-165.15977499822034	0.7198632099364564	-165.8796382081568	0.0238988395695445	0.020059421429781826	0.020059421429781826	0.03169071550635835
7940000	-112.95482391309207	1.3287739955188083	-114.28359790861087	0.18279603842317171	0.05270399754513647	0.05270399754513647	0.030540160440135668
7950000	-99.97356482331391	1.5251317797212929	-101.4986966030352	0.26190547544514003	0.04994382224995099	0.04994382224995099	0.026638201342549055
7960000	-84.35501138851764	1.3338185040579846	-85.68882989257563	0.593086218083625	0.04429388856026445	0.04429388856026445	0.024097203817190334
7970000	-102.48098786750856	2.4999666228146364	-104.9809544903232	0.14856608625427847	0.03873701041193328	0.03873701041193328	0.02760881090303683
7980000	-98.00444056716758	1.0258050563399936	-99.03024562350757	0.33313985661264534	0.029627704153551516	0.029627704153551516	0.018789387917951837
7990000	-106.08269703881443	-0.045838138409027174	-106.0368589004054	0.21265911223247552	0.030099021232868124	0.030099021232868124	0.021767645688727452
8000000	-108.45291233052222	2.1445388746173157	-110.59745120513954	0.17556759738581468	0.052013118188713625	0.052013118188713625	0.035308209582424345
8010000	-95.844901745708	1.797375310386895	-97.6422770560949	0.29064776763222017	0.06297085590597087	0.06297085590597087	0.03097467113702342
8020000	-67.4769433057469	-0.13202900697503106	-67.34491429877187	0.7903292502672001	0.06585947085100934	0.06585947085100934	0.02148930145657297
8030000	-99.13601663693036	0.6710552423204401	-99.8070718792508	0.2620382899445035	0.04212289482955105	0.04212289482955105	0.0235456925342671
8040000	-95.4903645913874	1.4507303268930212	-96.94109491828043	0.21665881606799817	0.01231309591713269	0.01231309591713269	0.013683936050168542
8050000	-69.65857878215111	-0.8381819312066582	-68.82039685094445	0.7647341433278757	0.11556131867873397	0.11556131867873397	0.030909126982206887
8060000	-68.79017496016317	1.0707517204392658	-69.86092668060243	0.6100629564900181	0.08118106953809706	0.08118106953809706	0.0251154223150587
8070000	-86.90473216662872	-1.3043073070994908	-85.60042485952923	0.44629274505412714	0.053969584715522635	0.053969584715522635	0.0257763460005197
8080000	-87.07635953669148	2.115784857480477	-89.19214439417196	0.40883942530099937	0.04994830213465312	0.04994830213465312	0.02745807934183305
8090000	-92.93344938606552	1.7779999349511262	-94.71144932101664	0.35290044622844935	0.05730383165075072	0.05730383165075072	0.029063482138133628
8100000	-60.90896073725495	-0.6784413651263984	-60.230519372128555	1.033204902930721	0.10616474879339124	0.10616474879339124	0.027785190911360457
8110000	-69.16446448194117	0.1861584382968603	-69.35062292023802	0.7683190214631485	0.053470050422323834	0.053470050422323834	0.025131676297720982
8120000	-97.08917943167664	1.898452224402035	-98.98763165607868	0.34951649770833004	0.048606090609893605	0.048606090609893605	0.0312880911381071
8130000	-98.98500776697163	1.9698011918410288	-100.95480895881266	0.2782097122377963	0.08183730118130292	0.08183730118130292	0.04294455055604149
8140000	-113.52721701001053	0.680450478201152	-114.20766748821168	0.1577310981548202	0.04437146748833211	0.04437146748833211	0.025414692216768363
8150000	-106.08559254781026	1.3354682376421332	-107.4210607854524	0.19106334571014538	0.02704428206198736	0.02704428206198736	0.028926694035573713
8160000	-89.08192135726574	1.8838523801747096	-90.96577373744046	0.4469281552809074	0.03913118898104546	0.03913118898104546	0.02174023475873065
8170000	-53.069677400475165	-0.6162826319185856	-52.45339476855658	0.9841460931138959	0.05624504375473329	0.05624504375473329	0.017974679358724814
8180000	-83.07748789004323	0.821642119340486	-83.89913000938371	0.5601966040906827	0.05131471086796192	0.05131471086796192	0.02026690141121578
8190000	-95.87054847184591	1.9279510444663392	-97.79849951631225	0.2030722354587071	0.03173700479801841	0.03173700479801841	0.02167686926386459
8200000	-95.3624529101757	1.9619690707498547	-97.32442198092556	0.18726514589764626	0.027095648137498405	0.027095648137498405	0.016684606727984507
8210000	-88.33187100904318	2.1723535961519285	-90.5042246051951	0.3188690587547394	0.05856930102016059	0.05856930102016059	0.02765276479480662
8220000	-91.55366054403368	1.4126248016809937	-92.96628534571467	0.3181435653811703	0.03634414853825627	0.03634414853825627	0.024538841110765715
8230000	-87.83451299898677	0.2571514051073397	-88.0916644040941	0.46157957547572903	0.10234549420236315	0.10234549420236315	0.04151452241049719
8240000	-98.65586551419393	2.432828187069782	-101.08869370126372	0.27784976429275193	0.0324690401365485	0.0324690401365485	0.0208662099897118
8250000	-105.6514576904434	-0.11388235630118393	-105.5375753341422	0.24292633999251645	0.051779351377075275	0.051779351377075275	0.03251289277520222
8260000	-96.812973390637	2.367799627208935	-99.18077301784594	0.29121350524240197	0.043595645137909776	0.043595645137909776	0.0212650366618653
8270000	-106.8040974394612	2.4173612045201334	-109.22145864398134	0.22267282315863857	0.08555259553302147	0.08555259553302147	0.047580353554266576
8280000	-110.20612368637953	2.636842980787854	-112.84296666716739	0.1440593968782051	0.03649617759916653	0.03649617759916653	0.02652527992930058
8290000	-83.37407791056386	1.2138517198590022	-84.58792963042286	0.5317813016480792	0.07395994117802987	0.07395994117802987	0.03109897089190826
8300000	-81.23090625516728	1.0785907450094183	-82.3094970001767	0.5151091856029925	0.05839086495873151	0.05839086495873151	0.02824913846069806
8310000	-91.15095026777644	0.8185295247198844	-91.96947979249632	0.5268117303887743	0.07076760276074001	0.07076760276074001	0.028723648667937605
8320000	-77.28450038373649	-0.9852603014026	-76.29924008233388	0.694087434624584	0.08892975953209567	0.08892975953209567	0.02861291363687488
8330000	-121.38746262287337	1.4275138516151724	-122.81497647448855	0.14892124446492885	0.02561802912330412	0.02561802912330412	0.01763090554399977
8340000	-76.19381079481431	0.6644188846396801	-76.85822967945398	0.5067615730629503	0.087327245053644	0.087327245053644	0.028513606926036897
8350000	-84.97815846335338	1.707967757219734	-86.68612622057312	0.41091211677500156	0.07072061316769852	0.07072061316769852	0.03442252383373513
8360000	-69.17588088063631	0.8216268871952246	-69.99750776783154	0.6169194756157658	0.07239860749828729	0.07239860749828729	0.023043023422973652
8370000	-79.59423147603044	1.2453738409759794	-80.83960531700643	0.5048539168059735	0.03082734143980268	0.03082734143980268	0.016904806963375967
8380000	-104.95852798972032	-2.3742868775561594	-102.58424111216416	0.20979610986842237	0.03603344004446981	0.03603344004446981	0.0270920135428123
8390000	-92.34745800001113	-0.010212572065823378	-92.3372454279453	0.5858897061315209	0.08130487154504192	0.08130487154504192	0.03257125373444324
8400000	-83.12194710849207	1.618198406557974	-84.74014551505005	0.5100159698287206	0.07502122484024484	0.07502122484024484	0.028311840512977103
8410000	-86.28439369543577	1.4824777772608342	-87.76687147269661	0.3398354108175577	0.07188815425018015	0.07188815425018015	0.0316498646035889
8420000	-75.27774509192453	1.080986769717538	-76.35873186164207	0.5384476163305683	0.05803005750702916	0.05803005750702916	0.02735409287594282
8430000	-91.18058153513402	2.2517562943761527	-93.43233782951017	0.2550089758820925	0.024684817071656973	0.024684817071656973	0.01807919100979509
8440000	-77.62704819477929	0.7316697612178031	-78.3587179559971	0.6658691428758793	0.05877101949094453	0.05877101949094453	0.019393531171405576
8450000	-95.60779585327319	-1.4952894345640626	-94.11250641870913	0.4009711628231897	0.08098289679308963	0.08098289679308963	0.026447943187209517
8460000	-103.00530499112553	2.672925564412628	-105.67823055553815	0.19260093331063768	0.050906529294951756	0.050906529294951756	0.0326083086874468
8470000	-105.26400621475263	2.0560900176494235	-107.32009623240205	0.20869335036295608	0.03623753963026144	0.03623753963026144	0.018987096586816604
8480000	-78.13747990700043	1.4815155197385081	-79.61899542673893	0.4423036142242366	0.07526401375100969	0.07526401375100969	0.02830918924810241
8490000	-86.30488660987449	1.2903982874358801	-87.59528489731036	0.271294445451755	0.041124649021611864	0.041124649021611864	0.019376547313706704
8500000	-78.46942678532744	1.122253391987606	-79.59168017731506	0.4657771430165116	0.04963249966449866	0.04963249966449866	0.023289690336306488
8510000	-76.95894096170535	1.6029267551946387	-78.5618677169	0.4774041461837887	0.054803777243368025	0.054803777243368025	0.025601166373860472
8520000	-96.96146766655151	1.0741061572613062	-98.03557382381283	0.39422721367916186	0.09372151592590196	0.09372151592590196	0.03319015975839549
8530000	-90.33972856305529	2.2308297118789824	-92.57055827493427	0.2962294490385089	0.03252426875642462	0.03252426875642462	0.019267554074244592
8540000	-120.11686235756162	1.2718746807319037	-121.38873703829351	0.15156435945589097	0.04928645880921011	0.04928645880921011	0.039582947197318474
8550000	-71.24089696383656	0.506451113690863	-71.74734807752742	0.5600938669545016	0.04966851956076966	0.04966851956076966	0.022776429639041022
8560000	-104.57103193556523	2.3314746736247796	-106.90250660919001	0.212606667986657	0.06244672221273283	0.06244672221273283	0.031841134309119244
8570000	-69.94647317018118	0.22649967534929638	-70.17297284553048	0.7654789923601195	0.0584509701710343	0.0584509701710343	0.019124396290861358
8580000	-82.45963022174297	1.3885454270797655	-83.84817564882273	0.4459363160851828	0.06287801861253554	0.06287801861253554	0.025239065059668084
8590000	-101.3792383305759	1.5598146130977972	-102.9390529436737	0.29777091691718355	0.10507429626648908	0.10507429626648908	0.05481335513862167
8600000	-97.60288251981223	1.4233278960461504	-99.02621041585837	0.33977955867110365	0.08581739067861296	0.08581739067861296	0.038168660961879444
8610000	-117.8944565905059	2.668868983920402	-120.5633255744263	0.15043965538504098	0.03045835856352231	0.03045835856352231	0.019220532504541313
8620000	-99.03957363323286	2.1643358756126823	-101.20390950884554	0.23452957428331453	0.05426208162962435	0.05426208162962435	0.03125231546392136
8630000	-136.17593589963963	1.792754461223224	-137.96869036086284	0.05884856331529425	0.010564114118987309	0.010564114118987309	0.019440857415351134
8640000	-148.76556164873443	2.085095211532631	-150.85065686026707	0.04622664614385697	0.02932130150301319	0.02932130150301319	0.03153207622162741
8650000	-152.8657635083543	0.20019741684153125	-153.0659609251958	0.035699669721212426	0.024152446337894273	0.024152446337894273	0.02991454669028294
8660000	-157.1865305821498	1.7765171163678555	-158.96304769851764	0.029168200560727477	0.007136204232709704	0.007136204232709704	0.015524183443996285
8670000	-155.22195547527377	2.342064577856137	-157.56402005312992	0.042572804652745225	0.03188474949057966	0.03188474949057966	0.038682799895287945
8680000	-110.42944904497293	0.9799924992785574	-111.40944154425148	0.13204417391249484	0.04411159851486776	0.04411159851486776	0.036502324603066086
8690000	-107.55021335981021	1.109931748103762	-108.66014510791398	0.18377908857827807	0.02871010687857367	0.02871010687857367	0.015521916292206568
8700000	-77.78205606629908	-0.27749896687184894	-77.50455709942723	0.6038792903573279	0.0477323891494384	0.0477323891494384	0.02626034091704786
8710000	-50.96406229323634	-3.200927748538803	-47.763134544697536	1.6174859089628033	0.09307897540887253	0.09307897540887253	0.028367953092018165
8720000	-78.91073405344689	0.36021644053011814	-79.27095049397701	0.5386458598070613	0.05557535514761093	0.05557535514761093	0.02388353322667241
8730000	-67.61017227316873	-1.3278693643832398	-66.2823029087855	0.8604258917687173	0.05195793769971139	0.05195793769971139	0.017469358949748194
8740000	-85.2226064955623	0.7889485057213524	-86.01155500128365	0.3594268027082765	0.048210137076239085	0.048210137076239085	0.028161244921115103
8750000	-79.5228871573006	1.6739147432787127	-81.19680190057932	0.4790222603858939	0.03740742826594286	0.03740742826594286	0.017138632589395176
8760000	-74.6978458504556	0.5066456630018655	-75.20449151345746	0.6393552063493845	0.06441424201954729	0.06441424201954729	0.023341332264821137
8770000	-106.21278916815774	1.263793882990515	-107.47658305114825	0.16883620019502918	0.04532674902684228	0.04532674902684228	0.028799512775743004
8780000	-114.10297514733624	2.521620623424529	-116.62459577076076	0.14870983126218182	0.023151054784129047	0.023151054784129047	0.020305041246980078
8790000	-80.895114572793	0.3486757620129549	-81.24379033480596	0.5339089680378062	0.11552664773471481	0.11552664773471481	0.041554772960745834
8800000	-71.68281737770899	1.6141688387659112	-73.29698621647489	0.45986448668992425	0.060904768327719294	0.060904768327719294	0.025576813638824004
8810000	-75.87634015104891	0.44496710814305895	-76.32130725919197	0.6669681149518316	0.0648629514665754	0.0648629514665754	0.023456140478310156
8820000	-134.67032479078134	2.0707854301458997	-136.74111022092723	0.07908753838196347	0.018345723884975927	0.018345723884975927	0.021487380296240807
8830000	-107.6452058125665	0.9469056131963485	-108.59211142576285	0.18538264042439476	0.03210162420089688	0.03210162420089688	0.01954303804391684
8840000	-113.01170491610468	1.9588614072416526	-114.97056632334633	0.12261518194156489	0.03191387516043998	0.03191387516043998	0.02219234639304078
8850000	-70.19661642936119	0.7790770267180324	-70.97569345607921	0.6978594312811883	0.06802389503350717	0.06802389503350717	0.02136081313398793
8860000	-94.1182548182731	1.911635257532351	-96.02989007580545	0.30399695374107755	0.07091678484262565	0.07091678484262565	0.030753320434427273
8870000	-80.03019895754146	-0.46955604958155917	-79.5606429079599	0.4825341321780479	0.04942837960166816	0.04942837960166816	0.025211553023845347
8880000	-111.71959299161351	2.747939688436399	-114.46753268004991	0.1311174547377327	0.03966425511649603	0.03966425511649603	0.029429787547070853
8890000	-106.42932453959283	2.1158484855828728	-108.5451730251757	0.14712257917000343	0.03189710010566564	0.03189710010566564	0.023404082608872223
8900000	-128.52454084671982	2.0922830212721566	-130.61682386799197	0.08910605934759547	0.029449935351364802	0.029449935351364802	0.027618984111175738
8910000	-121.13682663649301	1.0202443732367268	-122.15707100972973	0.11444136532424098	0.033690058141873744	0.033690058141873744	0.028532619689134744
8920000	-114.4293256540853	1.1748026535467715	-115.60412830763208	0.3258383841395859	0.10383045900890507	0.10383045900890507	0.046991243029261
8930000	-104.35321094522922	2.6819699625586115	-107.03518090778783	0.18004779881484959	0.047805089222159924	0.047805089222159924	0.028484592060962592
8940000	-130.11011644389532	1.1720560807175984	-131.28217252461292	0.08922178639333841	0.03307245646919357	0.03307245646919357	0.03069028581076392
8950000	-126.9191295708196	2.180836140670282	-129.0999657114899	0.06776313066341257	0.025710056117012603	0.025710056117012603	0.025143476611762756
8960000	-114.70469647490692	2.1291694489465995	-116.83386592385352	0.18641248558704057	0.07407449564193609	0.07407449564193609	0.048281872491565
8970000	-112.89249534696008	0.6927729429208127	-113.58526828988089	0.16023080408558993	0.05277119155436755	0.05277119155436755	0.040251188334826035
8980000	-129.31827392168302	0.434397249493085	-129.7526711711761	0.07633433959160059	0.0333070891676942	0.0333070891676942	0.03257427876276477
8990000	-124.21896000093625	1.841872997296441	-126.06083299823268	0.10314641844461996	0.03933675546966775	0.03933675546966775	0.039626551506940444
9000000	-95.84750091614241	-0.14099700550887384	-95.70650391063353	0.31754285100245727	0.06316102431365547	0.06316102431365547	0.03146500227363828
9010000	-119.4661951501018	1.146508944563228	-120.61270409466502	0.14280929166680012	0.04866996254763457	0.04866996254763457	0.04210349734887106
9020000	-78.53294554933487	1.330357889440044	-79.8633034387749	0.49345858536446346	0.0808909849612938	0.0808909849612938	0.03405393301032883
9030000	-100.36556551995324	2.2585089467932007	-102.62407446674644	0.219802227017602	0.027117472195550874	0.027117472195550874	0.017091570742950337
9040000	-78.35748615888015	0.22678590421411593	-78.58427206309426	0.8303936454559191	0.07742180478725055	0.07742180478725055	0.025765091811323287
9050000	-84.85267925279697	0.08965561487800489	-84.94233486767497	0.5327182471901735	0.10215838246882421	0.10215838246882421	0.03986416461534837
9060000	-80.65866625915555	1.2503026333055796	-81.90896889246113	0.5691941558565466	0.07653836690451125	0.07653836690451125	0.03202703765320319
9070000	-124.43049127655536	2.437473517165963	-126.86796479372133	0.11814855790261583	0.05243800880364474	0.05243800880364474	0.04083200894018801
9080000	-110.15425902942906	2.1158121622546386	-112.2700711916837	0.23642117785462113	0.046377853966576774	0.046377853966576774	0.02587670135607329
9090000	-93.8484130782196	2.5011532201147504	-96.34956629833434	0.22321408649700883	0.037297617051294064	0.037297617051294064	0.02053332894412807
9100000	-94.25189817509025	-2.0594710465735426	-92.1924271285167	0.3412619610358844	0.08212364015949278	0.08212364015949278	0.03760635200770554
9110000	-70.88133174119358	-0.10836872859878055	-70.7729630125948	0.7958785685697681	0.11153131835625556	0.11153131835625556	0.029418431051304185
9120000	-75.07284519299714	1.7679675742424414	-76.84081276723958	0.4657359322728371	0.08597465021263118	0.08597465021263118	0.03292564405938236
9130000	-81.09859574165941	-1.1876901051016802	-79.91090563655773	0.5909292838088374	0.09249540387208381	0.09249540387208381	0.026629485353880246
9140000	-55.655156660452526	-1.7462488787130455	-53.90890778173948	1.0998870506643807	0.08069127267363686	0.08069127267363686	0.022646723124893735
9150000	-87.94708284003057	0.3512263283670305	-88.29830916839761	0.3702343206942985	0.039247152811484054	0.039247152811484054	0.018244075713678413
9160000	-57.97559359036243	-0.785975849907198	-57.18961774045523	1.003123995423579	0.04221538825275786	0.04221538825275786	0.01665753474522864
9170000	-64.68537682064175	-1.5893576974778494	-63.0960191231639	1.0206711656429057	0.10857932139477154	0.10857932139477154	0.028793451780018735
9180000	-77.66698497785332	1.0096984752970832	-78.6766834531504	0.40356434332817437	0.05252477251374355	0.05252477251374355	0.018953384505456663
9190000	-84.17272405278767	0.6789568419452062	-84.85168089473288	0.5421947630803046	0.08838292422097574	0.08838292422097574	0.034709120516943665
9200000	-105.64295996168887	2.409160919609867	-108.05212088129873	0.20880411271917973	0.04046801057117343	0.04046801057117343	0.031095925888702816
9210000	-102.46922497062697	1.0895932334244005	-103.55881820405136	0.2656458658208232	0.026756052307491632	0.026756052307491632	0.02024846404497288
9220000	-103.67676146834783	1.8519112114263994	-105.52867267977423	0.36450575808220215	0.060018991316157386	0.060018991316157386	0.024122096402045226
9230000	-78.32548851808541	-0.5988407496830903	-77.72664776840232	0.5333452637997742	0.07232167137009461	0.07232167137009461	0.021756176169003966
9240000	-105.51750563384809	2.6690940721806458	-108.18659970602873	0.18031763841092865	0.04629880085943701	0.04629880085943701	0.028832398261722035
9250000	-82.22206821719394	-0.059892227299307876	-82.16217598989462	0.40933813464620056	0.07614925488607414	0.07614925488607414	0.02692579615534426
9260000	-86.53064482859386	-0.9659615756565203	-85.56468325293734	1.0267850873933595	0.17420509750394647	0.17420509750394647	0.0580838364286974
9270000	-96.92042702119102	1.8325469808723107	-98.75297400206333	0.27312895635417794	0.042169447661753644	0.042169447661753644	0.02354246261241528
9280000	-101.85070542527473	1.5881135085894833	-103.43881893386421	0.26466000765348346	0.050449520994698745	0.050449520994698745	0.03069078782005652
9290000	-90.16185765545413	1.881485671396248	-92.04334332685038	0.38397361847406986	0.06383172109848215	0.06383172109848215	0.030121297836689057
9300000	-114.76769894421524	2.7871271031054534	-117.55482604732069	0.13153200347938682	0.05726786960456712	0.05726786960456712	0.047443350567084534
9310000	-108.74288236867619	2.56713042511033	-111.31001279378653	0.14110317522542765	0.03733088901934302	0.03733088901934302	0.025242100576767706
9320000	-118.0369583864221	2.2740687162258384	-120.31102710264794	0.17277356102030852	0.048797664506759555	0.048797664506759555	0.02664657044734704
9330000	-106.24501201548355	2.01138294122987	-108.25639495671342	0.19147106382488202	0.03423838553818468	0.03423838553818468	0.02776711517981408
9340000	-93.73350222254373	2.1674715856038036	-95.90097380814754	0.32488919907209546	0.06380997077659073	0.06380997077659073	0.0309640111813915
9350000	-93.20105038915283	1.5634693555780252	-94.76451974473085	0.42355726996539167	0.06572057639011164	0.06572057639011164	0.029662041451395293
9360000	-110.1343531009846	1.4372275041298916	-111.57158060511449	0.15561339724007425	0.04384151701366814	0.04384151701366814	0.03108515996068039
9370000	-128.2664627771747	2.2214724508296726	-130.48793522800437	0.09499110479327427	0.025575553108644216	0.025575553108644216	0.020884085727948642
9380000	-94.85460831319823	1.785980845635914	-96.64058915883415	0.2832529046191868	0.044979240868386894	0.044979240868386894	0.024406555350345634
9390000	-124.92230041883292	2.659962253086059	-127.58226267191898	0.09729527597444448	0.04695149506071419	0.04695149506071419	0.03954372929919045
9400000	-99.87714213397008	1.4650066219878513	-101.34214875595794	0.24212647250266506	0.046060265905963016	0.046060265905963016	0.022865394917673053
9410000	-91.31075135941369	1.925236540446727	-93.23598789986042	0.29783929996137565	0.061900816724144166	0.061900816724144166	0.03364913390481754
9420000	-90.82188697980727	1.1043917959957659	-91.92627877580304	0.30079097633196883	0.03865192428997042	0.03865192428997042	0.02413196436707076
9430000	-106.88938944453116	-0.5583477818986156	-106.33104166263254	0.1807398031214384	0.047678929291870134	0.047678929291870134	0.031922401513974255
9440000	-76.48796346800731	0.9670638466915378	-77.45502731469884	0.507630101016669	0.081960811050764	0.081960811050764	0.029527968105385865
9450000	-76.35905511492498	0.0032633831062688357	-76.36231849803126	0.7282408888077035	0.05542804053164417	0.05542804053164417	0.02513299688506657
9460000	-100.49796789996385	1.1297144282261313	-101.62768232818999	0.26356233746731106	0.05612713523088798	0.05612713523088798	0.03438936277886114
9470000	-74.59373937144116	-0.19930723811326245	-74.3944321333279	0.5823087555376129	0.09453173516530812	0.09453173516530812	0.029647396309726716
9480000	-78.97435840812545	0.6564484623147132	-79.63080687044017	0.728285328106582	0.0456008522713386	0.0456008522713386	0.019816217378424504
9490000	-70.85381951229498	0.3220276838968406	-71.17584719619181	0.7391840467322073	0.12936095907047815	0.12936095907047815	0.03849362641405088
9500000	-64.27325840975988	-1.271635920724656	-63.00162248903521	1.0524229343429161	0.1208955373186437	0.1208955373186437	0.03236790997776826
9510000	-70.05802432925739	-1.967326236328414	-68.09069809292897	0.9876440429340247	0.08541158891539913	0.08541158891539913	0.019329301532755368
9520000	-85.49270873311362	1.3776877120613737	-86.87039644517499	0.4924938786436689	0.07499864704342855	0.07499864704342855	0.03210917217342747
9530000	-56.791307755380174	-1.051329932103998	-55.73997782327618	1.0870152693123039	0.1428012301825394	0.1428012301825394	0.031734806794828395
9540000	-100.23278333478144	1.3483412311963914	-101.58112456597783	0.17334281448473984	0.02889973513151845	0.02889973513151845	0.02231043438872493
9550000	-103.85673245847566	2.319135490354103	-106.17586794882976	0.2907161588744832	0.02920685297633733	0.02920685297633733	0.017925971678173832
9560000	-142.1864049904056	-0.4494293221975574	-141.73697566820806	0.060659483883903145	0.017832592244763128	0.017832592244763128	0.026743632311438212
9570000	-105.49101167228163	1.1391422110742315	-106.63015388335586	0.23444041909778204	0.03667583831634783	0.03667583831634783	0.02380050296727884
9580000	-88.4366362600536	1.1472687178351206	-89.58390497788872	0.39883929409290636	0.057731404461689124	0.057731404461689124	0.023188830963838752
9590000	-75.01201017650406	0.991756860222817	-76.00376703672688	0.5307676756186548	0.07560771214362713	0.07560771214362713	0.025255251506077804
9600000	-160.2116796395381	2.4821566794995698	-162.69383631903767	0.026425088053065836	0.008576843706591673	0.008576843706591673	0.017411171049735177
9610000	-155.6182796926366	2.193756842163514	-157.81203653480011	0.05274287784206036	0.02353387070292661	0.02353387070292661	0.02859087290357193
9620000	-91.63371516940201	1.3798794744465233	-93.01359464384853	0.4933939200938693	0.12850554278950166	0.12850554278950166	0.04949120076154237
9630000	-114.34485536783691	2.4808417896479864	-116.8256971574849	0.13631066868567743	0.03263358042797262	0.03263358042797262	0.022664788790365674
9640000	-121.593822661419	2.840063279789536	-124.43388594120853	0.13222204070047594	0.04683274550536279	0.04683274550536279	0.03982189095805082
9650000	-108.45969469785169	2.655064326990524	-111.11475902484221	0.18141793717846993	0.03802944774493284	0.03802944774493284	0.023184702891143365
9660000	-53.79365556323039	-2.206583302031521	-51.58707226119887	1.2538955854933658	0.1410151604731848	0.1410151604731848	0.037247942640210085
9670000	-83.34737409138242	1.4659312362721792	-84.8133053276546	0.4364316793481324	0.07362203005690392	0.07362203005690392	0.02770316520325581
9680000	-55.43961230802376	-0.06894648668700276	-55.37066582133676	0.8991029968848235	0.05829616012183613	0.05829616012183613	0.025142384692560225
9690000	-86.32379379393296	2.1871240988774625	-88.51091789281043	0.3593419527534029	0.026509122098666297	0.026509122098666297	0.020000058704890415
9700000	-125.78409090898853	2.7106287353541023	-128.49471964434264	0.14571505037228508	0.047243267457400345	0.047243267457400345	0.03234211611375777
9710000	-138.1587959091472	2.3244632789249007	-140.48325918807208	0.07514891577491283	0.03602983113923606	0.03602983113923606	0.03479105169143348
9720000	-140.08321778454922	2.8604358709366595	-142.9436536554859	0.06314050109009292	0.025944962284018266	0.025944962284018266	0.030330278334782496
9730000	-98.13109070866801	1.669809146888828	-99.80089985555684	0.2165429650625181	0.03156396102651706	0.03156396102651706	0.022266903302258757
9740000	-68.11195145322422	1.2966732899206899	-69.40862474314491	0.5812035333632548	0.03755532507453045	0.03755532507453045	0.020789755052361688
9750000	-72.05723068091444	1.4436234759838422	-73.50085415689828	0.46769537334619926	0.03697320867773901	0.03697320867773901	0.024427541593398917
9760000	-89.021065251912	-2.680097765874077	-86.34096748603793	0.3956443369339751	0.0814520004171535	0.0814520004171535	0.033398291154162416
9770000	-117.23169024983592	2.2823231587162147	-119.51401340855213	0.18801408437986183	0.06758785395876016	0.06758785395876016	0.04396160003495496
9780000	-98.46001713650618	0.23566836936649738	-98.69568550587267	0.2743225085142603	0.07441285764899358	0.07441285764899358	0.040932102578343246
9790000	-104.91350881508518	2.6564473677843865	-107.56995618286956	0.17708093211846707	0.0359468395840058	0.0359468395840058	0.020378392403757085
9800000	-140.1209531063941	2.1055318910003127	-142.2264849973944	0.04624283682364801	0.01960777884367648	0.01960777884367648	0.022539491712482866
9810000	-138.37973399331935	2.098183850668792	-140.47791784398814	0.07085330496971279	0.0300403546060992	0.0300403546060992	0.0384708917900999
9820000	-102.21925815588136	2.451457406028238	-104.6707155619096	0.2173344421500647	0.055021082577822816	0.055021082577822816	0.02966383877240944
9830000	-78.31843655912269	0.584471678365361	-78.90290823748805	0.5209853287450695	0.08494332992338278	0.08494332992338278	0.03068016482752499
9840000	-84.19458006060351	2.1198402410680943	-86.3144203016716	0.3539312132730027	0.051730059895553966	0.051730059895553966	0.021914306911212295
9850000	-71.35708276388276	0.48910016980322024	-71.84618293368598	0.7929951167550028	0.057731135710333364	0.057731135710333364	0.023059176511447572
9860000	-60.91815067958869	-0.4412228788466309	-60.47692780074206	0.9488938710898391	0.09338305730755567	0.09338305730755567	0.027367928525731895
9870000	-70.65063381260208	-0.8487811867629844	-69.8018526258391	0.624891812961691	0.10014981758874997	0.10014981758874997	0.030413068398863853
9880000	-90.99374715917506	-2.7733694408779526	-88.2203777182971	0.4446281212733598	0.06978755608323634	0.06978755608323634	0.02683465192090779
9890000	-98.91973804187967	1.3873085290928997	-100.30704657097257	0.31696845653481454	0.04440563713412731	0.04440563713412731	0.02383086597914684
9900000	-94.6465359525507	2.392501811256083	-97.03903776380679	0.27464631812996226	0.04621504824816705	0.04621504824816705	0.031715637657304244
9910000	-79.39631766299317	0.8466738558378774	-80.24299151883105	0.5417485145506818	0.09153701325450639	0.09153701325450639	0.03300152229465732
9920000	-116.8282232469133	2.4327200800869297	-119.26094332700022	0.11429869848699366	0.033896737660018154	0.033896737660018154	0.02603646923124469
9930000	-166.44523337996216	1.658464838097835	-168.10369821806	0.01979763140760476	0.007848276989298034	0.007848276989298034	0.018639664983510027
9940000	-162.94618916558224	1.3024195034549506	-164.2486086690372	0.033269131556195174	0.025439311118058378	0.025439311118058378	0.03595074021662609
9950000	-121.55998077961047	2.4241323771897023	-123.98411315680018	0.1069843473593788	0.03835415423736066	0.03835415423736066	0.029954557460989257
9960000	-121.18398175631903	1.0760018431655651	-122.2599835994846	0.09992959945315541	0.04247817914824839	0.04247817914824839	0.03317715837608615
9970000	-155.63433202320127	2.208090018382212	-157.8424220415835	0.04059105066395833	0.028169659370516457	0.028169659370516457	0.03585005124723448
9980000	-138.20707348555092	2.083540973071121	-140.29061445862203	0.06384443498581346	0.03286524867692971	0.03286524867692971	0.032805634469310584
9990000	-129.40097307184521	2.5862257698769864	-131.9871988417222	0.06865459075665208	0.02354422495590649	0.02354422495590649	0.023320572458349745
10000000	-115.17145161204837	2.7783417449587433	-117.94979335700711	0.10761435484102498	0.021878349281536712	0.021878349281536712	0.019715414707381747
10010000	-68.61213955082744	0.9135621482864397	-69.52570169911388	0.6671793502675987	0.07075378591944537	0.07075378591944537	0.025126230022454715
10020000	-75.38433915970225	-2.1172009464259487	-73.2671382132763	0.7594338534329469	0.0855260288020652	0.0855260288020652	0.032102092679826326
10030000	-98.6434791092214	2.468633432562314	-101.11211254178372	0.23582136142913857	0.05869754409506421	0.05869754409506421	0.02880758386738967
10040000	-120.25362323395626	2.1257981649052216	-122.37942139886148	0.1482716008807336	0.025786926192271926	0.025786926192271926	0.02623028368602643
10050000	-156.20899582156324	1.0838320125566812	-157.29282783411992	0.02921795308934587	0.016549657478985826	0.016549657478985826	0.025682678997193134
10060000	-100.95943316116448	2.033367102006793	-102.99280026317128	0.2702649182542837	0.06596025613674943	0.06596025613674943	0.03094019762378411
10070000	-93.48515133213895	2.3646453166580863	-95.84979664879704	0.3078508509510637	0.0782771247649639	0.0782771247649639	0.04157291811112549
10080000	-69.5429372105254	0.42704583797675455	-69.96998304850214	0.7377860394396363	0.1018901152455619	0.1018901152455619	0.029970066910644223
10090000	-74.33124107744608	1.1762214010111403	-75.50746247845721	0.5382449616899883	0.08226675533164604	0.08226675533164604	0.028538518564759183
10100000	-83.32252622296905	-1.899123747478129	-81.42340247549092	0.4608756256740574	0.08056560599953035	0.08056560599953035	0.029967268510630446
10110000	-50.56750866838018	-5.271687878365854	-45.295820790014325	1.4072291025505907	0.11220672456241601	0.11220672456241601	0.027542547025181212
10120000	-98.2323460219572	-0.9654091663165629	-97.26693685564064	0.3788497140096312	0.04157072469665137	0.04157072469665137	0.016034817951599306
10130000	-93.98325759325171	1.180801667261893	-95.1640592605136	0.315349472940979	0.04342112867168567	0.04342112867168567	0.025914551193205626
10140000	-91.18922457948342	1.4733510771239549	-92.66257565660737	0.2896211978925662	0.053494651932784194	0.053494651932784194	0.025421516371830256
10150000	-125.42242925274917	2.4677982796217766	-127.89022753237094	0.07960713076849814	0.029267066434702636	0.029267066434702636	0.025845285072772
10160000	-66.09707965948782	-1.0702740213130055	-65.0268056381748	1.0899246861561236	0.11562994708497228	0.11562994708497228	0.03088202399477056
10170000	-106.46886817662485	1.9884610871747905	-108.45732926379964	0.32589774585744824	0.06820080563615283	0.06820080563615283	0.03702462622893273
10180000	-122.47567059583076	1.2839494467181463	-123.7596200425489	0.12299645372845446	0.023185108262430445	0.023185108262430445	0.02091949675598938
10190000	-120.66708391445945	1.1990014162464888	-121.86608533070594	0.11417737312971613	0.028437442321279875	0.028437442321279875	0.023544775685882965
10200000	-104.93119322184808	1.4522163859379966	-106.38340960778608	0.18744669516129536	0.05755366311539877	0.05755366311539877	0.03504797677843835
10210000	-114.1518109125664	2.425096463619425	-116.57690737618583	0.1777768559401634	0.03545013218436832	0.03545013218436832	0.020317850576965484
10220000	-69.49634077757547	-1.4944705066228714	-68.0018702709526	0.9346761641290883	0.058059086520639513	0.058059086520639513	0.024854437165735415
10230000	-70.19673752666137	0.03455596456816845	-70.23129349122954	0.6627414387154921	0.08870316607107426	0.08870316607107426	0.030224520978099134
10240000	-106.53167026221773	1.0198246196505085	-107.55149488186824	0.2571100620660682	0.07696867161198448	0.07696867161198448	0.03970560285010359
10250000	-95.53143029919858	2.0318667424957013	-97.56329704169427	0.2807211738829782	0.04239138110600442	0.04239138110600442	0.0279989983683618
10260000	-65.02528006478329	-1.6016240621420677	-63.423656002641216	0.9621613330603567	0.09856447621926633	0.09856447621926633	0.021965690046518736
10270000	-69.7196362271535	-0.8242903088587608	-68.89534591829474	0.9722476667473273	0.11313069202823911	0.11313069202823911	0.03403349656016471
10280000	-84.52598824107687	1.6706544011060278	-86.19664264218291	0.4542105081746442	0.09354985926514935	0.09354985926514935	0.03521018784790711
10290000	-100.12636861010064	1.355152572743108	-101.48152118284375	0.22710255716171687	0.029568505361926834	0.029568505361926834	0.018587309559285906
10300000	-110.81355333672481	2.749313631577358	-113.56286696830216	0.11650548821689476	0.04291128784989607	0.04291128784989607	0.03619934875074457
10310000	-89.8434166547359	0.9430276933138059	-90.78644434804971	0.3085419378940519	0.06600278906062118	0.06600278906062118	0.028529174779240447
10320000	-81.89597649980234	0.9064054127599163	-82.80238191256225	0.5188424522589232	0.06567781323157194	0.06567781323157194	0.026388021235789913
10330000	-98.06593790564857	-0.44177633926412163	-97.62416156638444	0.268277489574445	0.05218930649379881	0.05218930649379881	0.027822444770539
10340000	-106.42267736004095	2.5544743940743637	-108.97715175411531	0.20181619794203115	0.041539335589638786	0.041539335589638786	0.027197606230031195
10350000	-112.00376993851556	1.740471995577209	-113.74424193409277	0.17817610215526747	0.025610470324707854	0.025610470324707854	0.022634527088157348
10360000	-116.12899397341097	2.5762640387176967	-118.70525801212867	0.1608836160763254	0.04411529764479666	0.04411529764479666	0.03222310667231752
10370000	-121.53746720265266	0.9293164921947126	-122.46678369484738	0.13786311994140737	0.038360875844417074	0.038360875844417074	0.027624701039651228
10380000	-115.5972143545801	2.4122949201290553	-118.00950927470916	0.18647273383025986	0.06711465628069672	0.06711465628069672	0.03925700695034373
10390000	-91.91876667760049	2.11037992732519	-94.02914660492567	0.28648990129953666	0.06029495109643541	0.06029495109643541	0.03267107795650678
10400000	-112.34652905877768	1.4632256646586188	-113.8097547234363	0.13326779262842284	0.056899856586665035	0.056899856586665035	0.042690521174566676
10410000	-83.26180476171312	1.2645295331094242	-84.52633429482255	0.36398065795341156	0.06542646247666922	0.06542646247666922	0.02986094479022868
10420000	-94.30693669144435	1.4862475527190222	-95.79318424416337	0.21808734460995396	0.05195389276360239	0.05195389276360239	0.03272522554178239
10430000	-78.03326444465803	1.5117611316676782	-79.54502557632571	0.5435839510749421	0.10024558101082842	0.10024558101082842	0.03914633422342659
10440000	-137.42202375675683	2.1025369541438503	-139.5245607109007	0.09203638999285586	0.04821898698924119	0.04821898698924119	0.043009125090050906
10450000	-87.5393594682934	1.0530133119841287	-88.59237278027753	0.4490618384619805	0.08542975017981073	0.08542975017981073	0.03571799482133271
10460000	-108.10385986280446	2.1237871843957343	-110.2276470472002	0.2666798903929784	0.0655669573889179	0.0655669573889179	0.030791416390358553
10470000	-91.45959125775234	1.906278790682449	-93.36587004843479	0.3646858504941143	0.05316315099280537	0.05316315099280537	0.021310085835891286
10480000	-83.11560537594316	0.7915853578730812	-83.90719073381624	0.49535011273955176	0.085084461608538	0.085084461608538	0.028277208285584575
10490000	-112.0652899121755	2.7233506262588465	-114.78864053843435	0.11934941709160425	0.02839174912263671	0.02839174912263671	0.020827322633743865
10500000	-125.73669462865828	-1.0795590778194515	-124.65713555083883	0.11658419362103135	0.045178530791628986	0.045178530791628986	0.03368497095004121
10510000	-90.69163376981038	1.7565755133813115	-92.44820928319169	0.3206439381257637	0.06548998526059037	0.06548998526059037	0.032269636012782
10520000	-76.76252368502134	-0.0030620513442473074	-76.75946163367709	0.8461105428768945	0.04756008120041988	0.04756008120041988	0.025219634323962188
10530000	-62.12504871565378	-1.3152435003392826	-60.8098052153145	1.0670573431676356	0.1334392160937763	0.1334392160937763	0.031782882292182645
10540000	-95.34869178704706	0.3912560601812397	-95.7399478472283	0.45777018218266835	0.07892171742627689	0.07892171742627689	0.034377863852536945
10550000	-118.12432675663999	2.685179240026968	-120.80950599666696	0.11399846274172867	0.03150544135045254	0.03150544135045254	0.026473297573450183
10560000	-80.86775167544461	1.6611540564881973	-82.52890573193281	0.4180561546036618	0.07014925838939866	0.07014925838939866	0.028455880359654233
10570000	-100.04469976260478	0.11205355008876783	-100.15675331269355	0.26916680245588914	0.04737708457703462	0.04737708457703462	0.019742330803598204
10580000	-100.07026916570315	2.338993832943208	-102.40926299864635	0.24516099316612497	0.05501456290751403	0.05501456290751403	0.030824752903495848
10590000	-87.30269883543447	1.919681913319676	-89.22238074875415	0.29157956390967377	0.044863465346002614	0.044863465346002614	0.02532758759315239
10600000	-92.26077438638555	-0.39965881161451744	-91.86111557477103	0.33933777781506885	0.04506792617562927	0.04506792617562927	0.025149489222771326
10610000	-109.39501740015614	2.752091744701957	-112.14710914485809	0.1328344325499483	0.036989368010175196	0.036989368010175196	0.027937678414524048
10620000	-73.71498316889182	-3.6906701151389596	-70.02431305375286	0.7538315688656627	0.09695984434920854	0.09695984434920854	0.02582388615184248
10630000	-72.09241067056993	-1.4258783571139872	-70.66653231345595	0.6797210226504792	0.07175047849389812	0.07175047849389812	0.016157981362016648
10640000	-112.91754670448603	0.08075147895440127	-112.99829818344043	0.1635075709508339	0.040897399234371454	0.040897399234371454	0.024183085542591132
10650000	-119.41399644357902	0.6558772000851256	-120.06987364366415	0.10211003711509056	0.036776235803688544	0.036776235803688544	0.032541828596120315
10660000	-126.153108970206	2.611723750646228	-128.76483272085224	0.10576905335156413	0.02048674713372296	0.02048674713372296	0.022944807546998007
10670000	-91.44545287273574	-2.4864907335609887	-88.95896213917476	0.29752719287286516	0.08534095741290278	0.08534095741290278	0.03962926229591009
10680000	-101.56106933878166	1.6415728758075265	-103.20264221458919	0.1906112763597048	0.052032837716421546	0.052032837716421546	0.03242541172419005
10690000	-116.41354038886413	1.6171378957311866	-118.03067828459533	0.15968367391869023	0.03971883059534143	0.03971883059534143	0.022704075453637094
10700000	-87.90517468201645	1.924349106947758	-89.82952378896421	0.2682430567582475	0.03330017508835127	0.03330017508835127	0.01734148663912024
10710000	-79.42399788423822	1.1439333508584575	-80.56793123509668	0.6120095730930595	0.06122460810650867	0.06122460810650867	0.027310345407514508
10720000	-99.48752305324409	1.2455666597058768	-100.73308971294996	0.23078252891805545	0.02643600796642188	0.02643600796642188	0.021302714137127508
10730000	-75.00669978186775	1.2320876607066267	-76.23878744257438	0.6207492128703281	0.007739865295488882	0.007739865295488882	0.021861285422676985
10740000	-98.99742576752851	2.0598387475833175	-101.05726451511183	0.21843703632435005	0.05519911188133686	0.05519911188133686	0.03671633215950109
10750000	-96.47857524256254	-1.4140115555732207	-95.06456368698932	0.22900254329072672	0.04088901246855534	0.04088901246855534	0.024525798837649132
10760000	-97.01739864595517	0.5472481716501673	-97.56464681760534	0.32563461300318775	0.022525771984430586	0.022525771984430586	0.014090851597973
10770000	-113.73407742725051	1.3231910489218373	-115.05726847617235	0.18169467819410348	0.03318229380186325	0.03318229380186325	0.018250016117579253
10780000	-156.05321249331277	1.9509809927499324	-158.0041934860627	0.024823450835241984	0.02098009789650597	0.02098009789650597	0.03797077213532649
10790000	-133.13550187157577	2.5867602375846244	-135.7222621091604	0.0829518133908951	0.023580783993159927	0.023580783993159927	0.02989157671933118
10800000	-119.83445158123182	2.571410443619048	-122.40586202485086	0.11089708128238773	0.028468548075898808	0.028468548075898808	0.019023514216802276
10810000	-108.19412005570871	1.9248299848574713	-110.11895004056618	0.15706593676278355	0.029967009231175984	0.029967009231175984	0.01987545727462075
10820000	-89.44182334354932	1.5336250237259432	-90.97544836727526	0.25768084580898126	0.044921898127497625	0.044921898127497625	0.03162026644344396
10830000	-97.27835959379196	1.6781485265422251	-98.95650812033419	0.20761961190911477	0.045261968013555295	0.045261968013555295	0.02863586534310704
10840000	-136.4182494332827	2.7071690482705697	-139.12541848155328	0.05967215256143096	0.023497932645226254	0.023497932645226254	0.02627394174800974
10850000	-143.65342749128695	2.063891856122817	-145.71731934740976	0.060080927675682	0.02096013464433997	0.02096013464433997	0.022846397208976542
10860000	-121.60386471594016	0.18500140822847122	-121.78886612416863	0.09616698806230442	0.027087847903949625	0.027087847903949625	0.025091460319326915
10870000	-80.53846475017333	0.4706395337262229	-81.00910428389956	0.6130066001058381	0.07965239643016098	0.07965239643016098	0.024804384087234895
10880000	-92.65216780727731	0.8377032087331407	-93.48987101601045	0.3618768092607221	0.08787507545076402	0.08787507545076402	0.03272842230704579
10890000	-87.89938518092329	-1.7045212762149937	-86.1948639047083	0.6581279136149424	0.06982243504594379	0.06982243504594379	0.021818967911499603
10900000	-81.09299267794226	-0.17447283043651052	-80.91851984750575	0.5911860892250508	0.08769532065829648	0.08769532065829648	0.030138403625966797
10910000	-69.70497674001723	0.3018845318486554	-70.00686127186589	0.6550288699468905	0.09294033907112566	0.09294033907112566	0.031692435049947454
10920000	-71.38532547213094	0.7274298624377645	-72.1127553345687	0.6364587970168369	0.09408197518819826	0.09408197518819826	0.03538044300671702
10930000	-93.70416066370466	1.8182134848684728	-95.52237414857314	0.41420268469212357	0.07351148754029094	0.07351148754029094	0.038044664382364805
10940000	-74.3387685457119	-3.291722391739824	-71.04704615397208	0.9555540966109549	0.07363432804647106	0.07363432804647106	0.028088453612872304
10950000	-81.70687038442662	1.5115651215984158	-83.21843550602505	0.5123131015435118	0.05780875500944355	0.05780875500944355	0.02184398160581113
10960000	-103.40371394419361	0.4828749484187469	-103.88658889261237	0.17683832427333507	0.04839402418392458	0.04839402418392458	0.029215917403431962
10970000	-117.17747517294465	2.4730734249955226	-119.65054859794017	0.10945583095117324	0.04547577819784129	0.04547577819784129	0.035017432961937336
10980000	-109.20157575489128	2.469128677960884	-111.67070443285216	0.16554484696486932	0.047341234360615006	0.047341234360615006	0.03098611218174772
10990000	-103.74401744305646	1.377200680941955	-105.12121812399842	0.24395759840379572	0.037083136718039755	0.037083136718039755	0.021373972628486962
11000000	-82.15630560353311	0.5640364243891155	-82.72034202792223	0.6894639809740889	0.08554718438634171	0.08554718438634171	0.024415526149161842
11010000	-70.0172963655579	0.8437447399833269	-70.86104110554122	0.5291758016736466	0.056955146948796775	0.056955146948796775	0.02351395654222672
11020000	-92.77795547571787	0.7262629021538757	-93.50421837787175	0.33742142785950974	0.09122419165998277	0.09122419165998277	0.03591946211934082
11030000	-82.11961179315031	0.27499130322055476	-82.39460309637087	0.4835737837853585	0.06607874284428075	0.06607874284428075	0.026514809384381267
11040000	-74.80778580370404	0.31031138551104054	-75.11809718921508	0.7090883227448335	0.07531462453719759	0.07531462453719759	0.029414568505203784
11050000	-82.44752334650204	1.3935732872893176	-83.84109663379135	0.47432902026064866	0.03766298402309225	0.03766298402309225	0.030689986288265397
11060000	-85.29768370373257	1.7514799409324324	-87.049163644665	0.4592395294393522	0.06976773976283852	0.06976773976283852	0.026551981963457247
11070000	-97.87497924759099	2.1853802407971785	-100.06035948838816	0.21085117291205438	0.042736340654771665	0.042736340654771665	0.02591916504387007
11080000	-65.12026249106411	-0.36621943495912956	-64.75404305610498	0.9450319935084408	0.11238859790513653	0.11238859790513653	0.03181063655999504
11090000	-89.6867955942192	0.7742536371112093	-90.46104923133042	0.31626828290313597	0.051859943406810875	0.051859943406810875	0.025988653645263413
11100000	-91.3555184988617	0.5920185390257275	-91.94753703788743	0.31335775320123815	0.04029577310640046	0.04029577310640046	0.027030402212040606
11110000	-83.71873002736395	-0.05392275249870648	-83.66480727486524	0.436165603515951	0.03928958271784695	0.03928958271784695	0.020282571415721706
11120000	-95.19158300157054	-1.115061657676618	-94.07652134389392	0.3434282767910472	0.04807654348545985	0.04807654348545985	0.018299696025682835
11130000	-113.80517292194854	2.065348387901037	-115.87052130984958	0.10625158449986545	0.030200549476986745	0.030200549476986745	0.023494847930409447
11140000	-114.75662698272716	2.712469392540514	-117.46909637526767	0.14452723158446848	0.04536495542191406	0.04536495542191406	0.02892015501488187
11150000	-84.89295105825406	0.04519832420710834	-84.93814938246116	0.3857012197137125	0.04563457492461648	0.04563457492461648	0.02080482154905436
11160000	-91.45742383542844	2.0680027125303493	-93.52542654795879	0.3355219569021841	0.05722498159725806	0.05722498159725806	0.030087624540835398
11170000	-99.96347212626969	2.553966563343196	-102.51743868961289	0.27552288947700554	0.04023020127395726	0.04023020127395726	0.030726706739172056
11180000	-97.82480130129665	-0.8200380126606208	-97.00476328863603	0.32052711095634867	0.06000022154136263	0.06000022154136263	0.03069563399451996
11190000	-92.43908806432982	1.6923191823330186	-94.13140724666285	0.3390467427671442	0.04678262517342339	0.04678262517342339	0.018581348586271567
11200000	-121.44367499505336	1.6659898644638793	-123.10966485951724	0.12833444922273893	0.05425931017436845	0.05425931017436845	0.03410909277808074
11210000	-112.9089497410467	1.6478687841567612	-114.55681852520345	0.13259521232778534	0.05162164288232941	0.05162164288232941	0.04234110149789434
11220000	-130.6955968480095	2.9053478167017506	-133.60094466471125	0.07095892485347621	0.03125656416999191	0.03125656416999191	0.03749389138173238
11230000	-114.39678103042522	1.085219938832405	-115.48200096925763	0.1733863862575182	0.04474527211531991	0.04474527211531991	0.02640955522011104
11240000	-107.46959374644376	1.7631625317941304	-109.2327562782379	0.28423321279274955	0.05589863234182054	0.05589863234182054	0.021375382072729522
11250000	-115.68331463116546	1.5750365154753827	-117.25835114664085	0.16907991314139056	0.027736396173322676	0.027736396173322676	0.02448992491153507
11260000	-102.46973981014517	0.7791151030768727	-103.24885491322205	0.2672935072426981	0.04267893186018941	0.04267893186018941	0.021379098615412095
11270000	-84.2624584174248	0.8697222351179382	-85.13218065254273	0.41423039172721876	0.052623587807216134	0.052623587807216134	0.022361451711359073
11280000	-95.35170290523168	1.7489650935418113	-97.10066799877349	0.3182936880671756	0.07435901139969277	0.07435901139969277	0.03442463566834843
11290000	-89.82946167494374	-0.49054323086037455	-89.33891844408338	0.5464902805959955	0.0797882890440723	0.0797882890440723	0.02777125051669533
11300000	-72.06200863357668	0.08536648800181756	-72.1473751215785	0.6527663121578499	0.08377642783568778	0.08377642783568778	0.03590933881148371
11310000	-77.97688053670325	1.2679789882839534	-79.2448595249872	0.5048666073995777	0.08943011124124337	0.08943011124124337	0.03521985273292519
11320000	-100.90017160280509	1.6705027064755753	-102.57067430928066	0.23990180336840378	0.04693077155127422	0.04693077155127422	0.025982596241380863
11330000	-75.99809373664027	1.739837154566062	-77.73793089120633	0.44074070044288044	0.07748881529665229	0.07748881529665229	0.031210000250849093
11340000	-103.20343890700083	0.35467876399102716	-103.55811767099186	0.3675931679014998	0.06465560398732025	0.06465560398732025	0.027163426781904244
11350000	-83.57694620047728	0.885157875199014	-84.4621040756763	0.4114886480146139	0.020673259684316204	0.020673259684316204	0.02061596636098202
11360000	-60.4659702601723	-1.4849750360669534	-58.98099522410534	1.1441115734854306	0.12337909348294657	0.12337909348294657	0.02636328471429994
11370000	-80.17241798375441	1.3956496342068414	-81.56806761796126	0.49790515895314497	0.06169798221536358	0.06169798221536358	0.021609350375739536
11380000	-118.37830613340911	2.552888270630789	-120.9311944040399	0.0983630944617828	0.03510812072859834	0.03510812072859834	0.03021322558293243
11390000	-121.14863503315497	-1.4663692536894724	-119.6822657794655	0.18710011038046648	0.03607847962792209	0.03607847962792209	0.026099934679136513
11400000	-102.98487008317157	2.435805143847232	-105.4206752270188	0.14415565445462752	0.03776159496464458	0.03776159496464458	0.02849001573870158
11410000	-114.07223503511038	2.3803955365293783	-116.45263057163976	0.17611503993183542	0.05343433047442973	0.05343433047442973	0.03368665637618118
11420000	-130.29824730955718	1.2279356190214097	-131.5261829285786	0.08097995610686141	0.020355727148728794	0.020355727148728794	0.021019894187669422
11430000	-128.80539886942756	2.0745480131067238	-130.87994688253428	0.0907341542745107	0.026618672263128508	0.026618672263128508	0.024781314072113078
11440000	-138.2160407627843	1.6287350454922263	-139.84477580827652	0.07057557585205264	0.054616248095026125	0.054616248095026125	0.06134193232242546
11450000	-90.87481747944587	0.6278431280272923	-91.50266060747316	0.30281901973583686	0.032763882685075636	0.032763882685075636	0.021189642766102686
11460000	-112.74327906545615	2.8127485210645586	-115.55602758652071	0.1415318991661372	0.03087587784260036	0.03087587784260036	0.02320019740983263
11470000	-111.80783325568667	1.5611878299098572	-113.36902108559653	0.16619998284712847	0.048696674850245085	0.048696674850245085	0.02627863934333062
11480000	-145.33165579293043	1.5818979892289984	-146.91355378215943	0.06517396998631932	0.03523086936291858	0.03523086936291858	0.041346738830706026
11490000	-110.84864634967953	2.1851202733473256	-113.03376662302685	0.13627505421723407	0.04281216403736985	0.04281216403736985	0.02786564554075505
11500000	-131.69790669252149	2.0336437561075273	-133.731550448629	0.06088955532588085	0.025940610479444858	0.025940610479444858	0.028735056827672363
11510000	-58.93455656352144	-2.0401527594219155	-56.894403804099525	1.1163812250427443	0.1165209186461565	0.1165209186461565	0.03202979342253193
11520000	-118.68964555782901	0.869951020437302	-119.55959657826631	0.1450442057559398	0.04484560555491491	0.04484560555491491	0.02795448786883247
11530000	-67.54569473415921	-1.2054183805582248	-66.34027635360098	0.7837030228806502	0.09322607707351756	0.09322607707351756	0.02843230457926208
11540000	-69.39240598603064	1.101438333483371	-70.49384431951401	0.5943774376263252	0.08207820004804739	0.08207820004804739	0.03550835264895171
11550000	-75.11864672340245	0.163271912672725	-75.28191863607518	0.48607237828991146	0.08631873219234827	0.08631873219234827	0.03093719844072689
11560000	-91.60364684586706	2.2675349980321484	-93.87118184389921	0.3084839264870746	0.049486794853605354	0.049486794853605354	0.026701681699058098
11570000	-93.81140320100629	1.0839351088354068	-94.89533830984169	0.3606274353826465	0.0775505268646624	0.0775505268646624	0.03115543757819314
11580000	-121.3615713988635	2.2220292751536537	-123.58360067401716	0.15442576483875853	0.037427095320896754	0.037427095320896754	0.02775256640842267
11590000	-84.71404171882857	0.16200043476949177	-84.87604215359806	0.4635071250166042	0.08665059651167958	0.08665059651167958	0.03052638181479754
11600000	-100.285214323876	2.5751426272574096	-102.86035695113341	0.1634054059438515	0.019551218106340813	0.019551218106340813	0.01565451005218719
11610000	-78.36188887832854	1.2337796065086146	-79.59566848483716	0.5541413558383789	0.05987822903576104	0.05987822903576104	0.02666437830148569
11620000	-58.02105385230665	-2.111817753243488	-55.909236099063165	1.2931645652869748	0.11940587769265573	0.11940587769265573	0.025578063906465755
11630000	-100.67672610962516	1.713210969881215	-102.38993707950638	0.20357085147777484	0.04590149733657592	0.04590149733657592	0.030674124951602405
11640000	-139.14424517921728	1.91646320175801	-141.06070838097529	0.06978111435938258	0.029202191101871215	0.029202191101871215	0.03255587333349709
11650000	-144.58957080195924	2.477895712838589	-147.06746651479784	0.03320308139041248	0.016480469667077873	0.016480469667077873	0.03351332230796144
11660000	-92.4437979844398	1.2933599575977714	-93.73715794203757	0.3619073283843863	0.08377163722240713	0.08377163722240713	0.04085028061889987
11670000	-81.64488135031726	-0.9587036290307163	-80.68617772128654	0.5971156498858832	0.055438458259990685	0.055438458259990685	0.02455550985287949
11680000	-100.93999417240163	1.570140417927677	-102.5101345903293	0.42974959905926247	0.09017726472966811	0.09017726472966811	0.040126097084097506
11690000	-80.63551730151154	1.327579131091929	-81.96309643260346	0.5102280758135845	0.05357416575715993	0.05357416575715993	0.021294462922181116
11700000	-100.6525944739078	2.4830450371927166	-103.1356395111005	0.20981395275846304	0.04700011668586999	0.04700011668586999	0.028098519735218208
11710000	-100.74406693382451	0.4884060762013993	-101.23247301002591	0.32352750306968914	0.0668718016423266	0.0668718016423266	0.03507723116984137
11720000	-67.10645329671844	0.5329940295414507	-67.6394473262599	0.6341380577137087	0.05760955962100831	0.05760955962100831	0.020415853308343748
11730000	-83.27443305729513	0.5920230325436816	-83.8664560898388	0.48338324426773205	0.0843129884776637	0.0843129884776637	0.0324739349385664
11740000	-124.34825877823975	2.2291047076266026	-126.57736348586636	0.0930018759621093	0.0366153768415809	0.0366153768415809	0.030515938600990614
11750000	-83.18413537763917	1.481395545756179	-84.66553092339534	0.34549239143810556	0.06067614681833144	0.06067614681833144	0.026073041432983626
11760000	-106.7621253599264	1.5750511845176134	-108.33717654444402	0.19985927542193482	0.06970026127772608	0.06970026127772608	0.04809066274227576
11770000	-114.14927725534808	0.5849869296644203	-114.7342641850125	0.14077080019061572	0.04052479993056496	0.04052479993056496	0.03246607831345198
11780000	-97.11812450179121	1.792569347360915	-98.91069384915212	0.27477285271435997	0.04199765171799591	0.04199765171799591	0.023248823248830063
11790000	-78.07720520136252	0.3387978545104304	-78.41600305587295	0.7474109113333565	0.1022135264568539	0.1022135264568539	0.030560889564358054
11800000	-103.81504622790722	2.4585903932698607	-106.27363662117708	0.1688547955302708	0.06188624042125937	0.06188624042125937	0.039352062925032696
11810000	-84.14589413716733	1.9904836291406052	-86.13637776630793	0.3779528555909262	0.04867821145453459	0.04867821145453459	0.02099471686050184
11820000	-79.54348115213237	1.3443904864027045	-80.88787163853507	0.5371339168601029	0.06531601387472415	0.06531601387472415	0.02578228136837086
11830000	-82.83318420425097	-1.0985210982697016	-81.73466310598127	0.5908965799428499	0.07745465583144992	0.07745465583144992	0.027693162885180263
11840000	-94.36827894357683	-1.2962562900736025	-93.07202265350323	0.29994464892380596	0.04769433841329005	0.04769433841329005	0.02283653645707246
11850000	-71.82918683042053	0.18808363639071868	-72.01727046681124	0.663733483577282	0.024940524642524158	0.024940524642524158	0.020744891145077996
11860000	-87.00659588438334	0.7399792968794646	-87.74657518126281	0.3752913063591089	0.048345821027547364	0.048345821027547364	0.021562930603699567
11870000	-128.46173620371826	1.7862861469165539	-130.2480223506348	0.06857626756727454	0.031067154561175817	0.031067154561175817	0.030043563780967356
11880000	-71.1287819488591	0.781604705853016	-71.91038665471211	0.6224943672785533	0.0275384887093618	0.0275384887093618	0.0222576233878445
11890000	-78.39557384960099	0.8485539990617402	-79.24412784866273	0.6308718879470774	0.08752975453017632	0.08752975453017632	0.026703673646846653
11900000	-59.74391099610785	-0.9493823618543801	-58.79452863425347	1.098507245248738	0.1331176488770573	0.1331176488770573	0.03639369851010371
11910000	-80.35302170045993	-0.9266853524219938	-79.42633634803794	0.6249242168596288	0.05420058386303735	0.05420058386303735	0.022394688774919944
11920000	-95.24006826212235	1.003807915569452	-96.2438761776918	0.28512371060763614	0.04632087636157091	0.04632087636157091	0.026716437693722707
11930000	-101.69190920044441	1.9729279408819242	-103.66483714132634	0.2497608160628714	0.037363703283237286	0.037363703283237286	0.028527170177666147
11940000	-115.55968016287248	2.340593218049286	-117.90027338092177	0.20222031570434695	0.06883740412563218	0.06883740412563218	0.04002569518404929
11950000	-104.42570540515288	0.5210450482362088	-104.94675045338909	0.21065565453006724	0.037507831445098075	0.037507831445098075	0.024750728446651306
11960000	-85.06431760990337	1.735238889665967	-86.79955649956933	0.38646912864264765	0.061605307962524246	0.061605307962524246	0.027533946891853657
11970000	-68.09959830970443	0.3318407428572553	-68.43143905256169	0.709208226476092	0.06466936506830899	0.06466936506830899	0.02288312553943878
11980000	-123.13596276702847	2.48502797991802	-125.62099074694649	0.07926956442809861	0.03066287866403705	0.03066287866403705	0.031522391597949256
11990000	-102.08439179152198	2.076272413970735	-104.16066420549272	0.2968912101442292	0.06698454416571276	0.06698454416571276	0.03140422899597944
12000000	-69.67575894752142	0.5274704571013226	-70.20322940462273	0.7564385145916123	0.08265030012645924	0.08265030012645924	0.02878711376737999
12010000	-108.30979911809474	1.5077128858376008	-109.81751200393235	0.1513109447317179	0.043266827541808425	0.043266827541808425	0.03100079372072046
12020000	-86.13511271921386	1.247172878358218	-87.38228559757208	0.4397224235111131	0.07413776120314787	0.07413776120314787	0.025497142939434697
12030000	-64.10218536200927	-0.03441466073657229	-64.06777070127269	0.7779403972757762	0.08910178792034248	0.08910178792034248	0.029634572659573765
12040000	-81.08547716816157	1.1610606908866576	-82.24653785904823	0.4535094655668926	0.05811935228157165	0.05811935228157165	0.028320488530039514
12050000	-79.07409738545711	0.9224533719452481	-79.99655075740236	0.4570742278714936	0.06110161330474525	0.06110161330474525	0.021487542637169718
12060000	-135.6384695245895	1.6262877501214574	-137.26475727471097	0.057615069562893605	0.014469328678769752	0.014469328678769752	0.022283592887566428
12070000	-116.00774488693662	1.1959655645961225	-117.20371045153274	0.1202316632309526	0.0359125684699418	0.0359125684699418	0.026996780905261045
12080000	-95.43650045424175	2.637671810103522	-98.07417226434528	0.19468090103449168	0.021055860675691956	0.021055860675691956	0.020871337924926594
12090000	-85.31033940488182	-0.013268844003841984	-85.29707056087797	0.4235998690007318	0.06523735679341212	0.06523735679341212	0.0298583696212689
12100000	-78.83087085719265	0.815273801167535	-79.64614465836019	0.4604940606433736	0.061159223037445844	0.061159223037445844	0.025948664282111858
12110000	-85.33703079962191	1.8042603227247185	-87.14129112234663	0.3956424276399338	0.053936147274424716	0.053936147274424716	0.023150682901681572
12120000	-84.72187426279136	1.771680012834424	-86.49355427562578	0.3086059165418046	0.04013398773067506	0.04013398773067506	0.018573681593138595
12130000	-111.05533003063206	0.4830964498829644	-111.53842648051503	0.19391428351141068	0.03254843824665873	0.03254843824665873	0.026059156281737463
12140000	-81.12738016577002	0.5205659643525163	-81.64794613012253	0.45158406890945324	0.06948533759700692	0.06948533759700692	0.029056236713833918
12150000	-82.17342351911465	1.2147410589741887	-83.38816457808883	0.49762488549111955	0.04454366655513533	0.04454366655513533	0.0156620668857242
12160000	-82.44188499127087	0.847770484412098	-83.28965547568296	0.5255000655288037	0.08679816382228295	0.08679816382228295	0.0322221999982718
12170000	-97.94412016739895	0.8254471033117748	-98.76956727071072	0.3581119182492047	0.05119671733430836	0.05119671733430836	0.022992678957320593
12180000	-68.79115087309134	-1.9776764839586418	-66.8134743891327	1.323491437733637	0.08442037329575357	0.08442037329575357	0.025175115435388643
12190000	-84.34425755461632	0.5009523755658262	-84.84520993018215	0.4597077885489119	0.054847004627316655	0.054847004627316655	0.019151228134136382
12200000	-62.21744962761703	-4.167443383516057	-58.05000624410097	0.9940133429936	0.1355730094076404	0.1355730094076404	0.03432455367468472
12210000	-75.50267818828746	1.086196855491973	-76.58887504377944	0.44686760651074137	0.06633566437470141	0.06633566437470141	0.03108068104732991
12220000	-71.06273640138522	0.6991650938852817	-71.76190149527051	0.6932384071363871	0.06338496943724056	0.06338496943724056	0.023116303990222624
12230000	-80.27877205621213	2.0807593205702912	-82.35953137678243	0.35881255916764015	0.014821897773452282	0.014821897773452282	0.014071605850391713
12240000	-102.18145798876303	2.8012504600074943	-104.98270844877052	0.16636768013388784	0.04229290666553572	0.04229290666553572	0.028886640197150846
12250000	-86.70086056618523	1.8321361005912515	-88.53299666677648	0.44515286834100537	0.0787998605861653	0.0787998605861653	0.03368755339212967
12260000	-98.77959345008526	2.392426034308551	-101.17201948439381	0.22432015669438413	0.059540449462596505	0.059540449462596505	0.02782492890110337
12270000	-106.59401212172257	2.375884472710353	-108.96989659443292	0.21137226731315945	0.05967549059529091	0.05967549059529091	0.03690178663930313
12280000	-104.4050565917226	-2.0200851942421547	-102.38497139748044	0.2027146477542685	0.0359876248810908	0.0359876248810908	0.01941807188754381
12290000	-122.05322830011868	2.222915325708295	-124.27614362582698	0.10419398701182463	0.029402788658360813	0.029402788658360813	0.028531881678397947
12300000	-139.17438861688325	2.0035187243562205	-141.17790734123946	0.06671287576731023	0.021202104544582805	0.021202104544582805	0.02423195994632666
12310000	-148.1731014169826	1.9014298944115913	-150.0745313113942	0.04084848979283785	0.014376077413210087	0.014376077413210087	0.019724186815946697
12320000	-84.1934431248906	0.13192158479973726	-84.32536470969035	0.45541085158548505	0.07840623216721641	0.07840623216721641	0.0324350425527478
12330000	-96.70295795323831	0.8225749816606216	-97.52553293489893	0.5596679075922496	0.10386532715946747	0.10386532715946747	0.0355534279907318
12340000	-97.87477026821661	2.0967755470712572	-99.97154581528787	0.24535306496906648	0.0612730919191294	0.0612730919191294	0.030070226557741424
12350000	-70.66414136630301	1.0744058088754702	-71.73854717517848	0.5800456393698403	0.08502444640373501	0.08502444640373501	0.02472683169648402
12360000	-85.56338878807124	1.3737311684098197	-86.93711995648106	0.37157286953356716	0.03816548902856842	0.03816548902856842	0.02303218708010086
12370000	-94.10299015763643	2.0106600546906703	-96.1136502123271	0.29026314537112774	0.05019760440095506	0.05019760440095506	0.02268118373455367
12380000	-93.54890131706568	0.8031117613203186	-94.35201307838601	0.37297034135140994	0.0860271668175744	0.0860271668175744	0.034930190094679556
12390000	-102.45181917017817	2.196183226864108	-104.64800239704228	0.3014693553767933	0.07220425253704237	0.07220425253704237	0.04058579252343111
12400000	-86.47751829358553	1.0320861931119851	-87.50960448669751	0.5004010885454387	0.08797173676911785	0.08797173676911785	0.0328825467890146
12410000	-87.06886817313827	1.093350140178563	-88.16221831331683	0.5081006180840907	0.03543457584694683	0.03543457584694683	0.015550271369061763
12420000	-45.541465476531165	-5.549461288984628	-39.992004187546534	2.0889603911367667	0.08579920378914764	0.08579920378914764	0.020828868535984788
12430000	-96.27766904554238	1.5123949683950624	-97.79006401393744	0.299446692374333	0.04825608906638672	0.04825608906638672	0.024549488897671657
12440000	-100.93438383096111	2.169579165496863	-103.10396299645798	0.22339903183689142	0.03043726635378611	0.03043726635378611	0.022694935871383156
12450000	-105.93311373892517	1.9846441343567234	-107.9177578732819	0.23212042023852994	0.03901756533095802	0.03901756533095802	0.021314010691404862
12460000	-106.02638237041181	2.0044569551518623	-108.03083932556368	0.21136124400284276	0.05793924891957773	0.05793924891957773	0.040806411467774244
12470000	-92.37713469600655	0.6421310475703979	-93.01926574357695	0.359247235226588	0.05111536683004151	0.05111536683004151	0.032190984520300926
12480000	-83.08790498485395	-0.8503970155325544	-82.2375079693214	0.49796221048080913	0.08188153850796731	0.08188153850796731	0.03174152260777118
12490000	-100.55141627987602	0.19200527767661058	-100.74342155755264	0.20427659918709493	0.03887957055160215	0.03887957055160215	0.028995327639164094
12500000	-73.35131491742608	0.5809348888904314	-73.9322498063165	0.51091752315756	0.07769993338018405	0.07769993338018405	0.027487715333957947
12510000	-82.78972025806077	0.988676685072137	-83.7783969431329	0.45614079853821443	0.0774077550972075	0.0774077550972075	0.036282753778912796
12520000	-113.09405041250055	2.538818767814447	-115.632869180315	0.1532063073039691	0.028774731097739845	0.028774731097739845	0.02643319179499164
12530000	-129.44390093730183	1.1258822945852391	-130.56978323188707	0.07192183942112305	0.019892029372881877	0.019892029372881877	0.02228590442544802
12540000	-76.92883169314078	0.9573653532011137	-77.88619704634189	0.5097618232210103	0.0615806300474451	0.0615806300474451	0.019587460264814976
12550000	-66.25997409912657	0.4015786756414075	-66.66155277476797	0.7726198651010419	0.12211485703333111	0.12211485703333111	0.03658977576074653
12560000	-61.770375611220175	-0.6283718776044237	-61.14200373361575	0.966578312026298	0.12769123561411966	0.12769123561411966	0.03044258877706834
12570000	-106.2143971246604	2.5932710565471733	-108.80766818120756	0.22678680690429573	0.04589193318592266	0.04589193318592266	0.029611431953561432
12580000	-81.5316139977416	-1.039544689854627	-80.49206930788698	0.5084432410257623	0.1061015820460789	0.1061015820460789	0.037407551265559974
12590000	-99.11921254850176	2.4878827106356542	-101.60709525913742	0.2572929464388137	0.020222837987932934	0.020222837987932934	0.02578793525984525
12600000	-134.9257908563626	2.4349998680926954	-137.36079072445528	0.08552215837314	0.025398624019277408	0.025398624019277408	0.01881681083729054
12610000	-88.67793215281382	1.3002579444411477	-89.97819009725497	0.5127698224286906	0.015390093772582233	0.015390093772582233	0.017811928624387685
12620000	-72.41508564988612	0.5595401328548416	-72.97462578274096	0.7035159994205373	0.11596660842649338	0.11596660842649338	0.04039830172777364
12630000	-98.48381247911703	-0.16873850959512993	-98.3150739695219	0.2997412076239446	0.05891655896320197	0.05891655896320197	0.03134286063914267
12640000	-106.52518839990482	-0.09026433204841622	-106.4349240678564	0.19193822702974678	0.029470395720556732	0.029470395720556732	0.018654416148296285
12650000	-86.57484440419441	1.3379318923638819	-87.91277629655829	0.48454957955405925	0.05486367388962453	0.05486367388962453	0.024053404534844572
12660000	-101.90060912791134	2.5221871976418937	-104.42279632555324	0.21603514183261288	0.03392055940090001	0.03392055940090001	0.02288432238711281
12670000	-131.0625355232304	2.341796090825601	-133.404331614056	0.0915692634742946	0.022817430226677267	0.022817430226677267	0.020252808396876727
12680000	-113.48212099785137	2.9330478107071287	-116.41516880855849	0.12724454539298913	0.026704573256269997	0.026704573256269997	0.027665758219226858
12690000	-148.9120786794072	2.177970031414725	-151.09004871082192	0.060350007303207595	0.0485517163921088	0.0485517163921088	0.05666444954172287
12700000	-168.08957058048222	1.0285213300727527	-169.11809191055497	0.01996968809177441	0.01802475161431269	0.01802475161431269	0.03135939707959933
12710000	-145.7557469269671	2.573737394119844	-148.32948432108694	0.03678162076903699	0.0039061595057666106	0.0039061595057666106	0.01691635305138367
12720000	-91.78340549902039	-1.0004647054832816	-90.78294079353711	0.5824221295085821	0.0739346846883523	0.0739346846883523	0.024148916524919326
12730000	-90.41342766447369	0.953585218048938	-91.36701288252263	0.45274548412009336	0.06354250298911543	0.06354250298911543	0.02586504899802755
12740000	-109.52541752667837	1.2744102074155133	-110.79982773409388	0.14959281576621863	0.04941850701348194	0.04941850701348194	0.028904781849569607
12750000	-124.6618217523686	-0.5360781145994786	-124.12574363776912	0.12438302227712027	0.029519131466720628	0.029519131466720628	0.031167362735250163
12760000	-124.24259800596555	2.47306664871258	-126.71566465467812	0.08602732131308723	0.026202199341614878	0.026202199341614878	0.029058566863441083
12770000	-88.12114887675611	2.0118611709472143	-90.13301004770332	0.3224249243146817	0.04434025558337948	0.04434025558337948	0.020335902038870854
12780000	-80.73815301963761	1.1284569352099987	-81.8666099548476	0.5764344538741474	0.10392188425306041	0.10392188425306041	0.03758629444803342
12790000	-94.619754473183	1.2256132171292955	-95.84536769031229	0.25826349340715227	0.033961606376826964	0.033961606376826964	0.02430484443621294
12800000	-98.84052819701832	0.558002573871278	-99.3985307708896	0.37023208943107033	0.023848992238596982	0.023848992238596982	0.018741449314737917
12810000	-54.30015955392016	-1.8937470001796775	-52.40641255374048	1.2614961221657726	0.11169413178718637	0.11169413178718637	0.025619186675443238
12820000	-75.97736885406184	-0.06619236407237594	-75.91117648998946	0.7607768684490669	0.07203094685525273	0.07203094685525273	0.023276173685770292
12830000	-121.02345879811499	2.4316796203011752	-123.45513841841617	0.11895911490506676	0.014079505763387836	0.014079505763387836	0.015558981181733312
12840000	-70.55865314505938	-1.2283646962888612	-69.33028844877052	0.6989948101000061	0.10007821975376371	0.10007821975376371	0.033958590278697486
12850000	-52.23144462339248	-2.649702106120049	-49.581742517272424	1.4097440128378294	0.1633799883215384	0.1633799883215384	0.03670992154976871
12860000	-54.83211197536122	-6.238799942233542	-48.59331203312768	1.5345857404974566	0.06832777244317627	0.06832777244317627	0.017686140920360333
12870000	-71.8800458324033	-0.21772181592343443	-71.66232401647986	0.723703767607953	0.1275377381336967	0.1275377381336967	0.04102512590556347
12880000	-92.77387644055484	1.6522876969216371	-94.42616413747648	0.27822156540351783	0.04465027864237066	0.04465027864237066	0.021384928718539645
12890000	-70.81056270075989	1.0508868946920988	-71.86144959545199	0.6086692515430403	0.12989409751202316	0.12989409751202316	0.04214437051341439
12900000	-58.16421368949132	-1.0903087209271134	-57.07390496856421	1.0960610036584286	0.10370035372946927	0.10370035372946927	0.028094373512061316
12910000	-76.15917931544654	0.9919332605052106	-77.15111257595174	0.5503598721854037	0.08749511996829648	0.08749511996829648	0.030427940246899498
12920000	-139.86864323217608	2.468331202171843	-142.33697443434792	0.043776425037174896	0.017655517649381287	0.017655517649381287	0.02250428836800304
12930000	-139.31503479945394	1.4270880378341473	-140.7421228372881	0.06462496964552727	0.03414727035969671	0.03414727035969671	0.04134978263253742
12940000	-86.91394088208385	-0.9326081434532836	-85.98133273863057	0.4984366032076742	0.0898767279067428	0.0898767279067428	0.028537719917784095
12950000	-69.12844834891825	-2.6440800757009817	-66.48436827321727	0.7165556488378649	0.0803319946103886	0.0803319946103886	0.027316557868898153
12960000	-98.14745882474773	1.2732612865732151	-99.42072011132095	0.2928057667132451	0.06849363651207484	0.06849363651207484	0.03372808296836918
12970000	-103.51358195594668	-2.562989425739876	-100.9505925302068	0.3196041016010048	0.06927951956945072	0.06927951956945072	0.02922017487584023
12980000	-129.36572901918038	0.3124490806126281	-129.678178099793	0.08133462658159314	0.023985828471050956	0.023985828471050956	0.023121935046500487
12990000	-96.21560425521456	2.5667632809381273	-98.78236753615269	0.17734131522352292	0.02394376666627368	0.02394376666627368	0.019511213168302084
13000000	-89.79099228809929	1.5633459385161894	-91.35433822661548	0.32990801520169444	0.05152441063543101	0.05152441063543101	0.03081488443802364
13010000	-122.93414335730722	2.0189918445670045	-124.95313520187422	0.14351585318079926	0.04042388987197499	0.04042388987197499	0.027649341648047995
13020000	-88.8528716733292	0.3698108674606102	-89.22268254078982	0.39988367484596815	0.05873234064007334	0.05873234064007334	0.02735591816046254
13030000	-72.08443670204903	-2.540456665537227	-69.54398003651181	1.1483856241390644	0.1354039708503297	0.1354039708503297	0.03793716744202322
13040000	-104.84950833603658	2.632679863683253	-107.48218819971983	0.19335731158395675	0.03835825406956446	0.03835825406956446	0.02280048378164199
13050000	-120.13000761038137	1.618659848418392	-121.74866745879976	0.11531497942873933	0.024911196627499046	0.024911196627499046	0.02058988397418348
13060000	-99.48381354462165	1.95131465122988	-101.43512819585153	0.2726711716421613	0.07736137416917804	0.07736137416917804	0.041762336730927156
13070000	-63.91153020545713	-0.5890663359827678	-63.32246386947436	0.9183500927710229	0.08966197877832455	0.08966197877832455	0.030308194872936657
13080000	-90.40328541810123	1.7649195067385932	-92.16820492483983	0.47942694887507203	0.05885823141128167	0.05885823141128167	0.027000154211455442
13090000	-81.93615476335142	0.3823287393784319	-82.31848350272986	0.5360267473890578	0.09401322879378073	0.09401322879378073	0.03279639758130241
13100000	-66.54891939007994	-0.23269478487201267	-66.31622460520794	0.902550155705586	0.14889020357374216	0.14889020357374216	0.042124079125508265
13110000	-74.11784984221234	-1.7697445980512012	-72.34810524416113	0.7463818121692662	0.0735926822621754	0.0735926822621754	0.030994926804975363
13120000	-85.8743256406577	1.4636547222553036	-87.337980362913	0.34472173456528366	0.05911798748284776	0.05911798748284776	0.0284283660676576
13130000	-134.0026879258746	2.007991701747939	-136.01067962762252	0.08765707305810327	0.041508335547253514	0.041508335547253514	0.0356513718747779
13140000	-113.49606088821625	0.3066345755062314	-113.80269546372249	0.19856510059168708	0.07116127091813597	0.07116127091813597	0.039490540227681156
13150000	-118.64118910558089	1.98535516931317	-120.62654427489406	0.12199985049224682	0.03785629483579388	0.03785629483579388	0.02861890425252271
13160000	-123.86456976991157	1.437533807772994	-125.30210357768456	0.12582288374873746	0.05182899959956818	0.05182899959956818	0.04680780301787888
13170000	-105.6919219331193	2.3434449408831113	-108.03536687400242	0.18849822515602146	0.04016909690491364	0.04016909690491364	0.024521535937695283
13180000	-95.78478475916589	1.808185101894824	-97.59296986106071	0.29744748645588315	0.0676580135903386	0.0676580135903386	0.029564867213011638
13190000	-129.28099852372694	2.2978011939162473	-131.5787997176432	0.0856106747798217	0.015543923366119056	0.015543923366119056	0.020247456475812727
13200000	-101.57218506230087	1.5924469596747248	-103.1646320219756	0.21461514348044292	0.04582435764991157	0.04582435764991157	0.026295440909678083
13210000	-118.96396247113027	2.496713828111857	-121.46067629924212	0.08730329779086969	0.024107860181864813	0.024107860181864813	0.02514269992182354
13220000	-92.99450724222345	2.2993905629087816	-95.29389780513223	0.33136171662115377	0.07263236286898501	0.07263236286898501	0.03488294245582549
13230000	-93.74195360784337	1.5894548972099418	-95.33140850505332	0.29494880726992384	0.05937507188762658	0.05937507188762658	0.030227269327386626
13240000	-109.26683912033171	2.385653704065558	-111.65249282439727	0.23898894159669476	0.06258784349843378	0.06258784349843378	0.036141535104260034
13250000	-101.39739396832863	1.9786867670363546	-103.37608073536498	0.2152002217166375	0.059164395753145624	0.059164395753145624	0.040994354054912405
13260000	-80.61197778385636	1.822880175507764	-82.43485795936412	0.43383611768643426	0.028374974387397087	0.028374974387397087	0.021692450627492935
13270000	-76.36458482866522	0.1817846009461629	-76.54636942961137	0.5954479622204361	0.058739993628243496	0.058739993628243496	0.02687611363153257
13280000	-69.15691081722892	0.6342650767458798	-69.7911758939748	0.7112104728765705	0.05225009624409687	0.05225009624409687	0.02661523984830245
13290000	-86.58827498269522	1.8453397010740407	-88.43361468376926	0.3927989901748643	0.08628861877958366	0.08628861877958366	0.03632379017861108
13300000	-112.50482179629857	1.1609529787511712	-113.66577477504974	0.21781696586683083	0.03593726823113999	0.03593726823113999	0.026691593516115997
13310000	-139.72523567126973	2.6770219772843746	-142.4022576485541	0.06120176351319423	0.016585728734872632	0.016585728734872632	0.02725919209393808
13320000	-105.0380147499843	1.466190227050209	-106.5042049770345	0.20179535389299008	0.057696357716331144	0.057696357716331144	0.03690825899188242
13330000	-102.77903531886012	2.330872054822555	-105.10990737368267	0.15489013957890646	0.03607806269555719	0.03607806269555719	0.024589717808207616
13340000	-99.02988730321759	0.2686841095062271	-99.29857141272382	0.29677084768910467	0.0627167348714854	0.0627167348714854	0.028168672381438727
13350000	-80.42333821455718	-1.3650606047086868	-79.05827760984849	0.832317696696094	0.11321977971757906	0.11321977971757906	0.0323996356430165
13360000	-123.75243506521913	0.6948976481775744	-124.4473327133967	0.13016733724003182	0.051562862626162734	0.051562862626162734	0.04111729291117733
13370000	-83.33339519212126	0.6752586697706138	-84.00865386189187	0.5386181459823741	0.11104462287373668	0.11104462287373668	0.038487849194878555
13380000	-115.13238449485333	-2.7314607236609074	-112.40092377119242	0.22313827497545363	0.03833562297880745	0.03833562297880745	0.02043683204938932
13390000	-103.6539846112779	1.9867466697025074	-105.64073128098042	0.23866213628624477	0.0602679239032272	0.0602679239032272	0.037864563850094
13400000	-75.25524471680679	1.5318270285689488	-76.78707174537574	0.5196575195243675	0.0775526606893603	0.0775526606893603	0.02920059713508178
13410000	-87.5894954944144	2.055110333772792	-89.64460582818718	0.36303702834163737	0.046531784510148666	0.046531784510148666	0.023978063961786457
13420000	-105.27749547096562	0.655377278361521	-105.93287274932715	0.2748467029440535	0.04765832349653759	0.04765832349653759	0.021955374023106163
13430000	-108.05282191626858	2.6333409772110468	-110.68616289347963	0.15921762036278475	0.03751731255876313	0.03751731255876313	0.02514558943699443
13440000	-110.07169845405711	0.42638403175435124	-110.49808248581147	0.17879099643407462	0.043200794441046	0.043200794441046	0.028970023290134223
13450000	-107.36400752368984	1.2690069957237027	-108.63301451941354	0.2631200598317856	0.08589756282974326	0.08589756282974326	0.04179086270746531
13460000	-87.52470149691759	1.4080336684842667	-88.93273516540185	0.4905203101798285	0.08429587198979073	0.08429587198979073	0.026152116400332895
13470000	-76.40747614467554	-2.0790520187463697	-74.32842412592917	0.583506489145564	0.08645520053407442	0.08645520053407442	0.033238707957721915
13480000	-71.77860287876838	0.9534204616229932	-72.73202334039138	0.5645300194695325	0.020560362668985383	0.020560362668985383	0.01623417853807931
13490000	-86.39636854708614	0.019946921176150822	-86.4163154682623	0.4639127999854419	0.06955651886198098	0.06955651886198098	0.02295699996532283
13500000	-70.00485227897437	0.7923782279903016	-70.79723050696467	0.6837062161148799	0.08250902665884413	0.08250902665884413	0.024666830311833275
13510000	-73.05230139806845	0.6494111857449318	-73.70171258381339	0.6400351669830324	0.04512388733698616	0.04512388733698616	0.023381115079236754
13520000	-77.35230129221259	0.17619663023831023	-77.5284979224509	0.7700002871996934	0.08596369718624551	0.08596369718624551	0.028210113407964962
13530000	-91.37497575499873	0.41702892527812807	-91.79200468027686	0.25910950414151046	0.05321966179051483	0.05321966179051483	0.02788018823288027
13540000	-107.66644072166449	0.09797893002318858	-107.76441965168767	0.17289936070690065	0.04254586102169222	0.04254586102169222	0.028099008748917027
13550000	-73.14699262823298	0.4199156452582201	-73.5669082734912	0.6049054016796879	0.0719344503521605	0.0719344503521605	0.025497320484968278
13560000	-107.40004266309899	2.8377518417428766	-110.23779450484186	0.12640636567055638	0.03192384335440735	0.03192384335440735	0.028313735442285777
13570000	-91.91072890388048	2.3395513594846813	-94.25028026336517	0.2577788634463762	0.023382629356119455	0.023382629356119455	0.020027827891100396
13580000	-96.0977005054271	0.9403935325590743	-97.03809403798617	0.2707022646113176	0.033707307005809775	0.033707307005809775	0.020937969511651958
13590000	-83.86366751575265	1.9868417537514556	-85.8505092695041	0.2857361403605174	0.0073276535055112335	0.0073276535055112335	0.016508434891995747
13600000	-123.78570346825425	1.646471347785885	-125.43217481604015	0.2173869856784994	0.05724257494101315	0.05724257494101315	0.039645574767661174
13610000	-121.86823936880214	0.6496791813598866	-122.51791855016202	0.19341590562529112	0.07071397077319962	0.07071397077319962	0.04611964391232
13620000	-101.13680692233754	2.1460783339744793	-103.28288525631203	0.19225520668930354	0.05927910545291194	0.05927910545291194	0.0347552786552655
13630000	-99.48311458425258	1.915116540365387	-101.39823112461796	0.22579503411596233	0.0556147186925571	0.0556147186925571	0.028248531907471654
13640000	-121.7925801503884	1.0761388788916055	-122.86871902928002	0.09169280001985552	0.026586972757609198	0.026586972757609198	0.02234700355334482
13650000	-117.15779119265792	2.1534321545668575	-119.31122334722478	0.15171931705990865	0.05747236335431329	0.05747236335431329	0.03678076044186532
13660000	-74.73505076241406	-1.0087214858573184	-73.72632927655674	0.6963609289413901	0.08413583786484902	0.08413583786484902	0.029204031650220577
13670000	-64.66995107221362	-0.5578648925857128	-64.11208617962791	0.6493685587155439	0.04658528688153813	0.04658528688153813	0.02541971080511083
13680000	-79.37394342890173	-0.02886799074811286	-79.34507543815361	0.44257263598053326	0.037384521683902876	0.037384521683902876	0.022587721508013615
13690000	-77.11012987135466	1.1051371334553823	-78.21526700481004	0.5714620076402528	0.05762051523056293	0.05762051523056293	0.02131359508292492
13700000	-91.17265568155617	0.2604561213805948	-91.43311180293676	0.5016141881497342	0.07820273612348771	0.07820273612348771	0.026241380311341055
13710000	-119.75678324000683	2.7512074516183302	-122.50799069162515	0.10368111895404358	0.027014603661547825	0.027014603661547825	0.024163922063124826
13720000	-106.66187787254759	2.689292417605468	-109.35117029015306	0.17129610666814737	0.045109740763443255	0.045109740763443255	0.03314826297784877
13730000	-85.84303527040122	1.8015322200940234	-87.64456749049523	0.33160276582549375	0.04194268630391094	0.04194268630391094	0.019917588255286996
13740000	-95.75481489531197	1.7740697595625874	-97.52888465487456	0.25124605112754816	0.04708564462142447	0.04708564462142447	0.026455168347235155
13750000	-85.31869033601868	0.4444055997657119	-85.76309593578439	0.6985508295700535	0.09692979711166157	0.09692979711166157	0.027839932220625228
13760000	-85.2367595263627	1.47471048443491	-86.71147001079761	0.3751534060913907	0.033067387861502484	0.033067387861502484	0.020034980001746996
13770000	-98.17282435367149	0.38286496280450866	-98.55568931647599	0.32339131676680966	0.06668305656718722	0.06668305656718722	0.03255582208856128
13780000	-119.73584973426078	0.7788468597476772	-120.51469659400846	0.13283828264296366	0.05182726475879415	0.05182726475879415	0.035857741797052686
13790000	-99.49722994974273	0.7305219290389539	-100.22775187878169	0.3118230643392959	0.08143030488988937	0.08143030488988937	0.03881556356085552
13800000	-100.79899143628897	2.271848317301303	-103.07083975359028	0.2251640841569373	0.037970180167755906	0.037970180167755906	0.023834066998578065
13810000	-76.3168238326683	0.632472258189567	-76.94929609085787	0.5976619947486635	0.07940459405407052	0.07940459405407052	0.022767999912708455
13820000	-112.09211965467777	2.423690062638546	-114.51580971731632	0.11674583605560764	0.028809175151811958	0.028809175151811958	0.025707774622318005
13830000	-89.1751550639039	1.6047057761781012	-90.77986084008201	0.34144307323919554	0.06625289329060206	0.06625289329060206	0.03035199770707951
13840000	-113.18518996308272	2.202061211919471	-115.38725117500219	0.27260847835540497	0.058091883506797726	0.058091883506797726	0.022496296612814
13850000	-106.59232992484877	2.74599627646299	-109.33832620131176	0.1851882945454929	0.05065269696507709	0.05065269696507709	0.03226538937707712
13860000	-107.82231050634078	2.477075556796332	-110.29938606313712	0.17643295273527707	0.043268371562471104	0.043268371562471104	0.026856036795361013
13870000	-110.57974088803358	1.7148561597590195	-112.2945970477926	0.17258874710890545	0.06082229599731889	0.06082229599731889	0.03941337753941756
13880000	-102.28088264655659	0.38891447478730257	-102.66979712134389	0.23409470960836226	0.021157726900224785	0.021157726900224785	0.023567444290539908
13890000	-106.26512276248563	2.652750317517374	-108.917873080003	0.16431536962327115	0.028910747739841734	0.028910747739841734	0.021097462961803322
13900000	-64.8911458282189	-1.0683922421980996	-63.822753586020795	0.898021826594515	0.11925674053491755	0.11925674053491755	0.03223251293675148
13910000	-82.6876413122771	1.0838318843112602	-83.77147319658836	0.4285616427480661	0.04788570801566002	0.04788570801566002	0.016497927952005772
13920000	-60.92163328146072	-0.4152910085177882	-60.50634227294293	0.7386401830534286	0.03745461359549581	0.03745461359549581	0.01734257179378236
13930000	-81.30478716549393	1.3271412669403433	-82.63192843243428	0.5341503020469156	0.06877297630704081	0.06877297630704081	0.027410250921201695
13940000	-72.10954692650861	1.1095860454945314	-73.21913297200315	0.5264415326029139	0.07523907646083011	0.07523907646083011	0.025961308861719712
13950000	-89.01522192776648	1.4282469132546112	-90.44346884102109	0.39575214514836515	0.08835439711784558	0.08835439711784558	0.03986703500468543
13960000	-89.22329335912409	1.8729618603865301	-91.09625521951061	0.40699565347289707	0.10126808714021414	0.10126808714021414	0.04236460781024818
13970000	-105.98244229971544	2.326400874091004	-108.30884317380645	0.27503278256808106	0.09538359556544036	0.09538359556544036	0.04953720224729606
13980000	-138.16926579852705	1.4506883457234752	-139.61995414425053	0.053045264296720185	0.016427608442351326	0.016427608442351326	0.02914798102729463
13990000	-101.1037673416032	2.368446532920272	-103.47221387452348	0.23526604949838048	0.033387814212191565	0.033387814212191565	0.022827869098884766
14000000	-139.74600676053106	1.7356662402381429	-141.4816730007692	0.14444971742933427	0.03301503644489849	0.03301503644489849	0.03074586471264312
14010000	-77.11719131418631	0.5498176110951615	-77.66700892528148	0.6595863138989675	0.07228728458219193	0.07228728458219193	0.02327223166598264
14020000	-67.99218492706528	-0.9788352194694808	-67.01334970759581	1.052172483275826	0.07819756160556528	0.07819756160556528	0.023080289679411503
14030000	-64.35790635667296	-1.2504282832286084	-63.10747807344435	1.0029741969476005	0.08188671523032043	0.08188671523032043	0.022194627719001082
14040000	-50.55175842412833	-7.648430942191048	-42.90332748193728	2.1146551043888495	0.15403626910602658	0.15403626910602658	0.02831845989096045
14050000	-89.57851918861267	1.5746317646576324	-91.15315095327031	0.4548774640324047	0.05648618717898868	0.05648618717898868	0.020444021849198316
14060000	-91.9962394626946	2.2809428517632764	-94.27718231445787	0.3224595940190195	0.054690872156866036	0.054690872156866036	0.029903993945947043
14070000	-106.75341481114853	2.2666089726303675	-109.0200237837789	0.25535689667054146	0.07890228944407039	0.07890228944407039	0.045769630898698885
14080000	-91.69391400831786	1.5198855179952369	-93.2137995263131	0.3107660317212932	0.04575063425257165	0.04575063425257165	0.021671526035832254
14090000	-87.27211761744326	1.3720176241138278	-88.64413524155708	0.441394047247487	0.08893158779559714	0.08893158779559714	0.031893422607787394
14100000	-106.41413908199065	0.795464504364177	-107.20960358635483	0.1826419645252466	0.042649338327525745	0.042649338327525745	0.024649756029636073
14110000	-107.62972370100233	2.474617509849603	-110.10434121085194	0.17410202872827005	0.03642161274687446	0.03642161274687446	0.025455563162716813
14120000	-78.88854443053276	0.9393267012825043	-79.82787113181527	0.37645494152755987	0.05671635522878501	0.05671635522878501	0.02465644392478438
14130000	-84.82163512575559	1.768495769075535	-86.59013089483112	0.3939590177588294	0.04978274893149493	0.04978274893149493	0.022760030545349006
14140000	-86.51215754407919	-1.0956648527184822	-85.4164926913607	0.968424244632167	0.14951596716867924	0.14951596716867924	0.04506347734748835
14150000	-72.57189255419689	0.63487115873791	-73.2067637129348	0.6179284520220114	0.0861049524558321	0.0861049524558321	0.023958277821475853
14160000	-82.31100089365236	1.070346464434591	-83.38134735808696	0.5533414105632625	0.10585712550132974	0.10585712550132974	0.036155137151578226
14170000	-82.28888952739075	0.869450652107029	-83.15834017949778	0.5503950945926285	0.05409094231862586	0.05409094231862586	0.023064087906816137
14180000	-79.90897288327064	1.5112582672328636	-81.4202311505035	0.40867760440548	0.030369152267082544	0.030369152267082544	0.019491086517374127
14190000	-101.42476575854499	0.017851955755850746	-101.44261771430084	0.22085045110400028	0.023927587909040746	0.023927587909040746	0.015406358867900491
14200000	-108.62054609427408	2.737324357055668	-111.35787045132975	0.1396379283529767	0.03212415121159709	0.03212415121159709	0.02509498401482944
14210000	-92.14318152004006	1.7190733455032852	-93.86225486554335	0.3380413433188801	0.06148328594921959	0.06148328594921959	0.02470863742126482
14220000	-68.49925565571492	1.143615727419889	-69.6428713831348	0.5937913407518902	0.1007275160086643	0.1007275160086643	0.03247815979026026
14230000	-110.67278124812972	1.4557952511076677	-112.1285764992374	0.18362243005553208	0.04515360976759808	0.04515360976759808	0.02605544384039498
14240000	-115.42308052297268	1.612090539743276	-117.03517106271596	0.13253265952401982	0.027894622843270416	0.027894622843270416	0.022012650807596384
14250000	-100.78052729086012	-0.6724963093996541	-100.10803098146047	0.2918757639552593	0.047230651173904376	0.047230651173904376	0.025145915347703912
14260000	-85.49176923004222	1.416586892402882	-86.9083561224451	0.3907615119560419	0.06237241083158436	0.06237241083158436	0.02725177234506352
14270000	-85.84949702877636	-0.9077297962854813	-84.94176723249088	0.4481772843680031	0.06201808594750389	0.06201808594750389	0.029340785387652453
14280000	-141.14373731888946	1.314633518720263	-142.45837083760972	0.05365316927945545	0.02119868814940863	0.02119868814940863	0.030781781542380933
14290000	-144.6914712951998	0.917385280329654	-145.60885657552944	0.05618259378782497	0.028109527802851732	0.028109527802851732	0.029694606662355932
14300000	-194.6688729334002	1.6797320558448856	-196.34860498924508	0.008055523965826981	0.0067152283455446105	0.0067152283455446105	0.0254822001242606
14310000	-180.0574173091308	-1.2336576502545653	-178.82375965887624	0.014481377710935555	0.01166085467187688	0.01166085467187688	0.026573585220026848
14320000	-157.19757891882293	0.6319347286038548	-157.82951364742678	0.06395130277500705	0.03441004128768427	0.03441004128768427	0.0331999672168299
14330000	-163.95109155538736	1.761643128852942	-165.7127346842403	0.020458616298952896	0.010942703117607968	0.010942703117607968	0.02507792052407005
14340000	-124.06482951269939	2.688230148582746	-126.75305966128214	0.08846870649748013	0.03609046098570158	0.03609046098570158	0.035071426997605175
14350000	-92.98931698715101	1.3464557512072388	-94.33577273835826	0.3113626991206743	0.06657425084442208	0.06657425084442208	0.03447562835152684
14360000	-109.37993889269511	2.6155992189421844	-111.99553811163729	0.15769407445484707	0.018497446788638856	0.018497446788638856	0.02075916502562347
14370000	-157.33314602565528	0.021812029189702375	-157.35495805484499	0.03782735381713079	0.02364661024549897	0.02364661024549897	0.028990973842119728
14380000	-162.81334015789997	0.678646904526877	-163.49198706242686	0.03803566446062547	0.023976703886578705	0.023976703886578705	0.028422740647812327
14390000	-165.89511620553475	-0.9082914863803162	-164.98682471915444	0.02845997700256386	0.020964083399437214	0.020964083399437214	0.0361400572764832
14400000	-142.3426129572228	0.3930677824408777	-142.73568073966368	0.07485870553074328	0.022715696961469727	0.022715696961469727	0.028155152976780142
14410000	-124.30517247886917	2.009278544028829	-126.314451022898	0.08379672694429142	0.028026137970414353	0.028026137970414353	0.026177529496141404
14420000	-120.91942951457038	2.293201225453569	-123.21263074002395	0.1356267014774873	0.029761709687284445	0.029761709687284445	0.02024191350833015
14430000	-101.33584873823328	1.040770266341931	-102.37661900457522	0.2633128238461124	0.055581647637157894	0.055581647637157894	0.031994900872160274
14440000	-78.62242106913189	-0.08652071551916096	-78.53590035361273	0.5284630402403089	0.05367928590440996	0.05367928590440996	0.02914658466987103
14450000	-66.60419266616788	-0.8557187398212457	-65.74847392634663	0.9165811255527193	0.09030171724689517	0.09030171724689517	0.02535317699792472
14460000	-66.0105685641966	0.15612036365956394	-66.16668892785617	0.8352094247860564	0.10926946229009	0.10926946229009	0.03524358910747756
14470000	-96.00443079294023	2.0232694227937413	-98.02770021573397	0.22018123457571667	0.026865336851616586	0.026865336851616586	0.020109629196630847
14480000	-74.2332991932119	0.8159285956971843	-75.04922778890909	0.6437936476804932	0.04721876184748437	0.04721876184748437	0.01767468916488794
14490000	-102.8665711411022	2.348004807794481	-105.21457594889668	0.302552900163607	0.08092505953523212	0.08092505953523212	0.03928599344772576
14500000	-96.35482038971827	2.171240771920732	-98.526061161639	0.25847672308072117	0.044466044470526205	0.044466044470526205	0.020007515740737742
14510000	-63.10026920223928	-1.356834971976245	-61.743434230263034	0.8587912285008532	0.05253341350599828	0.05253341350599828	0.019067231528931947
14520000	-96.10670883514564	1.9823939376015305	-98.08910277274717	0.30168008295814736	0.009646947749734272	0.009646947749734272	0.01544091831140321
14530000	-100.0946612359533	1.0582450353191022	-101.1529062712724	0.26376783449710617	0.0497622116443055	0.0497622116443055	0.028159619400386332
14540000	-111.14254281858612	-0.7495152658891326	-110.39302755269699	0.18236464623064041	0.04878191532652147	0.04878191532652147	0.025792601843685675
14550000	-103.1044893784619	1.638725442560474	-104.74321482102238	0.20975590723762053	0.0416639732252452	0.0416639732252452	0.023023357846940595
14560000	-97.5007200430035	0.4154886801722988	-97.9162087231758	0.21484136185543706	0.0399308378947103	0.0399308378947103	0.02150352234264863
14570000	-102.36244530607924	-0.21214807180462936	-102.1502972342746	0.2613660996010269	0.050859555562324125	0.050859555562324125	0.027629972291023545
14580000	-65.44118934818519	-1.2489219885646272	-64.19226735962056	0.9205140592534253	0.10256654770284127	0.10256654770284127	0.02621837818773115
14590000	-91.8146256043444	1.5390618193262284	-93.35368742367062	0.32643730643117236	0.07068770458777258	0.07068770458777258	0.03753996682956096
14600000	-106.68582389513526	2.393032371626058	-109.07885626676132	0.21483345694510517	0.05274387228564442	0.05274387228564442	0.027049222242564425
14610000	-124.27166281853113	1.904740815899303	-126.17640363443043	0.12471717891711079	0.04598822228121048	0.04598822228121048	0.03453667585856504
14620000	-106.6811997759859	1.7704869774893162	-108.45168675347522	0.1747371663470846	0.0359330794404243	0.0359330794404243	0.02188549658694569
14630000	-99.17910572835561	1.4932725820296504	-100.67237831038526	0.32675368882319267	0.05594863624702832	0.05594863624702832	0.02830315367150432
14640000	-85.53211171073642	-0.6590354782343351	-84.87307623250209	0.5618307615670753	0.07677850665508654	0.07677850665508654	0.02396927103833868
14650000	-58.12183735582031	-1.3855933270584528	-56.73624402876186	1.0815453464915576	0.0672469171441504	0.0672469171441504	0.012259141691341593
14660000	-84.68417750539945	0.9863907331705986	-85.67056823857004	0.4575006379892933	0.06339311668474261	0.06339311668474261	0.027234379636643075
14670000	-78.00952778865413	1.8995983975895663	-79.9091261862437	0.38607523036860686	0.05147304435209981	0.05147304435209981	0.019994885368251065
14680000	-111.87236646260925	2.2279504506347503	-114.100316913244	0.1723389293551997	0.03399219566554802	0.03399219566554802	0.024592562848778317
14690000	-89.08042840529717	1.4292940246626293	-90.5097224299598	0.43952014498970743	0.06221562020561626	0.06221562020561626	0.024298090947679762
14700000	-93.2790502661119	0.6865316615402007	-93.9655819276521	0.49432384516755307	0.017205697649562212	0.017205697649562212	0.022038282818896176
14710000	-75.19256612079207	1.8091138301149985	-77.00167995090706	0.45710257153221334	0.042636742132879636	0.042636742132879636	0.02328456750767387
14720000	-92.4833226116619	2.239015744384961	-94.72233835604686	0.23617329006785348	0.029447849470106743	0.029447849470106743	0.018709990280179015
14730000	-73.8160706735673	0.8540721619658416	-74.67014283553314	0.5665718142882316	0.0394397247605817	0.0394397247605817	0.019646805061817957
14740000	-66.69655004464299	0.5370102199541077	-67.2335602645971	0.709643798293217	0.05863831326466486	0.05863831326466486	0.01963612467535458
14750000	-68.48624997613058	-1.8291304356450953	-66.65711954048548	0.8347192575862856	0.03396467024808073	0.03396467024808073	0.02452644028412167
14760000	-65.25515365824475	-1.262265611227599	-63.99288804701715	0.6791125570587112	0.0442680167914172	0.0442680167914172	0.02021296731775567
14770000	-84.0349745601689	1.789014098059647	-85.82398865822856	0.44919587671704897	0.05476911655644173	0.05476911655644173	0.02425884069586315
14780000	-114.98457216506216	-0.9673867104691181	-114.01718545459305	0.17573351383041158	0.04884095442917236	0.04884095442917236	0.02998911105319315
14790000	-92.74397016830683	1.3469727374601947	-94.09094290576702	0.3271132084649718	0.04555609665049244	0.04555609665049244	0.028092942573076356
14800000	-86.98816325041889	-0.31446183031334884	-86.67370142010554	0.3881907311775327	0.07077067811350615	0.07077067811350615	0.029859498772392738
14810000	-64.85944230374547	-0.6152446356727478	-64.24419766807272	0.9006671807002373	0.11544180556454507	0.11544180556454507	0.035354649231051874
14820000	-109.31072627549094	1.791951036301871	-111.1026773117928	0.1445350531787504	0.028895767466431212	0.028895767466431212	0.023582730530665872
14830000	-92.6423864052745	-1.5792795618204218	-91.06310684345407	0.2546696227081766	0.034247648330807484	0.034247648330807484	0.024180517457567365
14840000	-87.85184224757438	2.3776206281681365	-90.22946287574251	0.25737145716780485	0.02969281265936474	0.02969281265936474	0.02120021080326684
14850000	-99.39724289037646	1.7418685131159122	-101.13911140349238	0.27121302960131294	0.04637303367234976	0.04637303367234976	0.020865187227668072
14860000	-95.97851537839009	1.8700753544550257	-97.84859073284511	0.28529156587148835	0.05893467764099563	0.05893467764099563	0.03196964970104905
14870000	-117.93314963837635	2.0432532469027445	-119.9764028852791	0.17917618323431767	0.06728573363438317	0.06728573363438317	0.0423541226187506
14880000	-112.0325572433347	1.5527242096374585	-113.58528145297215	0.20381377016073676	0.060602208373799635	0.060602208373799635	0.033091987826780196
14890000	-106.78120132724172	2.7709967438247043	-109.55219807106643	0.14365063901728725	0.04353683068348859	0.04353683068348859	0.03307554210416931
14900000	-142.40129379427643	-0.4764800666453284	-141.9248137276311	0.07510944888858602	0.038405696844166164	0.038405696844166164	0.03976268658626122
14910000	-98.92917178368613	2.208396595130225	-101.13756837881635	0.28202623883951344	0.054281072528003974	0.054281072528003974	0.02922633432759566
14920000	-129.07373920886968	1.8957150919398664	-130.96945430080956	0.07320951076020299	0.027644613409468	0.027644613409468	0.02691291734388327
14930000	-87.15761908374408	1.7572126184987673	-88.91483170224285	0.3240051767703849	0.06354242940927755	0.06354242940927755	0.030491713424273557
14940000	-82.74697779022016	1.5874314097025963	-84.33440919992276	0.4875586023221424	0.0713854871666647	0.0713854871666647	0.024675853642476635
14950000	-104.23897559349942	2.7452045363204087	-106.98418012981983	0.1497518811225208	0.023568797008771566	0.023568797008771566	0.02293338364662295
14960000	-98.32362772206335	1.8053112547894905	-100.12893897685284	0.2288752662457442	0.04749511937687982	0.04749511937687982	0.029843531701070805
14970000	-86.3782031971742	-0.07582320550161858	-86.30237999167258	0.3747498087079517	0.06045954750116362	0.06045954750116362	0.029668215771304178
14980000	-91.66665182480374	-1.415989477740839	-90.2506623470629	0.32356954866610094	0.03929084747221476	0.03929084747221476	0.024754705070712035
14990000	-98.48555526047858	2.007975256133192	-100.49353051661177	0.34677551771841947	0.07378737185765334	0.07378737185765334	0.030604831029673048
15000000	-90.78547378443996	0.8018108089675867	-91.58728459340755	0.3023656054706033	0.06725483146863029	0.06725483146863029	0.033022056718327954
15010000	-67.29518199324538	-0.9662950490785258	-66.32888694416685	0.6499741925247728	0.050452287721020124	0.050452287721020124	0.02703762175076944
15020000	-98.09653198347841	1.6507373950767708	-99.74726937855519	0.23395752548995016	0.050031442880709334	0.050031442880709334	0.03130988028101614
15030000	-82.12079276663945	1.0755342440184348	-83.19632701065788	0.4566893577573486	0.08658378210273786	0.08658378210273786	0.03356604728988658
15040000	-65.88436004071654	-0.627655259696928	-65.25670478101962	0.9484340477778693	0.10331942599825263	0.10331942599825263	0.028294396878848
15050000	-98.2828237974877	2.353174285915596	-100.6359980834033	0.2403632456922593	0.016992650809375575	0.016992650809375575	0.016683356335973384
15060000	-133.18478177617456	-2.3836826296603677	-130.8010991465142	0.11253891951787856	0.05982149933349828	0.05982149933349828	0.05179503803820944
15070000	-87.82959395372785	-0.33683331463488786	-87.49276063909296	0.5333720988023051	0.0896629204096483	0.0896629204096483	0.034695186648898806
15080000	-81.39755401507314	-1.1709496512120858	-80.22660436386106	0.8114520965345201	0.12206544368890111	0.12206544368890111	0.03939505335053648
15090000	-77.41403245258773	0.6973621363689081	-78.11139458895664	0.40833651201871646	0.04744469895988402	0.04744469895988402	0.021747814589389
15100000	-98.74025284061425	1.2950543514942625	-100.0353071921085	0.3748965255828062	0.0855601701709268	0.0855601701709268	0.03346908833890834
15110000	-96.21031136966033	1.8574239984482062	-98.06773536810854	0.34466342118800003	0.05509564406485062	0.05509564406485062	0.01595786879892066
15120000	-106.42482005137919	1.720184142342302	-108.14500419372149	0.1811471599356811	0.051281356080135086	0.051281356080135086	0.02901603955052138
15130000	-97.15319828827687	1.9528556308624427	-99.10605391913931	0.35325990425582093	0.06863259593130538	0.06863259593130538	0.03291104671796818
15140000	-118.77609993534244	2.1099052136729233	-120.88600514901536	0.1336528143168255	0.04896236723820028	0.04896236723820028	0.030590348333676385
15150000	-72.00227244210512	0.4497312652806963	-72.45200370738581	0.553693144246421	0.05834036237401949	0.05834036237401949	0.02751506799250393
15160000	-87.25522704232883	1.0146441490913753	-88.26987119142021	0.2980131885973562	0.0522227169917425	0.0522227169917425	0.024296358772521717
15170000	-92.59967406532043	0.7383190622606509	-93.33799312758109	0.34159056004794863	0.061431012220461566	0.061431012220461566	0.0313397418128039
15180000	-94.42128664123776	2.358560715335852	-96.77984735657361	0.31232395378973765	0.053163508511447334	0.053163508511447334	0.02614993592361123
15190000	-90.99651605335288	0.22041310973689487	-91.21692916308977	0.3136337405233962	0.06484574252356486	0.06484574252356486	0.03323820071882716
15200000	-85.76393105392188	1.2252836186836615	-86.98921467260554	0.5296251295667397	0.028485238628438485	0.028485238628438485	0.02127643118044848
15210000	-84.81899374049937	-3.953832346590805	-80.86516139390856	0.47818346574722953	0.045536483459912055	0.045536483459912055	0.017876478093841387
15220000	-94.19490297760622	1.5709483514948686	-95.76585132910108	0.37491728483754044	0.08543852916742826	0.08543852916742826	0.03430982843693965
15230000	-134.83852119364084	0.27601086516280127	-135.11453205880363	0.0816282649520327	0.03618750845513784	0.03618750845513784	0.03495428939526414
15240000	-150.3678754006498	2.4213004498644644	-152.78917585051428	0.04064303924025426	0.015952658584145008	0.015952658584145008	0.026705077073617613
15250000	-140.71638463221137	2.243721796590056	-142.96010642880142	0.05376474504405646	0.02063337858097566	0.02063337858097566	0.020488442630917876
15260000	-140.8379033201017	2.0619357928265454	-142.89983911292825	0.06489230581503401	0.028221476715551887	0.028221476715551887	0.03515579507828463
15270000	-114.0589391856712	2.021909046711779	-116.08084823238299	0.13189529703880332	0.022870226010434803	0.022870226010434803	0.02027678838841612
15280000	-157.09386504410833	2.3438699575774775	-159.4377350016858	0.038867551811471945	0.020343598518885002	0.020343598518885002	0.02855253254802039
15290000	-134.87571458688822	0.38343274294833307	-135.25914732983657	0.07173623560379738	0.022940871068178256	0.022940871068178256	0.026980174765535
15300000	-127.61001166758533	2.00369892628251	-129.61371059386784	0.1324082986629327	0.03397880367740278	0.03397880367740278	0.03379438552227774
15310000	-120.29152776325544	2.3999877746009886	-122.69151553785643	0.12640398674034128	0.05022607800548004	0.05022607800548004	0.04045492686400774
15320000	-114.96754293357922	1.9875385440712077	-116.95508147765044	0.17033407630998915	0.04894665860873126	0.04894665860873126	0.032855782678286906
15330000	-136.65617935412374	1.2242053428949546	-137.88038469701868	0.0607036854059061	0.024604428986990456	0.024604428986990456	0.025988529907279897
15340000	-117.84901341220484	1.381789317137673	-119.23080272934251	0.14722702447117214	0.044739934332808824	0.044739934332808824	0.028862602818109595
15350000	-79.09317835624753	-1.1141012232402412	-77.9790771330073	0.45922267818379625	0.05132141461163871	0.05132141461163871	0.026958227193510022
15360000	-112.43762332032105	1.4389911209117314	-113.87661444123279	0.17981367394818454	0.051750795300891	0.051750795300891	0.033882150944069836
15370000	-85.25040917527478	0.8688127193449765	-86.11922189461976	0.3395169331857363	0.05786516741452609	0.05786516741452609	0.026549194615109704
15380000	-105.84466553997994	2.727766635725653	-108.5724321757056	0.14535612625293742	0.029471113721337996	0.029471113721337996	0.02555274837872763
15390000	-125.35269150850607	2.496832181472243	-127.84952368997831	0.10367977383565796	0.04044759976828525	0.04044759976828525	0.035659588702171716
15400000	-113.94702427652997	1.8086225407346657	-115.75564681726463	0.14819893763506323	0.040461419805920974	0.040461419805920974	0.03302873604933729
15410000	-87.83398987869195	1.6608260365871268	-89.49481591527908	0.42827913274626095	0.05023602226471393	0.05023602226471393	0.024128723416451305
15420000	-71.0482129274233	0.7903253996686418	-71.83853832709194	0.7072045232695104	0.07048023883947171	0.07048023883947171	0.023967801356408417
15430000	-87.14108486499082	1.4753641093170144	-88.61644897430783	0.3194866510229846	0.03742400150221822	0.03742400150221822	0.01845992927917708
15440000	-77.30306340071348	-1.3214174362648867	-75.9816459644486	0.6045435503301939	0.07600871042282852	0.07600871042282852	0.024927624712643967
15450000	-77.39041053790085	-0.45646306258284375	-76.933947475318	0.7502569581802573	0.05830061342452087	0.05830061342452087	0.023552449352537738
15460000	-89.41596774835587	1.6846142100479842	-91.10058195840385	0.35684465074797933	0.054455721969665784	0.054455721969665784	0.02805230067255552
15470000	-77.6438131393995	-0.49709493527086346	-77.14671820412863	0.6793444133468294	0.07256067770647331	0.07256067770647331	0.023556861296406356
15480000	-120.992995888547	2.5797908039532045	-123.5727866925002	0.10825650821801987	0.028752530417134697	0.028752530417134697	0.023510911222366024
15490000	-92.35346120970509	-2.775695223588169	-89.57776598611692	0.4670797078553641	0.05645678120910182	0.05645678120910182	0.02654385975636442
15500000	-91.4728688314074	0.4454961930151743	-91.91836502442257	0.4523795707553368	0.1005074155600742	0.1005074155600742	0.03931024985561467
15510000	-104.93165850937757	1.1867803706719862	-106.11843888004955	0.21497491997817778	0.020649191559508735	0.020649191559508735	0.021463990645082188
15520000	-90.11827368603919	0.6288077285571906	-90.74708141459638	0.41543348582012324	0.09162061424956602	0.09162061424956602	0.04242379347844145
15530000	-87.35648538390288	1.1692241961835297	-88.52570958008641	0.3962433461061507	0.06489051780947486	0.06489051780947486	0.027757300757153727
15540000	-87.39372710148719	0.8785158104394645	-88.27224291192665	0.6140650730378141	0.10546873919814523	0.10546873919814523	0.036871476038274856
15550000	-97.59223851885555	0.884533806171122	-98.47677232502667	0.2535809990542303	0.051683859662980315	0.051683859662980315	0.025317662180569266
15560000	-78.57082962207035	1.8425628714009472	-80.41339249347129	0.3609818013429478	0.021778114783036977	0.021778114783036977	0.020151072166175378
15570000	-102.8921795302882	1.660694933876481	-104.55287446416469	0.26880253213582583	0.05635309368457046	0.05635309368457046	0.026386093899830487
15580000	-100.18166749971448	1.7014480689075122	-101.88311556862199	0.23215567568741294	0.048816517478128915	0.048816517478128915	0.029926481953777874
15590000	-58.81157951550947	-0.37275626827808717	-58.43882324723138	0.7934936294048245	0.06418876501083964	0.06418876501083964	0.022318279249495455
15600000	-62.22756733705706	0.4546305664282071	-62.68219790348527	0.773891421681036	0.08357195151670675	0.08357195151670675	0.024277350366446633
15610000	-70.78159409418642	0.2680700549855243	-71.04966414917195	0.5221754764586122	0.07339495852441544	0.07339495852441544	0.02577990543938788
15620000	-76.41656692244177	1.1098876701789409	-77.52645459262071	0.6326707485378528	0.0715714385230472	0.0715714385230472	0.02684344612974434
15630000	-75.63914559602001	1.4653681593190375	-77.10451375533906	0.4719905174563884	0.06330918329493215	0.06330918329493215	0.02709251467241564
15640000	-103.6215941763413	-2.300186423038533	-101.32140775330276	0.347578129258051	0.07470976157664415	0.07470976157664415	0.031535258880729854
15650000	-134.71288526931494	1.9778657512367537	-136.6907510205517	0.058053026977345226	0.015750964056210806	0.015750964056210806	0.02447452872608815
15660000	-99.50251253216331	0.9294102794793336	-100.43192281164264	0.32365607671603547	0.06934355932932001	0.06934355932932001	0.03857417140167339
15670000	-84.40403871165049	1.0137654920200077	-85.4178042036705	0.46196484741205485	0.062496791444554986	0.062496791444554986	0.02660332774070714
15680000	-112.93716100205748	1.9667407630678495	-114.90390176512533	0.19681585592241213	0.009467552767531466	0.009467552767531466	0.01864012129906698
15690000	-92.66524431539204	2.4740445802607067	-95.13928889565275	0.30697731645243853	0.04996058936072443	0.04996058936072443	0.03093100085512887
15700000	-100.78104529932483	-5.14276439951938	-95.63828089980545	0.3311090983999495	0.06768636747428343	0.06768636747428343	0.03279918955567775
15710000	-101.9254176895738	-0.7739781862637702	-101.15143950331003	0.2262037459185182	0.05157703666081424	0.05157703666081424	0.024784898571964968
15720000	-131.210170039963	1.2121672729819601	-132.42233731294496	0.07895076037958301	0.02376308599537015	0.02376308599537015	0.025163807345918346
15730000	-111.1700734621406	2.889243615329339	-114.05931707746994	0.1588685532153841	0.02470824587541772	0.02470824587541772	0.027995949075419607
15740000	-68.12239272404366	0.7961153136143082	-68.91850803765797	0.727202816930238	0.06616314744518642	0.06616314744518642	0.027212503507284814
15750000	-84.59042820833146	0.8887465744410202	-85.47917478277247	0.3972127019530189	0.05387780670384965	0.05387780670384965	0.026951710463141067
15760000	-68.23766016959783	-2.022943893148785	-66.21471627644904	0.7765341119665558	0.09389212138719465	0.09389212138719465	0.023525020259736625
15770000	-94.49110392919879	1.5476449101162846	-96.03874883931508	0.2843434424195682	0.04539407381902214	0.04539407381902214	0.02329692400722461
15780000	-95.79223964778512	-0.9523460563204988	-94.83989359146463	0.2790396576539243	0.05092852416451628	0.05092852416451628	0.024251362540043495
15790000	-83.66914896088214	0.9745314379087523	-84.64368039879089	0.48930210159917725	0.06844610176614604	0.06844610176614604	0.023832843355922523
15800000	-79.68345510499552	1.1303000561461864	-80.8137551611417	0.5044445009101419	0.06532245460563427	0.06532245460563427	0.02624318547720084
15810000	-137.90811740896407	1.8936973516170765	-139.80181476058115	0.1087015079625821	0.03505312536702846	0.03505312536702846	0.02225132669409193
15820000	-94.9749833826864	1.1211078758771542	-96.09609125856356	0.361982563763604	0.0601207149815595	0.0601207149815595	0.02264253715204489
15830000	-92.10056386050667	0.6093579904475718	-92.70992185095425	0.3463524913822631	0.04898943170439648	0.04898943170439648	0.01574954777850986
15840000	-74.99392068797367	-1.9611213328221435	-73.03279935515152	0.58825593428183	0.0642995006229025	0.0642995006229025	0.024116920119017858
15850000	-81.18418388254094	1.8141912015555643	-82.9983750840965	0.4305816219053971	0.059818442885115966	0.059818442885115966	0.025432251872883095
15860000	-67.20938278152573	0.08878711340961842	-67.29816989493536	0.6203674640999467	0.06379181892319497	0.06379181892319497	0.0230016019815202
15870000	-87.38802716176771	1.1661775474598604	-88.55420470922758	0.29618258075055387	0.0558565187285236	0.0558565187285236	0.03062140489527902
15880000	-85.74030487516117	1.3419814734181148	-87.08228634857929	0.48277300518667304	0.10893446480644244	0.10893446480644244	0.03985129644741996
15890000	-96.99732532225872	0.5608464762376637	-97.55817179849637	0.24495582577101022	0.00886814651844466	0.00886814651844466	0.015583050169483574
15900000	-82.69782505416987	-2.3595418454721844	-80.33828320869769	0.5244245034213798	0.06021225382316817	0.06021225382316817	0.020164841285211902
15910000	-67.36938918767704	-0.6825957033512442	-66.6867934843258	0.8329992959757375	0.1267715929183204	0.1267715929183204	0.036946918261044195
15920000	-80.45509071466314	2.042533868477961	-82.4976245831411	0.38279162787334314	0.04691756121234028	0.04691756121234028	0.0212171904080104
15930000	-87.73491982990336	0.7944931548683963	-88.52941298477175	0.4167305189876054	0.043887905509288144	0.043887905509288144	0.021528197728080248
15940000	-74.49632095541975	0.9833909625267553	-75.4797119179465	0.4863154037610747	0.06470901247669637	0.06470901247669637	0.022984175214846393
15950000	-81.76088736266858	1.1293617486694294	-82.89024911133801	0.4689886033055414	0.08141830866772153	0.08141830866772153	0.029533440590735167
15960000	-103.00779475492952	1.0638275080448318	-104.07162226297436	0.27291829349368985	0.04072085580480238	0.04072085580480238	0.02263784566274626
15970000	-68.20715642821237	0.3959233230412057	-68.60307975125357	0.5879189692648482	0.0855283631779015	0.0855283631779015	0.028464012095573053
15980000	-74.24127986933476	0.7374761956168352	-74.9787560649516	0.6916124197195185	0.11616304775604348	0.11616304775604348	0.04348648471035318
15990000	-105.6138056730584	2.1400113478206326	-107.75381702087903	0.17151302226489876	0.06182913092348229	0.06182913092348229	0.03855575922562102
16000000	-103.18708642397293	2.4409843093082757	-105.6280707332812	0.1544629130606339	0.01962805040411648	0.01962805040411648	0.01690534932989525
16010000	-142.0574301095772	2.765231169691073	-144.8226612792683	0.05570280058564152	0.016176993152210987	0.016176993152210987	0.03060611299196839
16020000	-148.05648871038062	1.6198872851363255	-149.67637599551693	0.04587726932796911	0.024467001143244942	0.024467001143244942	0.02833594843039868
16030000	-103.03095088629368	2.3863726639824243	-105.41732355027611	0.18283042867556284	0.03187831825534862	0.03187831825534862	0.022511907972769068
16040000	-90.69747829378201	0.17687608250338194	-90.8743543762854	0.40369706280214795	0.08147622514992367	0.08147622514992367	0.03426004260612461
16050000	-75.42791072303713	-0.5200569585543319	-74.9078537644828	0.732474543196313	0.06630183980324333	0.06630183980324333	0.02271920913766696
16060000	-89.4319690712011	1.3105913952890926	-90.74256046649019	0.4735230373548284	0.09058492129979868	0.09058492129979868	0.03172903169387038
16070000	-115.54974005172113	2.4993139726436167	-118.04905402436475	0.14346688734774887	0.037352728696883976	0.037352728696883976	0.02426923911224206
16080000	-130.0581592244138	2.833539621046431	-132.89169884546024	0.10533525622757518	0.025967683961564476	0.025967683961564476	0.023688125758743024
16090000	-123.17513981111007	2.496049960090592	-125.67118977120066	0.09712674162329786	0.02474561421438423	0.02474561421438423	0.026589278752537644
16100000	-124.43732090316226	2.8365317070839025	-127.27385261024617	0.11444464624637861	0.03643613484146032	0.03643613484146032	0.028699386656962714
16110000	-135.03653731507683	1.6510608629240582	-136.68759817800088	0.0769629079276426	0.0331363771990055	0.0331363771990055	0.03346297239411227
16120000	-130.64786166781744	1.5404078919003337	-132.18826955971778	0.12341474185815968	0.03916547192018186	0.03916547192018186	0.03150905238115579
16130000	-123.19606499089018	2.4702415226001517	-125.66630651349033	0.09428439308899436	0.0397265839284795	0.0397265839284795	0.030943743699671664
16140000	-86.05076302506491	0.9700354916823258	-87.02079851674723	0.36677125581547554	0.053564354887789246	0.053564354887789246	0.02674834694668004
16150000	-62.372446128873094	-2.2150585648176633	-60.15738756405543	1.1632805947105411	0.11330677791484721	0.11330677791484721	0.026906181500236957
16160000	-86.7788234926464	0.9097813547885197	-87.68860484743492	0.3190004285745083	0.04817560768539732	0.04817560768539732	0.02588258135144074
16170000	-121.13968005599759	2.6641145848239844	-123.80379464082158	0.112368242962138	0.030190472394854	0.030190472394854	0.02381232080091887
16180000	-151.92007208751443	-0.7735794621655416	-151.14649262534888	0.04098807650037742	0.021601640844422464	0.021601640844422464	0.03582290601024676
16190000	-136.28108426715184	-0.8251064881548973	-135.45597777899695	0.07097578657286006	0.029514967952802965	0.029514967952802965	0.027980138095897757
16200000	-119.41434975566935	2.6050177921415476	-122.0193675478109	0.14734969012825502	0.04420621167345272	0.04420621167345272	0.02985527678120095
16210000	-108.64602567308195	-0.9797928408807772	-107.66623283220117	0.2693706891530971	0.059284497741543936	0.059284497741543936	0.02971537339776208
16220000	-106.59396255315097	2.089686640069923	-108.6836491932209	0.3448102897042524	0.07087079105982423	0.07087079105982423	0.03321432621652848
16230000	-108.97350368317004	2.0701724129042676	-111.04367609607431	0.34970720025929014	0.052948575136375735	0.052948575136375735	0.02032204400249136
16240000	-108.82683305045816	2.8007883478968867	-111.62762139835505	0.1394797918596438	0.026523598574246434	0.026523598574246434	0.023510631275742253
16250000	-100.3538739626778	-1.723749698491459	-98.63012426418634	0.31101995595197934	0.05524190944679536	0.05524190944679536	0.024642565106332063
16260000	-97.83667082429506	2.5805362038693005	-100.41720702816436	0.21671173507333888	0.019775612812596575	0.019775612812596575	0.02378460933023629
16270000	-129.29760092121316	2.5755510108280486	-131.8731519320412	0.07541768721026376	0.03330799729979852	0.03330799729979852	0.030000603825389195
16280000	-129.07392835164381	1.7347959782967854	-130.8087243299406	0.12119258539685061	0.05329729188668766	0.05329729188668766	0.04558514615966493
16290000	-104.29887176547692	2.2597616530225557	-106.55863341849947	0.23679474790928295	0.06234028611349312	0.06234028611349312	0.034703555410651864
16300000	-73.15049306700035	0.493097165294076	-73.64359023229443	0.6132544987001591	0.07989868638569829	0.07989868638569829	0.02988173007571071
16310000	-92.38718317271744	-0.44391576885621165	-91.94326740386123	0.3216942751612305	0.05817643148695796	0.05817643148695796	0.02385770060486567
16320000	-122.32725377573024	1.2616998963701391	-123.58895367210037	0.1066545652532101	0.019309590050873966	0.019309590050873966	0.016930241007931373
16330000	-105.85878635322929	1.1756597631001457	-107.03444611632943	0.21857322964006431	0.05110901819515698	0.05110901819515698	0.02699246686315944
16340000	-107.61424684421972	2.69983931982753	-110.31408616404725	0.22185746987131502	0.052283277407357207	0.052283277407357207	0.032517142767168994
16350000	-97.41759193990026	1.8619374176788033	-99.27952935757907	0.27678000139573083	0.036392742423141035	0.036392742423141035	0.02020290843739492
16360000	-74.30416502743304	1.0575542351855973	-75.36171926261864	0.4972547487876592	0.07237911895072488	0.07237911895072488	0.027875210617703622
16370000	-96.00304452778569	2.4476022520235956	-98.45064677980929	0.2780863099577133	0.03239270520426808	0.03239270520426808	0.02405497143069412
16380000	-62.43850785865834	-0.3781464709733965	-62.06036138768494	0.9548110308489564	0.1394198830681981	0.1394198830681981	0.040466973670193404
16390000	-74.36644962361451	-1.4597363428790362	-72.90671328073547	0.6866893915741208	0.06292765813350115	0.06292765813350115	0.021226771944368852
16400000	-73.95128500123477	0.15617908852957496	-74.10746408976433	0.6157249732248964	0.07713196700965612	0.07713196700965612	0.023410725624945762
16410000	-90.93329785972419	2.417739460858422	-93.35103732058262	0.2703103140317677	0.04360740671851542	0.04360740671851542	0.024700231916448035
16420000	-95.53910328361415	1.254256253974933	-96.79335953758908	0.3502798689031729	0.04507381459376729	0.04507381459376729	0.022953302105073063
16430000	-129.9231094666563	2.733401138193365	-132.65651060484967	0.08051927949058584	0.035089866824984585	0.035089866824984585	0.03148597199101687
16440000	-148.88072920382993	1.5599708046949003	-150.44070000852483	0.043833840720179484	0.024127947031796475	0.024127947031796475	0.030839459059445688
16450000	-157.51157522473324	1.3879465903929615	-158.8995218151262	0.04476182780898115	0.02375663779638537	0.02375663779638537	0.02808155899514799
16460000	-149.00429462185838	0.5232534951307253	-149.5275481169891	0.044074920356886184	0.019631904606348925	0.019631904606348925	0.023128849507177772
16470000	-120.14732177767445	0.9582408879334386	-121.10556266560789	0.11291802722926288	0.04913728310658661	0.04913728310658661	0.03228046773160836
16480000	-122.66864233908409	2.3156084197730062	-124.98425075885709	0.10580547617700542	0.04180832675788084	0.04180832675788084	0.04411571358847475
16490000	-110.18383193064099	1.3572352990419927	-111.54106722968298	0.2522737190460275	0.0631434803143115	0.0631434803143115	0.03288489259545685
16500000	-74.46657240975854	0.3838615592532767	-74.85043396901182	0.6797742147288499	0.04410849494832955	0.04410849494832955	0.02161545931356827
16510000	-62.64981452905298	-4.408286127451039	-58.24152840160194	1.347451385369496	0.14641576714556276	0.14641576714556276	0.031436184313219234
16520000	-73.87145691435205	-0.7586629304302326	-73.11279398392182	0.580750761447056	0.03747297928262663	0.03747297928262663	0.017834639067811315
16530000	-80.3003794839282	1.3015000434582726	-81.60187952738647	0.4230549670798159	0.049896426706891435	0.049896426706891435	0.020541196490516646
16540000	-63.847718048686524	-7.085926317675893	-56.76179173101063	1.288443072736392	0.1291604079215927	0.1291604079215927	0.02876379490768937
16550000	-87.22186414841569	0.5073010477555361	-87.72916519617122	0.5043699234008173	0.0911869485159101	0.0911869485159101	0.03531306656624879
16560000	-77.50385493095693	-3.0960538267151163	-74.40780110424181	0.745217538288564	0.09236538402842315	0.09236538402842315	0.03249735858196563
16570000	-63.83943848578857	-0.9068528865375844	-62.932585599250984	1.038597689530453	0.0940103435949228	0.0940103435949228	0.024229019746701295
16580000	-90.32866869281945	1.5578767940978784	-91.88654548691733	0.4591337952773438	0.07310710589509048	0.07310710589509048	0.02849582116743743
16590000	-91.14148500309888	1.8546593854587043	-92.99614438855758	0.31304514447754617	0.07153486243580626	0.07153486243580626	0.038669364130211006
16600000	-103.1429270472468	2.630499113997623	-105.77342616124443	0.21539100454649784	0.047745225470291246	0.047745225470291246	0.029799113188885763
16610000	-99.40192186393136	1.5562338831465028	-100.95815574707787	0.3824844426899024	0.0955729959283629	0.0955729959283629	0.03894230157119766
16620000	-68.35958777530806	-0.7210293978906988	-67.63855837741735	0.5959428542103248	0.05708058620297458	0.05708058620297458	0.023594413407701957
16630000	-74.5436013955771	-0.4613013885953675	-74.08230000698173	0.919296262718237	0.10656236813369101	0.10656236813369101	0.038203504377623515
16640000	-98.57935300569322	2.5182566844900593	-101.09760969018328	0.23707902560070027	0.060546030815683854	0.060546030815683854	0.035312854243532435
16650000	-106.71848960056899	0.8380076495293222	-107.5564972500983	0.24899295631495322	0.05451648243076499	0.05451648243076499	0.02485092684192566
16660000	-123.12386517781967	0.5678908289326019	-123.69175600675227	0.10898322294868563	0.03062735411356611	0.03062735411356611	0.024338356683969196
16670000	-143.71871577927294	2.6557070246709467	-146.3744228039439	0.04526085353857069	0.014324261852748425	0.014324261852748425	0.018697691856176934
16680000	-109.80156236743599	1.8483432352668725	-111.64990560270286	0.18869585549385123	0.05072368029529958	0.05072368029529958	0.027861618681584443
16690000	-121.30312440887026	2.200916072342698	-123.50404048121295	0.09406626288390746	0.02251167856609919	0.02251167856609919	0.020688669778563772
16700000	-69.71209422397565	1.1157038428512256	-70.82779806682689	0.6448417534905638	0.08661662065102962	0.08661662065102962	0.03681640301649506
16710000	-85.41278902863482	1.4181812351568088	-86.83097026379163	0.37965522680198	0.09793683946350733	0.09793683946350733	0.041906354581870774
16720000	-81.3109059425106	1.273155732591552	-82.58406167510215	0.5604963826551197	0.06928736268267949	0.06928736268267949	0.02674635804315305
16730000	-88.71790836418157	1.0735629354208567	-89.79147129960242	0.319094072462745	0.053066304224103265	0.053066304224103265	0.021944919538130762
16740000	-85.8059408741501	1.9015357480422725	-87.70747662219237	0.3807384972271577	0.07524437558399813	0.07524437558399813	0.030296499727570217
16750000	-62.35799593479744	-1.059123996653161	-61.29887193814427	0.7919283087484953	0.0632290712000762	0.0632290712000762	0.024572261393555804
16760000	-89.90126855259933	-0.21380665615121064	-89.68746189644813	0.37608099894637637	0.07798292696604506	0.07798292696604506	0.03460554404081015
16770000	-79.16648578165483	1.2536927747847695	-80.4201785564396	0.5354514079838536	0.06646134218910794	0.06646134218910794	0.030808855635582007
16780000	-115.5724938437386	2.443458143592963	-118.01595198733156	0.1365640818646588	0.04816670889626587	0.04816670889626587	0.028597771751951002
16790000	-116.82625276101409	2.034290877884117	-118.8605436388982	0.15480198144898596	0.05965987852475537	0.05965987852475537	0.044883577453545244
16800000	-78.75197171017506	1.543563425712184	-80.29553513588723	0.5081556219829882	0.08954681178304898	0.08954681178304898	0.036521386362774716
16810000	-137.3490260685234	1.3969132480902227	-138.7459393166136	0.07326098949440445	0.030930039447850197	0.030930039447850197	0.031034332962824204
16820000	-125.62745261678701	2.42453990128841	-128.05199251807542	0.11557305103234333	0.03919429787068831	0.03919429787068831	0.02907352700609983
16830000	-97.22558967601871	2.292824490909906	-99.51841416692862	0.26613277594612744	0.05078768697850803	0.05078768697850803	0.022843789637158857
16840000	-114.13759845035115	2.652037052933293	-116.78963550328444	0.15590498511105189	0.02822511818256045	0.02822511818256045	0.025849449288773852
16850000	-74.1198326310957	0.5425462884937199	-74.66237891958943	0.747246291521869	0.10861809282937171	0.10861809282937171	0.03254025089795952
16860000	-91.8412823073681	0.758516374733139	-92.59979868210124	0.39603761828399003	0.07835329005877814	0.07835329005877814	0.03377090603145179
16870000	-66.45487725687124	-0.02347307054319936	-66.43140418632804	0.6890630468189747	0.027908391383920032	0.027908391383920032	0.01811019382609392
16880000	-107.77382761593768	1.7061141592707103	-109.47994177520839	0.157312562752383	0.00833008914319055	0.00833008914319055	0.0167756812100395
16890000	-75.27155153897712	0.7507327624640281	-76.02228430144115	0.7377134180115822	0.07570366367432256	0.07570366367432256	0.02813703045715784
16900000	-99.24131086102834	-1.5310664500763647	-97.71024441095197	0.3372008579096602	0.07173622930909027	0.07173622930909027	0.03165092554977278
16910000	-94.46833819763289	1.5042474951963114	-95.9725856928292	0.19116407987556683	0.02676149706720731	0.02676149706720731	0.02015069368677169
16920000	-78.37797388939147	1.2135588423957002	-79.59153273178717	0.4398305928506266	0.06071374140740228	0.06071374140740228	0.021415994710293238
16930000	-57.94794048207279	0.16212856353531047	-58.1100690456081	0.8640019556389427	0.06471284339287252	0.06471284339287252	0.023028484168780658
16940000	-109.86418495625367	2.708377294805212	-112.57256225105888	0.1523658288980357	0.026950312467679968	0.026950312467679968	0.02151677973558707
16950000	-104.33593616158245	2.5603344997077957	-106.89627066129025	0.22129849374198224	0.05621054035711811	0.05621054035711811	0.02890165168188109
16960000	-79.64699131774886	0.7376598299391136	-80.38465114768798	0.4475263034089539	0.04341042805291314	0.04341042805291314	0.020233414978410667
16970000	-93.58186561119436	2.3700278930480736	-95.95189350424243	0.2910788548005663	0.03423858812836207	0.03423858812836207	0.022003180551067023
16980000	-100.21650191886893	2.236748960382589	-102.45325087925151	0.21065048492089156	0.052480050380054676	0.052480050380054676	0.02614515815526215
16990000	-141.38071056702233	2.8503545346655295	-144.23106510168788	0.06972989562346489	0.02645646894836005	0.02645646894836005	0.028405633642457732
17000000	-104.43030425621758	2.3809838668769205	-106.8112881230945	0.15117890497895925	0.01524692364966538	0.01524692364966538	0.02082989862929471
17010000	-84.9504414377516	-0.33884105977618884	-84.61160037797542	0.5203638695915884	0.10393280635099379	0.10393280635099379	0.04214864149336729
17020000	-81.46150852370204	1.0244847673923476	-82.48599329109439	0.43402804780333754	0.08211049057108985	0.08211049057108985	0.029364895377457657
17030000	-135.23563985699178	2.7300846820577	-137.9657245390495	0.09752180975833223	0.03960129069146698	0.03960129069146698	0.03447653486508353
17040000	-126.55614576625078	2.262358764250622	-128.8185045305014	0.11304279078124434	0.04513908801075122	0.04513908801075122	0.03274952355789562
17050000	-113.32051715034784	1.1546779125974842	-114.47519506294532	0.1734810475736675	0.024487520837297865	0.024487520837297865	0.020229759485219476
17060000	-63.38326030703379	-1.9942622189886134	-61.38899808804517	1.3173849543886982	0.1319338458744702	0.1319338458744702	0.028849612222379757
17070000	-73.9498200013739	-1.1538128500339635	-72.79600715133994	0.5549834368718176	0.05631760646980412	0.05631760646980412	0.02188574216340742
17080000	-68.59086836726644	-0.0015965369146111463	-68.58927183035183	0.7189682765386047	0.06353202647368487	0.06353202647368487	0.020535036960198046
17090000	-107.23739797051563	2.6770996409595575	-109.91449761147518	0.15993775991434206	0.01608536067419851	0.01608536067419851	0.01932099967519369
17100000	-88.21791153532126	1.875606224138207	-90.09351775945947	0.4183932028730579	0.07932104665072434	0.07932104665072434	0.03539818670158626
17110000	-96.20422450139372	2.4825932448697188	-98.68681774626344	0.2651096927987226	0.04842182206575395	0.04842182206575395	0.025968549392229496
17120000	-101.99423849643902	1.058472551205091	-103.05271104764411	0.292252908915981	0.055261366990895656	0.055261366990895656	0.026464594101850834
17130000	-101.98645860629712	-1.0397495025879273	-100.9467091037092	0.3173478671366432	0.0680960775095661	0.0680960775095661	0.02665198525675664
17140000	-101.11432625236988	2.183239017966591	-103.29756527033646	0.24644399678758833	0.07044712296519082	0.07044712296519082	0.03707094500936841
17150000	-91.84806905270318	2.291867423344292	-94.13993647604747	0.2721526477310459	0.049126830464914964	0.049126830464914964	0.020661310438018755
17160000	-73.60657263529285	0.25789217007167065	-73.86446480536452	0.5634769769239998	0.07601496332145995	0.07601496332145995	0.02448015757641575
17170000	-90.99036659016028	0.6254672055650422	-91.61583379572532	0.3593581860484942	0.05909857755967401	0.05909857755967401	0.022144748216433544
17180000	-113.7561888190122	1.9711509939950616	-115.72733981300726	0.13688507961054971	0.060115960411721396	0.060115960411721396	0.039367906192405544
17190000	-102.8247024400392	2.330088583123722	-105.15479102316293	0.2139182908532426	0.05512404293451563	0.05512404293451563	0.031326115034230405
17200000	-112.52681582340213	2.010454674423788	-114.53727049782592	0.20227966191137026	0.07407759848158443	0.07407759848158443	0.04395073380486767
17210000	-130.67294628586382	-0.28984604942707115	-130.38310023643675	0.09549881973823936	0.029157326251371418	0.029157326251371418	0.02300575219879395
17220000	-112.25618622436103	2.177603624829499	-114.43378984919053	0.133847615994135	0.010307710020919937	0.010307710020919937	0.01710921870353322
17230000	-132.86733093880062	1.8775027439159464	-134.74483368271657	0.08015416203818226	0.02226445307443052	0.02226445307443052	0.019124760120701884
17240000	-103.21915729905488	0.40987159662624073	-103.62902889568113	0.282136634575005	0.05733259139770271	0.05733259139770271	0.02860901092110624
17250000	-101.98934987467571	2.6346669419820525	-104.62401681665776	0.2717643654102682	0.051867162456288106	0.051867162456288106	0.03706285674292607
17260000	-87.00872882177326	1.0575389367658385	-88.0662677585391	0.45008987725953553	0.05382759800621443	0.05382759800621443	0.03154880560079605
17270000	-118.56064801504942	2.482242188617808	-121.04289020366723	0.13765322639972535	0.055973311653112305	0.055973311653112305	0.04353726561644517
17280000	-128.352579654051	2.6890854517545826	-131.04166510580558	0.08893802233239059	0.017159877756963343	0.017159877756963343	0.019209381735225073
17290000	-128.95695946978864	1.9213689950321817	-130.8783284648208	0.09034646788420939	0.0319398045213152	0.0319398045213152	0.031087287856126654
17300000	-105.32726287428258	1.9372941082099262	-107.26455698249251	0.24135542690778175	0.06843939748478765	0.06843939748478765	0.04023879594830626
17310000	-84.3470327410293	0.7539220649020568	-85.10095480593135	0.496985975170179	0.05712690815892768	0.05712690815892768	0.024900376934149437
17320000	-118.95762282183884	2.0353795043804817	-120.99300232621933	0.16596777129954615	0.0460696937369534	0.0460696937369534	0.026526240992042666
17330000	-96.78701384563577	0.46807642100767266	-97.25509026664344	0.2888551630799709	0.08189096798014428	0.08189096798014428	0.038375732838412356
17340000	-91.92609634774713	1.1330855674717553	-93.05918191521889	0.4750356199579792	0.09654943318688151	0.09654943318688151	0.03893369224409422
17350000	-73.22877648303513	-0.6756287071488744	-72.55314777588626	0.7790132468653387	0.05659272963760728	0.05659272963760728	0.029455158377297445
17360000	-83.30963760442799	1.3165445492537837	-84.62618215368177	0.4655814843921091	0.04597144213562427	0.04597144213562427	0.02192209348152919
17370000	-114.58289928866681	2.6799479951612932	-117.26284728382811	0.15585852902037275	0.05832626495963639	0.05832626495963639	0.042685777992057194
17380000	-147.2669774256162	2.047886755035978	-149.3148641806522	0.06030384109968832	0.012422174156552774	0.012422174156552774	0.01616417106385069
17390000	-123.84718524562639	1.214408124776257	-125.06159337040265	0.08858398220519963	0.01253639028612929	0.01253639028612929	0.01996238540146638
17400000	-59.43417973407873	-1.7759265044353996	-57.658253229643336	1.1680577364568476	0.0880989568851577	0.0880989568851577	0.019713620070333105
17410000	-76.38657196170081	0.6186913642400588	-77.00526332594087	0.3845200978460187	0.04708152658150648	0.04708152658150648	0.021665249350366476
17420000	-104.10553737788996	1.4967051784518017	-105.60224255634176	0.1728559650809612	0.05008877828990248	0.05008877828990248	0.032967497989151176
17430000	-92.35847484497832	2.3335538137768728	-94.69202865875519	0.2860376534762774	0.08597214881967065	0.08597214881967065	0.04173742541094097
17440000	-96.89802077947371	1.4670363059050011	-98.36505708537871	0.2912049846151811	0.04809168969845733	0.04809168969845733	0.028825134172157603
17450000	-87.72269120855728	0.3316559021926073	-88.05434711074989	0.39999138931608175	0.05565734041638436	0.05565734041638436	0.03055097228838126
17460000	-101.80255204238613	2.4224207769917596	-104.22497281937788	0.27894907908069133	0.07491732045216655	0.07491732045216655	0.03754549801596653
17470000	-114.38144930994818	2.1546573868213676	-116.53610669676955	0.12001174008183878	0.030452191980680478	0.030452191980680478	0.020359169213314474
17480000	-138.92023953346285	2.0469973667019596	-140.9672369001648	0.06003983062643362	0.021148735883919113	0.021148735883919113	0.019750405166700485
17490000	-101.9867716637948	0.2119095426287494	-102.19868120642354	0.2108711460584717	0.04893883272839052	0.04893883272839052	0.028939067682035014
17500000	-145.81069521482414	1.7383798497080436	-147.5490750645322	0.04716960521832565	0.020183497161340803	0.020183497161340803	0.02990798796003962
17510000	-87.16381541685632	0.3966551493647339	-87.56047056622106	0.28333743658219596	0.048877914982009496	0.048877914982009496	0.027636510915636174
17520000	-94.87160297921125	0.6490427608788462	-95.52064574009009	0.47486397729310187	0.1030231239847578	0.1030231239847578	0.040406160878925644
17530000	-133.22347572049944	0.1916389566352712	-133.4151146771347	0.09648523246504175	0.043772276987700295	0.043772276987700295	0.035542457698504726
17540000	-114.72127866052901	2.5669787873649517	-117.28825744789395	0.17714909352184566	0.035807973269309845	0.035807973269309845	0.027984068602086073
17550000	-97.85228683143785	0.9095988107677558	-98.76188564220561	0.3127946746140028	0.05303275711376706	0.05303275711376706	0.0257025176118601
17560000	-98.8828441194656	0.8029620620052094	-99.68580618147081	0.26857600773383533	0.05779099463372934	0.05779099463372934	0.032170564722558435
17570000	-70.53346699483674	-0.6928196766124914	-69.84064731822426	0.6391881509501256	0.08451727789332725	0.08451727789332725	0.0256836319288551
17580000	-85.88711530736896	1.4171571493875499	-87.30427245675651	0.46987871197682246	0.08736955225679145	0.08736955225679145	0.036423053970091615
17590000	-115.30722618435212	1.7367068205569067	-117.04393300490902	0.1191658537729198	0.02429474555689228	0.02429474555689228	0.0227613532062809
17600000	-111.59113733215408	-1.455423044486849	-110.13571428766723	0.17255958639309726	0.015074954531763732	0.015074954531763732	0.022932628783631975
17610000	-91.65206592677674	2.135990985583987	-93.78805691236073	0.37348149709542067	0.027145251541886507	0.027145251541886507	0.01930532216261465
17620000	-99.61630522923693	2.134819071932297	-101.75112430116923	0.38230426629219394	0.04592517089836153	0.04592517089836153	0.024360416449843034
17630000	-134.39443498230094	0.7939007112043588	-135.1883356935053	0.08360055333021309	0.02490436339175909	0.02490436339175909	0.02345762061254045
17640000	-120.609392150938	2.0571443535312968	-122.6665365044693	0.09747709133865518	0.03681975843031135	0.03681975843031135	0.03345041266240203
17650000	-118.31409592845648	2.6909936885925823	-121.00508961704907	0.14910085206499807	0.04026880161585807	0.04026880161585807	0.02867459313624162
17660000	-108.55417669841985	2.7053246430822275	-111.25950134150207	0.19817412415538932	0.043733721155784104	0.043733721155784104	0.028471451633178282
17670000	-113.45442348103519	2.6006196692918215	-116.05504315032701	0.1835165400776388	0.053431713792318945	0.053431713792318945	0.029266344015327107
17680000	-127.46949467010624	1.420301691825426	-128.88979636193167	0.09224939122439346	0.04001667648527807	0.04001667648527807	0.033896785949013804
17690000	-109.10162360651228	-1.249867558799655	-107.85175604771263	0.17130592745027862	0.03430638790190065	0.03430638790190065	0.019117561364651606
17700000	-107.90632928941281	2.6301000073772984	-110.5364292967901	0.2159657005993608	0.05058507974293706	0.05058507974293706	0.028391571592636968
17710000	-108.86610246646269	1.7311233177691139	-110.59722578423181	0.15386366354080927	0.03837172593081033	0.03837172593081033	0.028452992415964783
17720000	-90.13178776029436	1.7452249740570205	-91.87701273435138	0.4122235056384467	0.05010452141923809	0.05010452141923809	0.019257297210411122
17730000	-106.21289084502284	2.1422544124885756	-108.35514525751141	0.20898995755561436	0.033318500233279355	0.033318500233279355	0.023320537325522507
17740000	-87.47978162484988	2.0810332841506964	-89.56081490900057	0.33488792089601854	0.028932329374227655	0.028932329374227655	0.020188656388862
17750000	-83.92666923471614	0.8717197720443853	-84.79838900676053	0.4397926880020285	0.06999357513618588	0.06999357513618588	0.0270977783542511
17760000	-98.8449922182609	2.420354751753729	-101.26534697001463	0.21715814885494045	0.05400752464281239	0.05400752464281239	0.03542029674003504
17770000	-86.25927717925049	1.2607544769201349	-87.52003165617063	0.4971772092279374	0.05748784556717276	0.05748784556717276	0.025393810475270923
17780000	-65.57803581088186	-1.660087532498803	-63.91794827838305	1.0631915416471727	0.12872665926529758	0.12872665926529758	0.029630785633449105
17790000	-107.03357115835344	2.638817871720113	-109.67238903007355	0.15042397889777978	0.031872704231021724	0.031872704231021724	0.024993491328089423
17800000	-82.34271233171874	2.1254315996980764	-84.46814393141682	0.3638222942999855	0.04234123521705631	0.04234123521705631	0.019464315528765895
17810000	-83.1588627871797	1.1430151437397353	-84.30187793091943	0.4636411227013717	0.0354990651615281	0.0354990651615281	0.016524790749819496
17820000	-111.81662891917463	1.5491957429637422	-113.36582466213838	0.17668094883830704	0.0162768709346867	0.0162768709346867	0.0197105135735356
17830000	-64.49882978806531	0.8488956152595022	-65.34772540332482	0.6718644358448893	0.10476575987813676	0.10476575987813676	0.034615740041025425
17840000	-66.76116279059795	-1.1412493222651672	-65.61991346833278	0.9052018052225704	0.14785768673946706	0.14785768673946706	0.03969669344343913
17850000	-64.00522906936594	-0.45283258701066764	-63.55239648235527	0.6037758806954517	0.07583248589097868	0.07583248589097868	0.02195239930701252
17860000	-59.75997365829796	-3.328403103055304	-56.43157055524266	1.4220866772651681	0.08320132989360288	0.08320132989360288	0.021942673166087445
17870000	-72.3149833756163	0.8360753084933115	-73.1510586841096	0.6344577323975915	0.057827998566367556	0.057827998566367556	0.01756197282829237
17880000	-77.88413508828556	-0.8544788626572961	-77.02965622562826	0.5289990503413557	0.11467206952263989	0.11467206952263989	0.04279364684607829
17890000	-107.8177281445525	2.194613191377005	-110.0123413359295	0.16812051788473345	0.043903774451068925	0.043903774451068925	0.030730068692177204
17900000	-114.14379872348455	2.5372279369624007	-116.68102666044695	0.20975466560933803	0.03304822603452856	0.03304822603452856	0.02170876333631909
17910000	-114.26332463843738	2.2281968031974966	-116.49152144163487	0.120607714952777	0.026466545692059553	0.026466545692059553	0.01782966657805321
17920000	-99.32349732598402	0.29287026097573987	-99.61636758695977	0.24837433056240807	0.04646312292218613	0.04646312292218613	0.022727889848947712
17930000	-90.7862317871289	1.0486488656675923	-91.83488065279649	0.5780194884409212	0.09617527648944962	0.09617527648944962	0.032766648595961165
17940000	-82.56165991153804	1.312674236709678	-83.87433414824773	0.4728114732856982	0.10871453338836914	0.10871453338836914	0.04080456617098523
17950000	-102.10119551055024	2.0055253395870807	-104.10672085013732	0.24011578553265642	0.053607480364607954	0.053607480364607954	0.027873691504298956
17960000	-116.39290258870253	2.7684454894505244	-119.16134807815305	0.12453076797234142	0.04121862166201037	0.04121862166201037	0.03315363928747699
17970000	-115.20742293414726	2.4783129540828917	-117.68573588823016	0.1342941539620626	0.04664403520135102	0.04664403520135102	0.029946597086230195
17980000	-115.3458553339612	1.4237274050916393	-116.76958273905284	0.1432883333866447	0.04271165450164923	0.04271165450164923	0.03420436526065238
17990000	-116.8677405944127	2.570182609987084	-119.43792320439978	0.21007370699858524	0.03827620203009952	0.03827620203009952	0.02535016505020926
18000000	-92.94764852865151	2.1810800659652743	-95.12872859461679	0.3313525849810245	0.06005086594474142	0.06005086594474142	0.029383960756425184
18010000	-119.55699462634318	0.4381838581824824	-119.99517848452567	0.2070122350003239	0.061055925238396175	0.061055925238396175	0.032833805392076545
18020000	-82.17066111085751	0.08344676794931216	-82.25410787880682	0.6967163075725277	0.09035011598990232	0.09035011598990232	0.027739987587022154
18030000	-80.86373621999046	1.8032328519888874	-82.66696907197934	0.42427380924631763	0.03783671710781322	0.03783671710781322	0.018731025233511223
18040000	-72.65910531118982	0.13658931321792434	-72.79569462440774	0.6627928613460901	0.07331255910066752	0.07331255910066752	0.02524623482065734
18050000	-76.85308430264195	0.06247571939959384	-76.91556002204155	0.7329987735440809	0.13903521937957727	0.13903521937957727	0.0431951312410209
18060000	-91.52449190311823	1.400978872246664	-92.9254707753649	0.27417428106487035	0.02822910937083132	0.02822910937083132	0.016735089174047865
18070000	-90.14938588402246	1.8845846697527486	-92.03397055377522	0.34841398612948943	0.046575342185173216	0.046575342185173216	0.027694436966959564
18080000	-102.27489629385342	2.682805500072562	-104.95770179392598	0.21508323398079052	0.03750157166687535	0.03750157166687535	0.024477577387199773
18090000	-87.88289182976138	0.09329846147404464	-87.97619029123543	0.4406919979213518	0.07082486581147879	0.07082486581147879	0.03421062926209094
18100000	-130.52055924729967	1.2427021168173447	-131.76326136411703	0.05768489777444368	0.0189298341693337	0.0189298341693337	0.02299548174554988
18110000	-111.77132809914775	0.9950223905920574	-112.7663504897398	0.1513031530336021	0.03426441351659893	0.03426441351659893	0.028347620855099315
18120000	-100.7632899019756	1.3873073462236545	-102.15059724819925	0.31572463108847304	0.07167259480933645	0.07167259480933645	0.0263131123736377
18130000	-77.92118931813408	1.9196380197998226	-79.8408273379339	0.4244628341307304	0.04611859124409655	0.04611859124409655	0.02074841704336262
18140000	-115.8280613020031	1.2269541061908225	-117.05501540819392	0.17818025015174616	0.04646452387497192	0.04646452387497192	0.028574010958488157
18150000	-104.50819099841628	-0.5056192916688782	-104.0025717067474	0.21771265918618082	0.05299522008123486	0.05299522008123486	0.027617256439528906
18160000	-99.1088374327712	2.1849137813186887	-101.29375121408988	0.2726375367731561	0.06859436523144141	0.06859436523144141	0.032439635835464414
18170000	-89.22159039469418	1.6346994261534937	-90.85628982084766	0.3255945002172017	0.04095887077028331	0.04095887077028331	0.023845792258723457
18180000	-108.18821762517818	2.465881688492772	-110.65409931367095	0.21112828114189072	0.06246166715021623	0.06246166715021623	0.03288598450895781
18190000	-108.17958674202939	0.4326751430966236	-108.612261885126	0.16264078999995735	0.0319871539760999	0.0319871539760999	0.021707794330491054
18200000	-78.48591350771653	0.4576651873396336	-78.94357869505616	0.6619335128980545	0.12103459429477138	0.12103459429477138	0.04172591117344182
18210000	-68.89233413815627	-0.3924007938528874	-68.49993334430339	0.7581825130310234	0.09297618063199399	0.09297618063199399	0.029724276305693936
18220000	-80.12195421541084	1.2464791749987094	-81.36843339040955	0.5726130954908638	0.07439461057895505	0.07439461057895505	0.03127623086801963
18230000	-88.80258179333563	1.8138988738676152	-90.61648066720325	0.3876509050319751	0.031191024445104843	0.031191024445104843	0.015195093790912386
18240000	-87.52125706799735	1.1254812848785876	-88.64673835287594	0.4602385316296431	0.0822811826083559	0.0822811826083559	0.033533699555221605
18250000	-89.09435492667407	0.6534397962498287	-89.7477947229239	0.35170718310327825	0.040497225497692656	0.040497225497692656	0.02438434789293885
18260000	-138.76468467598048	2.6217214381937555	-141.38640611417424	0.03586901480006334	0.006481126617557822	0.006481126617557822	0.01728968261756149
18270000	-113.83459692004509	0.9383181796917301	-114.77291509973682	0.18661193531501097	0.029288848530937956	0.029288848530937956	0.018338873981340605
18280000	-122.90608294076998	1.8068065252227705	-124.71288946599275	0.11728765112804238	0.02616506250664608	0.02616506250664608	0.02161437703581456
18290000	-135.40972874814332	-0.6777617505555384	-134.7319669975878	0.06284765879975138	0.015800734372968053	0.015800734372968053	0.020471459381020313
18300000	-105.58467464004283	1.9821977667432766	-107.56687240678612	0.19197782642886405	0.054105336143689176	0.054105336143689176	0.03205691645600308
18310000	-139.62438702151238	1.8341938726190028	-141.4585808941314	0.055361203051796905	0.02665701463073593	0.02665701463073593	0.03341148290019054
18320000	-131.0650114858155	0.3846284891515075	-131.449639974967	0.07122029532892049	0.037489335796404	0.037489335796404	0.038099502440962406
18330000	-130.40544943476098	0.8349537607718136	-131.2404031955328	0.08781667838925088	0.01714908981283124	0.01714908981283124	0.021699360519003903
18340000	-84.67340746638591	-0.01591178886644551	-84.65749567751946	0.4882026642502033	0.06520405903376134	0.06520405903376134	0.025899469006828768
18350000	-91.1274691124654	-0.3870728816879696	-90.74039623077743	0.4581136104863018	0.06489099958123812	0.06489099958123812	0.02307336554227423
18360000	-56.94321449205911	0.3975196155722742	-57.340734107631384	0.7892223787456555	0.07570456674862552	0.07570456674862552	0.023898711077099392
18370000	-92.96133034761898	1.9888162749411973	-94.95014662256018	0.24418827889114464	0.03288154237942335	0.03288154237942335	0.022488311672229908
18380000	-73.20265699846775	-8.948849534238061	-64.25380746422968	1.1138450772971373	0.16744482944084174	0.16744482944084174	0.04122976555734725
18390000	-96.36524502184454	1.6534817419600052	-98.01872676380455	0.16255826308727966	0.030142791067868602	0.030142791067868602	0.022429267808851624
18400000	-123.44948198180536	1.670186882043645	-125.11966886384901	0.07490123484078633	0.019211271004218655	0.019211271004218655	0.02532446938868764
18410000	-73.18927923691277	-1.5975526163459572	-71.59172662056682	1.0659536515399164	0.10598514201014757	0.10598514201014757	0.019734987243267985
18420000	-67.77879719817994	-1.7174747426086259	-66.06132245557131	0.8045682206769683	0.04991625464647531	0.04991625464647531	0.018578773696224883
18430000	-78.64725969346223	1.637982473180767	-80.285242166643	0.46876702722003394	0.07946716687192472	0.07946716687192472	0.03280100819243494
18440000	-112.15318429087719	2.269106282464842	-114.42229057334204	0.19961901313289204	0.07032885266475872	0.07032885266475872	0.042926321872071564
18450000	-91.06456131121418	2.121111488820315	-93.1856728000345	0.3082796122461696	0.06304620394483244	0.06304620394483244	0.02843265398406722
18460000	-80.78734489665196	1.368460059018093	-82.15580495567005	0.45758579070326844	0.04264345111834795	0.04264345111834795	0.01895668822419983
18470000	-97.32487987726563	2.158491267739127	-99.48337114500475	0.3527924136573541	0.061739646286381705	0.061739646286381705	0.03164781878939568
18480000	-86.342710276299	1.5525736445004212	-87.89528392079943	0.32767521965147584	0.07074636281175736	0.07074636281175736	0.028619593176777484
18490000	-83.17597307676348	1.3930710241858613	-84.56904410094934	0.3057838029194652	0.060107314174332876	0.060107314174332876	0.029348373006468635
18500000	-94.7882000202647	-0.2927866818635998	-94.4954133384011	0.32170080886150604	0.07084653806674181	0.07084653806674181	0.03451368392365705
18510000	-74.6062827806898	-2.62590961822165	-71.98037316246814	0.8436144153386355	0.08020713218303506	0.08020713218303506	0.0188557846832854
18520000	-75.48955400552423	1.43024795885442	-76.91980196437865	0.519122782164639	0.07881145010022017	0.07881145010022017	0.02573567792716045
18530000	-105.81941407344961	2.121625960666039	-107.94104003411564	0.16332670640246733	0.035066182569925324	0.035066182569925324	0.022569692157155128
18540000	-88.31376060409957	0.9676472306110889	-89.28140783471066	0.36309906618570753	0.07179694855849701	0.07179694855849701	0.029525108322588693
18550000	-73.19651520468744	0.9489612259965259	-74.14547643068397	0.6278294620429663	0.10612266589333406	0.10612266589333406	0.03699898235763098
18560000	-97.28654288731781	1.9665416783031406	-99.25308456562095	0.38363322681896955	0.06767941079481822	0.06767941079481822	0.026575976048774243
18570000	-113.20913234909318	2.7409003367263587	-115.95003268581954	0.13334726120206156	0.04438943449713337	0.04438943449713337	0.03361515066918117
18580000	-129.1168220238861	2.564358914685309	-131.6811809385714	0.09420811447789498	0.022185009370127053	0.022185009370127053	0.023314496831979628
18590000	-72.64154406117483	-0.061622348451580655	-72.57992171272325	0.6530950324024648	0.10988439556758225	0.10988439556758225	0.0355344034630468
18600000	-92.43338250016679	2.1269048377381607	-94.56028733790495	0.2926206322612998	0.05329527239402606	0.05329527239402606	0.026150805306239713
18610000	-92.30777882309489	1.1509416186860535	-93.45872044178094	0.25549309705162276	0.035704920023937256	0.035704920023937256	0.018784023399465798
18620000	-84.74710769893937	1.6023087398945652	-86.34941643883394	0.43101696176229715	0.07851851615343894	0.07851851615343894	0.03481767886118012
18630000	-69.18914789816337	1.0514503076562205	-70.2405982058196	0.6307614834092669	0.07581457040394433	0.07581457040394433	0.029320972250734417
18640000	-66.56835146303288	0.2203263710790151	-66.7886778341119	0.6396479973238586	0.0712874975855988	0.0712874975855988	0.02532768139421818
18650000	-73.68304487530385	1.360032113310338	-75.04307698861419	0.5087581542932389	0.08305852487280684	0.08305852487280684	0.03162110872376056
18660000	-78.9325187284626	0.9066072688682855	-79.83912599733088	0.5389117651648646	0.060064907105093095	0.060064907105093095	0.03020787243090382
18670000	-78.47647927843762	0.32661521060760734	-78.80309448904524	0.4849172850842156	0.07612909905452153	0.07612909905452153	0.026476159234302302
18680000	-67.19943670121987	-1.0039686206985623	-66.19546808052131	0.9209535490978358	0.09432702578057796	0.09432702578057796	0.02518661417859825
18690000	-71.28199486743333	0.8171311716578548	-72.09912603909117	0.6883918377823076	0.0827274737676884	0.0827274737676884	0.030895904689240722
18700000	-102.4606463597053	1.8708637917995778	-104.33151015150487	0.23417826773724112	0.057934490015409394	0.057934490015409394	0.033988332094350676
18710000	-102.88826044941479	2.326683981272741	-105.21494443068752	0.17933868110421114	0.053546499045053784	0.053546499045053784	0.026893358517278865
18720000	-141.1387804347933	-2.592736422274327	-138.54604401251896	0.08595767732724104	0.03977301240094933	0.03977301240094933	0.03127396246097614
18730000	-144.79963001824555	1.5934308845671326	-146.3930609028127	0.0527147255183155	0.019297686126281164	0.019297686126281164	0.029205751663325022
18740000	-125.73509926371432	2.6200940423598453	-128.35519330607417	0.09839278712622475	0.043603669372678414	0.043603669372678414	0.03560097423462619
18750000	-141.40853843328918	1.9479338682024925	-143.35647230149166	0.061510719248208834	0.033306495231538905	0.033306495231538905	0.03483703654003483
18760000	-87.16075928225966	0.7085888089903677	-87.86934809125003	0.42285518541414857	0.07055335208852213	0.07055335208852213	0.02445432385111654
18770000	-96.98232445196929	1.4238053629263443	-98.40612981489564	0.19033347394556147	0.03510082985331017	0.03510082985331017	0.024458044948474273
18780000	-103.3992192153362	2.0655649493752275	-105.46478416471143	0.15769665318251572	0.044280404455521886	0.044280404455521886	0.028307778153953855
18790000	-84.39126364461369	0.781892474248789	-85.17315611886248	0.52907849034556	0.07491258188847427	0.07491258188847427	0.028205905572834027
18800000	-118.45047133387143	2.1777804951400808	-120.62825182901152	0.08803347183567926	0.025693461020330526	0.025693461020330526	0.025783430253000658
18810000	-85.01782167415794	-1.5266785321456884	-83.49114314201225	0.4520413964448031	0.04166557324486169	0.04166557324486169	0.026088404592350047
18820000	-78.79651875926345	2.0115854827775954	-80.80810424204104	0.35303971996912015	0.03960710040470759	0.03960710040470759	0.018467098231698082
18830000	-81.44670374610271	0.720023429198066	-82.16672717530078	0.6440928204986572	0.08836044423650154	0.08836044423650154	0.02385036808608986
18840000	-95.47490230942826	1.8574109975406152	-97.33231330696887	0.29319301546166093	0.041741814420940195	0.041741814420940195	0.032361355692940345
18850000	-105.87604395998918	2.7958990437356532	-108.67194300372483	0.19224256411864604	0.04846316864652179	0.04846316864652179	0.037105774296044364
18860000	-98.23077732937199	1.7648163440683122	-99.9955936734403	0.31730630823807404	0.07744685038871017	0.07744685038871017	0.04174351344496642
18870000	-117.81293336885716	2.539363864127341	-120.3522972329845	0.13273674932546708	0.060902322251642944	0.060902322251642944	0.03978105172164446
18880000	-122.79576488374943	2.2190696957441887	-125.01483457949362	0.09507670532722715	0.03410197567694121	0.03410197567694121	0.027824078991482024
18890000	-127.65496196485938	1.683800593598558	-129.33876255845794	0.08912047506000256	0.024895821788899077	0.024895821788899077	0.017279419749400195
18900000	-89.86379941282024	-0.11618065990589166	-89.74761875291435	0.41183585265860745	0.055401983602371856	0.055401983602371856	0.028781087037117473
18910000	-78.4657634430067	1.1459898160743975	-79.6117532590811	0.5201566195807442	0.07599343667997664	0.07599343667997664	0.03343785681397463
18920000	-103.45189959411023	-1.1586292985024125	-102.29327029560781	0.20968409785686298	0.03885462096063374	0.03885462096063374	0.021695419923016317
18930000	-133.56115325043353	2.676566605148862	-136.23771985558238	0.08296941242650031	0.013323531731786093	0.013323531731786093	0.01708820480122401
18940000	-126.61164890753659	2.0128739942265144	-128.6245229017631	0.08274252662964965	0.0167100452026528	0.0167100452026528	0.019782057299827148
18950000	-111.23818568725889	2.455189182938013	-113.6933748701969	0.1999417776882531	0.05533184331924683	0.05533184331924683	0.029855710753318977
18960000	-108.28893540440019	2.5617760806045937	-110.85071148500478	0.15091197288630787	0.024811498436986504	0.024811498436986504	0.023444293566909507
18970000	-142.7505667021687	1.9058736838316732	-144.65644038600038	0.04615472626959829	0.012178384415264575	0.012178384415264575	0.01922972438954186
18980000	-96.32177507087712	1.454259711707751	-97.77603478258487	0.22379830369370454	0.02331312855295411	0.02331312855295411	0.021710834421247757
18990000	-113.13400814410574	1.8358332415089884	-114.96984138561473	0.16050526082157454	0.03293053098771748	0.03293053098771748	0.030186282959847738
19000000	-109.60912142735268	-1.939027659183587	-107.6700937681691	0.18661706550323828	0.04625483381812069	0.04625483381812069	0.02630549232393051
19010000	-107.50953773362231	-0.4912427685783065	-107.018294965044	0.1657763648060465	0.03308203921795167	0.03308203921795167	0.021583710489504804
19020000	-85.16672935925139	1.364317617322326	-86.53104697657372	0.3976613846262729	0.05808485144594896	0.05808485144594896	0.032472953557060695
19030000	-108.2263215413321	2.4380141385488185	-110.66433567988092	0.22309473668665586	0.03485466439076041	0.03485466439076041	0.018181191455698607
19040000	-100.7594733863698	0.25431048855334915	-101.01378387492315	0.21212866823409599	0.03992420119824239	0.03992420119824239	0.019690497469848446
19050000	-66.61368118819236	-1.3417877421936417	-65.27189344599871	0.7319854440724795	0.0900118925895761	0.0900118925895761	0.02529633589222326
19060000	-109.53936442406497	1.9155574281625585	-111.45492185222753	0.17207276928276607	0.03184009366818307	0.03184009366818307	0.017382363171209878
19070000	-130.35118278486948	1.6631522484382386	-132.01433503330773	0.08631682461474934	0.01852184000249168	0.01852184000249168	0.018401712572174246
19080000	-176.61746901317355	0.39944840595601105	-177.01691741912956	0.012154978588348407	0.009462403411490362	0.009462403411490362	0.02565022546414168
19090000	-108.13092652441973	1.4374783286692967	-109.56840485308904	0.18221204440482586	0.026839318367329636	0.026839318367329636	0.019596840703389115
19100000	-100.06389141092563	1.1645246239158658	-101.2284160348415	0.30877415409050035	0.08658006159034577	0.08658006159034577	0.038484893692730296
19110000	-79.13155127022164	1.1956924892466743	-80.3272437594683	0.39963820157287466	0.059683041811525735	0.059683041811525735	0.026223108509508673
19120000	-93.77687602999814	0.3029046407128533	-94.07978067071099	0.30899916806018096	0.07290875211818806	0.07290875211818806	0.034525098934503354
19130000	-125.08661790615415	2.8815679571353714	-127.96818586328952	0.11467171033352763	0.03954124958506483	0.03954124958506483	0.034574874526438495
19140000	-95.0571146229641	1.736558701108677	-96.79367332407277	0.3166653252723012	0.06172136115820945	0.06172136115820945	0.02976691142476159
19150000	-87.21065743933525	2.017112950024604	-89.22777038935986	0.4407632163734204	0.0765647202931167	0.0765647202931167	0.03937445399106053
19160000	-100.33268077207944	2.6637806439456098	-102.99646141602506	0.2074670143882379	0.04073073764931706	0.04073073764931706	0.02547141854333551
19170000	-87.21262891813204	2.039340598424293	-89.25196951655633	0.35027352422549424	0.06855732377044929	0.06855732377044929	0.0312910536134721
19180000	-67.9407124121507	0.7683211851864546	-68.70903359733715	0.7057113921117838	0.07644523395577352	0.07644523395577352	0.030041697877452502
19190000	-80.48223105924166	1.2764986079126381	-81.7587296671543	0.45701457857266314	0.05896078168927578	0.05896078168927578	0.021441374551588253
19200000	-63.09143451207289	-0.37438402533921644	-62.71705048673367	0.957745760286193	0.09422958448736624	0.09422958448736624	0.02955039104962282
19210000	-60.57664925254425	-0.9658980567749053	-59.610751195769346	1.0049381251065181	0.1069493351563642	0.1069493351563642	0.03228534572217828
19220000	-72.45599114369293	0.21475887599454924	-72.67075001968747	0.5790637490088936	0.04109788293013313	0.04109788293013313	0.01920936043118148
19230000	-85.7590764503754	0.2856468144464168	-86.04472326482183	0.28891523103444045	0.03740865617707594	0.03740865617707594	0.01949342427772443
19240000	-114.58017964384854	2.418394079863048	-116.99857372371159	0.16524349902222238	0.05289344085558989	0.05289344085558989	0.03381200290113873
19250000	-94.84859885640309	1.8967563984013138	-96.7453552548044	0.34912731932534136	0.052542758987795674	0.052542758987795674	0.0237384269691261
19260000	-98.07205522941442	2.2573242919799634	-100.32937952139439	0.2772193854305149	0.0752649052538912	0.0752649052538912	0.03678041936007885
19270000	-95.28852522757963	2.2446741509593244	-97.53319937853895	0.2592426189077738	0.03479321060136788	0.03479321060136788	0.01811117364864004
19280000	-93.7274298405923	1.17979344493489	-94.90722328552718	0.3141780295655474	0.03602105911070452	0.03602105911070452	0.018718395790185846
19290000	-156.22188761258164	1.6640577969658943	-157.88594540954753	0.04469187846399661	0.007588065660202339	0.007588065660202339	0.020437698089102768
19300000	-105.80380886117781	1.741136661449454	-107.54494552262727	0.20704689430769907	0.05403025771350436	0.05403025771350436	0.03314853912717086
19310000	-97.17535440211707	2.1498903643266702	-99.32524476644373	0.25982642689021157	0.04168931089942265	0.04168931089942265	0.02090078684363952
19320000	-90.92654053521257	-1.3520613552097713	-89.5744791800028	0.3854095083737445	0.08299297316441077	0.08299297316441077	0.035013067812423415
19330000	-107.65392889300983	2.550930198258081	-110.20485909126792	0.18848517465074044	0.04054427716062679	0.04054427716062679	0.024823566534135273
19340000	-123.93064973928793	1.2069426847507851	-125.13759242403871	0.16262448563886084	0.045006873470456316	0.045006873470456316	0.033227238518282826
19350000	-115.27161441498023	2.32013847344481	-117.59175288842505	0.12325078810445768	0.01700455067300517	0.01700455067300517	0.01725287597157182
19360000	-97.50824046531372	2.066268896452072	-99.57450936176579	0.3178052718105059	0.0476555972937317	0.0476555972937317	0.023213712903814087
19370000	-83.77316576046637	0.9313822164161074	-84.70454797688248	0.565817320383286	0.05578638502212122	0.05578638502212122	0.02222501378769657
19380000	-91.08534634932126	1.7976753813425588	-92.88302173066381	0.30700983890430433	0.06772868232115055	0.06772868232115055	0.03373707249020898
19390000	-82.69913645660537	1.4499271690254405	-84.14906362563082	0.4821070705644257	0.10677983247608597	0.10677983247608597	0.04035286138339715
19400000	-74.00243919248918	0.2861935054239998	-74.28863269791317	0.6549995492720991	0.0416317967523638	0.0416317967523638	0.017829101788060058
19410000	-80.5631864536127	1.673840151943913	-82.23702660555661	0.4355176761309439	0.06728553859906128	0.06728553859906128	0.026242001152371852
19420000	-88.527745310789	2.0968179226500006	-90.624563233439	0.28360709872457307	0.01777951169122383	0.01777951169122383	0.014094712475027941
19430000	-86.06348555635117	1.3287115446770437	-87.39219710102822	0.4726264583730059	0.03940932300406149	0.03940932300406149	0.020559151902169087
19440000	-72.54366906678463	0.3944774073140692	-72.9381464740987	0.5818708725963961	0.08418675046486158	0.08418675046486158	0.03045580610239007
19450000	-92.93415805941423	0.6649281758407676	-93.599086235255	0.4294371813702298	0.06592258923205366	0.06592258923205366	0.025224080177138834
19460000	-75.98621781607466	1.24748922242736	-77.23370703850202	0.5231028921545738	0.08505039695036715	0.08505039695036715	0.03010004130963409
19470000	-100.56401572249607	2.030470387735344	-102.59448611023141	0.20389141272566091	0.021810854622637165	0.021810854622637165	0.01723325296236768
19480000	-86.60558669635115	0.25007118949426255	-86.85565788584542	0.466722628550178	0.05269131276609271	0.05269131276609271	0.024271943161069204
19490000	-112.10545398821601	2.5747457780600542	-114.68019976627606	0.1755372240014233	0.05174594430390157	0.05174594430390157	0.0364585207437058
19500000	-102.80556969591186	0.002707431705367913	-102.80827712761723	0.34074559130664867	0.05101477158844612	0.05101477158844612	0.02166833320122718
19510000	-86.5267325095429	1.5330065115790281	-88.05973902112193	0.3681588447871155	0.043171600005106225	0.043171600005106225	0.02238064991753721
19520000	-140.1347641323716	0.39423720971667997	-140.5290013420883	0.05072141465984971	0.031945757197417934	0.031945757197417934	0.03601722989489488
19530000	-112.50828697594187	2.2825576009576025	-114.79084457689947	0.10553799141042715	0.026774453789352625	0.026774453789352625	0.024035300149267372
19540000	-79.41269732826999	1.7888996228221092	-81.2015969510921	0.46266402271552287	0.06067013662186531	0.06067013662186531	0.02536943257279444
19550000	-96.7010621988003	2.2832463793001523	-98.98430857810045	0.26298122709445143	0.034452333685307514	0.034452333685307514	0.02305190591123979
19560000	-65.95034408104961	0.8085900749785766	-66.75893415602819	0.6157618106436832	0.06834421543417842	0.06834421543417842	0.02479474514406867
19570000	-94.79387980956625	1.598900556306568	-96.39278036587282	0.24600196182262724	0.0278833659142574	0.0278833659142574	0.02101679086002986
19580000	-99.52777665774396	2.3041078243873403	-101.8318844821313	0.2723933940033234	0.07775882282735953	0.07775882282735953	0.03916002497539747
19590000	-117.58594558842923	1.654542888878409	-119.24048847730764	0.19154687952475405	0.03780110935879396	0.03780110935879396	0.020234760071791685
19600000	-106.53110092945435	2.4523113654938156	-108.98341229494817	0.1933999181401149	0.046276892334246984	0.046276892334246984	0.02797770612623459
19610000	-126.58999541263135	2.054505452469142	-128.6445008651005	0.1087559104294096	0.04011050077358157	0.04011050077358157	0.03570135437733331
19620000	-86.93199151913002	1.9334553598863344	-88.86544687901636	0.31580693335092996	0.06367818089626837	0.06367818089626837	0.02944849730316609
19630000	-100.94596311496397	0.6935563340140529	-101.63951944897802	0.20221434391514545	0.04583540615932636	0.04583540615932636	0.021852652086532726
19640000	-108.24486104976215	-0.9792731411531861	-107.26558790860896	0.202171029591579	0.04705058773997457	0.04705058773997457	0.026561300582833375
19650000	-99.32699815633384	2.042009142323258	-101.3690072986571	0.3122927109407933	0.0688871747872058	0.0688871747872058	0.030505965475677035
19660000	-137.4513039082567	1.9015909274358216	-139.35289483569252	0.05033682916438595	0.015338409383502208	0.015338409383502208	0.020393439440302016
19670000	-147.31346554978802	0.46579069737526924	-147.7792562471633	0.049075861815806025	0.027354788316809202	0.027354788316809202	0.03732864529271691
19680000	-153.90426818041692	2.386501066041845	-156.29076924645875	0.029104603104778647	0.010306364372035989	0.010306364372035989	0.018043160122540997
19690000	-130.35840978913984	2.236609057222536	-132.59501884636236	0.09827873811783149	0.04019569730768374	0.04019569730768374	0.03278832123812089
19700000	-144.47103495457083	2.2630621540373355	-146.73409710860815	0.05396960126884908	0.02987318789805488	0.02987318789805488	0.032748105866553606
19710000	-136.65083149735236	2.820371695270997	-139.47120319262336	0.07261895761574594	0.03139798724640037	0.03139798724640037	0.03258719905171764
19720000	-112.53746597456482	0.10443085171631994	-112.64189682628114	0.1453219627250097	0.0255674067199309	0.0255674067199309	0.01895848293503522
19730000	-94.6176775866763	1.6200160319216381	-96.23769361859793	0.2539875075497498	0.051128252744622585	0.051128252744622585	0.02418565072313051
19740000	-87.39838898049364	-0.8494051358707546	-86.54898384462288	0.4854012099178007	0.09418413565912809	0.09418413565912809	0.03983409384941142
19750000	-51.537497053425064	-2.5453974379644184	-48.992099615460646	1.3297033949520345	0.06348825565217296	0.06348825565217296	0.014450360664736518
19760000	-79.75314326588085	1.5319639219067591	-81.28510718778762	0.4457770182582944	0.030028384715762888	0.030028384715762888	0.012473626907205389
19770000	-86.84555625764038	2.0131530372751403	-88.85870929491553	0.3471113764148206	0.0366986994374099	0.0366986994374099	0.02179171004326204
19780000	-123.9268608988312	1.2242710599277578	-125.15113195875895	0.09291966025681343	0.04136952621843674	0.04136952621843674	0.03822572275525363
19790000	-136.40812123504082	2.037129002015808	-138.44525023705663	0.04765737948264478	0.01360424116763354	0.01360424116763354	0.020620594266396165
19800000	-104.36962710207611	2.4740957097566945	-106.8437228118328	0.14408450637130296	0.03879132011104354	0.03879132011104354	0.027689472541735247
19810000	-101.14334098833874	2.207467278230668	-103.3508082665694	0.25432869577881556	0.03152642480913096	0.03152642480913096	0.016358838319902348
19820000	-65.84970738890681	0.9261793116319162	-66.77588670053872	0.6328307569213207	0.047627165716465615	0.047627165716465615	0.024992289686898463
19830000	-65.30013594066708	-0.9594279616407588	-64.34070797902632	1.0352731195400602	0.1096703686148962	0.1096703686148962	0.028314210239119876
19840000	-71.26457159918549	0.10827606308521132	-71.3728476622707	0.6330723740057891	0.07313751245141338	0.07313751245141338	0.023114859928853607
19850000	-94.16851104661785	1.6260576044224204	-95.79456865104027	0.37507365806837945	0.04652879122553784	0.04652879122553784	0.019356229026939613
19860000	-65.94998177777151	-1.0664894918751187	-64.8834922858964	0.7263241959264641	0.06335724248523791	0.06335724248523791	0.0245926530324699
19870000	-81.64289936652567	1.8598586037880398	-83.50275797031371	0.41030996010404747	0.07138006542839659	0.07138006542839659	0.029561217217088744
19880000	-107.50369413245647	1.4551543214829228	-108.9588484539394	0.1699151513673366	0.04831578934119841	0.04831578934119841	0.030619963324270593
19890000	-148.60628511834014	2.698125463546921	-151.30441058188705	0.04454501589925697	0.02147923597967867	0.02147923597967867	0.027381454989608388
19900000	-108.48274174938366	1.2537438846254156	-109.73648563400909	0.1515725586377521	0.02334116858540726	0.02334116858540726	0.02346915480240804
19910000	-101.27981635160765	1.3635654350783777	-102.64338178668602	0.26476407494911264	0.06123632042235325	0.06123632042235325	0.03097671748038475
19920000	-97.8971373303044	1.2293249085682203	-99.12646223887262	0.32283685494725567	0.07731881165184136	0.07731881165184136	0.030561443038672552
19930000	-66.8662672021186	-0.7698803166185871	-66.09638688550002	0.9928656647250382	0.114781697198877	0.114781697198877	0.02497301779690581
19940000	-80.46910467233835	1.3720101151642075	-81.84111478750255	0.439300971430589	0.03723992854104983	0.03723992854104983	0.022231832321676637
19950000	-113.10504521405238	0.8581567582365364	-113.96320197228891	0.1386912816414102	0.03718823142605317	0.03718823142605317	0.025854284493641473
19960000	-87.56877168046083	0.2811020971712227	-87.84987377763206	0.47513001683830597	0.10222720876616438	0.10222720876616438	0.040347295789294704
19970000	-97.35941230303337	2.2570073348264366	-99.6164196378598	0.2361960597119894	0.03931692205571136	0.03931692205571136	0.019332328555253252
19980000	-91.47658753501602	0.6654131923073114	-92.14200072732334	0.3225330866181763	0.03832533115201431	0.03832533115201431	0.022374976697430948
19990000	-61.77047968239511	-1.9592196135079267	-59.81126006888719	1.0438851380737595	0.09664431569657718	0.09664431569657718	0.02522983482731061
20000000	-90.26189352450108	1.8242182049718392	-92.08611172947292	0.40564723488151283	0.048082744439594795	0.048082744439594795	0.02036743464829328
20010000	-88.72279860735159	2.439342887712665	-91.16214149506426	0.2635260243984226	0.032693068494341365	0.032693068494341365	0.020351625882879663
20020000	-85.84088760396172	-0.21425884436079112	-85.62662875960093	0.47491114324400174	0.04333779229850505	0.04333779229850505	0.025287214446419994
20030000	-117.61160165812048	2.2924906949041675	-119.90409235302465	0.10870491968978575	0.03341005170704396	0.03341005170704396	0.032286361884666326
20040000	-81.44275598935681	-1.5433499693854462	-79.89940601997137	0.4761573351264958	0.057911880969322344	0.057911880969322344	0.024482931715594153
20050000	-64.08142333048211	-0.7526776703995107	-63.3287456600826	1.0562548798715599	0.07754448799509318	0.07754448799509318	0.028447368350737537
20060000	-69.11890623873207	-0.8462051416842771	-68.27270109704779	1.0731445888218152	0.08158047202879519	0.08158047202879519	0.021613641524289726
20070000	-76.62527351483648	1.1957517331298955	-77.82102524796638	0.5959513230182493	0.042386876630893064	0.042386876630893064	0.019819693224878667
20080000	-90.46936367105545	2.297887277122358	-92.7672509481778	0.2825825154374258	0.05458074831253274	0.05458074831253274	0.025575195296113393
20090000	-82.15017936092825	2.2791522894741516	-84.4293316504024	0.3265554851962177	0.016997896679081283	0.016997896679081283	0.018786760119050012
20100000	-68.69810900223531	-0.15563280422822345	-68.5424761980071	0.5858238127875878	0.07351432955017041	0.07351432955017041	0.03059338690493322
20110000	-65.71540760072875	0.5241567925603825	-66.23956439328913	0.710194746277614	0.0773371576349978	0.0773371576349978	0.02827407395057565
20120000	-80.77658377564815	0.7944275248050602	-81.57101130045321	0.32635591188259144	0.03959105713476451	0.03959105713476451	0.017517483734274687
20130000	-101.25204334120502	2.080550669598505	-103.33259401080353	0.2991239496719156	0.07203731557515411	0.07203731557515411	0.03730863258641012
20140000	-122.18996650083623	0.20551269210307943	-122.39547919293932	0.0968320707843179	0.030369619053188864	0.030369619053188864	0.02227362938775459
20150000	-91.46452666094962	1.4646752011565738	-92.9292018621062	0.389278808246767	0.09760807138008111	0.09760807138008111	0.0413180333252902
20160000	-94.43156315346621	0.5916642798967731	-95.02322743336299	0.2830500538394736	0.04381144883784358	0.04381144883784358	0.023889138108419958
20170000	-98.17034447833227	1.756070538991032	-99.9264150173233	0.3777784871911969	0.08715781245214668	0.08715781245214668	0.04145392439867408
20180000	-93.09276253489298	0.5182006993312055	-93.61096323422419	0.3395448796989316	0.08077256179610826	0.08077256179610826	0.034169133631516836
20190000	-106.76342890045177	2.0171116930740633	-108.78054059352583	0.16580308490146337	0.039266072287942405	0.039266072287942405	0.022648276195728942
20200000	-134.70289605468272	2.217457520319823	-136.92035357500254	0.08917687326736654	0.03546562832856468	0.03546562832856468	0.028154129988408196
20210000	-106.9477842222069	2.5540802736595456	-109.50186449586646	0.1647900172642772	0.026176928421976445	0.026176928421976445	0.022286550214527467
20220000	-89.70721005039452	-1.1339309165037736	-88.57327913389075	0.4782732449267705	0.06493656679890172	0.06493656679890172	0.025786015192448872
20230000	-97.36603373000976	2.0152107685468508	-99.38124449855661	0.325873708270092	0.07445098075509718	0.07445098075509718	0.030425806519930418
20240000	-87.94585315474508	0.8342824070299945	-88.78013556177507	0.33467893359158135	0.0515232842002639	0.0515232842002639	0.021712650311544963
20250000	-80.48173342608646	1.4737243101890583	-81.95545773627552	0.42922405989438656	0.03804142571200386	0.03804142571200386	0.020835391966885733
20260000	-109.83103535641874	1.4043967470085739	-111.23543210342731	0.2266037586114221	0.06041961467454385	0.06041961467454385	0.028454892997831265
20270000	-108.31164529654279	1.9794127068469107	-110.29105800338971	0.1817420993714674	0.02674793314512531	0.02674793314512531	0.019973179419914985
20280000	-63.211103276385515	-1.4756647084648065	-61.73543856792071	1.1459474879415124	0.058152613407210195	0.058152613407210195	0.018887739759617286
20290000	-96.52264607179117	1.7324827250741246	-98.25512879686529	0.4169815642347926	0.09417017154926285	0.09417017154926285	0.03679273710405827
20300000	-94.46509552623576	1.7388305987960364	-96.2039261250318	0.27556246792439426	0.06811588877722677	0.06811588877722677	0.032537734813193234
20310000	-104.94109536870937	1.262242895957145	-106.20333826466651	0.2331886247930638	0.07440523872530387	0.07440523872530387	0.04059244948875842
20320000	-123.4246361813957	2.237468360246515	-125.66210454164221	0.09056941937171006	0.0365864625787056	0.0365864625787056	0.03200597354550364
20330000	-96.25868334777833	-1.6768087360660884	-94.58187461171224	0.3583691382484248	0.04344884570421553	0.04344884570421553	0.021784764335672096
20340000	-114.62289891998869	2.055834439767346	-116.67873335975604	0.1239740979380239	0.03556062720235625	0.03556062720235625	0.027108583602058842
20350000	-163.84057143727762	1.522722747607411	-165.36329418488504	0.028032604266891626	0.012167958593552445	0.012167958593552445	0.021062710025038053
20360000	-165.7085439183319	2.4687997532617305	-168.17734367159363	0.025638449352435776	0.024897814245560833	0.024897814245560833	0.0449971535057864
20370000	-167.37566815059026	1.0943267441806088	-168.46999489477088	0.02042380933113178	0.009611939496260628	0.009611939496260628	0.02356817648027302
20380000	-191.51413031698175	-0.1923522021795021	-191.32177811480224	0.01558192215967694	0.021546172620885155	0.021546172620885155	0.046699864520018085
20390000	-140.82435578795585	1.789983397827775	-142.61433918578362	0.09513797075247393	0.06269844981019942	0.06269844981019942	0.05880819846486976
20400000	-139.7366924907978	2.7070466859248405	-142.44373917672263	0.06586465420848754	0.009952919071172153	0.009952919071172153	0.01689294229574673
20410000	-139.75061341488956	2.5957556111822777	-142.34636902607184	0.04968957654631175	0.023671162402275854	0.023671162402275854	0.031445415111231195
20420000	-144.22617406269762	2.0497443033191978	-146.2759183660168	0.061012436330862466	0.014335668513869968	0.014335668513869968	0.013773572880019106
20430000	-89.80590733061943	0.844846385580741	-90.65075371620017	0.4023894564007137	0.08868648466949355	0.08868648466949355	0.04173141540315434
20440000	-107.98116846915651	2.386383150031438	-110.36755161918795	0.1832508385919675	0.0337615374361254	0.0337615374361254	0.021043663341478634
20450000	-129.07669668504707	2.286351246877858	-131.36304793192494	0.06765791881528091	0.009612059792415575	0.009612059792415575	0.01582724959089307
20460000	-95.66045338182118	2.023897501926747	-97.68435088374792	0.34415723595700565	0.07962695310249607	0.07962695310249607	0.03266514274994831
20470000	-103.99801588529537	-5.241178792149274	-98.7568370931461	0.3521489516445677	0.05955876170481059	0.05955876170481059	0.01870993541096628
20480000	-125.83471169355828	1.36321203524495	-127.19792372880323	0.13861617475361157	0.03262349971347578	0.03262349971347578	0.032161998007689235
20490000	-85.40111856451277	1.4114003356794218	-86.81251890019219	0.3850847709408805	0.0507097422781848	0.0507097422781848	0.02062466148217864
20500000	-104.3583757970194	2.033204452610434	-106.39158024962984	0.2867318200123881	0.08827036451295378	0.08827036451295378	0.043829891711560674
20510000	-111.44663108165875	1.507117290357296	-112.95374837201605	0.17810123521064028	0.0496188841821011	0.0496188841821011	0.039464112146685534
20520000	-98.06848895526029	2.3185224134514737	-100.38701136871177	0.2684615069437774	0.04369869869184834	0.04369869869184834	0.021270090480868545
20530000	-109.4613715315393	2.325364620313371	-111.78673615185266	0.15590330971247848	0.07017253093552525	0.07017253093552525	0.04783610537458473
20540000	-90.55466142691282	1.0717663956945849	-91.6264278226074	0.4988489682523232	0.08951204405657688	0.08951204405657688	0.03149695640351533
20550000	-111.02501239890593	2.692538315189436	-113.71755071409537	0.1625694721499753	0.017687602551541115	0.017687602551541115	0.019828644899144227
20560000	-91.97866572160724	1.1202748595039669	-93.09894058111121	0.2763278121316861	0.039930019206721484	0.039930019206721484	0.018315791791292946
20570000	-93.90556556717155	2.0483390710407487	-95.9539046382123	0.2811753129100214	0.04622147463334089	0.04622147463334089	0.024273775100020357
20580000	-91.16722835472271	1.9286203140117708	-93.09584866873448	0.31235081058197706	0.0754302353912266	0.0754302353912266	0.03674808155281993
20590000	-100.53041735371912	2.418046746381857	-102.94846410010098	0.2626907112407266	0.05459841891599078	0.05459841891599078	0.035478136804203045
20600000	-84.44277428422946	-1.5861673957296332	-82.85660688849983	0.4322678827984347	0.054730675639335674	0.054730675639335674	0.021257440457502486
20610000	-73.54492536955551	0.3805449961294417	-73.92547036568496	0.6827341148219825	0.07653319773318515	0.07653319773318515	0.02214548628341672
20620000	-124.31636186443781	2.7487463364744342	-127.06510820091225	0.14594183347066525	0.026118619537122252	0.026118619537122252	0.019461404984189242
20630000	-154.77276193793344	2.040477985401319	-156.81323992333475	0.030210273598106054	0.01338736612988719	0.01338736612988719	0.024556714898089464
20640000	-156.132471771219	2.5600278704276147	-158.6924996416466	0.050076106600003924	0.031318151656211574	0.031318151656211574	0.047196635165371856
20650000	-147.17705290859374	1.5968928497863883	-148.77394575838014	0.03193523818933581	0.011875723423612731	0.011875723423612731	0.018244818008597063
20660000	-125.26254613047054	2.749295336396286	-128.01184146686683	0.1099842199669063	0.04434602525399132	0.04434602525399132	0.03839385539006636
20670000	-104.8093886794756	-0.09686580628814401	-104.71252287318745	0.27878870721799187	0.04091135145327453	0.04091135145327453	0.02080494560800326
20680000	-103.05969556866526	1.9725727792575038	-105.03226834792277	0.27108547364953794	0.05575986316204909	0.05575986316204909	0.034418015718165
20690000	-105.0298301757464	0.029227472335046745	-105.05905764808145	0.19121831471169823	0.04414404299633563	0.04414404299633563	0.024044699691968107
20700000	-107.6788660493084	0.36186408156465477	-108.04073013087306	0.2758218987957587	0.09915271550974922	0.09915271550974922	0.054968223019418255
20710000	-136.37393226375036	0.7969934319043075	-137.17092569565466	0.06037422378876782	0.028089376162423685	0.028089376162423685	0.028546002053916712
20720000	-214.46515982187628	-0.1629953208102224	-214.30216450106607	0.004427142761770394	0.006683182315987167	0.006683182315987167	0.02342993873338084
20730000	-212.5531917773699	1.5069397894668004	-214.0601315668367	0.003728554697286535	0.00511795229378318	0.00511795229378318	0.02300940669498975
20740000	-176.4764461108251	2.019898863332953	-178.49634497415803	0.013051663674553675	0.014546498222719114	0.014546498222719114	0.0352578229364128
20750000	-212.6196345471408	-1.1713365378006593	-211.44829800934014	0.005734560188331896	0.007596382700935228	0.007596382700935228	0.03415180124556498
20760000	-191.3199509731625	1.3320309786981763	-192.65198195186068	0.007335937407563282	0.012437112503826625	0.012437112503826625	0.03829943404931665
20770000	-242.1977110496173	-0.8137294498850118	-241.3839815997323	0.0019484741432855876	0.007961391197698309	0.007961391197698309	0.04906267941408231
20780000	-178.5587786394353	2.050832201048271	-180.60961084048358	0.013903462706090101	0.012093041799025568	0.012093041799025568	0.02918108064679576
20790000	-117.12426665973634	1.9864936670272089	-119.11076032676354	0.11707474225689155	0.025315425469374448	0.025315425469374448	0.02413207427572786
20800000	-127.55270740578796	2.389154145442618	-129.94186155123057	0.1027734863667206	0.041407773258436434	0.041407773258436434	0.038691749525611246
20810000	-164.65859800037316	2.1669327432676386	-166.8255307436408	0.02431699975398383	0.018861447774057356	0.018861447774057356	0.031675055948291585
20820000	-112.89808091553286	2.05630954415158	-114.95439045968443	0.21521202859138794	0.03945775758633152	0.03945775758633152	0.025819826779465538
20830000	-127.20361026652	0.9525152158915389	-128.15612548241154	0.09051541726319075	0.03813580489840418	0.03813580489840418	0.029826643906428068
20840000	-141.56918591216692	1.1770751245988547	-142.74626103676576	0.05258402575184241	0.022930484719138614	0.022930484719138614	0.021860704045615992
20850000	-106.30931990810865	1.7133067864281681	-108.02262669453681	0.17546709708378075	0.04794349080699754	0.04794349080699754	0.028074393733950945
20860000	-71.13358210915915	-0.3574979985813781	-70.77608411057777	0.6832545771366457	0.10837150389024365	0.10837150389024365	0.033052874881870864
20870000	-111.71028806393831	1.339908261810888	-113.0501963257492	0.1312116543732001	0.03185491584827013	0.03185491584827013	0.023006708568925137
20880000	-87.54532917662985	2.2904468989228874	-89.83577607555274	0.36482939595696395	0.06788985934797372	0.06788985934797372	0.035879353732999685
20890000	-80.454868305399	0.5051459947946527	-80.96001430019366	0.4775528395110651	0.044354716206572366	0.044354716206572366	0.021292336357255366
20900000	-133.38966826113543	1.8573947503131252	-135.24706301144855	0.10304486107747897	0.04381534048188905	0.04381534048188905	0.03990342202053565
20910000	-107.00690893412751	2.5210587430056095	-109.52796767713312	0.2559599622020259	0.05958713918284341	0.05958713918284341	0.03290881797233975
20920000	-61.75243397542787	-0.009943418409795957	-61.74249055701807	0.813912789354534	0.11168549533660807	0.11168549533660807	0.034052013456447656
20930000	-91.73374548322047	1.6516557719023717	-93.38540125512284	0.3570959763179252	0.06608600081130245	0.06608600081130245	0.033662291544662534
20940000	-66.9283027979075	0.18027467994991886	-67.10857747785742	0.6784221775056666	0.06980040057099499	0.06980040057099499	0.022269535830400033
20950000	-90.23344097188841	0.3278318598452664	-90.56127283173367	0.38609009271189176	0.06681116072763048	0.06681116072763048	0.02398872477308376
20960000	-111.34740672069844	2.781343123304255	-114.1287498440027	0.14618970612989696	0.030818577901374922	0.030818577901374922	0.0234110197574456
20970000	-102.2107350027531	0.3175450866059233	-102.52828008935901	0.1934345589214249	0.03203765305405734	0.03203765305405734	0.023219055297039614
20980000	-98.95930235639425	1.7578198039302118	-100.71712216032446	0.2020815103007288	0.05807912777370513	0.05807912777370513	0.03424683003031404
20990000	-73.8692066207547	1.0582232535157738	-74.92742987427047	0.5984102277993115	0.06508676964384834	0.06508676964384834	0.02319245240605189
21000000	-83.04339349994092	0.6811619048080729	-83.724555404749	0.36312539280481765	0.060478210959886085	0.060478210959886085	0.02391273136777166
21010000	-115.24538755349217	0.8682486359706245	-116.1136361894628	0.12595185399697179	0.03083713779549631	0.03083713779549631	0.022929860179552876
21020000	-115.9662680932566	2.2128904701902883	-118.17915856344689	0.14752876286109765	0.028537517084686617	0.028537517084686617	0.025563085264946807
21030000	-62.87311178132913	-0.7346617401171875	-62.13845004121194	0.8924357996767213	0.09555297770608442	0.09555297770608442	0.02716527263551529
21040000	-91.53352103536207	1.1318630331738833	-92.66538406853596	0.2990125818274271	0.05428769211468298	0.05428769211468298	0.026643725653357327
21050000	-109.37298794828705	-1.5449744868357005	-107.82801346145135	0.1524559254894927	0.02531518344031333	0.02531518344031333	0.01728910468593267
21060000	-108.40704096355915	1.0825073456210075	-109.48954830918017	0.229387094507587	0.013539093588154085	0.013539093588154085	0.015262033783973054
21070000	-78.99772261740532	1.0828713845969038	-80.08059400200221	0.5373582930459921	0.08304651367720253	0.08304651367720253	0.03206890634578939
21080000	-93.04969510935479	2.537203115447245	-95.58689822480203	0.2578023219154672	0.04049333741541338	0.04049333741541338	0.023518678484777976
21090000	-84.20126450427641	2.2035039596498764	-86.40476846392629	0.3633587503821173	0.04763508569562716	0.04763508569562716	0.02667953311547925
21100000	-100.10160146733597	1.9441562229304195	-102.04575769026638	0.171986978074612	0.04655735655687609	0.04655735655687609	0.02770714696888353
21110000	-108.52043934591597	2.257167169732814	-110.77760651564878	0.1831459775247959	0.03240589097273564	0.03240589097273564	0.024715928888447952
21120000	-122.74206651665072	2.3544074764050613	-125.09647399305578	0.08262427557998893	0.0253503304252847	0.0253503304252847	0.025660611789618093
21130000	-92.29694112231553	0.9979295699508589	-93.29487069226639	0.27923229565742735	0.03795935064520251	0.03795935064520251	0.028170056053974345
21140000	-111.52758624215664	2.377029834920556	-113.9046160770772	0.15948470046467084	0.03683106220427808	0.03683106220427808	0.028793412757235758
21150000	-78.81331637118367	1.0107209001940167	-79.82403727137769	0.5893547181225792	0.09284549867479029	0.09284549867479029	0.0326546111255733
21160000	-85.17350216192719	1.339721077616193	-86.51322323954338	0.37789024944919997	0.06550563220573465	0.06550563220573465	0.02766542352206608
21170000	-67.2341366634117	-2.252781808839158	-64.98135485457254	1.1873564493323578	0.1161357701090383	0.1161357701090383	0.03124595813150149
21180000	-54.71915698927936	-1.6113859059524813	-53.10777108332688	1.0309187248122598	0.04358908095838513	0.04358908095838513	0.018051326628356207
21190000	-101.33357750035847	1.7933302068994337	-103.1269077072579	0.22547231622543287	0.03885155033745553	0.03885155033745553	0.027848511880088623
21200000	-84.04962872941006	1.2344121356087476	-85.28404086501881	0.38717266263944977	0.06255021402920745	0.06255021402920745	0.025024222728509092
21210000	-54.21601910499864	-2.7689420936496787	-51.44707701134896	1.4865121986845253	0.11453395998288816	0.11453395998288816	0.027271923058147268
21220000	-74.83648065064324	0.11400731696190303	-74.95048796760514	0.7509063381612627	0.1091989158847113	0.1091989158847113	0.0361256953345578
21230000	-62.66184119331608	-2.068356182203264	-60.59348501111281	1.3342491050437517	0.020362384581007704	0.020362384581007704	0.018871417007368777
21240000	-97.41202901850819	1.1273120897226319	-98.53934110823083	0.27953056742505755	0.06661278277213968	0.06661278277213968	0.030292610973163193
21250000	-102.41318638256399	1.3528963730242527	-103.76608275558824	0.2541755140673312	0.06716518924296916	0.06716518924296916	0.030039706426623444
21260000	-106.65628909323289	2.564296955658929	-109.22058604889182	0.28537368878240665	0.0527901038604782	0.0527901038604782	0.03590297968217462
21270000	-120.82046368918216	2.777304584869904	-123.59776827405207	0.14097436419942025	0.04439213292922549	0.04439213292922549	0.03179415146304451
21280000	-94.37301275250661	-2.639670385871745	-91.73334236663487	0.5698119622041882	0.022224786171674903	0.022224786171674903	0.018162643709794302
21290000	-84.72116624563536	1.2882928904965205	-86.00945913613188	0.48033011023771954	0.09669633149434508	0.09669633149434508	0.03940534183655452
21300000	-90.23746455809594	2.1633435875433267	-92.40080814563926	0.2892932153145427	0.06717050353394423	0.06717050353394423	0.030050875191686137
21310000	-88.1890354984258	1.2910768304896836	-89.48011232891548	0.3284001495604845	0.046928907713233894	0.046928907713233894	0.02630016831941344
21320000	-109.15512776303255	1.5295469742532513	-110.6846747372858	0.205137531091331	0.04193280353552743	0.04193280353552743	0.020366239286693656
21330000	-111.1588322088267	2.1452493690869665	-113.30408157791366	0.12183505157763547	0.0440431836945736	0.0440431836945736	0.03301405774808503
21340000	-92.55848515996556	2.3995833816472127	-94.95806854161277	0.2750822128708659	0.04664616955052116	0.04664616955052116	0.0283439366915721
21350000	-136.63380346086018	2.2019368775078916	-138.83574033836808	0.08409597629032908	0.016430611953535342	0.016430611953535342	0.014959507711833539
21360000	-140.9049464397088	1.998760372221001	-142.9037068119298	0.06208180904482526	0.020893302911062953	0.020893302911062953	0.020197169709017672
21370000	-117.30145940554556	1.7910881432457757	-119.09254754879133	0.16578997479458005	0.04843472076971549	0.04843472076971549	0.025869053249645814
21380000	-127.78035099436634	1.431100863296261	-129.2114518576626	0.0808287228664579	0.04724565625884786	0.04724565625884786	0.04304079956553126
21390000	-90.95710594105273	1.6326031104715324	-92.58970905152427	0.3763422198694996	0.05352245796654681	0.05352245796654681	0.02315477583430344
21400000	-107.0431130093352	1.0215641963337436	-108.06467720566894	0.24093113621234138	0.05590341459137485	0.05590341459137485	0.03706860391616857
21410000	-132.10227317025297	2.2302199750634273	-134.3324931453164	0.10930482339397146	0.03717571639130492	0.03717571639130492	0.03107451456265998
21420000	-88.06261713450515	1.872302088658977	-89.93491922316413	0.37855362620904304	0.05592063606892643	0.05592063606892643	0.01916811542630075
21430000	-103.96295118374758	1.642775914782014	-105.6057270985296	0.21292398963272785	0.038025155788605824	0.038025155788605824	0.018536568316219023
21440000	-78.49313487599494	1.21185322481064	-79.70498810080558	0.46577833476205666	0.06739576691017808	0.06739576691017808	0.030389225932827578
21450000	-89.89707524622914	-1.5128963683118468	-88.3841788779173	0.5273865421610557	0.03417141312185922	0.03417141312185922	0.015429987122649135
21460000	-83.38876622971716	-2.701054485191711	-80.68771174452546	0.5673474323117128	0.07783018374805024	0.07783018374805024	0.022056953137124517
21470000	-92.65958719382003	2.0171332077097475	-94.67672040152978	0.28879742062640523	0.03001903366656069	0.03001903366656069	0.01979028752777095
21480000	-105.65420373990561	1.1723381988949395	-106.82654193880055	0.184590742339185	0.006929495606153622	0.006929495606153622	0.023138869289393897
21490000	-68.69850627682948	-2.6008146849893157	-66.09769159184016	1.0323884914396801	0.14282725378371394	0.14282725378371394	0.03271863444088027
21500000	-103.2984722879075	2.0351848663150824	-105.33365715422258	0.18789954490190305	0.06733877298151321	0.06733877298151321	0.04515884849459567
21510000	-141.97125783977697	2.261604345680997	-144.23286218545798	0.053749122895421	0.02637943290148688	0.02637943290148688	0.026521105753169676
21520000	-204.11798726539052	1.440601348537971	-205.5585886139285	0.004776044167636892	0.007714239866136746	0.007714239866136746	0.026762243875943448
21530000	-204.89464829555658	-0.8911811228807407	-204.00346717267584	0.005274651997655729	0.009721514191433243	0.009721514191433243	0.03700476320913326
21540000	-172.11728992959243	0.08750127120641649	-172.20479120079884	0.015257450655998258	0.01283854551872324	0.01283854551872324	0.02638972041111773
21550000	-100.9501075160228	1.3802156552308498	-102.33032317125365	0.3079234074218727	0.09496056165461043	0.09496056165461043	0.04328973368943563
21560000	-76.99391197577218	1.2159399605716477	-78.20985193634382	0.4627305395006495	0.03546983905128472	0.03546983905128472	0.021979670096327533
21570000	-81.5797786762953	1.9188576165975955	-83.4986362928929	0.3824513175137701	0.04978926202708571	0.04978926202708571	0.02480775066715677
21580000	-85.715509966103	-1.7507860629131184	-83.96472390318988	0.4035222265766783	0.05088784697746489	0.05088784697746489	0.020666380275314082
21590000	-54.22026199696259	-3.3822513795838978	-50.83801061737869	1.4621393777324578	0.10099994229742362	0.10099994229742362	0.024069572604509162
21600000	-90.65843246595544	2.3657367929794577	-93.0241692589349	0.24728387885104192	0.029587652326319824	0.029587652326319824	0.0202919930465652
21610000	-58.818643835234774	-0.9171340209657537	-57.90150981426902	1.0789340476591782	0.11946553166097451	0.11946553166097451	0.03015950625304406
21620000	-115.50061132827926	-0.40194682630515954	-115.0986645019741	0.1328229100474981	0.03270680220426127	0.03270680220426127	0.02249893510497316
21630000	-118.0192679413657	2.3149211110504213	-120.33418905241612	0.09221034865170068	0.029190427100730755	0.029190427100730755	0.023294775564810227
21640000	-79.93796797930648	-1.3982738549006446	-78.53969412440583	1.0494099383871585	0.12193744083479661	0.12193744083479661	0.030676663576651778
21650000	-85.85406001154234	2.157656537727113	-88.01171654926945	0.3530568385004703	0.054603654863914566	0.054603654863914566	0.02720398801917623
21660000	-120.60615888226995	2.0441982570018324	-122.65035713927179	0.13029806786636447	0.03532718012899892	0.03532718012899892	0.022947423264385414
21670000	-110.49160512382822	2.692243258752341	-113.18384838258056	0.18191027317963177	0.03694635727349786	0.03694635727349786	0.023896541795587548
21680000	-105.98468493014474	2.174410447321354	-108.15909537746609	0.199425586596014	0.041439544219168456	0.041439544219168456	0.02233909480436537
21690000	-82.12643753670498	0.9070724934826456	-83.03351003018763	0.44382190582992437	0.04990459211151198	0.04990459211151198	0.02463335982207315
21700000	-94.59557208721479	-0.7620869062869553	-93.83348518092784	0.2705186696297156	0.049878708550469227	0.049878708550469227	0.025028303356998044
21710000	-143.7437429148992	2.438839037914654	-146.18258195281385	0.055520066004842446	0.023015366836082577	0.023015366836082577	0.028344233057324107
21720000	-97.83326680106823	2.1580171658288108	-99.99128396689704	0.3044312812886418	0.043514353636029984	0.043514353636029984	0.01772116314949682
21730000	-92.75213258731328	1.9425300409770463	-94.69466262829033	0.2862291169091729	0.03738450740807438	0.03738450740807438	0.02173706054631032
21740000	-89.04244326356037	1.357108764068225	-90.3995520276286	0.4722883943076987	0.0579970907425677	0.0579970907425677	0.025698362230715102
21750000	-83.75875307854545	2.121022934746053	-85.8797760132915	0.3837066123791569	0.036910578079518454	0.036910578079518454	0.02085840775339133
21760000	-120.27641015255878	1.530714854997123	-121.80712500755591	0.13649468934179704	0.04079253034534369	0.04079253034534369	0.035229399730605
21770000	-131.74501194822614	2.405986103309127	-134.15099805153525	0.08128307577403826	0.02515032100263041	0.02515032100263041	0.029232366154608575
21780000	-126.18368425721779	0.5213989638532968	-126.70508322107109	0.09132974323711128	0.021645478420388997	0.021645478420388997	0.025249008212062687
21790000	-116.56861935433587	0.5051704604983631	-117.07378981483423	0.16151896608552527	0.039545978815907774	0.039545978815907774	0.025260073243412885
21800000	-90.88703886241336	1.9768025744743218	-92.86384143688768	0.3008540810001073	0.04628877068493552	0.04628877068493552	0.021773324868243186
21810000	-85.98949367118956	2.2426388334051497	-88.23213250459472	0.3309025557433353	0.047527145256452644	0.047527145256452644	0.02479172988956474
21820000	-106.54513276685041	1.2107045836152186	-107.75583735046564	0.2845692565519054	0.053208303557301766	0.053208303557301766	0.02390485426424282
21830000	-83.30494462861148	2.0571886644511435	-85.36213329306263	0.35414203845154124	0.06794426094724765	0.06794426094724765	0.027768054314264694
21840000	-70.9479761862651	-2.5508825596446734	-68.39709362662042	0.9769265729883028	0.16736130077826342	0.16736130077826342	0.03933183075164569
21850000	-131.82721423516463	0.8573690832551861	-132.6845833184198	0.05474526178607234	0.015695563837623324	0.015695563837623324	0.01846771265241989
21860000	-143.21777449546437	2.10367709892059	-145.32145159438497	0.055405541265348704	0.026544806269805744	0.026544806269805744	0.032138654856237334
21870000	-94.69202983590348	0.2491075442150542	-94.94113738011853	0.40386626092100075	0.08349202062564123	0.08349202062564123	0.029741044342447308
21880000	-98.98085733663265	1.521560024188469	-100.50241736082113	0.24299676571460826	0.058533399153311155	0.058533399153311155	0.03105713374365003
21890000	-114.51196481843436	2.4160809530242533	-116.92804577145861	0.12538107399313006	0.032231061484467693	0.032231061484467693	0.032106672784205356
21900000	-118.80855385111465	2.5224608444792924	-121.33101469559395	0.1506007938042123	0.052302829477128325	0.052302829477128325	0.0347384650919023
21910000	-117.29108730244775	2.36147569998873	-119.65256300243648	0.1167761913872689	0.02984493104322585	0.02984493104322585	0.02312203710432823
21920000	-118.18216739759853	1.2336501873875596	-119.41581758498609	0.12521492579654056	0.04431948297919497	0.04431948297919497	0.03377038567114162
21930000	-63.492526334687064	0.12023955973855738	-63.61276589442562	0.8482028160231548	0.06932972713101364	0.06932972713101364	0.024206226668431013
21940000	-56.81416735799836	-4.77291174533411	-52.041255612664244	1.1444239388891593	0.09039919994291035	0.09039919994291035	0.026903074812770718
21950000	-96.69700710250777	2.29311968943318	-98.99012679194095	0.2492750949370807	0.044723904855725506	0.044723904855725506	0.022052382698857953
21960000	-105.21411949509424	1.3391969589509158	-106.55331645404516	0.1935772644569371	0.032195880228804936	0.032195880228804936	0.016468225938037113
21970000	-98.50229570964221	1.6587583922086049	-100.16105410185082	0.3335696795575083	0.05722320531672249	0.05722320531672249	0.025766773607223795
21980000	-103.16588023241765	2.0867175172646957	-105.25259774968235	0.18871752576777573	0.04605232451917574	0.04605232451917574	0.026118844612699955
21990000	-70.71366686566599	0.3506088838341178	-71.0642757495001	0.7170424849822084	0.036569868659786994	0.036569868659786994	0.02307363190068693
22000000	-82.00553723356862	0.7949636087056	-82.80050084227422	0.6307022330931769	0.07190438360217677	0.07190438360217677	0.02353584599300384
22010000	-73.64328905957173	1.3347818198179233	-74.97807087938965	0.5276867547035183	0.06113028785249928	0.06113028785249928	0.020896018714618696
22020000	-89.48602567472557	1.1568723050172927	-90.64289797974286	0.44357475516440803	0.03212430877832352	0.03212430877832352	0.024338890427023398
22030000	-74.2133173496508	0.5666369909473491	-74.77995434059814	0.7130629649277823	0.12025145224558162	0.12025145224558162	0.035933696494603394
22040000	-107.7052560532078	-3.0440864001512375	-104.66116965305656	0.16245811377532707	0.0439779220874594	0.0439779220874594	0.03026020963635912
22050000	-87.1172064072055	2.2271262601195554	-89.34433266732506	0.3631631083848015	0.06278216609982291	0.06278216609982291	0.031994526288892065
22060000	-80.54704195983085	1.4174352716697554	-81.96447723150061	0.38940906231665573	0.020226017670294093	0.020226017670294093	0.014364941251761333
22070000	-73.03288523590471	-0.879577225989367	-72.15330800991535	0.5018441047546537	0.07749771704442826	0.07749771704442826	0.030324993801661863
22080000	-104.25794723138985	1.3039637449710755	-105.56191097636092	0.2071788453101243	0.047908118123199436	0.047908118123199436	0.024259709249083904
22090000	-102.79606983143199	2.304560517678305	-105.1006303491103	0.25244938737568856	0.06115641841931347	0.06115641841931347	0.03772737005048438
22100000	-87.6565066687527	0.08175159450501379	-87.7382582632577	0.36487588927526093	0.06335636114596317	0.06335636114596317	0.02794214936222863
22110000	-108.34664190384535	2.6330137920357037	-110.97965569588105	0.19509189214078276	0.06486428329334615	0.06486428329334615	0.039563083758563426
22120000	-62.45448491902751	-0.4993796646620664	-61.95510525436544	0.8537884482173794	0.11635496868836698	0.11635496868836698	0.029817703890991934
22130000	-87.31133089299716	2.020908729202625	-89.3322396221998	0.34161952415828345	0.04673717137216457	0.04673717137216457	0.026645887275930646
22140000	-79.05466435488047	-1.0753915685750082	-77.97927278630546	0.7071379789862143	0.10519574235477246	0.10519574235477246	0.028842171307827336
22150000	-118.64112731211051	2.338347264044909	-120.97947457615543	0.1111108893977425	0.017521829030588756	0.017521829030588756	0.016900978247081873
22160000	-91.85781543041325	2.272081957827211	-94.12989738824047	0.30009578759734434	0.04063245446641061	0.04063245446641061	0.018912060479151664
22170000	-74.3505030452934	-0.1664660926709166	-74.18403695262248	0.7878194260284694	0.11198948168372455	0.11198948168372455	0.033715508930529554
22180000	-73.26966505906697	0.03445683273145572	-73.30412189179842	0.7309875574941775	0.053294171391306495	0.053294171391306495	0.024193072499822506
22190000	-79.03401297984533	0.28419092051467965	-79.31820390036	0.5605729710264581	0.05506183940930326	0.05506183940930326	0.024383349723571663
22200000	-112.8029501574156	1.5105994364558337	-114.31354959387143	0.17935331544145586	0.055890735465854546	0.055890735465854546	0.03110877578222939
22210000	-80.13388031648704	0.621682303610572	-80.7555626200976	0.4360341682262574	0.09496536507343897	0.09496536507343897	0.04174082879197477
22220000	-124.97035368647198	-2.9403635689467196	-122.02999011752526	0.08637133352580469	0.02093445066407447	0.02093445066407447	0.029184529461904196
22230000	-85.89394635087336	1.2295782508774318	-87.1235246017508	0.37782806979003564	0.05991589243203311	0.05991589243203311	0.02178657530523471
22240000	-135.1540594779427	2.058352639868655	-137.21241211781134	0.08800122085318621	0.047923794714928594	0.047923794714928594	0.044328850120295374
22250000	-93.66074314126394	1.7642385978959685	-95.4249817391599	0.2106617170372066	0.03756141869636627	0.03756141869636627	0.023053364440347522
22260000	-89.03702418640721	2.121122366290395	-91.1581465526976	0.2973304895198132	0.04759139529934606	0.04759139529934606	0.02347687677718254
22270000	-74.64295712630992	0.229708114853658	-74.87266524116359	0.7381994713186005	0.09774138600005612	0.09774138600005612	0.026231600008067013
22280000	-102.91065822689997	2.42863398531229	-105.33929221221226	0.22253831847927988	0.04710127955177604	0.04710127955177604	0.034157220704714844
22290000	-93.06465690204138	1.6799616599242297	-94.74461856196561	0.3973043396233839	0.07057154417187253	0.07057154417187253	0.02684565525716675
22300000	-71.9617796769995	1.1753840567943343	-73.13716373379383	0.5321865298238976	0.05575597870602756	0.05575597870602756	0.0207341751615337
22310000	-75.9384882508695	1.5414103784744677	-77.47989862934396	0.44608975709709786	0.03292100466624075	0.03292100466624075	0.02296657610321523
22320000	-70.64492342126617	-0.2729408161947121	-70.37198260507145	0.8133054380473757	0.08506317383055402	0.08506317383055402	0.029354655477539196
22330000	-87.53614875516604	1.1364598011856866	-88.67260855635172	0.46703261397412393	0.0618300520993207	0.0618300520993207	0.02474157287502842
22340000	-87.33222564897298	1.3102231022605393	-88.64244875123352	0.307741393981379	0.03210580745897878	0.03210580745897878	0.022777292798682548
22350000	-81.86600777525119	1.1193572093239372	-82.98536498457513	0.5410792503387315	0.0852627176454058	0.0852627176454058	0.03088752750248585
22360000	-107.79683685940978	-0.4127940132677006	-107.38404284614208	0.20231455288000078	0.05260776469022963	0.05260776469022963	0.03533473333977658
22370000	-79.2709462837009	0.61594079067806	-79.88688707437895	0.5171039444341126	0.06719237229760018	0.06719237229760018	0.025038268452560918
22380000	-78.76758550912561	0.7335367685954927	-79.50112227772111	0.4930327858613161	0.07738571744368057	0.07738571744368057	0.030537756350278875
22390000	-91.84166988838953	1.1028094822530585	-92.9444793706426	0.39943472809353503	0.06095538504261222	0.06095538504261222	0.023331186741839812
22400000	-67.54883861950117	0.24232744583657007	-67.79116606533773	0.7468817059262772	0.06364076105812189	0.06364076105812189	0.028404721968159307
22410000	-72.57586903785462	-1.0107846029604937	-71.56508443489412	0.8847209420250876	0.10086784625072798	0.10086784625072798	0.028450439487539017
22420000	-75.22192435770373	-1.3978084689087158	-73.824115888795	0.9049790745754077	0.08855410822291208	0.08855410822291208	0.028062552698287793
22430000	-70.28575366065954	-0.7121502721470794	-69.57360338851245	0.9741184906832729	0.09916149693132272	0.09916149693132272	0.02974113822618938
22440000	-77.91624693364435	0.5497279061922076	-78.46597483983655	0.5628721621103434	0.11664927377000668	0.11664927377000668	0.040168797459584654
22450000	-83.70041872397114	1.6336096748810247	-85.33402839885217	0.4904293071878632	0.08000162162824564	0.08000162162824564	0.028249865132813762
22460000	-96.90206941904377	1.2115237791313587	-98.11359319817512	0.2999830078967321	0.030588089425671566	0.030588089425671566	0.019330619226845747
22470000	-75.70135650645655	1.1549225739426587	-76.8562790803992	0.6021987567350172	0.09690911744609106	0.09690911744609106	0.03235920478641097
22480000	-67.7139177382452	0.3512561741837431	-68.06517391242895	0.5933911934134454	0.053048981339431756	0.053048981339431756	0.023288868534885574
22490000	-88.34521835947177	1.3662430425437733	-89.71146140201554	0.3013401025917456	0.06743137223913832	0.06743137223913832	0.033395776919891255
22500000	-100.2957374893516	1.5084088293863704	-101.80414631873796	0.4656941338292496	0.1420794294468072	0.1420794294468072	0.06439842648411048
22510000	-90.72777254827498	1.261934187421804	-91.98970673569679	0.36206874072302514	0.06323307859667017	0.06323307859667017	0.026630510898065517
22520000	-58.69430614402174	-1.3297367541402787	-57.36456938988146	1.1200858803489522	0.08782477671151004	0.08782477671151004	0.02269996171790143
22530000	-79.42245814968472	0.8297614545932431	-80.25221960427795	0.5478307683575644	0.08313232804174947	0.08313232804174947	0.03070132933073117
22540000	-69.97782002635726	0.4101996086966194	-70.38801963505388	0.789061388593157	0.11034102330937229	0.11034102330937229	0.03586972394095119
22550000	-89.65967395132473	1.3410515540842396	-91.00072550540898	0.3748587272916953	0.047801176491984225	0.047801176491984225	0.02516601544978673
22560000	-77.91120468993181	0.22721181136843815	-78.13841650130024	0.5830550578303646	0.0595249102034045	0.0595249102034045	0.026420457625649638
22570000	-59.53731388539276	-2.299462526046356	-57.23785135934641	1.0656171792556115	0.09798154956827587	0.09798154956827587	0.02266118386218973
22580000	-96.8790160459316	-2.160648130489715	-94.71836791544189	0.24289040544488652	0.060350217817061014	0.060350217817061014	0.028695727549089174
22590000	-100.24632530507532	2.4017020638122153	-102.64802736888753	0.27297416987555767	0.05458786374278416	0.05458786374278416	0.026027192872817996
22600000	-66.6645503351159	-0.5485785754440832	-66.11597175967182	0.6983692149783086	0.05265927043767479	0.05265927043767479	0.018628943669848533
22610000	-87.6300224895367	0.0034146529147701665	-87.63343714245147	0.5640118460998119	0.10267886145922807	0.10267886145922807	0.03530863804300888
22620000	-75.33477286597541	1.2617417387275633	-76.59651460470297	0.45923938698476335	0.03134059372139584	0.03134059372139584	0.01729894595361726
22630000	-77.60489381852899	-1.2810384250000117	-76.32385539352899	0.8578828783350553	0.11367275468774386	0.11367275468774386	0.03278267223958839
22640000	-99.3506916086009	1.4651368235970224	-100.81582843219792	0.17542459710742628	0.030531109928786705	0.030531109928786705	0.020871505178130894
22650000	-110.44030561583254	2.884811131384743	-113.32511674721728	0.1293020230876459	0.02939529167754722	0.02939529167754722	0.025362055264121396
22660000	-91.69688742120307	1.2213666883690002	-92.91825410957208	0.5551693626777255	0.07228355568715196	0.07228355568715196	0.02316534002776302
22670000	-113.21214702865649	0.8637331233479615	-114.07588015200444	0.20239215105786323	0.051671357982847665	0.051671357982847665	0.033032159990190164
22680000	-123.21618876540649	0.373692839112687	-123.58988160451918	0.11174126642210369	0.05451673463073091	0.05451673463073091	0.04562406289730511
22690000	-105.03923324029381	1.2985198882285043	-106.33775312852231	0.21600474704237868	0.035396614449372144	0.035396614449372144	0.021457582916282754
22700000	-111.46052966298694	1.8963372918779426	-113.35686695486488	0.12026253352340044	0.02148875958836124	0.02148875958836124	0.016173441072883543
22710000	-82.79226064673901	-1.9759441201970254	-80.81631652654198	0.7474749610955932	0.12068740714724831	0.12068740714724831	0.03479580417284569
22720000	-110.47508153516657	2.6684802587286853	-113.14356179389524	0.1448317675135171	0.039743952374524424	0.039743952374524424	0.02984841089961853
22730000	-118.72534148151765	-3.8368571222856414	-114.88848435923201	0.1919134265006786	0.08158652757530968	0.08158652757530968	0.04687147579150003
22740000	-112.44908620552889	1.2920521872677329	-113.74113839279661	0.11632690792186416	0.03316597756757921	0.03316597756757921	0.027965597793339333
22750000	-100.80597479018013	1.9337483387364736	-102.73972312891661	0.21971003919097704	0.037849994009514984	0.037849994009514984	0.024406381328483943
22760000	-112.19192168229236	1.780043683859832	-113.97196536615219	0.1738647530737013	0.049410751880242264	0.049410751880242264	0.03246965768585216
22770000	-128.99923462072599	2.744142006227541	-131.74337662695353	0.10365664951961603	0.03138890337974502	0.03138890337974502	0.023523232107514454
22780000	-51.48142180568348	-1.2393422696505887	-50.2420795360329	1.1153259916928229	0.07124700495843077	0.07124700495843077	0.018556909092899684
22790000	-109.63160314812792	1.27377626330785	-110.90537941143577	0.1905282947624562	0.03007707717657201	0.03007707717657201	0.02081448939858676
22800000	-146.9077508253158	1.6102257315342139	-148.51797655685	0.0520118681915538	0.020192154820798894	0.020192154820798894	0.025817161024408692
22810000	-131.524410768109	1.7496416537134394	-133.27405242182243	0.08290431519329973	0.025529636334613363	0.025529636334613363	0.024281166940963994
22820000	-116.3610330604763	2.127885151425914	-118.48891821190222	0.13030918024538318	0.047191108575061626	0.047191108575061626	0.028833295577020968
22830000	-114.40443649840003	1.4868966626885776	-115.89133316108861	0.12771089365297042	0.03660198871921937	0.03660198871921937	0.027155871238914792
22840000	-107.35077353500125	1.264203358134186	-108.61497689313543	0.14559946080516348	0.026673583452239188	0.026673583452239188	0.020340736432189865
22850000	-65.81857766012784	-0.2698524969358379	-65.548725163192	0.8745270143509863	0.07817165841822149	0.07817165841822149	0.019912937846116256
22860000	-101.72483941801221	2.400858695729936	-104.12569811374215	0.32341139490341886	0.04756611020197351	0.04756611020197351	0.027224482533917026
22870000	-129.1609912863771	-1.5858618695936224	-127.5751294167835	0.10818744503085677	0.03204041036429635	0.03204041036429635	0.024975633815796386
22880000	-143.22487950043944	0.356896428937425	-143.58177592937687	0.047934563694703426	0.01660084554158292	0.01660084554158292	0.019154135218276823
22890000	-118.50286926295882	2.1484791514904757	-120.6513484144493	0.12543218322538283	0.03844023284059115	0.03844023284059115	0.026792503868064484
22900000	-101.49318449418246	1.9773503919495607	-103.47053488613201	0.2699483471255845	0.07745965938379462	0.07745965938379462	0.042478793200627016
22910000	-127.00604918616442	2.4975342419018136	-129.50358342806624	0.0796656981950452	0.028926663946035897	0.028926663946035897	0.028631598890116537
22920000	-122.92714635645164	1.4499661825533523	-124.377112539005	0.0989208250950382	0.03653012995737806	0.03653012995737806	0.027073198589450967
22930000	-93.5745783541066	2.498189493183247	-96.07276784728985	0.27391987617464775	0.03898847362118304	0.03898847362118304	0.02616660193534571
22940000	-42.752676098564585	-4.669723498909161	-38.08295259965542	1.7822955418536206	0.06522145828953672	0.06522145828953672	0.020267748536531807
22950000	-67.97826047677849	-0.8070167435392236	-67.17124373323927	0.660452069940943	0.04877752395677875	0.04877752395677875	0.014982146058347749
22960000	-94.08980968988115	1.1928436585559852	-95.28265334843714	0.3922704276479175	0.05806151461323444	0.05806151461323444	0.03159701791381127
22970000	-85.71340728355685	0.2716816947427131	-85.98508897829956	0.4446818966474468	0.04371385611934208	0.04371385611934208	0.019507281225295152
22980000	-92.33135849979936	1.8767508367512993	-94.20810933655066	0.32650698100989967	0.052114063809658884	0.052114063809658884	0.02304331525245248
22990000	-107.23474794924664	2.4333244020974893	-109.66807235134412	0.1831023825866871	0.03475955461639908	0.03475955461639908	0.02792625775373317
23000000	-86.40574111510786	-0.7293544777349537	-85.6763866373729	0.3843557169863032	0.027583294828470627	0.027583294828470627	0.02165231746895812
23010000	-72.87316578749332	1.397314613598803	-74.27048040109213	0.5675487124430169	0.08714725143920762	0.08714725143920762	0.03347234753742691
23020000	-111.66641345451833	1.249133231649509	-112.91554668616784	0.15390836754567266	0.03555834134146809	0.03555834134146809	0.023356409903483685
23030000	-99.67796236989338	2.2703873853049705	-101.94834975519835	0.214805090870071	0.05011900199692711	0.05011900199692711	0.02596806302344468
23040000	-80.38154725176977	-0.27375040926976313	-80.10779684250001	0.5326973948882616	0.04857271461270039	0.04857271461270039	0.018541328134880786
23050000	-99.6039905647479	0.15701246716394301	-99.76100303191184	0.36413960453205535	0.09542365126614694	0.09542365126614694	0.04327585178546231
23060000	-62.701246448813905	-1.184083887876708	-61.517162560937194	1.0849484242943448	0.0707475702452736	0.0707475702452736	0.02698572281972676
23070000	-83.16494636926454	0.8356995064951959	-84.00064587575973	0.4661640592434054	0.05455627598683096	0.05455627598683096	0.01610156042250145
23080000	-69.14393292340107	1.046427071663742	-70.19035999506481	0.5321381505506231	0.056957003422642594	0.056957003422642594	0.0224136472982093
23090000	-99.41044790027867	1.1057720695823643	-100.51621996986103	0.21807653017662076	0.06268895037181696	0.06268895037181696	0.034791949832469374
23100000	-109.88146174254581	2.289288275820127	-112.17075001836594	0.2013688735313533	0.048254069305094766	0.048254069305094766	0.03339597598708112
23110000	-81.31771662570256	1.207177162871527	-82.52489378857409	0.4585843684357256	0.07048691485944802	0.07048691485944802	0.02494967263264928
23120000	-111.61573108934921	1.9150923547362755	-113.53082344408548	0.13498963648842113	0.03644729333810218	0.03644729333810218	0.02621493915888485
23130000	-95.7452000520627	2.4302784301760583	-98.17547848223876	0.25383770014781376	0.01922599586674299	0.01922599586674299	0.014431501492116285
23140000	-86.79203176475663	1.544143617173797	-88.33617538193043	0.45562059310845465	0.07946297639366941	0.07946297639366941	0.03506179242045168
23150000	-80.38095221665293	1.9781966112681673	-82.3591488279211	0.3646723783964233	0.03453526766206418	0.03453526766206418	0.016867798271101082
23160000	-90.59668829899444	0.7955427718107525	-91.3922310708052	0.3889225634878081	0.06858482561690268	0.06858482561690268	0.025249068599540618
23170000	-83.16150684052424	1.3018859996604233	-84.46339284018467	0.36512071936415785	0.04904054707005821	0.04904054707005821	0.02595853759650879
23180000	-89.70410877773499	1.07120927718046	-90.77531805491545	0.38680089968762077	0.03605580914907247	0.03605580914907247	0.020349664342877053
23190000	-90.06332339441624	1.5832810463650828	-91.64660444078133	0.247303476493969	0.05535569997673744	0.05535569997673744	0.029077870943735783
23200000	-77.1562405472722	0.9261265665163595	-78.08236711378856	0.562640114601006	0.06054627422822863	0.06054627422822863	0.029415640773987894
23210000	-74.78111649815577	1.2214086610471295	-76.0025251592029	0.43241444039500565	0.024872457761642902	0.024872457761642902	0.013871209985251442
23220000	-61.47120624332558	-0.2391263520255279	-61.23207989130005	0.7536477007788485	0.05443066923219083	0.05443066923219083	0.01587935938284357
23230000	-72.90898016980012	1.633388339562622	-74.54236850936275	0.5068156275429874	0.044818990569966154	0.044818990569966154	0.020060550906320015
23240000	-106.0573249690423	1.7656205062193422	-107.82294547526165	0.26367053420808706	0.053783578137897095	0.053783578137897095	0.02603070859106662
23250000	-80.39789864455807	1.0269532122098504	-81.42485185676792	0.5855422492346819	0.06519503254338702	0.06519503254338702	0.026607073657060134
23260000	-90.50282859980727	-0.027254274346600216	-90.47557432546067	0.45728443366940685	0.050310899015496485	0.050310899015496485	0.021279127794892033
23270000	-103.23729522403869	2.2562234201985762	-105.49351864423727	0.21174921259352325	0.03885373911392464	0.03885373911392464	0.02917052461786008
23280000	-118.43659539738286	-0.07439390787802136	-118.36220148950484	0.14775046468042427	0.05022889978692324	0.05022889978692324	0.03451494850789777
23290000	-111.1893469160298	2.2646960380295584	-113.45404295405936	0.2779960800088537	0.10216420117631426	0.10216420117631426	0.05179488536349648
23300000	-122.08906159689859	-0.17865056199899643	-121.9104110348996	0.11002601094071073	0.039366728596869835	0.039366728596869835	0.03064584949837479
23310000	-122.35343179347679	2.5618080859809593	-124.91523987945774	0.09120311747638778	0.024421231962445434	0.024421231962445434	0.021847527757763698
23320000	-127.72660364016372	2.742960896671071	-130.46956453683478	0.07803536544940963	0.03289569981069851	0.03289569981069851	0.030753104724213075
23330000	-112.29497365323884	-3.81811995676408	-108.47685369647476	0.14640398303482352	0.03678051996205337	0.03678051996205337	0.02528853893019999
23340000	-78.31758837907321	-0.4053945408605216	-77.91219383821269	0.6391715903074348	0.06975674764072547	0.06975674764072547	0.02295212955773813
23350000	-98.26688004019142	1.0499071999769591	-99.31678724016838	0.23463159707036216	0.09115859579045588	0.09115859579045588	0.052719871035199976
23360000	-100.35647084592196	2.173161835945704	-102.52963268186767	0.15793427822241415	0.01773347977442522	0.01773347977442522	0.01623838289335995
23370000	-107.17380707822589	2.7663122210406934	-109.94011929926658	0.17372294054301454	0.047466433590297154	0.047466433590297154	0.03579243125458991
23380000	-104.55231407416433	1.6239647481452355	-106.17627882230957	0.2268213379218162	0.05107917458976862	0.05107917458976862	0.02532917499938606
23390000	-112.94276569240283	1.48043444174841	-114.42320013415124	0.13969889334171673	0.043996841281520926	0.043996841281520926	0.029743162198562732
23400000	-129.80251547109893	-0.16355058221619867	-129.63896488888273	0.09048121500301243	0.024962929038687562	0.024962929038687562	0.017836780278934105
23410000	-133.63931586517	2.662259867943977	-136.301575733114	0.09413659876529841	0.04083637720456126	0.04083637720456126	0.04004400250439458
23420000	-107.29641049513427	2.3992174748611483	-109.69562796999541	0.2061289188650774	0.053581681412286926	0.053581681412286926	0.029746208293475695
23430000	-111.04934960395524	0.42207471088531046	-111.47142431484055	0.23985755918586024	0.04996729233371783	0.04996729233371783	0.019804387848882173
23440000	-138.02837767428508	2.0458694026130413	-140.07424707689813	0.053640011491606084	0.031229896672706037	0.031229896672706037	0.03390520484307334
23450000	-151.97513225759107	2.3062315290712623	-154.28136378666233	0.04338945106995968	0.018321665896621597	0.018321665896621597	0.022218705797021933
23460000	-154.16910015679198	2.1031258376872044	-156.2722259944792	0.03962585334661525	0.015389885019250664	0.015389885019250664	0.021220105707696054
23470000	-154.925219202436	2.1138305953163483	-157.03904979775237	0.05975413446083541	0.01730011299676806	0.01730011299676806	0.019496318634326954
23480000	-104.05119707392299	2.5321478501328447	-106.58334492405584	0.15471229774150907	0.039507916670985445	0.039507916670985445	0.024110690487416563
23490000	-63.643465563316745	-1.0478371601270577	-62.595628403189686	0.9870691182491942	0.04749203913516595	0.04749203913516595	0.019517086270969406
23500000	-93.00668079541747	2.1790438602164417	-95.1857246556339	0.2252291006681672	0.05245364859170072	0.05245364859170072	0.030876789921028817
23510000	-87.74088680243645	1.7206558690649527	-89.4615426715014	0.43833540860275305	0.05787099862545969	0.05787099862545969	0.019135404368774565
23520000	-81.78872175804642	1.1270196103083965	-82.91574136835482	0.46293290880907667	0.09574320010163112	0.09574320010163112	0.035415001738622554
23530000	-104.98540608955878	2.184835015080643	-107.17024110463942	0.17017300049702605	0.058304170500018425	0.058304170500018425	0.038192496805803056
23540000	-114.10909202762177	1.5532773776184854	-115.66236940524026	0.16868946134774981	0.036425630281470146	0.036425630281470146	0.023385784673418314
23550000	-133.40735925421373	0.5177393956680718	-133.9250986498818	0.05136104909376822	0.016945349305555624	0.016945349305555624	0.022238257204832024
23560000	-82.43674648276645	1.8347303271668645	-84.27147680993332	0.336717181273379	0.037241951530158156	0.037241951530158156	0.022136529445086636
23570000	-110.33414962045156	2.340122045130693	-112.67427166558225	0.1762383008217539	0.043197562251991166	0.043197562251991166	0.022259962082871947
23580000	-75.95734579252735	1.2193389118646207	-77.17668470439197	0.4898442986005421	0.045157539927438754	0.045157539927438754	0.018947922874184977
23590000	-122.8769582086091	1.575371066900269	-124.45232927550937	0.0795866644947608	0.02998630867444307	0.02998630867444307	0.029823293631200336
23600000	-134.0650851856668	2.0557980401198224	-136.1208832257866	0.05636512319482319	0.01942254625598439	0.01942254625598439	0.01979085463332219
23610000	-65.59777848642631	-0.28131521782231184	-65.316463268604	0.8240806527733354	0.1001833699708044	0.1001833699708044	0.029542865340894862
23620000	-78.7478173247647	-2.4110499523725064	-76.33676737239219	0.7445044450491275	0.06557995978894506	0.06557995978894506	0.0247878553155755
23630000	-82.25668873466756	1.2897414650333892	-83.54643019970095	0.37147585049416143	0.038651067341028945	0.038651067341028945	0.020019143883658976
23640000	-90.59838422559524	2.0483993767925917	-92.64678360238783	0.2933124080406248	0.06404484897693016	0.06404484897693016	0.02644411183241447
23650000	-110.36169728659334	1.8279572831122581	-112.1896545697056	0.20197114512786413	0.046487130814524165	0.046487130814524165	0.03341658752394632
23660000	-114.95089723495367	2.4028658161671084	-117.35376305112078	0.148187662808673	0.041249203680173006	0.041249203680173006	0.02655618537108769
23670000	-129.9148798480545	2.6305421104975917	-132.5454219585521	0.083612462368196	0.03132293226179958	0.03132293226179958	0.034803136095816825
23680000	-86.14251463301215	1.5456459648406227	-87.68816059785277	0.37698649892166064	0.07311995020664039	0.07311995020664039	0.03037207553287666
23690000	-72.22840541709671	-1.3796318580865967	-70.84877355901011	0.9078376842213148	0.14120601123419585	0.14120601123419585	0.037695450362071774
23700000	-99.68662114773991	1.3177184734884477	-101.00433962122835	0.23700279499672622	0.041029925638491616	0.041029925638491616	0.029959152152921758
23710000	-100.19765603735169	2.678830427807037	-102.87648646515873	0.1697076728258667	0.03039399930991779	0.03039399930991779	0.020881370196728075
23720000	-90.98907645740496	-0.8276481174686054	-90.16142833993636	0.35869318638618497	0.054474360202924635	0.054474360202924635	0.02822087679699506
23730000	-78.5233148790888	1.4098173827097895	-79.93313226179859	0.45768495750948274	0.06216042326156468	0.06216042326156468	0.026990921390863756
23740000	-74.47950892328691	-0.8242377393555295	-73.65527118393139	0.805280755729184	0.14399144872590094	0.14399144872590094	0.041961235633137
23750000	-72.9443642877069	0.3296166091082632	-73.27398089681516	0.57694026001855	0.08368139287161512	0.08368139287161512	0.029779569906467553
23760000	-102.67405635562383	1.3028203663641196	-103.97687672198795	0.30237941094830595	0.08014747978138254	0.08014747978138254	0.041377374628462166
