state	type_with_type	type_with_flowers	flowers_with_type	flowers_with_flowers
0	20	0	0	20
10000	9.59238397055878	13.6383572112677	13.6383572112677	49.9842793626122
20000	6.85110946868945	7.38312527080939	7.38312527080939	36.0524854693979
30000	6.93943222012933	8.14975845303522	8.14975845303522	49.2040914112588
40000	5.93911154275124	8.08469209169168	8.08469209169168	45.9507621455016
50000	6.78472987056731	10.4549382754511	10.4549382754511	42.4544788937664
60000	15.1089718173807	6.57967992223619	6.57967992223619	26.6200758338763
70000	21.5605084405705	22.0956486513416	22.0956486513416	40.5352945662996
80000	16.716200571475	8.6516173472607	8.6516173472607	28.459025171886
90000	3.995700329618	3.43470328634956	3.43470328634956	34.5639678125359
1e+05	3.65664979961645	8.45328202340141	8.45328202340142	46.473497561955
110000	1.34123957806688	2.3197325786652	2.3197325786652	33.837411718496
120000	8.0882824079658	12.4674747537959	12.4674747537959	44.4334810116353
130000	7.59347002954325	3.74008643087991	3.74008643087991	36.6209116383355
140000	4.72880513716834	5.78151780490705	5.78151780490705	49.9864660313995
150000	11.4416251701458	9.08262438418839	9.08262438418839	32.4562100435794
160000	6.73131410755136	7.64757536580249	7.64757536580249	39.7291804583737
170000	1.41000732474979	3.40526425932153	3.40526425932153	38.6930936264953
180000	2.85858960989729	4.28628229854277	4.28628229854277	37.0150282871627
190000	3.67420257651119	8.83061955718214	8.83061955718214	48.3437264672048
2e+05	6.70044137164988	3.6478879527178	3.6478879527178	32.3042345265773
210000	1.49592612176206	1.70645807827985	1.70645807827986	42.924704168115
220000	2.3931553972111	4.44582167892281	4.44582167892281	29.9213711223149
230000	5.14037781912444	4.63411262808798	4.63411262808798	42.5508047873335
240000	9.89238664103797	9.05677171421786	9.05677171421786	38.3836862069258
250000	45.7485044945628	22.1417477182496	22.1417477182496	47.76704525305
260000	31.4476318323266	13.5990282096304	13.5990282096304	32.1408565437653
270000	6.92544246869975	5.40394645425796	5.40394645425796	50.8737554871736
280000	9.8250265945572	15.2828065216537	15.2828065216537	63.0363982153579
290000	22.803101706681	23.1908203746974	23.1908203746974	40.0546750859296
3e+05	3.23946041011544	3.32073775447931	3.32073775447931	44.9836309649428
310000	4.60211459300264	10.1108928830832	10.1108928830832	46.9082914347199
320000	2.66443254385702	3.57659487325132	3.57659487325132	38.0966392585569
330000	3.39503980433288	9.13195978575527	9.13195978575527	49.3295782296836
340000	1.67133147116761	2.14897884156728	2.14897884156728	31.9707202317289
350000	3.0302336654674	5.77725186547819	5.77725186547819	38.0863024507973
360000	3.75211690675922	8.08872093950484	8.08872093950484	47.4049298165561
370000	6.93314925767411	11.6890516045599	11.6890516045599	32.8296889094335
380000	4.53003668032234	6.03764077534982	6.03764077534982	42.59995258444
390000	5.31369973417328	6.59467597843579	6.59467597843579	37.5656344627659
4e+05	4.35420718020761	6.67908648766045	6.67908648766045	42.9310935178377
410000	4.71695903637163	4.99312911274961	4.99312911274961	42.8287800971391
420000	6.72573026676199	10.3177456578851	10.3177456578851	44.0422639465381
430000	2.50445883007157	5.13763327206097	5.13763327206097	41.0518079790949
440000	1.74321575940542	4.01398736371284	4.01398736371284	29.6699900912766
450000	2.04020041599795	4.29581766051197	4.29581766051197	36.0364708509924
460000	1.59359110857536	5.71759269794186	5.71759269794186	42.3280357880452
470000	2.31477738859601	5.23018340438072	5.23018340438072	45.9000092065941
480000	3.91298344632118	8.9678251160173	8.9678251160173	56.5615661558941
490000	2.19943631762938	5.2001332448823	5.2001332448823	45.21215493541
5e+05	4.16630446649115	7.56224857770017	7.56224857770017	30.8959168495273
510000	9.6464589077869	10.7514485834959	10.7514485834959	30.490580453624
520000	2.27003383917653	6.51927972933275	6.51927972933275	51.6445215442767
530000	5.51839720912501	8.82055590635592	8.82055590635592	42.4434188196734
540000	4.77093285694242	4.47453785654184	4.47453785654184	33.1500167759726
550000	6.13277098753847	5.04990395949645	5.04990395949645	27.6543323028237
560000	5.66873535496334	8.68602972295836	8.68602972295836	31.3194112892028
570000	3.73976294625425	7.80043407991833	7.80043407991833	50.8768870342619
580000	4.05488267912594	4.94340560627481	4.94340560627481	34.6393686021538
590000	3.46751527917856	5.73818661483504	5.73818661483504	37.077370766656
6e+05	1.67917057111566	4.34024398626078	4.34024398626077	48.5968083794679
610000	5.72050341671384	4.69445396703131	4.69445396703131	40.7045259611427
620000	14.2535182086088	14.4814382905572	14.4814382905572	37.5703430896234
630000	19.8101289984918	11.9435145455298	11.9435145455298	34.4869494750643
640000	5.73985025723654	6.79062224547492	6.79062224547492	39.8081715692915
650000	3.14265193669864	7.30508737727663	7.30508737727663	37.3892270087745
660000	2.80578104428482	4.48742066138977	4.48742066138977	44.2529301845492
670000	2.60502885825319	4.14822303610276	4.14822303610276	35.2610793206202
680000	4.15104442653654	5.63690575246502	5.63690575246502	43.7067704282826
690000	10.398544578256	10.8621517680335	10.8621517680335	45.8301501977744
7e+05	3.86147438656952	7.03220442392479	7.03220442392479	44.0758440899591
710000	4.95655923212534	3.67743591246239	3.67743591246239	64.7961980306201
720000	5.17568934427078	13.2086656933059	13.2086656933059	53.1850719912893
730000	3.10900460499671	6.69231089673584	6.69231089673584	35.0399991121161
740000	8.43924191532537	9.78827713346186	9.78827713346187	43.7475161551196
750000	4.71278844441102	9.75762371861314	9.75762371861314	51.8900254648567
760000	10.3675016091242	13.8701045925947	13.8701045925947	40.96171489737
770000	3.54646904399936	4.55186182628574	4.55186182628574	45.0341387632542
780000	6.57006226787276	14.0076810272306	14.0076810272306	59.2151165817969
790000	2.78040540527991	6.32885159101794	6.32885159101794	37.5741396815611
8e+05	0.864643462532381	0.51415609758968	0.51415609758968	32.5835997275352
810000	7.18808896512959	7.38605317908862	7.38605317908862	35.8289349056281
820000	10.385937013515	6.64142307449093	6.64142307449093	49.496120480688
830000	4.51819019841091	4.49759527323055	4.49759527323055	27.7396495070578
840000	7.66490502875834	10.9854144281848	10.9854144281848	50.2056512412939
850000	2.1694927763855	2.45068199738905	2.45068199738905	35.380255070908
860000	1.3460154642379	5.26147986446176	5.26147986446176	36.4800771058233
870000	5.67415981582788	4.55989096547137	4.55989096547137	40.5431170566708
880000	3.46976575824388	4.65116654606171	4.65116654606171	47.8840749214988
890000	10.2932237448166	11.3140682717855	11.3140682717855	41.9235550189254
9e+05	4.76230698632139	6.32888651595405	6.32888651595405	41.5011647375176
910000	9.69598850469521	5.43863916400764	5.43863916400764	36.2449576686317
920000	8.75799025040253	13.0489150523607	13.0489150523607	47.5005171447582
930000	17.7199228053661	14.8428976079615	14.8428976079615	37.6947777449631
940000	5.9366981476789	6.14687844096768	6.14687844096768	33.01861353834
950000	2.63984591705111	3.56761820003488	3.56761820003488	51.3984840490445
960000	2.99849654098987	5.30079590581786	5.30079590581785	40.2542057311667
970000	1.89527312637086	6.57261035602544	6.57261035602544	63.7202549028365
980000	2.03657329651962	4.53815420294225	4.53815420294225	47.5963090668831
990000	2.59759211288375	6.38029438616655	6.38029438616655	51.3886586596562
1e+06	3.33450375183896	7.17986663551624	7.17986663551624	58.0201460403738
1010000	3.11577240078086	4.55555175751839	4.55555175751839	38.2219716693051
1020000	5.27448449375517	6.71158659327645	6.71158659327645	29.348679787054
1030000	3.10118112531707	5.06697079546849	5.06697079546849	28.1104772325508
1040000	2.88207234876054	7.78865594273259	7.78865594273259	57.7782934277994
1050000	3.19300077331952	5.75341994889427	5.75341994889427	33.0720108508157
1060000	1.47086281116431	2.77147613687766	2.77147613687766	38.7652910479812
1070000	1.66616491725179	3.7529595829502	3.7529595829502	39.9825165709803
1080000	5.4402684268233	8.79574001463503	8.79574001463503	31.1380068367972
1090000	4.51533313177893	9.05314966318875	9.05314966318875	44.439767418878
1100000	2.11792041505764	6.6126583340943	6.6126583340943	52.9449525038664
1110000	2.66144564455093	0.848665607816182	0.848665607816182	58.228415149442
1120000	1.91903257672271	5.67115659909256	5.67115659909256	50.1607420439342
1130000	8.01409291047094	7.69329097485144	7.69329097485144	40.2478171466733
1140000	1.13550903039469	1.74548853089251	1.74548853089251	33.335439620466
1150000	5.46700524126528	7.85267851335113	7.85267851335112	39.8248274396624
1160000	1.8735633313789	1.82667816406518	1.82667816406518	38.3529809883817
1170000	1.67611160255739	4.68492880920056	4.68492880920056	39.3840388718894
1180000	3.79733576401998	5.41485451685334	5.41485451685334	42.5614071421518
1190000	21.8853083540465	8.69966617847429	8.69966617847429	34.4224047929962
1200000	24.9120193470259	11.9327274237122	11.9327274237122	31.7790382063814
1210000	2.56435269206892	3.81362041224427	3.81362041224427	42.9795107034846
1220000	1.04617265407495	2.35438158521024	2.35438158521024	40.9257363168506
1230000	3.7789248210495	7.52045543849123	7.52045543849123	37.318435559408
1240000	7.70177131859114	8.78694150430243	8.78694150430243	42.2894661422123
1250000	2.05907053122983	1.25109381026524	1.25109381026524	41.1730890486008
1260000	4.18308805162872	5.50369014359671	5.50369014359671	33.0338083507439
1270000	6.48181080153591	11.2128114738902	11.2128114738902	40.1832668731052
1280000	11.3185679676587	11.2503556258366	11.2503556258366	40.8035609851523
1290000	4.52523252192446	6.9913743883399	6.9913743883399	39.3880543163685
1300000	7.46720104048795	7.44377196868883	7.44377196868883	58.3069183265597
1310000	4.06521752133176	3.31298375884985	3.31298375884985	23.7215770133682
1320000	2.46477197334505	4.29088747584175	4.29088747584175	49.32514870992
1330000	3.69634663831639	6.45917256895379	6.45917256895379	36.1331780471055
1340000	1.70728507999308	2.37977773268966	2.37977773268966	47.4185187247981
1350000	4.05591682827831	5.30526930987011	5.30526930987011	56.3656091068249
1360000	6.99075370331346	13.4102792894847	13.4102792894847	58.0691273258982
1370000	3.91600416426026	2.23976854555642	2.23976854555642	30.0333256577017
1380000	13.2442798770349	22.6632501917296	22.6632501917296	53.945429636397
1390000	16.283077246048	16.8842890169525	16.8842890169525	41.1693903990888
1400000	6.6264320285171	10.5591060869935	10.5591060869935	45.1258071478274
1410000	1.64333477544418	1.95501375450258	1.95501375450258	37.2208677987629
1420000	3.58337277785616	6.3460423186785	6.3460423186785	35.1788395514905
1430000	1.6343923540177	2.69103435901633	2.69103435901633	45.3897904715858
1440000	1.41947205145067	1.08252945674502	1.08252945674502	26.0640036980525
1450000	2.26198051053546	4.42336706452408	4.42336706452408	35.5043203734267
1460000	10.4648717859897	9.99122328573876	9.99122328573876	36.3208762315582
1470000	3.86899232819727	3.5476200573706	3.5476200573706	44.410184390123
1480000	2.64006352002778	6.68715604043392	6.68715604043392	54.7709609027267
1490000	7.16562909813367	10.1835306832414	10.1835306832414	38.246923704676
1500000	5.25701819398441	8.62204436308742	8.62204436308742	41.7994204280359
1510000	5.1335816501508	6.08891004646755	6.08891004646755	42.2919604549665
1520000	8.15128205186078	9.31948211496177	9.31948211496177	41.5290193651203
1530000	10.6828914843059	12.9537003219466	12.9537003219466	37.1890572080151
1540000	20.199133155701	18.2081607912231	18.2081607912231	40.4334241501992
1550000	8.68113682863035	13.2054823533441	13.2054823533441	48.8401704353959
1560000	6.42305916384397	9.0512744087927	9.0512744087927	32.7997476249332
1570000	4.25573625031045	5.28645443150939	5.28645443150939	32.0076242225394
1580000	7.70440295323887	12.0928854467594	12.0928854467594	39.8595216128368
1590000	10.5637115192486	18.1981014914296	18.1981014914296	52.7805458573739
1600000	29.122501248093	21.11630917129	21.11630917129	39.7320018725392
1610000	7.07759825059532	4.00931212765094	4.00931212765094	34.7187937606601
1620000	9.37987224665218	6.42769569322397	6.42769569322397	36.9667373173347
1630000	2.75492189585796	3.32501132526487	3.32501132526487	30.6448017719783
1640000	8.13278064252784	12.4568028147668	12.4568028147668	47.6992734701077
1650000	2.80410486285882	7.65248357904941	7.65248357904941	43.8438788844761
1660000	4.70291626114438	7.34255049280338	7.34255049280338	46.3359129407545
1670000	1.60228929356802	2.8747728869226	2.8747728869226	35.3937409017527
1680000	14.4979887370106	8.01286312862508	8.01286312862508	33.8288112120137
1690000	11.1399614024012	11.9726631301507	11.9726631301507	38.6060942684414
1700000	0.953383324261431	2.71542478190892	2.71542478190892	32.6424704564363
1710000	1.24540225380737	3.35869731622722	3.35869731622722	47.4245348435636
1720000	2.96306620106466	5.16057983298773	5.16057983298773	27.7538023110711
1730000	6.03423088012073	10.939415890027	10.939415890027	41.7022164374391
1740000	4.63118028555501	8.14856122186594	8.14856122186594	40.5763069826259
1750000	10.5156288513477	7.04057556880319	7.04057556880319	38.0301088655964
1760000	2.851630377005	5.78334005397218	5.78334005397218	35.6295369098251
1770000	1.49660547267388	4.68969503120627	4.68969503120627	47.4430157515048
1780000	2.24388014911722	4.20906676578094	4.20906676578094	41.1342722987187
1790000	2.32307081154429	2.39448997814044	2.39448997814044	37.298688007941
1800000	56.4089300319185	39.1399834530655	39.1399834530655	49.3159943544193
1810000	24.6551045711217	19.6592643576755	19.6592643576755	49.5039248689909
1820000	26.24117995921	13.3870354968974	13.3870354968974	32.7450532575035
1830000	43.4299881134008	16.9355965310941	16.9355965310941	25.1997673790218
1840000	54.9372730924063	29.6259494720495	29.6259494720495	36.9082938592128
1850000	68.7582917361014	17.359551363508	17.359551363508	34.1043880991067
1860000	69.3372399691047	32.260093025681	32.260093025681	42.0606382296964
1870000	14.8310875580188	14.9924804580311	14.9924804580311	40.4015973742828
1880000	7.77706136268571	6.53401217195458	6.53401217195458	33.3704308875706
1890000	4.98024991551821	9.78379292915213	9.78379292915213	41.2475553843001
1900000	7.52365493038914	13.3883837117035	13.3883837117035	46.1896333771614
1910000	2.79417906288171	5.41945600623049	5.41945600623049	47.6048111677666
1920000	1.3931237222413	3.43926206207525	3.43926206207525	41.6531447105857
1930000	2.32009252587371	4.88501781930626	4.88501781930626	53.2603713925683
1940000	2.69025896863432	3.32280465328389	3.32280465328389	36.7212883960972
1950000	3.59443918494191	7.04305535979648	7.04305535979648	37.8142791470034
1960000	4.51037381252541	7.02779341281137	7.02779341281137	37.1250727404929
1970000	3.04682075964035	5.81651528966213	5.81651528966213	53.9415434209789
1980000	9.51830477291683	9.09013369797524	9.09013369797524	33.2885389050642
1990000	9.711990185569	9.47424992847239	9.4742499284724	41.1020164642562
2e+06	13.3925096407998	6.18099102895279	6.18099102895279	35.7726671851963
2010000	3.92439225578254	3.52664907209428	3.52664907209428	41.6166639965468
2020000	2.72861597833395	5.70914806908035	5.70914806908035	32.6769635223128
2030000	2.23182631381541	3.0567488370105	3.0567488370105	32.4279926444785
2040000	5.18990797763902	3.92357375094366	3.92357375094366	35.2596744373814
2050000	6.47662212165547	6.5944609753553	6.5944609753553	38.2094424998063
2060000	3.68562825796639	3.31146462215508	3.31146462215508	24.5527045765897
2070000	1.60809666435561	3.17493292510215	3.17493292510215	32.7709871923088
2080000	7.16852231901674	8.49428615892516	8.49428615892516	34.3432444554721
2090000	3.2470096324144	8.11413502596372	8.11413502596372	58.039779400177
2100000	3.03874584657689	5.81140902184119	5.81140902184119	46.5871362975797
2110000	6.51560903985783	10.0280758101016	10.0280758101016	47.1478812854429
2120000	3.03833084663572	1.06320459265719	1.06320459265719	27.6317257292014
2130000	6.20202588161558	9.03949907553637	9.03949907553637	30.5232176677822
2140000	2.78057117761426	5.75050707984877	5.75050707984877	38.3380170825669
2150000	3.19636911148507	3.18872249587849	3.18872249587849	54.9955538381636
2160000	1.65104768147706	5.0869372380928	5.0869372380928	44.4587819329756
2170000	4.117887569198	9.02193641939017	9.02193641939017	51.8647696503012
2180000	6.3931273013107	8.73836700474125	8.73836700474125	37.3212551888438
2190000	1.71914807013364	2.92880705143813	2.92880705143813	34.7431631518295
2200000	1.97969030538661	5.10237505941878	5.10237505941878	48.358439557597
2210000	3.47273459290364	7.99871027879532	7.99871027879532	38.4313213180344
2220000	1.99373280843986	-0.0178689939406074	-0.0178689939406074	40.6560528549929
2230000	1.88185895004736	3.21269888634479	3.21269888634479	42.7793001863656
2240000	4.00419523213663	0.896704473976028	0.896704473976028	42.9350826145319
2250000	2.28351184388341	0.956119475911271	0.956119475911271	28.6587059277559
2260000	5.01276478552388	9.13425610410126	9.13425610410126	31.4320270118642
2270000	1.04690848321936	3.58424472295888	3.58424472295888	43.9812960315372
2280000	0.681433365620639	2.03677346503763	2.03677346503763	50.857988684802
2290000	3.19301387078602	4.51735225904311	4.51735225904311	56.3050504071973
2300000	5.86659710214261	5.85118276211355	5.85118276211355	43.6627062695662
2310000	5.04852801253863	5.82906679105323	5.82906679105323	33.9674801303699
2320000	3.10708498187338	6.1052052048918	6.1052052048918	41.2404371507219
2330000	5.80285212062211	3.04302391210548	3.04302391210548	47.0936038132458
2340000	3.78472848601261	4.68828876614647	4.68828876614647	33.6425405476254
2350000	12.3254259595907	13.38808047411	13.38808047411	32.8929632470744
2360000	7.46245891728911	12.4315835770185	12.4315835770185	60.0490329514097
2370000	2.53581678418443	5.71891477401408	5.71891477401408	41.9315514484328
2380000	2.16456235430869	3.66620350402639	3.66620350402639	36.7100765712212
2390000	3.44063909588846	6.80814097396743	6.80814097396743	57.4424263577612
2400000	2.14427976870325	4.00294200164455	4.00294200164455	31.1592652578018
2410000	5.24330819880124	11.8390032406959	11.8390032406959	51.6595788207948
2420000	3.16497925840199	3.96442179562943	3.96442179562943	40.0186174958922
2430000	6.32560601148226	6.11329425024355	6.11329425024355	45.9702240025013
2440000	6.07784175504003	5.41848654824494	5.41848654824494	33.7451841829875
2450000	0.786025924542073	2.71757652703201	2.71757652703201	38.7473283460681
2460000	4.21109005416207	6.08806118829913	6.08806118829913	47.6492998182889
2470000	5.02098198562403	10.0483985376112	10.0483985376112	47.7276662934588
2480000	6.88761791677865	8.74403316331865	8.74403316331865	40.1531938354559
2490000	8.77257905551265	10.6638286113797	10.6638286113797	54.103535741084
2500000	3.18206627876608	3.79573348183575	3.79573348183575	34.3938088894799
2510000	3.31520999344503	4.85453940622647	4.85453940622647	37.5974984744986
2520000	5.26072442160362	5.76723824418797	5.76723824418797	31.9704394488734
2530000	4.87510450044832	9.92850698903888	9.92850698903888	38.2407360061508
2540000	1.50327223177112	3.88601539033497	3.88601539033497	40.436964394657
2550000	1.53692380467045	5.86530906904204	5.86530906904204	57.4693671147703
2560000	3.19267928039741	9.72118116708479	9.72118116708479	59.4691190646078
2570000	4.61656036974796	2.97595441407412	2.97595441407412	37.299744110994
2580000	1.85113684857179	4.71934696877548	4.71934696877548	48.0891141834884
2590000	5.34827441759282	7.54639819479233	7.54639819479233	36.1692932326037
2600000	10.3286921855425	11.1660292747508	11.1660292747508	42.5955731307661
2610000	18.4201069088779	9.18102751307758	9.18102751307758	28.8411396469867
2620000	7.11392949261499	4.60835770131769	4.60835770131769	31.6644800555584
2630000	6.22177017489741	4.30457778730511	4.30457778730511	34.6984380557384
2640000	6.67198477726108	8.68919447976024	8.68919447976024	29.6988402099409
2650000	10.0832675400625	3.42959966376593	3.42959966376593	38.0300626045159
2660000	30.1992227384108	26.0234173583004	26.0234173583004	40.068126350261
2670000	24.2286519756347	22.618813764993	22.618813764993	47.4464084455301
2680000	25.9993511233753	23.837872039305	23.837872039305	54.3462858684182
2690000	172.359612654397	77.5024242227296	77.5024242227296	57.7917022167188
2700000	107.639301576978	38.7434533259474	38.7434533259474	50.8679530906694
2710000	60.1125700578638	20.7687714085805	20.7687714085805	34.5947450470072
2720000	207.026660683413	47.4441490363351	47.4441490363351	42.6228008833416
2730000	208.274314036834	55.1769298904048	55.1769298904048	41.3395607586732
2740000	44.6202935732333	8.72445800111951	8.72445800111951	39.5604201096018
2750000	36.0353084673947	14.6524846322018	14.6524846322018	32.7866767993434
2760000	10.8374370456044	13.4122877300073	13.4122877300073	44.981522192525
2770000	14.9112932558639	15.1751741538863	15.1751741538863	47.740448221997
2780000	4.01563337533138	4.9188316593019	4.9188316593019	39.1810221368311
2790000	5.10626917797363	7.73908145562021	7.73908145562021	36.3176970055042
2800000	5.18937386419248	9.4112294495511	9.4112294495511	39.4209475598671
2810000	3.62036788079912	6.37497471913163	6.37497471913163	43.2773585516808
2820000	3.45812143803064	6.83710494031723	6.83710494031723	44.033470218379
2830000	10.5534398928233	9.73355171230853	9.73355171230853	40.072233866166
2840000	7.60114569752541	11.7839905024923	11.7839905024923	42.5486281266592
2850000	7.22597996905962	2.74620429315568	2.74620429315568	39.3127712910148
2860000	2.99770040569123	7.36267843362601	7.36267843362601	40.7366464493665
2870000	8.45799060785216	8.5105013541015	8.5105013541015	41.9681747494415
2880000	66.1130104495442	10.3795857261374	10.3795857261374	34.0419088379518
2890000	34.336764903861	22.9411513779259	22.9411513779259	45.2375804912868
2900000	21.8968663609421	22.8129113114577	22.8129113114577	47.5639958006574
2910000	11.4665892086747	14.9119385805052	14.9119385805052	48.1470603077632
2920000	2.98787691801465	4.28439330274652	4.28439330274652	32.1784044754321
2930000	2.58989892699445	3.57603925587397	3.57603925587397	39.518084374313
2940000	2.24997927168986	4.92114087014208	4.92114087014208	41.9653732569499
2950000	2.62490909712029	3.6337774650925	3.6337774650925	39.1027422835955
2960000	6.11454527331444	12.380962139404	12.380962139404	44.4783384708816
2970000	16.820145423859	11.7004366082172	11.7004366082172	37.9612794172515
2980000	12.6016040030361	5.45178662741098	5.45178662741098	37.7744083725304
2990000	5.25804655670378	8.06447359118188	8.06447359118188	38.5260367964703
3e+06	5.84754562265532	11.9497817953246	11.9497817953245	40.8280574896688
3010000	4.98556687690321	2.51544488294264	2.51544488294264	35.7789954290329
3020000	9.38505705381467	12.5718204573928	12.5718204573928	39.081139637105
3030000	1.84473060523312	4.73786906525951	4.73786906525951	42.7533725806474
3040000	3.15337691810684	5.61174709260152	5.61174709260152	48.1967543822903
3050000	8.70663384225421	8.9922411144001	8.9922411144001	33.6851421716525
3060000	3.70546103289324	5.72127849673756	5.72127849673756	40.8190498670124
3070000	1.03750198359687	3.37755175336819	3.37755175336819	46.618256649579
3080000	5.79582485657734	5.74117884740476	5.74117884740476	30.1616035490731
3090000	2.66485017830678	5.3168393880797	5.3168393880797	38.0648000035681
3100000	3.1680417694521	7.90319413392819	7.90319413392819	40.864581483534
3110000	4.68023510816144	8.252377453675	8.252377453675	46.9329333834233
3120000	2.38668041460695	5.15344580189051	5.15344580189051	41.779022846734
3130000	2.85869646644892	4.65847105284626	4.65847105284626	41.0088240951419
3140000	5.967365839915	8.48601947049509	8.48601947049509	35.09690059627
3150000	10.0343089884949	5.13429196423429	5.13429196423429	37.0951931495638
3160000	21.9212396408021	17.2079432273796	17.2079432273796	32.5031665837082
3170000	21.0282825033212	16.3218017833244	16.3218017833244	39.9894225400612
3180000	11.0156839365995	9.71393867706424	9.71393867706424	39.6475054259305
3190000	1.93997614621679	3.95478484325683	3.95478484325683	34.9051233450133
3200000	2.06494026248771	5.06305858003739	5.0630585800374	40.4580156794725
3210000	1.84706358667603	3.34681247430266	3.34681247430266	34.2711507389105
3220000	2.43112689930091	3.38221324453813	3.38221324453813	35.1005439756388
3230000	1.12471682480979	1.1899168816126	1.1899168816126	33.7391956944209
3240000	1.79834182861365	4.26709860426362	4.26709860426362	39.9809346214293
3250000	2.28144454889421	3.62526976717486	3.62526976717486	34.4112995914306
3260000	2.97714722266989	6.43738082457767	6.43738082457767	45.2166746153417
3270000	5.66136675560404	6.1358368684649	6.1358368684649	43.1658080237275
3280000	1.83834810808029	5.69134016894453	5.69134016894453	45.8424808426688
3290000	1.90768841059171	1.71492475758468	1.71492475758468	37.907821581619
3300000	6.59919398233167	12.4690614118255	12.4690614118255	43.4076744744026
3310000	2.98584719318976	6.19051061770528	6.19051061770528	31.9717545190393
3320000	3.14286194756749	6.29603152287131	6.29603152287131	33.6293936459814
3330000	2.61908313467891	3.54607315227898	3.54607315227898	35.3274206891404
3340000	15.2456197145487	4.68874618345964	4.68874618345964	36.0000789948658
3350000	6.54697236329301	10.3835960113492	10.3835960113492	39.4042820128424
3360000	1.88274807407299	2.64281685115877	2.64281685115877	47.4770914526694
3370000	1.86516352752218	1.99073771010318	1.99073771010318	34.5096126098199
3380000	4.20368366031272	5.1196907958786	5.1196907958786	31.9951139895993
3390000	2.81988111833348	8.17493639889809	8.17493639889809	59.8585013724479
3400000	6.1478518242311	8.58659265012552	8.58659265012552	46.7649916095612
3410000	37.8159887009848	16.8181379628072	16.8181379628072	45.5819853472696
3420000	4.52185856072473	2.10393491194359	2.10393491194359	35.3848325522156
3430000	2.03175989593908	5.31345719149485	5.31345719149485	56.9793090722085
3440000	1.5686649169569	4.84139467360346	4.84139467360346	40.419544448857
3450000	1.19534081331525	1.74963503275778	1.74963503275778	44.5075227926717
3460000	1.72376122399238	3.08362706673949	3.08362706673949	34.4245142726813
3470000	8.75221811908109	8.57049254809661	8.57049254809661	41.286440364556
3480000	17.0369375632856	23.8330243824581	23.8330243824581	56.0411110141362
3490000	12.5979467399899	16.1626294392437	16.1626294392437	46.679755260951
3500000	12.0686992039878	14.1793122390468	14.1793122390468	38.0964874717539
3510000	26.6783091373617	13.9607676117171	13.9607676117171	44.1106208577031
3520000	44.0686107517762	31.1506706280812	31.1506706280812	50.8784503352715
3530000	15.739175288629	8.26270042424519	8.26270042424519	37.3767819906244
3540000	1.83516496950627	3.56567148855329	3.56567148855329	35.3761318650738
3550000	0.793334773337007	2.20465870277088	2.20465870277088	31.55269208989
3560000	2.28467910573293	4.93173985471021	4.93173985471021	35.4829449248661
3570000	2.06557279441606	2.9620300485857	2.9620300485857	33.9867496579896
3580000	5.01530092705225	6.89632986336798	6.89632986336798	43.3191828183497
3590000	7.55031776998138	7.69527967574496	7.69527967574496	31.6160925351178
3600000	5.63305687723193	8.73119666255327	8.73119666255327	43.4483568948937
3610000	3.16694640436302	4.78910068515542	4.78910068515542	56.1791054123017
3620000	4.72367318245827	10.0624902740055	10.0624902740055	48.5894811363053
3630000	2.63071776456486	7.27059103653105	7.27059103653105	43.2264814046293
3640000	11.8442836595144	11.8476386454883	11.8476386454883	25.3002196107425
3650000	2.35356968545171	4.21916709921614	4.21916709921614	36.3928258639689
3660000	1.49980681880254	2.94321489801523	2.94321489801523	37.0779193336641
3670000	2.3932877455063	3.84128970471256	3.84128970471256	35.135179459574
3680000	3.88719042261236	9.09197072461018	9.09197072461018	41.7609516709619
3690000	2.77741151127587	6.20188111050848	6.20188111050848	35.5550892157827
3700000	2.97148160684577	6.17092627832137	6.17092627832137	40.3810415688413
3710000	1.66032748059017	3.04164767752393	3.04164767752393	33.6464843202365
3720000	5.79808958597121	6.63784759160065	6.63784759160065	32.3191813035354
3730000	5.87075248881791	5.45731847526251	5.45731847526251	31.2029234043339
3740000	0.680113509596046	1.56853364741339	1.56853364741339	39.1846698325033
3750000	9.78106555229788	16.0771401235826	16.0771401235826	49.0153597251266
3760000	17.6557510109329	10.7512012075067	10.7512012075067	27.8734354056471
3770000	1.88599491278769	3.91133270537812	3.91133270537812	28.1394541616746
3780000	2.41972150887926	7.04580106417431	7.04580106417431	48.7332859516463
3790000	4.51772321584835	6.12183579833047	6.12183579833047	36.3854646135618
3800000	7.20528260890945	8.37833060518412	8.37833060518412	37.0886136615086
3810000	6.09825889543977	6.55971567225725	6.55971567225725	40.1515287083246
3820000	3.71319291627933	5.85570054599478	5.85570054599478	34.5040484860309
3830000	3.29652948488048	6.86741902959346	6.86741902959346	51.5499965741955
3840000	0.897531471795172	2.12835158226645	2.12835158226645	40.0078894477603
3850000	1.63876547930983	1.81569929176765	1.81569929176764	39.8781361488415
3860000	5.07251895157283	7.21236462154367	7.21236462154367	42.0116521934514
3870000	10.8227298622209	9.00320885732346	9.00320885732346	36.5199782085313
3880000	5.10001696814751	6.04144918691763	6.04144918691763	60.3931472700356
3890000	5.32451970503845	4.96483016397763	4.96483016397763	38.8841819355067
3900000	3.6739394967012	6.24377834566311	6.24377834566312	41.9569802101199
3910000	2.68716929983999	7.5222834008536	7.5222834008536	47.1204399316152
3920000	2.25953024466996	5.08904987402813	5.08904987402813	39.6650313764759
3930000	3.96336951597914	7.68628606984041	7.68628606984041	46.7433151209253
3940000	4.51177252389277	5.57184613471459	5.57184613471459	41.3368518699474
3950000	2.88872959014658	4.32714054799119	4.32714054799119	33.9365865117482
3960000	4.07207667309673	6.82290558633958	6.82290558633958	30.6145891507715
3970000	8.33544469340922	9.64912712829437	9.64912712829437	36.2168160064397
3980000	18.9644377893917	25.5675728083085	25.5675728083085	60.5961956849513
3990000	19.7195418577381	13.8958420761489	13.8958420761489	37.8181671308293
4e+06	6.45538270384085	8.74237282645562	8.74237282645562	41.8528286689887
4010000	9.53782607370342	10.504014162029	10.504014162029	36.5155949311012
4020000	11.241852874186	9.02301659314394	9.02301659314394	40.3317232276998
4030000	11.9283024000938	5.55706546007247	5.55706546007247	45.6743624745972
4040000	4.38438290317097	6.79980094761478	6.79980094761478	42.4310444924744
4050000	2.74468564650266	4.44079496958875	4.44079496958875	36.768319886389
4060000	3.1270824846727	4.20819839671436	4.20819839671436	27.0687799083438
4070000	10.6961486047237	16.262818735283	16.262818735283	48.6098297855731
4080000	7.07661148703488	8.11999453553051	8.11999453553051	47.0175415661674
4090000	5.22915247036701	6.6426552974887	6.6426552974887	43.0907052747428
4100000	2.20452918574219	3.7740389165633	3.7740389165633	42.1864343256647
4110000	1.92654417995301	5.92897310050534	5.92897310050534	41.1524134942435
4120000	4.45610582795553	8.24133757519447	8.24133757519447	43.4961676166332
4130000	3.39872175332733	5.10715232310538	5.10715232310538	44.6362351223841
4140000	4.73911989031567	6.15819154022613	6.15819154022613	48.2857129530014
4150000	3.40843758800493	7.05514851766643	7.05514851766643	39.466292222196
4160000	2.39910637515206	6.63088002159795	6.63088002159795	33.4943642843207
4170000	5.16597871964792	12.6365883951836	12.6365883951836	66.82356254566
4180000	1.81511347233352	5.38236492488041	5.38236492488041	40.6628537609902
4190000	9.72511009584947	15.069005418027	15.069005418027	52.1233563425522
4200000	1.50579998028912	3.1280682780545	3.1280682780545	36.6499594569744
4210000	7.39719048466698	10.2193761251143	10.2193761251143	49.9692935475118
4220000	11.5062064055304	15.3268610031532	15.3268610031532	38.3109440071733
4230000	18.2453109585227	4.90518014228955	4.90518014228955	45.9456504211195
4240000	3.76283378372184	6.68263288148835	6.68263288148835	46.9025777629289
4250000	7.33600756045358	10.5850505714694	10.5850505714694	40.8826955203534
4260000	4.80417933371399	1.49587527147303	1.49587527147303	29.5682079707572
4270000	1.43034283803394	2.71539755259629	2.71539755259629	38.7636152792051
4280000	3.96927288074016	3.86414225291218	3.86414225291218	35.863800652178
4290000	9.60877192132343	8.22581783381056	8.22581783381056	46.8131068304072
4300000	13.2867104858122	16.0306748192317	16.0306748192317	51.1560421040337
4310000	1.61790519464765	5.55005585291068	5.55005585291068	39.0517883755966
4320000	0.850544932877422	0.689641544880526	0.689641544880526	31.7619459917452
4330000	2.14388183254868	5.32468331711122	5.32468331711122	40.413995962949
4340000	1.56946576471723	3.6159584932049	3.6159584932049	35.3122610621067
4350000	3.78394212047374	2.23795550330703	2.23795550330703	32.0229554501524
4360000	1.66935811479836	3.99416724419845	3.99416724419845	37.1027064721654
4370000	4.94181049972026	6.42968089803067	6.42968089803067	38.6887669330115
4380000	1.73211067432518	5.2950144935928	5.2950144935928	46.9207212840787
4390000	1.66487738738843	4.53956417225928	4.53956417225928	47.601252492078
4400000	1.47556584895081	3.22280766942172	3.22280766942172	44.9565859499514
4410000	2.23386243833879	3.88901199799174	3.88901199799174	41.4253798319121
4420000	4.74204985916999	8.70858317945462	8.70858317945462	31.4943535475728
4430000	2.6559872539669	6.32273044838232	6.32273044838232	37.1744900418973
4440000	8.75555403358671	7.47444427085034	7.47444427085034	32.7630205666884
4450000	6.69364620730559	7.50654861618452	7.50654861618452	42.3145398810513
4460000	3.66722876824733	5.47085183154231	5.47085183154231	38.2288920678075
4470000	5.38888594189505	6.35045835228374	6.35045835228374	32.8721761452169
4480000	2.41823780827061	5.30428291589077	5.30428291589077	30.1812088975284
4490000	3.46795744400655	7.89164973146424	7.89164973146424	46.5607053337226
4500000	2.67603824135026	5.83135429554652	5.83135429554652	59.1492441875764
4510000	3.29903348963101	2.79143166374238	2.79143166374237	41.0462205228602
4520000	4.15840086332192	7.71514018173443	7.71514018173443	34.0007344657764
4530000	1.34267847608748	3.68597958332275	3.68597958332275	57.6901420569669
4540000	2.80565301884554	2.12116325253278	2.12116325253279	33.5096541041913
4550000	4.27731042814122	8.52849588212663	8.52849588212663	55.3494681684414
4560000	1.9923676486775	3.43706460792969	3.43706460792969	37.8420454390886
4570000	5.24949243067544	6.79898489967266	6.79898489967266	49.136471561263
4580000	8.51571186192249	11.7655642727855	11.7655642727855	44.2254037864952
4590000	8.40340543267943	5.10377291291415	5.10377291291415	38.2282177830133
4600000	4.06838907818194	8.94432202700316	8.94432202700316	45.0625902316633
4610000	8.95730530419295	13.163779020728	13.163779020728	37.1228675305347
4620000	6.22112017985474	10.0663391286437	10.0663391286437	39.4599370172475
4630000	3.12256665788663	6.27378099663882	6.27378099663882	44.1241107686187
4640000	3.37632176898547	4.75173454272803	4.75173454272803	32.7167714467074
4650000	3.27106535042601	8.20481904505779	8.20481904505779	42.922593393228
4660000	2.7972512020122	4.16892550515896	4.16892550515896	47.8170527540306
4670000	6.69159571130443	9.86237637896548	9.86237637896548	40.8456078536389
4680000	9.52969964533021	11.1441045016567	11.1441045016567	40.4096549258791
4690000	3.20092892332054	5.80924699443657	5.80924699443657	41.7084652659087
4700000	2.86668149347945	2.52201475176668	2.52201475176668	35.7090703015544
4710000	3.60148066033873	7.24755931274987	7.24755931274987	44.066908479515
4720000	3.4462190098814	5.10483506884096	5.10483506884096	32.1207547136931
4730000	1.99587406851078	5.50432681433792	5.50432681433792	39.2175022732748
4740000	2.9222954425927	5.75720163203158	5.75720163203158	46.3723388026118
4750000	3.99672881649233	5.09661897755348	5.09661897755348	34.6122295165399
4760000	3.62693955065103	6.73585760200016	6.73585760200016	39.0410051905364
4770000	1.31451423002577	3.89373077648392	3.89373077648392	40.000340422477
4780000	2.32531146947834	5.8533546689154	5.8533546689154	41.7296957790724
4790000	2.74435051961678	3.16227729843282	3.16227729843282	35.8441079207975
4800000	7.94151523719807	7.46867401459703	7.46867401459703	29.3576624813772
4810000	33.8468938116247	24.7285601871755	24.7285601871755	40.1920492616091
4820000	10.8542295510301	6.69761986287626	6.69761986287626	37.3764957916873
4830000	7.37024339300304	9.7602033656811	9.7602033656811	36.4059775351693
4840000	2.72160372375556	6.1312864438049	6.1312864438049	44.1879404663787
4850000	11.9723650651866	12.3224280114261	12.3224280114261	34.6837003907425
4860000	22.6203442017366	4.88651418849506	4.88651418849506	39.6754320975445
4870000	45.1288549489432	14.6033816334184	14.6033816334184	28.8360457064925
4880000	28.0703498847904	31.6335228264359	31.6335228264358	55.4237647285611
4890000	16.3737195912477	17.3409509031097	17.3409509031097	46.657070148385
4900000	20.1094397931302	12.9146118740489	12.9146118740489	36.0571991311983
4910000	3.50997305617232	8.28721642131633	8.28721642131633	49.9080235148473
4920000	3.23505733397917	4.33641617394652	4.33641617394652	37.3317554129194
4930000	1.03336656478611	4.342291834851	4.342291834851	35.6120563161713
4940000	3.29047890422183	6.5601259260298	6.5601259260298	43.800001586685
4950000	6.24966824404657	16.261328673713	16.261328673713	61.0763622986712
4960000	4.7717579787813	2.74328567527041	2.74328567527041	35.7800598631393
4970000	4.07681371064237	10.4670349069708	10.4670349069708	52.5440809379988
4980000	4.02444575828437	10.1445741771133	10.1445741771133	53.2783051996633
4990000	6.22763656961297	8.25765032284912	8.25765032284912	40.8129294042312
5e+06	2.50277922004623	4.56106559226848	4.56106559226848	41.4388506688701
5010000	2.74166735076312	5.9827648644652	5.9827648644652	28.810912513755
5020000	3.05096883929954	7.13273004985686	7.13273004985686	50.7226560664836
5030000	4.32897865049125	7.1630299451805	7.1630299451805	37.5459874923695
5040000	1.58463346878651	4.64213785328322	4.64213785328322	37.1067654080886
5050000	30.8854448293704	18.3160666422923	18.3160666422923	34.3376883804442
5060000	8.13025759672126	7.31266834415246	7.31266834415246	41.6936874581413
5070000	6.056214134226	9.21247745183334	9.21247745183335	37.0897305074055
5080000	2.19282783772221	3.80615020435006	3.80615020435006	31.98663354076
5090000	4.99169378059797	2.95848005665802	2.95848005665802	44.5804055513824
5100000	1.42623457196298	1.62342659318363	1.62342659318363	35.0661427643602
5110000	1.24546884973602	3.51579760190787	3.51579760190787	34.643398635634
5120000	0.802689950526738	2.49487519631327	2.49487519631327	45.3185358066501
5130000	2.81258263988279	7.51731703445514	7.51731703445514	45.3203637002688
5140000	6.2566265634722	13.8534092584567	13.8534092584567	60.6529984507854
5150000	0.727516749669143	1.51634235918987	1.51634235918987	29.0601724892282
5160000	2.33470110071681	4.0822402289408	4.0822402289408	30.0311695873336
5170000	12.0354214066834	6.70203595500457	6.70203595500457	37.0594729886382
5180000	23.0171508630214	13.0097719972598	13.0097719972598	30.8367768025702
5190000	36.2561684120182	19.6405852061845	19.6405852061845	37.9584432303632
5200000	33.0012919344405	8.45283090188742	8.45283090188742	42.3108960616945
5210000	17.0186454771282	6.46965051898229	6.46965051898229	32.4521116330652
5220000	16.9199272067708	19.0589023071664	19.0589023071664	57.0544171283003
5230000	26.6220556445965	14.6339257307608	14.6339257307608	27.9160397747223
5240000	7.59771452894653	6.75521156217639	6.75521156217639	30.8480413481208
5250000	1.85053918889175	3.00152967480112	3.00152967480112	29.5847441940102
5260000	2.56427380369049	3.35945773289036	3.35945773289036	32.1889002433892
5270000	5.77214797807255	7.69119639861383	7.69119639861383	47.8528221855943
5280000	6.67014902198151	6.2625567337979	6.2625567337979	46.6848878838818
5290000	15.933005288714	3.82150261855492	3.82150261855492	46.6400802074722
5300000	13.9745675709388	9.82544394062402	9.82544394062402	40.288589804089
5310000	10.2280613620359	7.91514318767073	7.91514318767073	30.1345004609554
5320000	2.24780733620907	3.9533580224728	3.9533580224728	35.6603254312372
5330000	7.00509834258047	11.7720623797677	11.7720623797677	39.6476609556905
5340000	4.19927997408729	8.59452896908869	8.59452896908869	40.4310287013454
5350000	1.62581552620001	2.79246936505682	2.79246936505682	36.7935093489301
5360000	15.3408925528541	15.0573454644684	15.0573454644684	47.0516807182414
5370000	4.36276754021571	7.06571577260571	7.06571577260571	26.7798612710026
5380000	1.53418152623727	3.92972086652613	3.92972086652613	37.334291553386
5390000	2.63797987270025	3.34672493386191	3.34672493386191	34.3021561470027
5400000	1.93273381537001	2.99411550736899	2.99411550736899	41.4419834866113
5410000	2.53531182866426	6.12977788701598	6.12977788701598	47.9071013831599
5420000	2.99943583387112	2.80463984088599	2.80463984088599	42.3256992363212
5430000	13.143937735703	16.008294587309	16.008294587309	54.6507554474109
5440000	4.23432711534997	6.58148180725348	6.58148180725348	37.3892765685663
5450000	4.37315375804324	7.38027342698587	7.38027342698587	31.6456989408901
5460000	4.91627161724798	2.09968128866205	2.09968128866205	34.432102177338
5470000	2.78768040192536	3.94558744025664	3.94558744025664	52.097222496901
5480000	2.85967003680999	3.4618918016087	3.4618918016087	54.1976722606972
5490000	1.83970075472453	5.20573633872588	5.20573633872588	47.1351854986822
5500000	2.72864759109804	4.87586430699868	4.87586430699868	43.8523092898375
5510000	3.61833303848854	10.4276432756403	10.4276432756403	61.5307898685947
5520000	9.35825761039169	9.42010264245777	9.42010264245777	42.0254222688908
5530000	7.7533055685834	10.9574384469773	10.9574384469773	35.6524145911778
5540000	1.89881533806686	2.56787237258738	2.56787237258738	29.9643047911392
5550000	3.80011560660357	11.1981258704523	11.1981258704523	51.1312271961792
5560000	3.29825096410866	0.846659578219745	0.846659578219745	37.3199683077017
5570000	2.15071839839836	5.06004280537422	5.06004280537422	38.4767682656772
5580000	8.51388954100084	6.12002442674338	6.12002442674338	32.9460783418522
5590000	3.75327499089123	5.69728515139875	5.69728515139875	39.1473736991836
5600000	7.32881744904286	11.3277425906206	11.3277425906206	38.7205249991647
5610000	5.45785422743857	4.80415108568873	4.80415108568873	38.9056875765849
5620000	5.73550700852384	3.54588171902264	3.54588171902264	34.0430507812261
5630000	3.80054539770728	6.08363107458894	6.08363107458894	43.5631931658185
5640000	1.47065214591773	3.45789952638294	3.45789952638294	34.6293523992096
5650000	2.47645419630417	4.12454666456052	4.12454666456052	37.8789967897915
5660000	3.01920435388919	6.06249401887367	6.06249401887367	47.5568585902024
5670000	3.36294254061904	0.756647320010423	0.756647320010423	40.1377626844468
5680000	4.85539112725124	7.6727453987144	7.67274539871439	47.8757584318244
5690000	2.4803445773923	1.7106431271809	1.7106431271809	29.1601888800719
5700000	5.58079366998054	9.44129248499532	9.44129248499532	55.3837254391023
5710000	3.91480017682127	9.52675837482353	9.52675837482353	36.4638736461562
5720000	6.48477409338622	5.6713439634051	5.6713439634051	34.8231421015748
5730000	4.54436145488146	6.78028304877917	6.78028304877917	35.0589310564905
5740000	8.09262789712149	8.03149424316345	8.03149424316345	42.0510164641109
5750000	2.82540774592184	7.07101699806505	7.07101699806505	50.3907659627092
5760000	3.87031199112692	3.88088816738441	3.88088816738441	41.3216555864695
5770000	7.72072355203054	0.240112776224428	0.240112776224428	51.2499040169139
5780000	3.30760523334139	2.5616754103835	2.5616754103835	36.4154826159691
5790000	7.997288231672	14.1444901757728	14.1444901757728	55.229360740081
5800000	6.71634647427393	7.14889809099337	7.14889809099337	42.1503167158751
5810000	6.93238922355692	7.4874824190917	7.4874824190917	39.3553593059734
5820000	3.94969251891315	6.14184607324942	6.14184607324942	35.7914152516388
5830000	7.05754967960615	7.23779118246836	7.23779118246836	30.2811729627452
5840000	2.90019236750579	4.24798152933147	4.24798152933147	38.6664412134383
5850000	3.04908407067495	5.65152550659383	5.65152550659382	34.2130893660289
5860000	10.0927642065307	16.0754263824146	16.0754263824146	44.0251774216744
5870000	5.43456521647861	5.05099253798155	5.05099253798155	37.0259303842685
5880000	4.69214456551055	7.2321506628395	7.2321506628395	31.6744925327842
5890000	1.25605139080663	3.7445176836297	3.7445176836297	66.2707095307361
5900000	4.30469464855817	8.08374491149059	8.08374491149059	47.4078207978354
5910000	6.55199867716586	13.0847745688527	13.0847745688527	47.5631146030774
5920000	3.00875888782721	6.30221440819659	6.30221440819659	33.2858122545717
5930000	5.99650713073019	8.26405285922636	8.26405285922636	36.5221440093151
5940000	46.6346138409914	32.9632819191916	32.9632819191916	44.0444830515877
5950000	5.69529219543448	5.65001341786257	5.65001341786257	40.7343583878996
5960000	2.86739957162297	6.1269143003775	6.1269143003775	40.9530512242634
5970000	2.14213294354312	4.1994810457836	4.1994810457836	56.4693560190374
5980000	2.66387296323284	2.82476084863036	2.82476084863036	32.6315693418986
5990000	4.09793057985661	7.59920968492388	7.59920968492388	45.3570937941261
6e+06	1.15687298962563	2.56924929974748	2.56924929974748	35.8902936224537
6010000	1.36301297355154	4.58896906149582	4.58896906149582	38.0532602623224
6020000	3.73587802702717	6.76147341989536	6.76147341989536	35.1240268192095
6030000	7.30267867116673	5.65730525673807	5.65730525673807	41.6565785105898
6040000	3.0750890532761	6.27944451498392	6.27944451498392	31.5926568799713
6050000	3.96926821067625	4.82633926807631	4.82633926807631	25.7498634290815
6060000	2.74857290971168	4.6668527927686	4.66685279276861	40.6271260840141
6070000	1.99274106978205	4.16968162413388	4.16968162413388	40.1126065833208
6080000	12.5770207539177	22.4700372211875	22.4700372211875	62.7434621273874
6090000	17.8715953462275	20.7025594179207	20.7025594179207	43.8134945186541
6100000	5.03016789357252	3.99623597996636	3.99623597996636	33.5404097572915
6110000	8.56143442758348	9.1271123318878	9.1271123318878	32.3160443943044
6120000	8.11491972259172	10.4694349660266	10.4694349660266	34.7369056854592
6130000	3.3081472247839	8.0124954004693	8.0124954004693	67.0429950283745
6140000	5.44145544089128	4.67287427363865	4.67287427363866	37.4467649166641
6150000	2.70825562357438	3.60242617256303	3.60242617256303	35.7781841618566
6160000	24.697186608389	18.4689102881044	18.4689102881044	42.662416503375
6170000	22.8296847925966	12.044604149353	12.044604149353	53.3021343974023
6180000	68.1646370290777	41.7622995164779	41.7622995164779	42.6438673403525
6190000	56.3530811418783	23.0267850219089	23.0267850219089	46.0970449912411
6200000	3.06746812628263	3.02919261326658	3.02919261326658	33.9816158771206
6210000	3.6182845944968	6.66392740544262	6.66392740544262	46.3979766301275
6220000	3.52678191196412	7.3725766184628	7.3725766184628	47.6000843902465
6230000	2.13383203857304	5.261459220715	5.261459220715	49.9280690051879
6240000	2.88787473157416	4.02519179236525	4.02519179236525	33.2391938914219
6250000	3.97731541045121	6.84878206489956	6.84878206489956	41.776795948674
6260000	2.64886893925766	2.9239525416859	2.9239525416859	52.0148909269254
6270000	3.28634855940891	5.28593084672155	5.28593084672155	26.898420314033
6280000	2.07787523140149	2.12519336916583	2.12519336916583	32.6609054615856
6290000	1.75221826007839	3.7238858148951	3.7238858148951	36.4538093944898
6300000	23.3640875609925	13.3337356957914	13.3337356957914	37.8390963640084
6310000	8.49995691748583	6.98599513771488	6.98599513771488	35.230313186942
6320000	4.4471312786019	7.43196633303352	7.43196633303352	46.8591446137367
6330000	3.04120641846438	7.31076485945645	7.31076485945645	45.9966399242117
6340000	0.947928503595075	1.41809489100917	1.41809489100917	30.0863176333418
6350000	2.21524107885833	5.83786566021797	5.83786566021797	47.9501201084035
6360000	7.5563788395692	11.4465641266478	11.4465641266478	68.010822265141
6370000	5.67487399094537	8.28459968102392	8.28459968102392	33.7343710424292
6380000	2.53686809202797	5.5279901426656	5.5279901426656	37.0729440048406
6390000	6.46785769282617	11.2712823164878	11.2712823164878	44.72104560345
6400000	3.96110315316938	5.65539680720319	5.65539680720319	39.6355685367218
6410000	8.16383574734662	11.0973510960424	11.0973510960424	30.8125437236188
6420000	6.86254254881429	10.5522736682855	10.5522736682855	48.1885796143469
6430000	1.83909708337269	5.15279907047161	5.15279907047161	46.8478224657542
6440000	4.72446214024863	11.5109054793604	11.5109054793604	45.434800752822
6450000	9.78760344263293	8.10970224020496	8.10970224020496	34.3157031194398
6460000	11.9149510766352	15.4402472375686	15.4402472375686	44.6582702152932
6470000	6.25717912121593	8.68123238030029	8.68123238030029	46.5236798628153
6480000	6.95703742820158	7.89508345783376	7.89508345783376	42.7656013473832
6490000	11.5882707712654	12.5702289615073	12.5702289615073	35.0637327000219
6500000	22.4592529990111	20.162430596188	20.162430596188	38.0417610556735
6510000	8.3526163484511	12.1257671561964	12.1257671561964	44.641110625699
6520000	4.08565675169826	8.40866091427773	8.40866091427773	40.4803521829021
6530000	10.5720936842826	19.0121203857565	19.0121203857565	63.8428362392349
6540000	3.86935171858884	4.24949915346383	4.24949915346383	46.9808281610439
6550000	3.04126825279418	6.7703182325691	6.7703182325691	51.4128495949605
6560000	0.916315926434879	2.62413946613563	2.62413946613562	36.8489056502324
6570000	2.58229255268887	4.79098901515925	4.79098901515925	30.5106781424366
6580000	3.90367623544172	4.62853329852075	4.62853329852075	34.1829271222456
6590000	3.65996679768452	3.49050588806875	3.49050588806875	32.7697267755718
6600000	1.15116468489714	2.39448340408094	2.39448340408094	33.5566805902582
6610000	3.23789948690163	6.24619467383234	6.24619467383234	38.1146235488121
6620000	30.5260530254552	10.4277550532983	10.4277550532983	37.8954609299702
6630000	3.13698532097527	4.86010186522086	4.86010186522086	38.1347920719179
6640000	3.35943976017015	4.54630397913462	4.54630397913462	29.0413664232837
6650000	2.19740999338528	2.26375650962034	2.26375650962034	27.8960236837192
6660000	3.42014508295637	7.07331788214375	7.07331788214375	41.6734069729772
6670000	7.16020141271472	7.91717883065302	7.91717883065302	39.9920714041005
6680000	2.14090336937215	4.26263926191389	4.26263926191389	41.3525364351731
6690000	16.7696246417323	18.54888938517	18.54888938517	40.3521793607452
6700000	24.4100573949356	23.8070370172089	23.8070370172089	35.7368816596894
6710000	7.94583481819372	12.9588099286164	12.9588099286164	45.3300821977309
6720000	18.414988072465	2.22910993747055	2.22910993747055	29.8304072547776
6730000	8.107949187591	4.6745716926268	4.6745716926268	27.7557339159497
6740000	16.1768615220901	8.7956111673022	8.7956111673022	31.7878517912766
6750000	2.63326330177305	3.71707510754924	3.71707510754924	34.7660827770139
6760000	14.1669160193917	6.97280401046373	6.97280401046373	33.318590334992
6770000	2.67013567110631	5.7940971453	5.7940971453	56.0398122579753
6780000	67.5857698936997	34.4329032033155	34.4329032033155	50.3504837946195
6790000	149.28795406761	30.5142958551973	30.5142958551973	33.8227173387201
6800000	64.1785932216236	28.0786363567125	28.0786363567125	41.133291807966
6810000	21.8394863704405	19.5375287813067	19.5375287813067	61.838569057358
6820000	7.39410311862406	5.34146285075148	5.34146285075148	37.1558441619092
6830000	5.46380127345337	9.73935081973648	9.73935081973648	40.4130593613494
6840000	3.23141751693653	4.47881953955866	4.47881953955866	44.8788132123721
6850000	4.28901545509433	3.99466502898368	3.99466502898368	23.5533753505857
6860000	3.89451521036083	8.61269687318737	8.61269687318737	44.9066126829389
6870000	2.7202315377862	6.1104700628251	6.1104700628251	35.3129153989167
6880000	7.62959486045349	5.72065279978492	5.72065279978492	35.1892430647472
6890000	22.2016641208502	12.2983999671091	12.2983999671091	40.6327122442837
6900000	60.5645836592508	29.6033658708276	29.6033658708276	44.4844786360201
6910000	25.4268944033253	21.5454761472237	21.5454761472237	61.1361273550333
6920000	23.2611590859127	15.1025852871258	15.1025852871258	34.9909304831274
6930000	5.60242283324993	7.68879432910857	7.68879432910857	41.3711329337898
6940000	2.35727527620832	6.3066386428152	6.3066386428152	45.7452163427691
6950000	1.52434198224114	1.39789994101114	1.39789994101114	33.7609215943178
6960000	3.3066748451879	6.3754931403472	6.3754931403472	42.6231450922575
6970000	2.99669611494758	6.01794911690385	6.01794911690385	39.3468808542419
6980000	9.9967970224853	8.39813391246708	8.39813391246708	33.6245745454525
6990000	2.51959479804944	5.37639245650016	5.37639245650017	44.9290919659363
7e+06	4.63627343593176	6.50595262713888	6.50595262713888	34.5501801159086
7010000	1.92790415809988	3.95053283990387	3.95053283990387	34.6849228045078
7020000	4.27227858085279	3.64577617637939	3.64577617637939	34.0237218480444
7030000	3.05502617855642	5.44979016646449	5.44979016646449	57.50980020385
7040000	3.54478073689187	0.100626265203079	0.100626265203079	27.4213068088336
7050000	1.7396277951347	3.09629441057052	3.09629441057052	40.5439706202136
7060000	4.55808067357649	7.09317982888188	7.09317982888188	53.0649017807424
7070000	11.8436454789294	7.94986697557355	7.94986697557355	33.3402080627348
7080000	18.9363240682424	18.6098487018004	18.6098487018004	35.2694606864811
7090000	16.6957423472026	11.069152197578	11.069152197578	23.4943338774889
7100000	3.52836658636463	5.80344691739874	5.80344691739874	43.9398026236526
7110000	8.9399108453339	14.14705952023	14.14705952023	47.089508822063
7120000	2.88127598581539	4.79621325959447	4.79621325959447	40.5764418516194
7130000	1.93286770218156	3.14235928751782	3.14235928751782	45.9215740776569
7140000	5.35500740464381	11.3938323690938	11.3938323690938	48.1583449889036
7150000	3.16970822372117	5.47280735031404	5.47280735031404	46.3812079179224
7160000	1.44244814159637	4.15166561582483	4.15166561582483	54.6320414166762
7170000	2.193990001369	4.5760514646686	4.5760514646686	36.7966689478139
7180000	1.90521978068899	4.42717542448026	4.42717542448026	51.3095209936111
7190000	2.15636540007098	6.26081374243543	6.26081374243542	46.1126016799236
7200000	3.5456323267064	7.8641660746721	7.8641660746721	58.0375867144908
7210000	5.33672627479592	9.70814484910614	9.70814484910614	41.8615090862297
7220000	2.69479107178798	6.829222666115	6.829222666115	46.5663748853051
7230000	2.31148388672497	4.8711932614246	4.8711932614246	41.9600330188096
7240000	3.81088431368722	5.53034639451122	5.53034639451122	64.9188076790683
7250000	5.51130393806962	9.78119856599102	9.78119856599102	41.3836853382479
7260000	1.53925684498651	2.93110162371462	2.93110162371462	31.256496638192
7270000	10.1783462368033	8.68675566871756	8.68675566871756	29.1557566759639
7280000	2.67062280393606	3.32866852229724	3.32866852229724	31.9111572391642
7290000	1.94677749127721	0.679206906859606	0.679206906859606	44.5638754876339
7300000	9.66982730779324	9.23553972857839	9.23553972857839	34.6269388877673
7310000	2.55817767084714	2.89630889339649	2.89630889339649	25.3256061974507
7320000	2.53635986290427	5.27712742075064	5.27712742075064	34.7675508186861
7330000	6.30643428555892	5.40943257968229	5.40943257968229	35.0735846560211
7340000	5.01681521345102	6.89139842881257	6.89139842881257	36.7524003814024
7350000	3.88928036084181	8.89990854033688	8.89990854033688	49.1849180778552
7360000	3.22323318812133	4.08158075903404	4.08158075903404	27.0508513816114
7370000	11.5552658327902	14.1931608330882	14.1931608330882	48.0596693707646
7380000	21.721113792898	20.4181337408023	20.4181337408023	42.3450195760549
7390000	10.2340577875613	2.86983691611102	2.86983691611102	32.2243027675069
7400000	3.69468483166413	3.745199850786	3.745199850786	32.5610404075355
7410000	1.10360030249089	2.18082428493778	2.18082428493778	36.3752180764277
7420000	3.17602249317255	4.59608868261498	4.59608868261498	42.4805320817037
7430000	4.32094460105163	7.57032757929562	7.57032757929562	36.5425340187904
7440000	1.60240469049916	5.28090846710308	5.28090846710308	54.2479534275634
7450000	6.35925421008587	5.94122426847165	5.94122426847165	35.1402682381392
7460000	5.3076350667966	4.67844015365353	4.67844015365353	30.8565138018811
7470000	21.0553698037178	22.1875473385129	22.1875473385129	46.9303375695144
7480000	32.1119351031566	18.0484427563464	18.0484427563464	34.6829299739017
7490000	16.3318670660357	14.7528800774354	14.7528800774354	48.0819479440015
7500000	10.2400479850249	12.6446642861867	12.6446642861867	43.8514853510511
7510000	14.7966410796136	17.364096066525	17.364096066525	55.8583697262479
7520000	19.52694365836	10.3123045031794	10.3123045031794	42.2085026578894
7530000	4.74287392762825	3.33551912029945	3.33551912029945	42.539500562441
7540000	1.83855153497357	3.46469142888791	3.46469142888791	31.6522332317559
7550000	2.74564464774759	5.84506861170022	5.84506861170022	50.4701769739463
7560000	4.42108566143344	6.58346984948579	6.58346984948579	27.6773864903294
7570000	0.877411900395115	1.82903501890912	1.82903501890912	36.8962543977574
7580000	3.373232013474	7.13654151866262	7.13654151866262	37.3772522852041
7590000	2.49264849525273	3.09636106666782	3.09636106666782	34.3114817434474
7600000	2.71525441107498	6.14921646063378	6.14921646063378	43.5129576236627
7610000	3.17108166423731	3.00489328802977	3.00489328802977	48.5335269736451
7620000	5.29592416255372	8.82955730846059	8.82955730846059	51.968541051437
7630000	10.8085489751643	14.1418250978215	14.1418250978215	40.6841280348873
7640000	7.59093467460364	13.6745511983703	13.6745511983703	47.3447125049624
7650000	7.05871672592517	8.02388564757529	8.02388564757529	34.5491055145832
7660000	7.398814029276	7.38464648242999	7.38464648242998	26.2733071589634
7670000	5.96696165904783	6.5002501656066	6.5002501656066	58.7768479443532
7680000	12.7644411012339	15.4070616388837	15.4070616388837	45.8758212980711
7690000	2.41456858931785	2.73721364553317	2.73721364553317	34.9733403111414
7700000	6.90700424008198	10.4509904896523	10.4509904896523	43.3770861151946
7710000	5.30872496110834	12.5676330215529	12.5676330215529	56.997218528421
7720000	7.8529131584682	10.6100019081426	10.6100019081426	43.6792597686731
7730000	14.3953998902346	15.1899981942758	15.1899981942758	44.9270376541024
7740000	4.28016832021395	4.52780234604222	4.52780234604221	43.5992996804592
7750000	6.05418723013726	6.54647966878234	6.54647966878234	29.3471321391817
7760000	2.07138746670818	1.45743334346148	1.45743334346148	41.8021645144679
7770000	7.26746304070426	12.7281045725195	12.7281045725195	47.2266841976592
7780000	4.7834045653992	7.25571747953295	7.25571747953295	35.1120865579794
7790000	3.54192141547681	6.33038472050724	6.33038472050724	41.3826399175957
7800000	3.73160339641897	2.89919622351277	2.89919622351277	33.8876981309637
7810000	5.34239785142053	9.96907168155679	9.96907168155679	38.8690917415616
7820000	2.09373330203581	2.13465386151206	2.13465386151206	44.9326466515286
7830000	4.04952890847274	7.50151587820058	7.50151587820058	43.5601689925346
7840000	2.93241409025466	6.13285984761615	6.13285984761615	40.6532987657568
7850000	4.37534764598932	2.61897390701987	2.61897390701987	36.7778120973116
7860000	7.20812232456562	12.0059223248268	12.0059223248268	49.0171866555411
7870000	31.755458852219	27.8726075533612	27.8726075533612	45.3674231055121
7880000	10.5485055320215	10.4820829864589	10.4820829864589	36.4134367603182
7890000	4.37710293191112	6.18113935564036	6.18113935564036	36.0338315346926
7900000	0.768948844298788	2.50334457471959	2.50334457471959	32.3985956867738
7910000	1.95897805011459	5.50879285328845	5.50879285328846	37.2738509083616
7920000	1.39647534105762	5.1857337211512	5.1857337211512	43.8152970537991
7930000	7.51284232805446	7.83321477731409	7.83321477731409	34.949698800491
7940000	123.994857730709	37.6362869982291	37.6362869982291	42.6750511328188
7950000	66.7174706835158	18.7675032232413	18.7675032232413	32.8591111960326
7960000	9.58524220171161	11.0107103375294	11.0107103375294	33.9462833923247
7970000	4.38026444980567	9.37502365868936	9.37502365868936	41.5009112373107
7980000	2.48971023286733	6.53423680127785	6.53423680127785	37.6797024320564
7990000	2.16008796434663	3.55073578251603	3.55073578251603	32.3099597858785
8e+06	2.82427325102796	3.70754640250236	3.70754640250236	34.2221901899054
8010000	2.9903632892148	3.64271261223009	3.64271261223009	35.3129069529173
8020000	2.65612300452315	7.28998969738784	7.28998969738784	48.328018112105
8030000	5.24713801056904	10.0886411763144	10.0886411763144	42.9997144121713
8040000	19.5103190689061	12.9923051571564	12.9923051571564	41.763582583567
8050000	10.8278503812826	14.7918597443005	14.7918597443005	40.5383999284255
8060000	8.32969973536121	15.5209050421965	15.5209050421965	53.6144530202176
8070000	6.10726629864855	11.6298461253868	11.6298461253868	47.4836507230089
8080000	5.55255411856143	8.03016159294602	8.03016159294602	37.5909458975275
8090000	4.42713526175444	6.63606853125923	6.63606853125923	39.9702230601745
8100000	6.0880367657071	4.1381666360577	4.1381666360577	26.1188235348926
8110000	11.7169164742369	7.50947895102616	7.50947895102616	54.2381477703248
8120000	12.8569002054366	3.42212561890437	3.42212561890437	37.0513730833457
8130000	7.22098350469574	9.4875611507082	9.4875611507082	35.4505378138019
8140000	4.00605804699771	7.03709833277161	7.03709833277161	55.7746562288311
8150000	1.41276620800691	4.21551716723866	4.21551716723866	44.9621130190187
8160000	7.51327684520999	13.1275376862731	13.1275376862731	49.8613269432531
8170000	2.48996276578181	4.47781257457478	4.47781257457478	43.6066755459135
8180000	2.2340786972304	3.79142017288651	3.79142017288651	39.4154464248352
8190000	10.8638669529657	13.2978476246688	13.2978476246688	41.8441384457428
8200000	4.15345458461239	3.11420789550401	3.11420789550401	37.4564744241832
8210000	2.14249364180931	6.60935054445557	6.60935054445557	49.1914691920887
8220000	4.95726741896748	9.68874340048903	9.68874340048903	47.152473265286
8230000	1.24564197901033	1.07044133565358	1.07044133565358	38.1708362558313
8240000	4.53097621782375	2.81978863796967	2.81978863796967	40.5823419410851
8250000	1.09173333874393	5.28033971066408	5.28033971066408	60.0329629312532
8260000	2.95151577804164	4.48028994273954	4.48028994273954	38.5068343178013
8270000	2.12511703981647	4.17289886453222	4.17289886453222	30.6051777604055
8280000	4.62298229448445	4.07766755506534	4.07766755506534	33.6612010651873
8290000	4.52602593847315	5.75320679622861	5.75320679622861	40.2108190665438
8300000	3.7286383942938	4.26736568224974	4.26736568224974	35.6496092793543
8310000	2.8775438228895	6.43651636314715	6.43651636314715	47.3413318672009
8320000	8.03493419050334	8.15505040748597	8.15505040748597	35.7424339981514
8330000	2.20760440243318	4.26312709610292	4.26312709610292	41.6900033893416
8340000	2.21152428062237	4.27366811559066	4.27366811559066	39.2921271576518
8350000	2.37506546152519	4.25878345237513	4.25878345237513	30.0653659838166
8360000	4.81928849943708	7.2710628905135	7.2710628905135	45.2991936205624
8370000	3.42054972474646	4.02200151692458	4.02200151692458	35.6974098164126
8380000	3.95212608426158	2.18546582281612	2.18546582281612	28.2382152830992
8390000	9.39674895693618	14.0956363614508	14.0956363614508	40.6537657281615
8400000	5.31963056627167	6.05265396472802	6.05265396472802	37.6296171432381
8410000	3.65171389031627	5.51788804867322	5.51788804867322	48.27009678946
8420000	14.6774388903999	16.0061038184924	16.0061038184924	47.0011872200457
8430000	3.32154180289421	2.49150589470139	2.49150589470139	31.8310498842667
8440000	6.24172589688515	3.69035584978684	3.69035584978684	38.7438518214395
8450000	17.9986130211926	11.643451653052	11.643451653052	35.1259533587598
8460000	4.13535180970854	5.02259234601011	5.02259234601011	48.1107951108125
8470000	3.38365743017767	7.66986602980032	7.66986602980032	40.3527490074992
8480000	1.38468597829039	0.58240725817528	0.58240725817528	36.8014198859473
8490000	1.79336855755671	3.93063017087307	3.93063017087306	34.1097772854861
8500000	2.61469690815223	8.01377219016893	8.01377219016893	43.9329258818448
8510000	3.20255613025919	5.42942241627043	5.42942241627043	40.8501563979233
8520000	1.74600759451986	3.61776864270023	3.61776864270023	46.3886558827435
8530000	1.01900909661823	2.27799165678461	2.2779916567846	33.2937235657502
8540000	1.84813589776767	5.51512505476152	5.51512505476152	43.2825979116041
8550000	3.07820181980632	6.16967790509169	6.16967790509169	48.5524903835321
8560000	9.42999061627692	15.299846584583	15.299846584583	50.58273697327
8570000	2.99386181648378	7.1494253459343	7.1494253459343	49.8160592025193
8580000	2.54507861145858	7.51160207597201	7.51160207597201	45.7700565908494
8590000	4.16972858825838	11.5986474512776	11.5986474512776	57.9098584584361
8600000	5.22155038133479	2.98507081842672	2.98507081842672	33.7172518900983
8610000	36.1814344862819	17.4982646547903	17.4982646547903	41.1622021470972
8620000	11.0025149412633	2.19797359403534	2.19797359403534	45.893737890436
8630000	23.0543022155878	19.8543546629306	19.8543546629306	54.3138688893174
8640000	29.6849978542027	14.1144367340247	14.1144367340247	36.3524425646054
8650000	29.0846334587916	18.7608434481633	18.7608434481633	38.428439885837
8660000	35.5632736339291	21.6565934124912	21.6565934124912	42.5369511869294
8670000	28.1203840504485	13.6107342894861	13.6107342894861	67.8419255182125
8680000	26.8280208947049	16.1193498482252	16.1193498482252	44.2338690490715
8690000	20.3441189575521	12.4491778718132	12.4491778718132	44.3225350919899
8700000	24.8969882725366	12.9987995442947	12.9987995442947	43.2684213939547
8710000	7.05302929090394	5.42524312056235	5.42524312056235	53.2104723573523
8720000	6.2596499444364	7.14154289970739	7.14154289970739	49.8183352366967
8730000	1.41133515710943	2.89014707772655	2.89014707772655	33.6011019170556
8740000	2.34995417935957	2.63396449083741	2.63396449083741	34.8898714795454
8750000	3.41321220696722	5.0695206147844	5.0695206147844	41.4998047170778
8760000	3.9186400781876	8.63951420362584	8.63951420362584	48.2780617958782
8770000	4.28065588046501	5.54866670838615	5.54866670838615	32.1602051764283
8780000	2.12399784325725	4.35263861102936	4.35263861102936	37.5334627673836
8790000	1.72139247111261	2.8508285952043	2.8508285952043	30.1677673570557
8800000	1.56992125044174	0.923064740107458	0.923064740107458	33.2385240463526
8810000	3.29980004277129	6.65435762644444	6.65435762644444	42.6536968770796
8820000	6.38171373691486	9.96154957711429	9.96154957711429	31.8180810587908
8830000	4.77297534029521	8.55135994158708	8.55135994158708	44.4202878223891
8840000	3.88011040823974	6.48150434189432	6.48150434189433	39.2032025237765
8850000	3.62853217785978	5.53632930436982	5.53632930436982	34.8097710937676
8860000	9.06415645979137	13.0789826430803	13.0789826430803	42.2559610770437
8870000	2.20472690190498	4.85210536717185	4.85210536717185	45.0826736806984
8880000	3.98638177035263	4.8901833680228	4.8901833680228	37.3917874205034
8890000	13.4006119951199	14.4473932618788	14.4473932618788	54.6762926118793
8900000	5.50233176251746	5.53713585401464	5.53713585401464	40.8997968416678
8910000	1.47619672208491	3.60618926461128	3.60618926461128	36.1941673183916
8920000	1.10144627719197	0.41487031149126	0.41487031149126	29.2439691269386
8930000	4.56218033784871	8.37913773790348	8.37913773790348	41.6701842716996
8940000	3.14647395049266	5.41611699751439	5.41611699751439	30.1627971444937
8950000	4.36630106372816	5.30083235815304	5.30083235815304	33.5831359563473
8960000	7.96316240609097	11.4309224545899	11.4309224545899	40.7303975280536
8970000	5.58793234886253	9.59726145120822	9.59726145120822	42.7179322290816
8980000	1.40759653885155	3.57901553059195	3.57901553059195	42.9761209686653
8990000	9.91644114357451	10.7429082469047	10.7429082469047	39.3715917055609
9e+06	1.84763367866444	3.66457336373979	3.66457336373979	27.9974635644589
9010000	8.37672324246437	10.1541344156681	10.1541344156681	34.2832496873706
9020000	6.13465963358553	5.25071558664328	5.25071558664328	34.2958452112085
9030000	5.60991379539295	8.02079242032441	8.0207924203244	47.1458401242521
9040000	3.39808555826651	6.52861049324502	6.52861049324502	33.6444215182049
9050000	10.0013808737707	9.51650105773548	9.51650105773548	44.342697601921
9060000	8.47845584102804	4.32832538349171	4.32832538349171	30.9711339884414
9070000	2.00583605749852	3.9069989880172	3.9069989880172	48.3230674860555
9080000	1.39051472834908	1.19880766878253	1.19880766878253	36.254529352712
9090000	6.64793239974225	13.8410554140345	13.8410554140345	47.6955478435645
9100000	2.63927389186159	5.93058582640034	5.93058582640034	38.4120940835392
9110000	3.80020033090985	8.62650341026048	8.62650341026048	43.8609954518745
9120000	3.90512528866907	7.18298879309834	7.18298879309834	42.6276758786686
9130000	5.0136550911631	8.65698864823076	8.65698864823076	44.9023502412129
9140000	3.50697111555201	4.52146519423576	4.52146519423576	29.69344011124
9150000	5.42061456597732	8.7943354327139	8.79433543271391	31.4895807982265
9160000	36.1391551138658	14.7314258989602	14.7314258989602	41.1089008577164
9170000	61.2371626058464	35.7887612161083	35.7887612161083	42.8655467748245
9180000	57.9309203250075	26.7121442353398	26.7121442353398	45.153891462233
9190000	148.091749054458	15.1738687610082	15.1738687610082	34.4137649431741
9200000	10.9686526225915	13.9340475902086	13.9340475902086	35.2968404669316
9210000	2.99241763144112	5.26424945626769	5.26424945626769	33.0486453591762
9220000	8.4640711442617	11.3755391396426	11.3755391396426	52.3438455599247
9230000	1.75241747250854	5.3678712906202	5.36787129062021	53.4734638052519
9240000	2.38303653347495	4.78437244152308	4.78437244152308	30.4007720846068
9250000	6.58317504747754	10.2026370391717	10.2026370391717	43.2352889121456
9260000	2.20639626932655	0.522627219037824	0.522627219037824	30.4585396791961
9270000	3.20439399366596	0.844248167350171	0.844248167350171	45.7441048211736
9280000	3.40043237772567	8.96493863441166	8.96493863441166	57.8642434399306
9290000	2.8801451520484	6.65072141184666	6.65072141184666	39.9634455354715
9300000	21.4239717911153	20.8196895027319	20.8196895027319	45.123733541196
9310000	35.2773570497252	27.3787914378449	27.3787914378449	50.0557784769892
9320000	9.03625421720933	1.62986954330504	1.62986954330504	44.8905012632467
9330000	3.85429009870775	6.14255980538825	6.14255980538824	35.7019507073331
9340000	5.46726049337251	10.3526896233506	10.3526896233506	49.364169018548
9350000	1.14782875150182	2.64465647982689	2.6446564798269	48.0886033898705
9360000	4.96475764408779	9.23745915593372	9.23745915593372	38.8569390940897
9370000	2.10529173468216	3.83502795147951	3.83502795147951	38.3480670183247
9380000	2.73614892815842	4.50062519725984	4.50062519725984	35.5281154019972
9390000	5.48412997067606	5.68984008906815	5.68984008906815	42.8726138880369
9400000	2.19893401426864	4.0237984381284	4.0237984381284	26.6397742125084
9410000	2.89807607575952	4.39442313260846	4.39442313260846	38.9787102035498
9420000	4.50183248854783	7.35664639629549	7.35664639629549	45.8389420396385
9430000	7.05234609963473	9.20548137870147	9.20548137870147	35.5150462292864
9440000	3.99336693653948	4.81356391239137	4.81356391239137	35.1754389114678
9450000	4.22566992779718	6.01327621455401	6.01327621455401	39.2443260343174
9460000	7.90177832408603	4.28462372257111	4.28462372257111	29.6827713688974
9470000	6.00518759417773	11.0733171674506	11.0733171674506	43.0687998509064
9480000	2.81411005003728	3.6247577734698	3.6247577734698	34.9814793018215
9490000	7.23175684290226	13.6205999002445	13.6205999002445	55.1701035094548
9500000	5.85731195274018	6.18005138225448	6.18005138225448	32.5915303047282
9510000	14.9291368042436	21.7373838270033	21.7373838270033	62.7466478336872
9520000	6.2547533180182	3.2945901395198	3.2945901395198	33.1800929192637
9530000	2.10040248604582	5.19836262112164	5.19836262112165	38.5404938744677
9540000	4.89031541670135	8.06424839649321	8.06424839649321	41.1158231132662
9550000	2.70416155313933	4.05056852695239	4.05056852695239	36.8224417261168
9560000	3.92508764660964	5.65089134970012	5.65089134970012	29.9830240519969
9570000	6.55942580876198	5.63738117567307	5.63738117567307	37.6610106866724
9580000	4.42084962796166	6.77463138038855	6.77463138038855	33.5103370781598
9590000	3.64611634241285	7.70519017383045	7.70519017383045	53.7946519765105
9600000	6.35471805480266	10.0902502265566	10.0902502265566	36.6404925600392
9610000	3.10141143805954	9.53014307089575	9.53014307089575	61.5133087873726
9620000	4.66283526147466	7.5603209528626	7.5603209528626	45.5234959164868
9630000	6.08832921078741	8.9130875193612	8.9130875193612	38.803174730376
9640000	2.57548495308362	6.18457683488454	6.18457683488454	38.7223022007471
9650000	4.57628443617004	7.70672820379299	7.70672820379299	46.7890465509849
9660000	8.78302736942573	8.22744096736666	8.22744096736666	39.5918667050807
9670000	22.3192679294197	14.4849128901863	14.4849128901863	42.4844520952962
9680000	5.84583129634334	5.05028263376438	5.05028263376438	43.4243769664901
9690000	2.89929858146559	5.91431711872098	5.91431711872098	59.8782167033518
9700000	2.19318594550225	5.1191495175283	5.1191495175283	37.4434096854391
9710000	3.11977266100239	2.65736452585789	2.65736452585789	31.5957986937013
9720000	5.43210393079934	6.20961149274051	6.20961149274051	31.6767489243493
9730000	4.97629849303886	5.90240648301379	5.90240648301379	48.1085824057841
9740000	2.37825165713878	5.44482460993323	5.44482460993323	34.3140633713025
9750000	8.91021963150191	11.6414583278225	11.6414583278225	40.4985922400253
9760000	12.7972266990086	8.27296639495285	8.27296639495285	31.5441244449549
9770000	3.42653354169057	5.43813868035015	5.43813868035015	34.9948346839058
9780000	8.93854585039945	7.08954224470322	7.08954224470322	29.5154957131421
9790000	4.95761156491986	6.85245896383749	6.85245896383749	27.4546324990868
9800000	4.32214605702697	2.28518091639511	2.28518091639511	41.6293456930507
9810000	2.28507502069627	0.54978791340491	0.54978791340491	30.7159567022883
9820000	1.029443856024	2.00016167006434	2.00016167006434	30.2999429984005
9830000	9.63143578946778	13.0950650660944	13.0950650660944	37.2916480317739
9840000	3.92839800115594	6.5114286328127	6.5114286328127	39.5935904477636
9850000	7.76298117786579	11.4943421450447	11.4943421450447	36.6815615777449
9860000	3.11635909895303	4.878896824978	4.878896824978	41.7694605344913
9870000	3.01944042024037	4.49308478427195	4.49308478427195	33.0578305430778
9880000	5.69682655975769	11.2240617567653	11.2240617567653	44.2897478469565
9890000	1.98619639307317	3.17277778954735	3.17277778954735	33.7953100699057
9900000	7.59027710215497	6.34448238613258	6.34448238613258	26.9557580670209
9910000	18.4810670906637	19.4028902063949	19.4028902063949	38.289579433613
9920000	7.26017747414093	10.5864257223007	10.5864257223007	47.8901284677674
9930000	2.4918563124845	5.61414950747767	5.61414950747767	36.8460632878194
9940000	1.95161483577501	4.91140449114548	4.91140449114548	30.6102717239138
9950000	1.84242258507986	5.31399198880086	5.31399198880086	30.9462268784769
9960000	2.66878017062725	7.05248999703099	7.05248999703099	45.5428188430412
9970000	3.18707211940842	6.59883322153252	6.59883322153252	36.6666569720507
9980000	6.87946610112863	9.1167400177356	9.1167400177356	48.5473348691608
9990000	3.29199880067454	3.28982736810012	3.28982736810012	50.0452675661222
1e+07	3.5187426891174	4.18070808907185	4.18070808907185	48.2010317617822
10010000	2.93458531204396	6.45371727626351	6.45371727626352	36.6409134337082
10020000	6.03836622904889	8.4092631098326	8.4092631098326	42.5840470503184
10030000	9.97205035593509	15.4010957661439	15.4010957661439	62.009330601572
10040000	9.1727398703912	2.87495596288048	2.87495596288048	45.3112900539593
10050000	7.57799370437307	9.86454848093917	9.86454848093918	44.2013819835956
10060000	20.1592302030502	16.2722633023631	16.2722633023631	43.0273847050506
10070000	20.02514532082	18.1573275819361	18.1573275819361	43.0143952397394
10080000	7.23521176750949	7.069446773115	7.069446773115	43.7340289222046
10090000	4.49126453835759	7.70155769332213	7.70155769332213	51.5385780302373
10100000	3.00835611040762	8.84089698022814	8.84089698022814	61.0494679798738
10110000	7.63688021535802	7.10740830582186	7.10740830582186	43.7953179247381
10120000	7.21816992293933	7.08559167262102	7.08559167262102	46.8087061689544
10130000	5.20803744434841	4.59958562698622	4.59958562698622	36.8697484837854
10140000	3.61908821658053	5.75005550531075	5.75005550531075	37.7230331591783
10150000	7.74856724171619	6.14394868024269	6.14394868024269	51.959635547457
10160000	2.81924024184209	4.66394823308439	4.66394823308439	39.3054196902413
10170000	1.0978417721139	1.05296961064773	1.05296961064773	25.7429335710647
10180000	3.29218429118639	2.71234446594399	2.71234446594399	34.6796990720929
10190000	7.61701120464662	5.67607017151216	5.67607017151216	33.590307883407
10200000	4.65291995011045	8.01480911144098	8.01480911144098	43.5364363219104
10210000	7.0317249757542	6.12489712358473	6.12489712358473	42.1820294789103
10220000	5.79427611288104	6.51197030863958	6.51197030863958	51.0658420043079
10230000	8.25456950605915	6.87101786246703	6.87101786246703	37.5392293582191
10240000	10.5076617532505	5.72320857749626	5.72320857749626	41.2790406873823
10250000	10.068127038685	5.03891555118597	5.03891555118597	32.9589383044959
10260000	5.00806389804614	5.73550242179297	5.73550242179297	30.4210116237697
10270000	2.35338394670687	5.75227622152511	5.75227622152511	45.9995554497243
10280000	1.80122652203511	3.60132821665715	3.60132821665715	43.4761627261622
10290000	7.02163995017778	7.38097940830921	7.38097940830921	32.1008795103065
10300000	5.62310157480394	8.02731917127558	8.02731917127558	43.3203800180988
10310000	8.12413779337914	11.0185229810752	11.0185229810752	45.9460502758924
10320000	2.31885198411257	4.45376885546696	4.45376885546696	44.8633789290302
10330000	8.56766792472509	10.2568704351998	10.2568704351998	33.8001288611573
10340000	17.1283617862042	12.2531261196988	12.2531261196988	40.748223498874
10350000	5.69419199563945	11.2145340420945	11.2145340420945	45.5804612625654
10360000	2.80744877520999	3.97518847023948	3.97518847023948	28.6180821168618
10370000	3.15272696495113	7.0145016997029	7.0145016997029	42.6449637508751
10380000	0.925116230243747	1.16676071730124	1.16676071730124	33.1569327373591
10390000	1.45351917249209	2.48754423387488	2.48754423387488	40.4995716029096
10400000	2.60191529384465	2.71530593584264	2.71530593584264	27.6960288514039
10410000	3.06704611094727	0.798252067357486	0.798252067357486	44.3483870815344
10420000	1.32308370497374	2.79195922326728	2.79195922326728	38.6402541958889
10430000	1.56579723184959	5.58179098083855	5.58179098083855	41.1027002605611
10440000	1.5077100165612	2.96724342121471	2.96724342121471	40.3392279682129
10450000	1.1938415638598	3.10324898603672	3.10324898603672	33.2833351653776
10460000	2.16982988500945	3.63581302108772	3.63581302108772	31.1228406549736
10470000	8.02118656319911	9.10437286114383	9.10437286114383	35.654750584108
10480000	10.2936453216246	9.64671169153659	9.64671169153659	44.4452145431153
10490000	1.98903500509644	3.33872176904177	3.33872176904177	30.8772377164956
10500000	4.54490720851508	5.144129131971	5.144129131971	34.4720182862745
10510000	2.36927527862061	7.06897628583928	7.06897628583928	50.1635349316193
10520000	0.967173792894991	2.10667297010805	2.10667297010805	34.8665511642488
10530000	2.69807788556781	4.1057252392695	4.1057252392695	37.619456046578
10540000	0.766699451383339	1.78487866455692	1.78487866455692	42.832318048279
10550000	4.99161946682083	2.38129414698354	2.38129414698354	27.1512215361076
10560000	15.6225474192747	15.0933437289862	15.0933437289862	44.3308748484951
10570000	18.1111184388191	16.7632306264676	16.7632306264676	56.6944149310212
10580000	12.8035048562617	13.148329890921	13.148329890921	36.759525292646
10590000	1.4323263301934	5.06586980897221	5.06586980897221	45.5505257180757
10600000	6.62502734752433	10.2803203840973	10.2803203840973	42.2803552590161
10610000	21.2483116098383	14.1337927202854	14.1337927202854	39.1570871956609
10620000	6.70041533961101	9.91946708356852	9.91946708356852	36.6306844755066
10630000	1.03038164437446	2.54771983912146	2.54771983912146	30.8292095413495
10640000	2.63649170109658	6.95093277959635	6.95093277959635	52.1283887050823
10650000	2.0806469304261	3.62917359514738	3.62917359514738	44.8482784454273
10660000	1.61069319068585	1.70507396806713	1.70507396806713	38.7651386710712
10670000	4.409170916135	5.79360628749513	5.79360628749513	37.7947050081708
10680000	1.97691129123937	4.59625136587784	4.59625136587784	37.4674296619896
10690000	5.23025070338071	8.67502310710618	8.67502310710618	36.6428103690798
10700000	5.5573270027106	8.83716926362842	8.83716926362842	34.6803750783162
10710000	7.65479681859673	10.4315850790336	10.4315850790336	28.5348174121982
10720000	14.3005456308647	15.8629817211633	15.8629817211633	52.8636068213396
10730000	2.96726507414946	5.95712606983005	5.95712606983005	42.1223632487388
10740000	6.726994525611	11.404628559571	11.404628559571	45.8755310734776
10750000	2.23888123550544	5.36570775910498	5.36570775910498	32.6870615746361
10760000	2.06237157265698	6.51979927958686	6.51979927958686	39.5717754438412
10770000	3.60280151804103	3.67137093228144	3.67137093228144	34.2065907674433
10780000	3.69962602005213	8.74821979805584	8.74821979805584	51.5115886717295
10790000	3.99377215205977	9.498843498835	9.498843498835	51.3145019660651
10800000	1.52540949268691	-0.30057815674514	-0.30057815674514	38.8819868183913
10810000	6.25187252475729	11.7877313300059	11.7877313300059	45.4046693334218
10820000	2.37241812585435	3.15223507458422	3.15223507458422	38.1191069174297
10830000	1.96493291334886	6.16487509069024	6.16487509069024	47.625728851886
10840000	4.88900676734861	5.50449169037389	5.50449169037389	41.1253068353227
10850000	3.69230182032731	10.1074897478553	10.1074897478553	67.0920137988654
10860000	1.56671960604889	4.99996184628233	4.99996184628232	46.4922116842608
10870000	3.68386104454397	4.43232545505024	4.43232545505024	39.7465508925952
10880000	0.856325206721622	1.60763485473716	1.60763485473716	34.9856442560354
10890000	3.02302432794546	8.51723138052119	8.51723138052119	45.7663809226074
10900000	2.34890391058651	2.56530079448187	2.56530079448187	41.805822875844
10910000	1.56445306338506	1.29310798686709	1.29310798686709	35.5480049833348
10920000	8.57159602725526	11.1192068949964	11.1192068949964	44.829601154083
10930000	4.12099903158082	2.15741374206881	2.15741374206881	40.8221348234833
10940000	2.80102231806229	5.49547618393583	5.49547618393583	31.5424047211388
10950000	4.47567136644885	7.05976413557682	7.05976413557682	33.0287426520606
10960000	29.0110194577374	23.6097297840358	23.6097297840358	48.7753539337898
10970000	5.80477689437852	6.86070661343864	6.86070661343864	40.3186873201332
10980000	4.03263997764665	8.24779139055083	8.24779139055084	38.011878779299
10990000	10.7996604844114	10.8087087405179	10.8087087405179	39.9825539299643
1.1e+07	18.1739374786168	9.23075689596211	9.23075689596211	43.6213637514772
11010000	43.9786744424474	25.3910501663344	25.3910501663344	44.6342380682708
11020000	17.1845160602301	13.7951257850844	13.7951257850844	38.5420801408539
11030000	7.05387481119994	11.3026265598905	11.3026265598905	49.7925751386268
11040000	1.68166980214215	4.18184109615085	4.18184109615085	31.9488485685537
11050000	2.46893905718583	3.39978659277508	3.39978659277508	39.426710178919
11060000	5.69775491012507	5.43419091181776	5.43419091181776	28.0636221896801
11070000	26.1479314138539	9.1659468467076	9.1659468467076	35.8930344738024
11080000	7.11485457558378	5.44633527842543	5.44633527842543	38.0277855434507
11090000	5.17376634204871	4.19247836428249	4.19247836428249	42.9901988423918
11100000	5.18520192932333	8.35844323150017	8.35844323150017	38.6547833405958
11110000	4.46179604598901	8.95565604654304	8.95565604654304	39.1832186296923
11120000	4.74692100987126	7.84546674503358	7.84546674503358	41.0392444275604
11130000	2.48724975892858	6.1225990417288	6.1225990417288	36.7313020296992
11140000	4.21356090025238	8.17584111014498	8.17584111014498	48.6575173203055
11150000	4.35795740134206	6.34959638830813	6.34959638830813	40.4782166020557
11160000	7.01058177430132	13.3539367414141	13.3539367414141	47.9416811818236
11170000	7.99408685312727	12.1667990446278	12.1667990446278	48.3991622804051
11180000	12.6434548144993	8.44718502303223	8.44718502303223	49.4875329817477
11190000	8.64510108490476	6.82620099022003	6.82620099022003	33.5769139713856
11200000	3.18168447406462	8.92435046552557	8.92435046552557	55.733054382195
11210000	4.42018707425767	6.17165304649999	6.17165304649999	38.1242451824896
11220000	7.11214561911539	7.6779736689506	7.6779736689506	35.8034980901097
11230000	16.3310350685948	4.52593438254398	4.52593438254398	38.869390835273
11240000	31.8089192069883	12.941625771957	12.941625771957	33.975037468992
11250000	37.3938708726697	13.8072516404501	13.8072516404501	25.5751045003395
11260000	5.78289857610135	3.72169425204638	3.72169425204638	34.5265333374867
11270000	9.77190432002949	10.9364862650814	10.9364862650814	44.1451974939438
11280000	3.12414994880133	3.63813034372575	3.63813034372575	35.8511751868082
11290000	4.75213935696888	3.76610119424047	3.76610119424047	37.5962656226934
11300000	5.53037105183042	7.22632426146949	7.22632426146949	33.926982376903
11310000	1.47201510695767	0.903541981262592	0.903541981262592	29.9071603017505
11320000	3.50194654410306	5.86610865892007	5.86610865892007	38.0563167348987
11330000	1.68088684912396	3.24938382086951	3.24938382086951	34.5819476559518
11340000	1.55650844743242	1.22263979628835	1.22263979628835	38.7093367225702
11350000	6.97197203329246	8.13558049438669	8.13558049438669	40.2522385761078
11360000	1.95956408098853	1.89351873949755	1.89351873949755	37.8003843792843
11370000	1.53119480972225	4.30716053319256	4.30716053319256	49.3569159988049
11380000	11.6663734584716	6.81568010908572	6.81568010908572	26.1659690333463
11390000	2.11767590106889	4.35941347999144	4.35941347999144	46.0506121366403
11400000	2.07462635061268	3.86664431960393	3.86664431960393	43.2207171382587
11410000	2.99695217514193	3.28983091404579	3.28983091404579	37.8062693836881
11420000	3.47585273495003	8.47516805944031	8.47516805944031	51.1787094173675
11430000	2.06880979765441	3.51762625282344	3.51762625282344	51.225008608247
11440000	2.992271727242	6.6044551775503	6.6044551775503	57.8054596193994
11450000	1.2860845636031	3.1890507634023	3.1890507634023	36.9079376457979
11460000	2.9639546141574	5.49309355504856	5.49309355504856	29.2555503623166
11470000	2.18440152970022	5.32517040827388	5.32517040827388	59.5085880903568
11480000	6.03481615109799	8.40938279379189	8.40938279379189	40.7583671814874
11490000	10.4520519176449	16.5468297804962	16.5468297804962	50.0347025306346
11500000	1.53405637929065	3.96250273902189	3.96250273902189	31.6416963231099
11510000	1.60727104841969	3.10424197700699	3.10424197700699	31.3665071263724
11520000	3.91297717793389	5.45904374409144	5.45904374409144	38.8944978910084
11530000	2.49555159215664	3.34712183908708	3.34712183908708	48.6426550890574
11540000	10.5498658356806	14.6572220831599	14.6572220831599	41.3845364822764
11550000	4.62922471767903	7.14094847659334	7.14094847659334	41.5362068936564
11560000	12.4917558969649	15.9841925864079	15.9841925864079	45.1966561146288
11570000	2.30650380133507	3.13618045957213	3.13618045957213	32.4064092426509
11580000	4.72063061651073	1.78509619008815	1.78509619008815	25.0646723934897
11590000	1.3285420238866	3.2767302410583	3.2767302410583	38.0976465492012
11600000	1.8968044836379	2.57111522632339	2.57111522632339	48.668973430984
11610000	1.44891694893436	2.76224402231379	2.76224402231379	39.3926646595389
11620000	3.50930985000091	6.5529710881049	6.5529710881049	40.4831359395557
11630000	2.43890517261929	3.69665767045871	3.69665767045871	36.711992418129
11640000	2.53901994474693	3.95739936843639	3.95739936843639	29.8730502987823
11650000	4.67275282424824	3.53947533566451	3.53947533566451	30.7263414015818
11660000	4.63758024803949	8.92241407632061	8.92241407632061	43.5859181963877
11670000	1.83672894615929	4.78098739752077	4.78098739752077	36.9364557091195
11680000	2.44662960876473	2.45023665616259	2.45023665616259	38.0717544384619
11690000	2.07164652336229	3.01156898703715	3.01156898703715	28.1350495901996
11700000	1.62418966911306	5.74543080048337	5.74543080048337	66.2069726485266
11710000	1.73118128842976	5.2458786236993	5.2458786236993	58.919944817963
11720000	3.1923891090621	9.35371074193763	9.35371074193763	52.7101448743507
11730000	8.55714102943969	7.39246369744754	7.39246369744755	42.8334863940326
11740000	2.18634626083075	3.54742763648185	3.54742763648185	35.0266145437606
11750000	2.87891805723178	5.27148055648996	5.27148055648996	30.7267021069829
11760000	6.81171097739697	6.24063458856708	6.24063458856708	33.7097207220741
11770000	2.93816115060013	5.99610503800799	5.99610503800799	37.7497684268661
11780000	6.74368750498318	7.10879019888148	7.10879019888148	45.4156454687921
11790000	7.78805183466129	8.60825524501607	8.60825524501607	35.5830426499251
11800000	8.46908515276236	8.70087458701685	8.70087458701685	50.4477588683507
11810000	1.67459255179606	3.46308243506914	3.46308243506914	34.4482149311413
11820000	8.66044884234716	8.42034973266142	8.42034973266142	59.1859090119871
11830000	6.08835841668994	5.96017172554576	5.96017172554576	30.7387146369194
11840000	7.08676797054205	11.6829532754399	11.6829532754399	42.1659610560599
11850000	4.41346393208708	7.9454440433939	7.9454440433939	37.3790481748679
11860000	6.65149122661745	12.2088353296419	12.2088353296419	43.4585616549605
11870000	4.40087435875026	9.55677076553371	9.55677076553371	51.9730709769123
11880000	7.46661719119329	8.2768894084021	8.2768894084021	39.0861504318725
11890000	7.91950269532032	8.93377947644022	8.93377947644022	40.0968569906432
11900000	16.6946935130765	14.1747240373329	14.1747240373329	41.8675112522292
11910000	7.71351146813727	11.9395062283526	11.9395062283526	41.0151500824613
11920000	3.78964848565972	4.27493982744219	4.27493982744219	29.234201957691
11930000	3.8139720169889	5.08804439260102	5.08804439260102	30.482497836539
11940000	1.86355844575439	3.40700098211789	3.40700098211789	32.7889008054964
11950000	1.0780935155476	3.18311064830289	3.18311064830289	40.427433343047
11960000	18.5874286129706	18.1004667315766	18.1004667315766	43.1012389724793
11970000	3.25508713815033	4.86896222366375	4.86896222366375	34.4687143762641
11980000	2.47212817867772	3.91956012954812	3.91956012954812	32.946490617613
11990000	2.14678251260639	5.77428642023085	5.77428642023085	49.1082464369427
1.2e+07	4.16307394839378	5.08286173254975	5.08286173254975	36.9119333188687
12010000	3.16182668093105	7.40864345870062	7.40864345870062	44.5541372326244
12020000	2.96716940080982	3.81488903691864	3.81488903691864	39.1486906286444
12030000	5.85986878090142	8.74343902088837	8.74343902088837	42.5720073739279
12040000	5.81082357515489	10.5072704731779	10.5072704731779	43.0813131058901
12050000	5.00736467887652	10.9390059882292	10.9390059882292	40.8388088993325
12060000	6.92012458365764	11.7023168196099	11.7023168196099	43.0686082102709
12070000	8.28834323302626	7.57163287196611	7.57163287196611	37.1524000401591
12080000	7.60947905907659	12.4407119350793	12.4407119350793	53.8851337197833
12090000	3.43418740732621	5.13038043626749	5.13038043626749	34.4220509939782
12100000	3.25187479462511	4.08040088006228	4.08040088006228	47.9252681402642
12110000	2.55444666665399	5.69992077383899	5.699920773839	42.9091785930455
12120000	1.58780394112322	2.37249530759619	2.37249530759619	34.4286710827345
12130000	3.60946388963072	4.59477313086902	4.59477313086902	43.2262577267186
12140000	2.04307612484919	4.83938099860404	4.83938099860404	38.9933637392014
12150000	15.965994940765	13.6542570710202	13.6542570710202	35.4671612268637
12160000	4.88407552283249	9.01307888508947	9.01307888508947	45.3252783432975
12170000	3.45434804280188	3.7327929221151	3.7327929221151	34.7787975806493
12180000	12.0695853919955	11.9203157459546	11.9203157459546	38.9214484473464
12190000	2.25272720069758	4.63061202464293	4.63061202464293	47.1947650889458
12200000	4.26349079660527	6.05833089418583	6.05833089418583	31.5753916476003
12210000	2.99597530087318	4.13229103892118	4.13229103892118	36.6638368469539
12220000	1.02236826824916	3.90245774185843	3.90245774185843	45.2127328818413
12230000	1.19292923959142	3.32062796725433	3.32062796725433	38.897704417519
12240000	1.96787211807612	4.51671956050856	4.51671956050856	44.8929104365679
12250000	3.20351006809008	1.96802283290371	1.96802283290371	26.3161905768538
12260000	12.3628890027089	8.27707131905848	8.27707131905849	48.7636665689861
12270000	2.19941300404378	3.07690576055306	3.07690576055306	30.3418339979649
12280000	1.11515823096838	1.93059954770721	1.93059954770721	40.6737462721874
12290000	3.47346064220471	4.11303195051357	4.11303195051357	38.9957941711835
12300000	7.16670107177788	8.84446698928129	8.84446698928129	35.737153868298
12310000	2.29953578494052	2.89862414959781	2.89862414959782	29.7211311119328
12320000	2.81164210905075	4.42097879455423	4.42097879455423	33.5225240096269
12330000	2.22435215533975	4.21405221474061	4.21405221474061	39.1645375241076
12340000	3.43430173739715	5.20374798076985	5.20374798076985	40.074135774181
12350000	5.37590056417721	9.18909319038652	9.18909319038652	36.0272921004548
12360000	4.00971638250541	5.4653573611643	5.4653573611643	32.1732485256584
12370000	3.76017795116137	4.50924700485851	4.50924700485851	34.4459497648759
12380000	6.60142610045714	10.7221511256557	10.7221511256557	51.3756930496222
12390000	7.0599863141456	6.53443161519822	6.53443161519822	39.640899509835
12400000	9.50354944531243	8.26818139918377	8.26818139918377	30.8298980956525
12410000	1.13358070153695	1.20751753749386	1.20751753749386	36.3309868797239
12420000	0.821879517299399	2.27765301676996	2.27765301676996	35.3097491461696
12430000	1.42630130307108	4.05515147617357	4.05515147617357	55.3975266019367
12440000	1.88082946774104	1.13197549378238	1.13197549378238	31.8900568854554
12450000	2.72392306577924	3.47695422806675	3.47695422806675	28.2184275084898
12460000	4.10644444391951	9.81554881401363	9.81554881401363	44.9094689716765
12470000	9.12216600531539	9.45479156684258	9.45479156684258	44.4948575834733
12480000	33.3803989189353	26.2827684954116	26.2827684954116	49.0207101476699
12490000	9.55614414765734	7.14965756754108	7.14965756754108	53.3242965716569
12500000	4.93331630626626	7.40295557782635	7.40295557782635	37.521881635666
12510000	10.8904653926856	6.81709901426546	6.81709901426546	48.0231299055954
12520000	17.1298826332824	14.3452805020882	14.3452805020882	31.649037971206
12530000	5.05545559096171	7.27819848942161	7.27819848942161	41.3877799364143
12540000	9.23664825494465	14.7624647202525	14.7624647202525	43.9109204930894
12550000	2.75400285933491	5.83890385845238	5.83890385845238	42.6925408480255
12560000	2.43438826621464	5.3186017070396	5.3186017070396	28.6779935590565
12570000	7.04689532155505	10.8917184853029	10.8917184853029	54.3498614057609
12580000	6.66034907700558	11.4207501775062	11.4207501775062	45.4593479458843
12590000	1.41669147912962	-0.515720280038803	-0.515720280038803	36.680791873124
12600000	11.1307513217613	12.1135579528951	12.1135579528951	48.8648941006764
12610000	6.21418706723127	7.33474315797748	7.33474315797748	30.6730807638042
12620000	4.685960608632	10.0991827802411	10.0991827802411	43.8348589484747
12630000	2.08600550598906	4.16489889637525	4.16489889637526	28.17558447851
12640000	6.77555309021973	-0.0632360908031623	-0.0632360908031623	38.1444841671347
12650000	18.8126889522305	13.3200597290379	13.3200597290379	34.163770297551
12660000	7.24927065853387	13.1811908426199	13.1811908426199	58.4748809310527
12670000	4.54588095111131	6.36004492591426	6.36004492591425	36.7887834706125
12680000	4.29793289255663	7.37632580994196	7.37632580994196	35.4915158430521
12690000	4.83313245088094	5.80883233477303	5.80883233477303	35.0767758875229
12700000	5.58574435035447	8.11267713201565	8.11267713201565	54.7068698040274
12710000	10.25350445054	0.507005931382737	0.507005931382737	46.3061200081148
12720000	12.4947034266533	10.3184891533863	10.3184891533863	30.985467321533
12730000	6.24551110566977	4.65767165036877	4.65767165036878	36.6953119690893
12740000	4.36894408560673	8.47472211529273	8.47472211529273	66.9930846709141
12750000	18.1681980517376	21.0859597282264	21.0859597282264	41.3684244380856
12760000	13.84470939208	10.3965981036436	10.3965981036436	41.0035894197077
12770000	2.34856836720562	5.15943339273	5.15943339273	33.2257811361549
12780000	2.07195421339826	5.55574958813254	5.55574958813254	53.4356136620927
12790000	2.49045287339699	6.19125261964018	6.19125261964018	41.7080414824638
12800000	2.18734659890052	5.2633787883201	5.2633787883201	41.6595781986799
12810000	2.67195801732301	6.10598925815712	6.10598925815712	32.6569585628694
12820000	14.1451226958747	7.76583701739246	7.76583701739246	25.9339412829625
12830000	4.21234421183821	5.00529320977023	5.00529320977023	37.3361032805621
12840000	3.81235236801488	3.49394229993371	3.49394229993371	39.8158335814685
12850000	3.93850410168133	7.1557926044288	7.1557926044288	42.828330516989
12860000	16.101713817607	22.8949851581203	22.8949851581203	52.6220125979943
12870000	12.8000842100155	12.3420091786789	12.3420091786789	37.3214191832012
12880000	5.56162287863896	4.84479076495376	4.84479076495376	41.9438708382842
12890000	22.684954454778	11.5843167352764	11.5843167352764	40.2509246134659
12900000	28.9959464666111	16.9807212375218	16.9807212375218	57.4228567711256
12910000	53.8593000741916	32.0588390317849	32.0588390317849	40.8140510384446
12920000	23.4473099954439	18.8275408381589	18.8275408381589	33.9020328364788
12930000	6.66456813655774	6.09157566826448	6.09157566826448	27.8819486237592
12940000	6.32144069105994	6.86319024096185	6.86319024096185	29.6063407722197
12950000	9.34664119698948	8.10003152603679	8.10003152603679	44.5516145163348
12960000	5.55093700230967	9.72690160181267	9.72690160181267	38.9701025921762
12970000	1.79190046054356	4.3143508403302	4.3143508403302	41.6992457117788
12980000	1.01847258666965	3.46767779457652	3.46767779457652	41.9344480792564
12990000	1.50486680844011	4.23576780235786	4.23576780235786	43.3629276475807
1.3e+07	10.3898342014653	4.38315434747639	4.38315434747639	36.7619658021625
13010000	9.19730568921584	-1.3793833237918	-1.3793833237918	32.0015306922834
13020000	14.6164793612717	11.8605487849041	11.8605487849041	38.4158802360597
13030000	7.49239553207631	12.4621184237594	12.4621184237594	50.0708510436628
13040000	7.75340509641823	5.68211855375471	5.68211855375471	25.7819419710887
13050000	4.9659078189375	7.13122844520557	7.13122844520557	53.3968032317936
13060000	24.9699532312593	18.4118370789188	18.4118370789188	40.760604893573
13070000	2.5430322320079	4.89760328908663	4.89760328908663	46.8898062445297
13080000	2.8507615190909	4.99266008508688	4.99266008508689	33.4784123346468
13090000	1.76517430775578	6.04817900863668	6.04817900863668	47.0661705398345
13100000	4.48787340530568	7.36577592778786	7.36577592778786	46.3861124186475
13110000	3.2696339121093	8.83119223713872	8.83119223713872	51.3845327531393
13120000	4.04261561715596	5.70813107176718	5.70813107176718	34.1690345479382
13130000	8.99565997535239	8.33669781949636	8.33669781949636	29.3849946245395
13140000	8.96625367125491	13.2622371508124	13.2622371508124	49.111831062944
13150000	7.52361322976699	11.9417041705337	11.9417041705337	45.6233582547993
13160000	3.49861348446513	6.60706456121054	6.60706456121054	49.5300424334832
13170000	3.66184402722594	3.15369088404517	3.15369088404516	35.0250681027111
13180000	7.04752406017099	11.6353733319011	11.6353733319011	38.7196108553475
13190000	9.36805990066655	1.21865240924039	1.21865240924039	57.7259163780961
13200000	8.28704029425982	9.6790700243894	9.6790700243894	38.9502571185812
13210000	11.2212715830326	11.8154002549416	11.8154002549416	29.6488129832781
13220000	1.41675261910027	4.39752700851153	4.39752700851153	48.145443618484
13230000	2.72782014502622	5.74836600388604	5.74836600388604	37.2718434758474
13240000	10.4189879635065	10.9143441199246	10.9143441199246	41.5085467570987
13250000	9.85623310339148	1.92992630582119	1.92992630582119	37.8125384317691
13260000	51.7021711221288	33.2631703173996	33.2631703173996	45.9321867361326
13270000	19.7098143641315	16.0318563622837	16.0318563622837	35.6763280690481
13280000	2.71024851922376	3.73864586708303	3.73864586708303	40.1591821438328
13290000	4.34468230639806	8.0794994260967	8.07949942609671	32.3381061079853
13300000	2.11917989538285	3.82716660528751	3.82716660528751	32.1755536565287
13310000	2.610810039977	4.98317736729765	4.98317736729765	34.5229006661632
13320000	6.12629525201633	3.47506448504875	3.47506448504875	33.6892558711723
13330000	4.971579949932	6.53464232469165	6.53464232469165	33.4115048323737
13340000	2.78749374657082	7.56218638391482	7.56218638391482	48.6873143660861
13350000	1.18092663125374	3.25083269304035	3.25083269304035	29.3093826703081
13360000	2.12659834270167	4.27504571042107	4.27504571042107	40.4435907591814
13370000	1.74619363225676	2.7641424348443	2.7641424348443	35.9425098356927
13380000	1.71514183356461	3.24516740505237	3.24516740505237	37.0079588954551
13390000	1.73350572692624	4.67894608879737	4.67894608879737	52.8803584071389
13400000	1.62927562392651	4.13683716692413	4.13683716692413	34.4660170926769
13410000	5.50622221595651	9.47887068536573	9.47887068536573	42.123984872065
13420000	7.5120834161118	8.12766036137551	8.12766036137551	39.4178974235093
13430000	2.93522864979593	6.00886472163358	6.00886472163358	32.9284386198733
13440000	3.45732079246223	7.0768994612207	7.0768994612207	30.0688091066347
13450000	2.8176336346818	4.0600364432094	4.0600364432094	42.2244911303773
13460000	7.54198976250326	8.6229436729618	8.6229436729618	38.2605217073028
13470000	3.77807965159779	7.05385618905768	7.05385618905768	34.283937461676
13480000	4.17779249528802	2.29455793431193	2.29455793431193	28.3889608769098
13490000	2.01117550692981	4.46179575333637	4.46179575333637	39.2637927817684
13500000	4.20605281255794	8.70001623339216	8.70001623339216	36.6156022735569
13510000	7.2694788719668	5.98672164894802	5.98672164894802	48.751726846494
13520000	10.8441292594475	7.39331654115558	7.39331654115558	49.4595739069505
13530000	2.61467121354469	2.42375022645383	2.42375022645383	31.3191749516605
13540000	2.97684032303491	3.77507762475234	3.77507762475234	32.7766374364166
13550000	2.21193616996325	2.63704130244109	2.63704130244109	38.9671395142722
13560000	1.81247120189612	3.41188423429304	3.41188423429304	49.0372822821263
13570000	2.48664217329092	4.31124413432846	4.31124413432846	29.6996924161702
13580000	6.95752917609136	11.7397647520095	11.7397647520095	43.641246142463
13590000	10.1126080570747	9.93204566372645	9.93204566372644	32.211906065343
13600000	25.6811084976348	26.3922803282351	26.3922803282351	45.9122121028475
13610000	8.30471484891979	8.77947007552675	8.77947007552675	42.6562479677872
13620000	12.2484517805564	9.8791915481432	9.8791915481432	33.01359010182
13630000	4.81490035491821	6.34327861025419	6.34327861025419	40.3371356547274
13640000	5.01554448895036	3.5201891969934	3.5201891969934	37.1525221283529
13650000	10.0422999262098	9.61746917490604	9.61746917490604	38.1447337926628
13660000	7.74501765526169	11.0803816742335	11.0803816742335	42.3750984494891
13670000	8.14124723927991	10.5327435091498	10.5327435091498	38.0585226494903
13680000	10.8880708972791	16.7766056169004	16.7766056169004	53.8517861747834
13690000	2.35516946213656	4.0013338434434	4.0013338434434	34.6564629986518
13700000	2.31518839743498	6.08806281144735	6.08806281144735	40.1011044375712
13710000	10.4795553037082	14.3164955024171	14.3164955024171	46.9191800615081
13720000	3.59975335699309	4.17254346411728	4.17254346411728	36.4564469873998
13730000	11.4067375429021	10.3057411265139	10.3057411265139	32.2483903236
13740000	7.83615478421739	10.7636777984417	10.7636777984417	35.933372984503
13750000	5.87046825483269	8.19452756379823	8.19452756379823	44.3852971597284
13760000	3.41787621244	5.26063471129503	5.26063471129503	42.9337616207016
13770000	4.05632583586782	6.90154117300329	6.90154117300329	39.8860996448343
13780000	9.55245474023752	13.8421663874964	13.8421663874964	40.0469049265216
13790000	7.47918550540634	12.2231030386942	12.2231030386942	41.6836270216789
13800000	2.72435654463277	2.23183123888379	2.23183123888379	33.2950534980975
13810000	4.95951798392797	8.91913202653514	8.91913202653514	46.1909731695157
13820000	3.1282331469104	4.65799913410328	4.65799913410328	42.5486934740585
13830000	2.96642450866834	3.960161702121	3.960161702121	37.8060389317226
13840000	6.81459927522571	11.4168171136465	11.4168171136465	37.339171594385
13850000	2.07790738312778	3.81358866830546	3.81358866830546	35.6504695894026
13860000	1.99592881443946	4.49160807519984	4.49160807519984	37.9240131562376
13870000	4.12650511734584	8.04011498587422	8.04011498587422	57.3963655578353
13880000	16.1057383715578	14.4765752101572	14.4765752101572	35.1014478162903
13890000	17.5574463237971	14.5522544860143	14.5522544860143	30.9638234805821
13900000	1.03960419342251	1.65204584983944	1.65204584983944	43.7970501684424
13910000	2.96916694403504	4.8723435923984	4.8723435923984	29.1709342793919
13920000	1.61634357287513	2.86439914953358	2.86439914953358	31.3824371753344
13930000	2.27992049554929	2.06858149835531	2.06858149835531	35.8436529644846
13940000	2.52024580327798	3.46133559220901	3.461335592209	36.3718434416432
13950000	1.60510004315708	3.45412693981414	3.45412693981414	38.4333208760594
13960000	10.0807902577185	16.9555830546858	16.9555830546858	56.1317436783232
13970000	8.35296726393663	11.7932472493226	11.7932472493226	43.2067544689687
13980000	2.43640935390758	2.65745870838051	2.65745870838051	47.1628533189146
13990000	2.46118862820613	7.0435170900844	7.0435170900844	43.0490527095431
1.4e+07	1.37086524512189	4.04819305265863	4.04819305265863	43.9186129092857
14010000	4.02200397146808	9.50129543603803	9.50129543603803	60.0441940040551
14020000	11.3635790014459	7.45385449253341	7.45385449253341	30.973411087602
14030000	8.75158761732958	12.9127405124992	12.9127405124992	36.6959948265593
14040000	9.50384355346375	14.7187363896579	14.7187363896579	42.8117742960316
14050000	18.7343802679415	7.54369446407322	7.54369446407322	28.2910698121747
14060000	11.3412306122127	4.14567383378043	4.14567383378043	33.7769960101541
14070000	6.34366012361586	7.28960591450432	7.28960591450432	58.3087284551413
14080000	4.64898693173431	5.0149150632563	5.0149150632563	44.9946573720468
14090000	1.33965689345656	1.71720117156138	1.71720117156138	46.6709419318324
14100000	46.8840950580396	37.0095707707306	37.0095707707306	42.0200121530628
14110000	22.1619509701682	20.3179690595649	20.3179690595649	51.1596208217139
14120000	80.154227599259	31.6452190243623	31.6452190243623	33.9630699322151
14130000	48.936393070942	31.9558392739539	31.9558392739539	44.4807196384234
14140000	12.7508183184534	13.458714632805	13.458714632805	36.2702362852097
14150000	3.16569862079197	3.4426587600405	3.4426587600405	50.0891559154468
14160000	0.879760668872381	1.2240848802514	1.2240848802514	45.331882796966
14170000	1.71844579942456	-0.0529550504582683	-0.0529550504582683	44.9953802579247
14180000	1.20828690869007	3.70580733752587	3.70580733752587	44.1869286599496
14190000	14.5381499725346	11.051607709666	11.051607709666	39.8678081796373
14200000	13.9278865968683	11.0623668962571	11.0623668962571	42.645336098663
14210000	2.06395673782489	3.06016326309889	3.06016326309889	29.9669665001493
14220000	3.61364104881408	5.08083400958077	5.08083400958077	40.3385275444575
14230000	3.23490199636224	7.9910692344948	7.9910692344948	40.2183184615381
14240000	4.06230460944184	3.28917916641779	3.28917916641779	40.6130318863326
14250000	19.4942852835392	17.5615302951207	17.5615302951207	48.1923888950264
14260000	10.468082815595	12.2832574175917	12.2832574175917	36.805166472934
14270000	1.47671948756079	2.82467350120817	2.82467350120817	57.3439989839135
14280000	2.321458979308	2.6957574528815	2.6957574528815	45.7718738205063
14290000	3.92633087452135	9.22428315875056	9.22428315875056	51.5102586692085
14300000	2.90575246746441	7.28720528660761	7.28720528660761	37.0456042829115
14310000	5.87633377805389	9.06378276221226	9.06378276221226	41.1729928939719
14320000	5.35820824576523	9.23166090445689	9.23166090445689	44.2336042361139
14330000	6.18624555154509	8.47160399398458	8.47160399398458	44.3792503641382
14340000	2.71228527492724	3.76835909332533	3.76835909332533	27.0008433544498
14350000	6.935230543352	7.49019361168279	7.49019361168278	39.4886744601696
14360000	3.1362091748586	5.2361006530722	5.2361006530722	33.8072525404568
14370000	2.36033295065537	3.39363196566383	3.39363196566383	48.192542815392
14380000	2.03501021095244	1.45493281580503	1.45493281580503	41.0010318049314
14390000	1.31407825195756	3.63091811680972	3.63091811680972	39.665643152979
14400000	3.16527218264296	6.3042076756253	6.3042076756253	46.3919340863348
14410000	2.35476036535281	7.75310021207951	7.75310021207951	54.825497936877
14420000	1.14689519168083	2.5934752462915	2.59347524629149	36.3858428727602
14430000	11.9976851292717	13.9564812769893	13.9564812769893	40.3566981689455
14440000	3.90484477998592	2.209896649022	2.209896649022	29.56456816324
14450000	4.01452076673172	5.3517551208171	5.3517551208171	33.1741058833311
14460000	2.8855241127995	5.68343548353891	5.68343548353891	44.2264492368137
14470000	2.24312962292931	3.69135337212741	3.69135337212741	39.8341051334574
14480000	9.75866479703898	10.7590505590176	10.7590505590176	42.506692618821
14490000	1.78380265471473	5.39731535053989	5.3973153505399	39.9919097575142
14500000	2.25931139982524	4.62102386418257	4.62102386418257	49.3535458218722
14510000	1.93500891113755	2.49186246802484	2.49186246802484	35.2750298770522
14520000	1.70860994364535	4.67987521149677	4.67987521149677	44.2184161687182
14530000	3.71722885729814	8.2903413044306	8.2903413044306	49.8207339726002
14540000	20.1746839881142	10.4407274519677	10.4407274519677	28.7169064123098
14550000	3.7887650853575	6.32222224162512	6.32222224162512	41.1348667723973
14560000	3.62106905435169	3.98072004148631	3.98072004148631	39.1291633114247
14570000	2.5929800850318	2.74499934124836	2.74499934124836	37.2124493886133
14580000	2.86377552165319	3.00193894934314	3.00193894934314	31.3106617044869
14590000	2.0115416536087	5.80204234393407	5.80204234393407	58.8249062282729
14600000	4.35391817657875	5.04276250620541	5.04276250620541	30.8109671262277
14610000	2.00832364873661	2.98661940368786	2.98661940368786	33.0806429340208
14620000	3.24876764019155	5.28574893792219	5.28574893792219	31.7603745402606
14630000	15.4040000607161	13.6635341928348	13.6635341928348	40.5398638648417
14640000	10.6441844823374	11.3593872246224	11.3593872246224	39.9445909109734
14650000	18.481390577409	12.0994240257994	12.0994240257994	45.2274714914143
14660000	9.11126148816698	11.3782557582187	11.3782557582187	33.096122956371
14670000	2.1280307969941	5.27525532080577	5.27525532080577	38.8946130361811
14680000	2.84894750705958	5.34868217416212	5.34868217416212	39.6687276782761
14690000	17.424676522887	19.7560138812943	19.7560138812943	48.0244601313239
14700000	1.9316876855941	2.74251534130157	2.74251534130157	41.2218747244499
14710000	1.60531302137966	5.44433423084725	5.44433423084725	58.6905409596152
14720000	2.05500806293872	3.16546221993848	3.16546221993848	29.5671995245329
14730000	2.0556034252072	2.29934449814138	2.29934449814138	33.4047443918793
14740000	2.17315939663171	7.0057439190645	7.0057439190645	47.1523832639794
14750000	1.51330999828993	3.00060473460574	3.00060473460574	32.7464958631315
14760000	6.00102800959089	3.77014700307581	3.77014700307581	24.8769868627826
14770000	4.79519102741888	6.8768627355647	6.8768627355647	36.2731836582865
14780000	6.72258492384017	13.1020307816625	13.1020307816625	46.7136901022437
14790000	3.65811153095933	7.32675256699423	7.32675256699423	39.456705814132
14800000	3.4282316354932	5.82268451063681	5.82268451063681	47.1841970924973
14810000	5.53611628995338	6.54839893838396	6.54839893838396	48.1687890366727
14820000	1.65534976970904	2.401684008714	2.401684008714	33.3816025998742
14830000	4.76475038807325	5.81947213780125	5.81947213780125	44.1920362090252
14840000	12.159522499825	11.0503592602139	11.0503592602139	31.915537917948
14850000	4.20988940415894	5.49168136651202	5.49168136651202	36.4821780976477
14860000	5.83435237196636	8.38718972838106	8.38718972838106	51.3393387963548
14870000	2.06527743662307	6.10994219588617	6.10994219588617	50.9518171127093
14880000	3.94659854681294	13.0432428687358	13.0432428687358	68.416059959051
14890000	5.55290025635531	9.59161393254543	9.59161393254543	42.7389198968005
14900000	1.40131062641204	1.44279378380687	1.44279378380687	39.6978402175435
14910000	2.88446916840258	3.72956406318234	3.72956406318234	33.7023580367254
14920000	1.99139158405066	4.58519039822214	4.58519039822214	34.7971320065024
14930000	3.04159158421541	4.94916240139323	4.94916240139323	37.6938015643286
14940000	2.31363007055666	2.8967970923664	2.8967970923664	34.8271298504591
14950000	8.69318888576022	8.23072721278149	8.23072721278149	27.1203152271341
14960000	5.5900215253568	-0.541339086597547	-0.541339086597547	37.7357207833391
14970000	11.1945887256167	8.5353466087448	8.5353466087448	34.7361058078287
14980000	5.48264804800886	7.0147832863258	7.0147832863258	42.4687156336073
14990000	8.46341873636468	6.03724365665499	6.03724365665498	29.0239677538101
1.5e+07	4.17560569077152	5.91068731387069	5.91068731387069	48.9116928066505
15010000	2.34258562280738	4.02397265454007	4.02397265454007	41.9290140289131
15020000	2.87560319211657	3.19647921363762	3.19647921363762	36.0138942564914
15030000	2.08856555299073	5.06247251837642	5.06247251837642	56.4781126028578
15040000	1.94850108724186	1.90868664477107	1.90868664477107	31.4847656167733
15050000	1.79377450541495	3.94241188230069	3.94241188230069	40.3871562225503
15060000	1.81318620105349	3.44817031288673	3.44817031288673	38.4321547059901
15070000	1.34979259358525	3.20122985888553	3.20122985888553	48.2907249583983
15080000	13.8973625814572	13.1757986443297	13.1757986443297	33.9200017688206
15090000	7.19431244817611	3.18011063419376	3.18011063419376	32.5544802985148
15100000	1.4002898240582	3.19147078776964	3.19147078776964	45.187084031395
15110000	6.99190643649916	8.02140038725882	8.02140038725882	32.832656791477
15120000	14.9993154355906	15.7526299594254	15.7526299594254	37.1321153532052
15130000	4.64089733729575	8.29430406980565	8.29430406980565	44.0075490798989
15140000	14.4819301998468	15.0445994047791	15.0445994047791	33.9621093369055
15150000	7.12794311681524	12.7144199705595	12.7144199705595	59.6172270014887
15160000	10.5667358773136	12.2907098153545	12.2907098153545	36.9527651536501
15170000	1.40117949594147	3.05466102217719	3.05466102217719	30.4788255160916
15180000	2.73897381415209	4.14553080740139	4.14553080740139	35.0496920979588
15190000	8.81478096663706	11.0973212987498	11.0973212987498	36.0594174757398
15200000	14.9827927325308	11.8188912025122	11.8188912025122	45.1317789954684
15210000	12.0000210489952	12.1063787504596	12.1063787504596	49.4254571051682
15220000	4.96448703857902	2.64341952445339	2.64341952445339	33.7267981856761
15230000	5.97805000545575	6.79504262150986	6.79504262150986	31.7976043728258
15240000	0.947708799415855	2.83326759501418	2.83326759501418	42.0260837686575
15250000	2.18106014330244	5.81567298901963	5.81567298901963	42.1289359865747
15260000	2.61950484961007	6.78563649796635	6.78563649796635	46.3889061294368
15270000	1.57721442430136	3.60229335090303	3.60229335090303	32.0967938886337
15280000	2.03262895392575	3.31343458945512	3.31343458945512	34.7700449884637
15290000	2.47298299449156	5.66214284023247	5.66214284023247	43.3291287823128
15300000	3.14187420313821	1.85283991791827	1.85283991791827	35.9367497377101
15310000	9.27383132843069	7.32262092623151	7.32262092623151	29.6548348217083
15320000	11.6110533359797	6.94115784736806	6.94115784736806	51.6995624217729
15330000	6.71547604548762	8.7937649881157	8.7937649881157	35.5381497294045
15340000	30.9217502962268	23.9145880798518	23.9145880798518	37.50458175061
15350000	3.45680130598618	6.4451307425915	6.4451307425915	31.3676279409155
15360000	1.12756859942177	1.4926053893601	1.4926053893601	43.410513170297
15370000	16.0666004217355	19.8758365764208	19.8758365764208	48.1998657651245
15380000	3.31150086143657	4.80404015466844	4.80404015466844	50.0080259176172
15390000	5.5697185516677	8.14662118974748	8.14662118974748	38.5810295977174
15400000	7.08950843878702	7.61834270993262	7.61834270993262	42.579426583631
15410000	1.95396312894208	4.65165764096115	4.65165764096115	32.4350669350071
15420000	2.71413870671559	2.37467931772121	2.37467931772121	39.3315008950699
15430000	2.40544310239571	1.45009111450259	1.45009111450259	44.2830508283201
15440000	6.47177824873303	8.01186847570226	8.01186847570226	40.9342717169329
15450000	1.65824215462452	4.51345682063306	4.51345682063306	36.3122329909426
15460000	5.25296902014093	9.76858418398106	9.76858418398106	57.5211837990883
15470000	14.6549615752815	13.7532057588691	13.753205758869	44.5563614990741
15480000	10.7667011613973	8.16857615485904	8.16857615485904	34.7827055609243
15490000	2.90882346622806	4.9516890033362	4.9516890033362	41.7162109972234
15500000	3.07055811283027	4.58516596791663	4.58516596791663	30.4165801425376
15510000	5.58313158486908	7.81135150247298	7.81135150247298	41.106251544328
15520000	2.6313083109019	6.72115943370867	6.72115943370867	54.054774770713
15530000	8.9546849935269	6.97016804977358	6.97016804977358	35.972254636504
15540000	6.12757577491855	6.73292364155519	6.73292364155519	39.6890511088167
15550000	4.1729810213913	10.7040115036831	10.7040115036831	49.0706063513951
15560000	1.37948566160867	3.95610855184232	3.95610855184232	35.835121284879
15570000	1.21222054890294	3.40542493166008	3.40542493166008	46.366148412503
15580000	5.20802753261494	5.12183004749203	5.12183004749203	41.1968787326284
15590000	3.14517805538073	10.4150543899525	10.4150543899525	62.3843479319984
15600000	2.06270711978196	4.6391776822941	4.6391776822941	39.6037022588299
15610000	3.47343498612576	8.76805847166854	8.76805847166854	44.7208892124746
15620000	3.05575719670242	7.41427986688073	7.41427986688073	45.9768691343336
15630000	5.58344936553968	5.61717646082811	5.61717646082811	31.5156431496747
15640000	1.49179043501672	4.74573504140448	4.74573504140448	49.8648054645739
15650000	6.98238941686563	5.20643653912446	5.20643653912446	34.9245182862747
15660000	4.88918119555174	5.69691649338676	5.69691649338676	42.4639704196375
15670000	5.89200055556303	6.03426849481302	6.03426849481302	34.7428934111775
15680000	28.2106337845624	20.3244620192796	20.3244620192796	50.4257497646754
15690000	14.7324229048768	14.6379360897286	14.6379360897286	34.301219064658
15700000	5.87050996606004	8.01685533517294	8.01685533517294	30.9858926668516
15710000	8.5572393641873	10.798429444141	10.798429444141	34.9473600591977
15720000	3.74298129767548	6.21866965464321	6.21866965464321	40.95323994193
15730000	2.60044693936807	6.72464534161945	6.72464534161945	40.4421482041449
15740000	0.99569475827705	3.23730734732614	3.23730734732614	52.2662833004899
15750000	15.8294238672758	9.49312850609322	9.49312850609323	29.7449014941827
15760000	3.4830203236841	2.56218095819698	2.56218095819698	40.0031504693511
15770000	1.1042429110078	1.99733910149028	1.99733910149028	49.4077295376323
15780000	1.4116260352871	4.94118778873035	4.94118778873035	52.6176739571952
15790000	1.33432771966288	3.74810588718248	3.74810588718248	51.9564750802525
15800000	3.7932933183405	4.71888768324826	4.71888768324826	39.8240723952902
15810000	2.05283793834418	2.97485381261496	2.97485381261496	50.5607829822019
15820000	5.40734570008247	5.42144840076197	5.42144840076197	32.5107372311492
15830000	16.4960173508265	16.7670729824735	16.7670729824735	34.7961013783009
15840000	4.40700338419089	5.75366851342767	5.75366851342767	41.0979398079056
15850000	3.70367730688249	7.90503774653599	7.90503774653599	39.8226731201144
15860000	2.2041920788884	5.21192001764927	5.21192001764927	42.1603862149494
15870000	1.64149017291077	4.09712587916358	4.09712587916358	31.458645282196
15880000	1.62216519178536	4.75067352847509	4.75067352847509	40.7728400479153
15890000	7.00515757998237	8.96653026572657	8.96653026572657	35.0295877777577
15900000	2.56872148476773	5.23783681496746	5.23783681496746	38.057267537614
15910000	5.16555657950869	2.97152388354723	2.97152388354723	47.5808010714012
15920000	4.88365479115667	8.66246932811547	8.66246932811547	33.9360765471669
15930000	6.37418957722037	5.65023584698363	5.65023584698363	31.3666292993152
15940000	14.6376588826594	18.5490183519378	18.5490183519378	52.5846596207995
15950000	2.6346391058505	5.57576533136005	5.57576533136005	30.9994318518118
15960000	3.55720606367262	6.26681739308008	6.26681739308008	40.9249927900438
15970000	7.19307343370976	6.85797992037703	6.85797992037703	43.5667647023758
15980000	3.05579394702631	3.88881504870088	3.88881504870088	28.6893004131983
15990000	2.28612510281885	2.67884695893622	2.67884695893622	33.3245596362881
1.6e+07	13.4702618015512	16.3263696415051	16.3263696415051	61.0901681733256
16010000	5.22154887489917	5.20645219148246	5.20645219148246	40.0859735547938
16020000	1.17199741118831	2.69195534841885	2.69195534841885	39.4799189340592
16030000	3.92275908300389	6.09639472575131	6.09639472575131	29.454403324686
16040000	3.16363415474704	6.62679962502226	6.62679962502226	45.4517437974009
16050000	4.1819346768379	9.30549465051793	9.30549465051793	44.5206359380384
16060000	7.24892146921754	9.04337531222633	9.04337531222633	40.2631893296727
16070000	4.65983785989087	12.9821119765809	12.9821119765809	59.5229591770362
16080000	3.13249157711179	6.05725130789964	6.05725130789964	36.6933746206962
16090000	1.84435671473798	4.23043380367364	4.23043380367364	44.6123894403616
16100000	4.0344312103237	10.056899707848	10.056899707848	53.6026130192485
16110000	1.97645979375042	5.06267876561128	5.06267876561128	42.8622244956807
16120000	3.82255326558888	6.13016197930981	6.13016197930981	31.0736967012717
16130000	3.17077147905396	8.54361965864411	8.54361965864411	36.9404747349089
16140000	3.54267269821969	5.08438997665573	5.08438997665573	33.552780449728
16150000	4.58982679411794	6.57234134440533	6.57234134440533	32.2374563102034
16160000	6.6195898265962	10.3311414664973	10.3311414664973	35.1379984882811
16170000	1.09765667574261	3.01484480210079	3.01484480210079	43.5392357262706
16180000	1.61767390482672	0.921140187976243	0.921140187976243	49.5079849119613
16190000	3.99965060105272	7.94000560126945	7.94000560126945	49.9465340223054
16200000	4.1145983643583	9.52373482672486	9.52373482672486	47.8354690170099
16210000	20.887675962071	8.65655176167522	8.65655176167522	40.3228342056932
16220000	4.7096906616815	7.26276360062447	7.26276360062447	32.8483754265264
16230000	9.13369739333204	9.61649699036754	9.61649699036754	46.1109915840378
16240000	3.41334836593426	3.38395118124711	3.38395118124711	40.4272624760773
16250000	4.98129565792722	10.6247052330132	10.6247052330132	46.6256645230055
16260000	10.87304862999	8.0779884509647	8.0779884509647	39.1826517463497
16270000	18.2355201541422	15.0926235832835	15.0926235832835	34.1393466507701
16280000	36.2713085366874	22.0802924312312	22.0802924312312	42.1157022216748
16290000	7.67611479534096	10.9584632272751	10.9584632272751	41.3278623217898
16300000	3.72842086196879	8.87439915914733	8.87439915914733	47.4957443605325
16310000	2.72826085941011	6.19567282925045	6.19567282925045	62.7778108385231
16320000	6.28010030779962	7.57238365204704	7.57238365204704	31.8086544292391
16330000	1.50002963138328	2.73760646977361	2.73760646977361	43.6231323671128
16340000	1.6066272618911	5.82298489593829	5.82298489593829	44.1049433209063
16350000	3.28449745477708	6.76480504596789	6.76480504596789	40.3739753622666
16360000	3.03955974661613	5.07904453067112	5.07904453067112	39.4469524896124
16370000	9.24843907505413	14.5151667332516	14.5151667332516	44.2599014455107
16380000	5.29942594475518	6.64825253144692	6.64825253144692	36.2083567353373
16390000	5.79878340284249	7.8533961360915	7.8533961360915	42.9355870118945
16400000	31.277328520704	17.6723574391552	17.6723574391552	31.5100341840995
16410000	11.2860380305707	14.258299382624	14.258299382624	43.0309005904919
16420000	33.7048122664167	10.3779997584793	10.3779997584793	33.9368918355233
16430000	16.5785113066751	15.1786193448393	15.1786193448393	63.0043664211516
16440000	10.2160312174654	12.1916689513736	12.1916689513736	41.1021605757974
16450000	11.1047869325213	9.81305475290475	9.81305475290475	49.5612275056841
16460000	2.25230747615781	3.86307623578238	3.86307623578238	37.3656995204249
16470000	1.81094073514352	1.39804132485102	1.39804132485102	38.31646688199
16480000	11.0090200838555	6.31325263578415	6.31325263578415	28.5200321509057
16490000	12.9273336248177	8.04613135105371	8.04613135105371	32.7197559951484
16500000	7.97482870180646	10.617393574746	10.617393574746	41.4330833606472
16510000	3.79888313434183	6.34894594279379	6.34894594279379	28.4269354023079
16520000	3.07266174049094	5.46376437541024	5.46376437541024	52.3631361631607
16530000	4.05357475960119	7.35019999714052	7.35019999714051	44.6425482635595
16540000	9.497702738868	9.92788954339913	9.92788954339913	45.2424824619828
16550000	1.64761821263275	4.05366517646978	4.05366517646978	50.9365876130499
16560000	1.09266624362713	3.70018740016173	3.70018740016173	48.7653228764899
16570000	16.8929905396224	22.6064728328313	22.6064728328313	53.780390272228
16580000	2.31305362045216	4.63417722178574	4.63417722178574	36.8917672158912
16590000	4.11906038448128	7.27278306132417	7.27278306132417	34.03411785356
16600000	1.77968662482762	2.01995523749248	2.01995523749248	32.780334391749
16610000	3.35448370797171	7.75058525913528	7.75058525913528	57.552188242328
16620000	2.5223167555281	6.86568992537207	6.86568992537207	39.6643054566656
16630000	2.56033757076674	5.88161628193274	5.88161628193274	37.6196081010945
16640000	1.8782702336999	1.80129839104378	1.80129839104378	38.6016373635533
16650000	10.7261360915185	10.5589814946683	10.5589814946683	40.5801199516184
16660000	12.7641790224615	10.4629095798613	10.4629095798613	32.1960496003262
16670000	6.04928136845945	9.88179754191016	9.88179754191016	49.5882453539701
16680000	2.21403248663648	4.30054332674064	4.30054332674064	27.7730464847381
16690000	10.6664023121658	16.4512832769675	16.4512832769675	53.2453528930818
16700000	3.24598897684225	4.75627202233348	4.75627202233348	25.2189450366443
16710000	1.37057031808676	2.50177131724718	2.50177131724718	42.6852927488882
16720000	3.03359115678461	3.05500111305201	3.05500111305201	38.3621840509389
16730000	4.44685313420361	5.75917901554881	5.75917901554881	42.500320971677
16740000	7.46007973884354	7.43112290527965	7.43112290527965	41.5126793700046
16750000	2.09887895923936	6.32503156896643	6.32503156896643	51.2569039526847
16760000	2.9121714987735	3.26534216552268	3.26534216552268	35.1905409420135
16770000	3.3457203006733	5.80705919733114	5.80705919733114	28.6668793504776
16780000	4.56696433925156	8.33130760993414	8.33130760993414	57.0540422853188
16790000	4.09775237257769	10.7177551410838	10.7177551410838	64.2649522356753
16800000	1.54385352672457	2.56306245024769	2.56306245024769	33.8379006707043
16810000	3.77095031863179	6.9529557516996	6.9529557516996	54.2293860860812
16820000	9.69831769319767	9.76070095348923	9.76070095348923	34.9257397519465
16830000	8.75153653768694	8.58956023748834	8.58956023748834	39.1303756699135
16840000	7.89174566649585	9.17523628413946	9.17523628413946	36.3047313370224
16850000	10.3323822034969	12.806306163557	12.806306163557	37.8452015540737
16860000	6.40032648334773	7.37375090761159	7.37375090761159	41.5712931391226
16870000	30.966605271873	16.1071644062322	16.1071644062322	27.5082772748024
16880000	3.4603577568159	3.28281415357371	3.28281415357371	45.7293831072749
16890000	5.21430449902076	4.82105280303014	4.82105280303014	42.0988020866677
16900000	3.94147400235821	5.15997753562622	5.15997753562622	46.9378389782054
16910000	15.8107076861852	16.4096777628182	16.4096777628182	48.270848564441
16920000	9.92161049475032	12.4725020907654	12.4725020907654	38.1552038802598
16930000	8.03658120139127	8.86529668634057	8.86529668634057	29.1260474447228
16940000	1.08114264169806	4.60153442153732	4.60153442153732	52.4388657538749
16950000	1.56215099106725	3.18495380219194	3.18495380219194	44.3144339431176
16960000	2.80835871540535	-0.983467022559025	-0.983467022559025	40.2245142737645
16970000	4.96097449425921	6.91856902320019	6.91856902320019	45.2253997098716
16980000	7.66015907694373	12.6116981940236	12.6116981940236	33.2521899044409
16990000	3.02552273951391	6.97539004636523	6.97539004636523	42.5656220126213
1.7e+07	2.93733891147929	6.0134555529059	6.0134555529059	54.9385318697591
17010000	2.44697859708795	6.91298403713269	6.91298403713269	50.82520744436
17020000	4.05036621334729	6.56712813184894	6.56712813184894	33.51180022529
17030000	7.19582075066946	8.30923762918944	8.30923762918943	41.3210325734432
17040000	2.96198546499807	-1.1166758723516	-1.1166758723516	28.6369982020285
17050000	1.75523760786477	3.66962409584799	3.66962409584799	33.244334135865
17060000	1.97864532517051	4.5495417883402	4.5495417883402	43.9589075434408
17070000	5.17830016489753	10.2106600542332	10.2106600542332	45.3009274800091
17080000	16.059747467139	13.7439405442145	13.7439405442145	43.7614604868702
17090000	46.6403718624599	22.1829100959905	22.1829100959905	45.0690711043805
17100000	79.8031505160312	33.2599440058748	33.2599440058748	39.0841148255075
17110000	50.1894768474852	23.3387192736363	23.3387192736363	40.6301130877692
17120000	13.6948180865423	10.3093692163182	10.3093692163182	31.5717776197519
17130000	9.92930776744566	7.78248633375314	7.78248633375314	42.2294269584021
17140000	4.86953209417542	5.99247522399027	5.99247522399027	35.0789816427584
17150000	2.35689063128929	4.77022607755828	4.77022607755828	36.5374310487768
17160000	1.19867984104037	2.02352954723275	2.02352954723275	37.7171455842895
17170000	2.83774015927406	4.14026730721649	4.14026730721649	34.138515589079
17180000	2.25705959015091	5.48268785739413	5.48268785739413	40.3928696947078
17190000	4.81409487981099	4.76297100232611	4.76297100232611	28.592249313677
17200000	8.98141320524541	10.1974101239774	10.1974101239774	40.734106291559
17210000	20.8497722738724	10.1893462781712	10.1893462781712	34.7137922383045
17220000	2.58624629682269	7.30729614207963	7.30729614207963	49.7336829414265
17230000	4.91837745079419	4.67250448739435	4.67250448739435	29.4389582637342
17240000	3.6715371979585	9.08304130231679	9.0830413023168	56.8115171515048
17250000	4.73487112976624	6.46155516480112	6.46155516480112	30.2184541587684
17260000	8.47120326214659	9.76336023408444	9.76336023408444	28.7230305151746
17270000	24.7868928465517	5.57566198221087	5.57566198221087	40.4658061003768
17280000	22.6854030555534	16.6829332514049	16.6829332514049	45.1006024997112
17290000	10.1665778269569	7.66863488348844	7.66863488348844	50.0785822015102
17300000	3.41467437027262	3.38529799700191	3.38529799700191	33.9551567042072
17310000	4.45014701933711	6.57053123160161	6.57053123160161	47.0177769282963
17320000	7.71944764600932	6.64862710447143	6.64862710447143	32.4064322867812
17330000	20.999043661806	20.6961003947548	20.6961003947548	36.9310869235021
17340000	29.0996442555747	24.2715411752208	24.2715411752208	45.4943515252114
17350000	30.6894639841959	16.7686671253341	16.7686671253341	34.8387244216863
17360000	32.5300352012702	27.3284838550623	27.3284838550623	54.6019180571334
17370000	88.1835175462109	25.980278414199	25.980278414199	24.5882399674122
17380000	24.7943104537495	20.0625453317889	20.0625453317889	45.2177526081235
17390000	9.47103677830243	7.45382551949591	7.4538255194959	27.7352621468155
17400000	2.82720349313382	5.38283253599242	5.38283253599242	42.5513571407576
17410000	2.1538536758652	5.07613310302699	5.07613310302699	40.7932093399801
17420000	5.48720012877045	7.327449028621	7.327449028621	44.0560572692579
17430000	3.89693452748311	9.04018248597467	9.04018248597467	37.0817104298337
17440000	16.8933972829596	19.7351783048255	19.7351783048255	34.7166051964199
17450000	53.2378370399352	14.8040179697435	14.8040179697435	35.8205043216782
17460000	19.5106675863786	18.4239959912066	18.4239959912066	39.1843819913958
17470000	19.97125570374	17.0692862469015	17.0692862469015	32.4676581024404
17480000	3.77749790843123	7.24338290818572	7.24338290818572	33.6656718743758
17490000	2.08536040072795	4.90127390511172	4.90127390511172	39.0287838088399
17500000	1.16854440581728	4.13873542269512	4.13873542269512	52.1345945792699
17510000	4.34175932127966	8.31650138309837	8.31650138309837	41.0592511372177
17520000	6.4636157341808	5.96195844123075	5.96195844123075	34.1921249992078
17530000	12.337392697864	11.8105680149323	11.8105680149323	38.5946517759338
17540000	5.99542289191204	5.60942293143335	5.60942293143335	36.6261780193941
17550000	3.59039301496564	2.03524333584245	2.03524333584245	42.8055525180177
17560000	1.58999845820629	4.67492385308446	4.67492385308446	43.6856535346931
17570000	1.55569372446424	0.630960531451321	0.630960531451321	28.0740264459517
17580000	1.6157178162778	4.53067231429348	4.53067231429348	37.4028525100278
17590000	1.73362029205087	4.19885925699244	4.19885925699244	45.2102844025729
17600000	2.53830692636612	4.15602971931514	4.15602971931514	29.9535880989943
17610000	6.67970095896595	8.1094918075456	8.1094918075456	28.9543292273566
17620000	5.0906737374472	5.06931658796815	5.06931658796815	24.6607345685126
17630000	10.8909639656153	12.9889026075606	12.9889026075606	39.0710730042869
17640000	3.6260540742308	6.08237236712781	6.08237236712781	35.1086037714079
17650000	2.43326391458799	4.19710353223076	4.19710353223076	33.6709816043497
17660000	1.9930783947849	4.10190238132092	4.10190238132092	48.3605913384511
17670000	4.06066296074212	4.0024445804857	4.0024445804857	31.1944147018987
17680000	8.14394738527225	7.66742068386413	7.66742068386413	29.722476231702
17690000	4.77346974644549	8.97870069885294	8.97870069885294	47.239836756237
17700000	5.14253922182055	10.5602240079897	10.5602240079897	55.7699423683678
17710000	1.6459604716559	3.46308735012989	3.46308735012989	26.1749662347238
17720000	9.69108599463058	9.1749196144687	9.1749196144687	42.2039558305071
17730000	21.3742357903343	16.6163593264318	16.6163593264318	44.7504656960165
17740000	7.23102679450978	7.49440431421239	7.49440431421239	43.3462338511333
17750000	2.72036334730126	5.34921641484991	5.34921641484991	35.8101157609456
17760000	2.59357652622229	3.38810136434023	3.38810136434023	36.1235350910596
17770000	3.48435232163014	6.31757573600822	6.31757573600822	32.2513673038456
17780000	3.47889882293245	8.38123498256922	8.38123498256922	44.9822191346957
17790000	8.32383808319229	11.1088010820564	11.1088010820564	46.5047209236278
17800000	3.48803588273317	7.69126583505621	7.69126583505621	44.6504805228165
17810000	2.90723020493117	4.47116675639484	4.47116675639484	48.2396366772644
17820000	17.281819244227	18.8240395578327	18.8240395578327	40.300883845796
17830000	1.82969127482455	4.18440510963768	4.18440510963768	36.0694023942724
17840000	1.50049886375344	2.999146638061	2.999146638061	36.8096939269751
17850000	2.96237427374089	7.20204146607017	7.20204146607017	52.9087402312761
17860000	12.7068049292872	9.73553935986647	9.73553935986646	30.2716639462591
17870000	3.87285523005343	5.50433061910141	5.50433061910141	35.5629783795303
17880000	19.3634842300828	17.9893031440687	17.9893031440687	33.4846306929152
17890000	2.17877324925701	4.88941461904384	4.88941461904385	37.0870214039797
17900000	1.27514161621298	4.23471614213011	4.23471614213011	45.2112326571521
17910000	2.51402693500488	4.58547218734805	4.58547218734805	38.6408109255034
17920000	20.401822986878	11.775574747188	11.775574747188	29.2135532650555
17930000	13.7013340992172	13.8750209428364	13.8750209428364	38.5696170742388
17940000	3.39811615242878	7.45404563161398	7.45404563161398	46.246432399356
17950000	15.8492032274764	16.8168697176304	16.8168697176304	39.3178010672686
17960000	12.1712746847908	4.39771580674893	4.39771580674893	31.4808947879083
17970000	8.54614245980109	4.29867702952223	4.29867702952223	42.9477727770636
17980000	3.08801288290107	4.67615402262001	4.67615402262001	30.2035131483897
17990000	1.66815909362885	2.87558614964191	2.87558614964191	31.627985119359
1.8e+07	3.59556407599805	4.48982931690944	4.48982931690944	34.3533249588371
18010000	6.54718503286308	10.0762627812313	10.0762627812313	35.9600886507492
18020000	2.2301567713581	0.0184485523928671	0.0184485523928671	36.651755841152
18030000	2.43682496433673	5.06300544088274	5.06300544088274	33.8905905164092
18040000	1.961586287521	3.54643443067713	3.54643443067713	43.3699684412969
18050000	4.96710288023872	4.77554339868964	4.77554339868964	39.5375977402112
18060000	3.67525931817139	8.29759010502969	8.29759010502969	43.0001942348372
18070000	9.99953385774502	7.97873804391678	7.97873804391678	34.2992128276253
18080000	25.2518287619137	12.4554058541699	12.4554058541699	33.9084901785401
18090000	16.2094904416601	13.2312695497229	13.2312695497229	33.8743296805595
18100000	11.5148406410604	17.2250726544797	17.2250726544797	44.9532082965389
18110000	4.01801235156634	7.33152132432263	7.33152132432263	51.4096440700448
18120000	1.1881454649537	1.57541211775091	1.57541211775091	31.0048902453515
18130000	0.989470439635425	2.82484061358534	2.82484061358534	40.7128383505328
18140000	2.27486645741789	4.90370559241049	4.90370559241049	32.1271511676035
18150000	4.44754959963243	7.57461189128422	7.57461189128422	36.5037525440174
18160000	3.57432930276195	6.44508736203842	6.44508736203842	40.6738836453366
18170000	2.53957288568977	4.7153311769443	4.7153311769443	41.3464504156356
18180000	4.75428253373025	6.2065739297923	6.2065739297923	41.3084840180872
18190000	5.66731794795377	7.21970402314807	7.21970402314807	31.4508056320084
18200000	2.52973015119026	5.69834092972407	5.69834092972407	38.401881031701
18210000	16.9957069900469	15.8308792426766	15.8308792426766	50.3305317020586
18220000	2.64579823373264	4.77854469907311	4.77854469907311	51.4556171997542
18230000	1.79854022070614	0.262970179586013	0.262970179586013	36.6130167256601
18240000	24.355497272761	13.961652517971	13.961652517971	42.9200427880367
18250000	5.24215013503837	10.6490307741877	10.6490307741877	53.3635283116275
18260000	3.30473278757031	3.78569863343335	3.78569863343335	32.1470871727344
18270000	2.17566149662	3.21599261184695	3.21599261184695	40.3384782621651
18280000	3.86030568885833	8.30278800258838	8.30278800258837	43.842550639373
18290000	5.41709568440877	9.77049705141792	9.77049705141792	37.9339396805659
18300000	3.04057828701285	6.27985939867493	6.27985939867493	42.2935644671579
18310000	5.39562975210324	8.33883356934586	8.33883356934586	50.3220939065809
18320000	1.81873281147966	4.5075646717132	4.5075646717132	38.1564375768232
18330000	9.45962038136912	9.6899978942326	9.6899978942326	31.3730652649361
18340000	6.10939722377834	5.43086016421456	5.43086016421456	28.9448616426845
18350000	2.45634760725327	4.78626548172035	4.78626548172035	41.230800766949
18360000	3.1284158144038	5.82050667581654	5.82050667581654	43.9358331075664
18370000	2.04682640947345	3.79415448784732	3.79415448784732	39.807122115063
18380000	6.64287429137678	6.32863359079061	6.32863359079061	36.9241183325445
18390000	7.56212358219538	13.6241991177463	13.6241991177463	46.7352806427785
18400000	3.05540051833847	2.38674606949412	2.38674606949412	33.2933724686363
18410000	2.90722223853511	2.88293426131374	2.88293426131374	32.6501778310788
18420000	1.3595786113794	3.07493244442988	3.07493244442988	36.5645133180511
18430000	2.47187189003897	5.78041565655606	5.78041565655606	41.831088169607
18440000	9.10284013398876	2.85327680439708	2.85327680439708	25.581749457412
18450000	10.2725693792032	12.332649145237	12.332649145237	39.5929823231199
18460000	6.7127058954273	6.95931286073987	6.95931286073987	47.0838330564917
18470000	43.3843499967514	31.6795486954366	31.6795486954366	46.2626053326974
18480000	4.6846975807345	1.43126989700745	1.43126989700745	43.1905241907526
18490000	3.50635546235234	6.38049860591099	6.38049860591099	45.1716472694444
18500000	1.28711015114153	3.30750477255813	3.30750477255813	42.3514265894644
18510000	1.93081198124386	4.95476774880493	4.95476774880493	47.2685010093249
18520000	1.97941764139151	4.32239875553012	4.32239875553013	31.8816534975259
18530000	1.79344549284093	2.25185906647885	2.25185906647885	39.5711545946767
18540000	2.91274559984549	2.72143012600368	2.72143012600368	36.6564144345117
18550000	4.18193035496937	8.07909957098511	8.07909957098511	48.8027987385086
18560000	5.65957219545479	2.94894414985423	2.94894414985423	29.7793183374494
18570000	13.9724748313923	10.4930353748109	10.4930353748109	31.3238504436881
18580000	4.25144013861705	7.30979699904512	7.30979699904512	44.940608812665
18590000	5.14198662085545	10.0228021186753	10.0228021186753	41.2810973711347
18600000	9.12966227121601	11.0877665834817	11.0877665834817	31.5896393594405
18610000	11.7393318401425	11.4402672123582	11.4402672123582	31.3850682406825
18620000	6.46678167261619	10.4545439880751	10.4545439880751	45.4665886736976
18630000	1.17996386582182	3.82582306507493	3.82582306507493	44.8158237022195
18640000	2.3002288316138	8.87405207401485	8.87405207401485	62.4745845366797
18650000	1.87483336555939	4.8983030813525	4.8983030813525	49.1026871710911
18660000	6.66433041114304	7.75648260285373	7.75648260285374	37.1049594207217
18670000	6.31257835696318	10.0406423663989	10.0406423663989	43.4601497860278
18680000	17.9961782612361	8.95849467888742	8.95849467888742	33.6939818034757
18690000	12.2427854543236	13.2884321888363	13.2884321888363	39.4665736456313
18700000	3.85760089423487	7.14785958445562	7.14785958445562	42.6740618078505
18710000	6.34483349136204	6.81876823882445	6.81876823882446	48.2011779675978
18720000	3.39972235434245	5.2222179067954	5.2222179067954	54.8989692913611
18730000	8.49158636525803	13.2503975567937	13.2503975567937	50.4768331642192
18740000	14.7765177643187	18.607899542306	18.607899542306	48.1805921213931
18750000	7.51882673303335	10.5208505227065	10.5208505227065	41.1981181990658
18760000	5.80474489212139	8.2576712624817	8.2576712624817	39.0268496932451
18770000	6.33340352089927	2.89325991173934	2.89325991173934	38.4948147389085
18780000	7.3276111902808	12.3399008644045	12.3399008644045	38.3947888882905
18790000	5.98743197906862	11.3509608616376	11.3509608616376	37.0720150923108
18800000	2.60144563718947	7.57946169017609	7.5794616901761	57.6793068280494
18810000	3.92757419759247	9.08651574371043	9.08651574371042	39.4069322262824
18820000	5.248999757484	6.21294858144886	6.21294858144886	39.9275438959238
18830000	3.06742947257527	1.84096115693725	1.84096115693725	40.4351605652449
18840000	2.39473480788588	5.81937233365242	5.81937233365242	44.4887494652028
18850000	8.7639762758457	7.48075060951998	7.48075060951998	40.9139187651732
18860000	8.9709585330799	13.8110404037053	13.8110404037053	43.3851722899703
18870000	3.37056156629944	3.49533698087863	3.49533698087863	34.2633165733355
18880000	3.71560322784138	6.27781555619533	6.27781555619533	31.6312627550064
18890000	24.5338858017403	22.0017519271328	22.0017519271328	52.5597583766601
18900000	7.30791864286815	14.5181069519809	14.5181069519809	53.2772929704967
18910000	1.15414238391681	2.09547564188253	2.09547564188253	31.8605609810307
18920000	1.36388471052551	3.07961853802968	3.07961853802968	32.0095617574357
18930000	5.92383911397335	9.53570077533643	9.53570077533644	55.5371834044906
18940000	1.91731433563493	4.74305538166388	4.74305538166388	39.2224434734061
18950000	2.09021643198646	3.92863324577894	3.92863324577894	43.5575916238643
18960000	4.55292965541853	1.02829996727962	1.02829996727962	33.1020038026455
18970000	2.30994804080077	5.77546417066946	5.77546417066946	38.1809586787509
18980000	2.20426189769737	0.792986656011023	0.792986656011023	34.7633716137849
18990000	5.68340190317553	7.37377281234789	7.37377281234789	35.5226408561026
1.9e+07	10.8171479848651	14.6595171367076	14.6595171367076	40.864292640046
19010000	28.0268397574165	20.1366761499652	20.1366761499652	39.3660744721887
19020000	5.1653112026647	4.05306295827169	4.05306295827169	31.6162008274604
19030000	13.5624988897774	9.51819064056033	9.51819064056033	33.7106573596168
19040000	5.55264872041142	4.71827545033437	4.71827545033437	42.2771009706926
19050000	3.65732499467917	4.79025978669	4.79025978669	48.140358049577
19060000	3.23690277708664	5.76354452987509	5.76354452987509	51.4690339363144
19070000	2.62938875633957	4.59220861114697	4.59220861114697	51.0739500418537
19080000	2.85590477266774	11.0957918053124	11.0957918053124	87.1507847458874
19090000	4.59629707905706	4.90748015473498	4.90748015473498	27.9854398747982
19100000	6.49960103368429	8.5485671643684	8.5485671643684	39.942954296537
19110000	2.16635277541606	1.03385299517046	1.03385299517046	29.2692199921771
19120000	9.71089593918384	12.5548934636956	12.5548934636956	38.4627051049771
19130000	26.2067524753976	19.6783767983443	19.6783767983443	43.3370000921249
19140000	9.67328744016891	6.12744447694829	6.12744447694829	37.7574433471506
19150000	13.28230913317	10.1163518946433	10.1163518946433	42.617575810609
19160000	9.98312248305827	16.1184144355298	16.1184144355298	48.1057161903438
19170000	4.93677185958633	8.75106413288867	8.75106413288867	42.0653488242921
19180000	3.11045883238161	3.75665034327814	3.75665034327814	31.4640118333869
19190000	8.80978601286716	5.89603535028826	5.89603535028826	39.4540961188866
19200000	1.43102055423063	3.42141650837403	3.42141650837403	44.5203901064303
19210000	2.48856643042741	4.95904626289634	4.95904626289634	57.9268442934049
19220000	2.5314755900006	2.97470064053226	2.97470064053226	25.8988680773077
19230000	1.5488501640565	2.52412866730137	2.52412866730137	27.2657918169349
19240000	0.989384340412425	1.119148664491	1.119148664491	42.2147237997567
19250000	1.31430542613725	1.15898756347474	1.15898756347474	28.6112603851979
19260000	9.64738162415282	7.34069613033229	7.34069613033229	34.1663974193902
19270000	6.09770965930825	3.85904176948285	3.85904176948285	36.0928910132542
19280000	11.0611429409504	13.7020426718982	13.7020426718982	37.251206774436
19290000	3.90056134657742	4.29479568779751	4.29479568779751	33.5761024810467
19300000	7.95948584872642	11.4476163942938	11.4476163942938	44.8691429647834
19310000	3.3702884992538	6.49579661608306	6.49579661608306	36.8933285586642
19320000	6.18187473784364	11.720237771551	11.720237771551	46.2987972143035
19330000	4.39251324941767	4.9553487555059	4.9553487555059	30.8780780847998
19340000	2.54861699672154	4.42027407562301	4.42027407562301	36.6367268802013
19350000	4.19646112775816	6.48466514390752	6.48466514390752	41.0862141290244
19360000	1.48881653864693	3.73323019199334	3.73323019199334	40.0928884046468
19370000	2.85017574231517	6.57356352616677	6.57356352616677	41.7967258907978
19380000	6.05574321354722	9.62402396271049	9.62402396271049	41.7724984846008
19390000	7.80780634170808	10.1107584419662	10.1107584419662	38.2398195150993
19400000	5.01598871034959	3.8226800899818	3.8226800899818	31.2984381824714
19410000	7.55474104281714	8.98699106497811	8.98699106497811	38.8942699464144
19420000	16.7554643779238	14.1952455257868	14.1952455257868	32.5328628987132
19430000	11.5450570599083	14.7485298454747	14.7485298454747	42.771049432101
19440000	11.6002370079673	13.8221202382321	13.822120238232	42.1923926750817
19450000	7.72424402106161	12.5143632249673	12.5143632249673	47.0544357468129
19460000	1.19078455944407	2.70207395430804	2.70207395430804	44.3194188779334
19470000	2.3130476310398	3.3194623438397	3.3194623438397	38.0795601613819
19480000	3.59516553520583	10.1301775353905	10.1301775353905	53.8374618332077
19490000	8.21933384960839	9.5379458921257	9.5379458921257	32.8408711332489
19500000	21.5882669831036	19.2801521286135	19.2801521286135	51.5340609340848
19510000	12.0548770097385	8.39328270616975	8.39328270616975	26.1549393468019
19520000	19.0097220417464	15.693004351062	15.693004351062	28.5415877874983
19530000	4.83924012366821	9.5061625222252	9.5061625222252	48.2080203085456
19540000	5.89720108701135	8.17686036469072	8.17686036469072	50.8350720910846
19550000	7.42380994914445	10.6837151730789	10.6837151730789	38.738680163988
19560000	7.2578367177102	6.6765165681482	6.6765165681482	29.8509779280681
19570000	6.34399022148833	12.1631279292829	12.1631279292829	52.2310163666362
19580000	2.6361738469694	5.35461245943363	5.35461245943363	42.344301195049
19590000	5.34924343559961	11.8262247946094	11.8262247946094	44.3317248736026
19600000	3.89311109417594	2.99398686455886	2.99398686455886	37.4547161515405
19610000	1.89854273822866	3.72454557309298	3.72454557309298	30.8347084981441
19620000	3.4254117463933	5.5389961849316	5.5389961849316	41.9314016831703
19630000	2.49364210126268	5.76267114852006	5.76267114852006	36.4551825109003
19640000	4.20119157872066	3.81420117560112	3.81420117560112	33.2082047042603
19650000	11.2633811240957	8.76300507401332	8.76300507401332	29.8127721749892
19660000	10.4714068078696	15.6363971404319	15.6363971404319	45.673221441574
19670000	26.6071343929153	15.1475722112037	15.1475722112037	35.0028415320002
19680000	9.11940043406419	6.09096141796069	6.09096141796069	34.5577652526191
19690000	20.4048680113377	15.0348495230291	15.0348495230291	40.0329679844995
19700000	12.4724047161742	1.55910326789958	1.55910326789958	34.0135101158459
19710000	10.7038215559378	13.3034236170508	13.3034236170508	40.0859028433075
19720000	2.72101508946196	4.96947600695935	4.96947600695935	53.6772837788503
19730000	4.67345082799767	8.52241449200327	8.52241449200327	38.2613600221715
19740000	7.90596111267695	7.69477777201949	7.69477777201949	40.6540923587452
19750000	18.5427322711053	15.4017525747224	15.4017525747224	43.339228841133
19760000	5.35356654801211	11.2586859883915	11.2586859883915	48.60264584583
19770000	1.23294697855606	1.18794878843374	1.18794878843374	33.2456295401248
19780000	2.02264228849441	3.32703537762135	3.32703537762135	31.8000838925822
19790000	15.3400117177543	9.81171230185113	9.81171230185113	29.4767975028454
19800000	11.7034562326951	17.7974418262343	17.7974418262343	50.2813340789284
19810000	2.55489577268424	7.21202065282264	7.21202065282264	47.1367553374701
19820000	12.5916880589629	6.76984003127938	6.76984003127938	44.0093776635278
19830000	1.77916638503105	2.44360073299117	2.44360073299117	29.5974157904915
19840000	2.04587340734013	4.62551299638654	4.62551299638654	44.92813148038
19850000	2.87136879783777	9.16956760372164	9.16956760372164	49.2754845497005
19860000	2.54881830481504	2.46682129807054	2.46682129807054	39.5799476077199
19870000	9.15308279743815	10.743157618686	10.743157618686	38.2276478743361
19880000	2.56710511986013	5.82435666841315	5.82435666841315	37.5540804441618
19890000	1.70217908330536	4.12358883256727	4.12358883256727	31.8487792508978
19900000	2.30632537509928	4.94273950787005	4.94273950787005	47.3420928735099
19910000	0.764815019929752	2.46570692597978	2.46570692597978	27.8538199535578
19920000	4.38355901489653	5.81791300209694	5.81791300209694	43.457873065218
19930000	3.46714874082834	7.33986328951561	7.33986328951561	36.2562150151359
19940000	38.8290639504527	26.7403203367777	26.7403203367777	38.1754135886617
19950000	14.1319033350849	17.1509489966086	17.1509489966086	47.9681366492364
19960000	3.7215379882374	3.18648142137026	3.18648142137026	45.4473978843158
19970000	2.27604786422582	4.90559943868614	4.90559943868614	45.3435407676387
19980000	1.89277410254857	2.09215601578585	2.09215601578585	46.6659297222044
19990000	7.63714176300527	11.5760037222817	11.5760037222817	44.0343907494047
2e+07	7.22879578282943	5.94027185134298	5.94027185134298	35.5403101612284
20010000	2.72374628131357	6.09051973545244	6.09051973545244	34.4480375803828
20020000	1.48518443625941	3.79241296537606	3.79241296537606	31.3375265272879
20030000	6.50702678724619	4.83445062735049	4.83445062735049	27.6719673470409
20040000	4.18221648472697	6.42872381920528	6.42872381920528	32.6881869588286
20050000	2.19993119879659	1.52327859195305	1.52327859195305	37.4953322101509
20060000	1.33518987586985	2.92912876100878	2.92912876100878	31.2549921933806
20070000	3.44748768701308	4.52095595565058	4.52095595565058	55.1332474414942
20080000	8.49841080179543	9.60505741205459	9.60505741205459	50.2241812933824
20090000	11.4147681895685	12.1106221392171	12.1106221392171	32.5670404265869
20100000	7.13446427082269	9.8451861101297	9.8451861101297	39.6151880799387
20110000	6.3589740321591	5.30318412956906	5.30318412956906	47.7362044578707
20120000	1.54411285688444	3.00646325533186	3.00646325533186	38.6784330600147
20130000	1.74421197026531	3.1257619057126	3.1257619057126	35.9530018064368
20140000	1.7443607617078	3.06682561885235	3.06682561885235	48.6268815295832
20150000	9.79524909792721	8.53293091040555	8.53293091040555	31.4941569038439
20160000	13.7264139176708	16.20669134366	16.20669134366	44.269287776148
20170000	1.78435991240667	4.17306407290119	4.17306407290119	35.3329444005736
20180000	6.1542179628622	11.3233083717724	11.3233083717724	42.8406429304133
20190000	2.50172809174622	5.60375381661699	5.60375381661699	40.7020502006913
20200000	5.91034947349486	6.59762544638616	6.59762544638616	30.0448343571831
20210000	3.43302690360498	5.46061624608157	5.46061624608157	38.3831320811614
20220000	5.00774236720653	8.186696968867	8.186696968867	42.101865188035
20230000	1.37017891536971	-0.131120441199013	-0.131120441199013	47.4474079625182
20240000	8.21431137856059	9.97665701160632	9.97665701160632	43.6764968005607
20250000	2.25464932419883	6.34912644096768	6.34912644096768	60.8688853753084
20260000	3.09801813186048	5.2053916198841	5.2053916198841	34.0542161957849
20270000	8.79793193417763	8.01608979603512	8.01608979603512	34.8195335611856
20280000	2.49043969176681	6.27095551923692	6.27095551923692	47.9410594428741
20290000	10.4808429199996	9.75504372591511	9.75504372591511	41.2148305465898
20300000	1.80694309108581	1.70126298804318	1.70126298804318	34.6954736907458
20310000	1.51034325614183	1.45687867803062	1.45687867803062	27.6297039048993
20320000	0.999086988789903	1.64429544892653	1.64429544892653	35.4397220652238
20330000	1.25199108168251	3.2847168571636	3.2847168571636	37.1936076036792
20340000	3.03889129735171	5.32109808819948	5.32109808819948	44.2986407381204
20350000	17.7522791488604	9.196453322634	9.19645332263399	47.3698833902491
20360000	71.5070650851774	49.4777455056289	49.4777455056289	63.3838616609676
20370000	13.3653366677324	11.1573581721931	11.1573581721931	29.7128195055329
20380000	9.04218936638539	7.01987996050619	7.01987996050619	34.9114665585383
20390000	6.22051165910595	12.7911985148771	12.7911985148771	50.8306518004316
20400000	3.66668243049963	2.07007597309548	2.07007597309548	44.1614722366973
20410000	4.23648142337437	10.8700380670729	10.8700380670729	58.1713351525726
20420000	5.05079640232795	8.11172268187822	8.11172268187822	35.1784061693167
20430000	3.38856427023192	7.77975984215295	7.77975984215295	50.8207337726274
20440000	2.01583644088071	2.51113028727143	2.51113028727143	43.0864651119593
20450000	8.91621982581017	11.4206517286922	11.4206517286922	44.4007536078742
20460000	27.2079617519271	15.7390544010885	15.7390544010885	45.9037082476779
20470000	39.4753691211751	13.6782368585466	13.6782368585466	35.0987035898885
20480000	4.05644562722199	5.11234160294313	5.11234160294313	39.4670460629013
20490000	2.5115070106055	4.28634925048744	4.28634925048744	35.3561848743912
20500000	5.71544452671135	8.43864650396454	8.43864650396454	42.6000186678409
20510000	2.40931994914945	4.32297424452145	4.32297424452145	33.1518245452851
20520000	1.69667616030133	4.93028815424836	4.93028815424836	44.4937245055923
20530000	12.6958469432841	22.1315636048608	22.1315636048608	55.2636817500912
20540000	4.42111617868858	3.68547046027456	3.68547046027456	30.8908008685266
20550000	3.73119523589788	9.36237950421255	9.36237950421255	42.8509845763602
20560000	1.94988456806475	5.28964809146261	5.28964809146261	42.6286284700385
20570000	1.46098834804007	2.18202194191375	2.18202194191375	35.3955973974153
20580000	0.986272128794304	0.522653413870192	0.522653413870192	38.7301110702633
20590000	7.0598129679893	6.14825522011283	6.14825522011283	37.6250612035814
20600000	14.2220242098669	18.2178391207933	18.2178391207933	44.6503592825913
20610000	6.21345728674916	7.21561537736311	7.21561537736311	30.2391474886332
20620000	6.55581643393846	8.61691919105435	8.61691919105435	35.0338895483746
20630000	2.04823826793167	7.5247212815829	7.5247212815829	51.4475101994385
20640000	2.50438634698301	6.79380953739308	6.79380953739308	56.4710857754397
20650000	2.7227950762818	5.18822897266795	5.18822897266796	44.1314295365328
20660000	2.63480163976942	3.80683708476978	3.80683708476978	34.5969870230643
20670000	1.97908916952273	4.10094551087047	4.10094551087047	29.4956097468522
20680000	3.82813249250626	-0.722839279543429	-0.722839279543429	42.9994572424673
20690000	6.93925612013385	3.13428926690763	3.13428926690763	28.6327873774013
20700000	14.0134792121207	14.9743502625246	14.9743502625246	44.1067344470614
20710000	4.91493854054137	6.68826031125242	6.68826031125242	40.6151440532377
20720000	8.10123325618729	7.53859340816069	7.53859340816069	39.9377100484816
20730000	23.4357730334733	18.9180426983527	18.9180426983527	37.5260644857497
20740000	5.21903888336248	3.81113846300619	3.81113846300619	35.2610514724172
20750000	8.78508911035795	9.11126287478601	9.11126287478601	27.8348470102718
20760000	14.4246581380344	16.2377559783493	16.2377559783493	43.3757795643774
20770000	4.24007040242563	6.93156129976547	6.93156129976547	32.7141429152388
20780000	3.17630802135274	2.80442062481656	2.80442062481656	37.9407234346052
20790000	15.1141545748361	7.10610726860306	7.10610726860306	27.5468282503346
20800000	1.9210509202476	1.21136073950072	1.21136073950072	44.1885053841024
20810000	5.74651944777431	-0.940434868405291	-0.940434868405291	29.8929872320394
20820000	3.97917893863393	7.52513481432522	7.52513481432522	42.0815225293609
20830000	5.81903521882134	6.55863451235834	6.55863451235834	36.1754112287393
20840000	4.49472371402197	5.66277284352257	5.66277284352257	41.5531725540407
20850000	0.915803516651503	1.54621268598264	1.54621268598264	29.9787704668965
20860000	1.83201619979805	2.93970502456537	2.93970502456537	26.9755479582698
20870000	2.89280543868794	6.61845482628524	6.61845482628524	45.2490923487921
20880000	8.21835674675346	10.9323525060753	10.9323525060753	45.7280393392047
20890000	3.57627031107504	6.83647360920747	6.83647360920747	47.0852801301267
20900000	1.76733257244662	3.82777274338964	3.82777274338964	40.0719475232595
20910000	2.13804126482575	3.62990431107383	3.62990431107383	29.3260869751593
20920000	3.86020948975848	6.37879064420507	6.37879064420507	34.2317108598677
20930000	3.4669738442971	7.51502545270278	7.51502545270278	35.8218262105279
20940000	1.90532398316532	2.79048129816266	2.79048129816266	33.4971394708194
20950000	2.88679391840247	9.03008614888205	9.03008614888205	53.7629134580825
20960000	3.01266609153773	4.6872975699952	4.6872975699952	35.9841280687346
20970000	1.77298670835129	3.02283553490051	3.02283553490051	41.9191384521098
20980000	1.3918545886577	3.32279181676223	3.32279181676223	35.5396453579901
20990000	5.06821102494893	4.25256162768734	4.25256162768734	35.5453257152459
2.1e+07	1.829807640073	4.14615698976228	4.14615698976228	42.6711959873829
21010000	2.36708669615318	5.62003901627669	5.62003901627669	40.6047685101522
