# BEAST v10.5.0
# Generated Wed May 13 09:02:05 PDT 2026 [seed=1778688093875]
# -window -working -options
state	posterior	prior	likelihood	precisionMatrix11	precisionMatrix12	precisionMatrix13	precisionMatrix21	precisionMatrix22	precisionMatrix23	precisionMatrix31	precisionMatrix32	precisionMatrix33
0	-276.12216177225923	3.6393376519144516	-279.7614994241737	0.05	0.0	0.0	0.0	0.05	0.0	0.0	0.0	0.05
10000	-176.531254328894	2.465165138069887	-178.99641946696389	0.325590765274669	4.016714396820155E-4	0.05769222630147776	4.016714396820155E-4	0.017032235306213773	-0.003570355376132822	0.05769222630147776	-0.003570355376132822	0.03461112527877075
20000	-184.35669914199386	2.5880987398165134	-186.94479788181036	0.2369568896095804	-0.007576115746061235	0.043800348762954334	-0.007576115746061235	0.01888972581199342	-0.0074166023573898	0.043800348762954334	-0.0074166023573898	0.02552409198840623
30000	-176.31651146277864	2.1607232106472263	-178.47723467342587	0.38014511769883025	-0.019896509537948505	0.05661365208676366	-0.019896509537948505	0.020633121648244067	-0.006337725135071783	0.05661365208676366	-0.006337725135071783	0.025840309122871136
40000	-160.92585937223197	1.106001707959297	-162.03186108019128	0.5919702822429397	0.010062284741712915	0.053025836735887885	0.010062284741712915	0.0168113417101912	-0.003998203713606416	0.053025836735887885	-0.003998203713606416	0.017509921669889947
50000	-159.043787374178	0.771958000304747	-159.81574537448276	0.7283773127306804	0.003953998501476925	0.06387290766274649	0.003953998501476925	0.014144529063365588	3.222919507345559E-5	0.06387290766274649	3.222919507345559E-5	0.023585653699050555
60000	-156.8673321883326	-0.19839742704156116	-156.66893476129104	0.9291015005356039	0.0012362869499552395	0.10763687662938896	0.0012362869499552395	0.017219023407026454	-0.00260925012849686	0.10763687662938896	-0.00260925012849686	0.03046463356285299
70000	-192.6975092215283	2.4905001981855914	-195.1880094197139	0.30032113372016667	-0.0018846155206585927	0.04708070425618757	-0.0018846155206585927	0.013172680300623069	0.002080194552799182	0.04708070425618757	0.002080194552799182	0.024420135540674986
80000	-171.2892332992569	1.7843346844696146	-173.07356798372652	0.515820717437317	0.03028372961914266	0.06520767824285406	0.03028372961914266	0.021218893576447267	0.00433792897933981	0.06520767824285406	0.00433792897933981	0.022648422613058453
90000	-153.08945061175535	-0.2269954068040465	-152.86245520495132	1.0053864416235987	0.04693705787256628	0.1433122234378002	0.04693705787256628	0.020015194589542543	0.006937227530429418	0.1433122234378002	0.006937227530429418	0.039594207935204614
100000	-181.0437755264199	1.8546863852523745	-182.89846191167226	0.5086967054959968	0.01859369800646112	0.09818542561414037	0.01859369800646112	0.018041202883246624	-0.0035686175345012888	0.09818542561414037	-0.0035686175345012888	0.0373509149338385
110000	-153.8171919793578	0.6688939775594385	-154.48608595691724	0.8438778196776808	0.020944162281609006	0.11087693570467379	0.020944162281609006	0.0211843911345988	-0.00346813864670482	0.11087693570467379	-0.00346813864670482	0.036793951645894656
120000	-159.97634153505987	1.6742193905292937	-161.65056092558916	0.6335064000708887	0.02325062538429577	0.06926779953278146	0.02325062538429577	0.01732078037071798	3.824542818164187E-4	0.06926779953278146	3.824542818164187E-4	0.0273759803761734
130000	-164.30016049434656	1.9965567893254645	-166.29671728367202	0.5073851167260935	-0.009893473442863721	0.08941763424861753	-0.009893473442863721	0.016468461203905414	-0.005380467646458203	0.08941763424861753	-0.005380467646458203	0.03578891583432917
140000	-147.55304684722572	0.5446152669002217	-148.09766211412594	0.865853102990442	0.0010557432274640923	0.14062347707594747	0.0010557432274640923	0.0161725801527009	-0.003028666188743109	0.14062347707594747	-0.003028666188743109	0.04091805040844728
150000	-130.66052144268298	-4.083721009477538	-126.57680043320545	1.8315408167904792	0.0592560896075951	0.08186349552118335	0.0592560896075951	0.02060498031036374	7.172184771231816E-4	0.08186349552118335	7.172184771231816E-4	0.01958879743389361
160000	-164.8131934231685	1.8834005606588602	-166.69659398382737	0.4948256089353828	-0.012652419956300799	0.09210811452165532	-0.012652419956300799	0.019467883912219694	-0.004482840674301408	0.09210811452165532	-0.004482840674301408	0.03277577912741886
170000	-161.67646183187776	1.134979798244292	-162.81144163012206	0.6335325684359405	0.0039446392692298665	0.065244164582271	0.0039446392692298665	0.015185566878601163	-0.0037626561376600453	0.065244164582271	-0.0037626561376600453	0.02069111342845724
180000	-178.53497692318038	2.191338576026993	-180.72631549920737	0.3867105393026477	-0.007552375103819392	0.029432839269179105	-0.007552375103819392	0.014761484638958045	-0.0018725244507822227	0.029432839269179105	-0.0018725244507822227	0.01875683512360581
190000	-182.729158603361	2.5705606054760013	-185.299719208837	0.22571208684141045	0.008192842859606529	0.06539951038722035	0.008192842859606529	0.013829381546958166	0.0028718358608354542	0.06539951038722035	0.0028718358608354542	0.03456724003559157
200000	-207.11372780676388	3.033002043870934	-210.1467298506348	0.15071475018318653	0.012284114734563745	0.06252265504706421	0.012284114734563745	0.022304117821742204	0.003367217632076946	0.06252265504706421	0.003367217632076946	0.04430881945313292
210000	-200.40760070023518	2.9219546025183796	-203.32955530275356	0.1790091656031562	-0.02048833996471682	0.03925286317738411	-0.02048833996471682	0.020048351670017124	-0.004198837280888355	0.03925286317738411	-0.004198837280888355	0.022447930696367933
220000	-165.01063709358627	0.7301722933039128	-165.7408093868902	0.7138451375633287	-0.010118454069366681	0.12325770681840657	-0.010118454069366681	0.01012973187735785	-0.004858463040265903	0.12325770681840657	-0.004858463040265903	0.04435267214429779
230000	-171.25095638898887	1.7309939319675083	-172.98195032095637	0.5380635156423057	-0.020093453985237517	0.07931849101227156	-0.020093453985237517	0.014144844905535758	-0.004490881305748438	0.07931849101227156	-0.004490881305748438	0.029146111801369036
240000	-176.18891747482385	1.7715369299789994	-177.96045440480285	0.4413111309591789	0.029575311264962316	0.09774752706453536	0.029575311264962316	0.013202137109777516	0.007469343744684776	0.09774752706453536	0.007469343744684776	0.0391114771954459
250000	-199.15796936699277	2.778019808825153	-201.93598917581792	0.2024595458979028	3.6401842636491063E-4	0.047982728860010856	3.6401842636491063E-4	0.021910478694934628	-0.002237612674673859	0.047982728860010856	-0.002237612674673859	0.02936598493675801
260000	-173.1513063329385	2.0389683019220186	-175.19027463486051	0.3563714909050385	0.01940892217074019	0.05748464446928942	0.01940892217074019	0.014817714559644635	0.0023112282576143047	0.05748464446928942	0.0023112282576143047	0.02582048220673102
270000	-186.84713738265123	2.6554532655627634	-189.50259064821398	0.316856104784672	-0.0019208840850313978	0.07752153909971773	-0.0019208840850313978	0.024017185589347952	-5.02971649972497E-4	0.07752153909971773	-5.02971649972497E-4	0.04018687960808841
280000	-207.39613291555034	3.1030751452431775	-210.4992080607935	0.10113285689739838	-0.018305498036518642	0.03201940464708878	-0.018305498036518642	0.016528317476959344	-0.006569275881837374	0.03201940464708878	-0.006569275881837374	0.031271492460875204
290000	-194.7780060268237	2.7548514301940052	-197.5328574570177	0.20717720778750137	0.012031033678117	0.039981172871403736	0.012031033678117	0.011363144440915865	-6.006069047842007E-4	0.039981172871403736	-6.006069047842007E-4	0.026626362631991904
300000	-150.2359678523392	-0.21875220980952648	-150.01721564252966	0.9486294367598028	-0.04587775573441471	0.1250082866845013	-0.04587775573441471	0.01593863558942672	-0.008027352439749356	0.1250082866845013	-0.008027352439749356	0.03491385931279635
310000	-172.63756457227063	2.116982702443275	-174.7545472747139	0.4329412846858105	0.036178946464748694	0.03137330848692138	0.036178946464748694	0.021745628917734544	0.0028647423884249684	0.03137330848692138	0.0028647423884249684	0.024356532608359564
320000	-172.43734651757066	1.6908375463638734	-174.12818406393453	0.46224480250315314	0.013000822116712865	0.07517141332545935	0.013000822116712865	0.012721618024637883	0.002110827465551555	0.07517141332545935	0.002110827465551555	0.03331715007032431
330000	-171.64885577352553	1.4800433623076352	-173.12889913583317	0.4482610033331403	0.007142818230206843	0.053339321442612456	0.007142818230206843	0.013105446431692737	-0.001563182187306015	0.053339321442612456	-0.001563182187306015	0.019370432658839344
340000	-163.1277184496744	0.264941825882671	-163.39266027555706	0.7758908640328354	-4.539860785968008E-4	0.07184950344355412	-4.539860785968008E-4	0.01875444959880504	-0.004714967569636822	0.07184950344355412	-0.004714967569636822	0.023592961142604323
350000	-174.83006838933824	1.8963343313309875	-176.72640272066923	0.3899012788285474	0.013862088912457446	0.048420563896722515	0.013862088912457446	0.021185035059223895	-0.0013979260034161214	0.048420563896722515	-0.0013979260034161214	0.020757787863182022
360000	-157.5015804131836	0.26859220685690355	-157.7701726200405	0.7068490144704855	-0.015240370152495722	0.08060890840764628	-0.015240370152495722	0.009974228136648416	-0.0063246568104103765	0.08060890840764628	-0.0063246568104103765	0.02478614859909354
370000	-147.27451845578048	-1.6864353226919206	-145.58808313308856	1.2514646060880708	-0.003907482600375237	0.10825729844349712	-0.003907482600375237	0.01891351477860868	-0.0028845259610827366	0.10825729844349712	-0.0028845259610827366	0.027814575639498705
380000	-181.16023272225718	1.9535478655246439	-183.11378058778183	0.3802832055305954	0.022364759673729296	0.04835214601858283	0.022364759673729296	0.014791039908963206	0.0015711604781236364	0.04835214601858283	0.0015711604781236364	0.02640157398149033
390000	-177.92015293960233	2.213054128007241	-180.13320706760956	0.33719149540447546	0.041577552898004286	0.043651340519173694	0.041577552898004286	0.021745428913231606	0.005202559063280891	0.043651340519173694	0.005202559063280891	0.02619393689430243
400000	-171.16179453905292	2.0753175203851413	-173.23711205943806	0.3505344898958771	0.030433035926147208	0.07279412562854859	0.030433035926147208	0.019159163512440326	0.004489922294010122	0.07279412562854859	0.004489922294010122	0.03259064830479712
410000	-187.03851910962825	2.6426868164337955	-189.68120592606206	0.16310320461537509	0.00820389617402382	0.029458335009273154	0.00820389617402382	0.019811371783382062	-0.00542340607603871	0.029458335009273154	-0.00542340607603871	0.0218358057158251
420000	-142.07434269326345	-1.3548147337845942	-140.71952795947885	1.1782914438911154	0.013001599408052521	0.11082627669504114	0.013001599408052521	0.02259550793356955	-0.0017091459545245384	0.11082627669504114	-0.0017091459545245384	0.029620735517543798
430000	-158.0358074903887	0.7846946383080264	-158.82050212869672	0.6792205715660506	-0.024028945666646574	0.07771214108962694	-0.024028945666646574	0.021201770444498596	-0.0056997355344132195	0.07771214108962694	-0.0056997355344132195	0.026552083911804827
440000	-169.9983942985763	0.8019073608711587	-170.80030165944746	0.604872145195698	0.007580655910996958	0.13909583373318773	0.007580655910996958	0.016151731625234693	-5.221060120289369E-4	0.13909583373318773	-5.221060120289369E-4	0.047677158986726635
450000	-154.86854256443502	-1.1349611079286066	-153.7335814565064	0.9984960529417571	0.016912610920154468	0.15015162734251036	0.016912610920154468	0.015802871044745044	8.522849539755459E-4	0.15015162734251036	8.522849539755459E-4	0.037671290232950294
460000	-178.13871315332662	1.4240849399276385	-179.56279809325426	0.4094251468359919	-0.005863633826800769	0.06627747319473529	-0.005863633826800769	0.020560435199169926	-0.0052849255502974675	0.06627747319473529	-0.0052849255502974675	0.03062612117922156
470000	-172.8326014441664	1.3402166365472574	-174.17281808071365	0.4560054113021578	0.005004524393674779	0.03450562479885495	0.005004524393674779	0.017440305481283818	-3.686346389978446E-5	0.03450562479885495	-3.686346389978446E-5	0.02319256590367075
480000	-177.7586614843637	1.2799278635741596	-179.03858934793786	0.44104229392529576	0.03144544371574922	0.11377440434218883	0.03144544371574922	0.019336665817619364	0.008256946596938545	0.11377440434218883	0.008256946596938545	0.049411736392086555
490000	-182.7389669050921	1.602410370657707	-184.3413772757498	0.3597835968431072	-0.05350535395583429	0.0770619175870862	-0.05350535395583429	0.031215759402633325	-0.013313979000567362	0.0770619175870862	-0.013313979000567362	0.03572342031661402
500000	-173.75305150733223	1.4705430587393913	-175.22359456607163	0.2954837502761996	0.011914183472576532	0.04437805006971588	0.011914183472576532	0.021774717118947556	0.0021713082498895147	0.04437805006971588	0.0021713082498895147	0.02326909057263259
510000	-157.2318434081545	-0.41512130901485955	-156.81672209913964	0.7413515754433766	0.030125781179237057	0.0638781128916656	0.030125781179237057	0.015900341107036614	0.0018021943899464061	0.0638781128916656	0.0018021943899464061	0.02682709677345005
520000	-174.18041855359138	0.6269152296170639	-174.80733378320843	0.44491339604971053	0.02080217803317346	0.06927108047231888	0.02080217803317346	0.013712694054883665	-0.003891393330645036	0.06927108047231888	-0.003891393330645036	0.0277155103978479
530000	-208.84694659141377	1.793207555346637	-210.6401541467604	0.1503689510691625	0.019420972055681787	0.013138713167876934	0.019420972055681787	0.01392015096162292	-0.0014571156895924167	0.013138713167876934	-0.0014571156895924167	0.02407940697632675
540000	-222.3192659460935	1.952862002223294	-224.2721279483168	0.06600310181625271	-0.016300082235928378	0.030452986821776985	-0.016300082235928378	0.023255326563642986	-0.012224181427695595	0.030452986821776985	-0.012224181427695595	0.031240728819036282
550000	-242.7656565646708	1.8968485590131063	-244.6625051236839	0.04787404828621034	-0.004590215324561129	0.017900970800356884	-0.004590215324561129	0.023553846664886545	-7.541298963611857E-4	0.017900970800356884	-7.541298963611857E-4	0.02012054941938994
560000	-195.44918604858182	1.66551467543353	-197.11470072401536	0.23256622704135457	0.013802862405603336	0.07696727161168614	0.013802862405603336	0.017527107469358927	0.002704658205279602	0.07696727161168614	0.002704658205279602	0.042326425999139036
570000	-182.05502675498124	1.3111174970069235	-183.36614425198817	0.39906430327061676	0.010929312609292906	0.07443909571865749	0.010929312609292906	0.017371752242812174	0.0018730091786249904	0.07443909571865749	0.0018730091786249904	0.032117645151651206
580000	-165.11740160594616	0.39019505435280166	-165.50759666029896	0.5862378487662453	0.027594475792709267	0.12395623429992006	0.027594475792709267	0.01732294779481009	0.004029513212774808	0.12395623429992006	0.004029513212774808	0.04481863588229001
590000	-151.87864337468875	-3.41430492266952	-148.46433845201923	1.4164671135673568	-0.013937228661105323	0.1868067399147103	-0.013937228661105323	0.01784386973096207	-0.0029381595484583257	0.1868067399147103	-0.0029381595484583257	0.03455522333850097
600000	-146.73058057123848	-2.222290774513721	-144.50828979672477	1.229323577639804	0.05220470495340992	0.1411900641455598	0.05220470495340992	0.01818929943220585	0.00503293602348118	0.1411900641455598	0.00503293602348118	0.03186647048136485
610000	-167.75682682679107	1.1692032321656844	-168.92603005895674	0.5360550913348496	6.165412583494076E-4	0.06048718562494827	6.165412583494076E-4	0.02400448677552609	-8.007471269350798E-4	0.06048718562494827	-8.007471269350798E-4	0.028100618582835635
620000	-194.42548042273344	1.9797972422840844	-196.40527766501754	0.2601190131880303	-0.012559370304514313	0.05403213190088951	-0.012559370304514313	0.013224951967135773	-0.0021097898807365106	0.05403213190088951	-0.0021097898807365106	0.03192780560572191
630000	-171.96538249696354	1.0199253989209112	-172.98530789588446	0.43312952051976084	0.002846600309422758	0.03452028221371936	0.002846600309422758	0.014672049431702196	-0.002080020950310788	0.03452028221371936	-0.002080020950310788	0.0173594398379491
640000	-169.83713841835717	1.4274209580862385	-171.2645593764434	0.40333022198855106	0.006258309148372594	0.04921299609195663	0.006258309148372594	0.02191062808619677	0.0012958192569920211	0.04921299609195663	0.0012958192569920211	0.022330442155929088
650000	-181.66707637429994	1.750881547170711	-183.41795792147065	0.30479716722860595	0.0260569331774404	0.035837831675188885	0.0260569331774404	0.025444989890407298	-6.688532953404752E-4	0.035837831675188885	-6.688532953404752E-4	0.03032225792891844
660000	-217.99235507352415	1.800174444923519	-219.79252951844768	0.09458860962738505	0.010134307443389723	0.01392939214581424	0.010134307443389723	0.02122220354283548	-0.006525035684056814	0.01392939214581424	-0.006525035684056814	0.018972238325667447
670000	-169.87074650046537	-0.0842989333752282	-169.78644756709014	0.6356281584515153	-0.003782862071944777	0.13631290905030757	-0.003782862071944777	0.022658515304089338	-0.0048343931825882425	0.13631290905030757	-0.0048343931825882425	0.04216477732647074
680000	-159.7640284556292	-2.761568439447085	-157.0024600161821	1.2800584334347895	0.003084431361547142	0.09821523870993404	0.003084431361547142	0.012187171524717752	1.3961704460123007E-4	0.09821523870993404	1.3961704460123007E-4	0.031542531822740534
690000	-191.56104178137952	1.5913265365866867	-193.1523683179662	0.28181046971691315	0.012130442583379145	0.04714522957777412	0.012130442583379145	0.01905912556460736	-0.0012557087428007709	0.04714522957777412	-0.0012557087428007709	0.025883967539780513
700000	-164.69402320367342	0.06209391143737042	-164.75611711511078	0.6666568242234995	-0.015703506743971793	0.1212340311988297	-0.015703506743971793	0.014910411787029265	-0.007004353896410718	0.1212340311988297	-0.007004353896410718	0.040653361199380955
710000	-192.53968423565445	1.9241234562778833	-194.46380769193235	0.19161065059359747	-0.007594293109038185	0.034172653573903776	-0.007594293109038185	0.02195466513026032	-0.0011890463719863922	0.034172653573903776	-0.0011890463719863922	0.017716963095341723
720000	-159.50998304219922	-0.2342826763815511	-159.27570036581767	0.7428507575725423	0.05178482246257615	0.11161183818567236	0.05178482246257615	0.019704704224459905	0.004752337846038948	0.11161183818567236	0.004752337846038948	0.03228694432658555
730000	-166.9274115174382	0.5513207249851702	-167.47873224242338	0.6138082929573662	-0.014692849086774831	0.07351033173399184	-0.014692849086774831	0.02446504174699115	-0.004272586451204426	0.07351033173399184	-0.004272586451204426	0.027135200204864707
740000	-194.16506147948346	1.7387681792091603	-195.90382965869262	0.26280898943776676	0.007415535156832375	0.03228453308561699	0.007415535156832375	0.013109246638927501	0.00718377404793212	0.03228453308561699	0.00718377404793212	0.022755335679447403
750000	-164.64642625344487	1.1232704861491656	-165.76969673959402	0.4889214240525336	-0.02718689959459578	0.06859693693887349	-0.02718689959459578	0.026146158353670696	-0.007630888408827297	0.06859693693887349	-0.007630888408827297	0.025573417023365512
760000	-200.14955420242148	2.0129692477346284	-202.1625234501561	0.23634481257689022	0.008232811215978927	0.057119731927103075	0.008232811215978927	0.020185459772465844	-8.445707475620615E-4	0.057119731927103075	-8.445707475620615E-4	0.03455718759016483
770000	-148.2653394174963	-1.7279208257157195	-146.53741859178058	1.128143279329229	-0.012056029123979649	0.12048294531935622	-0.012056029123979649	0.021119486421534172	-0.007411840859276886	0.12048294531935622	-0.007411840859276886	0.02872947019184082
780000	-172.85414268091225	1.2793630088501784	-174.13350568976242	0.5273437456237137	-0.015726677435739318	0.06619230142192926	-0.015726677435739318	0.021432492236626396	-0.0030165134779257786	0.06619230142192926	-0.0030165134779257786	0.027742650897095798
790000	-164.2439762590627	-1.1115602938909372	-163.13241596517176	1.077192450138699	0.023227421090990557	0.08723709682190933	0.023227421090990557	0.020666554596497536	-0.0019445862143599162	0.08723709682190933	-0.0019445862143599162	0.025066696161279396
800000	-159.00252374672684	0.0561498949907584	-159.0586736417176	0.8336551773725828	-0.005158671851701891	0.08604079743786447	-0.005158671851701891	0.01847019767595686	-0.0061806075247628975	0.08604079743786447	-0.0061806075247628975	0.030329992264227536
810000	-198.95593417061428	2.446993798749877	-201.40292796936416	0.14032191718552034	0.002751603982602053	0.034249247729998475	0.002751603982602053	0.012773758520574396	0.0017090192920428467	0.034249247729998475	0.0017090192920428467	0.02760836040150325
820000	-169.82790691725697	1.6414969374630108	-171.46940385471999	0.45189059095107537	-0.0039029648060377653	0.06988073361133625	-0.0039029648060377653	0.019264697356035834	-0.0051804394010789455	0.06988073361133625	-0.0051804394010789455	0.030676153856078466
830000	-158.10183360438225	0.17402628115598962	-158.27585988553824	0.8124654791238458	0.02312855748428298	0.08347423385734186	0.02312855748428298	0.022237430027585763	6.616959649205409E-4	0.08347423385734186	6.616959649205409E-4	0.02923518675526357
840000	-227.28732962625378	2.300275899457186	-229.58760552571096	0.04330714765296511	0.0044762797502496884	0.01992322543222225	0.0044762797502496884	0.019289021762171923	-0.0019930372804502394	0.01992322543222225	-0.0019930372804502394	0.02478076166003171
850000	-182.78162617968565	1.655577137317652	-184.4372033170033	0.39938622547405184	0.027013568362071853	0.06826106439830482	0.027013568362071853	0.016540160929549675	0.003562736551523255	0.06826106439830482	0.003562736551523255	0.03161820149845941
860000	-200.7976573019248	2.1204542256702554	-202.91811152759504	0.25894304039879784	0.017303878910399806	0.04723730959851011	0.017303878910399806	0.02578447606987641	-0.0011603496554093203	0.04723730959851011	-0.0011603496554093203	0.021323526581356812
870000	-176.73946699585275	0.7700155986872916	-177.50948259454003	0.5688613112524035	0.04113568687106236	0.0799314059190082	0.04113568687106236	0.0196809657159604	0.0055174712681907	0.0799314059190082	0.0055174712681907	0.022280700832958612
880000	-190.85478709732567	1.784958476397056	-192.63974557372273	0.3449280024566663	-0.018899566501236455	0.08422687824374679	-0.018899566501236455	0.022835252911496483	-0.007064529116169057	0.08422687824374679	-0.007064529116169057	0.03651477922321691
890000	-143.57125046108737	-1.7002565480188183	-141.87099391306856	1.1600097647541905	0.005996640300729754	0.10427413056847798	0.005996640300729754	0.01601735076850105	0.002134755060053998	0.10427413056847798	0.002134755060053998	0.025224085731441935
900000	-175.85184815831335	1.2632921363765326	-177.11514029468987	0.47364019776231975	-0.011462929265221824	0.08574960534247487	-0.011462929265221824	0.017915465273335245	-0.003438582933375887	0.08574960534247487	-0.003438582933375887	0.030889969878695855
910000	-164.71395571243005	1.6342220161921364	-166.34817772862218	0.41368623850663294	0.007302574564433342	0.04594678738042958	0.007302574564433342	0.021262899197359887	-0.003681294766812222	0.04594678738042958	-0.003681294766812222	0.02570726645472607
920000	-143.20148740763588	-1.4192774162214858	-141.7822099914144	1.119039152700742	0.00880061251552031	0.12406313296154657	0.00880061251552031	0.017252114504526336	-0.003507583490085087	0.12406313296154657	-0.003507583490085087	0.03237449317673414
930000	-166.6165253820944	0.4902556208641369	-167.10678100295854	0.6976939056626195	-0.015280052334335858	0.06971727108682628	-0.015280052334335858	0.0225214633137117	-0.0032854936191810454	0.06971727108682628	-0.0032854936191810454	0.023486248711216205
940000	-181.11736435154307	2.1319227528917617	-183.24928710443484	0.2718354269388507	7.833626866207282E-4	0.04363724435666777	7.833626866207282E-4	0.01995548278896773	-0.001235522778815174	0.04363724435666777	-0.001235522778815174	0.022542188307538437
950000	-176.37950918733736	1.7083384665646246	-178.08784765390197	0.35680054893250274	-0.004032754317678966	0.06996616221155448	-0.004032754317678966	0.015245623278526759	-0.003754236197235951	0.06996616221155448	-0.003754236197235951	0.028607711571102083
960000	-203.27340419006345	2.495272072151906	-205.76867626221537	0.14886295207259462	0.004856699937485229	0.038494581672644454	0.004856699937485229	0.013986297654198643	-1.4828398609047894E-4	0.038494581672644454	-1.4828398609047894E-4	0.02814730423970745
970000	-195.847896362351	2.3414396045167165	-198.18933596686773	0.2496838224166992	0.028717544790172828	0.0418952436115737	0.028717544790172828	0.022106089227476335	5.433433568292709E-4	0.0418952436115737	5.433433568292709E-4	0.024735923295682086
980000	-197.23953471153385	2.3904048929370125	-199.62993960447085	0.17471293113136405	-0.003180026680039549	0.027233994697403993	-0.003180026680039549	0.020327367694112114	-0.0032322376850324464	0.027233994697403993	-0.0032322376850324464	0.02258775449582871
990000	-212.08976367983587	2.244232985373908	-214.33399666520978	0.09158940450704187	0.0012490631836851434	0.024246272244735006	0.0012490631836851434	0.010755614388108455	0.001665442224155845	0.024246272244735006	0.001665442224155845	0.025705178959873447
1000000	-209.98426020136054	2.54934974548801	-212.53360994684854	0.13574649122791	0.02229723072446683	0.031844756311918666	0.02229723072446683	0.02816854569067612	0.0035004305977772957	0.031844756311918666	0.0035004305977772957	0.022089545310200007
1010000	-200.73311384488943	3.803425140558281	-204.53653898544772	0.15722531834050704	-4.775854819541338E-4	0.036386764592517024	-4.775854819541338E-4	0.02047895960821585	-0.0032949435043232783	0.036386764592517024	-0.0032949435043232783	0.023295528398877524
1020000	-164.41748789901342	1.7592830054634154	-166.17677090447683	0.4153151875404245	0.012663885739806337	0.03915367811466538	0.012663885739806337	0.01881350320654771	0.0011103638411543988	0.03915367811466538	0.0011103638411543988	0.021869086172464088
1030000	-169.02753112223633	1.370699088715118	-170.39823021095145	0.4872889300175614	0.020042871577960565	0.07308779852859337	0.020042871577960565	0.022449740206359012	0.004799356220328326	0.07308779852859337	0.004799356220328326	0.02626827855422661
1040000	-172.46355840686581	3.710160773687997	-176.1737191805538	0.39507665018944893	0.020962607222510834	0.05964123731300509	0.020962607222510834	0.01939096280851866	-3.171004947139389E-5	0.05964123731300509	-3.171004947139389E-5	0.02688577068384628
1050000	-199.583218310083	4.5285717931111975	-204.1117901031942	0.2035959827272966	0.0063484639554998185	0.048764841317003364	0.0063484639554998185	0.022592031465613945	0.0019193312947422593	0.048764841317003364	0.0019193312947422593	0.03629875281590688
1060000	-175.39910419670497	2.8723199799848493	-178.2714241766898	0.2783813143972545	0.011776124226292284	0.03565568001266328	0.011776124226292284	0.020443855494430587	0.0037236973859633106	0.03565568001266328	0.0037236973859633106	0.02313544265411125
1070000	-210.33407722887046	4.2081828821544	-214.54226011102486	0.12497228054699958	-0.01571790264687265	0.015584668008689722	-0.01571790264687265	0.016963044150951533	-0.006722912981871172	0.015584668008689722	-0.006722912981871172	0.015860018917894646
1080000	-163.39987314199868	3.4736735894308555	-166.87354673142954	0.4225968914553251	0.04190574633116699	0.04375223800680759	0.04190574633116699	0.02150673432013197	0.004070027279132193	0.04375223800680759	0.004070027279132193	0.021915871365042
1090000	-158.22310703844323	2.6265459231093384	-160.84965296155258	0.612535698434309	-6.364132544603259E-4	0.07403726690549794	-6.364132544603259E-4	0.014094252611225412	6.567465253029097E-5	0.07403726690549794	6.567465253029097E-5	0.022628404356717154
1100000	-194.37644162633353	3.6578814961224406	-198.03432312245596	0.2758744055363824	0.0051295633061977436	0.035421161937441464	0.0051295633061977436	0.02372460568435106	-0.0010637933235013435	0.035421161937441464	-0.0010637933235013435	0.024162086100773035
1110000	-197.8083212618145	4.19944998117464	-202.00777124298915	0.23060761071391767	0.00741019765629304	0.04614302372333058	0.00741019765629304	0.021867135175451042	0.002125471335542684	0.04614302372333058	0.002125471335542684	0.030138421584928052
1120000	-173.47924279230025	4.0514284445584	-177.53067123685867	0.32126227201950286	-0.0197123676943973	0.06577433995949399	-0.0197123676943973	0.02238869683755663	-0.005634128657609344	0.06577433995949399	-0.005634128657609344	0.033268395725429376
1130000	-174.7932509486043	3.720869917727081	-178.51412086633138	0.45542039300956133	-0.004992432038354507	0.09535246177089489	-0.004992432038354507	0.020488715240364698	-0.0020235733332399147	0.09535246177089489	-0.0020235733332399147	0.04357112777182835
1140000	-157.95278723126188	2.3555450733224212	-160.3083323045843	0.620581091039299	0.0548669036076413	0.06770868891367458	0.0548669036076413	0.021235655465903218	0.0018563495798456162	0.06770868891367458	0.0018563495798456162	0.023174569987052647
1150000	-160.73524797521068	3.224760419948318	-163.960008395159	0.5520777749701031	-0.006280823293695694	0.06157926110210692	-0.006280823293695694	0.01629329851516016	-0.005323553188680784	0.06157926110210692	-0.005323553188680784	0.022359399583821816
1160000	-188.24865756720553	3.122962787674892	-191.3716203548804	0.22594564125424765	-0.0016441386428501681	0.06784813450883018	-0.0016441386428501681	0.013448543807627932	-0.0021265258032216097	0.06784813450883018	-0.0021265258032216097	0.03496800186102547
1170000	-207.8338143426003	3.726366430614968	-211.56018077321528	0.08311070446688816	-0.0038394828012457733	0.02433125440244999	-0.0038394828012457733	0.014216556653341457	5.902951595733242E-4	0.02433125440244999	5.902951595733242E-4	0.02310056879632787
1180000	-185.7996222644239	4.211123511293959	-190.01074577571785	0.28160624457131517	0.015097154429757143	0.08319286664466174	0.015097154429757143	0.016489633616779825	0.002380285161658597	0.08319286664466174	0.002380285161658597	0.039207164477629466
1190000	-164.08768795082108	2.4592879063903887	-166.54697585721146	0.551582230948121	0.024747674395923857	0.0760198151352431	0.024747674395923857	0.015981626154837187	0.0022764445879998544	0.0760198151352431	0.0022764445879998544	0.0318569341219804
1200000	-201.6402691585845	4.026781494281078	-205.66705065286556	0.1722555010273523	-8.73583147376763E-4	0.04400909004302601	-8.73583147376763E-4	0.013806939799477634	0.002378452781429965	0.04400909004302601	0.002378452781429965	0.0396200552540295
1210000	-178.91499897645878	2.890124940603196	-181.80512391706196	0.2707134277969653	0.0027562589673645233	0.0558627638633619	0.0027562589673645233	0.019418450082963796	-0.0014608864624844837	0.0558627638633619	-0.0014608864624844837	0.02653382153820771
1220000	-178.76578507206176	2.296886276173892	-181.06267134823565	0.7128557734376813	0.01750843198463704	0.07571684777729717	0.01750843198463704	0.011368468098758383	-0.0017601487313490885	0.07571684777729717	-0.0017601487313490885	0.023776991132987767
1230000	-150.97799210412987	1.2439132020033785	-152.22190530613324	0.7075741920273313	0.03162606029976729	0.04636059751479097	0.03162606029976729	0.019913952824998162	8.137030302290708E-4	0.04636059751479097	8.137030302290708E-4	0.021184005750491813
1240000	-140.19816631794538	0.27306929613023656	-140.47123561407562	1.1530439232483072	0.00884123284499335	0.12394582822680185	0.00884123284499335	0.014527970293878234	-1.20724890171267E-4	0.12394582822680185	-1.20724890171267E-4	0.03131828148015248
1250000	-160.5126263130554	2.7167210125878336	-163.22934732564323	0.6355816163445661	0.024868870201287304	0.1058874289837173	0.024868870201287304	0.0192012177753715	0.006276670384054462	0.1058874289837173	0.006276670384054462	0.03734812866837871
1260000	-139.24173145220013	-0.6965023600574595	-138.54522909214268	1.2778316139009	0.006486859695396905	0.07061912253511092	0.006486859695396905	0.02487099460609895	-0.005295885255613819	0.07061912253511092	-0.005295885255613819	0.019064449733040972
1270000	-166.97831663042808	0.9570637526273681	-167.93538038305545	0.8009729495891375	-0.015574929898145132	0.06303228072221596	-0.015574929898145132	0.018124763544593168	-6.494481111879004E-4	0.06303228072221596	-6.494481111879004E-4	0.02273241148751876
1280000	-165.70261043289042	1.8542215549515584	-167.55683198784197	0.8246031472056281	0.0152835265082458	0.09239550820952097	0.0152835265082458	0.01270081362858817	5.341874559263594E-4	0.09239550820952097	5.341874559263594E-4	0.02342590288965187
1290000	-205.77842358919392	4.356069620976513	-210.13449321017043	0.0928649290013255	0.006408957377504867	0.0138011726474201	0.006408957377504867	0.015572907131113329	0.0017931615552211975	0.0138011726474201	0.0017931615552211975	0.018363030654675743
1300000	-192.0444269050858	4.622574435592292	-196.6670013406781	0.2402928520584378	0.02153208714301309	0.09540986350387182	0.02153208714301309	0.023059524459536487	0.005000420729478516	0.09540986350387182	0.005000420729478516	0.056364881651672485
1310000	-173.6539763074668	4.2583675153633305	-177.9123438228301	0.36653751834846277	0.009260286532774777	0.062190016207798654	0.009260286532774777	0.019480517323454606	-0.0017392978242799899	0.062190016207798654	-0.0017392978242799899	0.02835892804236526
1320000	-168.18477447414082	2.7114315226395704	-170.8962059967804	0.4110868740527438	0.024193051862278474	0.0676340521471776	0.024193051862278474	0.021525050277415043	0.005380145342630792	0.0676340521471776	0.005380145342630792	0.028492429309213627
1330000	-175.85951269092595	3.357326597343561	-179.2168392882695	0.40076991693804864	-0.010700454358214038	0.06334580787275315	-0.010700454358214038	0.01721727664689206	-0.006358157242637643	0.06334580787275315	-0.006358157242637643	0.034698744402451145
1340000	-182.51759794622188	3.097844609987938	-185.6154425562098	0.253884908518305	0.009996727212286588	0.0578459115248045	0.009996727212286588	0.01720063172240839	-0.0010294512478755931	0.0578459115248045	-0.0010294512478755931	0.02963569385652541
1350000	-185.3503456283707	4.095711544670395	-189.44605717304108	0.2598669026145278	-0.015699556878860665	0.056299701505422205	-0.015699556878860665	0.016746639503817454	-0.0029148680568314963	0.056299701505422205	-0.0029148680568314963	0.03346333245052976
1360000	-165.8497373608265	0.1385909967809016	-165.9883283576074	0.4276144049284741	0.01042866637264289	0.059303424946834486	0.01042866637264289	0.015832844403664097	-0.0010275133963466088	0.059303424946834486	-0.0010275133963466088	0.02122004497265096
1370000	-143.69062301631467	0.4321732118874939	-144.12279622820216	1.2160906234089357	0.0180833751134803	0.06901808727046418	0.0180833751134803	0.01962323166568923	-0.004245678046330954	0.06901808727046418	-0.004245678046330954	0.019516316387882503
1380000	-162.5881481103987	-1.5849339086716379	-161.00321420172705	1.0894245278338937	0.04771247669821758	0.12892800365748283	0.04771247669821758	0.020310455169728958	0.0017575996703772427	0.12892800365748283	0.0017575996703772427	0.030618735110972427
1390000	-148.62876594388106	0.6417934316112688	-149.27055937549233	1.071987759707993	0.04980304617477392	0.10319544510341981	0.04980304617477392	0.015460077399938543	0.003033927856406515	0.10319544510341981	0.003033927856406515	0.02818314104864719
1400000	-171.44115336617432	2.553071850969188	-173.9942252171435	0.48316437924327854	0.040038970193477415	0.10264760392790777	0.040038970193477415	0.019409416913962477	0.008486226384196244	0.10264760392790777	0.008486226384196244	0.03759497556082032
1410000	-179.77110164105682	2.690448548873061	-182.46155018992988	0.32243571926566966	-0.01991684510320293	0.0525956389554307	-0.01991684510320293	0.012871006427848015	-0.004982706686531561	0.0525956389554307	-0.004982706686531561	0.028523293725014387
1420000	-182.29777574373293	4.0736937448712185	-186.37146948860413	0.2568592291826174	-0.001993900973279417	0.05259336143091882	-0.001993900973279417	0.01677187286297654	-0.0014163522407027076	0.05259336143091882	-0.0014163522407027076	0.02405130828378771
1430000	-169.46087029286014	1.747988816673233	-171.20885910953336	0.6966431207910532	0.02879327381379645	0.1145644880541923	0.02879327381379645	0.02769888960736929	-0.0010798026845254254	0.1145644880541923	-0.0010798026845254254	0.03913126912322009
1440000	-155.12014740119886	2.0807958881026147	-157.20094328930148	0.6265735461533113	-0.003321795290661345	0.11476745331223333	-0.003321795290661345	0.018739641593529217	-0.006006495333039288	0.11476745331223333	-0.006006495333039288	0.04067255193072612
1450000	-161.44881784029224	0.793780295525614	-162.24259813581784	0.8847956034594198	-0.0019934766168249497	0.12015328726593173	-0.0019934766168249497	0.022250018674323697	-0.004600344309211922	0.12015328726593173	-0.004600344309211922	0.0339624212066339
1460000	-177.80201076629214	1.8207268162862462	-179.6227375825784	0.48831411473176706	0.018282770790648672	0.07676903951541034	0.018282770790648672	0.0203282572516137	0.0010069096576002913	0.07676903951541034	0.0010069096576002913	0.028549524335745126
1470000	-201.92977665616107	2.4705386620658247	-204.4003153182269	0.22095000300138387	0.004478478825612603	0.0827625303754415	0.004478478825612603	0.021513253048337816	-2.9811972562084695E-4	0.0827625303754415	-2.9811972562084695E-4	0.05040202767100825
1480000	-169.81983966036864	3.870976276489617	-173.69081593685826	0.35046630514007704	-0.01032593211159738	0.06723943625184618	-0.01032593211159738	0.016202788943651996	-0.004273852677461818	0.06723943625184618	-0.004273852677461818	0.02800362572478192
1490000	-181.6680580746833	3.8972485292190617	-185.56530660390237	0.2567645860008272	0.011456749058880639	0.06147348367810942	0.011456749058880639	0.021865996734339102	-1.8525275316331156E-4	0.06147348367810942	-1.8525275316331156E-4	0.029213575258691234
1500000	-175.41886422878295	3.6722865778535616	-179.0911508066365	0.33130334062699157	0.007644903339342291	0.06352518565495674	0.007644903339342291	0.01580739182271846	0.0036447111806629877	0.06352518565495674	0.0036447111806629877	0.03234044665274992
1510000	-145.36756722073352	0.2393232235781474	-145.60689044431166	1.2252908714462591	0.013731155975784472	0.11090813164270184	0.013731155975784472	0.018771631289566795	0.003278508560235145	0.11090813164270184	0.003278508560235145	0.03710457852155691
1520000	-160.9318411707033	2.145954314298708	-163.077795485002	0.5515921874744946	-0.019367928007198568	0.06955127734290184	-0.019367928007198568	0.018628561526405206	-0.010772850131741559	0.06955127734290184	-0.010772850131741559	0.0259535165798608
1530000	-178.67408907907674	3.486424699392577	-182.16051377846932	0.38105258231021055	-0.016031013094755228	0.05839496849426783	-0.016031013094755228	0.018885758689369196	-0.00572776624807363	0.05839496849426783	-0.00572776624807363	0.02735209059944607
1540000	-184.3369296327677	3.8718930713053874	-188.20882270407307	0.3496752319327238	4.2144878595565715E-5	0.07091891647817661	4.2144878595565715E-5	0.015681738454828353	-0.0021681634313681915	0.07091891647817661	-0.0021681634313681915	0.02686744889605531
1550000	-182.39169847088053	4.331187617885894	-186.72288608876642	0.24448244694634444	-9.681352345041387E-4	0.05338695727611547	-9.681352345041387E-4	0.020072956580808418	-0.00301967685539276	0.05338695727611547	-0.00301967685539276	0.029502538811577494
1560000	-177.225851738539	4.487360795808723	-181.71321253434772	0.2528535558585406	0.003989328495495307	0.05394534185824506	0.003989328495495307	0.020558675974406103	0.0019043453490699834	0.05394534185824506	0.0019043453490699834	0.02839782412579837
1570000	-171.85246230641567	4.06015599142187	-175.91261829783755	0.382662227824012	0.011716358695826556	0.07472321439421058	0.011716358695826556	0.014462716442402693	-7.044858922331063E-4	0.07472321439421058	-7.044858922331063E-4	0.03254402881100419
1580000	-165.27244016244245	3.8180576412923926	-169.09049780373485	0.41185913421721926	6.778331751605716E-4	0.06745316120929169	6.778331751605716E-4	0.018819813139181185	-0.007572255182629407	0.06745316120929169	-0.007572255182629407	0.032708257318175234
1590000	-177.59200525008853	2.3809889370466877	-179.9729941871352	0.32084516432806337	0.002197642623524109	0.058756166845616443	0.002197642623524109	0.010651261994291202	0.0011656970096560206	0.058756166845616443	0.0011656970096560206	0.021621222699496366
1600000	-175.28161010909236	2.930317814734637	-178.211927923827	0.47782663366181394	0.023209511458440895	0.02977848553817494	0.023209511458440895	0.017557284385164792	0.003215222890634641	0.02977848553817494	0.003215222890634641	0.015826784628344685
1610000	-182.22531587152895	4.225790920800605	-186.45110679232954	0.33427311028844825	2.893431680090526E-4	0.09350960321430964	2.893431680090526E-4	0.014834882121742105	-0.002225661524963678	0.09350960321430964	-0.002225661524963678	0.047765934100407664
1620000	-167.5547920088289	2.405241438981817	-169.96003344781073	0.5293484394224771	-0.008274080649242576	0.1203078562500505	-0.008274080649242576	0.020018986746554012	-0.00543549795912356	0.1203078562500505	-0.00543549795912356	0.04228690010332615
1630000	-165.20103048685252	1.6022484022053836	-166.8032788890579	0.4672863514470009	-0.0013958688940607642	0.06405218851708266	-0.0013958688940607642	0.0144071775333548	-0.0026549317183075273	0.06405218851708266	-0.0026549317183075273	0.027765046512632993
1640000	-177.73709347564503	3.873958699621834	-181.61105217526685	0.41172352192889317	-0.0057858048843473595	0.062256811281902164	-0.0057858048843473595	0.017486987300501577	-0.005146932553568811	0.062256811281902164	-0.005146932553568811	0.02639091014960027
1650000	-155.31105040819742	1.8779490980032065	-157.18899950620062	0.878449527388109	0.0074687987208435615	0.1146758069251809	0.0074687987208435615	0.01795265564047136	-5.717298249000192E-4	0.1146758069251809	-5.717298249000192E-4	0.032506705546622695
1660000	-169.25083420274407	2.1783882325134405	-171.42922243525751	0.4210343251564702	0.027287816174111818	0.04418013164224831	0.027287816174111818	0.02264640332519763	0.0025279250668953993	0.04418013164224831	0.0025279250668953993	0.01863292635495392
1670000	-182.40104666286697	4.060546055389554	-186.46159271825653	0.3299022696988871	-0.019202942005631232	0.05339271543720629	-0.019202942005631232	0.019889180971774476	-0.004657288823864169	0.05339271543720629	-0.004657288823864169	0.02181220876016517
1680000	-151.2577761868201	1.5274236356751754	-152.7851998224953	0.9866248316970019	0.027014413824564498	0.11704799726100758	0.027014413824564498	0.0208511003280405	5.890039798684627E-4	0.11704799726100758	5.890039798684627E-4	0.026405993562893124
1690000	-158.10983090733887	0.5215307558247084	-158.63136166316357	0.6655183329970172	0.03486645333290209	0.07440813107484733	0.03486645333290209	0.01703528384738259	0.0011281699372038979	0.07440813107484733	0.0011281699372038979	0.02756648442924766
1700000	-167.24873794790147	3.4724788375418023	-170.7212167854433	0.49044382277340637	0.057037520200128394	0.057590245670747095	0.057037520200128394	0.02743696087211454	0.007165516940927993	0.057590245670747095	0.007165516940927993	0.020477558002015783
1710000	-167.252629114162	-0.7222130981458275	-166.53041601601618	1.069115113748912	-0.007805461732176379	0.11461577544004607	-0.007805461732176379	0.0209941764360864	-0.0023192471487532293	0.11461577544004607	-0.0023192471487532293	0.030311096195607935
1720000	-174.16493744461215	3.879384041079932	-178.04432148569208	0.36444806674143104	0.017553193191500272	0.08387484948842797	0.017553193191500272	0.017690176801960802	0.0017897035672560712	0.08387484948842797	0.0017897035672560712	0.03634477172817557
1730000	-154.2450920403133	2.1010427673437704	-156.34613480765708	0.882894021296726	0.05674999185295252	0.11501550608815136	0.05674999185295252	0.02060638654252002	0.0052838349859826075	0.11501550608815136	0.0052838349859826075	0.03752951178748844
1740000	-180.67505639029753	3.611500506967298	-184.28655689726483	0.32082626244258966	-0.014809900118856637	0.03856273249828453	-0.014809900118856637	0.02167557130123842	-0.006322575719009634	0.03856273249828453	-0.006322575719009634	0.03137253568116139
1750000	-185.69816587884463	4.2438801506925685	-189.9420460295372	0.22088631627617095	0.012967269346272809	0.06307175605149297	0.012967269346272809	0.017655463757567835	0.005380078318984729	0.06307175605149297	0.005380078318984729	0.031592202174044307
1760000	-166.2014249909624	3.6831236839319597	-169.88454867489438	0.5011460558307435	0.041227853322641374	0.1040202233871542	0.041227853322641374	0.022061557349797485	0.007489726329626821	0.1040202233871542	0.007489726329626821	0.040136847677709
1770000	-175.3774088309578	3.40658815174387	-178.78399698270167	0.3881551348251374	5.360238449841747E-4	0.032440709558976044	5.360238449841747E-4	0.01501907557868565	-0.0034709236121775247	0.032440709558976044	-0.0034709236121775247	0.020745716107461395
1780000	-186.21604365813323	4.310270648207747	-190.52631430634096	0.3088718917902321	0.011295487990705325	0.06012590203554115	0.011295487990705325	0.023275180341141472	-1.906392121440426E-4	0.06012590203554115	-1.906392121440426E-4	0.028118394437434753
1790000	-162.36472545328303	0.501377638012373	-162.8661030912954	0.9480780367540769	0.0375827174362593	0.06552830781550316	0.0375827174362593	0.01832709462379597	0.004168643366298685	0.06552830781550316	0.004168643366298685	0.018703906304021335
1800000	-156.6498301976451	2.306342748568397	-158.95617294621348	0.7583497182260157	-0.00881320692409413	0.1332263627604978	-0.00881320692409413	0.01714868533477027	-0.0014398479377126297	0.1332263627604978	-0.0014398479377126297	0.0385745786487512
1810000	-146.45918122230728	1.9132049766902566	-148.37238619899753	0.9203916465667833	-0.02454683449340582	0.09516579210236993	-0.02454683449340582	0.018067270778006617	-0.008619653558251169	0.09516579210236993	-0.008619653558251169	0.03404053723260707
1820000	-195.79787928650086	1.1555345739488274	-196.95341386044967	0.20356129408069987	0.010685837355518	0.06362212011731244	0.010685837355518	0.01786394783320489	-8.463025454685533E-4	0.06362212011731244	-8.463025454685533E-4	0.035232664929901084
1830000	-217.85142586799066	2.5670635889933306	-220.418489456984	0.06587532762711132	-0.0012915119931613858	0.01794561416742994	-0.0012915119931613858	0.01545497804393375	3.8064631224263805E-4	0.01794561416742994	3.8064631224263805E-4	0.0273656420204897
1840000	-183.88026891695168	1.7501023223843495	-185.63037123933603	0.3648188682446803	0.024469912948748555	0.07281884041279975	0.024469912948748555	0.023891106689090846	0.0037956204638268276	0.07281884041279975	0.0037956204638268276	0.03050367157111325
1850000	-188.6182482272132	4.442392522810176	-193.06064075002337	0.25396060510984314	-0.013226594502678516	0.04303920487510448	-0.013226594502678516	0.02372776346188979	-0.006713522134830374	0.04303920487510448	-0.006713522134830374	0.021752740438524452
1860000	-173.33899182179027	3.8744973249165953	-177.21348914670688	0.3826107862188796	-0.0031588397870760824	0.06642418200457895	-0.0031588397870760824	0.015436229730233994	-0.0035171368308343147	0.06642418200457895	-0.0035171368308343147	0.029419874153353356
1870000	-146.6331746305957	-3.0164369147649945	-143.6167377158307	1.4815461170575137	0.032444089896382484	0.17179245754802563	0.032444089896382484	0.017390085220328314	0.003441742989855887	0.17179245754802563	0.003441742989855887	0.03623339290369207
1880000	-145.10146084233008	0.20098438719370504	-145.30244522952378	1.0220917405108805	0.0011947999679156988	0.06151476911353163	0.0011947999679156988	0.01619663460378077	-0.003751340278796367	0.06151476911353163	-0.003751340278796367	0.02243584717682603
1890000	-131.18202763418304	-4.228728291413823	-126.95329934276923	2.1363606247509126	-0.026390980925823267	0.13695697184622785	-0.026390980925823267	0.017404904428826626	-0.0032451839787549014	0.13695697184622785	-0.0032451839787549014	0.029772710987727966
1900000	-188.33656094128955	4.249543883833155	-192.5861048251227	0.30137059245597847	0.013788006300413793	0.07813864780615627	0.013788006300413793	0.016340969896429473	-0.0021596943127314356	0.07813864780615627	-0.0021596943127314356	0.039014965084335676
1910000	-160.04571832547063	1.7615997339613816	-161.80731805943202	0.9041276425148358	0.034611792232655925	0.1440437231453612	0.034611792232655925	0.018227379861661227	0.0037681784491989815	0.1440437231453612	0.0037681784491989815	0.040374072677213414
1920000	-164.9334090347031	2.5279490283394144	-167.4613580630425	0.405542888656333	0.027957283414442084	0.04654406124396456	0.027957283414442084	0.01662602185688417	0.0012983768995448316	0.04654406124396456	0.0012983768995448316	0.02215528409168008
1930000	-189.80834715286332	4.817199144820641	-194.62554629768397	0.16514368639833746	-0.004317216908993726	0.029264038283045468	-0.004317216908993726	0.01424707384855511	-0.0023597915400085565	0.029264038283045468	-0.0023597915400085565	0.025079985390109607
1940000	-203.4429041221871	4.8057033489473255	-208.24860747113442	0.13359409973616987	0.0038782684607048304	0.032112402603963544	0.0038782684607048304	0.01575300015946426	-0.002366168314303204	0.032112402603963544	-0.002366168314303204	0.027269539217712725
1950000	-170.77581935004827	4.183797130720459	-174.95961648076872	0.3771386446217511	-0.002829197674632607	0.05015915221148475	-0.002829197674632607	0.023173600736485535	-0.004003509866174849	0.05015915221148475	-0.004003509866174849	0.03618706274602948
1960000	-214.46728298976953	4.197008321408658	-218.66429131117818	0.1004587405738747	-0.015887107842818007	0.028236808032225974	-0.015887107842818007	0.025244125888839165	-0.00470173314830067	0.028236808032225974	-0.00470173314830067	0.025533355110370172
1970000	-170.51632422874272	2.4085482734048913	-172.92487250214762	0.5395752025008678	-0.005286648510616253	0.07770206601665018	-0.005286648510616253	0.017625442505695074	-5.727898038539263E-4	0.07770206601665018	-5.727898038539263E-4	0.02995680311797238
1980000	-152.23152268916147	-1.6668301525365496	-150.5646925366249	0.9425763826213118	0.08295094441031209	0.15165114413250969	0.08295094441031209	0.022951315989441244	0.012389284210577807	0.15165114413250969	0.012389284210577807	0.040579378655777945
1990000	-172.0193745430975	3.3611204558475754	-175.3804949989451	0.4461750542942469	0.007594680360587744	0.050644154409006416	0.007594680360587744	0.014570790716848308	-0.001384116550419205	0.050644154409006416	-0.001384116550419205	0.02487190424726158
2000000	-169.22841645133155	3.9148548651549544	-173.1432713164865	0.40068590698994033	0.015048877568166679	0.054765701050582795	0.015048877568166679	0.02052448505389663	0.005644206712049172	0.054765701050582795	0.005644206712049172	0.02565328811424942
2010000	-174.16002140836153	3.8643220526169166	-178.02434346097846	0.44098203507678635	0.006390999180486452	0.07091844771696712	0.006390999180486452	0.017973310854733596	0.0017928847805310133	0.07091844771696712	0.0017928847805310133	0.025815178350282235
2020000	-178.02844401257303	3.7717795635306874	-181.80022357610372	0.3385107311499607	0.030234394222668663	0.07827485680013294	0.030234394222668663	0.021416658309567127	0.0034505878605300844	0.07827485680013294	0.0034505878605300844	0.0346429815201349
2030000	-178.2441104390704	2.9445141087390225	-181.1886245478094	0.3870264048847046	-0.01055101846520692	0.1015989954232951	-0.01055101846520692	0.013319995104585008	-8.825549185421447E-4	0.1015989954232951	-8.825549185421447E-4	0.04600021974226646
2040000	-211.81369691009806	2.509154791383142	-214.3228517014812	0.11752470010384589	0.00417240352968195	0.009461520299627884	0.00417240352968195	0.019654113380632186	-0.002875390862314116	0.009461520299627884	-0.002875390862314116	0.02244033581311052
2050000	-197.44827113791604	3.672511134782375	-201.12078227269842	0.20148909754783867	-3.540972150419687E-4	0.04031121798046853	-3.540972150419687E-4	0.021602841173323704	-0.005416820353615341	0.04031121798046853	-0.005416820353615341	0.026166740008711897
2060000	-175.69651277963004	4.044725967773312	-179.74123874740334	0.35237655743833013	0.0038541688376086286	0.05458322329372172	0.0038541688376086286	0.023900643223294136	-0.0018808148417770345	0.05458322329372172	-0.0018808148417770345	0.02136245045931941
2070000	-170.599019090462	2.6970022089388466	-173.29602129940085	0.47178503444845454	0.05727723029591394	0.06060622665309421	0.05727723029591394	0.026298719880740062	0.0032623813331242296	0.06060622665309421	0.0032623813331242296	0.025612926746120313
2080000	-160.6666830999127	-1.042210665434967	-159.62447243447772	1.004972602809611	-0.019777346831537725	0.1262781254706954	-0.019777346831537725	0.01708595525174381	-0.003560261853326216	0.1262781254706954	-0.003560261853326216	0.027294284041858526
2090000	-156.75406912135566	2.1097317448861297	-158.86380086624177	0.6681473305324214	0.005673539921369663	0.07751243564621305	0.005673539921369663	0.014232609751164476	-0.0015690802445868	0.07751243564621305	-0.0015690802445868	0.02537366667557594
2100000	-181.39625329852782	4.411626112045612	-185.80787941057343	0.36773086880355926	0.002901896320711322	0.03339300425900559	0.002901896320711322	0.01983496546224658	-0.0025205486062162058	0.03339300425900559	-0.0025205486062162058	0.024238030127104244
2110000	-153.6506904621134	0.7697289216930358	-154.42041938380643	0.846893334280408	0.05063662034240847	0.10719871062231918	0.05063662034240847	0.01640246667562118	0.0010019995913619437	0.10719871062231918	0.0010019995913619437	0.03647906611258547
2120000	-162.18432880204588	3.048621715527058	-165.23295051757293	0.5621248045677842	0.003058625962789595	0.0756571591765737	0.003058625962789595	0.01713272619097756	-0.0014354697143706015	0.0756571591765737	-0.0014354697143706015	0.025919862726451234
2130000	-144.06544956754604	1.6844264176151684	-145.7498759851612	0.9689786406945603	-0.02672612097420001	0.044583906154398716	-0.02672612097420001	0.019271441644934134	-7.480511771871283E-4	0.044583906154398716	-7.480511771871283E-4	0.021252625676710893
2140000	-151.21407364020504	0.15692109910279994	-151.37099473930783	1.256584193033976	-0.058648966381305415	0.14896661722219304	-0.058648966381305415	0.018312249313784886	-0.010688041255336116	0.14896661722219304	-0.010688041255336116	0.036787241689567554
2150000	-157.0115795776751	2.1981396011088497	-159.20971917878396	0.5061766561341364	-0.011595690160574722	0.037494354505538625	-0.011595690160574722	0.015785030704460953	-0.005040103954209749	0.037494354505538625	-0.005040103954209749	0.02037541158179403
2160000	-206.406190377422	3.903353642335744	-210.30954401975774	0.11901411899033441	0.017789418989510284	0.03370782084800795	0.017789418989510284	0.024339900906728995	0.003430264048397231	0.03370782084800795	0.003430264048397231	0.03139252018132774
2170000	-202.88321337161912	3.5875774415710207	-206.47079081319015	0.12537402094601874	-0.005553220258361807	0.02800831146968968	-0.005553220258361807	0.01789216364009716	-0.005458172844108751	0.02800831146968968	-0.005458172844108751	0.03541626473709168
2180000	-189.88361139942472	2.675195734233997	-192.55880713365872	0.21482900180060988	0.031283716868589675	0.06290133696167309	0.031283716868589675	0.02018502561263566	0.009363729046796722	0.06290133696167309	0.009363729046796722	0.03597544890722955
2190000	-183.6519512847162	3.457708824478515	-187.10966010919472	0.2840521085043686	0.012624681396227782	0.057929142074997164	0.012624681396227782	0.013896683223045454	0.0018576718683583093	0.057929142074997164	0.0018576718683583093	0.02908122829247298
2200000	-149.02945518308306	1.021242782404582	-150.05069796548764	0.8877028125175495	-0.00452291173083469	0.042171410756407214	-0.00452291173083469	0.01852191620931204	-0.002363588856256112	0.042171410756407214	-0.002363588856256112	0.022496097687063125
2210000	-146.46601901730958	-2.5938287010354557	-143.87219031627413	1.5410213797235153	-0.01982439908081257	0.13820522969348517	-0.01982439908081257	0.012135675635796822	-0.0020154637423858523	0.13820522969348517	-0.0020154637423858523	0.029655303915189595
2220000	-171.57536853911034	1.98288143380339	-173.55824997291373	0.3684357142951103	0.024831160997299193	0.04610633662970503	0.024831160997299193	0.01864190879010933	7.506490144435158E-5	0.04610633662970503	7.506490144435158E-5	0.02460399483754958
2230000	-154.43528703559787	1.0186898816477497	-155.45397691724563	0.6448206423044907	-0.0286615937961584	0.07465075301318376	-0.0286615937961584	0.020676130445242854	-0.003621692779617108	0.07465075301318376	-0.003621692779617108	0.02292761340918007
2240000	-177.57779161592597	0.8659186261219003	-178.44371024204787	0.39884744918322035	0.021290648789150924	0.055220636721802704	0.021290648789150924	0.02220572117312889	7.293576991437858E-4	0.055220636721802704	7.293576991437858E-4	0.025884982662803736
2250000	-230.23734597199496	4.6749644321110315	-234.912310404106	0.04379310596260613	0.006381340226554796	0.030983362251794957	0.006381340226554796	0.01590899788761312	0.003267230824482571	0.030983362251794957	0.003267230824482571	0.04429599903981912
2260000	-193.8171862283147	4.545992980829278	-198.363179209144	0.2559965182997988	0.02503380630123048	0.06239619945762289	0.02503380630123048	0.01574497151676952	0.007169909847670479	0.06239619945762289	0.007169909847670479	0.03727059968851641
2270000	-205.94167482963707	4.718608926103235	-210.6602837557403	0.13926057230244557	0.0205864336154682	0.007994440479909267	0.0205864336154682	0.024500546394911633	-6.346934373597862E-4	0.007994440479909267	-6.346934373597862E-4	0.011648280373588716
2280000	-175.42683014487457	3.0066102768765774	-178.43344042175116	0.35341661829953425	0.013425087754762087	0.06305361646871825	0.013425087754762087	0.018896981278052484	-3.199703724593738E-4	0.06305361646871825	-3.199703724593738E-4	0.030698690268939267
2290000	-188.97499868363232	3.6024448082733156	-192.57744349190563	0.17281722238312133	0.011165673779049413	0.05133508889904718	0.011165673779049413	0.016144697228979436	0.004296801373974053	0.05133508889904718	0.004296801373974053	0.03412324331097916
2300000	-164.29731383129223	2.5431237661325783	-166.8404375974248	0.5897870017328106	0.025814758117136204	0.10989621142646229	0.025814758117136204	0.015885587743350364	0.003966212699750848	0.10989621142646229	0.003966212699750848	0.03304424944176876
2310000	-169.6011911988123	2.255601221201546	-171.85679242001385	0.3925441459797064	0.009403706788442821	0.04492098252667815	0.009403706788442821	0.01620410545134641	-0.003348502497429808	0.04492098252667815	-0.003348502497429808	0.022740347542760678
2320000	-132.90622000706466	-0.5714438606443225	-132.33477614642032	1.4779799686360506	-0.02670627504012324	0.09852496922391174	-0.02670627504012324	0.0188341214248095	-0.007220287786879752	0.09852496922391174	-0.007220287786879752	0.026572978517622664
2330000	-152.4887396594158	2.044351832662125	-154.53309149207794	0.7792113436110606	0.051534598638847726	0.07552217171297153	0.051534598638847726	0.02045277144886594	0.0038988986201747267	0.07552217171297153	0.0038988986201747267	0.019839197761758968
2340000	-176.6914122030708	3.6098723172845983	-180.3012845203554	0.3733832455554228	0.020992360486760665	0.07476754993562665	0.020992360486760665	0.0208981276318254	0.005095365155082956	0.07476754993562665	0.005095365155082956	0.035506695415307786
2350000	-160.13687419270502	0.6087286541088148	-160.74560284681382	0.7608343697922906	0.022158414961826967	0.15459607905188272	0.022158414961826967	0.01891896246360259	0.005426096340122587	0.15459607905188272	0.005426096340122587	0.044512693464692964
2360000	-154.71068869912753	2.0973639291139747	-156.8080526282415	0.7750628218873588	-0.019505677292806212	0.040254326679565446	-0.019505677292806212	0.024482039873400457	-0.009118596862158322	0.040254326679565446	-0.009118596862158322	0.027729183596680026
2370000	-147.49822107154276	-1.3495814814494986	-146.14863959009327	0.8906494528067584	-0.006888424748342026	0.08637108969304554	-0.006888424748342026	0.013208865522473951	-7.090794135975409E-4	0.08637108969304554	-7.090794135975409E-4	0.0279354254133893
2380000	-169.43771567098764	-0.18242823830973487	-169.2552874326779	0.6599343171226302	0.021543855153886106	0.08983975497720541	0.021543855153886106	0.02279208819689985	-0.0018549123751511695	0.08983975497720541	-0.0018549123751511695	0.025294769498890746
2390000	-188.8256820725454	4.263215164932694	-193.08889723747808	0.24253610058561967	-0.018576001353456943	0.07540621654682109	-0.018576001353456943	0.021599340962038117	-0.004402987929864886	0.07540621654682109	-0.004402987929864886	0.03700284353139201
2400000	-188.12186674724703	3.007801535688051	-191.12966828293509	0.2250271764262773	-0.01562959745010107	0.051732498016759595	-0.01562959745010107	0.018289045539230695	-0.0059084999750864085	0.051732498016759595	-0.0059084999750864085	0.026639711510757044
2410000	-165.10714402971428	-0.8320237196931841	-164.2751203100211	1.0027675525513058	-0.04833852102371929	0.14549984901510596	-0.04833852102371929	0.01527697971697545	-0.006054865053887354	0.14549984901510596	-0.006054865053887354	0.036235525405982974
2420000	-145.28451273719443	-0.4750490013621752	-144.80946373583225	1.1484494631761553	0.02615493315938378	0.047210641232418964	0.02615493315938378	0.017112980181965477	-0.0022041183391434275	0.047210641232418964	-0.0022041183391434275	0.022092370009291686
2430000	-179.26866497423393	3.825807687218245	-183.0944726614522	0.30766622704287205	0.021521117898540918	0.0312482631998042	0.021521117898540918	0.01886863111691133	3.133228363690764E-4	0.0312482631998042	3.133228363690764E-4	0.02230997182365537
2440000	-157.31219810654935	2.229289472888061	-159.54148757943742	0.7898689901853533	-0.03170286186146242	0.05303201240056324	-0.03170286186146242	0.020800213257003798	-0.0032759953732883268	0.05303201240056324	-0.0032759953732883268	0.020919417226184296
2450000	-163.47390420678698	2.2925081077451717	-165.76641231453215	0.7193966721471947	-0.03520716058052737	0.060341104036470965	-0.03520716058052737	0.021939271644371476	-0.0075310603882822805	0.060341104036470965	-0.0075310603882822805	0.02220444684224116
2460000	-153.62815443849053	1.9649824987879878	-155.5931369372785	0.6331971512861022	0.005110799744629962	0.0725043427351619	0.005110799744629962	0.013475157440446547	-2.532642070079569E-4	0.0725043427351619	-2.532642070079569E-4	0.021656522845580575
2470000	-213.6810866655997	2.0355977248851733	-215.7166843904849	0.11612092534522403	-0.0035460915863219974	0.036278296723050496	-0.0035460915863219974	0.014742808555100325	-0.005148688090876377	0.036278296723050496	-0.005148688090876377	0.02671106981808671
2480000	-194.0516511811029	3.7827937579729087	-197.8344449390758	0.15241945522314773	0.012016364102698095	0.05655507552618743	0.012016364102698095	0.019782030343735588	-0.0014561572283211385	0.05655507552618743	-0.0014561572283211385	0.041407512345082435
2490000	-167.71750037911713	4.115965266092441	-171.83346564520957	0.3430792696866813	0.00979409081098768	0.025573998307441923	0.00979409081098768	0.01546613517828234	8.225261022097783E-4	0.025573998307441923	8.225261022097783E-4	0.01338191478356354
2500000	-187.94031794243614	4.455526753252443	-192.3958446956886	0.1676554293870869	0.01046141199486924	0.019336420889489593	0.01046141199486924	0.015048783766081248	0.004324938206168838	0.019336420889489593	0.004324938206168838	0.020560337033854962
2510000	-189.8686797262739	4.767661497163319	-194.63634122343723	0.24131462676738158	0.003942804524489228	0.0361893731202751	0.003942804524489228	0.017936909982476656	-0.001254426200077393	0.0361893731202751	-0.001254426200077393	0.027774595918397576
2520000	-198.88966320492665	4.9244018521965	-203.81406505712314	0.12538263908600458	0.017015034345132206	0.03129298323899039	0.017015034345132206	0.028978029180676497	-2.6374444539257243E-4	0.03129298323899039	-2.6374444539257243E-4	0.026249297575253665
2530000	-187.12137661284802	3.4606388605950587	-190.58201547344308	0.3047089037098343	0.02622101623370193	0.06635034491375162	0.02622101623370193	0.020008632170886567	0.005804698425507463	0.06635034491375162	0.005804698425507463	0.027337468609056226
2540000	-176.57876435807376	4.09371389498375	-180.6724782530575	0.38816867770354285	-7.185693494730926E-4	0.05839622549127884	-7.185693494730926E-4	0.016130972498655055	2.3665606342075494E-4	0.05839622549127884	2.3665606342075494E-4	0.025256401539944354
2550000	-160.31610006943203	2.2736839895861323	-162.58978405901817	0.6996751246488956	0.031127688866624554	0.08955083202416264	0.031127688866624554	0.019163536910020214	0.0012567735075375832	0.08955083202416264	0.0012567735075375832	0.027745306232969467
2560000	-197.71968415834635	4.4353388116864165	-202.15502297003277	0.1362922939787129	0.01599368026458111	0.04552705691049351	0.01599368026458111	0.017437748574533306	0.0011431299852826468	0.04552705691049351	0.0011431299852826468	0.030241643330492656
2570000	-187.96681086415833	4.155378315404217	-192.12218917956255	0.19138416685639598	-0.011582134797146773	0.034080563759852175	-0.011582134797146773	0.019784022209064604	-0.006814770111002788	0.034080563759852175	-0.006814770111002788	0.024587337093224495
2580000	-196.55615780382934	3.8016830437060762	-200.3578408475354	0.2651490590042505	0.025825300696728493	0.05480960240360413	0.025825300696728493	0.020719468752625703	0.0019546770560917043	0.05480960240360413	0.0019546770560917043	0.031790253827918516
2590000	-155.04700917428252	1.319878637784377	-156.3668878120669	1.0079206562337089	0.029954060183237347	0.13709952630364883	0.029954060183237347	0.014740654411231398	0.002900492731614892	0.13709952630364883	0.002900492731614892	0.03234845080325823
2600000	-159.16036811953907	2.810115364755474	-161.97048348429453	0.7219924157797882	0.017555447139821774	0.06703820167873871	0.017555447139821774	0.0197450098448252	-1.8974246126469713E-4	0.06703820167873871	-1.8974246126469713E-4	0.022456621966155645
2610000	-209.14335913806224	4.655677167703413	-213.79903630576564	0.11937824096886535	0.007810469504020223	0.052390189337168935	0.007810469504020223	0.017685193320958918	0.003378596140639451	0.052390189337168935	0.003378596140639451	0.0375853938841374
2620000	-165.80485716250547	-3.0030907467480814	-162.80176641575738	0.7198079954225214	0.009361011337043992	0.07546048497294093	0.009361011337043992	0.022694896281800565	-0.0027858132995357233	0.07546048497294093	-0.0027858132995357233	0.02163737341390755
2630000	-150.11751537773262	-2.01445189807735	-148.10306347965528	0.9684496123923817	-2.896788243261885E-4	0.06645333600011198	-2.896788243261885E-4	0.020775322272181998	-0.007345817477171802	0.06645333600011198	-0.007345817477171802	0.024093006246070046
2640000	-192.23004917108324	3.633043753222625	-195.86309292430587	0.20717111035819313	-0.002468540294567787	0.028754213655137032	-0.002468540294567787	0.02087960625227553	-5.727055675115039E-6	0.028754213655137032	-5.727055675115039E-6	0.019642794704160964
2650000	-150.80393595801272	1.0547571012475419	-151.85869305926025	1.0881091311689608	0.07257650215198054	0.11688241580104922	0.07257650215198054	0.02209456209087675	6.71286380894141E-4	0.11688241580104922	6.71286380894141E-4	0.03677947800719948
2660000	-166.4170691077222	2.9179948090540027	-169.3350639167762	0.5261172787290626	-0.03012736047128779	0.0810634099095562	-0.03012736047128779	0.015743058062363712	-0.008167842795870774	0.0810634099095562	-0.008167842795870774	0.03026758799989558
2670000	-166.41931309771044	2.5426249904411495	-168.96193808815158	0.6337301463767099	0.01531518091539131	0.0554846835209353	0.01531518091539131	0.01764683947706486	5.827930191646866E-5	0.0554846835209353	5.827930191646866E-5	0.0180000060996622
2680000	-192.89378153192692	4.689000596012389	-197.5827821279393	0.18391645533356957	0.012872226690939181	0.03917715312041314	0.012872226690939181	0.02424771280135156	-0.002331470801388676	0.03917715312041314	-0.002331470801388676	0.02884238328998987
2690000	-152.83551174744443	2.538575855627682	-155.3740876030721	0.709350762745148	0.02978081176915527	0.08736216708827865	0.02978081176915527	0.013726122779661933	0.005012133421829857	0.08736216708827865	0.005012133421829857	0.028390618610069036
2700000	-164.1834714123949	2.6420479080645616	-166.82551932045948	0.5145920675652301	0.01680561015023526	0.07694586342394275	0.01680561015023526	0.02009911198123498	-0.00228262520174284	0.07694586342394275	-0.00228262520174284	0.028165179598498617
2710000	-154.63212218283195	1.847970423910629	-156.48009260674257	0.8480826555400512	0.03317259642337888	0.11424347528784698	0.03317259642337888	0.01626197072500486	0.0035963016817763004	0.11424347528784698	0.0035963016817763004	0.03199091922278559
2720000	-177.74978710860645	4.121318554754734	-181.8711056633612	0.275901379289202	-0.012287711704857696	0.04540115185781072	-0.012287711704857696	0.022481562227959412	-0.004741381307195291	0.04540115185781072	-0.004741381307195291	0.02631992224211309
2730000	-161.71413443137962	1.8592737013744274	-163.57340813275405	0.7198235208471813	0.028604683243102978	0.0661477516571261	0.028604683243102978	0.014776068820234587	0.00222719810432434	0.0661477516571261	0.00222719810432434	0.02810751638803424
2740000	-168.731711762009	3.8377188344938302	-172.56943059650285	0.38832506899666575	0.014622308855604296	0.06567740630970509	0.014622308855604296	0.021016815497741224	0.0029912884580594436	0.06567740630970509	0.0029912884580594436	0.02619665674335414
2750000	-187.33805460044167	2.490725754313524	-189.8287803547552	0.3401582505104751	0.0062102623265437645	0.042667513497069896	0.0062102623265437645	0.01983272558573973	-7.847528009004696E-4	0.042667513497069896	-7.847528009004696E-4	0.023005630904005564
2760000	-159.37750595470175	2.9170122037808595	-162.29451815848262	0.5362870817321771	-0.013631937617923896	0.08837388249882878	-0.013631937617923896	0.016791290090514173	-0.005747451482678483	0.08837388249882878	-0.005747451482678483	0.035029385516462105
2770000	-187.23990747005942	3.2985891849338236	-190.53849665499325	0.28842109397008625	0.022971377062284314	0.0911588594104465	0.022971377062284314	0.018911880153905436	0.004364289484617185	0.0911588594104465	0.004364289484617185	0.0473746021142355
2780000	-163.57310697996658	2.3187832748378883	-165.89189025480448	0.4134853277151659	0.008513982913244315	0.07354556236397812	0.008513982913244315	0.015093171451776346	3.9514725798121494E-4	0.07354556236397812	3.9514725798121494E-4	0.03265429193703431
2790000	-199.95524574426906	4.587617691182718	-204.54286343545178	0.12015174022452375	-9.071255035061728E-4	0.03350298973329037	-9.071255035061728E-4	0.01446273204441557	-0.0037305612207127153	0.03350298973329037	-0.0037305612207127153	0.024443099120543627
2800000	-178.90191578322361	3.280217415877314	-182.18213319910092	0.308489584150469	0.002508636161152196	0.07648173393564783	0.002508636161152196	0.018502091631479225	-0.0028462693602920477	0.07648173393564783	-0.0028462693602920477	0.03794857453117012
2810000	-168.59128386167336	3.33131667849766	-171.92260054017103	0.4991249819363024	-8.307111723655574E-4	0.08560923132085337	-8.307111723655574E-4	0.016094603062128007	-0.00538495283491264	0.08560923132085337	-0.00538495283491264	0.03048585547631573
2820000	-170.01673031714546	3.5422510601882315	-173.55898137733368	0.531418576017271	-0.008307166681444897	0.021015512484617457	-0.008307166681444897	0.0206192486590957	-8.871790435084062E-4	0.021015512484617457	-8.871790435084062E-4	0.014277336373209996
2830000	-168.50546403346533	4.076540915594447	-172.58200494905978	0.33830961689115474	-0.003864907944979055	0.07102100155922128	-0.003864907944979055	0.018975018756845995	-0.007393335452639018	0.07102100155922128	-0.007393335452639018	0.03134250397282762
2840000	-173.77735199137686	2.6735831488314385	-176.4509351402083	0.3619341352758443	0.011381417314841148	0.06972328645341214	0.011381417314841148	0.017405702756353815	-0.002283109841577838	0.06972328645341214	-0.002283109841577838	0.02943970782585896
2850000	-151.50827853664694	2.2933437109508468	-153.80162224759778	0.7747138840576518	0.010190474252194697	0.049795624277321746	0.010190474252194697	0.01642359332562669	9.342833834802189E-4	0.049795624277321746	9.342833834802189E-4	0.01878748757424474
2860000	-155.73788000563894	2.7481781207965295	-158.48605812643547	0.6764542098015518	0.007390897534230109	0.08307131370892054	0.007390897534230109	0.011905702715309623	-0.003477370044934021	0.08307131370892054	-0.003477370044934021	0.029911058950545952
2870000	-181.67098097483296	2.159295217706183	-183.83027619253915	0.2734919032970175	0.009187379088439687	0.045505649701272154	0.009187379088439687	0.016341473290959047	-0.0024288638325319634	0.045505649701272154	-0.0024288638325319634	0.026555852724175003
2880000	-160.49249317848356	1.5623052211654866	-162.05479839964903	0.7916814431205641	0.03751040825793946	0.05321425042184801	0.03751040825793946	0.017933505489571372	0.003399414856093569	0.05321425042184801	0.003399414856093569	0.025309100121907506
2890000	-173.3117854520244	3.4217024325504393	-176.73348788457483	0.3416084819816945	0.026558662400683962	0.054094299088039324	0.026558662400683962	0.022410680178240966	0.0026120375112845227	0.054094299088039324	0.0026120375112845227	0.027993283250112987
2900000	-155.3942881644704	-1.7668747398825069	-153.6274134245879	0.679855628118487	0.021819268908943503	0.03697635863284367	0.021819268908943503	0.018748558003457157	-1.124031780258463E-5	0.03697635863284367	-1.124031780258463E-5	0.019359104630575035
2910000	-194.13710855868322	4.110440572436095	-198.2475491311193	0.1799040331627428	-0.01893051004768998	0.042744238154457666	-0.01893051004768998	0.018892624885779016	-0.007642196286577917	0.042744238154457666	-0.007642196286577917	0.02982450086369333
2920000	-242.54587552974456	4.473525389800944	-247.01940091954552	0.043041247456513325	0.01184620630880502	0.030815263913392132	0.01184620630880502	0.019635030089092075	0.008277818663715313	0.030815263913392132	0.008277818663715313	0.04126597228744997
2930000	-235.1725711142374	0.6879780033758909	-235.8605491176133	0.040392854396370775	9.89805465565221E-4	0.02349626887939204	9.89805465565221E-4	0.016003125236606016	5.072992363547665E-4	0.02349626887939204	5.072992363547665E-4	0.03196287275918104
2940000	-230.8770913473697	3.2365791025990345	-234.11367044996874	0.0526146282774511	0.0047788265998971735	0.017419062959581958	0.0047788265998971735	0.01988966590141158	0.001285381708052653	0.017419062959581958	0.001285381708052653	0.02230506206953564
2950000	-237.725808097609	2.7318627847336834	-240.45767088234268	0.039429276230037634	0.006182937234942786	0.024124787686248202	0.006182937234942786	0.019411769962317946	0.0013391315640941918	0.024124787686248202	0.0013391315640941918	0.036744893861244146
2960000	-240.52802985732941	4.723244220222358	-245.25127407755178	0.03767288283540483	0.010107359115812798	0.01331091794743763	0.010107359115812798	0.026538130946036367	0.001971645483379402	0.01331091794743763	0.001971645483379402	0.020246242392657186
2970000	-186.21348604591805	4.387811124655148	-190.6012971705732	0.31612969678134983	0.03225238942362161	0.07452607821233717	0.03225238942362161	0.020377010897973863	0.006172095510713705	0.07452607821233717	0.006172095510713705	0.04048746028148788
2980000	-216.8080545111597	0.7754536607983713	-217.58350817195807	0.11872803779023944	0.006334834206104919	0.038072493511337645	0.006334834206104919	0.02330224311921885	-0.0022609278121250636	0.038072493511337645	-0.0022609278121250636	0.030559431519634497
2990000	-186.68288685247637	4.494694902980373	-191.17758175545674	0.19849336917754598	-0.008228328269757182	0.0482979151923346	-0.008228328269757182	0.013560863674295707	-0.004016074436289691	0.0482979151923346	-0.004016074436289691	0.027266101204618923
3000000	-173.61842472586275	2.9427060962050167	-176.56113082206778	0.4172346174318488	2.4865898087495555E-4	0.05876084361321274	2.4865898087495555E-4	0.014520436314287958	-0.002191825747390425	0.05876084361321274	-0.002191825747390425	0.02383449526056124
3010000	-147.27712271198578	-1.377602183025631	-145.89952052896015	1.3814984982105691	0.012232053776039978	0.09040344751007243	0.012232053776039978	0.017844114873035073	-5.783542021435394E-4	0.09040344751007243	-5.783542021435394E-4	0.022625275530843446
3020000	-177.8901407188543	2.6451289861795	-180.53526970503378	0.4333413377080862	-0.026998090852010624	0.06396895918006577	-0.026998090852010624	0.018491942815673013	-0.004242487617106779	0.06396895918006577	-0.004242487617106779	0.028288718887782456
3030000	-170.05151481533187	0.7594748923202905	-170.81098970765217	0.6826592364245675	-0.007289694929357157	0.10298385189524285	-0.007289694929357157	0.014771538579985848	-0.004565292684506754	0.10298385189524285	-0.004565292684506754	0.028872350399152192
3040000	-149.16161726650657	1.6110571892195766	-150.77267445572613	0.9329393788219846	0.026095841204573852	0.14395167565701053	0.026095841204573852	0.01861363460475551	-0.0022279054955429535	0.14395167565701053	-0.0022279054955429535	0.03909595689459619
3050000	-161.87519231818624	1.1256531440358026	-163.00084546222203	0.6947049140271279	-0.009467462486350105	0.09012845479748935	-0.009467462486350105	0.022924565176451143	-0.0013295037705393883	0.09012845479748935	-0.0013295037705393883	0.024044862485577106
3060000	-177.57522317440123	3.6613807052111635	-181.2366038796124	0.32144347864156736	0.03926130791228729	0.043765625169164414	0.03926130791228729	0.023116690230675516	0.005651584426517087	0.043765625169164414	0.005651584426517087	0.01880099767864268
3070000	-165.36212063565065	3.052276430724727	-168.4143970663754	0.4513803580897401	0.0324013343785394	0.03306153991300975	0.0324013343785394	0.016437679811235718	-5.039208242733203E-4	0.03306153991300975	-5.039208242733203E-4	0.018034416740400096
3080000	-174.75055963594465	2.8058119833983812	-177.55637161934303	0.2610694134743719	-0.003325384185021432	0.047196391326860425	-0.003325384185021432	0.017041118919988395	-0.0012463520527222314	0.047196391326860425	-0.0012463520527222314	0.02230602455612833
3090000	-170.05121541446871	3.791008636394523	-173.84222405086325	0.37369068565615043	0.004169161945793788	0.050641492193032545	0.004169161945793788	0.011457863665555755	-8.844991517256895E-4	0.050641492193032545	-8.844991517256895E-4	0.020678400579802407
3100000	-183.4004253422194	3.915111340747775	-187.31553668296718	0.30205208678600126	0.010047060334570883	0.03320799840246439	0.010047060334570883	0.021040977560542497	5.438965467061903E-4	0.03320799840246439	5.438965467061903E-4	0.01961604441213534
3110000	-151.71845058481773	-0.0505170692241631	-151.66793351559357	1.1428813943939211	-0.051586606047569115	0.0879781625024654	-0.051586606047569115	0.02253593066764826	-0.008623582870995516	0.0879781625024654	-0.008623582870995516	0.025005715152744433
3120000	-141.28192861557724	-0.4681757465949383	-140.8137528689823	1.2690270036926885	-0.0221804175906593	0.16763502190945434	-0.0221804175906593	0.017546622877806912	-0.008626935697988471	0.16763502190945434	-0.008626935697988471	0.046266307238175756
3130000	-133.4038413887241	-5.30320799475882	-128.10063339396527	2.113405542984172	0.003940294857626746	0.14258140109507852	0.003940294857626746	0.015188676106703781	-0.0021192020348645224	0.14258140109507852	-0.0021192020348645224	0.02009997306006521
3140000	-174.83719865376486	2.7166667665987685	-177.55386542036362	0.41976810739339676	0.003427678764235592	0.04477948634017832	0.003427678764235592	0.021716212829327754	-0.005527429200697265	0.04477948634017832	-0.005527429200697265	0.024243741232848295
3150000	-165.2898050338013	1.708132013632691	-166.99793704743396	0.7970513986049179	0.03504406460961516	0.08820357270877839	0.03504406460961516	0.02218105243077232	-0.0012931603562863249	0.08820357270877839	-0.0012931603562863249	0.03403449870389402
3160000	-170.91687077665844	0.4843839470768341	-171.40125472373526	0.47378792482941123	-0.048158587075699165	0.04141782322064158	-0.048158587075699165	0.024188248207167383	-0.005818867572962707	0.04141782322064158	-0.005818867572962707	0.024706329009848566
3170000	-164.3330036591044	0.5061318102981073	-164.83913546940252	0.8804578413526051	-0.025172273659876166	0.10435047774008918	-0.025172273659876166	0.014005442113737566	-0.004555400326643723	0.10435047774008918	-0.004555400326643723	0.036503671891731475
3180000	-181.16941496533556	3.9039293365373	-185.07334430187285	0.377323800948933	0.022784012355383562	0.05164870255502108	0.022784012355383562	0.016616851139058857	0.0012760371155925245	0.05164870255502108	0.0012760371155925245	0.0313319541597697
3190000	-176.8952956527335	3.2485775006203874	-180.1438731533539	0.3287520129065234	0.020463388260504683	0.10212094475618834	0.020463388260504683	0.016321617546680448	0.004753952429804247	0.10212094475618834	0.004753952429804247	0.04859322245465218
3200000	-220.45870845817203	4.451457289639354	-224.9101657478114	0.07573555003161228	-0.008073815963165658	0.019709497888606365	-0.008073815963165658	0.014773686504485063	-0.0037956232166884967	0.019709497888606365	-0.0037956232166884967	0.03271325320089166
3210000	-207.2423570214352	4.692908991422028	-211.93526601285723	0.19516288477460766	0.02717780600308258	0.052839611303576284	0.02717780600308258	0.02768768370603684	0.005317156459820402	0.052839611303576284	0.005317156459820402	0.03890732115686876
3220000	-188.01574968008268	4.433317636017073	-192.44906731609976	0.23986452310206685	-0.003581990472443331	0.055315013408785516	-0.003581990472443331	0.01592331582018294	-0.004532418091471839	0.055315013408785516	-0.004532418091471839	0.027312603844257405
3230000	-138.85233617363437	-3.125874083526182	-135.72646209010819	1.8090331591913837	-0.10155245306315944	0.09927811351661998	-0.10155245306315944	0.017978874248158062	-0.006643400359352651	0.09927811351661998	-0.006643400359352651	0.02175387496876445
3240000	-174.53811044559578	2.565891701304574	-177.10400214690034	0.46393032063270717	-0.004194957764230967	0.08891087811785782	-0.004194957764230967	0.021637451868619505	-1.9351076626427462E-4	0.08891087811785782	-1.9351076626427462E-4	0.0355736448150475
3250000	-160.78563424659725	2.6211637465598785	-163.40679799315714	0.5378962503569454	-8.197540297029011E-4	0.0896064486623891	-8.197540297029011E-4	0.016176943837185907	-0.0030769721320810157	0.0896064486623891	-0.0030769721320810157	0.029213669997792555
3260000	-161.31757507271251	1.8915741998048121	-163.20914927251732	0.5877042851156453	0.017289655898106854	0.0651226301673	0.017289655898106854	0.013517648803118785	-0.0013503686915137167	0.0651226301673	-0.0013503686915137167	0.02039873777476374
3270000	-181.604847501732	3.456849900107877	-185.06169740183987	0.3270179393668118	-0.04383588120557337	0.06059860235670167	-0.04383588120557337	0.020553147268269605	-0.01100496558606319	0.06059860235670167	-0.01100496558606319	0.03244596907339927
3280000	-185.9730552224728	4.118062381485628	-190.09111760395842	0.2836292648901098	0.0032358601119051303	0.05866448713142668	0.0032358601119051303	0.012534815309182898	2.9727958124070185E-4	0.05866448713142668	2.9727958124070185E-4	0.029377993889327533
3290000	-169.12357138509444	2.4942303690940055	-171.61780175418843	0.5243073517694099	0.038121398384077326	0.08564011601121943	0.038121398384077326	0.022010538432159235	-1.236540348510196E-4	0.08564011601121943	-1.236540348510196E-4	0.03390940187336253
3300000	-160.10879242806894	2.5678321908381254	-162.67662461890706	0.6864223905729854	0.0016786156739648569	0.10131217124589548	0.0016786156739648569	0.016172704267001934	-0.003808857443741355	0.10131217124589548	-0.003808857443741355	0.035470095625398726
3310000	-171.5938518768532	1.232266919446658	-172.82611879629985	0.4636704220174643	0.022795179289583706	0.054350637700352415	0.022795179289583706	0.013176916715958735	0.00240466703996975	0.054350637700352415	0.00240466703996975	0.0223777921178504
3320000	-181.33021331732192	4.428552290672897	-185.7587656079948	0.2717818272563047	0.006446985022262491	0.06189676333165408	0.006446985022262491	0.014753613471333693	0.001824885808702105	0.06189676333165408	0.001824885808702105	0.03352768913777404
3330000	-150.5194936284052	0.6864542800471116	-151.20594790845232	0.7703899637053222	0.046098157018624866	0.08179238988113782	0.046098157018624866	0.017719946152638055	0.006692470824302899	0.08179238988113782	0.006692470824302899	0.024681811165829053
3340000	-190.6095377017094	4.648955211046623	-195.25849291275603	0.15977105563909505	0.013401367806247214	0.022499265046833618	0.013401367806247214	0.015853444398098167	0.0012260592497095328	0.022499265046833618	0.0012260592497095328	0.01849894087643046
3350000	-202.46550448576536	2.4196453901197335	-204.8851498758851	0.26825213618089405	0.019004935808780092	0.04777632464333855	0.019004935808780092	0.022059094851381317	-0.0032761542913609474	0.04777632464333855	-0.0032761542913609474	0.03454885182253235
3360000	-187.35880543742556	4.066326628532184	-191.42513206595774	0.3233766844315017	0.016703496743928663	0.07715899514500665	0.016703496743928663	0.019554580109877914	5.074271455929669E-4	0.07715899514500665	5.074271455929669E-4	0.03755633292336956
3370000	-144.7175249603012	-0.4415366513084561	-144.27598830899274	1.2826656866738677	0.056542822835253956	0.08729032362897074	0.056542822835253956	0.020686154697799955	5.437447784052822E-4	0.08729032362897074	5.437447784052822E-4	0.024122677049278465
3380000	-166.9411552167453	1.117265430222179	-168.05842064696748	0.5967054772400264	-0.006348574234449395	0.11021545980200254	-0.006348574234449395	0.02029788467309163	-0.009485089442152083	0.11021545980200254	-0.009485089442152083	0.04044094296010806
3390000	-172.89220210253833	3.1775207071024196	-176.06972280964075	0.35638321497705827	0.017363283015724672	0.0709058373460638	0.017363283015724672	0.018297726491619218	0.003082268023992857	0.0709058373460638	0.003082268023992857	0.03110846058588619
3400000	-180.5200119768928	4.645944181655498	-185.16595615854828	0.21788204473976933	-0.010022970585590658	0.0356869046669902	-0.010022970585590658	0.021179048673293857	-0.005271200602408728	0.0356869046669902	-0.005271200602408728	0.020205231004327442
3410000	-216.4960555393508	1.7729880599146965	-218.2690435992655	0.10009658763079456	6.863471971586075E-4	0.025077683471118196	6.863471971586075E-4	0.01646283798667333	-1.4232146637127934E-4	0.025077683471118196	-1.4232146637127934E-4	0.02533712613335579
3420000	-178.72297658083457	1.0645782874786223	-179.78755486831318	0.48710260528429805	0.040989526129114065	0.03706479997308638	0.040989526129114065	0.020300052257879078	-8.758352385108449E-4	0.03706479997308638	-8.758352385108449E-4	0.019247812441926256
3430000	-180.86250336264973	4.198686039386976	-185.06118940203672	0.3049502169939171	0.015197219994157836	0.0644462944523417	0.015197219994157836	0.02091027017533167	-0.0017638397666934558	0.0644462944523417	-0.0017638397666934558	0.032865707882366146
3440000	-182.4142472129446	3.4136493253395024	-185.82789653828408	0.27631081963649756	0.0065223361874383245	0.0503032723093527	0.0065223361874383245	0.017665066166095884	-0.00446794619973953	0.0503032723093527	-0.00446794619973953	0.03676451060017919
3450000	-161.62952880922091	2.8903627845490405	-164.51989159376996	0.6517667091620928	0.03164460047044439	0.07491652397328089	0.03164460047044439	0.018653531832217244	-0.0011870883788415963	0.07491652397328089	-0.0011870883788415963	0.02701217258693362
3460000	-188.68898889389527	3.2270238448825053	-191.91601273877777	0.25244209195588324	0.011166105347066115	0.0400639594168568	0.011166105347066115	0.019924290661467857	0.001602989626850229	0.0400639594168568	0.001602989626850229	0.01748067442372064
3470000	-162.83930967073735	0.07260221337463069	-162.911911884112	0.8056751696001383	0.020450189946532575	0.14899125932994933	0.020450189946532575	0.022987876091402612	1.886528697727539E-4	0.14899125932994933	1.886528697727539E-4	0.05058173268670034
3480000	-194.8806107978473	4.486110691396469	-199.3667214892438	0.15291345930420627	0.008316918494007515	0.04026449403978501	0.008316918494007515	0.01889441560511156	1.1468982481274443E-4	0.04026449403978501	1.1468982481274443E-4	0.02596289122343954
3490000	-199.84145357578362	3.110347376987964	-202.95180095277158	0.17733167571001965	-8.216236289543801E-4	0.05537688466311848	-8.216236289543801E-4	0.019072654815958556	-0.0044703019602072664	0.05537688466311848	-0.0044703019602072664	0.039828034633333634
3500000	-163.0210827985506	1.1742269120775495	-164.19530971062815	0.6390824460466611	0.04311689921037887	0.10894149954491514	0.04311689921037887	0.01810134712386499	0.0073457778778517726	0.10894149954491514	0.0073457778778517726	0.03386358454504208
3510000	-142.5033415215371	-0.8019045162401626	-141.70143700529692	1.0427890663421346	0.015520931108697702	0.07901381501337523	0.015520931108697702	0.01563302649530275	-2.8587603311031593E-4	0.07901381501337523	-2.8587603311031593E-4	0.02570776922096254
3520000	-166.0025560047053	1.7275515790633782	-167.73010758376867	0.5630432372810861	0.009745887315352099	0.05938559944932979	0.009745887315352099	0.022157198419383784	-0.0030921666608934796	0.05938559944932979	-0.0030921666608934796	0.025513885088432227
3530000	-173.29291133959404	3.8060606756716844	-177.09897201526573	0.3875676470247522	-0.012892416190357109	0.047217782761523476	-0.012892416190357109	0.025044614157345838	-0.002246942667886394	0.047217782761523476	-0.002246942667886394	0.029215571233863098
3540000	-208.9499826486194	4.3080929008726745	-213.25807554949208	0.1403653986579093	-0.00579802319936502	0.04135200551060454	-0.00579802319936502	0.015004991248648555	-0.00389839758659337	0.04135200551060454	-0.00389839758659337	0.027565381415671088
3550000	-180.90152754384093	4.20436481183241	-185.10589235567335	0.2970521367672153	0.0020518043026582096	0.07352936370813289	0.0020518043026582096	0.02206992791889729	5.9207409081181E-4	0.07352936370813289	5.9207409081181E-4	0.031929757661649905
3560000	-231.60076235709792	3.8506447003079267	-235.45140705740585	0.0425135404497256	0.010150952134565277	0.01566926126997132	0.010150952134565277	0.019666712635537858	0.003251711515988542	0.01566926126997132	0.003251711515988542	0.023270659995533877
3570000	-159.1029009181778	2.607768060312647	-161.71066897849045	0.6959256296869404	0.06033431052046681	0.13557334616410166	0.06033431052046681	0.018459312560476664	0.008282970341247262	0.13557334616410166	0.008282970341247262	0.04489629528850906
3580000	-171.30660766801896	2.678842521719802	-173.98545018973877	0.46612084762980494	0.02318401602118835	0.09300417595388555	0.02318401602118835	0.017858743727876464	0.0039006443408411656	0.09300417595388555	0.0039006443408411656	0.034613726267613595
3590000	-179.9193632655321	4.238126941529195	-184.1574902070613	0.33859944697694966	-0.0017522322300955841	0.058514715788527995	-0.0017522322300955841	0.014394796954572749	-0.0034830419925500366	0.058514715788527995	-0.0034830419925500366	0.028081207210020977
3600000	-148.8903948285175	2.12514993080698	-151.01554475932446	0.7808832864625512	0.006504887860132027	0.08826951923535752	0.006504887860132027	0.013406032949204904	2.99630777756765E-4	0.08826951923535752	2.99630777756765E-4	0.02186953414105382
3610000	-140.94757615288168	-0.943654273964949	-140.00392187891674	1.2754864538916229	0.05625591057453603	0.09418859475722377	0.05625591057453603	0.019782575490069582	0.0012454477835818242	0.09418859475722377	0.0012454477835818242	0.026801577769955478
3620000	-159.26233635902759	2.8356760288161813	-162.09801238784377	0.6909833820038864	-0.03857200445862455	0.0900909466425159	-0.03857200445862455	0.018107384826802443	-0.0054748495562699775	0.0900909466425159	-0.0054748495562699775	0.03131217293192518
3630000	-144.86389240133977	-0.8234723977367969	-144.04042000360297	1.5586851278158056	0.05767531992084321	0.16751542700872987	0.05767531992084321	0.023216656592795624	0.0024579613378484964	0.16751542700872987	0.0024579613378484964	0.04433291522584823
3640000	-164.0349685726608	0.8348862077622541	-164.86985478042305	0.5724353796492141	0.013493845250321318	0.07160533785338437	0.013493845250321318	0.025285653761622805	-7.92433131117652E-4	0.07160533785338437	-7.92433131117652E-4	0.025854509320422617
3650000	-184.34272158535023	4.689370592927332	-189.03209217827757	0.1854442243362407	0.005648811482724365	0.02046403310418709	0.005648811482724365	0.018697315943570554	-3.4943349751471986E-4	0.02046403310418709	-3.4943349751471986E-4	0.015281281750807951
3660000	-168.95900159532664	2.9476589190785	-171.90666051440513	0.4609999062229515	-0.008635509437784942	0.0381580804206881	-0.008635509437784942	0.01968400700466843	-8.79456324096841E-4	0.0381580804206881	-8.79456324096841E-4	0.01993409524366587
3670000	-176.53972314775834	1.9683982114040965	-178.50812135916243	0.5337416419533865	0.006615296043190285	0.08747004440581936	0.006615296043190285	0.02125749695928969	-0.0014568303495272948	0.08747004440581936	-0.0014568303495272948	0.03368001211064153
3680000	-195.06498356333438	4.393480727186877	-199.45846429052125	0.17507381231037752	0.00916607394593713	0.048030389488344406	0.00916607394593713	0.02142776130095561	1.3594594871034742E-4	0.048030389488344406	1.3594594871034742E-4	0.02322133772579203
3690000	-171.6867384775335	3.0021507862126664	-174.68888926374618	0.6572833417430818	0.0026956258628132537	0.1547014530783536	0.0026956258628132537	0.019858880543405802	-0.0013956319274208077	0.1547014530783536	-0.0013956319274208077	0.05976819094026689
3700000	-175.27476043424434	3.719279897513887	-178.99404033175824	0.4327890085125511	0.014673277723528663	0.05721705295509314	0.014673277723528663	0.017580569882915374	0.002850706127702664	0.05721705295509314	0.002850706127702664	0.02683620814751754
3710000	-195.99397052480256	4.417261953286764	-200.41123247808932	0.17178619582633364	0.006052909664440228	0.04141222981842991	0.006052909664440228	0.02181823023709174	-0.003998328336950848	0.04141222981842991	-0.003998328336950848	0.03422046654069104
3720000	-203.038124729005	3.844540886139204	-206.88266561514422	0.11503688606931693	0.004179438141381186	0.04051427516668757	0.004179438141381186	0.015379632813412826	2.8285868896423547E-4	0.04051427516668757	2.8285868896423547E-4	0.03140091148825929
3730000	-180.62685916972652	1.187037703060927	-181.81389687278744	0.3890285440166414	-0.004329912182672042	0.08381743391333005	-0.004329912182672042	0.01729610480117761	4.980343942073949E-4	0.08381743391333005	4.980343942073949E-4	0.036848871565262606
3740000	-197.48939870536185	3.9284740531781814	-201.41787275854003	0.16817183969045751	0.01724259920079195	0.04727788967371845	0.01724259920079195	0.021881616679594627	0.0023305198989754207	0.04727788967371845	0.0023305198989754207	0.033182206094384346
3750000	-166.88658186842883	3.584826618264568	-170.4714084866934	0.5440557121697671	-0.007261888310621036	0.08084130362673185	-0.007261888310621036	0.02364875245841402	-0.0028898588934978646	0.08084130362673185	-0.0028898588934978646	0.03355575088280101
3760000	-143.3596568241873	0.6019488313692917	-143.9616056555566	0.9598949815605837	-0.011659760496722248	0.07496067603057847	-0.011659760496722248	0.01385440549125884	-0.0027299156975547764	0.07496067603057847	-0.0027299156975547764	0.02476262988656655
3770000	-167.85729664102055	2.07739897616077	-169.93469561718132	0.6394464284901745	-0.007124032484489036	0.07283728359194112	-0.007124032484489036	0.013566389590398352	-0.002476961745023011	0.07283728359194112	-0.002476961745023011	0.023357091277962407
3780000	-162.51529811468032	2.184926443407985	-164.7002245580883	0.5840740123983494	0.02086508088039559	0.0016293113459526095	0.02086508088039559	0.021747789379682993	-0.0027002080889290594	0.0016293113459526095	-0.0027002080889290594	0.020009668237024148
3790000	-157.4734707300463	1.5082758848157285	-158.98174661486203	0.8807016122511564	-0.008027813658132084	0.13757911966603348	-0.008027813658132084	0.01711415362404139	-0.004042265812059553	0.13757911966603348	-0.004042265812059553	0.03413475956197863
3800000	-148.72795878108388	-0.5572508898478308	-148.17070789123605	1.0691474225015334	0.033530349755824966	0.05340720769362057	0.033530349755824966	0.01669859562507947	5.164662318856484E-4	0.05340720769362057	5.164662318856484E-4	0.01803779982553601
3810000	-147.34761985025293	1.9192022790019112	-149.26682212925485	0.9014898350242746	0.022001866829103857	0.10437217266691104	0.022001866829103857	0.01633704324227989	-0.0016991632625145722	0.10437217266691104	-0.0016991632625145722	0.03301122056038918
3820000	-158.80462291290686	2.869265559974394	-161.67388847288126	0.5308787287681177	0.03330500044165868	0.05518626833627528	0.03330500044165868	0.017535147845902786	0.002356496724063237	0.05518626833627528	0.002356496724063237	0.02423711749796034
3830000	-165.58788972820923	3.3068837381487017	-168.89477346635795	0.5651692124044212	0.03082431824570688	0.04257198869874928	0.03082431824570688	0.024240815777498908	-0.00245285681965483	0.04257198869874928	-0.00245285681965483	0.02202751428252488
3840000	-166.1482712615961	1.215313499344158	-167.36358476094026	0.686278647298482	0.01414247874428247	0.11284110579180505	0.01414247874428247	0.018959225239972854	0.0036542373142827243	0.11284110579180505	0.0036542373142827243	0.040977975856675716
3850000	-211.59805470418146	4.01537747198086	-215.61343217616232	0.09332475597428035	0.011189573102791096	0.0384006118700991	0.011189573102791096	0.0159201663448312	0.0030298859362300123	0.0384006118700991	0.0030298859362300123	0.033363984505326
3860000	-166.31164992231552	3.458091360641517	-169.76974128295703	0.46407470222148195	0.014814559165994383	0.07944095301543282	0.014814559165994383	0.01902211815913561	0.004290225882929986	0.07944095301543282	0.004290225882929986	0.030489039632855184
3870000	-184.53366588827242	0.49094102678157236	-185.024606915054	0.4654667292881474	-0.0013273718178569895	0.07288620278908088	-0.0013273718178569895	0.016638213548304043	-5.685628598292805E-4	0.07288620278908088	-5.685628598292805E-4	0.032660980847518735
3880000	-157.7420775982876	3.3823520175650956	-161.1244296158527	0.5309365838597322	0.011880539240527389	0.06491069521662103	0.011880539240527389	0.016355383783744844	6.129004931920818E-4	0.06491069521662103	6.129004931920818E-4	0.024839904634865878
3890000	-166.9094851609425	-2.826494782785206	-164.0829903781573	0.7715290729730323	-0.03480153500389707	0.11434826211033952	-0.03480153500389707	0.015896575985136194	-0.005585549872988366	0.11434826211033952	-0.005585549872988366	0.03166162818845697
3900000	-156.22239904511977	2.920168218148598	-159.14256726326838	0.6013765350142505	0.0226365315225452	0.05506077163135414	0.0226365315225452	0.016193623045714128	-0.0028610891566114016	0.05506077163135414	-0.0028610891566114016	0.025114547526889425
3910000	-139.32103893533633	-0.7681184689357595	-138.55292046640056	1.2914552459082438	0.05185158948405418	0.14025690152665718	0.05185158948405418	0.01806410975514577	0.0032799907445943415	0.14025690152665718	0.0032799907445943415	0.03936051005832064
3920000	-165.6595745336598	2.9869673379730166	-168.64654187163282	0.5098538328610893	0.0023175265495509446	0.050211884898163514	0.0023175265495509446	0.019349647823518768	0.001746829278491405	0.050211884898163514	0.001746829278491405	0.020562923391374922
3930000	-164.1937868458753	3.1008609382046504	-167.29464778407996	0.5410877480770271	0.019796227576419523	0.09535651387962107	0.019796227576419523	0.018406788656100917	0.0024407383145966955	0.09535651387962107	0.0024407383145966955	0.03509969506708739
3940000	-175.0297661019836	1.8508132005044482	-176.88057930248806	0.49237692083265605	-0.0017189518457871149	0.08297330027905822	-0.0017189518457871149	0.018374163860772782	-1.532765911343152E-4	0.08297330027905822	-1.532765911343152E-4	0.031113147403689933
3950000	-182.63846919320244	3.93426453596824	-186.5727337291707	0.23701884562589143	0.008691035134582614	0.06661411435534471	0.008691035134582614	0.015896048073834396	2.190096605959855E-4	0.06661411435534471	2.190096605959855E-4	0.03524756537458643
3960000	-149.4353519229096	0.8894219765770525	-150.32477389948664	1.0048808909851976	0.020675985996524204	0.08907373460898721	0.020675985996524204	0.011337476631888015	-7.802535048874444E-4	0.08907373460898721	-7.802535048874444E-4	0.029425589060541796
3970000	-160.37225323396086	-2.016144060164688	-158.35610917379617	0.9632429423994864	-0.029820535418755227	0.13787732921291646	-0.029820535418755227	0.02288591485955205	-0.008645867980578623	0.13787732921291646	-0.008645867980578623	0.03990401527923462
3980000	-152.45646794420026	2.233546189599018	-154.69001413379928	0.7992606869748182	0.01694741881372019	0.05428422377708023	0.01694741881372019	0.01292254147902272	-4.4874327813463266E-4	0.05428422377708023	-4.4874327813463266E-4	0.018947262940166878
3990000	-139.676752452355	-0.48492240961775657	-139.19183004273725	1.4792279564503563	-0.012080861367248171	0.08949425223595643	-0.012080861367248171	0.02338480095579659	-0.00515405372853737	0.08949425223595643	-0.00515405372853737	0.02542342362275429
4000000	-166.21319817233208	-2.051332656252524	-164.16186551607956	0.7185382287113595	0.037079550458235355	0.11464143048096093	0.037079550458235355	0.024350284659727252	0.001491641614725884	0.11464143048096093	0.001491641614725884	0.03170203037331745
4010000	-197.82929500530514	4.006487129404541	-201.8357821347097	0.23429664127749614	-3.4913135461247445E-4	0.0460570980925155	-3.4913135461247445E-4	0.012854865934993364	-9.63234239026157E-4	0.0460570980925155	-9.63234239026157E-4	0.02242788635095263
4020000	-176.94136611935784	4.508098678197597	-181.44946479755544	0.29576350050376005	0.009205258733833908	0.03341545822474072	0.009205258733833908	0.021913367441706706	0.0016142536549446935	0.03341545822474072	0.0016142536549446935	0.02162833570846381
4030000	-203.8607055337966	4.822412259005705	-208.6831177928023	0.13246193854430496	0.015571928102244843	0.046176990081530325	0.015571928102244843	0.014135792556959802	0.0059352413244110535	0.046176990081530325	0.0059352413244110535	0.03844693653467321
4040000	-161.21890727304992	3.8951521305152523	-165.11405940356516	0.4689956845782013	0.036923315330217345	0.057650175891176166	0.036923315330217345	0.02492990234633414	0.002264798869523192	0.057650175891176166	0.002264798869523192	0.02744439833697737
4050000	-184.21382960042666	3.9823387817821914	-188.19616838220887	0.326231488361757	-8.047292205604165E-5	0.07890991628560295	-8.047292205604165E-5	0.019138007789722012	-0.001697431734910167	0.07890991628560295	-0.001697431734910167	0.03443234982843834
4060000	-199.99939568945751	4.652018849168902	-204.65141453862643	0.1462373874101318	0.010996715680177422	0.059238640992822195	0.010996715680177422	0.017611626622444313	0.0032755222576041514	0.059238640992822195	0.0032755222576041514	0.0370023229471345
4070000	-183.1295232591928	4.575419123406343	-187.70494238259914	0.19555653226140454	0.006469529655218876	0.046848442238951134	0.006469529655218876	0.013055599784971797	0.0010536961961575488	0.046848442238951134	0.0010536961961575488	0.031145314740705643
4080000	-197.36565844666444	3.314878332584508	-200.68053677924894	0.14562915257573955	0.008279865204793662	0.03304990593025007	0.008279865204793662	0.014828620850667194	-0.002229140337682698	0.03304990593025007	-0.002229140337682698	0.027249105126540336
4090000	-212.49654900576567	3.5566524215721183	-216.0532014273378	0.09072769910262442	0.0033233640974245035	0.019939914201101267	0.0033233640974245035	0.025244149395799897	-0.00142855021150667	0.019939914201101267	-0.00142855021150667	0.023259382909253508
4100000	-221.22146910742018	4.331260020633682	-225.55272912805387	0.055882756833520744	0.006957284260339362	0.016885088520895652	0.006957284260339362	0.016403087606312542	0.0034383073699774873	0.016885088520895652	0.0034383073699774873	0.015765516185859137
4110000	-179.40577444128004	3.6749194314078983	-183.08069387268793	0.5045700781818141	0.03389191560203127	0.04693734338168038	0.03389191560203127	0.021260307029907673	0.004758459886205858	0.04693734338168038	0.004758459886205858	0.019704810886177235
4120000	-185.70014280806424	3.729481165387781	-189.429623973452	0.24295809061731216	0.013446737647199052	0.05870094334271421	0.013446737647199052	0.018349848247220378	0.0023046686628106446	0.05870094334271421	0.0023046686628106446	0.0356943212456451
4130000	-160.2561430353432	3.8128103791221366	-164.06895341446534	0.467218719036536	0.037654419564946376	0.09357420772916065	0.037654419564946376	0.022898957863449785	0.006967784859454853	0.09357420772916065	0.006967784859454853	0.03688126698553957
4140000	-155.41179189021034	1.621287303423149	-157.03307919363348	0.7268385201150604	-0.01223670487661073	0.07933588145460077	-0.01223670487661073	0.016064649320250483	-0.001039458227203131	0.07933588145460077	-0.001039458227203131	0.02590761646443541
4150000	-183.93242394350912	1.1884812187947142	-185.12090516230384	0.3537762674964801	-0.014886485773394464	0.06441438475780512	-0.014886485773394464	0.020108220300203417	-0.00841106897465356	0.06441438475780512	-0.00841106897465356	0.03487192543542698
4160000	-154.04638253985522	1.1393618170797413	-155.18574435693495	0.7833416660292404	-0.029774346658754676	0.11470483837603784	-0.029774346658754676	0.016790408488019746	-0.008826026221764097	0.11470483837603784	-0.008826026221764097	0.037279857966924346
4170000	-171.92007272353334	3.131797513053977	-175.05187023658732	0.5356079905470458	0.057398841985127944	0.1181565915151914	0.057398841985127944	0.02131750192367796	0.01182591372168602	0.1181565915151914	0.01182591372168602	0.04691484983848748
4180000	-186.33283629809824	4.416996322890348	-190.7498326209886	0.20517581833821755	0.012480542288120546	0.05639112264694319	0.012480542288120546	0.017774967781576514	0.004493637068505777	0.05639112264694319	0.004493637068505777	0.028509849380984643
4190000	-168.0618467020205	3.374857121420934	-171.43670382344143	0.46422612835954064	0.012252300241464838	0.04233862805105452	0.012252300241464838	0.022319306474993916	-5.314884925792008E-4	0.04233862805105452	-5.314884925792008E-4	0.027655876980410107
4200000	-166.0849071937233	-1.204124448679372	-164.88078274504392	0.5272173947485492	-0.01113532786628618	0.041433573365482014	-0.01113532786628618	0.021460855314889307	-0.005728327880333015	0.041433573365482014	-0.005728327880333015	0.022252852613891202
4210000	-195.25145566030847	4.062181062657909	-199.31363672296638	0.18925726227894374	0.030096455919127973	0.0517712648287352	0.030096455919127973	0.022159648993858524	0.0073419117139183025	0.0517712648287352	0.0073419117139183025	0.027281306674788723
4220000	-177.95804399361091	3.8900086791373836	-181.8480526727483	0.2772034555283851	0.003077283257308604	0.0322534785002668	0.003077283257308604	0.013952086274721194	-5.107567074265045E-4	0.0322534785002668	-5.107567074265045E-4	0.0157854120652567
4230000	-142.31699708550437	-1.380541275981729	-140.93645580952264	1.5591867575840275	0.005184232800351965	0.17825412591084658	0.005184232800351965	0.02070070813242031	0.003295492122222255	0.17825412591084658	0.003295492122222255	0.0482119063896745
4240000	-149.5804503601796	-0.4726476169793453	-149.10780274320027	1.3208485388713924	0.026909353956432232	0.13209927747113362	0.026909353956432232	0.017911146920232462	5.631502816000182E-4	0.13209927747113362	5.631502816000182E-4	0.028019618907437385
4250000	-168.74630088286133	1.9520066878040438	-170.69830757066538	0.4444572627985919	0.04953905569150366	0.0493312525678877	0.04953905569150366	0.017324916075656824	0.0065699717457703465	0.0493312525678877	0.0065699717457703465	0.017379084812724176
4260000	-182.50270484607452	3.248542142581359	-185.75124698865588	0.31888394057610325	0.0335103047122551	0.0532759783888077	0.0335103047122551	0.022237171581034294	0.004743694479047151	0.0532759783888077	0.004743694479047151	0.021551365162997063
4270000	-156.11884217031303	-1.4724732004248375	-154.6463689698882	1.0121152288720339	0.052566683681431886	0.1814487890912615	0.052566683681431886	0.020502965510694304	0.007749833655752639	0.1814487890912615	0.007749833655752639	0.04821408264553284
4280000	-169.41709880429818	3.1988635685630005	-172.6159623728612	0.45131405149737597	0.013304020727158056	0.10610315843559764	0.013304020727158056	0.022975218440692592	-5.295797277847666E-4	0.10610315843559764	-5.295797277847666E-4	0.040923321796698976
4290000	-171.5624862387501	2.211013500725192	-173.77349973947528	0.3994824791160438	0.017740942289726176	0.06334889171510058	0.017740942289726176	0.015659133931788246	9.469991613396901E-4	0.06334889171510058	9.469991613396901E-4	0.024599728190812423
4300000	-167.89947110380092	2.9852490356565524	-170.88472013945747	0.5763841291777452	0.03793041787818606	0.06512105135986984	0.03793041787818606	0.01904803501010163	0.0011993543663825004	0.06512105135986984	0.0011993543663825004	0.023979436633972943
4310000	-175.33709879327208	2.9841276527997707	-178.32122644607185	0.4358730226385237	0.027941699661858083	0.08991865681807275	0.027941699661858083	0.02596113598574411	0.0013198829588923246	0.08991865681807275	0.0013198829588923246	0.043525016201210534
4320000	-187.89063733047357	2.1027467432231823	-189.99338407369675	0.3417514186367695	0.0019794772074999884	0.07171376238260739	0.0019794772074999884	0.01964281122268322	-0.005331122389466622	0.07171376238260739	-0.005331122389466622	0.032659684411697934
4330000	-195.31483209415	3.6019533091353795	-198.9167854032854	0.1345962676591059	-0.0031925624254108362	0.01372021775842575	-0.0031925624254108362	0.01660556954163066	-0.0011794467308432165	0.01372021775842575	-0.0011794467308432165	0.020104148456938316
4340000	-179.91596628436565	3.6691552464313135	-183.58512153079695	0.36299091219388513	0.010332187689605012	0.062472993091859975	0.010332187689605012	0.01426213411453548	-0.0023737859949491996	0.062472993091859975	-0.0023737859949491996	0.023768675746230566
4350000	-149.03087067871854	0.33074497398741576	-149.36161565270595	0.8103669183081936	0.014969335532690064	0.1021928122493966	0.014969335532690064	0.014725565059848839	0.0011814267431672254	0.1021928122493966	0.0011814267431672254	0.02919170506168833
4360000	-151.91853232303419	1.9293455016282866	-153.84787782466248	0.7464274068628508	0.020891791306545098	0.08693937721930366	0.020891791306545098	0.020059952959323602	3.4392769888649246E-4	0.08693937721930366	3.4392769888649246E-4	0.02424967808229494
4370000	-159.02458349530116	0.351763043989048	-159.3763465392902	0.6992947349610091	0.0129849446406625	0.09049304954527383	0.0129849446406625	0.021965537850104515	3.9396433278794706E-5	0.09049304954527383	3.9396433278794706E-5	0.030855685750541935
4380000	-153.0307294730855	2.6053263615313833	-155.63605583461688	0.7424881484660751	-0.010106272980199196	0.04818502217160438	-0.010106272980199196	0.015141559169735485	-0.00408828328834272	0.04818502217160438	-0.00408828328834272	0.022801705762986624
4390000	-155.52147529544868	2.2061391902664935	-157.72761448571518	0.7373157819820518	0.042609257001971115	0.05151236219882809	0.042609257001971115	0.015061288947289166	0.003004027522281947	0.05151236219882809	0.003004027522281947	0.0245869063758509
4400000	-176.48563028136283	3.043091561906369	-179.5287218432692	0.3512982511676322	0.006764877932045739	0.06807133939423937	0.006764877932045739	0.015330050247132913	6.625269223874004E-4	0.06807133939423937	6.625269223874004E-4	0.03509585258506731
4410000	-176.20341183742568	-0.5422630990451331	-175.66114873838055	0.4923150441566672	0.028849624123803895	0.08453690001754455	0.028849624123803895	0.01605011196390806	0.00452617860675992	0.08453690001754455	0.00452617860675992	0.030977519728876968
4420000	-193.95990503961795	4.281021700447453	-198.2409267400654	0.18051051176066832	0.0057960553496524	0.06876177843078682	0.0057960553496524	0.01634455512614001	-5.551548589235013E-4	0.06876177843078682	-5.551548589235013E-4	0.041737877744737056
4430000	-159.4749561227293	3.0535963133389052	-162.52855243606822	0.6175502340900801	0.02147712098561767	0.07602645366144041	0.02147712098561767	0.02007013210363987	0.002554348493476039	0.07602645366144041	0.002554348493476039	0.02734111716984918
4440000	-194.50180112582387	3.9738192199691005	-198.47562034579298	0.1408445617502046	0.0061463426575734835	0.03387517845750056	0.0061463426575734835	0.016765937692166215	0.0023618072459630993	0.03387517845750056	0.0023618072459630993	0.023264186543352543
4450000	-188.50326303747897	4.586575682430582	-193.08983871990955	0.2122236032049077	0.007214648734091346	0.05543045517309787	0.007214648734091346	0.025034994625810485	0.0025982491086801863	0.05543045517309787	0.0025982491086801863	0.03444457427242019
4460000	-195.79714696872043	4.439730211442845	-200.23687718016328	0.18350270806459623	0.009193001653778296	0.052029801569337446	0.009193001653778296	0.011814005246964052	0.0014964488643500536	0.052029801569337446	0.0014964488643500536	0.029363114483471554
4470000	-202.7103652723071	4.397555732043584	-207.10792100435066	0.09728296200443119	0.0051927363341278026	0.009049181501211893	0.0051927363341278026	0.017466867361752243	-0.0019694948182589194	0.009049181501211893	-0.0019694948182589194	0.017230207818946623
4480000	-182.94322240044153	3.19378030616356	-186.13700270660507	0.33630560506798	0.028126031100013254	0.05177511302530059	0.028126031100013254	0.02092901255516332	0.0028302514610002195	0.05177511302530059	0.0028302514610002195	0.02648400597345872
4490000	-174.99582741136854	3.7400453864586916	-178.73587279782723	0.2781792904750584	-0.0063260531584177805	0.040135512179371106	-0.0063260531584177805	0.021458244343211638	-0.0031901885429996566	0.040135512179371106	-0.0031901885429996566	0.02361636006747807
4500000	-172.49248293998963	0.9917502872118358	-173.48423322720146	0.5685568108610675	0.009277379614096207	0.09454509015088652	0.009277379614096207	0.016348525089654765	-0.001223347886333672	0.09454509015088652	-0.001223347886333672	0.031334529402523764
4510000	-214.502352144269	3.548518836903757	-218.05087098117275	0.12879775028617396	0.018104764042935834	0.06266311327190495	0.018104764042935834	0.025742993256199675	0.0012673241919497757	0.06266311327190495	0.0012673241919497757	0.045612599398600816
4520000	-232.56936791220906	4.567889027782323	-237.13725693999137	0.054205583649776554	0.004715395712587444	0.01644528901227956	0.004715395712587444	0.022586846784543115	-0.005237046605817459	0.01644528901227956	-0.005237046605817459	0.026686829260395218
4530000	-181.9127030344859	4.0847610516756525	-185.99746408616156	0.2828698803105363	0.03121844988339211	0.06592468429260896	0.03121844988339211	0.02011461984404559	0.00706434847855579	0.06592468429260896	0.00706434847855579	0.03794881142816668
4540000	-179.7584428205455	4.244851744778717	-184.0032945653242	0.25115902127805523	0.011610642551756211	0.06533483302830685	0.011610642551756211	0.01780689442625299	0.005398446322770905	0.06533483302830685	0.005398446322770905	0.03144661701553112
4550000	-153.09242105776775	1.6541730853353611	-154.74659414310312	0.9183649545406057	0.02421442957844321	0.14309065363641288	0.02421442957844321	0.0192767160020807	0.0044862737918202	0.14309065363641288	0.0044862737918202	0.04141991446774927
4560000	-173.71428320680292	3.610979037068825	-177.32526224387175	0.33314759328670324	0.03502982065031865	0.07773224085059124	0.03502982065031865	0.017624177110634003	0.0052903037918155095	0.07773224085059124	0.0052903037918155095	0.03762058777724001
4570000	-176.75104233135704	4.3206020744435145	-181.07164440580055	0.37953690324303746	0.0030783427990900072	0.034708708564575995	0.0030783427990900072	0.017758399688423153	6.276180110570163E-4	0.034708708564575995	6.276180110570163E-4	0.025279659670451156
4580000	-179.7899370440575	4.546855874398179	-184.33679291845567	0.21627772014246563	-0.012607744278936931	0.029348591357598725	-0.012607744278936931	0.020019178484731618	-0.00495810285827171	0.029348591357598725	-0.00495810285827171	0.01854974476276408
4590000	-169.3224110572266	0.3271088603860819	-169.64951991761268	0.5722287889804945	-0.007233342484046133	0.08171331337788534	-0.007233342484046133	0.01521748895640536	-8.181312546480086E-4	0.08171331337788534	-8.181312546480086E-4	0.028620487485627063
4600000	-160.12996701352168	0.2559348712691931	-160.38590188479088	0.7019115736400855	-0.010912444494250028	0.08954949478074688	-0.010912444494250028	0.020512021145889812	-0.0021659979338237724	0.08954949478074688	-0.0021659979338237724	0.026600256668259117
4610000	-169.94307950510407	2.4933985653065305	-172.4364780704106	0.4845525642362778	0.045031453610298526	0.05034570936507941	0.045031453610298526	0.03012476554173947	0.0068766835355541945	0.05034570936507941	0.0068766835355541945	0.021415840531765058
4620000	-175.76037103305413	3.4952330501565427	-179.25560408321067	0.42580744623679667	0.03908296751207296	0.05185444324642979	0.03908296751207296	0.017566303678217134	0.0025157044716107514	0.05185444324642979	0.0025157044716107514	0.019333908825945743
4630000	-176.54659829959863	3.1278783125674803	-179.6744766121661	0.46578913026765867	0.004748887706298404	0.09074792521470015	0.004748887706298404	0.012558581669455714	0.0016846511905090921	0.09074792521470015	0.0016846511905090921	0.03724960244394042
4640000	-164.36495026911953	2.0544150071602454	-166.4193652762798	0.5652043184064497	0.01134621466625672	0.11352977470703593	0.01134621466625672	0.014776182065956732	9.737327159967373E-5	0.11352977470703593	9.737327159967373E-5	0.04079924448985353
4650000	-181.39274510859548	2.7004385942700178	-184.0931837028655	0.3367434012085491	-0.0018735479140127736	0.08452770081093398	-0.0018735479140127736	0.015571510509867041	-0.0031229934416512413	0.08452770081093398	-0.0031229934416512413	0.0391281289645268
4660000	-157.0372406365351	1.823802323421972	-158.86104295995708	0.6420471266735269	0.010419732207969714	0.08168227385657086	0.010419732207969714	0.027290350893796996	-0.005398745633815735	0.08168227385657086	-0.005398745633815735	0.029155036106016594
4670000	-164.09549254414577	1.0493498774739543	-165.14484242161973	0.6634215473143451	4.3745114221881284E-4	0.09818062581658223	4.3745114221881284E-4	0.010173167772372692	-0.006166435578627807	0.09818062581658223	-0.006166435578627807	0.03140170830311045
4680000	-195.6489837892693	2.6576220085374676	-198.30660579780675	0.22432038858770245	0.007075201027242667	0.05664315159104305	0.007075201027242667	0.014511794384219456	-1.5177375901429804E-4	0.05664315159104305	-1.5177375901429804E-4	0.02820174011001656
4690000	-218.90139925973122	4.349408614068035	-223.25080787379926	0.11150159645635961	0.01692755350213232	0.035493975790683134	0.01692755350213232	0.02073368639249843	0.008138953059862774	0.035493975790683134	0.008138953059862774	0.03277047308566897
4700000	-205.75738851174086	2.772509675091552	-208.5298981868324	0.12351562528346903	0.0064188017001998365	0.032639154526332446	0.0064188017001998365	0.012444021344785526	-0.0019633228302975733	0.032639154526332446	-0.0019633228302975733	0.03072102317934018
4710000	-191.40083568109517	3.7587930494568007	-195.159628730552	0.19986739127550457	0.005529684127645174	0.03823297590008825	0.005529684127645174	0.0175458389002793	-0.002433754288641269	0.03823297590008825	-0.002433754288641269	0.028954339778875536
4720000	-209.98774455216815	4.693362034565695	-214.68110658673385	0.08362242608632024	-0.007430097997064952	0.032636680013138485	-0.007430097997064952	0.020766984911552978	-0.006212057849731504	0.032636680013138485	-0.006212057849731504	0.026098050644523176
4730000	-166.10276047102062	-0.3697693278216079	-165.732991143199	0.5796299053677882	0.048299168634879396	0.06582515369286464	0.048299168634879396	0.02067155676409247	0.004750193148533917	0.06582515369286464	0.004750193148533917	0.029445217020268644
4740000	-182.1689221629381	2.677943613998643	-184.84686577693674	0.251819706940822	-0.012039852853068073	0.06347398833822691	-0.012039852853068073	0.016979462375498307	-0.004799087748931502	0.06347398833822691	-0.004799087748931502	0.03513843282108973
4750000	-209.04955531334608	4.5968547373137145	-213.6464100506598	0.09526310169554895	5.469990243740473E-4	0.026704057772060624	5.469990243740473E-4	0.020724507411736547	-0.0027880637208234594	0.026704057772060624	-0.0027880637208234594	0.02107671309653078
4760000	-173.0759852291873	3.55925487071232	-176.63524009989962	0.4048166464796892	0.027376378653870572	0.04236448759673009	0.027376378653870572	0.017557580262906262	6.061103757580817E-4	0.04236448759673009	6.061103757580817E-4	0.01826481951627473
4770000	-165.02224667849555	-1.0714882698523835	-163.95075840864317	1.2000066048059002	-0.017010271513256823	0.1127713476291955	-0.017010271513256823	0.016563134313257528	-0.005527763076729335	0.1127713476291955	-0.005527763076729335	0.023540276483745626
4780000	-173.99394915477734	3.8824374749823627	-177.8763866297597	0.31428752970256113	0.0015045248117430772	0.04759967090515084	0.0015045248117430772	0.01456710089633409	0.0019232148631304787	0.04759967090515084	0.0019232148631304787	0.02999636873359625
4790000	-170.6404512644262	2.8595777080614786	-173.50002897248766	0.5227279759655535	-0.011591759456079948	0.08675092249997131	-0.011591759456079948	0.0154695527893615	-0.0032774152002728383	0.08675092249997131	-0.0032774152002728383	0.028607884610943952
4800000	-151.58269016559615	2.5995218836503606	-154.18221204924652	0.6023791137599928	0.005252342754744925	0.07615509590404242	0.005252342754744925	0.015482867448444943	-2.603939489628489E-4	0.07615509590404242	-2.603939489628489E-4	0.031275765519690704
4810000	-198.39429251682898	4.435384303925972	-202.82967682075497	0.20043670867009827	0.011034015569577135	0.026096896602430912	0.011034015569577135	0.019932775275962135	-0.0026215925747013133	0.026096896602430912	-0.0026215925747013133	0.016376633957790675
4820000	-139.12967101794513	0.8240340329662473	-139.95370505091137	1.0359650733187553	-0.0022659677522615506	0.0614946863505972	-0.0022659677522615506	0.015021666756599486	-0.0034443004479473905	0.0614946863505972	-0.0034443004479473905	0.019983064313492067
4830000	-166.1394542594535	3.207063025608042	-169.34651728506154	0.34957816962427685	0.010672630000282584	0.04638491615750451	0.010672630000282584	0.01690490755386726	0.0039552051499473165	0.04638491615750451	0.0039552051499473165	0.025246117377028553
4840000	-144.36999961767216	-0.49919706040341205	-143.87080255726875	1.3749288511226876	0.07015308916410348	0.15386517934319616	0.07015308916410348	0.02421809537796488	0.004895768132686538	0.15386517934319616	0.004895768132686538	0.03547847116485828
4850000	-150.74820701259125	0.6938912972412098	-151.44209830983246	0.92236449616282	-0.009611252442724049	0.09951126656316048	-0.009611252442724049	0.01899933823132157	-9.792246893957019E-4	0.09951126656316048	-9.792246893957019E-4	0.02605341296143969
4860000	-178.76487882751897	3.7635907348893456	-182.5284695624083	0.24135007702697972	0.02083527665466864	0.06402261990140037	0.02083527665466864	0.01944884930966897	0.003395928503351107	0.06402261990140037	0.003395928503351107	0.034421598664000276
4870000	-159.98026802446043	3.351393269601897	-163.33166129406231	0.5822282239410861	-0.019027928953083643	0.06504881248790421	-0.019027928953083643	0.01914671031027165	-0.0034774324738741603	0.06504881248790421	-0.0034774324738741603	0.02486419918834725
4880000	-177.6926920157739	4.276574384170384	-181.96926639994427	0.305900545977205	0.028062465396766757	0.05086096682408429	0.028062465396766757	0.018310264447324302	-0.001103420548916303	0.05086096682408429	-0.001103420548916303	0.029941352912443365
4890000	-168.4777536705397	1.9517860901169222	-170.4295397606566	0.6557481721918891	0.01592258084673244	0.08877505780854966	0.01592258084673244	0.01589600830622454	0.004189249744535358	0.08877505780854966	0.004189249744535358	0.03378991329828602
4900000	-161.51860923457696	1.7609245146677068	-163.27953374924468	0.492835145810697	-0.0045888298017373414	0.04980113477117501	-0.0045888298017373414	0.020317794269572708	-0.0013391711752654913	0.04980113477117501	-0.0013391711752654913	0.024122302108408888
4910000	-171.4529845099839	1.8161291483002433	-173.26911365828414	0.5181620376642421	-0.01599523721271637	0.06836769434518424	-0.01599523721271637	0.02091849609967113	-0.002341968738258151	0.06836769434518424	-0.002341968738258151	0.03162383376279836
4920000	-187.83721574890677	4.780046136190905	-192.6172618850977	0.18921357056650728	-0.00760763150461291	0.04480497459570524	-0.00760763150461291	0.020648496034482502	-0.004325931147044709	0.04480497459570524	-0.004325931147044709	0.02688284065235525
4930000	-208.942883348108	4.8130728342530515	-213.75595618236107	0.12338926533249027	0.0195195140756926	0.031512774833752435	0.0195195140756926	0.0203753169788896	0.003088018881827608	0.031512774833752435	0.003088018881827608	0.028949180975756172
4940000	-193.76943860554766	3.06733294855571	-196.83677155410336	0.20620266725512093	0.037522919655316754	0.04172637983616954	0.037522919655316754	0.022213423910107576	0.004965490888080914	0.04172637983616954	0.004965490888080914	0.025252175683354628
4950000	-178.07955520603687	3.7615866079885922	-181.84114181402546	0.30717266336254084	-6.347746996873021E-4	0.0745987390115857	-6.347746996873021E-4	0.013702435809115211	-0.0018639292769545208	0.0745987390115857	-0.0018639292769545208	0.03348800273572597
4960000	-170.7912093395824	3.6422595202675088	-174.4334688598499	0.4926654734993898	0.004036108047337964	0.06021579056569877	0.004036108047337964	0.017152990513809464	-0.0032506960159929404	0.06021579056569877	-0.0032506960159929404	0.028401131418813973
4970000	-168.08471368223388	3.797752953561254	-171.88246663579514	0.45303103087683694	-9.804751616831953E-5	0.04665336076059	-9.804751616831953E-5	0.017786758593191558	-3.083947776678975E-5	0.04665336076059	-3.083947776678975E-5	0.023891268494555248
4980000	-157.89428090011154	2.86164484226372	-160.75592574237527	0.5640926270407465	-0.017775376958669476	0.08710970710066981	-0.017775376958669476	0.017432176473471284	-0.0030150860763757323	0.08710970710066981	-0.0030150860763757323	0.02971491222449406
4990000	-171.7928891954045	3.496737260275151	-175.28962645567967	0.49773550339822037	0.044756595197982495	0.04507000159446388	0.044756595197982495	0.016450147481403186	0.004051065575594501	0.04507000159446388	0.004051065575594501	0.023104529581529216
5000000	-191.7827642424848	4.20850828637901	-195.99127252886382	0.23381176521661995	0.0202095270293934	0.05782587773364584	0.0202095270293934	0.01841653685094768	0.0028419924548306417	0.05782587773364584	0.0028419924548306417	0.028002991750154287
5010000	-161.30907063108927	3.0904834823770013	-164.39955411346628	0.5837487536852074	0.01078925722583963	0.06400504101099103	0.01078925722583963	0.02228650165091658	0.0014012430804149702	0.06400504101099103	0.0014012430804149702	0.020549364879265078
5020000	-197.35813723747106	3.3057314757877445	-200.6638687132588	0.207842840857416	0.014701556202433857	0.03444688354831012	0.014701556202433857	0.015598294541676818	-0.0016379679473968226	0.03444688354831012	-0.0016379679473968226	0.01460680667702257
5030000	-173.07332525716225	4.259955464916903	-177.33328072207917	0.406571744308977	0.027251872323728648	0.07014305370067907	0.027251872323728648	0.02475273922917245	0.0013895130417255204	0.07014305370067907	0.0013895130417255204	0.032145540712531916
5040000	-156.8761671697859	2.1634663923118422	-159.03963356209775	0.49752204335526	-0.021608788877186393	0.03940192475446426	-0.021608788877186393	0.02305747618943459	-0.0033635348395343588	0.03940192475446426	-0.0033635348395343588	0.01764889435908852
5050000	-160.05678976966223	2.525801594438714	-162.58259136410095	0.7860241112761595	-0.0031575735013982453	0.09598469833208342	-0.0031575735013982453	0.017617364610850637	-0.003541333717666257	0.09598469833208342	-0.003541333717666257	0.03005979757614532
5060000	-159.3819024319475	3.7777252881722307	-163.15962772011974	0.47883793952993603	-0.020128230306590535	0.07237289727358137	-0.020128230306590535	0.017583780607605487	-0.004740781306605007	0.07237289727358137	-0.004740781306605007	0.028888707369714765
5070000	-202.13175997537013	3.0794009436636545	-205.21116091903377	0.17310866123487118	0.02861658040815336	0.034672610922636106	0.02861658040815336	0.0220286965744695	4.4525035758188024E-4	0.034672610922636106	4.4525035758188024E-4	0.0213489334266923
5080000	-190.94412985738273	4.107243408532835	-195.05137326591557	0.3426861356427854	-0.018391903614804337	0.06745160442463997	-0.018391903614804337	0.0238000007339085	-0.0027141363420174008	0.06745160442463997	-0.0027141363420174008	0.03283887480336785
5090000	-185.89921821099787	4.571997712430207	-190.47121592342808	0.2602629234416998	-0.014953525190199235	0.045597392782027936	-0.014953525190199235	0.01960028812960022	-0.006356026067589482	0.045597392782027936	-0.006356026067589482	0.02811491616863307
5100000	-187.79065001269285	3.258212442095841	-191.0488624547887	0.24441764135898456	0.014403651494904747	0.05483075772203136	0.014403651494904747	0.015577561788404167	0.0034871594968165966	0.05483075772203136	0.0034871594968165966	0.025953973875064474
5110000	-156.9857615153635	2.993575631846437	-159.97933714720992	0.567011540518734	0.044452027445279825	0.1213345164188289	0.044452027445279825	0.021292487392798806	0.009032245544489984	0.1213345164188289	0.009032245544489984	0.046315414368479184
5120000	-164.05231435713674	3.581730784154405	-167.63404514129115	0.5373719931114134	-0.017430512665984672	0.0594671986972904	-0.017430512665984672	0.01843154581864302	-0.003719273666939081	0.0594671986972904	-0.003719273666939081	0.025483318325131586
5130000	-160.8912058147268	3.607046315515098	-164.4982521302419	0.5701955562103086	-0.017194798127203547	0.07765339911182058	-0.017194798127203547	0.01871535136845567	-0.005799397752055881	0.07765339911182058	-0.005799397752055881	0.03526475273839866
5140000	-147.67107575666327	-1.0466020785002241	-146.62447367816304	1.2208443297278841	0.044151137729153495	0.1284485758862181	0.044151137729153495	0.022042015432437907	0.004980314407085572	0.1284485758862181	0.004980314407085572	0.027411801567234276
5150000	-143.44644878375087	-1.2915227418650077	-142.15492604188586	1.5173914430427755	-0.02330201012476788	0.10807371582602682	-0.02330201012476788	0.01988412822492163	-0.003729967682839279	0.10807371582602682	-0.003729967682839279	0.02246063473156045
5160000	-151.28013101335887	2.328199024891699	-153.60833003825056	0.8633731669091825	0.0527350038875641	0.07939139020207783	0.0527350038875641	0.0250141753652978	0.004014002990899781	0.07939139020207783	0.004014002990899781	0.027433060365805298
5170000	-142.28029482773687	-0.6393187567839117	-141.64097607095295	1.350911107059403	0.020364087749436967	0.1379147956772638	0.020364087749436967	0.015928588665630256	0.0029126364049047396	0.1379147956772638	0.0029126364049047396	0.030325461579836177
5180000	-146.07161491260487	-1.3422417167766767	-144.7293731958282	0.8318472691810858	-0.015095414082008258	0.07271039735289443	-0.015095414082008258	0.014807535814448379	-0.002854370662423357	0.07271039735289443	-0.002854370662423357	0.02514245032673249
5190000	-178.73727217280222	4.263019603661153	-183.00029177646337	0.2695424414221915	0.005660765540093333	0.05095834267521997	0.005660765540093333	0.01969063229502432	-7.704590481989802E-4	0.05095834267521997	-7.704590481989802E-4	0.02288412092064954
5200000	-180.0692488520084	3.786132095007821	-183.85538094701622	0.33993067061906973	0.00758131829605663	0.04248650265183142	0.00758131829605663	0.01667122327445518	-0.00476763557827338	0.04248650265183142	-0.00476763557827338	0.024428820584264314
5210000	-201.01745767247556	3.904194397970663	-204.9216520704462	0.2416685754496636	-0.009489801331165136	0.05504121193608369	-0.009489801331165136	0.01627639829194901	-0.005871612541431155	0.05504121193608369	-0.005871612541431155	0.03297493638840142
5220000	-151.76726879305755	1.361814701027937	-153.12908349408548	0.7839851323575239	0.009195225348001303	0.13731211970853582	0.009195225348001303	0.018632216205477926	-0.0020809472389575843	0.13731211970853582	-0.0020809472389575843	0.041505518573735634
5230000	-195.41544256931476	4.633576908552148	-200.04901947786692	0.13866619105866052	-0.006904162629532116	0.02494278343419516	-0.006904162629532116	0.01868584102102245	-0.0028637626934868814	0.02494278343419516	-0.0028637626934868814	0.02031313142196702
5240000	-195.0307481022353	4.101646599329698	-199.132394701565	0.17166597458230087	-0.0057342845140589006	0.033701457828848015	-0.0057342845140589006	0.01366860581760867	-0.0017099950370143432	0.033701457828848015	-0.0017099950370143432	0.02017135554844329
5250000	-175.65456922226377	3.1433379879185424	-178.7979072101823	0.2962484988201155	0.011358246820514261	0.04254583654338972	0.011358246820514261	0.016245191286706245	-8.212374919517255E-4	0.04254583654338972	-8.212374919517255E-4	0.023335074290874044
5260000	-204.20280538308728	4.251915746306536	-208.45472112939382	0.1620417612624129	0.03053522151624244	0.039502686968286405	0.03053522151624244	0.025440400503207884	0.00521843808056143	0.039502686968286405	0.00521843808056143	0.029672617632964648
5270000	-191.75565611535606	3.3710234314119014	-195.12667954676797	0.2071731524597926	8.526200091950302E-4	0.04249548603161338	8.526200091950302E-4	0.013834534023633108	-0.004553651493792985	0.04249548603161338	-0.004553651493792985	0.02318167231573119
5280000	-146.3643845356766	0.7423665571674153	-147.10675109284404	1.131917839910921	-0.01997158648201158	0.09837322465993498	-0.01997158648201158	0.019028420824706304	-0.005252540964090286	0.09837322465993498	-0.005252540964090286	0.02693180929897219
5290000	-157.72123322699576	3.5653810472006846	-161.28661427419644	0.40383718447437256	0.014228433022676207	0.0542073182183689	0.014228433022676207	0.016466208636285447	-9.774753356898962E-4	0.0542073182183689	-9.774753356898962E-4	0.021388631180215313
5300000	-171.11396392379578	2.4310530667437362	-173.54501699053952	0.47431199855739303	5.158349020304435E-4	0.071680900691274	5.158349020304435E-4	0.021280404431472336	-0.0010095274161938353	0.071680900691274	-0.0010095274161938353	0.024450616746921797
5310000	-180.10992460718043	4.388496444498047	-184.4984210516785	0.2636974920551744	-0.008700252497437694	0.035254366453098596	-0.008700252497437694	0.014994820360879048	-0.00131739211471156	0.035254366453098596	-0.00131739211471156	0.018002528360541524
5320000	-188.86070062286288	3.391267127297403	-192.25196775016028	0.24840046647003522	-0.0017996818157861869	0.028789350933195297	-0.0017996818157861869	0.015066768429491673	-0.0010266349657584001	0.028789350933195297	-0.0010266349657584001	0.021805282953095327
5330000	-195.90759338768413	4.436828194636241	-200.34442158232036	0.21786721140221257	0.024505691687623683	0.049499385714051686	0.024505691687623683	0.016137094246435127	0.0035565993665444304	0.049499385714051686	0.0035565993665444304	0.023000830898921534
5340000	-175.48919049634733	-1.3212647635962416	-174.1679257327511	0.3758508014226826	-9.912783528014133E-4	0.043126856116676375	-9.912783528014133E-4	0.02020309427160275	-0.005706611084725024	0.043126856116676375	-0.005706611084725024	0.01751099963604671
5350000	-184.3757724083105	4.633832403300069	-189.00960481161056	0.24659805962989775	-0.016426871514498165	0.043458543203087945	-0.016426871514498165	0.020342263368735236	-0.007614291548163421	0.043458543203087945	-0.007614291548163421	0.025961086443694097
5360000	-191.4164452280174	4.553754799064091	-195.9702000270815	0.300569639572505	0.0023172241924807224	0.07967422586620997	0.0023172241924807224	0.02507578960651721	-0.004317865613646655	0.07967422586620997	-0.004317865613646655	0.04193471781679844
5370000	-177.99837173565822	4.29508601725024	-182.29345775290847	0.32487263429438196	0.022112449268045384	0.0627348929494267	0.022112449268045384	0.01668109110245359	0.004304405564181996	0.0627348929494267	0.004304405564181996	0.03198976840125987
5380000	-199.68185902564304	3.960305750842072	-203.64216477648512	0.16335285032640817	-0.004658276421365101	0.046087155750718874	-0.004658276421365101	0.021694559734936295	-0.002347866566584456	0.046087155750718874	-0.002347866566584456	0.02845954606431617
5390000	-167.75466842724825	1.651471895391253	-169.4061403226395	0.637763629806378	0.03315260552149382	0.08535817669838779	0.03315260552149382	0.019246468288624502	0.002175160578642086	0.08535817669838779	0.002175160578642086	0.028985622398035413
5400000	-169.46113693724953	2.3030289029085016	-171.76416584015803	0.5513055140410242	0.02524828160812732	0.07234973388476752	0.02524828160812732	0.018478751954226713	0.004026868700482364	0.07234973388476752	0.004026868700482364	0.027598855744502132
5410000	-155.93554383581667	0.45804727601349915	-156.39359111183018	0.8815684718833431	0.03744578183605616	0.11382394595687567	0.03744578183605616	0.01660338220789339	0.0016403060458944105	0.11382394595687567	0.0016403060458944105	0.03318697303669253
5420000	-164.49415294639144	3.854215143275342	-168.3483680896668	0.4562244165724438	0.02249807803559625	0.04335724131992445	0.02249807803559625	0.01737676038598057	-0.001171162242282055	0.04335724131992445	-0.001171162242282055	0.024433228414171514
5430000	-176.15050546807973	4.170389450319284	-180.320894918399	0.3584623153170144	0.007130591180171544	0.06325118786332314	0.007130591180171544	0.016064187856990063	6.368231347939178E-4	0.06325118786332314	6.368231347939178E-4	0.028819563348933354
5440000	-157.5691005780618	2.351242814662984	-159.9203433927248	0.47676874651704576	0.009560143367975053	0.0810117837006352	0.009560143367975053	0.016253496214323503	-3.3837075926099235E-4	0.0810117837006352	-3.3837075926099235E-4	0.031558006551049865
5450000	-176.92333909780533	4.31562614895091	-181.23896524675624	0.30335990834060983	0.009571433494694467	0.02544543438628414	0.009571433494694467	0.01915274529126402	-9.518693567099244E-4	0.02544543438628414	-9.518693567099244E-4	0.02055666181120922
5460000	-175.3573115658291	2.853660358347823	-178.2109719241769	0.3931625969559512	-0.012696504345571104	0.049674943391627306	-0.012696504345571104	0.018522255587745236	-6.515114682217036E-4	0.049674943391627306	-6.515114682217036E-4	0.025166225245400724
5470000	-179.37075432329297	0.31183130656336466	-179.68258562985633	0.3152533680449334	-0.001088722390319487	0.046583161098800424	-0.001088722390319487	0.017197099222350968	0.0019122455532905966	0.046583161098800424	0.0019122455532905966	0.01817302128833623
5480000	-158.33327329972462	0.04239032789158026	-158.3756636276162	0.8820725921086346	0.012761143286338275	0.07921819010407619	0.012761143286338275	0.020194722667150968	-9.088037724849036E-4	0.07921819010407619	-9.088037724849036E-4	0.028945213547008693
5490000	-157.44850054412697	2.8414643974029463	-160.28996494152992	0.6660314817770069	-0.006260132038863508	0.1065152751455102	-0.006260132038863508	0.017567276044640864	-2.5543615648864273E-4	0.1065152751455102	-2.5543615648864273E-4	0.034877172485196596
5500000	-172.31444993567752	2.3453976241189554	-174.65984755979648	0.3601015873386736	0.016090487009032886	0.07538046285031177	0.016090487009032886	0.015148633076473628	0.0038292413132834263	0.07538046285031177	0.0038292413132834263	0.036782609562685385
5510000	-159.33713266212774	3.031801481845854	-162.3689341439736	0.6472895372309377	0.020280165885756245	0.08680225669766284	0.020280165885756245	0.014987416315320941	7.244778329687346E-4	0.08680225669766284	7.244778329687346E-4	0.029374133580805907
5520000	-144.8760435692139	2.0217826714556257	-146.89782624066953	0.817174708118796	0.016531060184524268	0.07087798097573839	0.016531060184524268	0.01696605358320119	-0.001176728382596569	0.07087798097573839	-0.001176728382596569	0.025871096233465646
5530000	-173.00579615864484	0.12052409651661344	-173.12632025516146	0.4792102642574896	-0.013046086456603538	0.08278900865995914	-0.013046086456603538	0.016065496459934648	-0.003203601645106542	0.08278900865995914	-0.003203601645106542	0.02837711307962812
5540000	-188.1712683716573	3.9548201641049037	-192.12608853576222	0.2645175850930224	-0.025097263282344618	0.07401148052507413	-0.025097263282344618	0.02130090246710625	-0.00806220779819546	0.07401148052507413	-0.00806220779819546	0.032219810100117416
5550000	-181.93380687262825	2.529583400327008	-184.46339027295525	0.4004088021332142	0.035350720982867956	0.07196518128535058	0.035350720982867956	0.0174276270349974	0.0026255369742272747	0.07196518128535058	0.0026255369742272747	0.030735479390935655
5560000	-175.34678660601529	1.6747403587711744	-177.02152696478646	0.3566473755853743	0.009871546800977161	0.04778433478575141	0.009871546800977161	0.016864816846667904	-0.0035218026828270415	0.04778433478575141	-0.0035218026828270415	0.023364566306121513
5570000	-163.3621283361053	-2.8212220524983116	-160.54090628360697	1.125588764486556	-0.0070244532662808055	0.10743625344238997	-0.0070244532662808055	0.018920894586681863	-0.0027307671166378914	0.10743625344238997	-0.0027307671166378914	0.028146006628822468
5580000	-185.70330619772832	3.722596856566634	-189.42590305429496	0.17866566302925233	0.0014823696515326875	0.02687284990445899	0.0014823696515326875	0.017916503568133766	-0.0015269984299350404	0.02687284990445899	-0.0015269984299350404	0.02201948227903018
5590000	-147.98655586679516	1.6345456196313548	-149.6211014864265	0.9293218410243085	0.020655675825083885	0.08410950860934786	0.020655675825083885	0.02146059929354664	0.002120778723456732	0.08410950860934786	0.002120778723456732	0.026151242540907265
5600000	-187.2208488191674	4.577639994389493	-191.7984888135569	0.19929371456746897	-0.028262848409413496	0.027193392169518108	-0.028262848409413496	0.025672189657052563	-0.008684942124952324	0.027193392169518108	-0.008684942124952324	0.0212368981240582
5610000	-197.09423758016914	2.51712884688536	-199.6113664270545	0.13989872527568525	9.768765650323052E-4	0.018391493148674845	9.768765650323052E-4	0.01586521276020089	-0.002094941424571806	0.018391493148674845	-0.002094941424571806	0.020562488144167678
5620000	-191.32348468748205	2.381490913008963	-193.70497560049103	0.2897403645208679	0.019825415931663166	0.054831333607789225	0.019825415931663166	0.015728951722925134	7.096709506637091E-4	0.054831333607789225	7.096709506637091E-4	0.023975911778075402
5630000	-182.63773183974038	2.6159607520433186	-185.2536925917837	0.3247531062432463	0.01690899760304662	0.055343718943877865	0.01690899760304662	0.019175808446110547	0.004174866165759069	0.055343718943877865	0.004174866165759069	0.0205478524369709
5640000	-180.4585755656729	3.1568049019515496	-183.61538046762445	0.33272545838950346	0.011739472135067626	0.02107879246062937	0.011739472135067626	0.01986363451774412	-0.0011162037068600636	0.02107879246062937	-0.0011162037068600636	0.014804856756925878
5650000	-206.37135096510843	3.1066787687865163	-209.47802973389494	0.12117562217197535	0.008021606953410388	0.05014098730200621	0.008021606953410388	0.014445897497798269	-8.314053145436926E-4	0.05014098730200621	-8.314053145436926E-4	0.03791039150487542
5660000	-178.53842687344866	3.8234060327755666	-182.36183290622424	0.3042049629463003	0.004709083295693383	0.03821768142375579	0.004709083295693383	0.0215868602617902	-0.00271958002544988	0.03821768142375579	-0.00271958002544988	0.02703319756018252
5670000	-198.72018921247724	4.7239401810705175	-203.44412939354777	0.1744128090788689	0.004052160363491275	0.034451447891609845	0.004052160363491275	0.018092719839035192	-6.524362800225206E-4	0.034451447891609845	-6.524362800225206E-4	0.025969978257227
5680000	-188.25186208591552	0.10998478869528938	-188.36184687461082	0.19752788908176602	0.01142071242546005	0.039986911921368926	0.01142071242546005	0.015967010018734445	0.0038988480488974684	0.039986911921368926	0.0038988480488974684	0.020903183845613856
5690000	-165.0441913586805	2.183083419337311	-167.22727477801783	0.3979376687332854	0.010245832864860286	0.050646131151411415	0.010245832864860286	0.015027849632589506	-0.0032165114651117044	0.050646131151411415	-0.0032165114651117044	0.02458962355657261
5700000	-194.50561455230712	3.753044075589351	-198.25865862789647	0.19282190536475968	0.010537577924655223	0.041350814867252575	0.010537577924655223	0.021434262544855493	-0.0027647232205399368	0.041350814867252575	-0.0027647232205399368	0.02463603613636646
5710000	-162.63044561472566	1.9387775793261972	-164.56922319405186	0.6171154218106714	0.0277405989056252	0.05011549049674662	0.0277405989056252	0.020137154337261064	0.0025058788452938575	0.05011549049674662	0.0025058788452938575	0.019034435729116273
5720000	-189.77146229394896	4.278833967903328	-194.05029626185228	0.33935723176338956	0.009133254959930238	0.06491711210291862	0.009133254959930238	0.023243332890206785	0.0021926028503115543	0.06491711210291862	0.0021926028503115543	0.033554679930635496
5730000	-192.24245334745981	2.351314339316343	-194.59376768677615	0.19202414514414057	-0.0031563985310260586	0.05661116388500788	-0.0031563985310260586	0.018095680080139814	-0.00270576355298122	0.05661116388500788	-0.00270576355298122	0.03064988629138638
5740000	-183.08430877928623	3.691984185231938	-186.77629296451818	0.3562347858791327	0.005011969364106473	0.06620068258934293	0.005011969364106473	0.01746221099087706	-7.740283678643012E-4	0.06620068258934293	-7.740283678643012E-4	0.02896656671434616
5750000	-193.81049312884184	2.144685148496111	-195.95517827733795	0.3592463621797037	0.01555284466660951	0.10709582289753955	0.01555284466660951	0.01979760257151801	-0.0023037636397616823	0.10709582289753955	-0.0023037636397616823	0.0485401277437899
5760000	-176.87588641795563	3.301625601803148	-180.17751201975878	0.4205249572198864	-0.007806848102462972	0.05481220282925957	-0.007806848102462972	0.02042973998822082	-0.004343431997229828	0.05481220282925957	-0.004343431997229828	0.022070362920159948
5770000	-148.4837487862508	1.0564810547607824	-149.54022984101158	0.7868557399936434	0.025765119032162997	0.06559422752753731	0.025765119032162997	0.0192560363493662	-0.002670525824729158	0.06559422752753731	-0.002670525824729158	0.02262469002233407
5780000	-170.94920314105534	2.534138974170367	-173.4833421152257	0.42358391665753387	0.01061775755047442	0.09007637448300078	0.01061775755047442	0.012512160673941713	-6.585101256781373E-4	0.09007637448300078	-6.585101256781373E-4	0.0366417089286165
5790000	-172.75726117144993	3.9597351599639454	-176.71699633141387	0.3803179930742048	0.028760425045608707	0.023302098232083877	0.028760425045608707	0.021468078584094514	6.879794732731826E-4	0.023302098232083877	6.879794732731826E-4	0.020058716212623905
5800000	-153.95104438494067	1.2049856540275257	-155.1560300389682	0.7664139512667204	0.04370659610566476	0.005900231550236422	0.04370659610566476	0.02297350147658646	-0.001618153133263685	0.005900231550236422	-0.001618153133263685	0.02062294711555052
5810000	-141.97491603618022	0.5203772865285653	-142.4952933227088	1.1779883737540642	0.011433077467800916	0.0978781020554711	0.011433077467800916	0.0247130925580049	-0.005395299372275202	0.0978781020554711	-0.005395299372275202	0.02626604825205374
5820000	-175.0875393222587	2.486368531467051	-177.57390785372576	0.3065700381603316	-0.0018595783930459425	0.041764451298785074	-0.0018595783930459425	0.02141803836289674	-0.008254058958788611	0.041764451298785074	-0.008254058958788611	0.02831035423391496
5830000	-168.0638040907569	3.243208348838863	-171.30701243959575	0.41217133148465496	0.011013875850533863	0.05942356201560163	0.011013875850533863	0.01741036140091834	-0.0018817932172728543	0.05942356201560163	-0.0018817932172728543	0.02857698363422458
5840000	-149.97763222112772	0.7296922166811063	-150.70732443780884	0.9003553075061347	-0.032532096341987594	0.09817753603016816	-0.032532096341987594	0.018930836862442343	-0.0060947661800778395	0.09817753603016816	-0.0060947661800778395	0.023697084585519064
5850000	-165.6336106701361	1.6704461780051902	-167.3040568481413	0.6844016575264562	-0.011161772091564664	0.10208695342110895	-0.011161772091564664	0.015138358329987257	-0.006407392426889776	0.10208695342110895	-0.006407392426889776	0.029428596765512016
5860000	-184.39875430356287	2.6012331230907955	-186.99998742665366	0.25544322775570977	0.014997578804401342	0.04347361231123115	0.014997578804401342	0.0141412239423054	6.828805254942133E-4	0.04347361231123115	6.828805254942133E-4	0.023947709891441838
5870000	-176.81486588862333	2.405073025768869	-179.2199389143922	0.35485501974989936	0.011620563641678553	0.06540122289236323	0.011620563641678553	0.024308526055729165	9.665536260149504E-4	0.06540122289236323	9.665536260149504E-4	0.03334278326698476
5880000	-159.579612916895	2.5068677907348316	-162.08648070762985	0.7123670432452739	0.026089828565046	0.07223779030803397	0.026089828565046	0.017006081503325023	6.277392981054349E-4	0.07223779030803397	6.277392981054349E-4	0.027686568621534704
5890000	-192.50191657139914	3.201315976452482	-195.70323254785163	0.19942853216413894	0.010116259036632711	0.030124628592406166	0.010116259036632711	0.02166162185185998	0.001414001495664909	0.030124628592406166	0.001414001495664909	0.02577996061909643
5900000	-168.34782714008236	4.0636155257387125	-172.41144266582108	0.43163185635247364	0.020495432567055855	0.07302332888984783	0.020495432567055855	0.018196422233277925	0.001782397415761276	0.07302332888984783	0.001782397415761276	0.03272975131023511
5910000	-160.10508767277028	1.6166623252057515	-161.72174999797602	0.8820266397737301	0.07797415833238995	0.11938796783582818	0.07797415833238995	0.022520122094872714	0.0064838630543666426	0.11938796783582818	0.0064838630543666426	0.02903792086519634
5920000	-176.93785662885077	3.0138141831511107	-179.95167081200188	0.4105163734905903	0.02704409305777238	0.08128925061236365	0.02704409305777238	0.019267449646620298	8.371466894428739E-4	0.08128925061236365	8.371466894428739E-4	0.038651329178901545
5930000	-159.7519312450333	3.594383785656902	-163.3463150306902	0.4684520227328017	0.0012576777910928837	0.07399377652007062	0.0012576777910928837	0.013381698496632802	3.4421835221236786E-4	0.07399377652007062	3.4421835221236786E-4	0.02822842920958548
5940000	-168.12135474236936	3.698114244789636	-171.81946898715898	0.49085757867941787	-0.0037302760513130465	0.04854092208407342	-0.0037302760513130465	0.015876430292632356	0.0020564885471693684	0.04854092208407342	0.0020564885471693684	0.021592984267074546
5950000	-191.85011647617446	2.9546660880135645	-194.80478256418803	0.2093347588974971	0.019219291181052048	0.06061186385870563	0.019219291181052048	0.013390379907751947	0.005069066220485258	0.06061186385870563	0.005069066220485258	0.0411412930970691
5960000	-205.17118014091503	3.34934048722781	-208.52052062814283	0.17369391784247304	0.009438538992163884	0.04066248537964302	0.009438538992163884	0.02326669277371828	-0.0036369386835627656	0.04066248537964302	-0.0036369386835627656	0.028753373027478844
5970000	-198.91343245129625	4.576888364537922	-203.49032081583417	0.16333818808943587	-0.026981222220831047	0.0351489967089452	-0.026981222220831047	0.017007919898350012	-0.005106829836121939	0.0351489967089452	-0.005106829836121939	0.022979148748713235
5980000	-200.58710571260332	4.50662720929956	-205.09373292190287	0.1285305555857658	0.015274487629980809	0.034724206298711716	0.015274487629980809	0.023049731091023814	-0.0037911892893425347	0.034724206298711716	-0.0037911892893425347	0.032149375429293706
5990000	-173.7657509069456	3.7058108517135233	-177.47156175865913	0.38369630024626944	1.4610441164515352E-4	0.07529962444521578	1.4610441164515352E-4	0.017194892502742636	-0.0034863296965519774	0.07529962444521578	-0.0034863296965519774	0.03154152685619943
6000000	-162.0183072129474	3.1972271358667332	-165.21553434881415	0.5552145045930585	0.04986037877042711	0.06978719132878985	0.04986037877042711	0.02371695098776624	-0.0022917077765443198	0.06978719132878985	-0.0022917077765443198	0.024456746291577208
6010000	-173.3467613227927	0.7160351034294474	-174.06279642622215	0.5053977871396323	-0.013058559098001505	0.07976663638285468	-0.013058559098001505	0.022067604284117717	-0.00562223470969136	0.07976663638285468	-0.00562223470969136	0.029399325624577505
6020000	-161.4714245896145	2.246114576975359	-163.71753916658986	0.6739742964272577	0.021426674165046716	0.05961674296792384	0.021426674165046716	0.01784705407944976	-0.0014518945292492746	0.05961674296792384	-0.0014518945292492746	0.022114318415810935
6030000	-191.54237366311568	4.0533738091213944	-195.59574747223706	0.3085492311906499	0.022333299072237398	0.05934570767833014	0.022333299072237398	0.02053402519503276	0.004170503815922598	0.05934570767833014	0.004170503815922598	0.030079763073352805
6040000	-141.42135696833626	0.7479452715300047	-142.16930223986625	0.9340397956279684	0.006107086735367633	0.06945604362312431	0.006107086735367633	0.014934140027972687	-0.004046918502136615	0.06945604362312431	-0.004046918502136615	0.024115826346187107
6050000	-179.88362114174944	4.148917145310877	-184.03253828706033	0.3038934164817316	0.022043906424655774	0.0604786117662756	0.022043906424655774	0.01794142984868345	0.004690881727683959	0.0604786117662756	0.004690881727683959	0.028696455681634744
6060000	-182.39164395114824	3.523405029565817	-185.91504898071406	0.3128283978062317	0.01467772998629957	0.044633400437159514	0.01467772998629957	0.019377186703435766	-0.0014125883371366	0.044633400437159514	-0.0014125883371366	0.025420931151454454
6070000	-187.50015604900258	4.4018112734618144	-191.9019673224644	0.20884109465802236	-0.008589673899497526	0.05677522999605785	-0.008589673899497526	0.01715094815854643	-0.0025504496190593626	0.05677522999605785	-0.0025504496190593626	0.030782311975577688
6080000	-181.34832514166303	2.4994338374503617	-183.8477589791134	0.28423481937421957	0.013668017338999259	0.03817687888235686	0.013668017338999259	0.017514636298006182	-0.003140907390572475	0.03817687888235686	-0.003140907390572475	0.027240812698472797
6090000	-172.1854233520847	4.060736441999084	-176.2461597940838	0.29164805724020826	0.005565757153489671	0.04426722254103048	0.005565757153489671	0.02294430894264575	-0.0035678819381305704	0.04426722254103048	-0.0035678819381305704	0.02707300449354815
6100000	-170.41339784410428	3.3897509284700216	-173.8031487725743	0.4701015457609525	0.00428509399846285	0.08350594333273345	0.00428509399846285	0.016138241478363083	0.0014725388176649503	0.08350594333273345	0.0014725388176649503	0.032187477157189615
6110000	-168.43852439474944	3.4161611122711157	-171.85468550702055	0.5139187396372841	-0.020796436065042827	0.08752124222194775	-0.020796436065042827	0.01430830045878331	-0.001775678762201612	0.08752124222194775	-0.001775678762201612	0.029021463686338508
6120000	-155.81794478069216	1.6969899468182605	-157.51493472751042	0.9556849393759052	0.0631928344990014	0.11198803024754327	0.0631928344990014	0.02167947908248211	0.006881306501236607	0.11198803024754327	0.006881306501236607	0.031060328891236534
6130000	-194.13446870241768	3.407486691267521	-197.54195539368519	0.12706169102723897	-0.0035952414503944334	0.03525327666293439	-0.0035952414503944334	0.017635271219444932	-0.003410323234597843	0.03525327666293439	-0.003410323234597843	0.02632987491579376
6140000	-199.17921129794038	3.0283306189519363	-202.20754191689232	0.13804637923565546	0.0012161008676049873	0.012252223227676634	0.0012161008676049873	0.019431224078120472	-0.0037713085320723607	0.012252223227676634	-0.0037713085320723607	0.023497822659361584
6150000	-199.71893723351525	3.5127296836926742	-203.23166691720792	0.14636613797241987	0.007842691068153896	0.041916834374537894	0.007842691068153896	0.017148048730337675	0.0033427736487558844	0.041916834374537894	0.0033427736487558844	0.032686180313106765
6160000	-182.2221506530484	4.083908708897964	-186.30605936194635	0.29893556379717173	-0.021109038310393888	0.042017831317472505	-0.021109038310393888	0.023131888833000352	-0.0025685093925597877	0.042017831317472505	-0.0025685093925597877	0.02511369874270151
6170000	-150.49894614896027	-0.5605434075062212	-149.93840274145404	1.0953846624106742	0.0046006422577172966	0.06640020850226876	0.0046006422577172966	0.016785606701720034	-0.006280665433644539	0.06640020850226876	-0.006280665433644539	0.023923837604136237
6180000	-146.19778615793982	0.45211112069386317	-146.6498972786337	1.0263412396606737	0.01640020063492455	0.11986066965883169	0.01640020063492455	0.021132038201010537	-0.0014111354123091443	0.11986066965883169	-0.0014111354123091443	0.03218707496129472
6190000	-157.4058634711789	2.4906284695786614	-159.89649194075756	0.7636927354498187	0.004334293681932546	0.06884496915781672	0.004334293681932546	0.02301425412286107	-0.001158860744172803	0.06884496915781672	-0.001158860744172803	0.0228014517148235
6200000	-200.1684096626563	4.73043893186555	-204.89884859452187	0.116117320572646	0.009075475722402054	0.017232566251317766	0.009075475722402054	0.023803077614466293	-1.8431777964681545E-4	0.017232566251317766	-1.8431777964681545E-4	0.01931012213432908
6210000	-230.90919521882026	4.091234326618743	-235.000429545439	0.0485585321278886	-0.005503072772111075	0.02178440740529307	-0.005503072772111075	0.018328200392223416	-0.002307085722431678	0.02178440740529307	-0.002307085722431678	0.030241722475696516
6220000	-212.32843005876305	4.106293411391569	-216.4347234701546	0.08498307387995514	0.00549370502891583	0.017143705534307347	0.00549370502891583	0.011573855783232076	-6.608215809419114E-4	0.017143705534307347	-6.608215809419114E-4	0.023470168672878534
6230000	-218.05180921779942	4.257572305761391	-222.3093815235608	0.06104454005147556	0.011905734991177159	0.014927498064617857	0.011905734991177159	0.01834730906831402	-0.0016773445896962422	0.014927498064617857	-0.0016773445896962422	0.023801528828592287
6240000	-161.11712929159987	1.1701546454662868	-162.28728393706615	0.7729229159386423	-0.02977737578444365	0.08110064863272844	-0.02977737578444365	0.01804656811327231	-0.0055001028083064875	0.08110064863272844	-0.0055001028083064875	0.027920132413220687
6250000	-161.21556051867142	-0.8929385066358773	-160.32262201203554	0.5965334715948442	-0.0071520660178741625	0.04938825979356615	-0.0071520660178741625	0.020370215333922373	-0.0046009791197813305	0.04938825979356615	-0.0046009791197813305	0.01888508664291428
6260000	-147.88856875745984	-0.17777684340659594	-147.71079191405323	1.1321424421282704	0.027969168320787753	0.14726242777622542	0.027969168320787753	0.02102066257499993	0.001101201877743516	0.14726242777622542	0.001101201877743516	0.03958039471631883
6270000	-182.73555243794956	4.104445625170349	-186.8399980631199	0.36706086650560715	-0.02676908789986974	0.07963134249541924	-0.02676908789986974	0.017139034473264793	-0.005491459710715956	0.07963134249541924	-0.005491459710715956	0.040570755002020086
6280000	-190.285712194503	4.07966048390319	-194.36537267840617	0.20674393318964945	-0.01093661148421208	0.043995854664737565	-0.01093661148421208	0.02079500181781374	-0.010251794915521636	0.043995854664737565	-0.010251794915521636	0.02850053758837077
6290000	-172.60591949292606	3.4832749749365495	-176.08919446786263	0.40243209999764434	0.04294155429721105	0.03901723263280871	0.04294155429721105	0.021068610178182453	0.002718437976912404	0.03901723263280871	0.002718437976912404	0.020648801807235127
6300000	-176.54906963701058	2.3994006320740757	-178.94847026908465	0.430801917220166	-0.02716021631984017	0.0527919833526787	-0.02716021631984017	0.01886403423885757	-0.0033720912751935847	0.0527919833526787	-0.0033720912751935847	0.02151545609885681
6310000	-156.68893148585948	3.097385579204826	-159.7863170650643	0.6565490937127116	0.021260884485938023	0.07711780437915788	0.021260884485938023	0.019043490135517857	-5.013327990690038E-4	0.07711780437915788	-5.013327990690038E-4	0.026479851304028253
6320000	-149.2425039714686	1.3030742682630074	-150.5455782397316	0.785381603335445	0.07099138582293248	0.06614291687649293	0.07099138582293248	0.021604392642726893	0.005295217736752292	0.06614291687649293	0.005295217736752292	0.024389216290580024
6330000	-150.46114208828942	1.2714399505498468	-151.73258203883927	0.9380525927253184	0.028770365985474337	0.07648841077094727	0.028770365985474337	0.018738860480983142	0.002539401772045589	0.07648841077094727	0.002539401772045589	0.02411372721940024
6340000	-149.0576092798342	2.017509016504505	-151.0751182963387	0.8659985285700836	0.017041651089684338	0.10106604271522007	0.017041651089684338	0.02315436842041393	-0.0010291813564602126	0.10106604271522007	-0.0010291813564602126	0.02707094034915663
6350000	-163.54595861255922	2.4648984581914894	-166.01085707075072	0.6571590027840034	-0.04861610909735927	0.10702750043286015	-0.04861610909735927	0.016979003076686802	-0.009198321198923826	0.10702750043286015	-0.009198321198923826	0.03228316621079369
6360000	-183.38261628627043	4.433741146381135	-187.81635743265156	0.2635456521263266	-0.018689860189945805	0.0749844453672648	-0.018689860189945805	0.020991224502283176	-0.007876471735903017	0.0749844453672648	-0.007876471735903017	0.03913631971791447
6370000	-186.80671685363203	4.875782864796981	-191.682499718429	0.21516062454393134	0.009276830200821241	0.03107047029987385	0.009276830200821241	0.016500707691626152	-0.0020362607979827123	0.03107047029987385	-0.0020362607979827123	0.029308259912604863
6380000	-190.0386825192584	4.542667252000139	-194.58134977125854	0.1890902456812009	-0.0025360484327991324	0.032495853199081146	-0.0025360484327991324	0.016245631884543633	-0.0033800875226914725	0.032495853199081146	-0.0033800875226914725	0.020589516330732284
6390000	-196.70214657915753	4.793545754185176	-201.4956923333427	0.18680235242711574	-0.011337624768942543	0.04820315335657112	-0.011337624768942543	0.016645671511568386	-0.006664426669852392	0.04820315335657112	-0.006664426669852392	0.03476291675904715
6400000	-155.1567608055461	0.5325916301233851	-155.6893524356695	0.7851018708316941	0.02207189564766182	0.09776978892765356	0.02207189564766182	0.019067416100665598	0.0017934032088949415	0.09776978892765356	0.0017934032088949415	0.027267614177103598
6410000	-139.44430488897038	0.08946854798247039	-139.53377343695286	1.3356636629386431	0.04256680501181762	0.12312504272581243	0.04256680501181762	0.02185466506054994	0.0013116768585457557	0.12312504272581243	0.0013116768585457557	0.031156672120266377
6420000	-154.5791568644351	1.6602721224644816	-156.23942898689958	0.9601366394315868	0.013622937994264013	0.11578629770053045	0.013622937994264013	0.01920681355480047	0.0028633698214855403	0.11578629770053045	0.0028633698214855403	0.03181042273941309
6430000	-159.687646688418	2.1949430042099136	-161.8825896926279	0.762627526267175	0.03428592941629743	0.12384604318176969	0.03428592941629743	0.018422734596007295	0.0030098022179510294	0.12384604318176969	0.0030098022179510294	0.03731672541403455
6440000	-178.456560428869	3.6150235039939562	-182.07158393286298	0.3267256613512452	0.011106118245979471	0.05284673129456066	0.011106118245979471	0.01607205572012704	-0.0038888868560138564	0.05284673129456066	-0.0038888868560138564	0.020153630645356753
6450000	-154.00370045773116	2.6503678248002815	-156.65406828253143	0.5764963574986413	-0.001161526683084955	0.07485204897373363	-0.001161526683084955	0.0171889640871783	-0.0010454529883960624	0.07485204897373363	-0.0010454529883960624	0.02691527312884941
6460000	-195.14562141118418	3.8068878190697646	-198.95250923025395	0.2916636576064227	-0.006312215828307826	0.061623487706826074	-0.006312215828307826	0.01921689444587908	-0.00720022825482553	0.061623487706826074	-0.00720022825482553	0.033129433474656536
6470000	-187.13609368265716	4.23962366326576	-191.3757173459229	0.3182124143390445	-0.003691750217868192	0.05113338432421011	-0.003691750217868192	0.01874126262310366	-0.00617584697426957	0.05113338432421011	-0.00617584697426957	0.02975198299705137
6480000	-164.6985372935109	3.059782610069514	-167.7583199035804	0.6362580083486113	0.051531105155005426	0.10682756060144523	0.051531105155005426	0.01942550617443321	0.005637473388201669	0.10682756060144523	0.005637473388201669	0.03722971852941254
6490000	-186.6627253741157	4.641702045525885	-191.30442741964157	0.18320921151875028	-0.013867022069803343	0.04197463424567921	-0.013867022069803343	0.012713114545902413	-0.005031249931298911	0.04197463424567921	-0.005031249931298911	0.026654087556016115
6500000	-189.7429623741538	4.639056781934029	-194.3820191560878	0.21472958262417047	0.014962678051581985	0.05088637520266662	0.014962678051581985	0.024099434703948774	0.004705950551971773	0.05088637520266662	0.004705950551971773	0.03166501219638439
6510000	-204.33229643681344	3.921274422981756	-208.2535708597952	0.10787079158258082	-0.004995548140674967	0.03027776780756303	-0.004995548140674967	0.014828614315631858	-0.0030594514495459104	0.03027776780756303	-0.0030594514495459104	0.02729090147386428
6520000	-186.34763476236586	3.135821127268734	-189.4834558896346	0.22689641086149395	7.624308934261703E-4	0.03280113015844121	7.624308934261703E-4	0.016366340224111237	-0.003864181900105282	0.03280113015844121	-0.003864181900105282	0.021687476928868174
6530000	-154.19573171784407	1.6042261167720238	-155.7999578346161	0.9476665171349116	0.022079846034149416	0.08928852979344369	0.022079846034149416	0.022168055815122437	3.9050155952858744E-4	0.08928852979344369	3.9050155952858744E-4	0.03180666368988532
6540000	-163.895803805695	3.2569161185999107	-167.15271992429493	0.45837069544128023	0.01024195062133311	0.06482298596505609	0.01024195062133311	0.01634664588197253	-0.005151544227825202	0.06482298596505609	-0.005151544227825202	0.033874787563479995
6550000	-184.19073145320309	3.057086235366944	-187.24781768857002	0.30219262737308844	0.02556889383345892	0.04316201447257212	0.02556889383345892	0.021289481316644494	0.0010938848748107727	0.04316201447257212	0.0010938848748107727	0.02569063748130062
6560000	-178.5096348695465	2.8767093289380297	-181.38634419848452	0.45167833304875554	0.023517408591143117	0.14685056341739305	0.023517408591143117	0.024396511843457834	0.005566857053954004	0.14685056341739305	0.005566857053954004	0.0612781967399716
6570000	-155.50437386697283	1.6176418495364409	-157.12201571650928	0.9165862362102195	-0.013723012854755474	0.08729079669568734	-0.013723012854755474	0.016898860252328556	-6.698215740068627E-4	0.08729079669568734	-6.698215740068627E-4	0.017299094825901928
6580000	-143.97360852846182	-0.8525350713027244	-143.1210734571591	1.4918656073925123	-0.03775838147692252	0.09015704260736723	-0.03775838147692252	0.021704150866486496	-0.00381182675333391	0.09015704260736723	-0.00381182675333391	0.019446239254774126
6590000	-157.4890426714199	1.7354567491111843	-159.2244994205311	0.5790576038750256	0.014428683647116304	0.03214320551477149	0.014428683647116304	0.01826330456439167	0.0012108048713213358	0.03214320551477149	0.0012108048713213358	0.01952703812632279
6600000	-148.85473771357394	-0.625122334856119	-148.22961537871782	1.0652534532613578	-0.01893676307222698	0.10618173171235937	-0.01893676307222698	0.014680527067169657	-0.002562038864643172	0.10618173171235937	-0.002562038864643172	0.026155134108020103
6610000	-151.3986253058799	0.977103092932876	-152.37572839881278	0.8972893355392889	0.016560684169144115	0.07851280071678352	0.016560684169144115	0.028099721246175303	5.369642511774991E-4	0.07851280071678352	5.369642511774991E-4	0.02595762723740887
6620000	-165.82521599157084	3.1497019852584356	-168.9749179768293	0.43640783012846235	0.0038873581892854676	0.0891133898543376	0.0038873581892854676	0.017530998417577243	-0.0010036391052610427	0.0891133898543376	-0.0010036391052610427	0.0386350023724952
6630000	-164.074718082448	-0.14952732691306458	-163.9251907555349	0.42851577319636897	0.006317201931669376	0.052665036646061585	0.006317201931669376	0.017967983498390027	-0.0035921722361365455	0.052665036646061585	-0.0035921722361365455	0.024125459272856052
6640000	-193.9464144898959	4.379191462678385	-198.32560595257428	0.1938668017641085	-0.00851823517841032	0.020541482552749023	-0.00851823517841032	0.01371333240014111	-3.39906785871496E-5	0.020541482552749023	-3.39906785871496E-5	0.013222653972061784
6650000	-195.56354027583168	4.781687802213177	-200.34522807804487	0.12721872482771343	-0.0012021804927098304	0.022034967240731708	-0.0012021804927098304	0.017397254586691953	-0.003826590216537985	0.022034967240731708	-0.003826590216537985	0.02094147495466304
6660000	-186.19507545784217	4.447494262262373	-190.64256972010455	0.23299891801612369	0.003337108887664376	0.0510708397884549	0.003337108887664376	0.013798799738240573	-0.002302174061999583	0.0510708397884549	-0.002302174061999583	0.02639644971929592
6670000	-161.3459367388308	1.486189166304479	-162.83212590513529	0.7024178145856192	0.010662132618776224	0.0728546073061424	0.010662132618776224	0.014744904941052914	-0.0016373983717732756	0.0728546073061424	-0.0016373983717732756	0.02764661985961421
6680000	-164.19436615670702	2.0805322269606967	-166.2748983836677	0.627719718870283	0.03135987606969582	0.07523636030456829	0.03135987606969582	0.021869356178979588	-0.004042741040338945	0.07523636030456829	-0.004042741040338945	0.03216266634520988
6690000	-149.26545372640237	0.12069133489700512	-149.38614506129937	1.3020986392087843	0.027509035892838048	0.09833232303661493	0.027509035892838048	0.015330754256263828	-0.001126056806431787	0.09833232303661493	-0.001126056806431787	0.025303828532590993
6700000	-171.64183985172366	2.916183148693242	-174.5580230004169	0.5433934483992853	0.026479511661148564	0.06054760986002273	0.026479511661148564	0.019250809202302807	0.001193275317674098	0.06054760986002273	0.001193275317674098	0.026977026898085517
6710000	-175.54165301055312	3.938077659388474	-179.4797306699416	0.34640688935886904	0.0028686336575549512	0.06496148247012506	0.0028686336575549512	0.014633943548399916	-7.34716650458898E-4	0.06496148247012506	-7.34716650458898E-4	0.02687689655743225
6720000	-191.62399996581715	4.625015836226903	-196.24901580204406	0.17767839975027763	9.095457752819607E-4	0.032051772951596905	9.095457752819607E-4	0.017395391190899175	-0.002696768923424382	0.032051772951596905	-0.002696768923424382	0.0349436725766151
6730000	-195.16939411809906	3.6616890520980436	-198.8310831701971	0.24083763095668256	0.017697499273333986	0.0604663299087611	0.017697499273333986	0.01691371078987515	1.1815942025880308E-4	0.0604663299087611	1.1815942025880308E-4	0.035398088122552754
6740000	-151.2013469642736	2.844559482927697	-154.0459064472013	0.6632556331894169	0.023602898509947633	0.09250869400572628	0.023602898509947633	0.019613486528611678	0.0037938039473915178	0.09250869400572628	0.0037938039473915178	0.031213474106989977
6750000	-158.69882105780817	2.8587425179395494	-161.55756357574774	0.5043553430204717	-0.009675177742662931	0.0463052158800193	-0.009675177742662931	0.02130459781120938	-0.005335082823212357	0.0463052158800193	-0.005335082823212357	0.022548085927147056
6760000	-160.16799670504466	1.5754722187393178	-161.74346892378398	0.600380902326768	-0.04116479297356412	0.05708328340875683	-0.04116479297356412	0.01611058397117962	-0.0030176283993042967	0.05708328340875683	-0.0030176283993042967	0.02390477543113371
6770000	-168.11185532870044	3.0578016545784927	-171.16965698327894	0.5787578613644834	-0.011445692504639055	0.09731422410916593	-0.011445692504639055	0.012111582672382323	0.001082979742670378	0.09731422410916593	0.001082979742670378	0.03844289381105702
6780000	-187.99969198583233	3.454551339549544	-191.45424332538187	0.22230132115784892	0.025162525597615216	0.04622899464560351	0.025162525597615216	0.01793876660925921	0.0021524576203223672	0.04622899464560351	0.0021524576203223672	0.03047041981400245
6790000	-215.97482813714404	3.8064090106668087	-219.78123714781086	0.069118732727549	6.514991619432976E-5	0.02348115599943853	6.514991619432976E-5	0.017363197592513382	-0.0015376264598398995	0.02348115599943853	-0.0015376264598398995	0.030924317095244833
6800000	-192.42866791286156	3.68172214737864	-196.1103900602402	0.2614595555628568	-0.009136630988957154	0.04812132234907506	-0.009136630988957154	0.0191853549342781	-0.005703260749195889	0.04812132234907506	-0.005703260749195889	0.036090604217907205
6810000	-172.00497753866392	1.9397990937822356	-173.94477663244615	0.5592852270221988	-0.009076111071376913	0.08502274019970928	-0.009076111071376913	0.022782511021657705	-0.007899231108701544	0.08502274019970928	-0.007899231108701544	0.03245629378151859
6820000	-157.2705970466084	0.8216834515331572	-158.09228049814155	0.7388538460095254	0.0013437361649090256	0.10142095414539846	0.0013437361649090256	0.019516473979351794	0.001508886090139557	0.10142095414539846	0.001508886090139557	0.025580558310516265
6830000	-215.43756339720468	4.66732668241951	-220.1048900796242	0.11039005172696427	-0.010883500744058418	0.043556100966390385	-0.010883500744058418	0.021975599141508578	-0.007338802107687408	0.043556100966390385	-0.007338802107687408	0.035406578017020685
6840000	-211.9118434330774	4.4848335734012315	-216.39667700647863	0.11668001907204265	0.021057539457197093	0.03928878821084849	0.021057539457197093	0.020090059280853712	0.003940375435651642	0.03928878821084849	0.003940375435651642	0.03320778645539918
6850000	-181.9789166700154	3.480745780400566	-185.45966245041595	0.37492682580332154	-0.009369243794149223	0.07003893264912162	-0.009369243794149223	0.02413939398604324	-0.002353701011545043	0.07003893264912162	-0.002353701011545043	0.024962242034205002
6860000	-195.9567589057361	3.5177361112380567	-199.47449501697417	0.22899172601342996	0.023235533714256927	0.05599317348964876	0.023235533714256927	0.022842055802736908	-2.182753380381734E-4	0.05599317348964876	-2.182753380381734E-4	0.02896010472366193
6870000	-151.3529584324628	1.7975648848103192	-153.15052331727313	0.638837043392534	0.03354982902539957	0.08143454324733387	0.03354982902539957	0.020858826353154142	0.003513551435574033	0.08143454324733387	0.003513551435574033	0.027611022613240048
6880000	-150.16257395792314	2.177470054833082	-152.34004401275624	0.8474940873608097	0.0031984714528751398	0.0627878852819809	0.0031984714528751398	0.02257587142042613	-0.0037502067510955797	0.0627878852819809	-0.0037502067510955797	0.01565906501007091
6890000	-150.41721746949364	2.2319605851389	-152.64917805463253	0.8390971492025507	0.01604393545177272	0.09983794052651264	0.01604393545177272	0.01683025433589639	-5.39904810706903E-5	0.09983794052651264	-5.39904810706903E-5	0.02970105635572874
6900000	-180.9159075029681	3.0668591806686463	-183.98276668363675	0.3693744027889314	0.024481260642687956	0.0525327369595778	0.024481260642687956	0.016784734284475272	-0.004646691395039634	0.0525327369595778	-0.004646691395039634	0.030598388083470342
6910000	-193.52434985833924	4.634014976143867	-198.1583648344831	0.20022809710425624	0.030892886522229514	0.05839069971845425	0.030892886522229514	0.021008221969793517	0.0031761193622524284	0.05839069971845425	0.0031761193622524284	0.03494404699308276
6920000	-159.47005703588613	2.0170757886647697	-161.4871328245509	0.7228333305214236	0.0047440120208483835	0.10965023579447795	0.0047440120208483835	0.01580621342551514	-0.0023506815530445454	0.10965023579447795	-0.0023506815530445454	0.03900985355823784
6930000	-150.51459815673826	-0.1354803931772438	-150.37911776356103	1.027468190756731	0.004320081596184525	0.09963575147454852	0.004320081596184525	0.020105964134891147	-0.003452783362439983	0.09963575147454852	-0.003452783362439983	0.02612622333553332
6940000	-172.10297366684193	0.5995530991502518	-172.7025267659922	0.48983097349248567	0.00571444063314538	0.09272172594715179	0.00571444063314538	0.016112537104172174	-0.003420443397346906	0.09272172594715179	-0.003420443397346906	0.04194880312382181
6950000	-186.06070472757224	2.1027276540901063	-188.16343238166235	0.1852854081916746	0.009146145676139248	0.021504544859994097	0.009146145676139248	0.018928321199007656	-3.4445008613617463E-4	0.021504544859994097	-3.4445008613617463E-4	0.015367570891682983
6960000	-174.73391362015713	1.2015448203146342	-175.93545844047176	0.45815891414546983	0.018957315841282026	0.08025286588108754	0.018957315841282026	0.01856085434003139	0.004226848136230903	0.08025286588108754	0.004226848136230903	0.033036626277790124
6970000	-180.64590775068993	4.3801635577251865	-185.0260713084151	0.26637848319973134	0.009679703397489149	0.04925163148554878	0.009679703397489149	0.022038703683850736	-2.377345542489064E-4	0.04925163148554878	-2.377345542489064E-4	0.028928644767234987
6980000	-196.05726180908988	4.211611922745306	-200.26887373183519	0.23759503154868664	0.0034589573507925685	0.05008384237458178	0.0034589573507925685	0.012958538825539745	0.001499450719132771	0.05008384237458178	0.001499450719132771	0.02772555178572751
6990000	-163.0322230432485	2.311560522125169	-165.34378356537368	0.7144776199270295	0.03767620865145396	0.07059174232032368	0.03767620865145396	0.023599718806277818	0.0022087088177644735	0.07059174232032368	0.0022087088177644735	0.024558739649973023
7000000	-160.7126053130152	1.5671800301840486	-162.27978534319925	0.8025281873264571	-0.019607862081150434	0.07170518200262072	-0.019607862081150434	0.01958628813801012	-0.004387057143852654	0.07170518200262072	-0.004387057143852654	0.024295634589341225
7010000	-206.85510224834908	4.0202133191242275	-210.8753155674733	0.1377776445181527	0.015206283019716473	0.0518010466788832	0.015206283019716473	0.023635516805467553	0.0020247985994686674	0.0518010466788832	0.0020247985994686674	0.03381115051453042
7020000	-188.15620807522555	3.862038037525345	-192.0182461127509	0.3161651787583248	0.03660365794582371	0.03879283186253419	0.03660365794582371	0.012682877484917096	0.0023604244067764887	0.03879283186253419	0.0023604244067764887	0.018606387647657117
7030000	-177.10730217154904	3.078610928018147	-180.1859130995672	0.35424720984822483	-0.01467198406755892	0.0699778962282875	-0.01467198406755892	0.013905611421208762	-0.004176022782191469	0.0699778962282875	-0.004176022782191469	0.03252413393442476
7040000	-154.9376046660612	2.4185885875576862	-157.35619325361887	0.6781159433235835	0.01094868034254887	0.09197262182523865	0.01094868034254887	0.012452298081303294	-6.42203593641838E-4	0.09197262182523865	-6.42203593641838E-4	0.030502499306439987
7050000	-156.73856688091115	1.297515917669143	-158.03608279858028	0.668995649630397	-0.010385313039517117	0.1076098184557698	-0.010385313039517117	0.01611511764062412	-0.003955822796401567	0.1076098184557698	-0.003955822796401567	0.033628615207393894
7060000	-162.8773172289307	0.3019546219628393	-163.17927185089354	0.6580225954909841	-0.012928561258541981	0.0871248829341473	-0.012928561258541981	0.013815899437733726	-0.004096063755680882	0.0871248829341473	-0.004096063755680882	0.025818506815392092
7070000	-147.39788491600683	1.9402290929032944	-149.3381140089101	0.9376790104954631	0.02842286444698276	0.1336640679928697	0.02842286444698276	0.021547575736894184	0.005541797500642346	0.1336640679928697	0.005541797500642346	0.04004661089916628
7080000	-153.0350430251241	-0.07887949652366955	-152.95616352860043	1.1622128152154345	0.005261924732698754	0.12390814959075412	0.005261924732698754	0.018341471806652583	0.0014263015838232723	0.12390814959075412	0.0014263015838232723	0.03104539908926659
7090000	-172.23068606744383	-1.0583861423418863	-171.17229992510195	0.5684601003993155	0.07617677431173195	0.06935329926448637	0.07617677431173195	0.03194409561986135	0.005618815770552475	0.06935329926448637	0.005618815770552475	0.023393517356003746
7100000	-175.62073894453323	3.7552208115733867	-179.37595975610662	0.34228170478569075	-0.03099242759740342	0.0574527752836628	-0.03099242759740342	0.017732688978784678	-0.005155571420510824	0.0574527752836628	-0.005155571420510824	0.022581058637206306
7110000	-153.92730278913055	3.166751274325546	-157.0940540634561	0.5877869892316372	-0.0019663741557559254	0.08410920207485144	-0.0019663741557559254	0.015799155410127597	-0.0028170491268441613	0.08410920207485144	-0.0028170491268441613	0.03348118048942087
7120000	-196.39272692897976	4.066562581660176	-200.45928951063993	0.18368477133528233	0.004796937273280715	0.03341560879636453	0.004796937273280715	0.015699083166220294	0.002648082823369361	0.03341560879636453	0.002648082823369361	0.029674388478897737
7130000	-181.18198209317794	4.235398850562608	-185.41738094374054	0.32022213231690055	0.02675244330788825	0.05362422071017578	0.02675244330788825	0.01765829903449868	0.0018559215590650477	0.05362422071017578	0.0018559215590650477	0.024783346771006763
7140000	-164.02300865404112	2.7401258166448708	-166.763134470686	0.5780396501055772	0.012330861324925441	0.04919787798454122	0.012330861324925441	0.017853566024952656	-3.5925873006983477E-4	0.04919787798454122	-3.5925873006983477E-4	0.02127256276584369
7150000	-155.33301781080044	2.9970417689572777	-158.33005957975772	0.6055510650364027	-0.003320528122341812	0.06664392807094512	-0.003320528122341812	0.017138628395432804	2.0093142498257496E-4	0.06664392807094512	2.0093142498257496E-4	0.030294900390350085
7160000	-173.00891321198512	3.1577050780226377	-176.16661829000776	0.6106926702647303	0.030172292566416913	0.09003107051976474	0.030172292566416913	0.020995959957344983	0.0018803071002972847	0.09003107051976474	0.0018803071002972847	0.026583348063087632
7170000	-152.94949336960264	0.7445790425303538	-153.69407241213298	0.9495531465620721	0.023875615552555407	0.10372086888383303	0.023875615552555407	0.015738972267647627	-1.239250909205905E-4	0.10372086888383303	-1.239250909205905E-4	0.026400190258439857
7180000	-162.27737948127145	3.619094564605547	-165.896474045877	0.46561843074652454	0.0012444955104717438	0.08415161885679842	0.0012444955104717438	0.015097151393966621	-0.0018492621252713783	0.08415161885679842	-0.0018492621252713783	0.03321592591223108
7190000	-161.35325745401315	3.7067167249501747	-165.05997417896333	0.46656872169289143	0.024339111318564446	0.024261294626258985	0.024339111318564446	0.022458330232218687	-0.004601268334794805	0.024261294626258985	-0.004601268334794805	0.022091308413626262
7200000	-179.51500230470126	3.2686014300404818	-182.78360373474175	0.28590702187286493	0.011368986562402839	0.03957860115578702	0.011368986562402839	0.01604680358804689	-0.00245697176101995	0.03957860115578702	-0.00245697176101995	0.02291642762587301
7210000	-176.35193402083098	-0.8126270126889201	-175.53930700814206	0.5314065380757089	0.05505074096593406	0.08173203522673754	0.05505074096593406	0.02412333359862028	0.005576071470519807	0.08173203522673754	0.005576071470519807	0.03199499465869084
7220000	-196.68535717601895	3.661685736543475	-200.34704291256242	0.18172052636270147	-0.003896803881679817	0.05788322776949809	-0.003896803881679817	0.01863418883087466	-0.006660594109523489	0.05788322776949809	-0.006660594109523489	0.04108780054874232
7230000	-194.92237221686386	2.4420926321954504	-197.36446484905932	0.15836915341376462	0.00105225437193655	0.0356413137918453	0.00105225437193655	0.013099776555423367	-0.0037223485291754655	0.0356413137918453	-0.0037223485291754655	0.025038015618030506
7240000	-180.1752232042621	2.6503149682690137	-182.8255381725311	0.31033443841742736	-0.020589899126284505	0.05067900567472311	-0.020589899126284505	0.013751492220954122	-0.008533434650165629	0.05067900567472311	-0.008533434650165629	0.032409400972460325
7250000	-193.45634492488622	4.108260138205804	-197.56460506309202	0.18915673370743719	-3.091215223265818E-4	0.029523970776572445	-3.091215223265818E-4	0.016333424587803944	-0.005100340700138708	0.029523970776572445	-0.005100340700138708	0.020106047181321498
7260000	-155.32805941070282	2.7623638301589786	-158.0904232408618	0.733433624942149	0.029230802700621394	0.06630258696146686	0.029230802700621394	0.0172726404834079	0.004631452946421874	0.06630258696146686	0.004631452946421874	0.02415893696345116
7270000	-144.28415591964767	-0.8839267250536982	-143.40022919459398	0.8601011010023402	0.02525516574456366	0.04656994424532629	0.02525516574456366	0.016986113307615923	0.0018509054056906737	0.04656994424532629	0.0018509054056906737	0.017352829383925936
7280000	-175.3213734940126	3.242318192985945	-178.56369168699854	0.37944014652053787	0.016825067602023472	0.07339454377224383	0.016825067602023472	0.018636701190473802	8.407244556308921E-4	0.07339454377224383	8.407244556308921E-4	0.032980337499743946
7290000	-169.26603770275	3.7626964673277534	-173.02873417007774	0.4245566286838654	0.02416779321458147	0.08063433602398018	0.02416779321458147	0.01644763309024554	9.153605073909409E-4	0.08063433602398018	9.153605073909409E-4	0.03215218734102671
7300000	-193.40083441435382	3.2358039515797308	-196.63663836593355	0.21045742657261537	-0.008296745445915178	0.03478938987427933	-0.008296745445915178	0.01897000112993971	-0.002659160578038935	0.03478938987427933	-0.002659160578038935	0.01721058361651417
7310000	-185.10240091622657	2.0481333481736317	-187.1505342644002	0.32328272894506394	0.029933468169375272	0.020160345863976335	0.029933468169375272	0.02258062429819834	0.004448984777134204	0.020160345863976335	0.004448984777134204	0.018114521532709642
7320000	-162.34320659916247	2.887450112388488	-165.23065671155095	0.4995389667193815	0.024514176934955313	0.10474917045668367	0.024514176934955313	0.025874346677387392	0.001759838161265707	0.10474917045668367	0.001759838161265707	0.040239786620740015
7330000	-148.48320322839146	-0.6970215989562002	-147.78618162943525	1.1796428944661808	0.04779520009745223	0.09697009345949707	0.04779520009745223	0.022213616321621735	-0.0013157889574986021	0.09697009345949707	-0.0013157889574986021	0.024110323993497267
7340000	-147.6249360301232	-1.4247473891011717	-146.200188641022	1.1623357953209308	0.021522269938507484	0.07907832189532711	0.021522269938507484	0.027196632382345313	8.207508965277612E-4	0.07907832189532711	8.207508965277612E-4	0.021360312210082198
7350000	-168.39133143393525	3.5392491067289424	-171.93058054066418	0.39384776514315667	-0.03673391548041943	0.0556909205936993	-0.03673391548041943	0.020315741472355736	-0.006561097033572096	0.0556909205936993	-0.006561097033572096	0.023408244245660077
7360000	-171.4454621611848	0.47023501988735683	-171.91569718107215	0.4737864983721411	4.157545580738154E-4	0.05618123373432436	4.157545580738154E-4	0.017560262246521977	0.0021108952317936665	0.05618123373432436	0.0021108952317936665	0.021969219166675526
7370000	-175.29871695947745	2.361913287472041	-177.6606302469495	0.4302573840466859	0.024720990357466905	0.06231619469202596	0.024720990357466905	0.02530043259809886	0.0036272653842361773	0.06231619469202596	0.0036272653842361773	0.02983453267294115
7380000	-188.52041370791432	4.550946474784934	-193.07136018269924	0.2068307782532129	0.019181882736351026	0.048017705584763926	0.019181882736351026	0.016253337220723307	0.004442487706889619	0.048017705584763926	0.004442487706889619	0.027092976219693365
7390000	-192.0531851138424	4.167367798589383	-196.2205529124318	0.1622986643776183	0.00943898667441431	0.03615516146361815	0.00943898667441431	0.012355678944448278	1.1682565870331377E-4	0.03615516146361815	1.1682565870331377E-4	0.02410333700303971
7400000	-201.53035218853395	4.826121691592365	-206.35647388012632	0.13080695839098044	0.001120802035953529	0.03132659055964702	0.001120802035953529	0.01782457032150819	0.001707744647119182	0.03132659055964702	0.001707744647119182	0.021473672926511707
7410000	-191.87236861360762	4.073905038390042	-195.94627365199767	0.17708614633651232	0.0028414216690188818	0.04906269350479897	0.0028414216690188818	0.018260136433354026	-9.200649592960016E-4	0.04906269350479897	-9.200649592960016E-4	0.030002111804530322
7420000	-173.1521921360423	4.317832211133854	-177.47002434717615	0.35284762631281974	-0.0016221565575134718	0.05015710971408769	-0.0016221565575134718	0.018695948656097063	-0.0038590315380395337	0.05015710971408769	-0.0038590315380395337	0.027364795626172327
7430000	-206.7222654501741	4.706221036868331	-211.42848648704242	0.0959821448678058	0.006195804415730552	0.02059668694421906	0.006195804415730552	0.021350149544860628	0.0015647111118709807	0.02059668694421906	0.0015647111118709807	0.02023028422864106
7440000	-200.27329299180272	2.952919694315544	-203.22621268611826	0.13101113178080342	0.00482193788278412	0.03685512910943876	0.00482193788278412	0.016925564374388136	-0.002153489237980864	0.03685512910943876	-0.002153489237980864	0.03034919196268747
7450000	-175.49727290974388	3.022030640450074	-178.51930355019397	0.3765712587391423	0.04089067014696624	0.048404922315091754	0.04089067014696624	0.01662502479359261	0.004405506521427196	0.048404922315091754	0.004405506521427196	0.019211326045245933
7460000	-173.08063770126157	4.049231748166176	-177.12986944942773	0.2785248840284388	-0.012847234155997422	0.027814953856470807	-0.012847234155997422	0.015665906230819714	-0.0015878331486922585	0.027814953856470807	-0.0015878331486922585	0.020760280130877905
7470000	-157.54700175958905	0.7367092503812609	-158.28371100997032	0.7421016032159901	-0.006663206177874905	0.052706474900344046	-0.006663206177874905	0.01831968894879942	-0.004104814688811012	0.052706474900344046	-0.004104814688811012	0.016596627260036502
7480000	-208.3863605765966	4.5468661702988244	-212.9332267468954	0.13236707114035043	0.002184854690093897	0.03500418459300107	0.002184854690093897	0.014278999606219638	-0.0024450512871219488	0.03500418459300107	-0.0024450512871219488	0.026134835015556246
7490000	-206.99333806676665	4.164905496522768	-211.15824356328943	0.11594997092085617	0.0033292112830414842	0.031290267742696186	0.0033292112830414842	0.024684784995716358	0.001971489526814253	0.031290267742696186	0.001971489526814253	0.024407087592426574
7500000	-168.657007967943	3.23572145545234	-171.89272942339534	0.4895688627517404	0.020869901359494	0.07660705389101373	0.020869901359494	0.018204083859215216	7.893716330548742E-4	0.07660705389101373	7.893716330548742E-4	0.028229287827731573
7510000	-161.4365594125164	3.5872502306454295	-165.02380964316183	0.40298836574122754	0.004544991763003937	0.06351409630412753	0.004544991763003937	0.018742443051267335	-0.005029462689843728	0.06351409630412753	-0.005029462689843728	0.02678811484866142
7520000	-169.26762209913042	3.104971291663572	-172.37259339079398	0.5005042914557836	0.001458248443505037	0.0591466367935569	0.001458248443505037	0.016095991618901587	-0.0035803973006134746	0.0591466367935569	-0.0035803973006134746	0.027384263892223138
7530000	-226.3446662059036	2.3724849195009026	-228.71715112540448	0.06341017415528562	0.0034226483981541437	0.023357114413537633	0.0034226483981541437	0.01069794479608931	9.351104153787704E-4	0.023357114413537633	9.351104153787704E-4	0.02812913215907762
7540000	-205.05787884835703	4.387023370105814	-209.44490221846286	0.15051616961245962	-0.004911723229719615	0.05354151126063557	-0.004911723229719615	0.016595804500356522	-0.0029538513704891797	0.05354151126063557	-0.0029538513704891797	0.040213159792164735
7550000	-164.72041715126505	3.1734249759520394	-167.89384212721708	0.48179867874244287	0.009783746519801495	0.09114364987782927	0.009783746519801495	0.01662794502406142	-0.0013023449070919027	0.09114364987782927	-0.0013023449070919027	0.03534359928428625
7560000	-164.73895561577618	2.8759503181391173	-167.61490593391528	0.6482755722696327	-0.028335391990416244	0.09060954930789662	-0.028335391990416244	0.019061582962507595	-0.005100654584220428	0.09060954930789662	-0.005100654584220428	0.028394046831969586
7570000	-176.26938214276979	3.6541376891777073	-179.9235198319475	0.32180569243641854	-0.0067243966723865775	0.0459955591888766	-0.0067243966723865775	0.014365326246972858	-0.005005634817003636	0.0459955591888766	-0.005005634817003636	0.019795496086268922
7580000	-171.04243922603692	3.127652450689067	-174.17009167672597	0.4494725283280844	0.010449971672714534	0.045006504739049054	0.010449971672714534	0.021646739917144584	0.0027021092625027178	0.045006504739049054	0.0027021092625027178	0.02530395062854803
7590000	-191.89845376940022	4.065464330633437	-195.96391810003365	0.2399011108352124	-7.437701127981472E-4	0.02276441722276333	-7.437701127981472E-4	0.022389503042882637	-0.0018711437281016335	0.02276441722276333	-0.0018711437281016335	0.027090647424999236
7600000	-170.0970194663732	-1.3212264997901224	-168.77579296658308	0.7138571675270574	-0.021459653842591905	0.07906272676516639	-0.021459653842591905	0.02497357357384929	-0.006836803178378427	0.07906272676516639	-0.006836803178378427	0.026060775359750377
7610000	-176.68408422458882	3.380234310848024	-180.06431853543683	0.40553912930177727	0.014030311208889739	0.062092001127040206	0.014030311208889739	0.021613711969723615	-0.0018172200843660758	0.062092001127040206	-0.0018172200843660758	0.0207305898695583
7620000	-179.9517347550476	3.082652957430644	-183.03438771247824	0.3129449848600537	0.015214611555199674	0.060234910104143606	0.015214611555199674	0.01578991954893437	0.002542464835855031	0.060234910104143606	0.002542464835855031	0.033201238211131176
7630000	-183.48981857738767	2.8902385697755344	-186.3800571471632	0.30275116872971136	0.005337856137155422	0.08162497658589059	0.005337856137155422	0.018044298487579706	-1.2346543175909366E-4	0.08162497658589059	-1.2346543175909366E-4	0.03813453051563435
7640000	-166.26185824412292	3.777484279059116	-170.03934252318203	0.43345500247199636	-0.003925561624228004	0.06552159128674225	-0.003925561624228004	0.01806374419349103	-4.928424235476283E-4	0.06552159128674225	-4.928424235476283E-4	0.024786855343251153
7650000	-160.13314447673798	0.5163686267018655	-160.64951310343986	0.7746094709610067	0.06348722691244317	0.04518978300258946	0.06348722691244317	0.021299437371099166	-7.209533555483719E-4	0.04518978300258946	-7.209533555483719E-4	0.01964051020062536
7660000	-152.18701475404487	-1.0273226450829522	-151.1596921089619	1.1036151167020647	0.02152256427761637	0.09724817148847097	0.02152256427761637	0.013341803753084755	-4.3922706338544223E-4	0.09724817148847097	-4.3922706338544223E-4	0.0311193084270874
7670000	-170.5857057712795	3.1602377992615627	-173.74594357054104	0.5259008166295751	0.010908440919523718	0.08733634136207694	0.010908440919523718	0.017032124663326372	0.0029635476677548683	0.08733634136207694	0.0029635476677548683	0.030619716308207805
7680000	-169.3944676629093	3.057561715074033	-172.45202937798334	0.4235987842036032	0.02121904073839255	0.04375959276213535	0.02121904073839255	0.015470376696950552	-0.001146964648540211	0.04375959276213535	-0.001146964648540211	0.022100622458170543
7690000	-160.92193435065542	2.2916916546506676	-163.21362600530608	0.6500220144577016	-0.015475302834097638	0.08094775206651615	-0.015475302834097638	0.015878802427064333	-0.0030910881592594265	0.08094775206651615	-0.0030910881592594265	0.028891165587161982
7700000	-181.29735314913103	3.3627577651637806	-184.66011091429482	0.38671352744790555	0.012321881788246515	0.03400869207126304	0.012321881788246515	0.02469829552699588	-0.005961151643578307	0.03400869207126304	-0.005961151643578307	0.01970333305020276
7710000	-163.33745340892327	1.9612495898809428	-165.2987029988042	0.4939510902268384	-0.009030629708177935	0.05925381071220248	-0.009030629708177935	0.014630787527225318	8.786387565680211E-4	0.05925381071220248	8.786387565680211E-4	0.025534493490435392
7720000	-183.92171224113665	4.517452368529158	-188.4391646096658	0.21294636835004016	-0.00799446996077611	0.04461595513100111	-0.00799446996077611	0.013480387980486569	-0.004022414766656658	0.04461595513100111	-0.004022414766656658	0.023860254087530956
7730000	-167.99378655910616	3.507005315015491	-171.50079187412166	0.5253649816921158	0.01120609926756049	0.05739029888707479	0.01120609926756049	0.02071747989588694	-0.0013544293855562242	0.05739029888707479	-0.0013544293855562242	0.024068033823735194
7740000	-204.81115438281108	4.001222630496315	-208.8123770133074	0.11280112041664404	-0.0027832312825008076	0.01758659434490685	-0.0027832312825008076	0.018007773317917457	-0.005180557082599134	0.01758659434490685	-0.005180557082599134	0.017551317357265773
7750000	-162.85852978546154	3.549537994066248	-166.40806777952778	0.4999222461592317	0.04882746941896957	0.048842991751092045	0.04882746941896957	0.021668158596632226	0.001232961128080851	0.048842991751092045	0.001232961128080851	0.02334094517521384
7760000	-162.26884069262948	0.6826377920365614	-162.95147848466604	0.6654070842342761	-0.012369681406211813	0.11518344877283623	-0.012369681406211813	0.016734762782423793	-0.003454686103870997	0.11518344877283623	-0.003454686103870997	0.034823351690744395
7770000	-157.36649268933286	2.0743431513414805	-159.44083584067434	0.5581817767049952	-0.006739137328668197	0.0629098650588027	-0.006739137328668197	0.01618133044417246	-0.0014220483178215971	0.0629098650588027	-0.0014220483178215971	0.01966970844955626
7780000	-155.82948980751263	0.7925714243571498	-156.6220612318698	1.0819321522901963	-0.051277751914173865	0.11295611888532223	-0.051277751914173865	0.021120827305319844	-0.0076840399679523885	0.11295611888532223	-0.0076840399679523885	0.025285391249097754
7790000	-185.67640326701755	4.394216972988511	-190.07062024000606	0.24357676368661366	0.01686037412372811	0.05155253145720793	0.01686037412372811	0.019246895277653036	0.0021043536211018117	0.05155253145720793	0.0021043536211018117	0.0276370038822238
7800000	-191.24078767514823	4.232338178129856	-195.47312585327808	0.1467640461775949	-0.011194388876463401	0.016366515033892578	-0.011194388876463401	0.019678062668799182	-0.0014148025252948891	0.016366515033892578	-0.0014148025252948891	0.015550401019218552
7810000	-196.75276788793352	4.253612280445823	-201.00638016837934	0.13500514313488324	-8.496838254492622E-4	0.017435191542644574	-8.496838254492622E-4	0.01330964182535235	-0.0013942467922456224	0.017435191542644574	-0.0013942467922456224	0.020516222724700932
7820000	-214.64771273979989	4.20517348133328	-218.85288622113316	0.09612484689173345	2.9032580869383378E-5	0.03730943941053385	2.9032580869383378E-5	0.013827956117216255	-0.002941251307585034	0.03730943941053385	-0.002941251307585034	0.03667456792875699
7830000	-195.27982014249966	2.4733234868875154	-197.75314362938718	0.24000149018471675	0.02887141643476114	0.042285917062380676	0.02887141643476114	0.019246301290168223	0.0012072031039411413	0.042285917062380676	0.0012072031039411413	0.026768028570581005
7840000	-186.18144553620292	4.164914444170475	-190.3463599803734	0.26025118939227515	0.02306579943792862	0.06009364437818248	0.02306579943792862	0.019310489382851535	8.976458449740411E-4	0.06009364437818248	8.976458449740411E-4	0.03252377813374793
7850000	-192.25096837757656	4.066475796268012	-196.31744417384456	0.22894776095920166	8.67323341516473E-4	0.03560348555981628	8.67323341516473E-4	0.023002120933155568	-0.0075192160457172455	0.03560348555981628	-0.0075192160457172455	0.027961502764774396
7860000	-164.15308481293283	3.4427837142914246	-167.59586852722427	0.564727003992237	-0.0029872003846478385	0.09484955029247391	-0.0029872003846478385	0.01859732205276069	0.003822106446204063	0.09484955029247391	0.003822106446204063	0.04166010960274245
7870000	-154.15490869479245	-2.4266975645202686	-151.72821113027217	0.946330301526853	0.02296830075484998	0.12065420483096355	0.02296830075484998	0.014216859718343536	0.0018298500256034075	0.12065420483096355	0.0018298500256034075	0.032425032759310975
7880000	-159.00482070826388	2.5967148292055926	-161.60153553746946	0.5839881671137228	0.027410274823949837	0.03954553836148923	0.027410274823949837	0.014179167030359041	0.0010109620064724472	0.03954553836148923	0.0010109620064724472	0.018299212275959834
7890000	-168.43728020826396	2.239017392192322	-170.67629760045628	0.47166918743442626	0.018590503437266558	0.03316944083982409	0.018590503437266558	0.027892471461966398	-4.7453024207490214E-4	0.03316944083982409	-4.7453024207490214E-4	0.01611116334525151
7900000	-134.63194649273646	-1.6505472161315835	-132.9813992766049	1.5707911975938869	-0.002235085675714682	0.06721226457527826	-0.002235085675714682	0.019023291101437557	0.0013291129057475648	0.06721226457527826	0.0013291129057475648	0.019594429728759757
7910000	-194.12168569382266	4.3090257980016835	-198.43071149182433	0.24334221178576335	0.04306942089991436	0.05002821968039478	0.04306942089991436	0.026177498257018	0.004685871314765349	0.05002821968039478	0.004685871314765349	0.023804390209339173
7920000	-152.5964699352616	1.63687819738987	-154.23334813265149	0.8303511212581969	0.010500027066335776	0.07353752179813812	0.010500027066335776	0.01454412778156366	1.8694798515685672E-4	0.07353752179813812	1.8694798515685672E-4	0.015827085221188163
7930000	-180.51074978404856	4.049603754965258	-184.56035353901382	0.3098354561865287	-0.0021738998061627494	0.04593837366619317	-0.0021738998061627494	0.02015299738419322	-0.005880112769128914	0.04593837366619317	-0.005880112769128914	0.02209598482895698
7940000	-179.30765282059954	2.9134473432184596	-182.221100163818	0.31858162082471636	0.014001423866994408	0.0465742596189354	0.014001423866994408	0.013957832884494512	-0.001333022731316642	0.0465742596189354	-0.001333022731316642	0.02657853928109942
7950000	-176.67147461679093	2.9913729295325604	-179.6628475463235	0.29747504115455803	-0.001695762002511033	0.04368601987564326	-0.001695762002511033	0.021478332054016985	-0.0031518236814171226	0.04368601987564326	-0.0031518236814171226	0.020861225114405996
7960000	-151.05684726644444	1.3421538973089953	-152.39900116375344	0.8447055139656623	-0.02295837536837637	0.03738157853011337	-0.02295837536837637	0.017904829362651475	-0.007725223547652191	0.03738157853011337	-0.007725223547652191	0.023866587246155604
7970000	-159.48391683485107	2.1261000547892848	-161.61001688964035	0.4742371256109879	-5.534505835695031E-4	0.03470076801166273	-5.534505835695031E-4	0.013706834798458885	-0.0011736431067845036	0.03470076801166273	-0.0011736431067845036	0.019852440557196545
7980000	-175.71168110273646	3.495407134030733	-179.2070882367672	0.495545665708681	0.004858239636733419	0.06377212580329339	0.004858239636733419	0.022917476658831214	-0.00522857741078349	0.06377212580329339	-0.00522857741078349	0.028097087463955187
7990000	-158.05457936722829	2.5772622063278385	-160.63184157355613	0.683159153168922	-0.011245469339094018	0.045183414723157705	-0.011245469339094018	0.024909537199421065	-0.005969004645954704	0.045183414723157705	-0.005969004645954704	0.023420588381812008
8000000	-162.50906822168727	3.6778532654895706	-166.18692148717685	0.4903867561498516	0.0032528738894492385	0.05428476008217038	0.0032528738894492385	0.01670269475391626	7.782795716675285E-5	0.05428476008217038	7.782795716675285E-5	0.02243020287725043
8010000	-182.53524407629018	2.8861343408711777	-185.42137841716135	0.3821725009090249	0.005680192887641128	0.09568782027402259	0.005680192887641128	0.01582199557791285	2.4953171490141443E-4	0.09568782027402259	2.4953171490141443E-4	0.03865842158974964
8020000	-156.58786718300533	2.6608947082144745	-159.2487618912198	0.5206127732690179	-0.004747523089878037	0.07308602397360389	-0.004747523089878037	0.019661681046116066	0.0028753555684344293	0.07308602397360389	0.0028753555684344293	0.029027132283513845
8030000	-188.81835856291428	4.709878221795917	-193.5282367847102	0.20473883319195166	0.006378417770107235	0.04377201231849024	0.006378417770107235	0.015484784909798762	0.002359864468171255	0.04377201231849024	0.002359864468171255	0.028219262228161325
8040000	-174.26858291112674	2.904086707239835	-177.17266961836657	0.3791849846469256	-0.0235600328330746	0.05151167901842782	-0.0235600328330746	0.019490349376639276	-0.004622723554118643	0.05151167901842782	-0.004622723554118643	0.021080885447175506
8050000	-148.50742713761514	1.3652613266941032	-149.87268846430925	1.0178581655900363	0.0334856802458079	0.06165572841397372	0.0334856802458079	0.027097108012119935	-7.873078980174604E-4	0.06165572841397372	-7.873078980174604E-4	0.02010476361712181
8060000	-167.34159164899864	1.6583120577412918	-168.99990370673993	0.5838549705713904	0.03244090509902034	0.0504306403805051	0.03244090509902034	0.0166856136455574	-0.0012548445631432826	0.0504306403805051	-0.0012548445631432826	0.02679108902617606
8070000	-167.85825378243973	3.7433894024764007	-171.60164318491613	0.39494256031070857	0.028307931597751457	0.023034262772969816	0.028307931597751457	0.022452067415091592	-0.001233548237432939	0.023034262772969816	-0.001233548237432939	0.0162353680353256
8080000	-178.57760661595748	2.717463647083427	-181.2950702630409	0.2893595012541591	-0.017791609909904704	0.02955062026486668	-0.017791609909904704	0.016870339855312486	-0.0025888435319117425	0.02955062026486668	-0.0025888435319117425	0.017064891730546917
8090000	-181.06818028833447	4.209892307379314	-185.27807259571378	0.3959893074138138	0.02130137423378166	0.04266896203485948	0.02130137423378166	0.03011467292187882	0.0014931962935475708	0.04266896203485948	0.0014931962935475708	0.026976437144080385
8100000	-204.32562530901296	4.095852794981745	-208.4214781039947	0.1872793635876092	-0.004695499938157027	0.030109039926497	-0.004695499938157027	0.017348094060248915	-0.002323246161376975	0.030109039926497	-0.002323246161376975	0.020507984581938067
8110000	-181.8247688358263	3.485921402198262	-185.31069023802456	0.23516881338775755	0.007610487842783357	0.05380279833691031	0.007610487842783357	0.016816973375684517	0.0017065743420321626	0.05380279833691031	0.0017065743420321626	0.026769695286576127
8120000	-158.61250096666927	1.5671758020616342	-160.1796767687309	0.7230153299736806	0.009536021320076117	0.10466578877924243	0.009536021320076117	0.021395979583317133	-0.0029781504317338506	0.10466578877924243	-0.0029781504317338506	0.029689072520182026
8130000	-146.46280569698453	0.06331638509081106	-146.52612208207535	0.9769653467018271	0.028376333094681152	0.06504046475916005	0.028376333094681152	0.01849797995117566	-0.001441023180009081	0.06504046475916005	-0.001441023180009081	0.022671195528272327
8140000	-193.0622487960332	4.39293585854257	-197.45518465457576	0.2592795802190248	-0.02414256500283397	0.0476776642614405	-0.02414256500283397	0.01700334127031963	-0.007522567796831906	0.0476776642614405	-0.007522567796831906	0.027438170083838264
8150000	-183.17211686833937	4.1860182543293964	-187.35813512266876	0.3183026162220435	0.0064325655861427015	0.07383947354612025	0.0064325655861427015	0.017412692640077977	-0.00491216629596151	0.07383947354612025	-0.00491216629596151	0.03931719597243733
8160000	-159.27838136592163	3.1681378595276866	-162.44651922544932	0.5638492155845878	-0.04558437869021396	0.08894813973535128	-0.04558437869021396	0.0261263445482004	-0.00934492929687732	0.08894813973535128	-0.00934492929687732	0.032803798310882704
8170000	-176.49201816817805	3.554066481651289	-180.04608464982934	0.3285481409373806	0.0033166080704486746	0.0496230375438204	0.0033166080704486746	0.013242022095439147	0.0013597071547880018	0.0496230375438204	0.0013597071547880018	0.026221746306016196
8180000	-191.78802439677824	4.040752187002734	-195.82877658378098	0.1933072023144194	0.012676702804999414	0.03473880892485026	0.012676702804999414	0.01912528707636218	-0.0031569488617334777	0.03473880892485026	-0.0031569488617334777	0.020913802729834213
8190000	-194.08214978336449	3.7714998930188957	-197.85364967638338	0.20072327784547705	-0.011214316854251262	0.027725636686115506	-0.011214316854251262	0.014292948632615522	-0.0019662046627835824	0.027725636686115506	-0.0019662046627835824	0.021310247504194073
8200000	-191.69340593212732	3.1098704194839697	-194.8032763516113	0.22299333990753792	-0.0038617979577650332	0.03217584493837009	-0.0038617979577650332	0.01751274666143291	-0.008552120944880842	0.03217584493837009	-0.008552120944880842	0.025897458163805984
8210000	-181.44033991416083	1.9476226731139956	-183.3879625872748	0.4038459724092359	0.012871373955469995	0.06687612165068738	0.012871373955469995	0.022097315708034523	-0.0022152186414182177	0.06687612165068738	-0.0022152186414182177	0.02696332045290717
8220000	-151.80307824984084	0.8302390438562081	-152.63331729369705	0.946368966461355	-0.024033349958443508	0.05708945328045135	-0.024033349958443508	0.016236757204204318	-0.002552648509179471	0.05708945328045135	-0.002552648509179471	0.02086603897894086
8230000	-149.347357393412	1.4298430222777663	-150.77720041568978	0.8018661132437327	0.03362784518144219	0.10075041806086948	0.03362784518144219	0.016394279872676838	0.0032267578230970187	0.10075041806086948	0.0032267578230970187	0.026559334879619163
8240000	-152.81328792449176	-3.782877250207606	-149.03041067428416	0.888111303392818	-0.004046869610643057	0.08529297349448842	-0.004046869610643057	0.015492745464884827	-0.0018539218980093027	0.08529297349448842	-0.0018539218980093027	0.02637244298961721
8250000	-159.54597441154363	2.9972710125062365	-162.54324542404987	0.4680672613975753	0.018279664939597248	0.016001809168962	0.018279664939597248	0.017514688438457476	-6.173005120293632E-4	0.016001809168962	-6.173005120293632E-4	0.01798041151712382
8260000	-178.5048017008445	3.9142454551769124	-182.4190471560214	0.3122088487618727	-0.03127631602687406	0.05416518936265945	-0.03127631602687406	0.02261757986220056	-0.006734308213740474	0.05416518936265945	-0.006734308213740474	0.027177342844838193
8270000	-171.233477863095	3.7808027831868545	-175.01428064628186	0.4539890664261755	-0.005362771420223889	0.08299052713903293	-0.005362771420223889	0.021594524886281854	-0.0030345471273915446	0.08299052713903293	-0.0030345471273915446	0.03298104945930438
8280000	-209.6683307772723	4.316486063728069	-213.98481684100037	0.1110106296274184	-0.008189610688558432	0.03709377180265021	-0.008189610688558432	0.01704304908105543	-0.0032916980501426036	0.03709377180265021	-0.0032916980501426036	0.02735676993336293
8290000	-199.59138190324643	4.3587843334989875	-203.95016623674542	0.13829253782359824	-0.0014762528951096283	0.031083411190638056	-0.0014762528951096283	0.016838156350897058	7.827428880462341E-4	0.031083411190638056	7.827428880462341E-4	0.02400384514991376
8300000	-182.73608158800877	3.9808433921950717	-186.71692498020386	0.3343633731394587	0.005493441803080658	0.055629558526042164	0.005493441803080658	0.014473552530843248	-5.396026419326672E-4	0.055629558526042164	-5.396026419326672E-4	0.024282677485739607
8310000	-195.1000145353832	4.274023453636347	-199.37403798901954	0.20116634151436527	0.019881295656624297	0.0451377458140026	0.019881295656624297	0.026613324221119766	0.0038386412055340696	0.0451377458140026	0.0038386412055340696	0.02263405395594414
8320000	-198.73005965307743	3.8887985743446247	-202.61885822742207	0.16627341810569565	0.01455293875316175	0.06330632851292123	0.01455293875316175	0.01716188612742991	0.002798006047846562	0.06330632851292123	0.002798006047846562	0.03995212766466926
8330000	-170.89374377046323	3.9086484029558854	-174.80239217341912	0.39859190125042543	-0.003668511998819651	0.041560649624506715	-0.003668511998819651	0.021324645418347683	-0.0019152132887768356	0.041560649624506715	-0.0019152132887768356	0.020908079848462862
8340000	-231.28431532096096	2.3867556409015016	-233.67107096186245	0.050715771970660406	0.003170336128018211	0.016257679152862175	0.003170336128018211	0.01995657761861653	-0.002423451864520059	0.016257679152862175	-0.002423451864520059	0.017090790430701802
8350000	-202.9851688578531	4.446067276676829	-207.43123613452994	0.10931303073505257	0.0038407686479136212	0.031247001594138017	0.0038407686479136212	0.01568605150293227	-4.865480690634304E-4	0.031247001594138017	-4.865480690634304E-4	0.021630208011339525
8360000	-156.558423808421	2.216870563704939	-158.77529437212593	0.6987288304663544	5.389021349685714E-4	0.08260026712806036	5.389021349685714E-4	0.023903835697239195	-0.005077657189273101	0.08260026712806036	-0.005077657189273101	0.03055287449976543
8370000	-155.4097191128785	1.4512909360515405	-156.86101004893004	0.7433258193910659	-0.0025321587154892157	0.07766304028746496	-0.0025321587154892157	0.017780562979242787	3.979251118377611E-4	0.07766304028746496	3.979251118377611E-4	0.024755559942483317
8380000	-187.4545339637499	4.245764208036015	-191.7002981717859	0.2593470897269968	0.008272791598590571	0.03073860851373875	0.008272791598590571	0.013158793653300156	0.0012323650603438586	0.03073860851373875	0.0012323650603438586	0.023452551010077947
8390000	-155.29360512974404	1.434874652114031	-156.72847978185806	0.9746029539927508	0.02955335295824756	0.12738737732077743	0.02955335295824756	0.015650001784470437	-0.0013388016622918955	0.12738737732077743	-0.0013388016622918955	0.033582176124278565
8400000	-152.20034575496098	-0.883137873270226	-151.31720788169076	0.9842840324416802	-0.037310550645647686	0.051747200119091875	-0.037310550645647686	0.02006481790779807	-0.00398811428784791	0.051747200119091875	-0.00398811428784791	0.016773458841336353
8410000	-150.33099650178113	1.1110495015257627	-151.4420460033069	0.9350584446944601	0.022674494831828616	0.07049760203379098	0.022674494831828616	0.019560733814117263	0.0011700055712137506	0.07049760203379098	0.0011700055712137506	0.024214252974139844
8420000	-139.23599092821294	0.938983925478539	-140.17497485369148	1.1250719282539603	0.02456958420392116	0.06877204051339088	0.02456958420392116	0.023547194686460684	-0.0013922098887751287	0.06877204051339088	-0.0013922098887751287	0.015315130232091537
8430000	-160.80175182118276	1.523052065379546	-162.3248038865623	1.0161648247995934	-0.016336808069572026	0.1309352714353511	-0.016336808069572026	0.02157852112697508	-0.008560321677049981	0.1309352714353511	-0.008560321677049981	0.035440640840791446
8440000	-175.28520470561205	3.3089648684531876	-178.59416957406523	0.4445081808083853	-0.0019825293902574104	0.05432176109941536	-0.0019825293902574104	0.013729166180923204	-6.373195633425441E-5	0.05432176109941536	-6.373195633425441E-5	0.028514727046139846
8450000	-204.43777125241792	4.747442582221337	-209.18521383463926	0.14688896063277745	-0.009704856297132827	0.05600411624001322	-0.009704856297132827	0.01825370602312289	-0.006658191342566718	0.05600411624001322	-0.006658191342566718	0.03875790847169382
8460000	-175.94606299803056	4.501603669017761	-180.4476666670483	0.2834366442550976	0.01457832667503865	0.040785014735125275	0.01457832667503865	0.018781665784728854	-3.950791807563795E-4	0.040785014735125275	-3.950791807563795E-4	0.02587901713063648
8470000	-164.27959946848216	3.223593074790642	-167.5031925432728	0.6121867951663378	0.0030839144572272045	0.11079465404509223	0.0030839144572272045	0.01579215922705569	-0.0013693117594549592	0.11079465404509223	-0.0013693117594549592	0.03847151649058965
8480000	-167.94976548719177	3.823556589837783	-171.77332207702955	0.47608485191901456	0.010467880589595817	0.07916670709078596	0.010467880589595817	0.01849252026474995	0.0018303421135629648	0.07916670709078596	0.0018303421135629648	0.034000813755320144
8490000	-161.71854369330674	2.340841285189403	-164.05938497849615	0.6252729274568881	0.0128352041540957	0.08623268289013503	0.0128352041540957	0.017814899781295357	-0.003463871756022096	0.08623268289013503	-0.003463871756022096	0.02918797483321456
8500000	-169.26054111040858	3.08576910169976	-172.34631021210834	0.39232731370199847	0.029320875999421642	0.023740932506015597	0.029320875999421642	0.0173034576990921	-0.001677782576534011	0.023740932506015597	-0.001677782576534011	0.02079390399125854
8510000	-192.00587068748828	2.62720240093115	-194.63307308841942	0.34317347459106035	0.008158755341890124	0.07161213519369777	0.008158755341890124	0.022128447033251415	0.0013336774923821417	0.07161213519369777	0.0013336774923821417	0.028770457333380364
8520000	-173.8151390740251	0.6742982743369961	-174.4894373483621	0.44837382736870324	-0.007671522774766773	0.07933215306878671	-0.007671522774766773	0.01484909773605594	-0.0023191933023617266	0.07933215306878671	-0.0023191933023617266	0.028589268504776513
8530000	-165.13712025401517	3.5474250225580737	-168.68454527657326	0.5039455530453192	0.0033886763674581977	0.06565518615553431	0.0033886763674581977	0.02033903172705295	-0.0023804120332360733	0.06565518615553431	-0.0023804120332360733	0.022358693855063408
8540000	-175.3522853667569	2.80145168115455	-178.15373704791145	0.5177461910863937	-0.02432721789848114	0.10279546326924627	-0.02432721789848114	0.016098449528788913	-0.007454784485442302	0.10279546326924627	-0.007454784485442302	0.039971641273099406
8550000	-164.7791407893157	3.7843933777726533	-168.56353416708836	0.5005828453391715	-0.004069818445059456	0.036303740253166045	-0.004069818445059456	0.018934712157278398	-0.004467047776655921	0.036303740253166045	-0.004467047776655921	0.020533713538479156
8560000	-185.4991544147899	4.040067864623643	-189.53922227941354	0.301068362972292	-0.04237454412721877	0.036914229157651066	-0.04237454412721877	0.02092366276517081	-0.006267145418568482	0.036914229157651066	-0.006267145418568482	0.024937606959674324
8570000	-183.71013078592244	4.383635041434278	-188.09376582735672	0.2388955756678235	0.03185689426431413	0.04290278037351284	0.03185689426431413	0.016608571441675865	0.00523816315040957	0.04290278037351284	0.00523816315040957	0.0229218858045102
8580000	-143.2723214965777	-0.45667600663798635	-142.8156454899397	1.2022487599554907	0.04749506073482378	0.13370209179841863	0.04749506073482378	0.014095210792163084	0.005758392119841702	0.13370209179841863	0.005758392119841702	0.034001972499199735
8590000	-154.34245850420032	2.7931570858196397	-157.13561559001997	0.6681697244430143	0.015106583327114719	0.061387125495596793	0.015106583327114719	0.020211113956216477	-0.0023981107356197883	0.061387125495596793	-0.0023981107356197883	0.02614659908957321
8600000	-171.8423830936178	2.0963350512248984	-173.9387181448427	0.48834218809948315	0.030354072181145005	0.07334250828773224	0.030354072181145005	0.017708199007477922	0.003224901325762942	0.07334250828773224	0.003224901325762942	0.030481320115235036
8610000	-171.55173173402943	4.167151220562917	-175.71888295459235	0.3248886281009362	-0.0018821138984040006	0.06630374819920716	-0.0018821138984040006	0.016320962809445495	-0.0019440845138826138	0.06630374819920716	-0.0019440845138826138	0.02835562611581137
8620000	-203.2896783547613	4.681915968635635	-207.9715943233969	0.18151116686818788	0.028169794330693335	0.030151240522661667	0.028169794330693335	0.026169082877279093	-0.0029524376770227526	0.030151240522661667	-0.0029524376770227526	0.022782038998132588
8630000	-199.2358528016072	2.916108640834619	-202.1519614424418	0.14438767798176289	-0.007241788928592244	0.03354651524949387	-0.007241788928592244	0.018208395910720532	-0.007267542553864222	0.03354651524949387	-0.007267542553864222	0.029619849552940686
8640000	-166.97807182306565	3.2818978080275194	-170.25996963109316	0.47989382660598234	0.02314281222220624	0.11081151089188984	0.02314281222220624	0.016839626518670613	0.0013626877007165339	0.11081151089188984	0.0013626877007165339	0.04389560002227251
8650000	-172.9373641731029	1.2561673785906304	-174.19353155169352	0.3969104528432657	-0.002591000754038809	0.04423302064239612	-0.002591000754038809	0.020276150339051193	-0.0018134995182167758	0.04423302064239612	-0.0018134995182167758	0.021740190505583637
8660000	-178.57400937880738	4.386686535335825	-182.9606959141432	0.321971001008896	-0.01536420088385739	0.06059522585897572	-0.01536420088385739	0.019917657456788366	-0.0015695587828441983	0.06059522585897572	-0.0015695587828441983	0.026985566060746466
8670000	-220.19062673155247	4.526674498820319	-224.71730123037278	0.061759887571367016	0.012751700781336658	0.01873374367691439	0.012751700781336658	0.022216205527641992	0.005477238600394676	0.01873374367691439	0.005477238600394676	0.020153918888618463
8680000	-203.57497627753554	2.805276242409553	-206.3802525199451	0.16688162314440141	0.035544018198866094	0.03643026711761999	0.035544018198866094	0.022454117039799305	0.005164708392175228	0.03643026711761999	0.005164708392175228	0.021613345057680422
8690000	-189.17114108499675	2.68004705571429	-191.85118814071103	0.3132349247652845	0.024299232849146687	0.05082662263608782	0.024299232849146687	0.018716396918196706	0.007979019548448436	0.05082662263608782	0.007979019548448436	0.020583878092867214
8700000	-197.31704302045148	4.385694926231143	-201.70273794668262	0.13774335497812307	0.011902028551175838	0.0524957145788005	0.011902028551175838	0.01977968221503951	-4.661688419959741E-5	0.0524957145788005	-4.661688419959741E-5	0.03646259239897394
8710000	-204.01413249933813	4.469721422683397	-208.48385392202152	0.1177150881094093	-0.004743523475528967	0.04258691793896001	-0.004743523475528967	0.012700941516070994	-0.005626831241574107	0.04258691793896001	-0.005626831241574107	0.037173582838988396
8720000	-207.71376122425985	3.0568908349059294	-210.7706520591658	0.14020085029263882	-0.0033566585336316382	0.04230896916034615	-0.0033566585336316382	0.017268345934006817	-0.0037848967460213686	0.04230896916034615	-0.0037848967460213686	0.029390278118749866
8730000	-183.48315216249676	-1.1737344204325444	-182.30941774206423	0.40724940127903075	-7.171672484086269E-4	0.07993969951332339	-7.171672484086269E-4	0.02283127270124435	-4.952695092097254E-4	0.07993969951332339	-4.952695092097254E-4	0.036599450728589666
8740000	-185.10128501231625	-0.2382231180563208	-184.86306189425994	0.3296721854280598	0.030721735361608157	0.09861508193053373	0.030721735361608157	0.017930682212317126	0.007132558556724335	0.09861508193053373	0.007132558556724335	0.0466217867253741
8750000	-206.71866856336584	4.5579408362746925	-211.27660939964053	0.15472969834552092	-0.0021984353748710317	0.04803193987049355	-0.0021984353748710317	0.01440564343764613	9.126016939435095E-4	0.04803193987049355	9.126016939435095E-4	0.029060586052021845
8760000	-191.7699665074382	4.375170659311769	-196.14513716674998	0.29170350462725425	-0.005032759697720409	0.06342573787845833	-0.005032759697720409	0.02500604494338834	-0.006172989026369416	0.06342573787845833	-0.006172989026369416	0.03502717981112123
8770000	-168.03531132330286	3.0362469061723587	-171.07155822947522	0.46088309230228097	0.01828506922067247	0.05654624996330577	0.01828506922067247	0.019991895450875076	0.006275363352489134	0.05654624996330577	0.006275363352489134	0.02663539359466352
8780000	-209.52301097474353	4.327780364650146	-213.85079133939368	0.12265193086536172	0.009127350897370106	0.03338311894048744	0.009127350897370106	0.015199815885795121	0.0011381733243581006	0.03338311894048744	0.0011381733243581006	0.02760169986015544
8790000	-222.01850809576587	3.083777215977646	-225.10228531174351	0.05143311227794278	0.008953780063881806	0.022576869744857217	0.008953780063881806	0.022229074758548947	0.0038174623051231136	0.022576869744857217	0.0038174623051231136	0.02520503023435975
8800000	-204.53775611458772	4.448082235917599	-208.98583835050533	0.16996828827808225	0.006677451849596059	0.043000445266899154	0.006677451849596059	0.022614407065723503	0.0020964217224204943	0.043000445266899154	0.0020964217224204943	0.032399458893130006
8810000	-210.80520884074187	4.678059486239517	-215.48326832698137	0.1511724015381133	-0.007435111570782681	0.04453007159357525	-0.007435111570782681	0.015254009595584692	-0.006347683928201375	0.04453007159357525	-0.006347683928201375	0.028893094734140083
8820000	-214.19544962377518	4.47477130938672	-218.6702209331619	0.08869013595552695	-0.0037739663383981096	0.05903796623952383	-0.0037739663383981096	0.012982802544637607	-0.004270044844652446	0.05903796623952383	-0.004270044844652446	0.05695753754790115
8830000	-170.73605700117764	3.1108227339850223	-173.84687973516267	0.6989932831457003	-0.0024172045955239635	0.0929008512680803	-0.0024172045955239635	0.024666718215995326	-0.004954561216981249	0.0929008512680803	-0.004954561216981249	0.03384519050855607
8840000	-180.61560411002412	3.918617064935296	-184.5342211749594	0.2789690490181791	0.012664126182832202	0.060153454187737945	0.012664126182832202	0.02018030894978694	-4.5217922713998394E-4	0.060153454187737945	-4.5217922713998394E-4	0.028773014080211493
8850000	-164.03250582154814	-1.1958902299207583	-162.83661559162738	0.6702994977376913	0.04342942161921954	0.06761566246407788	0.04342942161921954	0.023715908886687044	2.9409735338537923E-4	0.06761566246407788	2.9409735338537923E-4	0.020469131902806182
8860000	-173.16632584923425	3.6983505934188656	-176.86467644265312	0.3695249695744634	0.031033859843523987	0.05696691023474225	0.031033859843523987	0.018205398932792306	0.00457288530871053	0.05696691023474225	0.00457288530871053	0.02271443238811894
8870000	-172.4746761660436	3.974413798712704	-176.4490899647563	0.3090129702920316	4.6471867616454545E-4	0.038884867764189306	4.6471867616454545E-4	0.011240858197881787	-8.01797796503395E-4	0.038884867764189306	-8.01797796503395E-4	0.02731951157042138
8880000	-171.28719695202665	3.9125489400968183	-175.19974589212347	0.43648667464291124	0.001734012045903521	0.06863450666871951	0.001734012045903521	0.017738781689667357	-0.0027440961807985585	0.06863450666871951	-0.0027440961807985585	0.03098023477041073
8890000	-155.72734571703066	1.372928220631832	-157.10027393766248	0.8314894924128347	0.004311892797202744	0.17979782675825423	0.004311892797202744	0.018008986228173957	-0.00417535643014722	0.17979782675825423	-0.00417535643014722	0.055006332220361095
8900000	-182.24091664896073	2.2456704620225523	-184.4865871109833	0.2814130634349281	0.015630291406818073	0.05273625438753563	0.015630291406818073	0.015527092407916793	0.0014157174327746305	0.05273625438753563	0.0014157174327746305	0.0285915655344561
8910000	-164.49373936778136	1.8559612395287037	-166.34970060731007	0.7360923028201634	0.04218192485738668	0.05989009548188539	0.04218192485738668	0.020901984211397207	-0.001305016978081287	0.05989009548188539	-0.001305016978081287	0.025545253110204363
8920000	-151.23932863619098	1.95999675618347	-153.19932539237445	0.6337709524744257	0.033186409793988514	0.04901163762390409	0.033186409793988514	0.01517953834208392	0.0010845722567917437	0.04901163762390409	0.0010845722567917437	0.01961541470420873
8930000	-149.70790072593886	1.3613355096498034	-151.06923623558865	0.8466478368284601	-0.023584747231210595	0.04077610177237746	-0.023584747231210595	0.018524342088938675	-0.0034395330777559417	0.04077610177237746	-0.0034395330777559417	0.01957009355659094
8940000	-139.5527202373194	1.183117918281988	-140.73583815560139	1.0285246699683017	-0.014237323167216123	0.074838187061569	-0.014237323167216123	0.01635805530387057	-0.0016802906939055668	0.074838187061569	-0.0016802906939055668	0.020705988546671716
8950000	-162.39515010158414	-0.6409296558775002	-161.75422044570664	0.7353562433298207	0.034130518020943246	0.08170920610943351	0.034130518020943246	0.01837386027976389	9.911933025488978E-5	0.08170920610943351	9.911933025488978E-5	0.023703467328136017
8960000	-173.89956331836157	4.026690807005459	-177.92625412536702	0.36407535918977924	-0.0037017285497833604	0.03919274921073116	-0.0037017285497833604	0.017286074736004315	0.00324156372397169	0.03919274921073116	0.00324156372397169	0.015107218980131485
8970000	-154.6213712017506	1.160384469470011	-155.78175567122062	1.0118915716417194	0.006600168694061751	0.12320036772379526	0.006600168694061751	0.01955045230793289	-0.0017261501772275164	0.12320036772379526	-0.0017261501772275164	0.02960964928929602
8980000	-175.7908375316763	3.8395771006522654	-179.63041463232855	0.3163671795801146	0.012100660096473533	0.03569213666064212	0.012100660096473533	0.01966055202348598	0.0012923030695037912	0.03569213666064212	0.0012923030695037912	0.02699931011930702
8990000	-159.31498401600416	2.0296400591493056	-161.34462407515346	0.8570809527009207	0.031171853066466595	0.09652826357635214	0.031171853066466595	0.017918850439260888	-0.0028015092047446416	0.09652826357635214	-0.0028015092047446416	0.033180301630419
9000000	-181.64632671842367	3.7875102639951708	-185.43383698241882	0.22773294533137464	0.015690609393287928	0.04308382289198529	0.015690609393287928	0.021999679864233773	-1.4066200994950666E-4	0.04308382289198529	-1.4066200994950666E-4	0.020258181688029106
9010000	-153.3917700765265	2.1989607430895703	-155.59073081961608	0.6865733087324442	0.038877161023670816	0.10028560847872875	0.038877161023670816	0.019688147323049063	0.0045050936461946646	0.10028560847872875	0.0045050936461946646	0.0312958039632905
9020000	-167.7567239225635	3.581099843314667	-171.33782376587817	0.4327294045898679	0.01810470831715941	0.06079788619841988	0.01810470831715941	0.012956951995992554	8.405925035030347E-5	0.06079788619841988	8.405925035030347E-5	0.02933074720643668
9030000	-172.35264406993704	2.8554239946360993	-175.20806806457315	0.5877921332870506	0.01851146488375652	0.10732954208177364	0.01851146488375652	0.0170242634372753	-0.0013547889242100327	0.10732954208177364	-0.0013547889242100327	0.04645758949534383
9040000	-157.98251545593152	2.451344542406404	-160.43385999833794	0.7194238459037439	-0.0016689617999077182	0.09048771976550977	-0.0016689617999077182	0.019445473256674006	-0.0020935611982726998	0.09048771976550977	-0.0020935611982726998	0.028077126539140417
9050000	-141.58874755643083	-0.1370228140258699	-141.45172474240496	1.3010875115621512	4.0262779018737367E-4	0.09429818312463559	4.0262779018737367E-4	0.021112220167178057	-0.002933340104155515	0.09429818312463559	-0.002933340104155515	0.02799895122779007
9060000	-154.3458677634666	2.2346421838890556	-156.58050994735567	0.5789391666955501	0.0030160335344001773	0.07195152514906457	0.0030160335344001773	0.017488492710304067	-0.0022656291841991897	0.07195152514906457	-0.0022656291841991897	0.027294039611768316
9070000	-173.76983523209842	0.496931004726886	-174.2667662368253	0.3886187488668733	0.026044491826080877	0.06999743624116996	0.026044491826080877	0.017539334178162936	0.005047157354479739	0.06999743624116996	0.005047157354479739	0.027255369635879163
9080000	-166.2004588547662	1.917125748400403	-168.1175846031666	0.7917711690458054	-0.022559511382990814	0.09057487226025931	-0.022559511382990814	0.01779290568433971	-0.0023468440908209955	0.09057487226025931	-0.0023468440908209955	0.025343718344161575
9090000	-159.99106793225795	2.2168977398370493	-162.20796567209499	0.7045122749337653	0.009330630681593339	0.1114425441688981	0.009330630681593339	0.016366169664602165	0.0013843338115859716	0.1114425441688981	0.0013843338115859716	0.03689191476782385
9100000	-189.10276884936562	3.1904517666606043	-192.29322061602622	0.2189284632503257	0.009790677047871007	0.04834284441505073	0.009790677047871007	0.017374403064857234	-0.00181400542580609	0.04834284441505073	-0.00181400542580609	0.03585098597232572
9110000	-207.07135920709212	3.0522446890803008	-210.12360389617243	0.13228067330549304	0.01343088043435573	0.04544707184726883	0.01343088043435573	0.02191700044459478	-0.0018551652081112329	0.04544707184726883	-0.0018551652081112329	0.03317379223704554
9120000	-188.78320497063027	3.372568555424425	-192.1557735260547	0.2449621348477608	0.041517877517944425	0.0693236116767272	0.041517877517944425	0.02703274740794777	0.007401296149084258	0.0693236116767272	0.007401296149084258	0.0388665310756774
9130000	-184.03807089111672	4.186375015050339	-188.22444590616706	0.3189650460739926	0.027720901867069787	0.07266772019853299	0.027720901867069787	0.021563396557650244	-0.002370552046393467	0.07266772019853299	-0.002370552046393467	0.04421360453801554
9140000	-144.4782952651316	0.8897174755068181	-145.36801274063842	1.0879276338016834	0.04101547364304733	0.0973821322122788	0.04101547364304733	0.02677036983396048	7.436644723380179E-4	0.0973821322122788	7.436644723380179E-4	0.025515701251494667
9150000	-168.57543427772697	-3.3135971820707955	-165.26183709565618	0.7999308519182261	0.018636038133390768	0.15580510483569898	0.018636038133390768	0.009570527792836285	0.0037301394810678777	0.15580510483569898	0.0037301394810678777	0.047535867707549154
9160000	-202.38725481307566	3.4380362832975586	-205.8252910963732	0.10037006562486861	0.013053040286580398	0.021069159813729747	0.013053040286580398	0.014702216680135365	0.00604526601488916	0.021069159813729747	0.00604526601488916	0.023145775726137907
9170000	-170.1152991610281	3.248734872935973	-173.3640340339641	0.4957966183151876	0.03234524838816604	0.08790941650602359	0.03234524838816604	0.019641059258309244	9.90670617958822E-5	0.08790941650602359	9.90670617958822E-5	0.03441940083553205
9180000	-208.04566768086983	4.65462374703835	-212.70029142790818	0.1421016231613234	0.01252620789794766	0.046174371251538976	0.01252620789794766	0.01401834948951145	0.003192041968023796	0.046174371251538976	0.003192041968023796	0.029892235083164773
9190000	-188.41254783112137	3.545689372103447	-191.95823720322483	0.19982347263627617	-0.0014307405971787414	0.05355480612241096	-0.0014307405971787414	0.016358906628242523	-0.0027560297166587676	0.05355480612241096	-0.0027560297166587676	0.03519640726862247
9200000	-150.13567982153546	1.4549163284826898	-151.59059615001814	0.8592784265603941	0.015663053433239302	0.10694910454463136	0.015663053433239302	0.01854744780317215	-1.8760805887667754E-4	0.10694910454463136	-1.8760805887667754E-4	0.035881579211600706
9210000	-176.36974447893178	3.7166960570321965	-180.086440535964	0.35350683298770136	0.00491056712349873	0.05152308835616173	0.00491056712349873	0.019727904430680752	-8.903754234272883E-4	0.05152308835616173	-8.903754234272883E-4	0.023574598687963955
9220000	-150.68288266694157	1.6863810015598628	-152.36926366850142	0.896518495102883	0.026787678178110647	0.1204752691416347	0.026787678178110647	0.01566291738215133	0.00212047739994383	0.1204752691416347	0.00212047739994383	0.035418546492222674
9230000	-186.23221255099392	4.689439192039521	-190.92165174303344	0.17205379865044204	0.023039612640051332	0.03313299611473749	0.023039612640051332	0.019600758855216276	0.0027123804061877942	0.03313299611473749	0.0027123804061877942	0.02654829157868349
9240000	-201.52435757802238	4.471021978587377	-205.99537955660975	0.1656211960346118	-0.005849391462454563	0.041394672470724196	-0.005849391462454563	0.012036650183412247	-0.005711600246946613	0.041394672470724196	-0.005711600246946613	0.02835458815886552
9250000	-195.6622532633988	4.113301004947348	-199.77555426834616	0.19179920757598856	0.0020576403873178235	0.02093287035534838	0.0020576403873178235	0.012830988279519362	0.0030634888272468093	0.02093287035534838	0.0030634888272468093	0.01561205642053278
9260000	-159.4452776388052	2.9960674011525663	-162.44134503995778	0.6980010177097458	0.004113248658841731	0.07156396221833373	0.004113248658841731	0.021126001844405207	0.002284898464227786	0.07156396221833373	0.002284898464227786	0.025057854486268072
9270000	-155.22478576848164	2.634988669636917	-157.85977443811856	0.611257485969023	0.006563050775181958	0.04584248742094378	0.006563050775181958	0.015181169600902999	-9.515218648023205E-4	0.04584248742094378	-9.515218648023205E-4	0.023999949597659373
9280000	-152.3796009188434	2.3130976947595077	-154.69269861360291	0.6959787303631988	0.023610676856775863	0.0857939604264909	0.023610676856775863	0.02028070079915334	0.001343824015302883	0.0857939604264909	0.001343824015302883	0.02493091392825624
9290000	-179.23945823940073	2.1886003625863255	-181.42805860198706	0.38706080828067485	0.015053937461815957	0.0863809749876976	0.015053937461815957	0.0176724034245787	0.004814343297763498	0.0863809749876976	0.004814343297763498	0.03254040815675233
9300000	-199.2300424512134	3.8586815937552306	-203.08872404496861	0.24077200519683967	-0.016062219058252704	0.06958691995069043	-0.016062219058252704	0.01659526363969053	-0.0034483125123788813	0.06958691995069043	-0.0034483125123788813	0.03789936024317458
9310000	-203.1575122135085	4.7649186411410565	-207.92243085464958	0.12299315809738817	0.021251012741246644	0.010978259068383187	0.021251012741246644	0.020087806518491087	-0.0020554380839931637	0.010978259068383187	-0.0020554380839931637	0.021038531890389962
9320000	-200.36778861506625	4.792730764962252	-205.1605193800285	0.15623398255565477	0.0068989347448209885	0.04612375285160639	0.0068989347448209885	0.017478175372983618	-0.001001568249835457	0.04612375285160639	-0.001001568249835457	0.031198201968642873
9330000	-184.43311333649163	4.3276509505330045	-188.76076428702464	0.377713181158313	-0.005084950975181747	0.0672856799115952	-0.005084950975181747	0.017721539549118315	-0.0035459967686034023	0.0672856799115952	-0.0035459967686034023	0.036815694753131296
9340000	-178.73223970379783	3.8563399723083007	-182.58857967610612	0.4488235620981678	-0.006430342713891631	0.07716591224071251	-0.006430342713891631	0.02316607705367709	-0.004388846057352792	0.07716591224071251	-0.004388846057352792	0.027238648289052425
9350000	-178.07825097188484	0.7798696739468851	-178.85812064583172	0.4170782262268023	-0.005082096277057713	0.07168815724444472	-0.005082096277057713	0.02061901384662728	-0.006228309225088643	0.07168815724444472	-0.006228309225088643	0.028091968430403853
9360000	-191.7663610758952	3.8204051842026536	-195.58676626009785	0.25992416563543785	-0.00530759275785611	0.07197742037776594	-0.00530759275785611	0.01646294714632659	-0.003922300887075957	0.07197742037776594	-0.003922300887075957	0.04083450680600924
9370000	-155.21283829928942	0.30235762785404907	-155.51519592714345	1.0769502799458435	0.014406324743227913	0.09646813896626355	0.014406324743227913	0.019699612530095976	-0.0011814002217753982	0.09646813896626355	-0.0011814002217753982	0.029561296787576782
9380000	-159.90501900161865	2.468306717021201	-162.37332571863985	0.6517650019229387	-0.02080385575219612	0.07518405621579277	-0.02080385575219612	0.018785300719155153	-0.006752737313121749	0.07518405621579277	-0.006752737313121749	0.02626450606440519
9390000	-181.57896447130454	1.2922617253090545	-182.8712261966136	0.4579676132246666	0.03692104659430799	0.06675939443020777	0.03692104659430799	0.02192911819370586	0.00184997155399796	0.06675939443020777	0.00184997155399796	0.028876106400725778
9400000	-184.67517704608238	2.148054218431951	-186.82323126451433	0.3078077753952058	0.05511881740510653	0.05712975073614804	0.05511881740510653	0.0252367238445922	0.010597476254384959	0.05712975073614804	0.010597476254384959	0.02577097672089534
9410000	-159.0167255373822	1.4298300687375711	-160.44655560611977	0.6681204673029345	0.03253198097050012	0.08352284394482032	0.03253198097050012	0.021418113232958703	1.8426250295612524E-4	0.08352284394482032	1.8426250295612524E-4	0.028580357197098255
9420000	-200.16813456998108	4.938402679620122	-205.1065372496012	0.13576162498786395	0.005388559016554736	0.03037232495706522	0.005388559016554736	0.01771292298442537	0.0012973342671642944	0.03037232495706522	0.0012973342671642944	0.025709216378839928
9430000	-169.05980407815096	3.211396242898538	-172.2712003210495	0.6076237343757568	0.004441318452199778	0.14193369628515856	0.004441318452199778	0.018880238874500264	-7.409225535583894E-4	0.14193369628515856	-7.409225535583894E-4	0.05590872956262401
9440000	-166.9967972376446	3.95693205760138	-170.953729295246	0.40716082622102967	0.030972625606988883	0.061762630489222314	0.030972625606988883	0.016701214365473026	0.007109003026349795	0.061762630489222314	0.007109003026349795	0.02587046729371581
9450000	-151.70717765073752	-0.17922533463747303	-151.52795231610006	0.8827616222270399	-0.02499888188294934	0.05323269134453981	-0.02499888188294934	0.0175648633945471	-0.005046964411702895	0.05323269134453981	-0.005046964411702895	0.021376610324249964
9460000	-195.03541216544892	2.7614374801418107	-197.79684964559073	0.17773955158607418	6.762292992070869E-4	0.05597812687951254	6.762292992070869E-4	0.014788842360260549	0.0020806450164510106	0.05597812687951254	0.0020806450164510106	0.0411923279451763
9470000	-237.8536385483715	2.746596078359458	-240.60023462673095	0.03230998822213838	0.004187167626816427	0.016987472745943123	0.004187167626816427	0.016559304199666097	-0.002438760144514473	0.016987472745943123	-0.002438760144514473	0.022655504162647395
9480000	-298.9882153589257	3.2595257051823525	-302.247741064108	0.0036096303010124636	0.0016602559250804285	0.006150617070155115	0.0016602559250804285	0.01661966879057678	-0.0011569212933950856	0.006150617070155115	-0.0011569212933950856	0.030085910742217635
9490000	-292.74832186651525	0.7841528672556715	-293.5324747337709	0.0040918008897624526	0.003194971393917837	0.005297791172980067	0.003194971393917837	0.02313961829765742	-1.7449294487659715E-4	0.005297791172980067	-1.7449294487659715E-4	0.023439975342575626
9500000	-254.34841475895115	4.517164821194014	-258.86557958014515	0.019794326969994478	0.0023258559415991484	0.01664205080441207	0.0023258559415991484	0.02129276416535028	3.942589956137097E-4	0.01664205080441207	3.942589956137097E-4	0.03229007639235805
9510000	-251.42805332085874	3.2244231101727525	-254.6524764310315	0.020394393289327316	0.0017935980610852198	0.012822233955008172	0.0017935980610852198	0.017686367526960112	-3.4099381076026724E-4	0.012822233955008172	-3.4099381076026724E-4	0.02631385405065534
9520000	-233.9879295264364	4.20325592271653	-238.19118544915293	0.048814478114225256	-0.0027656316932918217	0.026974516980837082	-0.0027656316932918217	0.017646488426516553	-0.009876872189930804	0.026974516980837082	-0.009876872189930804	0.03302515605281513
9530000	-176.92382582024123	2.760654395490987	-179.6844802157322	0.2801876156216292	0.01737763876982093	0.08201136995366308	0.01737763876982093	0.018733311196275013	1.5091461710837594E-4	0.08201136995366308	1.5091461710837594E-4	0.042513010105560786
9540000	-168.7918384811406	3.009389554204406	-171.801228035345	0.6479738423246573	0.03585210302268534	0.06848208650158867	0.03585210302268534	0.02300051539777321	0.007140826619788262	0.06848208650158867	0.007140826619788262	0.02628084244473836
9550000	-156.09036362949954	1.2628960430458767	-157.35325967254542	0.8096296635644167	0.0784967428886636	0.14878928602923253	0.0784967428886636	0.02650434504201883	0.014503666539174741	0.14878928602923253	0.014503666539174741	0.04321812151770605
9560000	-184.78875944308177	3.925644625528622	-188.7144040686104	0.24622199697400288	0.01293944403273492	0.0385939577340786	0.01293944403273492	0.018575699893430737	-0.0020466445139782456	0.0385939577340786	-0.0020466445139782456	0.02206173719185994
9570000	-145.92918019662594	-2.428452181974557	-143.50072801465137	1.4562296647979807	0.007371187746661596	0.19593125504603248	0.007371187746661596	0.019525792112705286	6.769784200157947E-4	0.19593125504603248	6.769784200157947E-4	0.03681568669660961
9580000	-163.61057308605655	1.0236369104451897	-164.63420999650174	0.6769745586108771	-0.007754667102656702	0.11256287318194089	-0.007754667102656702	0.015304168889103615	-0.005620591759752628	0.11256287318194089	-0.005620591759752628	0.03190334580174759
9590000	-166.14848912198758	3.122108001592183	-169.27059712357976	0.609972084884578	0.03771579458356286	0.13102938652102697	0.03771579458356286	0.02145705953799327	0.006014230833296774	0.13102938652102697	0.006014230833296774	0.04353488613722771
9600000	-178.41667160552308	3.9509310428409012	-182.36760264836397	0.28846346379249305	0.006708206760457389	0.04525880171069878	0.006708206760457389	0.014585709405816626	0.0027230691935184164	0.04525880171069878	0.0027230691935184164	0.02653415430110221
9610000	-201.69743994500527	2.651896705814356	-204.34933665081962	0.11521222029128723	0.0011657042850278412	0.0232637615932228	0.0011657042850278412	0.01670356219209017	-0.004277375216551992	0.0232637615932228	-0.004277375216551992	0.021877469844244983
9620000	-198.34144729359255	4.770904927407739	-203.1123522210003	0.1635456831502746	-0.013255406619097517	0.03222944221347155	-0.013255406619097517	0.022410079942330574	-0.006220569743785721	0.03222944221347155	-0.006220569743785721	0.019644383927898246
9630000	-153.2131172435977	1.7862628257085191	-154.99938006930623	0.6346287092346132	0.01861206719085371	0.070352202176407	0.01861206719085371	0.01663364806741776	0.0013222311501140164	0.070352202176407	0.0013222311501140164	0.025851308616972546
9640000	-203.41079763741863	2.2349737003394092	-205.64577133775802	0.14589511815616	0.005011944370128615	0.056412856470725456	0.005011944370128615	0.013882793052450626	-0.002176334841545504	0.056412856470725456	-0.002176334841545504	0.036844999155596005
9650000	-147.44868099757014	1.855407968939538	-149.30408896650968	0.9230458753912351	0.023196495346340336	0.09186978572387507	0.023196495346340336	0.023363584221751256	6.886458377042949E-4	0.09186978572387507	6.886458377042949E-4	0.028971067172922124
9660000	-153.86955851037686	2.7246966938280224	-156.5942552042049	0.6162816014480621	-0.036149300499409294	0.04688618178090261	-0.036149300499409294	0.020742189297192147	-0.004623197410188608	0.04688618178090261	-0.004623197410188608	0.017215704814651796
9670000	-172.6514682866426	2.6436542211284793	-175.29512250777108	0.42310593152085596	0.027975440699067506	0.0386381071201481	0.027975440699067506	0.01923760951882449	0.0029295233791596796	0.0386381071201481	0.0029295233791596796	0.020476986618093898
9680000	-168.13143971704906	2.4981880464489796	-170.62962776349804	0.4996912819542594	0.05979992394055753	0.05913341621347701	0.05979992394055753	0.030410310468015705	0.004415635823094727	0.05913341621347701	0.004415635823094727	0.029109036320786423
9690000	-197.66504672792698	1.899338836679922	-199.5643855646069	0.15477414414530266	0.006971793996120963	0.03272463051003412	0.006971793996120963	0.014472182184395025	8.494503612361328E-4	0.03272463051003412	8.494503612361328E-4	0.03001843650359843
9700000	-165.9772686164803	2.480512798343491	-168.45778141482378	0.40376669693418776	0.029244954370198754	0.05762327077017867	0.029244954370198754	0.020748953133287364	0.0014639825010561202	0.05762327077017867	0.0014639825010561202	0.024764862877002466
9710000	-151.39157755125285	0.7719469449784265	-152.16352449623128	0.9162390427494232	-0.004846097047325216	0.10740029475299862	-0.004846097047325216	0.020292433468249833	-0.0067230252586498035	0.10740029475299862	-0.0067230252586498035	0.03303601488761855
9720000	-158.06763459359001	1.8037115902439167	-159.87134618383394	0.638226928021255	-0.003381739251213003	0.07738173350660484	-0.003381739251213003	0.013899819601199325	-0.0015949471184364913	0.07738173350660484	-0.0015949471184364913	0.02595752774199885
9730000	-181.69888244873852	2.0119032387232045	-183.7107856874617	0.27674519681027526	-1.7922006406147394E-5	0.06776819229445204	-1.7922006406147394E-5	0.014309704322589928	0.00181839815113937	0.06776819229445204	0.00181839815113937	0.03763376457788407
9740000	-203.87247127830494	2.0330675106926748	-205.9055387889976	0.1492123946331081	-0.015247802104399182	0.04544044078624228	-0.015247802104399182	0.019503052447184477	-0.007799614732142448	0.04544044078624228	-0.007799614732142448	0.030998159440448203
9750000	-212.4624646695487	4.884186344951748	-217.34665101450045	0.09362123771386145	0.008041588395072305	0.029896234567767854	0.008041588395072305	0.023417575603165604	8.324037020909175E-4	0.029896234567767854	8.324037020909175E-4	0.023681668000228605
9760000	-171.37795099244204	2.7362443017954345	-174.11419529423748	0.5110271853712706	0.027579193197147297	0.03924822332123613	0.027579193197147297	0.018860631568930784	-8.173342689719782E-4	0.03924822332123613	-8.173342689719782E-4	0.021683246367571473
9770000	-169.06557917375434	2.9315677667727913	-171.99714694052713	0.46722546767047435	-0.007328388204607196	0.06489973802941636	-0.007328388204607196	0.023366096098275578	-0.0040934034575886655	0.06489973802941636	-0.0040934034575886655	0.02363051746662045
9780000	-176.77452353509327	3.850678902127352	-180.62520243722062	0.3808314577334563	0.0034267061301215284	0.05770740099740864	0.0034267061301215284	0.023325767474362925	-0.002087754802775193	0.05770740099740864	-0.002087754802775193	0.02874006236212101
9790000	-205.21751060851082	4.396434390354206	-209.61394499886504	0.11177236922744233	0.0021387640937845023	0.02535916809795868	0.0021387640937845023	0.021182456390007015	-0.004214740056245056	0.02535916809795868	-0.004214740056245056	0.02229540479848998
9800000	-207.44614328506924	4.085212011337961	-211.5313552964072	0.08212383941085961	0.009169659711028873	0.022716424810377618	0.009169659711028873	0.018337506766000735	8.557401745395367E-4	0.022716424810377618	8.557401745395367E-4	0.023931791793480928
9810000	-164.96789274709823	3.6289216687107286	-168.59681441580895	0.4161646666792211	0.012956067237101635	0.08097190174257671	0.012956067237101635	0.016676964197894856	0.001229164118960765	0.08097190174257671	0.001229164118960765	0.038366998857942314
9820000	-190.36304672549215	3.4094667267384713	-193.7725134522306	0.24582487633111869	-0.010004250708762388	0.049698068937763136	-0.010004250708762388	0.016061625312028493	-0.0017026440311208044	0.049698068937763136	-0.0017026440311208044	0.023744100865583994
9830000	-171.54759555071504	-0.7782091955437878	-170.76938635517126	0.7916748797312185	0.01296495457835433	0.1354353279277308	0.01296495457835433	0.012008221632499212	0.0020776616391241023	0.1354353279277308	0.0020776616391241023	0.041881525073840936
9840000	-159.20800073846138	1.5451114371962498	-160.75311217565763	0.8930471562884359	0.033023871320543526	0.1233160175042299	0.033023871320543526	0.025146836210528226	-6.103763127115799E-4	0.1233160175042299	-6.103763127115799E-4	0.03936589818856268
9850000	-194.3734085629326	4.66866664426023	-199.04207520719285	0.15310507712188418	0.006367141290041996	0.03543089819430214	0.006367141290041996	0.019826215421016043	-0.0027381757314419632	0.03543089819430214	-0.0027381757314419632	0.02852462624135403
9860000	-189.51810859067538	4.398845717454315	-193.9169543081297	0.19654052710424683	-5.075032046179086E-4	0.030928053203764894	-5.075032046179086E-4	0.015790327138959337	-0.0034131474017107017	0.030928053203764894	-0.0034131474017107017	0.02026647940559003
9870000	-177.60329896517828	2.9838989822245496	-180.58719794740284	0.5712423808919154	-0.002433413828632617	0.17260625519188788	-0.002433413828632617	0.01628859071259695	-0.004484938800821072	0.17260625519188788	-0.004484938800821072	0.08117365687959663
9880000	-209.03146003809312	2.431992850684059	-211.46345288877717	0.14832097069574363	-0.009217694112244492	0.027844988535191233	-0.009217694112244492	0.013943464917842785	-0.003842367740574348	0.027844988535191233	-0.003842367740574348	0.0207029188115953
9890000	-162.3996398846203	1.3092814814395868	-163.7089213660599	0.4923998884293146	0.002520102076966979	0.043495508415130155	0.002520102076966979	0.018618460257608854	-0.0018768875880228267	0.043495508415130155	-0.0018768875880228267	0.0230709081275468
9900000	-181.35119935339458	4.220027333740822	-185.5712266871354	0.3124593959375072	-0.025130252595133087	0.049945340470937065	-0.025130252595133087	0.01662721737826876	-0.002926295393187367	0.049945340470937065	-0.002926295393187367	0.025472111555365773
9910000	-178.94831319915474	1.6049933375658516	-180.55330653672058	0.5256542627729276	-0.01035602745686618	0.05983520820346535	-0.01035602745686618	0.012570759505637838	1.789617437749952E-5	0.05983520820346535	1.789617437749952E-5	0.022791698836556892
9920000	-167.45710844079684	3.6433813578844805	-171.10048979868134	0.37547663533334563	-0.0019642101248581734	0.03551097146845266	-0.0019642101248581734	0.019714298355818477	-0.0033138878322987344	0.03551097146845266	-0.0033138878322987344	0.024021710266945235
9930000	-180.72702028777834	3.3048248094742734	-184.0318450972526	0.4270839698261585	0.02352604517021178	0.0868515000162091	0.02352604517021178	0.019937042073373698	0.0016811229902778794	0.0868515000162091	0.0016811229902778794	0.03842321964597173
9940000	-148.40954513693103	2.129636093779211	-150.53918123071023	0.8880827651839561	-0.007333276333728363	0.08026212997801958	-0.007333276333728363	0.016996308207202722	-0.005338736364517991	0.08026212997801958	-0.005338736364517991	0.028030146739087745
9950000	-160.1471786346482	0.6850497717550862	-160.8322284064033	0.8486829197355743	0.030451138875501296	0.08073473386676404	0.030451138875501296	0.014596026821235137	-0.0053126188482033685	0.08073473386676404	-0.0053126188482033685	0.027713946767022275
9960000	-185.62264718195925	3.497697537981556	-189.12034471994082	0.3695670216214413	0.0018526176372713028	0.08877788338658404	0.0018526176372713028	0.020384256479315205	-0.00633236019981434	0.08877788338658404	-0.00633236019981434	0.03725984042196055
9970000	-202.3589515836324	4.711553598353356	-207.07050518198577	0.12976870677160263	-0.002025216049332564	0.03126678700180568	-0.002025216049332564	0.01998220831083952	-0.005515999220012151	0.03126678700180568	-0.005515999220012151	0.022317480266151837
9980000	-180.72716519152735	3.300252955437553	-184.0274181469649	0.3354531629674099	0.02197398367618622	0.05668625820380217	0.02197398367618622	0.017505844914576185	-2.0751808712983618E-4	0.05668625820380217	-2.0751808712983618E-4	0.027522944270592424
9990000	-148.3825529611973	1.7698557960570849	-150.15240875725436	0.9029581652591564	0.03675817800844186	0.15492880434459716	0.03675817800844186	0.019683777551979132	0.003842127261251076	0.15492880434459716	0.003842127261251076	0.04079518001102811
10000000	-186.42932482699703	2.3744931451209177	-188.80381797211794	0.240833576625712	0.010219288207489914	0.05446262418155638	0.010219288207489914	0.019357450751894167	-9.048976271254405E-4	0.05446262418155638	-9.048976271254405E-4	0.03126405454162248
10010000	-181.63205086262056	2.957306668710974	-184.58935753133153	0.29754242253717667	0.03882607651864748	0.058349782650986205	0.03882607651864748	0.02115496206076859	0.004164332432503958	0.058349782650986205	0.004164332432503958	0.027920377836258746
10020000	-161.27036121090995	3.324481976687745	-164.5948431875977	0.49114153221488616	-0.015486275772740948	0.06663171568928383	-0.015486275772740948	0.01810514834854395	-0.003387560814813847	0.06663171568928383	-0.003387560814813847	0.028448249698312816
10030000	-178.3075978930667	3.4268520610939324	-181.73444995416065	0.32868483889546807	-0.01471284080667954	0.08002177845724494	-0.01471284080667954	0.021200922377095855	-0.0033834857722731884	0.08002177845724494	-0.0033834857722731884	0.03426330431447223
10040000	-172.33722283751393	4.196229107448242	-176.53345194496217	0.33144612715011085	0.020850361331581923	0.06880223658906856	0.020850361331581923	0.021311094059246073	2.225072257969569E-4	0.06880223658906856	2.225072257969569E-4	0.029556239281431806
10050000	-158.3796635749109	2.2792138686942733	-160.65887744360518	0.6114275465564495	-0.026168109219970745	0.04775946585087923	-0.026168109219970745	0.020320866954424838	-0.0021665834107726656	0.04775946585087923	-0.0021665834107726656	0.02179765971074437
10060000	-169.67096474811842	2.8259473663424517	-172.49691211446088	0.4557630523136736	-0.03927477775933029	0.039562577968353566	-0.03927477775933029	0.02591149309073737	-0.00652441213907092	0.039562577968353566	-0.00652441213907092	0.01870233032955913
10070000	-189.20286529595154	3.776144438742187	-192.97900973469373	0.2993351794043366	0.038489829852117505	0.08073944504093249	0.038489829852117505	0.02373869201910499	0.012026524375734277	0.08073944504093249	0.012026524375734277	0.0374644017128999
10080000	-176.40888701998745	2.2723600275660614	-178.6812470475535	0.388652569543041	-0.04439518975405586	0.04087589389482675	-0.04439518975405586	0.02133036648439761	-0.0072976903156933845	0.04087589389482675	-0.0072976903156933845	0.024466748780169165
10090000	-166.8012101999223	3.369060187287679	-170.17027038721	0.5655454882152259	0.044064997781176285	0.07736119073975459	0.044064997781176285	0.023565819982728355	0.005598117182036599	0.07736119073975459	0.005598117182036599	0.03258074735507281
10100000	-145.7306873246148	1.510807074150482	-147.24149439876527	0.8638998843781848	-0.020272865111059996	0.05073511030966393	-0.020272865111059996	0.016577577894908786	-0.002775165602327173	0.05073511030966393	-0.002775165602327173	0.015742759847368712
10110000	-154.4322785375891	0.014809007655762318	-154.44708754524487	0.914791207187554	0.00940662137737499	0.13368163462008747	0.00940662137737499	0.021215613287462725	-5.833455516153897E-4	0.13368163462008747	-5.833455516153897E-4	0.03499981060048092
10120000	-181.408565581702	3.4674651020804212	-184.8760306837824	0.4079443652867665	-0.013506446108902528	0.0788258480459783	-0.013506446108902528	0.021440473111543134	-0.004701642720641996	0.0788258480459783	-0.004701642720641996	0.032544958060009
10130000	-170.02784052567853	3.323622054598445	-173.35146258027697	0.5069083665867354	-0.0025632377151775573	0.10547851071556529	-0.0025632377151775573	0.01665231493960749	-6.852006503608874E-5	0.10547851071556529	-6.852006503608874E-5	0.04420046448327029
10140000	-145.3578023123279	2.2368305727452125	-147.5946328850731	0.7604259134825975	-0.016954986387673985	0.06584373966953304	-0.016954986387673985	0.020082068012477958	-0.00755472713709895	0.06584373966953304	-0.00755472713709895	0.022833251028912427
10150000	-167.9185527277233	2.830953893834193	-170.7495066215575	0.49180085060066325	-0.03290863201245294	0.0872628096962861	-0.03290863201245294	0.018500525745318762	-0.006020536682093649	0.0872628096962861	-0.006020536682093649	0.03187575669950665
10160000	-173.62614292976275	2.7817396301127504	-176.4078825598755	0.4720901781543866	0.039968738024527696	0.07759051570066221	0.039968738024527696	0.02599579863291237	0.0011671051180353323	0.07759051570066221	0.0011671051180353323	0.03324385169407322
10170000	-175.94231889919394	4.208032107835631	-180.15035100702957	0.23336873225326468	0.00860157743514573	0.033768851498715405	0.00860157743514573	0.014863923907567472	4.5329786027587557E-4	0.033768851498715405	4.5329786027587557E-4	0.024397503380359103
10180000	-175.25253230560955	4.305081427464619	-179.55761373307416	0.3564405110523709	0.0015810360602507296	0.05680510433036183	0.0015810360602507296	0.01870547608479241	2.9146870948113847E-4	0.05680510433036183	2.9146870948113847E-4	0.028011059888461066
10190000	-170.38413400701714	2.202864199226934	-172.58699820624406	0.5612863496194037	0.027015325306145706	0.11024265002832992	0.027015325306145706	0.014817937386036978	0.005772031826203326	0.11024265002832992	0.005772031826203326	0.04197159335029935
10200000	-184.14605406399164	4.205756620554766	-188.35181068454642	0.20281777460487724	0.003759239610026136	0.03367318937022441	0.003759239610026136	0.014918779161864779	-0.001053721454641358	0.03367318937022441	-0.001053721454641358	0.018699933014045555
10210000	-193.58615461992943	4.6331172774899345	-198.21927189741936	0.1786697847390393	0.004266728767696827	0.05452115810614997	0.004266728767696827	0.02309292012229602	0.002635338830370969	0.05452115810614997	0.002635338830370969	0.0323799360109355
10220000	-206.26364218274574	1.800728089353902	-208.06437027209964	0.15549952254101734	-0.0031662353681402807	0.035338120004674935	-0.0031662353681402807	0.02757205459326707	-0.0024028740606629505	0.035338120004674935	-0.0024028740606629505	0.02466850035314127
10230000	-191.74514878686395	4.692724220110687	-196.43787300697463	0.14942002571373322	-0.001821729642610368	0.028793317183806406	-0.001821729642610368	0.015852592195866797	-0.005395170312846706	0.028793317183806406	-0.005395170312846706	0.024369306630049208
10240000	-204.47667713666024	4.245732560870985	-208.72240969753122	0.21898118467084843	0.011163472605099183	0.07243433171433057	0.011163472605099183	0.020097803267774314	0.003499482949299265	0.07243433171433057	0.003499482949299265	0.044117341348741734
10250000	-146.87164619856011	1.1439492313393358	-148.01559542989946	0.945783930030127	0.050580066038922795	0.10124937229290591	0.050580066038922795	0.016187390480145294	5.966560892189804E-4	0.10124937229290591	5.966560892189804E-4	0.0342977311961251
10260000	-183.44344493819415	-0.6792804955538791	-182.76416444264026	0.2612519377362162	-2.294365611954633E-4	0.050853772520040696	-2.294365611954633E-4	0.019516710124745845	-0.005353438731999101	0.050853772520040696	-0.005353438731999101	0.02488847596299276
10270000	-197.8747065569492	4.644840459011301	-202.5195470159605	0.14448163934448313	-0.014977591782352325	0.04990868043456183	-0.014977591782352325	0.01753885359830566	-0.008958622686532027	0.04990868043456183	-0.008958622686532027	0.03289821060058859
10280000	-213.94316958303182	3.831290939190247	-217.77446052222206	0.10054468900762448	0.013934503657771635	0.02942919687032618	0.013934503657771635	0.020964431908662307	0.0030828568434866214	0.02942919687032618	0.0030828568434866214	0.02598449406290187
10290000	-164.0137954534066	2.5394966096838845	-166.55329206309048	0.7316438537160096	0.025482473960006913	0.04979378071362434	0.025482473960006913	0.012938502407084416	2.8870308573903454E-4	0.04979378071362434	2.8870308573903454E-4	0.02016085450430079
10300000	-193.00314934362305	1.5227316636541048	-194.52588100727715	0.18947847906168747	-0.002127415504320491	0.04582117843994777	-0.002127415504320491	0.014356718381740878	-6.867294453142015E-4	0.04582117843994777	-6.867294453142015E-4	0.02716949814721739
10310000	-168.00730981074688	2.1270155738231793	-170.13432538457005	0.5799229191306132	0.0017769401474758608	0.05073538026531507	0.0017769401474758608	0.020581403891054787	-0.0017325308808985506	0.05073538026531507	-0.0017325308808985506	0.0232095850726546
10320000	-174.5742099001206	3.987743089273411	-178.561952989394	0.3661949889107966	0.01867558012325331	0.07355282783042784	0.01867558012325331	0.014589836970108811	0.0012699876180608267	0.07355282783042784	0.0012699876180608267	0.029592326743200698
10330000	-190.3800143928412	3.6553334296944304	-194.0353478225356	0.20588794061912585	0.004719215725848349	0.03842133028737088	0.004719215725848349	0.013375396313566214	2.849595830845095E-5	0.03842133028737088	2.849595830845095E-5	0.019561381050598722
10340000	-167.58878555527468	1.5193878289132203	-169.1081733841879	0.40405754154719287	0.012881733713828926	0.06622273818840205	0.012881733713828926	0.017445150718374627	0.001864914198099737	0.06622273818840205	0.001864914198099737	0.02856469390406896
10350000	-169.8992338782187	2.407957629547226	-172.3071915077659	0.4942811948745391	0.007993920289188118	0.050748081417141544	0.007993920289188118	0.016673608622139704	-4.84114986446179E-4	0.050748081417141544	-4.84114986446179E-4	0.017018163482930376
10360000	-158.99622406600272	3.491984951892536	-162.48820901789526	0.5418533081266492	-0.007713190076768262	0.05467942162930295	-0.007713190076768262	0.017554719873976693	-0.005018305723390908	0.05467942162930295	-0.005018305723390908	0.02733969526108459
10370000	-143.0295569120202	-2.5076405313493297	-140.5219163806709	1.705669653922068	-0.031232555736916117	0.16155336372596604	-0.031232555736916117	0.020192604939110428	-0.00413742679394793	0.16155336372596604	-0.00413742679394793	0.03023855601314298
10380000	-157.4143160747592	3.380479273544092	-160.7947953483033	0.5640370617958587	0.02763840263026625	0.0944111933330548	0.02763840263026625	0.02083021934873319	0.004644538900109078	0.0944111933330548	0.004644538900109078	0.0367600338199449
10390000	-198.74335434318013	4.702458108215037	-203.44581245139517	0.13947335269947886	0.009445992666106379	0.05046671171412917	0.009445992666106379	0.020074997234588415	2.964145936691005E-4	0.05046671171412917	2.964145936691005E-4	0.03719855317381683
10400000	-179.10202107450272	2.013914100161247	-181.11593517466397	0.4156303681780214	0.015498201404704258	0.048962783510526665	0.015498201404704258	0.020925201569872688	-0.0026369725016036636	0.048962783510526665	-0.0026369725016036636	0.025168529205166407
10410000	-177.2144821009246	2.669553783013752	-179.88403588393837	0.34672710103209187	0.029562479003555263	0.061882844821977485	0.029562479003555263	0.01981259649185845	0.0050902879195782414	0.061882844821977485	0.0050902879195782414	0.03237316052837614
10420000	-188.77216064930585	4.313684384093656	-193.0858450333995	0.30124391544379614	0.01770454656996148	0.03872158352393401	0.01770454656996148	0.019036335379726946	-0.004498772873581256	0.03872158352393401	-0.004498772873581256	0.02376733268137539
10430000	-177.53685146611932	2.2835248069534195	-179.82037627307272	0.3767037233967312	0.03187862544523622	0.08106733921780522	0.03187862544523622	0.019566715158806897	0.0035788430848503624	0.08106733921780522	0.0035788430848503624	0.0372313434653403
10440000	-144.05205162743601	-2.007726577323068	-142.04432505011295	1.639700680789789	0.022597573538899282	0.1818882283271924	0.022597573538899282	0.017518991433591084	-0.0023152633929490432	0.1818882283271924	-0.0023152633929490432	0.04495351898321732
10450000	-170.38719672515847	3.0310500910051124	-173.4182468161636	0.45003710517346684	-0.025561638143384337	0.03363258032748124	-0.025561638143384337	0.01691442323798217	-0.004198923698577863	0.03363258032748124	-0.004198923698577863	0.020005562028448824
10460000	-176.72425747977044	2.492057615907189	-179.21631509567763	0.2870440190848566	-0.008301188574059365	0.02983311350770373	-0.008301188574059365	0.017987077677618143	-7.30631325069964E-4	0.02983311350770373	-7.30631325069964E-4	0.01834145171325012
10470000	-183.03209284031576	4.158133200424142	-187.1902260407399	0.27789978272692184	-0.00872019777629438	0.059716282889006295	-0.00872019777629438	0.014357183274007725	-0.002421855035074964	0.059716282889006295	-0.002421855035074964	0.032492700476522064
10480000	-166.4264675927983	3.726835092394436	-170.15330268519273	0.4641492993799046	0.018126929707232054	0.078795011569767	0.018126929707232054	0.016484108397235527	4.993639291898284E-4	0.078795011569767	4.993639291898284E-4	0.031032091945727737
10490000	-163.34587387027793	2.364037662225672	-165.7099115325036	0.7275175687258885	0.04510351763266501	0.1446272527771459	0.04510351763266501	0.025717092745461544	0.007599848562858773	0.1446272527771459	0.007599848562858773	0.03987876657368092
10500000	-183.71237497123843	4.190417761575402	-187.90279273281382	0.2915091743482944	0.013291943762536212	0.08604693942113505	0.013291943762536212	0.016588844082906586	0.0010335119766021312	0.08604693942113505	0.0010335119766021312	0.04434842842636297
10510000	-150.6022773404298	1.4972055219967402	-152.09948286242653	0.9242438709796204	0.011777281936428807	0.1132978281439576	0.011777281936428807	0.018454817802130534	-0.003393717128881578	0.1132978281439576	-0.003393717128881578	0.02687172679864481
10520000	-160.83895532404063	3.8725047336304055	-164.71146005767102	0.4760160769614561	0.011982290066403561	0.03267208018097222	0.011982290066403561	0.023092030154717315	-0.004215166427238514	0.03267208018097222	-0.004215166427238514	0.020714723440700175
10530000	-147.7730720038243	1.300969482784713	-149.07404148660902	0.9554897117880755	-0.020033407370342756	0.12349439565236979	-0.020033407370342756	0.020297066701562963	-0.005958742752048107	0.12349439565236979	-0.005958742752048107	0.034923352605848085
10540000	-163.75694118524711	2.5534809245919674	-166.3104221098391	0.6544195717473738	-0.024384267616979656	0.07279349748320345	-0.024384267616979656	0.017236030520364383	-0.0015878462228204166	0.07279349748320345	-0.0015878462228204166	0.022978227200560603
10550000	-172.6312732638852	3.165738777033776	-175.79701204091896	0.5360261858893391	0.033579845915656784	0.07055111412228342	0.033579845915656784	0.02015398995441839	0.0034238442514974844	0.07055111412228342	0.0034238442514974844	0.03103777102819273
10560000	-180.7669201317218	1.8759765730016573	-182.64289670472346	0.2711126400625266	0.0014856169320706216	0.046689703972894236	0.0014856169320706216	0.016360444547944938	-0.0018428322093596643	0.046689703972894236	-0.0018428322093596643	0.025420910233465994
10570000	-172.52683988798935	2.072980430234069	-174.59982031822344	0.36678567473312573	0.028074416920090054	0.03815245290630548	0.028074416920090054	0.01443431023967978	1.1116348826664506E-4	0.03815245290630548	1.1116348826664506E-4	0.019058261594179567
10580000	-181.40843722946786	3.2177235562077753	-184.62616078567564	0.2896202590337606	-0.00451796453287617	0.06709079567059294	-0.00451796453287617	0.022002141247972822	0.0016823357689649892	0.06709079567059294	0.0016823357689649892	0.03293645827883162
10590000	-193.64761500248045	3.9004476395266785	-197.54806264200712	0.19714703531787658	0.0030002133943895035	0.02543962657245562	0.0030002133943895035	0.018063801743789906	-0.00451358086374741	0.02543962657245562	-0.00451358086374741	0.021461447270079828
10600000	-197.8260048539559	2.274539173034264	-200.10054402699018	0.15648320126583187	0.0017852800625139228	0.02617915650826869	0.0017852800625139228	0.013847314684372669	-0.0018285019754455557	0.02617915650826869	-0.0018285019754455557	0.021112689843052826
10610000	-182.27073024132486	2.0020002714597673	-184.27273051278462	0.27989210493095956	-0.009587821535496964	0.06796202807661535	-0.009587821535496964	0.014729750975539288	-0.00382122410488377	0.06796202807661535	-0.00382122410488377	0.033837397177922696
10620000	-171.61847447256727	4.009664944150566	-175.62813941671783	0.3752580674328118	-0.013045066195358212	0.053281095127372585	-0.013045066195358212	0.022474763972707475	-0.0036175317477223114	0.053281095127372585	-0.0036175317477223114	0.019979984510391312
10630000	-168.57834594965658	3.983120831703961	-172.56146678136054	0.354806740774453	0.018688494057980155	0.01858359601357702	0.018688494057980155	0.021562649025562267	-0.0061080714232677686	0.01858359601357702	-0.0061080714232677686	0.020986435286646916
10640000	-171.95340884224854	-0.8923031327769921	-171.06110570947155	0.5418809152354976	-0.0038800800049475295	0.06370136194899535	-0.0038800800049475295	0.018275365411538156	-2.525416350773913E-4	0.06370136194899535	-2.525416350773913E-4	0.023059707484010646
10650000	-166.97557637918794	3.454474928669576	-170.43005130785752	0.4475247853629448	0.03956621883405215	0.03524602065667904	0.03956621883405215	0.023507913400898507	-0.004894985663871582	0.03524602065667904	-0.004894985663871582	0.016848376191680007
10660000	-166.61607527472458	1.1158034914512416	-167.7318787661758	0.875872107908203	-0.029773879137322313	0.12361660553114917	-0.029773879137322313	0.015946292858907526	-0.007092001798582431	0.12361660553114917	-0.007092001798582431	0.03275598545180701
10670000	-149.77014529532303	2.515311179728345	-152.28545647505138	0.8097601596013897	-0.011487683563981364	0.09034598679507	-0.011487683563981364	0.02048228357317784	-0.003493935402502162	0.09034598679507	-0.003493935402502162	0.029388295143401702
10680000	-176.0294475792518	3.9341534536749463	-179.96360103292676	0.44536852218508977	0.006707115958038373	0.07731342255713375	0.006707115958038373	0.017733160792059575	7.54085219710002E-4	0.07731342255713375	7.54085219710002E-4	0.030487344052847823
10690000	-184.93491222459645	0.9533802150230031	-185.88829243961945	0.33847700456298785	0.0169622782454023	0.06387218132548063	0.0169622782454023	0.025495040845249842	0.003396271566266396	0.06387218132548063	0.003396271566266396	0.022154466576477506
10700000	-170.18297690470538	1.7500414683337593	-171.93301837303915	0.5943003278001119	0.011198788025270578	0.09037457237671966	0.011198788025270578	0.019082375964757745	-0.002829548647891671	0.09037457237671966	-0.002829548647891671	0.026505193500355604
10710000	-151.4573926216319	2.9371936358197526	-154.39458625745164	0.6407188844254461	-0.016058508907883153	0.04303983835758111	-0.016058508907883153	0.016624863231013663	-0.0034083186877284463	0.04303983835758111	-0.0034083186877284463	0.019656943748260953
10720000	-187.49536212619083	1.8502632665691627	-189.34562539275998	0.26162290722993314	0.02272741185192254	0.04896044639731593	0.02272741185192254	0.020442315496547892	0.002618811897559273	0.04896044639731593	0.002618811897559273	0.02498873035314167
10730000	-179.6671388062968	4.009102532163385	-183.6762413384602	0.387165848549603	0.005642274209691474	0.04076347000059983	0.005642274209691474	0.014394769415242254	8.595362861745697E-4	0.04076347000059983	8.595362861745697E-4	0.020922161661744522
10740000	-176.83351612878965	2.9990730263186034	-179.83258915510825	0.34059937466325224	0.004292028936245285	0.06998655614570173	0.004292028936245285	0.02137067752755738	-7.017200805672573E-4	0.06998655614570173	-7.017200805672573E-4	0.027147893026875796
10750000	-170.0108570082355	3.3588451544406643	-173.36970216267616	0.3752743014067681	0.014682655924171568	0.05041228233004262	0.014682655924171568	0.013258632015573564	0.0011886686032912294	0.05041228233004262	0.0011886686032912294	0.028788883248156375
10760000	-151.9897805335593	2.142162039447477	-154.13194257300677	0.8899799380745043	0.03174062956831113	0.05709596231236788	0.03174062956831113	0.022321335307529847	-0.001021905149175603	0.05709596231236788	-0.001021905149175603	0.02012753721026623
10770000	-157.42612771304073	2.996983612900479	-160.42311132594122	0.6450496083662141	0.009568104201986283	0.04642355900161936	0.009568104201986283	0.018836351994060675	-0.0043120103154063475	0.04642355900161936	-0.0043120103154063475	0.018636020464230317
10780000	-173.19410173973515	2.2660878382351903	-175.46018957797034	0.4728848764569438	-0.022804418039114923	0.05556675543488732	-0.022804418039114923	0.017277331147016985	-0.005907091117668061	0.05556675543488732	-0.005907091117668061	0.023214336566956685
10790000	-178.97191805667646	4.813179873202627	-183.78509792987907	0.25813615255790484	0.008514814836527267	0.0430175413848135	0.008514814836527267	0.02002896052459695	-0.0010607339981115827	0.0430175413848135	-0.0010607339981115827	0.030876160705956935
10800000	-153.47979016058719	1.180184462847989	-154.65997462343518	0.9434930860535269	0.004478892150935838	0.10727157030237272	0.004478892150935838	0.01560255789526269	-0.002302596643846267	0.10727157030237272	-0.002302596643846267	0.029737223857704383
10810000	-174.63942194643815	4.522827125887874	-179.16224907232603	0.2766645703084534	0.018759139315377215	0.031084354833140173	0.018759139315377215	0.015504939057758686	0.0021357764382809873	0.031084354833140173	0.0021357764382809873	0.024710662049880816
10820000	-175.00932439156946	2.9762734339434944	-177.98559782551297	0.5535605397162867	0.04692930911284687	0.04786086529064131	0.04692930911284687	0.02114568253917192	0.002258626804787303	0.04786086529064131	0.002258626804787303	0.021101681015310153
10830000	-185.37201275512706	4.252593591629836	-189.6246063467569	0.21038069240680748	-5.40830617923562E-4	0.06343982438772101	-5.40830617923562E-4	0.019330247852785313	-0.0010972959973728302	0.06343982438772101	-0.0010972959973728302	0.03278487593797058
10840000	-144.2483358327686	0.6444192416890397	-144.89275507445763	1.1280795356637399	-8.280825034610166E-4	0.06544629210603932	-8.280825034610166E-4	0.016196539729626414	-0.004309521350881766	0.06544629210603932	-0.004309521350881766	0.02347457510864932
10850000	-161.92454445699917	1.238573476848603	-163.1631179338478	0.7808489992520018	0.039679589403489354	0.07336593313009007	0.039679589403489354	0.01806954061220125	6.356817004271034E-5	0.07336593313009007	6.356817004271034E-5	0.022350829567549784
10860000	-166.63880253076644	2.2277455627188085	-168.86654809348525	0.5218175814768876	1.438662752075476E-4	0.09716571722884948	1.438662752075476E-4	0.01377155557065828	-0.003371336750756134	0.09716571722884948	-0.003371336750756134	0.031291506320343325
10870000	-155.22768375351038	1.6002390531322939	-156.82792280664268	0.7025208144065999	0.04451017231293834	0.09557070272843034	0.04451017231293834	0.01674231359694437	0.001708050603063933	0.09557070272843034	0.001708050603063933	0.031747931905189986
10880000	-187.10172703708236	4.3641076519985855	-191.46583468908094	0.23601374026677466	-0.013770611118035382	0.06990174871361622	-0.013770611118035382	0.01807467100010795	-0.002757557126015983	0.06990174871361622	-0.002757557126015983	0.03709315104693979
10890000	-175.94094113461492	3.0516731228166236	-178.99261425743154	0.44695898489180236	0.011466211024566084	0.05550967155905582	0.011466211024566084	0.01867643352002828	0.004385294283858441	0.05550967155905582	0.004385294283858441	0.02265725510477018
10900000	-176.92758962765342	3.1602092178831063	-180.08779884553653	0.5206344712459925	-8.725505323305884E-4	0.1111082339882877	-8.725505323305884E-4	0.018746943036944467	-9.613543156921624E-4	0.1111082339882877	-9.613543156921624E-4	0.04446434388693321
10910000	-205.34264843478073	3.31650782071247	-208.6591562554932	0.1637128253460561	0.006395317496432364	0.05572415966621261	0.006395317496432364	0.0187031664089632	0.0030506299006546234	0.05572415966621261	0.0030506299006546234	0.03562636991483486
10920000	-187.40200119251125	3.472410965633451	-190.8744121581447	0.22050273156033	0.02147743278012203	0.039002678026072886	0.02147743278012203	0.02138372750928517	-0.0015756783285871085	0.039002678026072886	-0.0015756783285871085	0.030495759199635316
10930000	-164.36369914217536	2.1214124119541307	-166.4851115541295	0.5452845302617955	-8.019185104365165E-4	0.08165459165610219	-8.019185104365165E-4	0.020610527377957953	-0.002957895803112977	0.08165459165610219	-0.002957895803112977	0.028252939918754008
10940000	-168.87353235309325	2.776935016873889	-171.65046736996715	0.4307195483779301	0.0019729292501990616	0.05981831926056385	0.0019729292501990616	0.01683524339748247	-0.004145350231885437	0.05981831926056385	-0.004145350231885437	0.023960243140285015
10950000	-156.54796191092547	1.0528987815831248	-157.6008606925086	0.8044520329637876	0.037135989735275064	0.089454260563838	0.037135989735275064	0.02277798541523614	0.00298154644556151	0.089454260563838	0.00298154644556151	0.03216428295021132
10960000	-161.8496427839244	-0.558378740492377	-161.29126404343202	0.746889422560767	-0.009624679147477404	0.060798710770523796	-0.009624679147477404	0.017251301830227286	-0.00305814659980858	0.060798710770523796	-0.00305814659980858	0.020473460233461884
10970000	-167.34886861956585	1.5311580982830026	-168.88002671784886	0.5040633458586015	-0.010658526841243694	0.08593031644728717	-0.010658526841243694	0.015667362630987076	-0.0030923213306871264	0.08593031644728717	-0.0030923213306871264	0.028921184552972486
10980000	-178.6403985781377	3.6866984406644256	-182.32709701880214	0.23604357330819783	0.005789641357466281	0.046183312923379335	0.005789641357466281	0.016198851170041446	0.0021688563221805477	0.046183312923379335	0.0021688563221805477	0.02706708913911849
10990000	-179.11486441641537	2.8284120030451283	-181.9432764194605	0.28656574812928887	0.0138683673531187	0.04410620937810851	0.0138683673531187	0.019523543055633627	-0.003907316908052618	0.04410620937810851	-0.003907316908052618	0.028707855374586914
11000000	-168.36812979429837	2.9988232269523496	-171.3669530212507	0.5415918118885116	0.056179827441871874	0.09426728129390047	0.056179827441871874	0.02282220778257684	0.006096374162933928	0.09426728129390047	0.006096374162933928	0.034611266467849955
11010000	-180.8134447327497	0.10183274118777241	-180.91527747393746	0.31256441667831486	0.0016944682755786246	0.04821932879741615	0.0016944682755786246	0.01729874619299718	0.0013597221911273122	0.04821932879741615	0.0013597221911273122	0.024786077063175732
11020000	-184.65165757330317	2.903186636506049	-187.5548442098092	0.21504662652855222	0.011517476868274196	0.027323847500115586	0.011517476868274196	0.015818112652354333	-0.0019955922634257352	0.027323847500115586	-0.0019955922634257352	0.021416574827852124
11030000	-167.4409923115913	3.456499822010714	-170.89749213360201	0.4577972284784167	0.005161681207035232	0.09254680909825927	0.005161681207035232	0.018346870083124755	-0.0012160345123452263	0.09254680909825927	-0.0012160345123452263	0.03820956589482999
11040000	-155.46800649888988	-0.9762455266593868	-154.49176097223048	0.7455144378015228	5.37778778271588E-4	0.062212072686538236	5.37778778271588E-4	0.01909221271896483	-0.0024493528807269724	0.062212072686538236	-0.0024493528807269724	0.018655395674653644
11050000	-167.8566606529527	2.0695319470364777	-169.92619259998918	0.6069759741266766	0.024004943110451343	0.07964325033116601	0.024004943110451343	0.02338402266990241	0.0038280804546091713	0.07964325033116601	0.0038280804546091713	0.027846821796730568
11060000	-172.83348869191857	3.233040456984686	-176.06652914890327	0.30159638142548933	-0.0013082307168602772	0.03726660998057899	-0.0013082307168602772	0.016299404244267877	-0.002308049622732232	0.03726660998057899	-0.002308049622732232	0.018993368216803877
11070000	-163.6653332187182	2.2434101985958486	-165.90874341731404	0.5972683024277631	0.015944915650282426	0.07135365573698493	0.015944915650282426	0.012851175277944738	0.003397585161880371	0.07135365573698493	0.003397585161880371	0.024800562937762404
11080000	-158.01724670791242	0.30944590497356916	-158.32669261288598	0.7988878896475471	0.0026561341238512228	0.03868286594850844	0.0026561341238512228	0.022043294258732606	-1.0727147908403282E-4	0.03868286594850844	-1.0727147908403282E-4	0.017251757013410366
11090000	-179.23519906850711	0.37138160967076805	-179.6065806781779	0.3970497732345556	0.032914106010695623	0.07660619545970629	0.032914106010695623	0.02272267722688031	-0.0023084078834180325	0.07660619545970629	-0.0023084078834180325	0.03853751690274723
11100000	-171.60929100351942	-0.2867137397482602	-171.32257726377117	0.5174130652357727	0.0030044068504254595	0.08110538014831388	0.0030044068504254595	0.015087164289099122	-0.0010099208781003729	0.08110538014831388	-0.0010099208781003729	0.03225785460355026
11110000	-167.8206104504343	3.7230038948174897	-171.54361434525177	0.41483557279441713	0.025174917387956252	0.09382007177680808	0.025174917387956252	0.018161401697722287	0.0041307146025269335	0.09382007177680808	0.0041307146025269335	0.040337521002210296
11120000	-176.5674089843979	3.1043550673969555	-179.67176405179487	0.3307421778692425	-0.01703869664035752	0.048917031866854484	-0.01703869664035752	0.017247488467320722	-0.0034157469596901775	0.048917031866854484	-0.0034157469596901775	0.022462283590044173
11130000	-208.22125291342894	3.0047963210090747	-211.22604923443802	0.14924349482759816	0.007907026607825815	0.060633161760650554	0.007907026607825815	0.021616664725258316	-0.0033477939604417664	0.060633161760650554	-0.0033477939604417664	0.03922848023596623
11140000	-193.06544477337042	4.40360161266424	-197.46904638603465	0.23080068914820745	0.0053161561520041435	0.03373197825210601	0.0053161561520041435	0.01833053586974052	-0.004954294508935629	0.03373197825210601	-0.004954294508935629	0.02054671504887918
11150000	-177.69905873939317	4.127705548087557	-181.82676428748073	0.2954650338663714	0.01324006582389034	0.055967148451736864	0.01324006582389034	0.013422810195155626	0.0019193593684333787	0.055967148451736864	0.0019193593684333787	0.02948565104861289
11160000	-155.5821035083937	2.2844365616932647	-157.86654007008696	0.8033819593629129	-0.014883573302593173	0.09232774067848501	-0.014883573302593173	0.016147456196104065	-0.0028261848974169453	0.09232774067848501	-0.0028261848974169453	0.027239423325831697
11170000	-161.67135455390573	1.5574809357550503	-163.22883548966078	0.6426964895189871	0.003931692233754309	0.08741967298459544	0.003931692233754309	0.016127540469949592	-0.0026168874454373233	0.08741967298459544	-0.0026168874454373233	0.028264348626092648
11180000	-155.166625739871	2.181973196942609	-157.3485989368136	0.8057283475311566	0.030725226265931032	0.10789057830359883	0.030725226265931032	0.0164051449541641	-9.60088664678626E-5	0.10789057830359883	-9.60088664678626E-5	0.03511006620176043
11190000	-193.9489428065895	4.4218204805683765	-198.3707632871579	0.20414433399151963	-0.009286534419690112	0.05722045344931948	-0.009286534419690112	0.01635764616109779	-0.003543616963156395	0.05722045344931948	-0.003543616963156395	0.03269345466586687
11200000	-170.701543564866	3.326060942176074	-174.02760450704207	0.33663021195678555	0.03289063557479084	0.019967329425725277	0.03289063557479084	0.01764175115664756	4.0844243132780764E-4	0.019967329425725277	4.0844243132780764E-4	0.015037933368072938
11210000	-168.96706105415936	2.7894190267137215	-171.75648008087308	0.5787516370601711	0.051940370766239266	0.10074539284595803	0.051940370766239266	0.022664219159202286	0.007206171373996644	0.10074539284595803	0.007206171373996644	0.042035050050572106
11220000	-191.72643463218984	0.12238970418926254	-191.8488243363791	0.22220045259548635	-0.0054439222461823865	0.0280804576527172	-0.0054439222461823865	0.013769077075356332	-0.0015973629682343358	0.0280804576527172	-0.0015973629682343358	0.020140337651256314
11230000	-204.87001688829517	4.255454136787124	-209.1254710250823	0.14873872698192314	0.0031288971679870256	0.020325796244449124	0.0031288971679870256	0.01686406563932105	5.081563243275709E-4	0.020325796244449124	5.081563243275709E-4	0.017564328327926027
11240000	-201.2280025809232	4.490877084388839	-205.71887966531204	0.1400980410940091	0.013782213861332404	0.04326501937865268	0.013782213861332404	0.02205601523678533	1.4405231283552526E-5	0.04326501937865268	1.4405231283552526E-5	0.030723954222353272
11250000	-194.90706374694196	3.952467504161019	-198.85953125110296	0.24933830911590102	0.014442771959065844	0.04985159806128928	0.014442771959065844	0.013271178184918887	-6.470468022181796E-4	0.04985159806128928	-6.470468022181796E-4	0.027472231279649567
11260000	-171.31003135729355	3.1580185405627	-174.46804989785625	0.31543008859533267	-0.007799879971114194	0.06542500759586001	-0.007799879971114194	0.012176503165659257	-0.005124867940573511	0.06542500759586001	-0.005124867940573511	0.032159841379398854
11270000	-180.52580530309817	3.9972327398244683	-184.52303804292262	0.3268887991564131	-0.017722808614891283	0.07245261870113917	-0.017722808614891283	0.01859783176817579	-0.006467351464015617	0.07245261870113917	-0.006467351464015617	0.04018551100576282
11280000	-192.82613275573524	2.3587045083893337	-195.18483726412458	0.17157700034266166	0.012620330824378604	0.02437893872919035	0.012620330824378604	0.0178343511353747	0.0014288585995178055	0.02437893872919035	0.0014288585995178055	0.016332686047647177
11290000	-183.13649999064106	1.2664352731780877	-184.40293526381913	0.3597051922117706	0.009452408074914757	0.08801788573040124	0.009452408074914757	0.018115990612256976	0.001563752620789605	0.08801788573040124	0.001563752620789605	0.039570666453733666
11300000	-225.66534020558058	4.5704112910237615	-230.23575149660434	0.08505444246489349	0.007461261777941667	0.05037608814445799	0.007461261777941667	0.012030756981938819	0.004965288632293022	0.05037608814445799	0.004965288632293022	0.04589352018362722
11310000	-217.14748128275505	4.337571467722761	-221.48505275047782	0.07982085275984388	0.0038226880577391657	0.032745167663260966	0.0038226880577391657	0.012755625480106747	-5.173703229797248E-4	0.032745167663260966	-5.173703229797248E-4	0.027682804472984053
11320000	-183.52298721066686	3.979298441058922	-187.50228565172577	0.23113824030066202	-0.003834443391665253	0.037057319794979164	-0.003834443391665253	0.0185827326441058	-4.4703439424415237E-4	0.037057319794979164	-4.4703439424415237E-4	0.021844517981689272
11330000	-191.0167283265003	4.781437003386587	-195.7981653298869	0.19323586183787833	0.030353178382053207	0.032625304489637144	0.030353178382053207	0.023583019578528878	-8.821585593560702E-4	0.032625304489637144	-8.821585593560702E-4	0.026550485170447124
11340000	-167.3368984685248	3.5004231569060913	-170.8373216254309	0.40772547709170026	0.0040019175635878194	0.03992189457787334	0.0040019175635878194	0.01747443807873269	-0.0039832515723901285	0.03992189457787334	-0.0039832515723901285	0.022108595426013983
11350000	-180.32444927447918	3.520551220180696	-183.84500049465987	0.3049239940981691	0.010455586739706072	0.08354234441031677	0.010455586739706072	0.015486641163440885	0.0025731357453875224	0.08354234441031677	0.0025731357453875224	0.03816633368959127
11360000	-152.90493445572457	2.025612190605402	-154.93054664633	0.8101177526029223	0.004859748117226311	0.12674778437304973	0.004859748117226311	0.016312499248189068	-0.0038012946866934484	0.12674778437304973	-0.0038012946866934484	0.03577644211316375
11370000	-180.06709952366043	3.9585864547435063	-184.02568597840394	0.3407093315274264	-0.014723453541134619	0.04876996906328325	-0.014723453541134619	0.017807573661616123	-0.003784940986051766	0.04876996906328325	-0.003784940986051766	0.023670070393466674
11380000	-180.27685358901078	1.7899938282667023	-182.0668474172775	0.24239347240058054	0.032766582709656475	0.04745652874824537	0.032766582709656475	0.017567727249324153	0.003592740551396926	0.04745652874824537	0.003592740551396926	0.024306380889360022
11390000	-200.99940043226832	3.8728136816730117	-204.87221411394134	0.1662297210286697	0.006850358846584431	0.0367349042208625	0.006850358846584431	0.021276503445585872	1.0288268610203878E-4	0.0367349042208625	1.0288268610203878E-4	0.028251441219477744
11400000	-229.79219269814485	4.451505112750006	-234.24369781089484	0.058008630000941405	-0.003457027008937644	0.027082255828641866	-0.003457027008937644	0.015511181974781471	-0.004094371593459019	0.027082255828641866	-0.004094371593459019	0.024131922080542396
11410000	-233.9012618833727	4.374448010232147	-238.27570989360487	0.04075014463093835	-0.002463888795421704	0.02666255864455009	-0.002463888795421704	0.021323269805128945	-0.009111349459039774	0.02666255864455009	-0.009111349459039774	0.033145862637831466
11420000	-208.95934755353352	4.2475460173907065	-213.20689357092422	0.11922541113273341	-0.009166933964400352	0.03021366940969401	-0.009166933964400352	0.01552323733246071	-0.004546840754295226	0.03021366940969401	-0.004546840754295226	0.02695264172199912
11430000	-189.2083379042057	3.8472949629070086	-193.0556328671127	0.20336272259964838	0.017931028623815952	0.027312429080339155	0.017931028623815952	0.02005365572475326	0.0044627699529843304	0.027312429080339155	0.0044627699529843304	0.020478077097560356
11440000	-178.56399192439167	2.791408728091464	-181.35540065248313	0.5212412464144781	0.004830058999277314	0.022117932438881365	0.004830058999277314	0.02095405994695866	-0.002213073504788782	0.022117932438881365	-0.002213073504788782	0.015025991142175626
11450000	-211.40380997484678	3.7082917972822615	-215.11210177212905	0.12250428576543687	-0.004202673930207353	0.03646310583248661	-0.004202673930207353	0.029698364015478308	-0.0033801835122251175	0.03646310583248661	-0.0033801835122251175	0.031191808551978804
11460000	-182.35055608140652	4.395352211600357	-186.7459082930069	0.1693984048675119	-0.001713787102688286	0.03781246090222646	-0.001713787102688286	0.014632503265650174	-0.0011457349347769935	0.03781246090222646	-0.0011457349347769935	0.023877235430743576
11470000	-184.97573844226304	4.1205291501794425	-189.09626759244247	0.3853298158790912	0.0182277139891429	0.07799768282763818	0.0182277139891429	0.020578007271268156	0.0010247960966429668	0.07799768282763818	0.0010247960966429668	0.03193461148832696
11480000	-155.03155375626994	0.36888187536026573	-155.40043563163022	0.9425241507824028	-0.006162279304538397	0.07577459414697496	-0.006162279304538397	0.01754351381932493	-6.800330299694045E-4	0.07577459414697496	-6.800330299694045E-4	0.0208356395176588
11490000	-149.8624234206006	1.6400657349014018	-151.50248915550202	0.9264911029508546	-0.0295901593964739	0.0866094376285506	-0.0295901593964739	0.024270260238715032	-0.009690263538509611	0.0866094376285506	-0.009690263538509611	0.0278981017673308
11500000	-199.68955358684875	3.5589462942651537	-203.2484998811139	0.21998283975184887	-0.008879588029210881	0.04443381990618656	-0.008879588029210881	0.017456174847561765	-0.007524071707581284	0.04443381990618656	-0.007524071707581284	0.03190795908681788
11510000	-155.987273946912	0.9850701303105769	-156.9723440772226	0.6301744376636202	-0.01334953667283982	0.11748977126921337	-0.01334953667283982	0.018770794147449546	-0.0060932072385850335	0.11748977126921337	-0.0060932072385850335	0.03949004640550491
11520000	-185.51779525763982	4.032866084931317	-189.55066134257115	0.26110456983430586	0.03589349112355844	0.05475909035638677	0.03589349112355844	0.023023034300625043	0.0019367805845239977	0.05475909035638677	0.0019367805845239977	0.028370612913258254
11530000	-161.78222741876164	3.072174816781817	-164.85440223554346	0.587340989673332	0.019366100432826824	0.06054958282402642	0.019366100432826824	0.016240457487855173	-2.2087976626330953E-4	0.06054958282402642	-2.2087976626330953E-4	0.02839866332158103
11540000	-189.9860215464785	3.3683868264548313	-193.35440837293334	0.17969776939340398	0.002809085121044015	0.0618070364055689	0.002809085121044015	0.018364740946052203	8.80473916747785E-4	0.0618070364055689	8.80473916747785E-4	0.037375784812974835
11550000	-178.05053431537635	0.9341232510401984	-178.98465756641656	0.39374520492490594	0.01892368501656128	0.07263314634257466	0.01892368501656128	0.018879094004445877	0.002117756342924401	0.07263314634257466	0.002117756342924401	0.033515776594225735
11560000	-173.42642118718967	3.8431820210909486	-177.2696032082806	0.4106250676277678	-0.006237453664155782	0.04623363898568937	-0.006237453664155782	0.019535809525970425	2.776763032111886E-4	0.04623363898568937	2.776763032111886E-4	0.01780322138140602
11570000	-184.76039596609033	2.366555565571792	-187.12695153166212	0.3403823816183425	-0.02893168330470651	0.03960241424345176	-0.02893168330470651	0.023397224177180865	-0.006426411477197079	0.03960241424345176	-0.006426411477197079	0.02169090922599472
11580000	-173.51163002183472	2.2630295866120482	-175.77465960844677	0.5620562167359222	0.03697093063683867	0.04559231023014219	0.03697093063683867	0.016748349153458516	0.003206556681897538	0.04559231023014219	0.003206556681897538	0.025637491338158198
11590000	-150.0297619455845	1.045462551581572	-151.0752244971661	0.9666777304865543	0.05786811931911503	0.07971709357932526	0.05786811931911503	0.017985445605121657	0.0028540476615525195	0.07971709357932526	0.0028540476615525195	0.026306785766882036
11600000	-165.79938860588288	1.9850322980070052	-167.7844209038899	0.4535817247476104	0.014065689706885284	0.041534114672192625	0.014065689706885284	0.017471667392629692	-0.001222211610366058	0.041534114672192625	-0.001222211610366058	0.024639813075649962
11610000	-165.9924328192948	3.450340010830239	-169.44277283012505	0.44498652459943383	0.015225747326546555	0.06308144342304604	0.015225747326546555	0.01707991348111163	-0.0023955011285050425	0.06308144342304604	-0.0023955011285050425	0.026395324526361442
11620000	-184.76122514571423	1.3114287518213095	-186.07265389753553	0.2947056547858196	0.022630584523954358	0.032446726806441936	0.022630584523954358	0.02055116970773126	-7.47408668355618E-4	0.032446726806441936	-7.47408668355618E-4	0.021577519244389737
11630000	-176.3204557422371	2.155521643367077	-178.47597738560418	0.5645797946688833	0.048338382379157205	0.10607781577398044	0.048338382379157205	0.015758150492284774	0.004416717500110365	0.10607781577398044	0.004416717500110365	0.03817193903396076
11640000	-175.37099880579893	1.9992131454701108	-177.37021195126906	0.39173359526048185	-0.005992331278027491	0.06980202056342938	-0.005992331278027491	0.017854329655353964	-0.005093788969864302	0.06980202056342938	-0.005093788969864302	0.024603299299491316
11650000	-163.16423584893454	2.0478610843877854	-165.21209693332233	0.835334662748104	0.02562769935316098	0.08762418160528566	0.02562769935316098	0.016436151268627644	0.005015891595590427	0.08762418160528566	0.005015891595590427	0.02808780538183884
11660000	-181.82096244920447	1.3388917933975235	-183.159854242602	0.295148517394156	-0.01673925593917313	0.06340467753954515	-0.01673925593917313	0.01643017493263268	-0.00836965229381208	0.06340467753954515	-0.00836965229381208	0.03124596201006257
11670000	-157.12281711457635	1.2073862315773698	-158.33020334615372	0.5684715886426827	0.0223731457837607	0.08196394988840965	0.0223731457837607	0.019119180903534958	0.0030073631105456515	0.08196394988840965	0.0030073631105456515	0.02733756052250563
11680000	-163.24724809697025	1.6935336569661072	-164.94078175393636	0.7017306546862978	0.007965202687349281	0.06884915246183293	0.007965202687349281	0.01589175278362665	9.640270489916867E-4	0.06884915246183293	9.640270489916867E-4	0.028251676520562062
11690000	-175.80460555292007	4.014290222886017	-179.81889577580608	0.38885509109559446	0.021868011062882324	0.08829450402782973	0.021868011062882324	0.02073034158990672	0.004106105871837655	0.08829450402782973	0.004106105871837655	0.04501451586734385
11700000	-168.54489861165166	4.054698109434976	-172.59959672108664	0.38895451547263943	0.004859469342263904	0.040818300845820325	0.004859469342263904	0.018136179959462862	-9.342966901119801E-4	0.040818300845820325	-9.342966901119801E-4	0.020566051765937652
11710000	-174.90914747589215	3.374149037688704	-178.28329651358086	0.4496226111972136	0.0054132072515128745	0.06039842906154599	0.0054132072515128745	0.015698402944371494	-3.7036656857292465E-4	0.06039842906154599	-3.7036656857292465E-4	0.02537960508223077
11720000	-160.28690295692155	0.8661799874060501	-161.1530829443276	0.5697021618106571	-0.009654229455223073	0.0869184414106544	-0.009654229455223073	0.018786774323926447	-0.005738367930211618	0.0869184414106544	-0.005738367930211618	0.030398793278976346
11730000	-208.80049161369888	2.406129548359443	-211.20662116205833	0.15079667454862275	-0.004306772187359266	0.028681097866855857	-0.004306772187359266	0.011171216139267916	-0.005687496560571408	0.028681097866855857	-0.005687496560571408	0.03522271684598248
11740000	-186.76170742902843	3.7913447909019578	-190.55305221993038	0.27925242076280465	0.014818354275312749	0.10035274891965357	0.014818354275312749	0.025452345011924282	-2.7513209283447707E-4	0.10035274891965357	-2.7513209283447707E-4	0.05374595224808924
11750000	-186.0816393067353	4.039956933553725	-190.12159624028902	0.22231910452412657	-0.017751562315605172	0.03043105652091803	-0.017751562315605172	0.01815207898531693	-0.0050193314075245386	0.03043105652091803	-0.0050193314075245386	0.021519548423019716
11760000	-180.3826723850257	2.4897026497076595	-182.87237503473335	0.326028987517636	-0.004149231500840279	0.06929514728002906	-0.004149231500840279	0.02124967657161645	-0.005806713227644412	0.06929514728002906	-0.005806713227644412	0.03516635533781781
11770000	-169.2293081674486	3.171740329300686	-172.4010484967493	0.5162385768160218	0.036076871195149934	0.09473517730372706	0.036076871195149934	0.0208107322000432	0.005260562331670698	0.09473517730372706	0.005260562331670698	0.03007636256566827
11780000	-176.8189886546343	4.1055024374510065	-180.9244910920853	0.3087574905732669	0.027175387005834935	0.056724048693508784	0.027175387005834935	0.019837652703687605	3.4032623792172936E-4	0.056724048693508784	3.4032623792172936E-4	0.029739079467366234
11790000	-169.0885285148559	2.6387679944320044	-171.72729650928792	0.44984064259537104	0.001365169775191595	0.07681800401605655	0.001365169775191595	0.011598818279737386	-0.0011051399994747913	0.07681800401605655	-0.0011051399994747913	0.036069233272555346
11800000	-173.02935416169882	3.2491988493161545	-176.27855301101496	0.29792402252619954	0.01081674925014124	0.049585268218322244	0.01081674925014124	0.021398547738304956	-0.00502164542228738	0.049585268218322244	-0.00502164542228738	0.028185271527761
11810000	-165.87127034509578	0.42521867934229085	-166.29648902443807	1.0466539922740201	0.03420267257784083	0.09322944395777381	0.03420267257784083	0.017700345468621103	-0.0012973171937862107	0.09322944395777381	-0.0012973171937862107	0.028543212875178837
11820000	-158.37981788732986	1.8725628785615562	-160.25238076589142	0.7586373779883009	0.024112882057832574	0.13248800696523802	0.024112882057832574	0.01491956120587095	7.715797834694348E-4	0.13248800696523802	7.715797834694348E-4	0.03854982173387715
11830000	-193.13503746026672	4.528415199661648	-197.66345265992837	0.19050701209635076	-0.012129950985194721	0.041621776666848666	-0.012129950985194721	0.019016298844095253	-0.007202701210001066	0.041621776666848666	-0.007202701210001066	0.03345063808160446
11840000	-179.32351479562567	4.429215638813957	-183.75273043443963	0.2889524030275181	0.004769803118736297	0.0343277975751393	0.004769803118736297	0.012797112049099894	-0.0031703145247622758	0.0343277975751393	-0.0031703145247622758	0.02899479866950269
11850000	-189.68250763625787	4.085011376561405	-193.76751901281926	0.23462577266591172	-0.003729122541399556	0.03340811141762825	-0.003729122541399556	0.016158359524168952	-0.002689022088439315	0.03340811141762825	-0.002689022088439315	0.025064897295364142
11860000	-186.95710158010672	4.0816711818714015	-191.03877276197812	0.3121386021862265	0.005061916831844752	0.06185016028974908	0.005061916831844752	0.011295001524092406	0.0020320540532745074	0.06185016028974908	0.0020320540532745074	0.03273000227655594
11870000	-160.31364867251727	1.0236210252192475	-161.33726969773653	0.7386575849530089	0.029537862064465185	0.1125647493888726	0.029537862064465185	0.019672892430683715	0.004385588206127796	0.1125647493888726	0.004385588206127796	0.03395854605989387
11880000	-171.1325467852897	3.1393566931627275	-174.27190347845243	0.5339149806477356	0.052439654220121895	0.07300695354530358	0.052439654220121895	0.023031586420909016	0.007852786679256029	0.07300695354530358	0.007852786679256029	0.027637444620472365
11890000	-193.62355272443517	1.9441401265519822	-195.56769285098716	0.1993014811172166	0.004348152246754031	0.04017279952346499	0.004348152246754031	0.011455138871569312	-5.734758777895712E-4	0.04017279952346499	-5.734758777895712E-4	0.023536672034650936
11900000	-176.68896139515607	4.189729454059311	-180.8786908492154	0.28753297781799886	-0.02365172884969388	0.044606478807528216	-0.02365172884969388	0.019232824723325333	-0.0036593254406317556	0.044606478807528216	-0.0036593254406317556	0.031181456989697473
11910000	-213.55797748594296	4.874789114976182	-218.43276660091914	0.10338559111363935	0.012728605544839393	0.031584813499282854	0.012728605544839393	0.021776394806183062	-4.150973305893919E-4	0.031584813499282854	-4.150973305893919E-4	0.029459084730178393
11920000	-204.97684743367768	3.8394685804646373	-208.8163160141423	0.13286662699503432	0.029909855121335368	0.05351205685999165	0.029909855121335368	0.020966890538422125	0.010084062487756056	0.05351205685999165	0.010084062487756056	0.03707154815230065
11930000	-182.0283441652879	0.6650182834337515	-182.69336244872164	0.34764836800568133	0.008630667209547208	0.050503053474484784	0.008630667209547208	0.018250437767979515	-0.002788065520584882	0.050503053474484784	-0.002788065520584882	0.027648485494370195
11940000	-148.91645936507516	-2.1212214476452314	-146.79523791742992	1.6779390535179428	0.03342216829828956	0.1825345933657503	0.03342216829828956	0.01928285458675281	0.004921422164751781	0.1825345933657503	0.004921422164751781	0.03850974781977944
11950000	-155.92712227020667	2.6184384072871882	-158.54556067749385	0.5304538882237351	0.023444129068370616	0.05345822508943112	0.023444129068370616	0.018364967973400807	-1.2403687184344824E-4	0.05345822508943112	-1.2403687184344824E-4	0.019626981526767347
11960000	-174.93358357249963	3.388619131920498	-178.32220270442014	0.5067560538323063	0.018989755281910183	0.09627784845510054	0.018989755281910183	0.018943507374524056	-0.0019743220174642325	0.09627784845510054	-0.0019743220174642325	0.03265613135459714
11970000	-176.08499823325775	4.031121691396404	-180.11611992465416	0.30113280342350723	0.007363438145065149	0.04666306529371125	0.007363438145065149	0.013853739929154783	-0.0027318522643090723	0.04666306529371125	-0.0027318522643090723	0.024315800838023587
11980000	-162.41073455275247	-1.8206654923950674	-160.5900690603574	0.9812079860806731	0.0017693289495493859	0.1324741868157623	0.0017693289495493859	0.010149902454870772	-0.003187729357505639	0.1324741868157623	-0.003187729357505639	0.038845684370108026
11990000	-158.52220851785316	2.4308263230245317	-160.95303484087768	0.6951106974594408	0.026463126030932135	0.07835945070205515	0.026463126030932135	0.018807321489761747	0.0011574610107466718	0.07835945070205515	0.0011574610107466718	0.023083641905267953
12000000	-170.06215389794426	3.365893404073024	-173.4280473020173	0.4437012162550546	-0.003210067064484724	0.06860871371380103	-0.003210067064484724	0.014965589324399701	-0.002179960121409548	0.06860871371380103	-0.002179960121409548	0.024976299811598435
12010000	-178.61864971383764	3.7890272501720963	-182.40767696400974	0.3503558718276557	0.01828235183573847	0.06181803706892257	0.01828235183573847	0.016449890188409227	-0.0015500366156412531	0.06181803706892257	-0.0015500366156412531	0.029069068491082147
12020000	-182.09040723197847	4.463079728970256	-186.55348696094873	0.2594100295904322	0.007636302021840351	0.04471272568052577	0.007636302021840351	0.020476055418337462	-5.021198814236512E-4	0.04471272568052577	-5.021198814236512E-4	0.0265168484597424
12030000	-175.68264538867288	1.8323282083897645	-177.51497359706264	0.6078252338712044	-0.025289495344944134	0.06383100729945233	-0.025289495344944134	0.01820951265833836	-0.0014067539028162206	0.06383100729945233	-0.0014067539028162206	0.025095931483480684
12040000	-167.32492406599553	1.943804135098821	-169.26872820109435	0.44313685659665647	0.05073589225197708	0.047890454874521336	0.05073589225197708	0.023010754682512284	0.0019334154178759014	0.047890454874521336	0.0019334154178759014	0.02868943783550448
12050000	-150.09831835735852	0.2875165747802103	-150.38583493213872	1.0634484226862566	-0.006001176405207279	0.097443736429055	-0.006001176405207279	0.021487000192631885	-0.0013055308639868043	0.097443736429055	-0.0013055308639868043	0.028442202842428103
12060000	-156.30437319843557	1.1360648783478893	-157.44043807678347	0.8814767787903286	-0.01156834494912302	0.10196620764387151	-0.01156834494912302	0.017808051705902436	-0.007103303437153104	0.10196620764387151	-0.007103303437153104	0.030453195930660266
12070000	-149.3553721011354	-1.5099139430115445	-147.84545815812385	1.0718425761732944	0.022582818323851707	0.12319776516681542	0.022582818323851707	0.021655286087924514	0.0019182733603605024	0.12319776516681542	0.0019182733603605024	0.03002575964701866
12080000	-164.60286994605875	1.1986280017493893	-165.80149794780814	0.6769984614522356	-0.02356977003858054	0.05326351492289253	-0.02356977003858054	0.020691726241995435	-0.006639664406087862	0.05326351492289253	-0.006639664406087862	0.01928696179536814
12090000	-157.18914662032205	1.0813895212846565	-158.2705361416067	0.5906313288884248	0.01917340851011205	0.07796335955995506	0.01917340851011205	0.020466120830176758	-0.0018862626782790212	0.07796335955995506	-0.0018862626782790212	0.028289621738882206
12100000	-206.71211936782356	0.3415774769280624	-207.0536968447516	0.14318467139879962	0.005447974891747943	0.03594495969844986	0.005447974891747943	0.01959829456496076	-0.004005190340189976	0.03594495969844986	-0.004005190340189976	0.027972497283930847
12110000	-212.4025093695984	3.993555010539953	-216.39606438013834	0.10867032755836778	-0.0046651585008677	0.029634157213778874	-0.0046651585008677	0.012261132641137505	-0.002132395816626929	0.029634157213778874	-0.002132395816626929	0.02215500530550861
12120000	-160.86662639310168	1.3727361040065493	-162.23936249710823	0.5612879821645975	-0.009368344532928547	0.07141291235206641	-0.009368344532928547	0.020727263656676476	-0.0020663715196081946	0.07141291235206641	-0.0020663715196081946	0.02549816198081712
12130000	-177.67935146410457	4.418873453729102	-182.09822491783368	0.34922756260704657	-0.013826875244897162	0.05273593450312044	-0.013826875244897162	0.019532214201837133	-0.0050751227469095685	0.05273593450312044	-0.0050751227469095685	0.03034036834115073
12140000	-177.9730516266506	3.8926583426342014	-181.8657099692848	0.38174187956222283	0.024240392392593388	0.07243917491575076	0.024240392392593388	0.020017853669037442	0.0023683583258604845	0.07243917491575076	0.0023683583258604845	0.030369723563130203
12150000	-156.72369090130215	1.0715687714398126	-157.79525967274196	0.9016468926526325	0.03374862115279236	0.12398619774542298	0.03374862115279236	0.01881772497956495	0.0030276791653522216	0.12398619774542298	0.0030276791653522216	0.03289863207051942
12160000	-164.59979276558002	3.907999037938433	-168.50779180351844	0.42842738466054614	2.26439615855188E-5	0.039222464215023706	2.26439615855188E-5	0.017333047143055575	-0.004386624373965627	0.039222464215023706	-0.004386624373965627	0.01817610954944425
12170000	-168.24929490262195	-3.024100538329325	-165.22519436429263	0.7243980664736506	0.06755151882157351	0.12878802775738157	0.06755151882157351	0.02118373863539974	0.014466850495285559	0.12878802775738157	0.014466850495285559	0.03881467630961212
12180000	-176.30828057577807	1.96338938262712	-178.2716699584052	0.30715112915867165	0.007414898967838181	0.06894281754127242	0.007414898967838181	0.018710548753116674	-0.0017553371327226272	0.06894281754127242	-0.0017553371327226272	0.03730982955709691
12190000	-172.6304669888712	3.9808817182925873	-176.61134870716378	0.3602720103672306	0.02463304575488295	0.03303307345854896	0.02463304575488295	0.018569772834412614	-2.361009160843355E-4	0.03303307345854896	-2.361009160843355E-4	0.01744520140504971
12200000	-167.60718473910646	3.766189157829878	-171.37337389693633	0.3728084355465098	7.488863569924263E-4	0.06820812443548675	7.488863569924263E-4	0.02035361194131816	1.2644268816214456E-5	0.06820812443548675	1.2644268816214456E-5	0.03069768154110543
12210000	-160.88304518655957	0.5170080115879747	-161.40005319814753	0.6171383461581929	0.01795748362096471	0.06546499651846044	0.01795748362096471	0.019690380748808457	-0.005609524507360768	0.06546499651846044	-0.005609524507360768	0.028779020116663053
12220000	-174.8202047537362	4.257013948337454	-179.07721870207365	0.3188128022626851	0.002303524086854862	0.042988509843731974	0.002303524086854862	0.013838029954356587	-7.348607181113099E-4	0.042988509843731974	-7.348607181113099E-4	0.02511846717331765
12230000	-159.62894464455135	3.2454552359143816	-162.87439988046575	0.5831168863137123	0.026056899675980533	0.08727611293410595	0.026056899675980533	0.01862886690855163	0.0019043907925579036	0.08727611293410595	0.0019043907925579036	0.03377352687249435
12240000	-179.14550251387007	3.3508202921863206	-182.49632280605638	0.4930113855481004	-0.03931815735155408	0.056525219666100975	-0.03931815735155408	0.01772432710679531	-0.006182133279319206	0.056525219666100975	-0.006182133279319206	0.021273288270434638
12250000	-212.82432263379613	4.202824843220413	-217.02714747701654	0.06832324039568093	0.00411389723652477	0.0271724132927627	0.00411389723652477	0.017156029924175843	2.8569551702093614E-4	0.0271724132927627	2.8569551702093614E-4	0.029911860254131988
12260000	-179.13931385828428	3.54745001880128	-182.68676387708555	0.2448836392727283	-0.011815833158988352	0.03195906477247042	-0.011815833158988352	0.013281221697333482	-1.3931215761232222E-4	0.03195906477247042	-1.3931215761232222E-4	0.021434227947047226
12270000	-150.97112062817882	2.4184771913148153	-153.38959781949364	0.7923296246474216	0.030871266589934252	0.08931074876847035	0.030871266589934252	0.022564033752621976	-0.002351697158112275	0.08931074876847035	-0.002351697158112275	0.0276312028907262
12280000	-165.50152443011999	2.4916766598612266	-167.9932010899812	0.574241263199991	-0.010490562953990075	0.08870738178392436	-0.010490562953990075	0.010632052315425501	-0.0032472868591978043	0.08870738178392436	-0.0032472868591978043	0.028048354490335464
12290000	-161.85243661425253	0.3551411274312235	-162.20757774168374	0.8802425375669638	0.006413732313199725	0.09404544123528903	0.006413732313199725	0.02397096403697093	-7.303711531669045E-4	0.09404544123528903	-7.303711531669045E-4	0.025616006575126304
12300000	-168.303230122526	3.355414812118951	-171.65864493464494	0.42634943851583956	0.012307526896580276	0.05294814008979942	0.012307526896580276	0.017163216290676485	4.2322539437530406E-4	0.05294814008979942	4.2322539437530406E-4	0.023408221726213607
12310000	-198.84151899395118	3.1843211246887178	-202.0258401186399	0.14103992639043492	0.010333092701899874	0.0447499548397539	0.010333092701899874	0.015855517658682247	0.004054225712489594	0.0447499548397539	0.004054225712489594	0.0343937097358919
12320000	-202.07248455404445	3.416827635777673	-205.48931218982213	0.16098686957425926	0.00581292622386501	0.06541897594617331	0.00581292622386501	0.018405141836761275	7.874388399822848E-4	0.06541897594617331	7.874388399822848E-4	0.04659940909925222
12330000	-204.8164781349701	4.3215068908730885	-209.1379850258432	0.10143075101589602	0.002140714614655547	0.0169047447815254	0.002140714614655547	0.009636841600768931	-4.728638366720279E-4	0.0169047447815254	-4.728638366720279E-4	0.01844452905414714
12340000	-179.77599613002164	4.188981039721449	-183.9649771697431	0.2919462068375805	0.009158751451024343	0.03268791285450693	0.009158751451024343	0.022414289533960335	-0.0011319722988546177	0.03268791285450693	-0.0011319722988546177	0.027974120328552444
12350000	-164.72653227017193	4.083215819025243	-168.80974808919717	0.3847638051116504	0.013672110038847846	0.06565340637908804	0.013672110038847846	0.02072928502693432	0.0029391212013863276	0.06565340637908804	0.0029391212013863276	0.027843347448138676
12360000	-161.59012867825612	2.81912015325124	-164.40924883150737	0.6822421640339436	0.015415015900795775	0.09818059381006952	0.015415015900795775	0.014300000301240207	-0.0020050025441554894	0.09818059381006952	-0.0020050025441554894	0.031021467236425446
12370000	-170.37664701134477	2.2842278537527494	-172.66087486509753	0.5339777671218159	-0.0082527890918307	0.1092678808046674	-0.0082527890918307	0.01653057603787212	-0.0060396343049716455	0.1092678808046674	-0.0060396343049716455	0.04019498669838948
12380000	-163.5614092166245	3.660631374396319	-167.22204059102083	0.45176467700265	0.020184951754961804	0.02640657475135302	0.020184951754961804	0.017929387057114082	-7.721832575361266E-5	0.02640657475135302	-7.721832575361266E-5	0.019942181843262973
12390000	-152.76503561726787	2.6783995025545315	-155.4434351198224	0.7721627924783772	0.05684920964293468	0.08799903294171126	0.05684920964293468	0.022980789885820727	0.007338660179688209	0.08799903294171126	0.007338660179688209	0.030422474834739345
12400000	-164.25141197224494	1.795344105107569	-166.0467560773525	0.8198952162153386	0.005755728283327092	0.047092620594132446	0.005755728283327092	0.022765344038130925	-0.004401734004274948	0.047092620594132446	-0.004401734004274948	0.02178306706434694
12410000	-146.45522640681918	1.4815758276491575	-147.93680223446833	0.8826020234325911	0.017540452537400587	0.12892540545859005	0.017540452537400587	0.017002502133815822	-0.0014345486013661209	0.12892540545859005	-0.0014345486013661209	0.037633097935223556
12420000	-149.60471645951222	0.9828190380710359	-150.58753549758325	1.081314854678523	0.047633077119198786	0.1660839134637922	0.047633077119198786	0.02120529919458536	0.0055935110621462905	0.1660839134637922	0.0055935110621462905	0.04147492828611915
12430000	-178.70662558380914	3.070070361034818	-181.77669594484396	0.35312029756593977	-0.004276949303055158	0.05177660615056412	-0.004276949303055158	0.01845776897035549	-0.005594554173280059	0.05177660615056412	-0.005594554173280059	0.026691664297306506
12440000	-149.9694312489581	1.0436377121222349	-151.01306896108034	0.9737842385037803	-0.012193357431984467	0.05508784862354681	-0.012193357431984467	0.01570818548438074	-0.006144077327871272	0.05508784862354681	-0.006144077327871272	0.022493178853520566
12450000	-169.7846297712797	3.283836261490166	-173.06846603276986	0.4349833804198364	-0.018866959692474535	0.04953486085112809	-0.018866959692474535	0.02072996650635665	-0.0022351399450958706	0.04953486085112809	-0.0022351399450958706	0.023322604496012853
12460000	-172.01709821589674	3.0103340954695788	-175.0274323113663	0.3998756864825685	0.04113168463974947	0.031422762989656496	0.04113168463974947	0.023161344408881707	0.001550017123474485	0.031422762989656496	0.001550017123474485	0.01326466312250111
12470000	-182.9832834940631	3.0522426177181554	-186.03552611178125	0.346170895938723	-0.011449964578304604	0.07233162346206418	-0.011449964578304604	0.01819547841713869	-0.00671863978688461	0.07233162346206418	-0.00671863978688461	0.03935116695458993
12480000	-150.61329741141523	1.9057171319703397	-152.51901454338557	0.9181837723306103	-4.8130179381740705E-4	0.03416229901224906	-4.8130179381740705E-4	0.02021090492385336	-8.143137920172688E-4	0.03416229901224906	-8.143137920172688E-4	0.0187404182755801
12490000	-188.22847960708842	3.8958102626922786	-192.12428986978068	0.28033840354704814	0.016097027444451156	0.04813646799154776	0.016097027444451156	0.016658708710884665	0.0024919069127997554	0.04813646799154776	0.0024919069127997554	0.01930030811530628
12500000	-186.28422741815942	4.296124448698495	-190.5803518668579	0.297549682386213	0.00936575179724598	0.04752828620794093	0.00936575179724598	0.021062075729047988	0.0038473136958153305	0.04752828620794093	0.0038473136958153305	0.022289392051465413
12510000	-179.6833303676353	3.6616018585456533	-183.34493222618096	0.25495291781890533	0.017999666435624177	0.05992309625649896	0.017999666435624177	0.01803410433682837	9.777187032706165E-4	0.05992309625649896	9.777187032706165E-4	0.028750779398722122
12520000	-143.04383900508145	0.30379127667772554	-143.34763028175917	1.2598150710191414	0.0542782928004619	0.11979879615671339	0.0542782928004619	0.02159719468000554	0.005696293793190283	0.11979879615671339	0.005696293793190283	0.026032152944871184
12530000	-187.06295351595722	3.2077853009267017	-190.27073881688392	0.23857751012702128	0.0046259772137401236	0.029966942825892028	0.0046259772137401236	0.026388693468805173	-0.0032842189559359088	0.029966942825892028	-0.0032842189559359088	0.017451893559245136
12540000	-188.8677122578084	3.3126753497204673	-192.18038760752887	0.2219069183331763	0.03211965121043452	0.017990271414480577	0.03211965121043452	0.017054102467304447	-2.0242714821391448E-4	0.017990271414480577	-2.0242714821391448E-4	0.02038882841835247
12550000	-181.6188353079272	4.280885886208685	-185.8997211941359	0.2491953917342343	0.00880766798353459	0.04731316394809598	0.00880766798353459	0.02096102761244367	-0.005488198648868146	0.04731316394809598	-0.005488198648868146	0.02548191614255442
12560000	-180.45334369726166	4.231378913405457	-184.6847226106671	0.33438577501317135	-0.01675598234213505	0.03930455018401011	-0.01675598234213505	0.023074777135463718	-0.004037517210287109	0.03930455018401011	-0.004037517210287109	0.023408799203291898
12570000	-174.63119264511184	3.5675237130130513	-178.1987163581249	0.31998236999667834	-0.011514606593414377	0.0680866932758917	-0.011514606593414377	0.020925465012049775	-0.00443663962558066	0.0680866932758917	-0.00443663962558066	0.02715208883336988
12580000	-164.5481051382983	2.8326213989686146	-167.38072653726692	0.615425647404992	0.014826467745755967	0.07812263864687101	0.014826467745755967	0.01870445863764234	-0.0020787981307556647	0.07812263864687101	-0.0020787981307556647	0.027731942322464523
12590000	-154.93045588612685	2.167631100365677	-157.09808698649252	0.6973144647936104	0.03510251303941145	0.06636330057237017	0.03510251303941145	0.023883290158860992	-0.0015841310621162374	0.06636330057237017	-0.0015841310621162374	0.023806172337537956
12600000	-178.12552517991728	2.637284775747531	-180.7628099556648	0.33380000575032015	0.01874346522964646	0.06151099219675025	0.01874346522964646	0.01567181745035932	-8.143075777885087E-4	0.06151099219675025	-8.143075777885087E-4	0.03192400630240143
12610000	-205.0335823018327	3.6209511855302488	-208.65453348736295	0.16054910092699606	0.01030357228508167	0.0341070747924761	0.01030357228508167	0.015482575084374211	-0.002552781888606783	0.0341070747924761	-0.002552781888606783	0.02580641770113457
12620000	-182.00692898576634	4.599076106351004	-186.60600509211733	0.3282125247133724	0.03237728053232128	0.03207942860399756	0.03237728053232128	0.025128093625661384	-0.001957850254185885	0.03207942860399756	-0.001957850254185885	0.026607481817222577
12630000	-160.64471339768315	-3.870794285423705	-156.77391911225945	0.9378256624229454	-0.02203264293570093	0.0785064245007507	-0.02203264293570093	0.016201447804494326	-0.001989781487220202	0.0785064245007507	-0.001989781487220202	0.021533992037093906
12640000	-179.42513878053515	-0.42317352224801663	-179.00196525828713	0.4314345764872559	0.004068867389067361	6.45263333157198E-5	0.004068867389067361	0.0164242311111041	-0.001193247559179671	6.45263333157198E-5	-0.001193247559179671	0.010539185906956648
12650000	-151.73624584744985	-0.3118294692957525	-151.4244163781541	1.2452634597535404	0.022529919035413674	0.13130057046646346	0.022529919035413674	0.016321736886705924	-0.0026295984758810073	0.13130057046646346	-0.0026295984758810073	0.03325140347027296
12660000	-177.88409769788518	4.115072157872737	-181.9991698557579	0.3320961890742333	-0.002815497544827082	0.05351819255638313	-0.002815497544827082	0.021884061963298493	-0.005461891480711228	0.05351819255638313	-0.005461891480711228	0.020458905824294688
12670000	-154.7535367744724	-1.3886057928574251	-153.36493098161498	0.7804494726250865	0.025044456412473198	0.06637316810355798	0.025044456412473198	0.014868063157174215	0.0012602550188344167	0.06637316810355798	0.0012602550188344167	0.02725352962283887
12680000	-181.7575828082571	3.4371353262368656	-185.19471813449397	0.2547171118613478	-0.009676292595021051	0.043475165466828364	-0.009676292595021051	0.01600817955870793	-0.004867844122308989	0.043475165466828364	-0.004867844122308989	0.021235243831778286
12690000	-164.62217138685676	1.8194860657200844	-166.44165745257683	0.5942053375657147	6.92387155972423E-5	0.10649063522641004	6.92387155972423E-5	0.017982731037047006	-0.0045529425365324	0.10649063522641004	-0.0045529425365324	0.03369822566149404
12700000	-180.17157366533817	2.930333641118022	-183.10190730645618	0.2917063646541818	-0.011809511944274357	0.06328613736628252	-0.011809511944274357	0.017411078413593226	-0.001986301709232253	0.06328613736628252	-0.001986301709232253	0.02915481873552192
12710000	-174.4713608163055	3.444956828612314	-177.9163176449178	0.43301975699869627	0.013441727118299275	0.07893586442268159	0.013441727118299275	0.02092286071845345	-0.0018723442182001252	0.07893586442268159	-0.0018723442182001252	0.03599824500071059
12720000	-153.58252715587693	1.1860582888076858	-154.76858544468462	0.9846717925790496	0.009242167952145025	0.14538772434146782	0.009242167952145025	0.01974529140581127	-0.001626203595220537	0.14538772434146782	-0.001626203595220537	0.04112986006470955
12730000	-173.84732421265178	4.120923460635956	-177.96824767328775	0.382556997442239	0.004400133347010979	0.05904985417359992	0.004400133347010979	0.01784258820303371	0.0016703341744827589	0.05904985417359992	0.0016703341744827589	0.031717201983030505
12740000	-192.88941222272928	1.2902754780576586	-194.17968770078693	0.19982866778233063	0.003919963186701816	0.06082686281066362	0.003919963186701816	0.017005810476972322	-3.5141788128162095E-4	0.06082686281066362	-3.5141788128162095E-4	0.03688036982272736
12750000	-213.0541564561107	4.246669943788324	-217.30082639989902	0.08370097653448968	3.401053052388494E-4	0.03565370676763593	3.401053052388494E-4	0.016627939805873862	-0.003455000471869826	0.03565370676763593	-0.003455000471869826	0.025223728629146364
12760000	-215.58619896507494	4.782129509228918	-220.36832847430387	0.0815732280058888	0.00450412402670347	0.022780135097675812	0.00450412402670347	0.014715641380438413	-1.2159970353390476E-4	0.022780135097675812	-1.2159970353390476E-4	0.022531181784832127
12770000	-198.1413240594419	4.664036954522153	-202.80536101396405	0.1843630164318232	0.02864485833715318	0.032414752850530394	0.02864485833715318	0.023224117797269603	0.004211284649864651	0.032414752850530394	0.004211284649864651	0.019698167329017947
12780000	-191.73705232508937	4.251291897204002	-195.98834422229336	0.22246381406394913	0.0024190349482905104	0.039294661432296665	0.0024190349482905104	0.019655166155953276	-0.0030873889625904817	0.039294661432296665	-0.0030873889625904817	0.026016425366580376
12790000	-203.3466316702909	3.7736087078904026	-207.12024037818128	0.13314220351709957	0.0015339087318302896	0.032249942558784175	0.0015339087318302896	0.019737229256090085	5.362195710439616E-4	0.032249942558784175	5.362195710439616E-4	0.022983848181964885
12800000	-173.02838048874796	1.3375273670010417	-174.365907855749	0.9537671300497588	0.04702579579588417	0.14067108804131506	0.04702579579588417	0.016924414983307306	0.0051134722558430065	0.14067108804131506	0.0051134722558430065	0.032039747600725976
12810000	-173.28006171314516	0.9258127965048049	-174.20587450964996	0.3831372868937784	0.01820986904540893	0.07481525016231674	0.01820986904540893	0.01851826858544806	0.0038212490943694125	0.07481525016231674	0.0038212490943694125	0.031009374249661676
12820000	-177.27467236703032	3.5912886376397335	-180.86596100467005	0.37166987510145816	0.02611168813337455	0.05506328860546929	0.02611168813337455	0.019752322767399355	0.0021000351624159957	0.05506328860546929	0.0021000351624159957	0.027759922703643775
12830000	-200.66227848008805	3.049737945596457	-203.7120164256845	0.15639175600370608	0.007886283726539864	0.031626712145907204	0.007886283726539864	0.02021093672633674	8.411070519105637E-4	0.031626712145907204	8.411070519105637E-4	0.02307007196285571
12840000	-186.0232887541259	2.7049949734208982	-188.7282837275468	0.32909238051806644	0.025218987608189417	0.09147935161991917	0.025218987608189417	0.018823692716244268	0.003461105010648012	0.09147935161991917	0.003461105010648012	0.0415628407040326
12850000	-177.33740992007054	4.056835820506909	-181.39424574057745	0.40717554583001403	0.00740464626807396	0.05608756354904715	0.00740464626807396	0.027277401167623994	-0.005834847165911193	0.05608756354904715	-0.005834847165911193	0.022846663578845457
12860000	-203.24631837430084	4.76413851621999	-208.01045689052083	0.19346648787231693	-1.3256493326631996E-5	0.04508058644193302	-1.3256493326631996E-5	0.021317889389183286	-0.0024188543826563205	0.04508058644193302	-0.0024188543826563205	0.03334271675895569
12870000	-165.0093123590188	2.405165853709491	-167.41447821272828	0.7665739080542595	0.009129205184498172	0.13846511604091288	0.009129205184498172	0.018140689858708984	-0.003236816108487926	0.13846511604091288	-0.003236816108487926	0.049378577586229266
12880000	-181.327752313092	4.333646572399103	-185.66139888549108	0.24798046304744537	-0.0021629608489681243	0.037579690928133895	-0.0021629608489681243	0.013994108846549575	-0.0017138529221726085	0.037579690928133895	-0.0017138529221726085	0.02425768953624169
12890000	-198.9800785699642	4.01355645819466	-202.99363502815888	0.14654230666132895	0.0025746693332626505	0.026662108028959547	0.0025746693332626505	0.014934271246761686	-1.907124247675286E-4	0.026662108028959547	-1.907124247675286E-4	0.02011442550188807
12900000	-185.0146512439447	4.188326967376571	-189.2029782113213	0.20260355677009786	0.0072558496014490355	0.043440120486758896	0.0072558496014490355	0.016047467077084526	2.049250413409104E-4	0.043440120486758896	2.049250413409104E-4	0.02551040855857913
12910000	-178.25771130533246	4.0151215832856675	-182.27283288861813	0.29805920231043886	-0.02042688356175364	0.06457165380288775	-0.02042688356175364	0.016695380112833495	-0.006835628619215509	0.06457165380288775	-0.006835628619215509	0.03219790853652589
12920000	-227.70560415681683	2.9742514173759833	-230.67985557419283	0.08579476552171994	0.010620265520735936	0.024569699001349456	0.010620265520735936	0.022972127726813396	0.0036263233731128708	0.024569699001349456	0.0036263233731128708	0.022279955906887264
12930000	-206.84145225048758	4.86937019166443	-211.71082244215202	0.11163928488865246	0.009259388069348609	0.034764786309058	0.009259388069348609	0.022001281415361094	8.012808138940183E-4	0.034764786309058	8.012808138940183E-4	0.026019855296197714
12940000	-176.4107881780999	3.600745017112534	-180.01153319521242	0.35073968078182655	0.0472436093877999	0.03448479659358525	0.0472436093877999	0.023821351490462408	0.0032239856976162946	0.03448479659358525	0.0032239856976162946	0.023592151510254504
12950000	-196.7499834470928	2.79989120385298	-199.54987465094578	0.15321220517067424	0.006143319644141608	0.03843559067928965	0.006143319644141608	0.012324834545237598	3.1439349349934365E-4	0.03843559067928965	3.1439349349934365E-4	0.02771978561948233
12960000	-190.80738539655036	3.9965699316649177	-194.80395532821527	0.37726419269047123	0.0018728610446109835	0.028611104844515792	0.0018728610446109835	0.02414558796538213	-0.0018480532739619912	0.028611104844515792	-0.0018480532739619912	0.015484603203716217
12970000	-153.32631121809598	0.6280994405213435	-153.95441065861732	1.2035955485421703	0.01704773955683388	0.15226784389425618	0.01704773955683388	0.01785599853972093	0.0020920923427506376	0.15226784389425618	0.0020920923427506376	0.03748134518291663
12980000	-153.34650119284572	1.766242933515509	-155.11274412636124	0.9187934416408027	0.00531054637989954	0.06446273178318168	0.00531054637989954	0.019926485478001226	-5.450830506724941E-4	0.06446273178318168	-5.450830506724941E-4	0.02434953760254669
12990000	-187.10554436127578	2.9368887099044763	-190.04243307118026	0.4515280363326396	-0.016514113450473374	0.07889909565240881	-0.016514113450473374	0.01337359324931189	-0.008118355080725349	0.07889909565240881	-0.008118355080725349	0.034894343938085076
13000000	-190.86077888090767	3.2544841583419872	-194.11526303924967	0.2715461137172414	0.023514025726433053	0.06928813539041145	0.023514025726433053	0.02487364649015708	0.0046146870529740576	0.06928813539041145	0.0046146870529740576	0.04083279298121638
13010000	-176.28990211141465	3.7995584564180414	-180.0894605678327	0.32955490407607074	-0.01160368011656924	0.06503368327252562	-0.01160368011656924	0.017629018830500037	-0.006589017922257503	0.06503368327252562	-0.006589017922257503	0.03927845579554014
13020000	-189.12632460957252	2.640467933401649	-191.76679254297417	0.20948461516090439	0.011479345451454221	0.026203290204813694	0.011479345451454221	0.020525895768092956	0.003038265756902337	0.026203290204813694	0.003038265756902337	0.01823590954063943
13030000	-193.4922436323134	4.21764401811688	-197.7098876504303	0.1724938388529417	-0.003419055993455604	0.038052609971622124	-0.003419055993455604	0.02268413395773917	-0.002592862244880375	0.038052609971622124	-0.002592862244880375	0.02487692155431905
13040000	-165.9317469052138	4.084132169777311	-170.01587907499112	0.4408542486505483	-0.0017538492522912294	0.045205150686608506	-0.0017538492522912294	0.01782228479515422	-8.604125133756866E-4	0.045205150686608506	-8.604125133756866E-4	0.025737725363782438
13050000	-171.7870635991972	3.6401585981623263	-175.42722219735953	0.28761983249148265	-0.020706019478992713	0.04710517197491984	-0.020706019478992713	0.01819858446730578	-0.003345353998779413	0.04710517197491984	-0.003345353998779413	0.023681002542083447
13060000	-162.738757914723	2.665097542181805	-165.4038554569048	0.6166049897402333	-0.02174305285525592	0.046526118886230726	-0.02174305285525592	0.020256727442035	-0.0023562229015106602	0.046526118886230726	-0.0023562229015106602	0.020677205671331255
13070000	-191.93101200520445	3.3693242935724195	-195.30033629877687	0.17009124154073182	0.007189997866848711	0.04117461278361046	0.007189997866848711	0.01982924035222728	0.0016507229863939783	0.04117461278361046	0.0016507229863939783	0.02872668200200121
13080000	-178.07101951180832	4.274909055141705	-182.34592856695002	0.31630423919577005	0.01597035750806666	0.06479598427696304	0.01597035750806666	0.020494327061748106	0.002505101008653624	0.06479598427696304	0.002505101008653624	0.036873605167330625
13090000	-168.0657235534561	2.9695272854084314	-171.03525083886453	0.4493674061736453	0.03712920283689376	0.060621645910314784	0.03712920283689376	0.020600338010602057	-0.0019079422882491252	0.060621645910314784	-0.0019079422882491252	0.032264073861985966
13100000	-159.7749814980271	2.4653309622107944	-162.2403124602379	0.5807869019933544	0.024253291792951246	0.058421507230912086	0.024253291792951246	0.017163422601771738	-0.002217182680262124	0.058421507230912086	-0.002217182680262124	0.019394803608572056
13110000	-156.635942018869	-0.47582904006665405	-156.16011297880235	0.9178886887045961	0.02868601423411653	0.09423404884138857	0.02868601423411653	0.019668944482889656	0.0019758416003869956	0.09423404884138857	0.0019758416003869956	0.02658456364548652
13120000	-181.34651447207148	3.2537889523061807	-184.60030342437767	0.2853913477744657	-8.700241206540475E-4	0.07710868482018911	-8.700241206540475E-4	0.017403668056413815	-0.001930329034345985	0.07710868482018911	-0.001930329034345985	0.04038990678606095
13130000	-214.84653660101878	4.053426667539824	-218.8999632685586	0.05882115829435939	0.0043187135042680935	0.018747003713914013	0.0043187135042680935	0.01712573217548796	-0.0015119991880512174	0.018747003713914013	-0.0015119991880512174	0.022193313817409833
13140000	-203.8836029087011	3.3001430115546704	-207.18374592025577	0.16709280979033161	0.005482240763415514	0.05239696583679315	0.005482240763415514	0.011827978883986475	0.0019957675683855217	0.05239696583679315	0.0019957675683855217	0.0370019976974532
13150000	-176.50848357829216	-1.0116645439367056	-175.49681903435544	0.6645649799805281	0.029004803717395427	0.12903941689648027	0.029004803717395427	0.01674731771440688	0.0057703748997043666	0.12903941689648027	0.0057703748997043666	0.04138316996699597
13160000	-209.13338208225133	4.9842758472027935	-214.1176579294541	0.12034469099300275	0.005585577521356531	0.03040451546913635	0.005585577521356531	0.0201757323930496	3.741546895617426E-4	0.03040451546913635	3.741546895617426E-4	0.027733546047535265
13170000	-192.46941510130628	4.4492175294744545	-196.91863263078073	0.16497971728324318	0.0024371071592713695	0.03271446231318195	0.0024371071592713695	0.020157504648797894	-0.0013922933095806978	0.03271446231318195	-0.0013922933095806978	0.026674323182675316
13180000	-156.81433666782635	2.533276538598807	-159.34761320642517	0.6843130615063436	0.02812029723275867	0.026591244986342376	0.02812029723275867	0.01588832903924325	0.0014394111538347657	0.026591244986342376	0.0014394111538347657	0.02028514362445743
13190000	-163.01842775285522	2.563469453054665	-165.58189720590988	0.6926040909251087	0.020860313480389053	0.10971209328145273	0.020860313480389053	0.015501237613537496	0.0010129328001119552	0.10971209328145273	0.0010129328001119552	0.033975452422486244
13200000	-166.4639309943743	3.3224730979490076	-169.7864040923233	0.5689953633388839	0.029837431059771814	0.06280962998964602	0.029837431059771814	0.018348681330975707	-6.468699622394101E-4	0.06280962998964602	-6.468699622394101E-4	0.021762259119115945
13210000	-148.6140743779349	-0.16748511361597795	-148.44658926431893	1.1301870755853052	-0.009630266365536343	0.11432075382579443	-0.009630266365536343	0.023137598251389987	-0.005908562189683331	0.11432075382579443	-0.005908562189683331	0.028046446870567003
13220000	-183.5277783384399	1.7000372505198964	-185.2278155889598	0.39501791618990467	-0.010183646311707584	0.056026107020720646	-0.010183646311707584	0.02426259279896562	-0.005104028724716925	0.056026107020720646	-0.005104028724716925	0.024375773888915948
13230000	-185.69275634255476	2.7958012743411826	-188.48855761689595	0.27507126788030056	0.034882838853060025	0.059576921535603976	0.034882838853060025	0.01708239179919144	0.006897928242112831	0.059576921535603976	0.006897928242112831	0.03073781520140223
13240000	-197.90231053917154	4.234363884819917	-202.13667442399145	0.18704800226315157	-0.005332287528932933	0.04752825387054813	-0.005332287528932933	0.020570062280407402	0.0018681951762767235	0.04752825387054813	0.0018681951762767235	0.02899914002689926
13250000	-210.06647529559004	3.344306915684178	-213.4107822112742	0.10128172090173809	0.004776537294992054	0.044303774286641465	0.004776537294992054	0.014559080321302074	2.378829842709818E-4	0.044303774286641465	2.378829842709818E-4	0.03523270201044155
13260000	-227.42367745200485	4.196804683006117	-231.62048213501097	0.05469613473216513	0.012327017193596683	0.03320627003435859	0.012327017193596683	0.01722614274042787	0.0056791882832370735	0.03320627003435859	0.0056791882832370735	0.03829695544404166
13270000	-211.43018448529168	4.5545633567158	-215.98474784200747	0.11354779904293345	-0.00178911542677107	0.04955182243725582	-0.00178911542677107	0.017526170078136283	-0.0051716429771435654	0.04955182243725582	-0.0051716429771435654	0.041320399021010784
13280000	-219.87967489208418	4.790690694274653	-224.67036558635883	0.06814207942297301	3.8089838089744496E-5	0.040619312442830735	3.8089838089744496E-5	0.0177838070656944	-0.004263658450747987	0.040619312442830735	-0.004263658450747987	0.047780009704486676
13290000	-180.44508788392048	3.9278331726372606	-184.37292105655774	0.377624493406206	-0.0032455485543031602	0.08073178673919428	-0.0032455485543031602	0.0177525475404466	3.118513276293914E-4	0.08073178673919428	3.118513276293914E-4	0.0360935538839937
13300000	-153.21290771432209	0.7871982986783216	-154.00010601300042	1.0990068946277791	0.009332595266655972	0.12102334301855915	0.009332595266655972	0.016038798868934976	-0.0014524768522036077	0.12102334301855915	-0.0014524768522036077	0.02911904252148939
13310000	-160.8674929182947	1.3835258550490939	-162.2510187733438	0.9136041133425639	-0.01793216816936004	0.0909247697263884	-0.01793216816936004	0.01880456731931526	-0.002772385779449731	0.0909247697263884	-0.002772385779449731	0.02948348175467629
13320000	-159.38596177915716	1.6719318618055885	-161.05789364096273	0.8075212372993718	0.06215196085535114	0.08457555257627353	0.06215196085535114	0.02081220253488078	0.006159073570672743	0.08457555257627353	0.006159073570672743	0.026593714758187052
13330000	-163.24484222867022	3.766119977521085	-167.0109622061913	0.48370268852806764	-0.02074566408665674	0.027740746561786604	-0.02074566408665674	0.019035098913005567	-0.003623547518975533	0.027740746561786604	-0.003623547518975533	0.019460908394259457
13340000	-149.3298223309075	1.8600713376480957	-151.18989366855558	0.8805540985355308	0.006479543604627277	0.06782214284769504	0.006479543604627277	0.02042532812956462	-5.909822668015841E-4	0.06782214284769504	-5.909822668015841E-4	0.023270635903539547
13350000	-163.95984541546107	3.225492554737909	-167.185337970199	0.5871773550425499	-0.005942088360467593	0.0691257088565345	-0.005942088360467593	0.01687650409703277	-0.005711920766263627	0.0691257088565345	-0.005711920766263627	0.026619939797635404
13360000	-171.67815210882299	1.5600303902910588	-173.23818249911403	0.4600408301266905	0.02327376240530229	0.06635080793631132	0.02327376240530229	0.017425837905462357	0.001815940888301229	0.06635080793631132	0.001815940888301229	0.028049481230708204
13370000	-166.32191654791842	4.219338541739752	-170.54125508965816	0.39291855375792467	-0.004276502714322106	0.03646121667546622	-0.004276502714322106	0.01730660339923526	-8.68298989408751E-4	0.03646121667546622	-8.68298989408751E-4	0.025632977318907582
13380000	-179.4497976584938	2.5499243558666276	-181.99972201436043	0.28806667674008307	0.021355099671444017	0.06287450211937805	0.021355099671444017	0.015916375922919695	0.0038081904522218905	0.06287450211937805	0.0038081904522218905	0.032027190807738234
13390000	-181.6586014762199	3.074538364411634	-184.73313984063154	0.40983287533179036	0.02496631479228693	0.06925158178473544	0.02496631479228693	0.02195383383357187	8.940928576248383E-4	0.06925158178473544	8.940928576248383E-4	0.025680530931902035
13400000	-173.57595599468405	3.65785482747447	-177.23381082215852	0.42577518867337627	0.009135346108412703	0.07325896705434706	0.009135346108412703	0.014025775619680131	-5.213981637535803E-6	0.07325896705434706	-5.213981637535803E-6	0.025749434448306744
13410000	-159.99881623371041	2.80035896776715	-162.79917520147757	0.6134169477451981	-0.019426399632197063	0.08611219380440557	-0.019426399632197063	0.024379343014492138	-0.00846638490313488	0.08611219380440557	-0.00846638490313488	0.025259254233336886
13420000	-137.1968212292401	-1.4271760889119478	-135.76964514032815	1.483955692264832	0.004008217283219268	0.10320380821623834	0.004008217283219268	0.013895380702482552	-0.0012324160752600353	0.10320380821623834	-0.0012324160752600353	0.020445129311394236
13430000	-166.61507375451552	3.381018507017628	-169.99609226153314	0.3385511246829956	-0.00855330340818678	0.04531725154730451	-0.00855330340818678	0.020607510728454473	-0.004699356884945957	0.04531725154730451	-0.004699356884945957	0.02371366912991832
13440000	-163.960443037049	1.2776660086670861	-165.2381090457161	0.6705393828392443	0.025278685627287033	0.04753033445210473	0.025278685627287033	0.018931731174411295	-0.0020157350229774327	0.04753033445210473	-0.0020157350229774327	0.02231887479463885
13450000	-168.80793429389416	3.7816739987902332	-172.5896082926844	0.4216681657489336	0.00804332563917182	0.050920757360809976	0.00804332563917182	0.01949788385194784	-0.0010167049089659535	0.050920757360809976	-0.0010167049089659535	0.02603248185724964
13460000	-158.84882971692545	2.5074734006838724	-161.35630311760931	0.6716292644673516	3.9036086199857486E-4	0.12444271366789408	3.9036086199857486E-4	0.012970506026162378	-0.0025684794633751952	0.12444271366789408	-0.0025684794633751952	0.036160938429128216
13470000	-146.91768548622377	1.148459118147843	-148.06614460437163	1.021864864302038	0.01842809710108103	0.0897600712896166	0.01842809710108103	0.014879931894026473	-0.0010979951883859683	0.0897600712896166	-0.0010979951883859683	0.022802430882459576
13480000	-187.1521996619956	1.9592304334636954	-189.1114300954593	0.28169601039933184	0.0338208807257328	0.05035620539241334	0.0338208807257328	0.025565838965489425	2.0446709173446622E-4	0.05035620539241334	2.0446709173446622E-4	0.026134507233819753
13490000	-177.52565239550958	2.1035616407384423	-179.62921403624802	0.4639755985000479	0.022688331956760937	0.10955429888427984	0.022688331956760937	0.026048429568505838	-1.9835166277274753E-4	0.10955429888427984	-1.9835166277274753E-4	0.04127138100541214
13500000	-178.57684028613352	4.370865519511454	-182.94770580564497	0.26476059481206554	0.009554609605520537	0.041725715474373246	0.009554609605520537	0.020561537909467333	-6.74418843122931E-4	0.041725715474373246	-6.74418843122931E-4	0.02666017815880934
13510000	-142.28481788493065	-2.2282231960168666	-140.05659468891378	1.4804683611990843	0.01538485138386073	0.09823477900472026	0.01538485138386073	0.01910539615331224	-5.570250519944247E-4	0.09823477900472026	-5.570250519944247E-4	0.02067436336805369
13520000	-167.52051003958624	3.968238088893516	-171.48874812847976	0.41263346848037774	0.01429805314873625	0.06936879559942662	0.01429805314873625	0.016337900336149173	5.006299982675386E-4	0.06936879559942662	5.006299982675386E-4	0.027016607952871304
13530000	-168.6804438750273	3.3355087448172562	-172.01595261984454	0.4870643406880352	0.022822368122648973	0.07003397559207226	0.022822368122648973	0.021446331701467827	2.0241235743706162E-4	0.07003397559207226	2.0241235743706162E-4	0.02550330427866962
13540000	-169.87715067093617	3.71388365390973	-173.5910343248459	0.4776337215192177	0.008140084389087766	0.05194157500763388	0.008140084389087766	0.015471824663043969	-0.0019435483128086178	0.05194157500763388	-0.0019435483128086178	0.02349110063345052
13550000	-174.4509755078489	2.17019532309796	-176.62117083094688	0.37040413988537957	0.041571176147868864	0.06685011708039086	0.041571176147868864	0.024637685514946838	0.006475190695471625	0.06685011708039086	0.006475190695471625	0.03326384123892627
13560000	-170.77930627062844	3.746604864143071	-174.52591113477152	0.4516902600060573	0.03391034824019313	0.05841603550413174	0.03391034824019313	0.02038163258316742	-0.0020270013645910896	0.05841603550413174	-0.0020270013645910896	0.02627608048548694
13570000	-219.3339734877915	4.567094283997363	-223.90106777178886	0.08972222021141173	0.009503065446713628	0.02482551162854399	0.009503065446713628	0.01682420704119045	-0.0021338974508279557	0.02482551162854399	-0.0021338974508279557	0.022183045635074748
13580000	-226.98842970892156	4.636928899617948	-231.6253586085395	0.06046441389998456	0.009553866411965867	0.02193632318872685	0.009553866411965867	0.015080067633355058	0.0034945797882121837	0.02193632318872685	0.0034945797882121837	0.028824608791305467
13590000	-259.8666748580299	4.191368696895143	-264.05804355492506	0.017965314133139208	-0.0023457958545934233	0.010553663099933514	-0.0023457958545934233	0.013424663435014974	-0.0054656050272016005	0.010553663099933514	-0.0054656050272016005	0.028089151815503092
13600000	-229.09522562004727	2.6369217784929653	-231.73214739854023	0.04820362809138375	0.007346286871921202	0.024367106943496357	0.007346286871921202	0.021757872616658656	0.001491935971771908	0.024367106943496357	0.001491935971771908	0.030652305613323855
13610000	-226.3364768524136	4.109702801026013	-230.4461796534396	0.05163209136841242	0.015863518802180794	0.016832156445587207	0.015863518802180794	0.023864889279405496	0.005504965821021569	0.016832156445587207	0.005504965821021569	0.01885873809623224
13620000	-193.80308492983986	3.7740967740332616	-197.57718170387312	0.1720851048369167	0.010810020263370619	0.03567371351591158	0.010810020263370619	0.018374943104997356	1.7443668570026787E-4	0.03567371351591158	1.7443668570026787E-4	0.025332444150691434
13630000	-164.52831062850245	3.6337395686485605	-168.16205019715102	0.5005695060064166	0.021667944253008508	0.06753743854161373	0.021667944253008508	0.016700239832884715	7.418454425435349E-4	0.06753743854161373	7.418454425435349E-4	0.025786920317401676
13640000	-165.61864318078338	2.2831040738208532	-167.90174725460423	0.5008772618177834	-0.00615953334039374	0.058525921137004826	-0.00615953334039374	0.01870601003096303	-8.676375670579256E-4	0.058525921137004826	-8.676375670579256E-4	0.022524971796248777
13650000	-188.9608671763853	4.113081454669119	-193.07394863105444	0.24784872712088127	0.019251293272054756	0.05229573065723349	0.019251293272054756	0.016967001848218928	-2.684607271607256E-4	0.05229573065723349	-2.684607271607256E-4	0.03206139238695731
13660000	-162.5694624839155	1.0978013584773247	-163.6672638423928	0.5149894826679074	0.018028739879160156	0.04881166770206971	0.018028739879160156	0.01789642372635402	-4.571921716786714E-4	0.04881166770206971	-4.571921716786714E-4	0.020874103311680436
13670000	-162.5124596486683	2.1180800875323715	-164.6305397362007	0.603757310569892	-0.05416550996090486	0.07492628418121705	-0.05416550996090486	0.019836947831443144	-0.0064751199651885225	0.07492628418121705	-0.0064751199651885225	0.028460449831572802
13680000	-169.5078708647225	3.570527856381778	-173.07839872110426	0.3597197216796658	9.80526361141344E-4	0.03908475484030812	9.80526361141344E-4	0.02038093710851115	-2.7706776253595764E-4	0.03908475484030812	-2.7706776253595764E-4	0.017063521422100637
13690000	-189.45428186684202	2.838612471308751	-192.29289433815077	0.21930176644098884	0.019748693725562608	0.054204962387582774	0.019748693725562608	0.01739579379211559	0.0014897297209689095	0.054204962387582774	0.0014897297209689095	0.02824387468581223
13700000	-210.66274298941786	2.544099718825996	-213.20684270824387	0.1290046841458116	-0.010676022697476284	0.025505249931917773	-0.010676022697476284	0.01486072412594248	-0.007098613860543713	0.025505249931917773	-0.007098613860543713	0.026164465633993318
13710000	-182.6577901331608	4.605702313356282	-187.2634924465171	0.20819508447460439	0.009117502940550755	0.03517625728126097	0.009117502940550755	0.01863118035766591	0.001764130662955216	0.03517625728126097	0.001764130662955216	0.02021180973966343
13720000	-178.53733672641377	3.8155746284406336	-182.3529113548544	0.37185727044376327	0.0015819657355253523	0.05458680348207018	0.0015819657355253523	0.013752402842965753	-0.0036345126873858396	0.05458680348207018	-0.0036345126873858396	0.025946722332103756
13730000	-197.3502528916895	4.314590890396267	-201.66484378208577	0.20736249255119232	0.032533322688458856	0.03950413859139087	0.032533322688458856	0.020518813279968604	0.006931815168002597	0.03950413859139087	0.006931815168002597	0.021113442808515324
13740000	-180.64303906546414	3.411791099734896	-184.05483016519904	0.24351929284196622	0.001108632906361559	0.03652142489175887	0.001108632906361559	0.021240534436616443	-0.0018834282031717077	0.03652142489175887	-0.0018834282031717077	0.026013511005283204
13750000	-174.32773854408813	2.428163274407876	-176.755901818496	0.3786361359408359	-0.009593616260545243	0.05428760647818736	-0.009593616260545243	0.018130771665928937	-0.003483022532392268	0.05428760647818736	-0.003483022532392268	0.028843918414224616
13760000	-180.87319256815314	3.3383188370135577	-184.2115114051667	0.3787605954450849	-0.029482048930832682	0.07736067977324093	-0.029482048930832682	0.01612538985730922	-0.006134623705778361	0.07736067977324093	-0.006134623705778361	0.03840798971904647
13770000	-154.45913106154174	0.7944183657410226	-155.25354942728276	1.023929251946304	-0.016174561445356055	0.07378147021831077	-0.016174561445356055	0.018410215477462286	-0.006852255347244485	0.07378147021831077	-0.006852255347244485	0.02526663919672863
13780000	-164.21310455540032	2.9026350332054176	-167.11573958860575	0.6517370360640723	0.021252112294217012	0.0502144571186177	0.021252112294217012	0.02151293228587489	-0.0018906187837762335	0.0502144571186177	-0.0018906187837762335	0.01600847966632535
13790000	-173.63977008493583	3.263575787746918	-176.90334587268276	0.39022421442354	0.004531476576916476	0.06567251264702469	0.004531476576916476	0.020013329236598095	-4.3704432540321494E-4	0.06567251264702469	-4.3704432540321494E-4	0.03131346952729773
13800000	-170.0018614338127	4.151394525665525	-174.15325595947823	0.33077427246993385	0.02295452733855328	0.06762802474545837	0.02295452733855328	0.02389207091960852	0.004154446012781851	0.06762802474545837	0.004154446012781851	0.02792816120275772
13810000	-192.98889380284777	3.6093985691713235	-196.5982923720191	0.17018099776883788	-0.004181323861492179	0.04388251690435122	-0.004181323861492179	0.019694630986021457	-0.0037026557214401524	0.04388251690435122	-0.0037026557214401524	0.02606620628944302
13820000	-158.1060446775384	2.872690285404996	-160.97873496294338	0.544912852536976	0.006988030208628429	0.059691291201474615	0.006988030208628429	0.017485579713865516	-0.0036338634042647304	0.059691291201474615	-0.0036338634042647304	0.02593019321511659
13830000	-152.50313087972586	1.599743444977105	-154.10287432470295	0.8435827601692106	0.05657076174198413	0.09945765718586452	0.05657076174198413	0.016964853593332562	0.004860222351154349	0.09945765718586452	0.004860222351154349	0.03318988154933486
13840000	-166.01624879308108	0.4453576011280451	-166.46160639420913	0.6101070706561343	-0.015311308735498784	0.08281188627321419	-0.015311308735498784	0.0180476883846865	-0.004871174035267713	0.08281188627321419	-0.004871174035267713	0.027219155824384042
13850000	-204.26215015715613	4.315631559578199	-208.57778171673434	0.10740516808123654	0.009650774142583862	0.022282386232704985	0.009650774142583862	0.020841839631853307	2.6497841412006194E-4	0.022282386232704985	2.6497841412006194E-4	0.025132208508784185
13860000	-165.61048312683238	0.8684498224010477	-166.47893294923344	0.6576247784465353	0.04497653343112914	0.05133776753804341	0.04497653343112914	0.01861595738409784	6.576934844780414E-4	0.05133776753804341	6.576934844780414E-4	0.024076913442766905
13870000	-147.78257913667736	1.2623065273945206	-149.04488566407187	0.8668646919495426	0.03159422880001106	0.07621519654167665	0.03159422880001106	0.01869971083455754	0.002861668711108614	0.07621519654167665	0.002861668711108614	0.017513553124628326
13880000	-158.69616951847684	2.9349136479129716	-161.6310831663898	0.6129364965337796	0.03197952623670644	0.08211794733485123	0.03197952623670644	0.022258872075941547	-0.0019282574463755885	0.08211794733485123	-0.0019282574463755885	0.02722999569873743
13890000	-164.7796760590049	1.4724900878894385	-166.25216614689435	0.6045446587654885	0.031015506827071774	0.0654540993443414	0.031015506827071774	0.021158583624591498	5.406960152514947E-4	0.0654540993443414	5.406960152514947E-4	0.02408395443518333
13900000	-237.57890669541385	4.152244795148476	-241.73115149056233	0.033459432511350945	-0.0023348362641820537	0.017987172452743668	-0.0023348362641820537	0.01990934915497352	-0.003762144599928256	0.017987172452743668	-0.003762144599928256	0.02342442203738513
13910000	-215.96777073657128	3.2784850543968225	-219.2462557909681	0.10335265948728298	-0.005865918828742676	0.03884627942436894	-0.005865918828742676	0.01353557456504642	-0.0038771646687552636	0.03884627942436894	-0.0038771646687552636	0.031575325430281194
13920000	-219.56346235981664	4.148496843136396	-223.71195920295304	0.09779572090934864	0.0051929348800683365	0.037146383813383	0.0051929348800683365	0.018098843325918188	0.00338652825312228	0.037146383813383	0.00338652825312228	0.032639393586120696
13930000	-169.12049878416977	3.2899967224796884	-172.41049550664945	0.35665815359805225	0.030607960412562564	0.04516774496981863	0.030607960412562564	0.02398571991923135	-0.0010432594490781882	0.04516774496981863	-0.0010432594490781882	0.023471753836192696
13940000	-189.6545482385858	4.7211334910725355	-194.3756817296583	0.1466738287570556	-0.007712438477778333	0.02471578753841214	-0.007712438477778333	0.015362789508067281	-0.003688693341373748	0.02471578753841214	-0.003688693341373748	0.022785376770596624
13950000	-174.6129456283954	1.5424687728776236	-176.15541440127302	0.402839008897928	-7.11314753627507E-4	0.054102885895112834	-7.11314753627507E-4	0.01771114727313313	-0.005024226688618182	0.054102885895112834	-0.005024226688618182	0.02784224218259264
13960000	-148.0281275340249	1.9565425696578824	-149.98467010368276	0.92837711560657	0.004295108633804363	0.06386366795961576	0.004295108633804363	0.016749835951167056	-0.005691978289029009	0.06386366795961576	-0.005691978289029009	0.027286932759827215
13970000	-151.71394159604117	-0.16343256242013526	-151.55050903362104	1.0468362963326592	0.04785152435806331	0.16779492380120925	0.04785152435806331	0.020226574893712046	0.009161421867971677	0.16779492380120925	0.009161421867971677	0.04171672631288301
13980000	-164.83318644432825	2.864987744206458	-167.6981741885347	0.5245998455048821	0.012825118540274608	0.0756824328326642	0.012825118540274608	0.017453216187982935	0.0023319582372536662	0.0756824328326642	0.0023319582372536662	0.02673771674322335
13990000	-195.22016976573136	3.92377961949767	-199.14394938522904	0.15038119520770152	-0.008455052515742724	0.035295787135982866	-0.008455052515742724	0.018649322747006508	-0.008765501076734818	0.035295787135982866	-0.008765501076734818	0.027331083053339623
14000000	-193.45117454954607	4.665790501234648	-198.11696505078072	0.17953249058796347	0.0012717452794646386	0.05167518556946035	0.0012717452794646386	0.017933849272666606	0.001072514336289465	0.05167518556946035	0.001072514336289465	0.032741881892603374
14010000	-208.4441034444778	4.101950729480879	-212.54605417395868	0.10937913660148031	0.014587770805130651	0.025685800640990162	0.014587770805130651	0.016182237552638847	-0.0016070913077421583	0.025685800640990162	-0.0016070913077421583	0.022059000018273926
14020000	-173.9304304531556	3.3931233048935945	-177.3235537580492	0.34302085449125924	0.023267518068094805	0.067655509294596	0.023267518068094805	0.017001714020318602	0.0010658345033945577	0.067655509294596	0.0010658345033945577	0.028642860004540437
14030000	-162.7285064775072	2.8759226683556465	-165.60442914586287	0.6334642684438913	0.005998997820257225	0.0879115223885328	0.005998997820257225	0.018606804011212567	-6.662762433957512E-4	0.0879115223885328	-6.662762433957512E-4	0.027921600840469032
14040000	-140.21207071718968	-0.24993771419530153	-139.96213300299436	1.2739466471684522	0.03176933892045507	0.08132971706438995	0.03176933892045507	0.015121623896316412	0.0022167145776559667	0.08132971706438995	0.0022167145776559667	0.022213473430050854
14050000	-151.08376207058637	1.214202302873475	-152.29796437345985	1.0178450453031904	0.004339301386097056	0.09751715191754946	0.004339301386097056	0.016121855060218848	5.487506737944027E-4	0.09751715191754946	5.487506737944027E-4	0.026108593191022086
14060000	-162.27174394490186	1.3173458404659568	-163.5890897853678	0.5502500948447404	-0.025089066738174966	0.07668153281342752	-0.025089066738174966	0.022098407504799324	-0.0037673345657705795	0.07668153281342752	-0.0037673345657705795	0.03174044272824005
14070000	-173.27463226401258	3.9965458178388453	-177.27117808185142	0.3722126583846986	0.019689739368116493	0.062062108919011066	0.019689739368116493	0.02327216973603257	0.007332550120101118	0.062062108919011066	0.007332550120101118	0.02666783840497383
14080000	-182.99109734842224	3.987051647993261	-186.9781489964155	0.3825922581278425	0.016971020967694896	0.04600810555999838	0.016971020967694896	0.018019176099990358	0.004126352490237	0.04600810555999838	0.004126352490237	0.018875895106473382
14090000	-175.49018202620024	2.734912854298615	-178.22509488049886	0.5190795751246108	0.04066232399733798	0.052656635848900936	0.04066232399733798	0.018923003275687883	0.0016631122466056253	0.052656635848900936	0.0016631122466056253	0.016764816535670208
14100000	-176.9599022892768	3.7922550563050392	-180.75215734558185	0.3029116780870333	0.010680796347187497	0.07747781550485901	0.010680796347187497	0.017362814784435573	-0.0022822661456697877	0.07747781550485901	-0.0022822661456697877	0.03752465332280126
14110000	-179.79079546618559	4.104807973833924	-183.8956034400195	0.31752647988183025	-9.945604379566769E-5	0.07789620128976545	-9.945604379566769E-5	0.021386591383762456	-0.006148139257523933	0.07789620128976545	-0.006148139257523933	0.03750001651576616
14120000	-189.8388584355992	4.12685313070333	-193.96571156630253	0.30538383398598284	0.014368322095721597	0.07198441523005553	0.014368322095721597	0.01567565917440876	-8.476096461874421E-4	0.07198441523005553	-8.476096461874421E-4	0.0356274073562437
14130000	-174.03127721385152	3.43654547420192	-177.46782268805345	0.4968611371878053	0.0436385831614295	0.09546710451578402	0.0436385831614295	0.02657499363259396	0.005075287974000741	0.09546710451578402	0.005075287974000741	0.038722446632394054
14140000	-174.9027264208247	1.7145594917452596	-176.61728591256997	0.45602931770515037	0.012720855423743049	0.06191792688992539	0.012720855423743049	0.015706685194870788	-0.003115709428395538	0.06191792688992539	-0.003115709428395538	0.03059412973330087
14150000	-178.09405277950907	2.3876133572137412	-180.48166613672282	0.28390433592303954	0.021711313166748628	0.055154611308138	0.021711313166748628	0.018174654547721877	0.0028674421769253524	0.055154611308138	0.0028674421769253524	0.03174662807830824
14160000	-177.0387072522345	4.038393430934455	-181.07710068316896	0.36423859183970797	0.007233930127868419	0.0622260616156185	0.007233930127868419	0.022856509372172654	-0.0026434304958212213	0.0622260616156185	-0.0026434304958212213	0.023542011615657034
14170000	-168.20928597995794	2.5332868432584443	-170.7425728232164	0.4943638164266344	-0.013413900882379804	0.06502152425638366	-0.013413900882379804	0.01745851889390371	-0.0018093564446101538	0.06502152425638366	-0.0018093564446101538	0.028349306189839763
14180000	-179.10940500744	2.1523983732238525	-181.26180338066385	0.6354584453838854	-0.012827395563630245	0.06385724640735163	-0.012827395563630245	0.02409883586159488	-0.004948828596007534	0.06385724640735163	-0.004948828596007534	0.020836518057772854
14190000	-171.9753048396786	3.927129631336296	-175.9024344710149	0.28726130833457075	0.01122847157935427	0.06485898270420082	0.01122847157935427	0.013064044193591848	0.0026349700210120644	0.06485898270420082	0.0026349700210120644	0.029532080827055836
14200000	-189.63087441112972	2.8503419509326644	-192.48121636206238	0.3109850006512288	0.0170423835735562	0.058626315111522095	0.0170423835735562	0.01498020351956408	0.002328165111697141	0.058626315111522095	0.002328165111697141	0.03073656607989369
14210000	-181.87727566643971	4.09604846580449	-185.97332413224422	0.2534115367312535	-0.006240088817376627	0.04273292729436488	-0.006240088817376627	0.01861303496561372	-0.003070303836083416	0.04273292729436488	-0.003070303836083416	0.02132574851724012
14220000	-158.78181010725717	0.9793097901140982	-159.76111989737126	0.8542173415737716	-0.005651544752412456	0.07743858401327312	-0.005651544752412456	0.019408123774516603	-0.002123234503201671	0.07743858401327312	-0.002123234503201671	0.026827059707997813
14230000	-154.2837064915833	1.707125791040673	-155.99083228262398	0.8293686382541644	0.008474079761920151	0.13507257495853156	0.008474079761920151	0.017914901568142797	-0.0032135331484093228	0.13507257495853156	-0.0032135331484093228	0.04268115837821697
14240000	-157.2790270247711	2.5336992465955896	-159.8127262713667	0.5726879431232602	0.026863704253127858	0.10065760860240076	0.026863704253127858	0.01383175865055184	0.0034035295550661785	0.10065760860240076	0.0034035295550661785	0.035821371684630614
14250000	-148.8140916219281	1.6466750426275634	-150.46076666455565	0.8018548975204256	0.03310644804099995	0.09671954443175586	0.03310644804099995	0.015326374621297564	-0.0011551556934670526	0.09671954443175586	-0.0011551556934670526	0.026962887734444458
14260000	-189.6693466759479	4.261017718927448	-193.93036439487534	0.2606971467971608	0.01830924569178876	0.05676443811628514	0.01830924569178876	0.013318058128357483	0.002876296788242076	0.05676443811628514	0.002876296788242076	0.02649934565023379
14270000	-173.1745503203029	0.48319498782913417	-173.65774530813204	0.5525429193997715	-0.03675358813026728	0.08783970487475022	-0.03675358813026728	0.022920185163813982	-0.006941853554917967	0.08783970487475022	-0.006941853554917967	0.03235640878984353
14280000	-206.06429372080726	3.9585300355899156	-210.02282375639717	0.13531856298989695	-0.009897506632732036	0.05710839297997391	-0.009897506632732036	0.016676568285122085	-0.003103537549002475	0.05710839297997391	-0.003103537549002475	0.04380620999047308
14290000	-186.0473920380204	3.214297524964855	-189.26168956298525	0.2572994365240633	0.01812799060033871	0.04965846689878775	0.01812799060033871	0.023264331347358894	-0.003385320931715591	0.04965846689878775	-0.003385320931715591	0.030235928387709287
14300000	-137.5401328950741	-0.43403034866936563	-137.10610254640474	1.3267580110540713	0.07725726479167817	0.08787826964115475	0.07725726479167817	0.021841538846906386	0.007457638438290083	0.08787826964115475	0.007457638438290083	0.023270568579855832
14310000	-197.1059125376106	4.947475761783103	-202.0533882993937	0.11849435146153244	0.005792224134664945	0.019409111567615614	0.005792224134664945	0.02030064650591073	-0.003394412109081348	0.019409111567615614	-0.003394412109081348	0.022765990940049254
14320000	-202.3606756598186	4.586519974683292	-206.9471956345019	0.11706167213764457	4.693210465876518E-4	0.038740738912513534	4.693210465876518E-4	0.01467997918209689	-7.447413235167741E-4	0.038740738912513534	-7.447413235167741E-4	0.028158327417378625
14330000	-225.03177091017773	4.615171194037623	-229.64694210421536	0.075037772766028	0.005636462153210043	0.025103285640517427	0.005636462153210043	0.019028818238359533	0.004993727009150602	0.025103285640517427	0.004993727009150602	0.025672502258199628
14340000	-227.144633130594	2.4788071203960254	-229.62344025099003	0.05658511825293937	0.011202354466993015	0.030155044338897784	0.011202354466993015	0.016552012400459327	0.0032281571548757704	0.030155044338897784	0.0032281571548757704	0.03292520345140863
14350000	-196.55776824761983	4.6457867185000135	-201.20355496611984	0.15178602863584334	4.3209802414809965E-4	0.0361110655068798	4.3209802414809965E-4	0.017930808386478942	0.0014782378860929938	0.0361110655068798	0.0014782378860929938	0.02557351608863478
14360000	-175.28422022467953	2.5766886724280833	-177.8609088971076	0.454101181030006	-0.0010704364404513207	0.09166433076825992	-0.0010704364404513207	0.02092862365407469	-0.0030797798579916833	0.09166433076825992	-0.0030797798579916833	0.04049714541256
14370000	-174.57173605268702	4.0643225791888495	-178.63605863187587	0.33917474841031753	-0.013010354471584901	0.07040901093163185	-0.013010354471584901	0.018840636809803153	-0.0025156482792957333	0.07040901093163185	-0.0025156482792957333	0.030447902103133594
14380000	-146.3784324870899	-1.4774040503761778	-144.90102843671372	1.3117530070811547	0.03111451226342901	0.1676405417902465	0.03111451226342901	0.019683086193620577	-3.9365415624847445E-5	0.1676405417902465	-3.9365415624847445E-5	0.040888906512000736
14390000	-152.3833501123648	2.3664591304057385	-154.74980924277054	0.7276228654004331	0.003415064160416829	0.045310081339087656	0.003415064160416829	0.01808333159160861	-0.004767363321166354	0.045310081339087656	-0.004767363321166354	0.022882682228227702
14400000	-154.74852959033655	3.4697519117922093	-158.21828150212875	0.5715938292308979	-0.012848268226128518	0.08133671092490666	-0.012848268226128518	0.020288384628831056	-0.007112040984525894	0.08133671092490666	-0.007112040984525894	0.03177212672092535
14410000	-164.05932511139747	1.024704368348643	-165.0840294797461	0.6174572023293466	0.006900961483432609	0.0904976067643057	0.006900961483432609	0.018795739953226687	0.0013559813782556029	0.0904976067643057	0.0013559813782556029	0.031751328331491135
14420000	-192.17701898790168	4.20084793669857	-196.37786692460026	0.2077292716226504	-5.437939363220959E-4	0.05577697717675049	-5.437939363220959E-4	0.02079883047905874	-0.003601820249967916	0.05577697717675049	-0.003601820249967916	0.029644070096492198
14430000	-154.44782745656173	2.0252571067352463	-156.47308456329696	0.8445364619423941	0.011783201405499223	0.08835579742266743	0.011783201405499223	0.01155762784261693	0.0024590290738945547	0.08835579742266743	0.0024590290738945547	0.026558528322289568
14440000	-179.41518105268037	3.8812267537082232	-183.2964078063886	0.2968050157864068	0.016580284602121593	0.031450975329572015	0.016580284602121593	0.017968566992523728	-4.3336721640357435E-5	0.031450975329572015	-4.3336721640357435E-5	0.015235419017093896
14450000	-208.34381409107226	4.562198643701826	-212.9060127347741	0.14652381058625485	2.7841476474270714E-4	0.03645462542898998	2.7841476474270714E-4	0.023398591566668493	-0.0047950855765624975	0.03645462542898998	-0.0047950855765624975	0.033424584907189664
14460000	-168.65510318705267	0.6912651918175845	-169.34636837887027	0.541090910534118	0.001338754569931706	0.047333076106263056	0.001338754569931706	0.013831853485183657	0.0020235384865012864	0.047333076106263056	0.0020235384865012864	0.02276144163349668
14470000	-166.49368626363668	2.209389996130775	-168.70307625976744	0.7528952777561068	-0.009574485764585678	0.12956330255584397	-0.009574485764585678	0.015613134813140526	0.0024931149812495524	0.12956330255584397	0.0024931149812495524	0.03968344578068529
14480000	-171.51501827825282	3.5947792857946324	-175.10979756404745	0.437866905192786	0.010295194392656463	0.0462396840889003	0.010295194392656463	0.014000172242577918	0.0021875260233836075	0.0462396840889003	0.0021875260233836075	0.020220655081606864
14490000	-152.53540616280065	1.5531143534782266	-154.0885205162789	1.0430847823202953	-0.0215832939770977	0.0828204839585076	-0.0215832939770977	0.020594191100016465	-0.005990014572408056	0.0828204839585076	-0.005990014572408056	0.02886481043359413
14500000	-216.36592230088343	4.231512382447137	-220.59743468333056	0.11646641588655031	0.0023546574430425623	0.028529294606456448	0.0023546574430425623	0.022981235119864003	-0.0020890919917125475	0.028529294606456448	-0.0020890919917125475	0.02820747005735798
14510000	-165.84364135003793	1.7089954085502232	-167.55263675858816	0.41287808910377566	0.003080955349954791	0.06722188380631662	0.003080955349954791	0.01661319591595854	-0.0023880434209734916	0.06722188380631662	-0.0023880434209734916	0.025868064416202735
14520000	-155.13117299328297	1.3464031875811093	-156.47757618086408	1.026314865205963	0.007754294323704718	0.11513290292230839	0.007754294323704718	0.01697026164654625	-8.32156958542878E-5	0.11513290292230839	-8.32156958542878E-5	0.027338594461771667
14530000	-173.62217617378536	1.6657132459416495	-175.287889419727	0.36470382639765525	0.03189002358434688	0.07026690328461903	0.03189002358434688	0.021696145977115916	0.0037908124561714337	0.07026690328461903	0.0037908124561714337	0.035846421203204276
14540000	-178.98335010570776	4.430611441577518	-183.41396154728528	0.3290064033997421	0.004168055977429276	0.06310511568947814	0.004168055977429276	0.01985691655345468	6.301159036878859E-4	0.06310511568947814	6.301159036878859E-4	0.03400371980724418
14550000	-152.7849661952546	2.013520517033731	-154.79848671228834	0.8398761090881169	0.014178323851988759	0.09307125613091928	0.014178323851988759	0.02203904551166181	-0.002450820390510054	0.09307125613091928	-0.002450820390510054	0.02754974913542546
14560000	-164.8934139008742	0.767297225705641	-165.66071112657986	0.5691000519405962	0.04228759825313106	0.07947295954563516	0.04228759825313106	0.021025297913123592	7.169977446015814E-4	0.07947295954563516	7.169977446015814E-4	0.02676645289208718
14570000	-177.266119775242	3.641383385925119	-180.9075031611671	0.381927386266928	0.026132724649699166	0.05631433357943357	0.026132724649699166	0.01706201108792814	0.004110854314623544	0.05631433357943357	0.004110854314623544	0.01689138531127874
14580000	-186.2441879217591	3.8520035560040133	-190.0961914777631	0.2779129639701628	0.004484901411974372	0.048860178554509595	0.004484901411974372	0.016400487607178337	-0.002142823554042255	0.048860178554509595	-0.002142823554042255	0.02828059117159929
14590000	-186.42388066011765	4.406135743874842	-190.8300164039925	0.25344888409008676	-0.016361316439879196	0.06780920265920463	-0.016361316439879196	0.026013584888882807	-0.0073837520621882315	0.06780920265920463	-0.0073837520621882315	0.035490664976348944
14600000	-166.70688456616662	1.3265670933684324	-168.03345165953505	0.7516761363323319	-0.009555365052391353	0.11953381601678581	-0.009555365052391353	0.01760655620943977	-0.0062981631753968245	0.11953381601678581	-0.0062981631753968245	0.0352868642899526
14610000	-143.21682832216587	1.5144079745004442	-144.7312362966663	0.9816431131123075	0.0017750999903049687	0.09723262146834727	0.0017750999903049687	0.015018164698225776	-0.0017514290495997738	0.09723262146834727	-0.0017514290495997738	0.02849751092163555
14620000	-163.5418657102907	3.3276467492327573	-166.86951245952346	0.5545473656956836	-0.001963588322088761	0.06306225594087243	-0.001963588322088761	0.01757015917174522	-8.89694717785129E-4	0.06306225594087243	-8.89694717785129E-4	0.02399063929341655
14630000	-162.94550314971804	3.146477623665602	-166.09198077338363	0.5192814519836374	0.05110108949711353	0.06315526464300075	0.05110108949711353	0.026143498111849475	0.006301543713917086	0.06315526464300075	0.006301543713917086	0.02476183782452343
14640000	-196.6806453265502	2.6993508096084833	-199.3799961361587	0.23536724521207406	0.014633442999399704	0.07047886551677669	0.014633442999399704	0.01794101186016248	-0.002451546106946913	0.07047886551677669	-0.002451546106946913	0.03793227137028808
14650000	-221.62017103578958	3.1895056516759555	-224.80967668746553	0.05178301984766028	0.005078888282253829	0.025870838846444033	0.005078888282253829	0.016762571848223478	-0.001150753732389197	0.025870838846444033	-0.001150753732389197	0.03205853007669947
14660000	-156.78326601589072	2.8864287006239273	-159.66969471651464	0.5145950685219347	0.001900270139236597	0.09344122805384286	0.001900270139236597	0.01602164305849916	-0.00352676152810895	0.09344122805384286	-0.00352676152810895	0.03749407617777195
14670000	-163.39915306080266	3.0717238865378054	-166.47087694734046	0.5328830972286199	0.02708057831015588	0.03729391022065111	0.02708057831015588	0.0198809655210719	7.909567335490112E-4	0.03729391022065111	7.909567335490112E-4	0.01945965384068405
14680000	-163.21727256631831	3.6178177228514508	-166.83509028916976	0.387778624463975	-0.01088935384148949	0.025478933173492015	-0.01088935384148949	0.0154041246072321	-0.0026528708952990743	0.025478933173492015	-0.0026528708952990743	0.02131026244202015
14690000	-174.03975747448115	2.0044341057618604	-176.04419158024302	0.5906760171580708	0.013144515055645234	0.07256972112139955	0.013144515055645234	0.02184918816726267	-0.0028059900592317557	0.07256972112139955	-0.0028059900592317557	0.027114679126294207
14700000	-155.5769363163368	-1.9061201070355978	-153.6708162093012	1.1233405272454442	-0.041284573788943985	0.08887462081121661	-0.041284573788943985	0.015054934613384571	-0.006534898965997533	0.08887462081121661	-0.006534898965997533	0.02325628288079561
14710000	-168.9284939967883	3.270429601770047	-172.19892359855834	0.5798940057461902	0.03498008580407328	0.0856486093851453	0.03498008580407328	0.019538080469739337	0.0027553361658956576	0.0856486093851453	0.0027553361658956576	0.0263431660046163
14720000	-183.0672455341246	2.0685096878763307	-185.13575522200094	0.21374355969629272	0.008442852473509545	0.040590822080290405	0.008442852473509545	0.019768905829227024	-0.00502812846722211	0.040590822080290405	-0.00502812846722211	0.023717524991689855
14730000	-199.63582504852613	3.472356383723004	-203.10818143224913	0.17704731515023214	-0.006951240552272076	0.05349772818608178	-0.006951240552272076	0.019244269587896295	-0.004687358768485155	0.05349772818608178	-0.004687358768485155	0.034221940022874965
14740000	-179.75179658898065	-0.1420016289541568	-179.6097949600265	0.3520346641148709	-0.008170248554338417	0.06481793034037955	-0.008170248554338417	0.019292847505693687	-0.0029156383759876463	0.06481793034037955	-0.0029156383759876463	0.024477109749358524
14750000	-160.20071193067142	2.048739662496503	-162.24945159316792	0.8398388691614218	-0.025389628698407725	0.13656538079394162	-0.025389628698407725	0.013309982967021542	-0.006717028115915378	0.13656538079394162	-0.006717028115915378	0.042165291045278996
14760000	-167.89477652792044	1.7238417221009001	-169.61861825002134	0.8099900286347156	0.02033322773187332	0.12971394224338934	0.02033322773187332	0.015594060512293112	-0.004459745765825791	0.12971394224338934	-0.004459745765825791	0.03788181146182495
14770000	-171.6575974785626	2.0505637727515404	-173.70816125131412	0.49933421741263206	0.015251181240158578	0.06381744284110265	0.015251181240158578	0.021410957829073242	0.0037752919538011	0.06381744284110265	0.0037752919538011	0.02831934579217222
14780000	-145.97377001908498	1.5126369966732278	-147.4864070157582	0.9474350066455992	-0.018002721103468972	0.12999747327771916	-0.018002721103468972	0.020382130369055354	-0.006948180812178531	0.12999747327771916	-0.006948180812178531	0.03278685018991703
14790000	-141.025133215122	-2.6344718597028116	-138.39066135541918	1.9005521798182994	0.041445706476434356	0.12455770921378767	0.041445706476434356	0.02017564155275879	0.001142223269400978	0.12455770921378767	0.001142223269400978	0.029317309973422245
14800000	-151.38733852705923	-1.3653438464659007	-150.02199468059334	1.0766725968710285	0.04470701303200032	0.08347792230686193	0.04470701303200032	0.014429785145969211	-0.0013524842183409934	0.08347792230686193	-0.0013524842183409934	0.025430369910499816
14810000	-161.87629909105627	3.2257919591278217	-165.1020910501841	0.550909281408098	0.011527613688789242	0.061714290606654724	0.011527613688789242	0.016666687327507746	0.0015862015231753455	0.061714290606654724	0.0015862015231753455	0.024331769543537208
14820000	-177.49600452433376	2.9890685671255084	-180.48507309145927	0.34304375308724105	0.034941552272528494	0.09753102815950775	0.034941552272528494	0.021224220886153368	0.00818590216128288	0.09753102815950775	0.00818590216128288	0.04945098164735001
14830000	-159.43130022632647	1.980925434547066	-161.41222566087353	0.741506853642016	-0.01029872937639452	0.05591839079341673	-0.01029872937639452	0.01602211724493219	-0.002140145569885203	0.05591839079341673	-0.002140145569885203	0.022415828538408816
14840000	-197.84093670987053	1.509923518345785	-199.3508602282163	0.2756296572272097	0.029412520539754853	0.033135639056125106	0.029412520539754853	0.019645978753107977	0.005624874125401649	0.033135639056125106	0.005624874125401649	0.025960647971706045
14850000	-170.98010618638992	2.5063156653850998	-173.48642185177502	0.515116757297515	-0.010965595509353153	0.08275743832985748	-0.010965595509353153	0.017914076617842785	-0.0013650401272954863	0.08275743832985748	-0.0013650401272954863	0.022612511375513306
14860000	-181.14824514994282	4.095983048849083	-185.24422819879192	0.23632991618447	0.006441219768542807	0.049562262942523645	0.006441219768542807	0.02022069629694396	-5.453410845104932E-4	0.049562262942523645	-5.453410845104932E-4	0.024501995470228886
14870000	-161.09232276663857	0.8664888228245898	-161.95881158946315	0.9442256900032435	-0.047495376893140644	0.13948304318653676	-0.047495376893140644	0.01659103755296562	-0.0059869574406234355	0.13948304318653676	-0.0059869574406234355	0.03638343803950045
14880000	-155.90790559795943	0.2416642401290865	-156.14956983808852	0.8180236039666003	0.0048614489607170545	0.08687485784618781	0.0048614489607170545	0.01856158469211023	-3.664008619927312E-4	0.08687485784618781	-3.664008619927312E-4	0.023650661525474008
14890000	-157.65130570671184	1.8711299843714038	-159.52243569108325	0.9160393613910037	0.05202807664785317	0.08289404967798021	0.05202807664785317	0.022217455905132466	0.0019149422064271217	0.08289404967798021	0.0019149422064271217	0.023717402766647695
14900000	-172.152484196825	3.2013403354595447	-175.35382453228453	0.5967212283186365	-0.007341407332827174	0.09408666143795234	-0.007341407332827174	0.020519027980083277	-0.002837107631298401	0.09408666143795234	-0.002837107631298401	0.036451265278985
14910000	-173.81656654036226	4.463217334909475	-178.27978387527173	0.2873110444208125	0.025724353091200813	0.046456127854335734	0.025724353091200813	0.017461800429471645	0.0038186724318040087	0.046456127854335734	0.0038186724318040087	0.031206786424498072
14920000	-155.78001505319563	-0.8919389138037528	-154.88807613939187	0.7932818134922668	0.0017228600475607174	0.04093152713016468	0.0017228600475607174	0.014673576186358657	6.993429564256427E-4	0.04093152713016468	6.993429564256427E-4	0.021820775810091668
14930000	-180.83497419184621	0.6537049705527562	-181.48867916239897	0.4711815286610439	0.020020227296389935	0.05027156659709488	0.020020227296389935	0.016531592696716526	0.0019945078960589622	0.05027156659709488	0.0019945078960589622	0.019024297446006085
14940000	-174.21607451025685	3.917497368299772	-178.1335718785566	0.4256273489321933	-0.02560831808962021	0.06309521072368052	-0.02560831808962021	0.017795185078903087	-0.007242430416840101	0.06309521072368052	-0.007242430416840101	0.02535184061670304
14950000	-170.35275828338314	3.262094387647761	-173.6148526710309	0.49159823287271226	-0.019469154620952108	0.09772081883955956	-0.019469154620952108	0.018934229283532902	-0.006979629437738357	0.09772081883955956	-0.006979629437738357	0.035898739177992973
14960000	-171.17979543450298	4.0662132690119	-175.2460087035149	0.3992112016153977	0.0012079843748156029	0.04184325556499687	0.0012079843748156029	0.013003991531281409	-0.004092051470771753	0.04184325556499687	-0.004092051470771753	0.025344736213533656
14970000	-195.81822397253976	4.636929311147994	-200.45515328368774	0.21427990842093733	0.01048414464309144	0.05621527278416193	0.01048414464309144	0.01878274679147423	1.1992034633151417E-4	0.05621527278416193	1.1992034633151417E-4	0.03492976226039664
14980000	-141.12403685947635	-2.3298074954975982	-138.79422936397876	1.457289424269552	-0.007469158997638627	0.1269635078692804	-0.007469158997638627	0.01761407150791416	-0.004185963874415744	0.1269635078692804	-0.004185963874415744	0.027650430514040387
14990000	-185.71875438511412	3.3986250176507915	-189.11737940276493	0.28829418019887487	-0.008615269567941345	0.04804505962089249	-0.008615269567941345	0.02179373352574816	-0.005781028967864263	0.04804505962089249	-0.005781028967864263	0.02893075775360973
15000000	-211.86268757892014	4.681884067693388	-216.54457164661352	0.07609756767545461	0.008574407175330617	0.02866568615249536	0.008574407175330617	0.015123446272915049	0.003957851907557233	0.02866568615249536	0.003957851907557233	0.02803472421463366
15010000	-202.43328565473044	4.09128228168533	-206.52456793641576	0.10519821354165378	0.004662970825399477	0.02360114838268743	0.004662970825399477	0.018153643509692386	-8.458181166889098E-4	0.02360114838268743	-8.458181166889098E-4	0.024911669445432428
15020000	-197.40695307428817	4.355364319558659	-201.7623173938468	0.18331361320851022	0.010296630327436409	0.05019114466374109	0.010296630327436409	0.02164604976609991	-3.347320234734605E-4	0.05019114466374109	-3.347320234734605E-4	0.03665777287842548
15030000	-197.73196307894423	1.3448988782353872	-199.07686195717963	0.14639633422575588	0.002317008075113522	0.05369318404405344	0.002317008075113522	0.012902190123980868	-0.0027722495003622027	0.05369318404405344	-0.0027722495003622027	0.043613223631445486
15040000	-167.07775896446057	2.406268953118389	-169.48402791757897	0.47947088583383535	0.003050701587585872	0.05465758788030989	0.003050701587585872	0.018731308339169653	-0.0014577821237433122	0.05465758788030989	-0.0014577821237433122	0.02301144463691195
15050000	-186.36382232545645	2.59194910325368	-188.95577142871014	0.2909405476011521	-0.01154691723977014	0.04814318524505241	-0.01154691723977014	0.014625322408549184	-0.0033289347435640467	0.04814318524505241	-0.0033289347435640467	0.023510601244440148
15060000	-199.2933490705667	4.41137184946713	-203.70472092003385	0.16392283491154577	-0.014771120728825244	0.022242692639999003	-0.014771120728825244	0.012622924892936163	-0.0013075457267375102	0.022242692639999003	-0.0013075457267375102	0.02308820442605418
15070000	-173.95891168830664	3.1987056589758986	-177.15761734728255	0.3722341886785951	-0.006959469278940089	0.039867833001543694	-0.006959469278940089	0.015763977690687218	0.001283574956614924	0.039867833001543694	0.001283574956614924	0.02252666128901022
15080000	-152.365921610147	0.6622328132035721	-153.02815442335057	0.8862088346148013	8.851806464610446E-4	0.1539117042501385	8.851806464610446E-4	0.014207092876642256	-0.00238171143926408	0.1539117042501385	-0.00238171143926408	0.04227614016532457
15090000	-171.42295317778394	3.067991634789508	-174.49094481257345	0.49290834382768134	-0.005276286914627243	0.04232948119165453	-0.005276286914627243	0.010456271682126083	-1.7031326368759786E-4	0.04232948119165453	-1.7031326368759786E-4	0.025898334140093585
15100000	-159.5152771857824	-0.19282162651910661	-159.3224555592633	1.1800594637965998	0.006108634524210059	0.05379778699122032	0.006108634524210059	0.020147091043173245	-0.002869154677419313	0.05379778699122032	-0.002869154677419313	0.018182686004354656
15110000	-145.90673622388167	0.9255874459852251	-146.8323236698669	1.0831616408775222	0.01894384377567861	0.06532715586673185	0.01894384377567861	0.015464123159900126	-3.0008960851433237E-4	0.06532715586673185	-3.0008960851433237E-4	0.026325001181544995
15120000	-188.2219532606093	4.556100553984358	-192.77805381459365	0.20586147438326927	0.025606771017385215	0.060585210652690895	0.025606771017385215	0.019409163093560524	0.0032373010072927434	0.060585210652690895	0.0032373010072927434	0.03466908142227581
15130000	-178.1091330246409	1.9936919070119457	-180.10282493165283	0.31951492932614156	0.009588137907787491	0.034938678478063756	0.009588137907787491	0.017606958166403872	0.0015028914511234048	0.034938678478063756	0.0015028914511234048	0.020796233691389495
15140000	-178.77203688149123	3.6215706975362147	-182.39360757902745	0.36397801505264843	0.0011789154019146765	0.048487931561897984	0.0011789154019146765	0.01739482970536204	-0.001328607383229149	0.048487931561897984	-0.001328607383229149	0.027092663346946967
15150000	-189.64102434082713	3.0257312466677178	-192.66675558749483	0.17747392190883202	0.003580236892330322	0.03014038835847908	0.003580236892330322	0.021195852404899417	-0.0023710268669059724	0.03014038835847908	-0.0023710268669059724	0.02001056001795257
15160000	-179.83545179171622	3.8919393453570215	-183.72739113707325	0.3679663081523924	-0.004699932063357752	0.06243073064831239	-0.004699932063357752	0.017318458204791293	-0.0045020881011251825	0.06243073064831239	-0.0045020881011251825	0.024605529164414434
15170000	-183.91243348862537	3.6629451698194124	-187.57537865844478	0.2794490307826961	0.024001669279565457	0.06925634271543052	0.024001669279565457	0.022776840906692693	0.006341547348533555	0.06925634271543052	0.006341547348533555	0.038500903453791445
15180000	-175.25027485108473	3.718337935296365	-178.9686127863811	0.2967526128719045	0.010325484206456051	0.06725263686811406	0.010325484206456051	0.014867288397491712	-9.2411216839437E-4	0.06725263686811406	-9.2411216839437E-4	0.03214946583486607
15190000	-176.0220420132613	3.340034078109933	-179.36207609137125	0.34367112499572877	0.0034759406730490243	0.07238056669221558	0.0034759406730490243	0.017415498357506602	-0.0071596566719419	0.07238056669221558	-0.0071596566719419	0.035048996333296764
15200000	-167.5287244799469	-1.005714334946978	-166.52301014499992	0.44887605179490286	-0.01880538033914584	0.06650227167373422	-0.01880538033914584	0.019932225402340787	-0.0028646079410469916	0.06650227167373422	-0.0028646079410469916	0.02402308420698251
15210000	-178.9714498298003	-0.20445716067017017	-178.76699266913013	0.315247286832385	-0.010921619723410297	0.06996575438672545	-0.010921619723410297	0.015928239435598703	-0.004115165835647057	0.06996575438672545	-0.004115165835647057	0.03508638726308434
15220000	-161.35237171453016	2.7041469252000536	-164.05651863973023	0.4519996226090093	0.03013785637380095	0.05532797437477925	0.03013785637380095	0.022883331023033904	0.0015225390208896549	0.05532797437477925	0.0015225390208896549	0.027612721744027097
15230000	-134.47929912329303	-0.2640152677861415	-134.2152838555069	1.3787592122228085	-0.01822512449094395	0.10966984062167809	-0.01822512449094395	0.018613673759170935	-0.002883218799717888	0.10966984062167809	-0.002883218799717888	0.02730620276243339
15240000	-158.59649415315604	2.522689328206445	-161.11918348136248	0.6372143185096418	0.03058051093070018	0.04664705477750877	0.03058051093070018	0.017649977844947897	-0.002080739428968396	0.04664705477750877	-0.002080739428968396	0.027237330850909392
15250000	-179.59928908732178	4.1579071226742155	-183.75719620999598	0.34682884251488677	-0.004333831781411834	0.06973213075168015	-0.004333831781411834	0.016747266922398887	-0.0038714756372309244	0.06973213075168015	-0.0038714756372309244	0.031196810982117025
15260000	-187.65416434017683	4.139392227107503	-191.79355656728433	0.23098334270653556	0.009490705528977114	0.062043627030774276	0.009490705528977114	0.02102566443500478	3.0970205300462524E-4	0.062043627030774276	3.0970205300462524E-4	0.03695545455336
15270000	-170.61979609655307	1.4930767795407585	-172.11287287609383	0.6180296272907935	-0.003691730474842726	0.07851679445565275	-0.003691730474842726	0.012213803903982006	-0.0020890784956962808	0.07851679445565275	-0.0020890784956962808	0.022311184530677236
15280000	-188.97298489159118	3.2293971202656473	-192.20238201185683	0.24263873151629048	0.020128616320257996	0.024022021467019847	0.020128616320257996	0.022543115972743548	0.0022434963689163395	0.024022021467019847	0.0022434963689163395	0.018039750699560105
15290000	-165.86884886107129	2.39614294774289	-168.2649918088142	0.7091795936890112	0.05182851233519173	0.06790403531526121	0.05182851233519173	0.021628737986126453	0.0025716148402364514	0.06790403531526121	0.0025716148402364514	0.024154260455770467
15300000	-223.59363125958046	2.1903477512897807	-225.78397901087024	0.06319513167700888	0.004177874468126124	0.03787070159051139	0.004177874468126124	0.020117439843952117	-0.0018690478827520468	0.03787070159051139	-0.0018690478827520468	0.04342430930978061
15310000	-188.1825287618375	2.37377007762235	-190.55629883945983	0.21252149101484316	-7.313670922766721E-4	0.04302918502357928	-7.313670922766721E-4	0.014653148274279338	-0.00120591507940772	0.04302918502357928	-0.00120591507940772	0.0213810423926008
15320000	-226.92284086354113	4.424058424828601	-231.3468992883697	0.05927315182687974	-0.006322531233917576	0.016741275109132456	-0.006322531233917576	0.020050317105218127	-0.004970794188074932	0.016741275109132456	-0.004970794188074932	0.021987334645716686
15330000	-180.25426333527952	2.4773087188234735	-182.731572054103	0.2623675817981506	0.0033514689308903234	0.02692071844398258	0.0033514689308903234	0.01986438067546877	-0.003939912315444637	0.02692071844398258	-0.003939912315444637	0.0154015749366388
15340000	-154.39827419133513	-3.5125093749746537	-150.88576481636048	1.187921926414075	0.041823222904270624	0.10781383810578249	0.041823222904270624	0.018786481798276213	0.0056693959904015	0.10781383810578249	0.0056693959904015	0.023146711912568573
15350000	-159.6408527293627	0.9713491306040293	-160.61220185996675	0.9605247308192305	0.015477401383534919	0.13764584105729127	0.015477401383534919	0.01901564100786996	-0.0020869521900633054	0.13764584105729127	-0.0020869521900633054	0.03937712268641254
15360000	-166.56598213095234	2.224445599123846	-168.79042773007617	0.4391395763417257	0.03873215806279108	0.07011410801411799	0.03873215806279108	0.018105210271741678	0.007193073467499025	0.07011410801411799	0.007193073467499025	0.027661963204008357
15370000	-194.2271984259965	4.879892702094791	-199.1070911280913	0.15047413141120475	-0.005525871246387017	0.01311089885442236	-0.005525871246387017	0.018712958316792365	-0.002502998119440813	0.01311089885442236	-0.002502998119440813	0.01777905879720513
15380000	-174.22293826602467	1.7198874762026732	-175.94282574222734	0.36475477699507697	0.030537572751851733	0.07787707012453228	0.030537572751851733	0.019076826089900332	0.003433655583870197	0.07787707012453228	0.003433655583870197	0.037716766121059016
15390000	-147.40525106388694	1.9480835148808548	-149.3533345787678	0.8272152021556931	0.003035981702968836	0.0970920202009477	0.003035981702968836	0.01914774742822957	-0.0013713424357649144	0.0970920202009477	-0.0013713424357649144	0.02790183269380244
15400000	-144.8528265331613	1.9325521664041192	-146.78537869956543	0.8767215448694881	0.0071650984444063615	0.05957042683948502	0.0071650984444063615	0.014609368347711517	0.001756813681176863	0.05957042683948502	0.001756813681176863	0.018640781316012822
15410000	-149.32842139881788	1.0705616037282284	-150.39898300254612	1.0909228016014236	0.04513373054299433	0.07287529528619055	0.04513373054299433	0.01916729622546168	-6.079339904218124E-4	0.07287529528619055	-6.079339904218124E-4	0.023354451061192646
15420000	-157.60763372762725	3.3381912034644463	-160.9458249310917	0.5279990000762218	0.024542321475073996	0.05969563882393941	0.024542321475073996	0.020948305827946673	1.8155475081994962E-4	0.05969563882393941	1.8155475081994962E-4	0.023185310324708698
15430000	-165.84094312748235	2.47144962733043	-168.31239275481278	0.5228443715735619	0.010561108991302807	0.07071578203789647	0.010561108991302807	0.01473012137059796	0.0015794750595835697	0.07071578203789647	0.0015794750595835697	0.019629016798611922
15440000	-168.33533946142657	3.2831373209681622	-171.61847678239474	0.4515179071599146	-4.716664896044264E-4	0.06409285987586424	-4.716664896044264E-4	0.013724883197589488	-0.002355390109155624	0.06409285987586424	-0.002355390109155624	0.02660964376344148
15450000	-179.81514604665006	4.083838227630885	-183.89898427428093	0.23534519749397012	0.02297489567190932	0.03190794912079943	0.02297489567190932	0.017025745558645115	0.0011351499878510711	0.03190794912079943	0.0011351499878510711	0.018440083158694914
15460000	-179.16746183419573	4.1781129973718185	-183.34557483156755	0.3690220184394005	-0.0023138553653299187	0.07767591305210172	-0.0023138553653299187	0.017124524275197006	-3.958839456774464E-4	0.07767591305210172	-3.958839456774464E-4	0.03297843614957156
15470000	-179.19229092534627	1.2191622751470872	-180.41145320049336	0.36678885245724074	-0.03506390714270114	0.055357623888990244	-0.03506390714270114	0.02230562628013879	-0.004849369097524291	0.055357623888990244	-0.004849369097524291	0.026131750115371513
15480000	-160.80919731878413	3.946330356101442	-164.75552767488557	0.4966480625744866	0.006043378807726283	0.07228532572622667	0.006043378807726283	0.020195738107291427	-8.450475519450499E-4	0.07228532572622667	-8.450475519450499E-4	0.03457059021705089
15490000	-154.22783697703792	2.5959430125238776	-156.8237799895618	0.47438635589046624	0.017409863974544477	0.023542392415476707	0.017409863974544477	0.01230427562213658	-3.559326227720223E-5	0.023542392415476707	-3.559326227720223E-5	0.017151472439240596
15500000	-170.58650694011257	2.3832939758096723	-172.96980091592224	0.5027733359190014	-0.008894771585556252	0.08680730852953394	-0.008894771585556252	0.01761026797234159	-0.004488479427428713	0.08680730852953394	-0.004488479427428713	0.02666480914365398
15510000	-188.13245935124664	2.8726921009005397	-191.00515145214717	0.3138893804684861	0.017489266901596905	0.07764185582317207	0.017489266901596905	0.020267167013433045	0.0034585978731299983	0.07764185582317207	0.0034585978731299983	0.03207499118927843
15520000	-170.58971591476737	3.715137461015109	-174.30485337578247	0.4535069776152104	-0.01221674086906871	0.08703220953452906	-0.01221674086906871	0.022397520315315795	-0.006808901712661902	0.08703220953452906	-0.006808901712661902	0.029965437453414286
15530000	-167.0929517852983	3.559711641112311	-170.6526634264106	0.4682948025712758	0.050736279756435985	0.07832135983683626	0.050736279756435985	0.024105074437564867	0.006808353112168099	0.07832135983683626	0.006808353112168099	0.03684193816317093
15540000	-154.56438300642398	-0.0959075751750843	-154.4684754312489	1.0977783360012747	0.026075996830793216	0.12288612056117032	0.026075996830793216	0.025103678591736102	7.546194224852063E-4	0.12288612056117032	7.546194224852063E-4	0.030281739207462667
15550000	-191.78288371308489	4.434652708566414	-196.2175364216513	0.2350097383626641	-0.0040522410792172975	0.03033998552100459	-0.0040522410792172975	0.01395881616362719	-0.0038245458747767245	0.03033998552100459	-0.0038245458747767245	0.024293006011991233
15560000	-173.79730627550248	-1.9005095105835892	-171.8967967649189	0.43389339771940116	0.02436568184259987	0.0757361260378373	0.02436568184259987	0.017980149596682506	0.003169888076454494	0.0757361260378373	0.003169888076454494	0.03013550738211257
15570000	-161.23922524030635	3.446238634155453	-164.68546387446182	0.5544913088115381	0.0488249848101082	0.04256805621089761	0.0488249848101082	0.022632103975640895	0.0011269211721857994	0.04256805621089761	0.0011269211721857994	0.017062724207896167
15580000	-187.2589127523312	4.474799902871535	-191.73371265520274	0.30717487401379023	0.020492490679870443	0.04998670640572604	0.020492490679870443	0.017980095778732604	-0.002648135411441708	0.04998670640572604	-0.002648135411441708	0.028820503005060248
15590000	-156.7831993211483	1.7196095644332696	-158.50280888558154	0.7461167796808794	0.03845161458610877	0.12612002953084422	0.03845161458610877	0.022165227333298548	-0.001204706445498728	0.12612002953084422	-0.001204706445498728	0.0425216729521319
15600000	-186.2728463145094	4.813445028844887	-191.08629134335428	0.20635871612704665	0.014088560071092415	0.03383924020249676	0.014088560071092415	0.021038531849040254	-4.909544468316511E-4	0.03383924020249676	-4.909544468316511E-4	0.025259723964376483
15610000	-176.87368366281558	3.3168306815635766	-180.19051434437915	0.3707496331727126	0.0219292931156532	0.08228700174994516	0.0219292931156532	0.013039628011651538	0.0012019275864772927	0.08228700174994516	0.0012019275864772927	0.03740288205119342
15620000	-203.92852784875635	4.609516118103534	-208.53804396685987	0.10852224896963861	0.010977220757218705	0.033897577727258585	0.010977220757218705	0.02109319980821135	0.002976908479854041	0.033897577727258585	0.002976908479854041	0.024450153459937896
15630000	-191.21327485352847	4.263384246699518	-195.476659100228	0.2569401820369319	0.020454669068387436	0.06143200896087873	0.020454669068387436	0.014691527954399	0.004361651147794984	0.06143200896087873	0.004361651147794984	0.0391603339868659
15640000	-180.63731624123795	3.0906618696169934	-183.72797811085493	0.4380444364081909	0.04425192400149348	0.10371280881682485	0.04425192400149348	0.02353725697415781	0.006415883765170812	0.10371280881682485	0.006415883765170812	0.03305455941904615
15650000	-163.00640375783988	3.333960926067454	-166.34036468390732	0.5207000460120982	-0.03254392566056614	0.027999861604929007	-0.03254392566056614	0.019491809812257375	-0.0044197236094021325	0.027999861604929007	-0.0044197236094021325	0.016135462049044192
15660000	-172.49608738734815	1.5824097855200923	-174.07849717286825	0.5749909360948866	-0.016616953488440576	0.11565652006977564	-0.016616953488440576	0.010248933674620809	-0.002695514385448267	0.11565652006977564	-0.002695514385448267	0.045319397949065685
15670000	-166.66800882272324	2.577384533806954	-169.2453933565302	0.7328403569156794	-0.030120374426588045	0.08997539479619876	-0.030120374426588045	0.019129415556256767	-0.009085923165725849	0.08997539479619876	-0.009085923165725849	0.02860619660508884
15680000	-175.35744976830497	1.4726597056985913	-176.83010947400356	0.43450402463633475	0.00556752235586446	0.0976694118541587	0.00556752235586446	0.011966237871147487	0.0018668502288616898	0.0976694118541587	0.0018668502288616898	0.034773324457360894
15690000	-164.7368328890659	3.12182259021802	-167.85865547928393	0.5800862424599729	-0.007560115386627511	0.08463495638154236	-0.007560115386627511	0.01404163517978303	-0.004776954375695521	0.08463495638154236	-0.004776954375695521	0.02724698947394888
15700000	-150.69635551218494	2.0456504655913683	-152.7420059777763	0.8925622906342175	0.05436560531314751	0.08280903373538966	0.05436560531314751	0.018584226103660048	0.005577860817869571	0.08280903373538966	0.005577860817869571	0.027990046685312867
15710000	-162.6262221673251	1.7257337672857953	-164.35195593461088	0.8745824807772328	0.0369685303319737	0.07523532399592253	0.0369685303319737	0.018139952268816532	0.005583879664776121	0.07523532399592253	0.005583879664776121	0.019681039900887723
15720000	-185.3212709544726	4.64907326101082	-189.9703442154834	0.25948160042899926	-0.014115605974907016	0.06316300334954905	-0.014115605974907016	0.02576081061571193	-0.0035781968784759834	0.06316300334954905	-0.0035781968784759834	0.033998989162852
15730000	-184.0328609567458	3.9429053478659437	-187.97576630461174	0.21497485810180775	0.004405752092626403	0.037219909695294415	0.004405752092626403	0.014483796854771965	-8.395717553719548E-4	0.037219909695294415	-8.395717553719548E-4	0.02809918330589231
15740000	-172.9193849912599	2.71804567603746	-175.63743066729737	0.48295452341544487	-0.002677187282912848	0.07410182592166512	-0.002677187282912848	0.012596047223514048	-0.00234723180228468	0.07410182592166512	-0.00234723180228468	0.029334574170049227
15750000	-168.1314808507248	3.840029126262116	-171.97150997698694	0.38507845951107234	0.03658210453571276	0.0472707629484123	0.03658210453571276	0.024598734355130658	0.0027238219920196517	0.0472707629484123	0.0027238219920196517	0.01885842998678279
15760000	-155.179997790595	1.4652143879286554	-156.64521217852365	0.798376104784592	0.019434665412399584	0.10556821972042987	0.019434665412399584	0.02504427573545988	5.640217433200349E-4	0.10556821972042987	5.640217433200349E-4	0.03181906114529931
15770000	-172.44281568772047	3.828915947833666	-176.27173163555415	0.36694729539694987	-0.022979640259362732	0.034014033653089984	-0.022979640259362732	0.01941371444441047	-0.0021491076185451243	0.034014033653089984	-0.0021491076185451243	0.02477630603643785
15780000	-159.5730007941434	1.8982096767794303	-161.47121047092284	0.6418347353514416	0.031744812678235194	0.06650154078545392	0.031744812678235194	0.02097554377311825	-7.996817710926129E-4	0.06650154078545392	-7.996817710926129E-4	0.032834363104987295
15790000	-132.57247775198275	-2.489462578362686	-130.08301517362005	1.6479451834494043	-0.03461644982965691	0.13763542519338354	-0.03461644982965691	0.01647862700125902	-0.004756776639864147	0.13763542519338354	-0.004756776639864147	0.032373388369602914
15800000	-170.15273504420236	3.3301735613677694	-173.48290860557012	0.45299468298352763	0.016947561393549658	0.09714699438960246	0.016947561393549658	0.024683344773740346	-0.00197949406285671	0.09714699438960246	-0.00197949406285671	0.04125807809216152
15810000	-168.43355865356037	3.7328495793758734	-172.16640823293625	0.46834601179900326	0.012016209078296959	0.07247812851454921	0.012016209078296959	0.02249374543857291	-0.002180327199301774	0.07247812851454921	-0.002180327199301774	0.023304609247022063
15820000	-192.55371643883174	4.24801858430903	-196.80173502314076	0.20271873225833958	0.016608310945053162	0.05748702377707392	0.016608310945053162	0.02609304801419622	-0.0010988913198563917	0.05748702377707392	-0.0010988913198563917	0.03364027129617357
15830000	-168.88698174748126	3.3547439923525317	-172.24172573983378	0.5402011668112101	0.020442068288381996	0.09718901682606881	0.020442068288381996	0.02218086301318824	0.002242274445220691	0.09718901682606881	0.002242274445220691	0.037341266245468685
15840000	-154.15785326788145	0.704500076145192	-154.86235334402664	0.8250384449241366	1.876244790116089E-5	0.14363247245831848	1.876244790116089E-5	0.02122209174277991	-0.0051868720872023	0.14363247245831848	-0.0051868720872023	0.042998622836422175
15850000	-160.44639413899455	1.931216688791806	-162.37761082778636	0.6999370170078699	0.02671426343087652	0.07874534578685365	0.02671426343087652	0.018036870828626504	8.806267269859899E-4	0.07874534578685365	8.806267269859899E-4	0.02583424806590033
15860000	-186.71193120351367	4.28721831444212	-190.9991495179558	0.2218535712107596	-0.03162865837705172	0.044880926836040926	-0.03162865837705172	0.022938705540066683	-0.007313802796995835	0.044880926836040926	-0.007313802796995835	0.028928186106082186
15870000	-166.58749563242174	4.059743343143603	-170.64723897556533	0.4221989428207825	0.017203081691809098	0.038118783031222354	0.017203081691809098	0.01884293317737461	-0.0021032638606564603	0.038118783031222354	-0.0021032638606564603	0.02255998793464143
15880000	-179.05083129974173	4.388556538764351	-183.4393878385061	0.3124564575676057	0.00703731298528353	0.054430243617727234	0.00703731298528353	0.014940427596231846	-0.005436791256631262	0.054430243617727234	-0.005436791256631262	0.030799556248647518
15890000	-179.21819162423952	3.464598202657473	-182.682789826897	0.41683147993816305	0.03294964457550094	0.10882411121878342	0.03294964457550094	0.02241509195852623	0.0025313285778948242	0.10882411121878342	0.0025313285778948242	0.04780131861350921
15900000	-172.4571725874173	0.5174770380268634	-172.97464962544416	0.49968473479681713	-0.001950534849313718	0.11011424034891172	-0.001950534849313718	0.01719309091761564	-0.00222190526973307	0.11011424034891172	-0.00222190526973307	0.04389918248783148
15910000	-196.6163593923842	3.855078215954192	-200.4714376083384	0.1245583312194758	-0.008822987080223403	0.0344412839189502	-0.008822987080223403	0.019027710709222156	-0.003072571989854567	0.0344412839189502	-0.003072571989854567	0.028738401708044595
15920000	-195.85503406604516	-0.4568825129796261	-195.39815155306553	0.18572680368867467	0.006326930039754025	0.02788855332494296	0.006326930039754025	0.014044587429930425	-0.001395030857703949	0.02788855332494296	-0.001395030857703949	0.022067456518282465
15930000	-171.55589224112202	-1.5034766475674388	-170.0524155935546	0.7744293317178138	0.009354462409359329	0.07593069653921812	0.009354462409359329	0.017041018467327047	-9.182662671748933E-4	0.07593069653921812	-9.182662671748933E-4	0.02188945843824843
15940000	-174.26843826449223	2.703481449207297	-176.97191971369952	0.320801194683898	9.103736569430122E-4	0.04337955739481366	9.103736569430122E-4	0.016956621699447436	5.890669598702552E-4	0.04337955739481366	5.890669598702552E-4	0.019688954126630295
15950000	-164.6271416627773	2.7984031297288703	-167.42554479250617	0.4377403253356606	0.00787707750446716	0.04937492960386615	0.00787707750446716	0.016821416809918457	0.00133215746964565	0.04937492960386615	0.00133215746964565	0.023829718219913632
15960000	-172.0818267797477	3.646136769196599	-175.7279635489443	0.4792019325569911	0.03638714923379088	0.04087298616951773	0.03638714923379088	0.021088685136503235	0.001813994164138626	0.04087298616951773	0.001813994164138626	0.017399112889613474
15970000	-165.0087533497786	0.8259560919533739	-165.83470944173197	0.46034451087195527	9.530712863755613E-5	0.0654609927752622	9.530712863755613E-5	0.014310528873762439	-0.002628072544233675	0.0654609927752622	-0.002628072544233675	0.02453828830026865
15980000	-154.8484672397478	0.17303409211775556	-155.02150133186555	0.8425434034582556	-0.03396131285169375	0.10229853748570608	-0.03396131285169375	0.012449362361948421	-0.004866649493150556	0.10229853748570608	-0.004866649493150556	0.02872766417879777
15990000	-156.7250394171839	2.8103154946473894	-159.5353549118313	0.6759758943078409	0.008116824179473247	0.048731545733974	0.008116824179473247	0.014096283893076848	-8.766991874679092E-4	0.048731545733974	-8.766991874679092E-4	0.025697801369298234
16000000	-175.87623985994983	4.181114644027313	-180.05735450397714	0.318186085580666	-0.023661297848404848	0.062113638420528805	-0.023661297848404848	0.014814843341767064	-0.003498110805275013	0.062113638420528805	-0.003498110805275013	0.02650426949099125
16010000	-181.5209065332487	4.28793804210487	-185.8088445753536	0.25873352334078914	0.003676749456156812	0.016836581421138155	0.003676749456156812	0.020432805494998877	-0.0037342648042523623	0.016836581421138155	-0.0037342648042523623	0.019711008554478975
16020000	-189.25011374736386	3.7981449342412583	-193.04825868160512	0.2865359904478124	0.007486409512595312	0.06372102355436071	0.007486409512595312	0.022545350908376127	-0.0036818459219672677	0.06372102355436071	-0.0036818459219672677	0.03232661002086018
16030000	-237.19659322510552	4.722786992362334	-241.91938021746785	0.06067771756019165	0.00122988198865567	0.038559121349703795	0.00122988198865567	0.019306458630664453	-0.007367520390406147	0.038559121349703795	-0.007367520390406147	0.048168179246147844
16040000	-204.20626300664318	3.4681701825915656	-207.67443318923475	0.16194387759382484	0.0212888327962137	0.047685028693717615	0.0212888327962137	0.018489253380706415	0.002044345480263403	0.047685028693717615	0.002044345480263403	0.03220156009287798
16050000	-216.2347299475076	4.52924328439878	-220.76397323190636	0.0749906965468052	0.014913778018715093	0.020925855410354115	0.014913778018715093	0.019017004577787548	0.003157201467802156	0.020925855410354115	0.003157201467802156	0.025894673602079765
16060000	-231.16929259541868	0.6576282280707151	-231.8269208234894	0.0810240202281418	-0.012039110477853375	0.03820712607411338	-0.012039110477853375	0.021969279763881452	-0.00920552437066753	0.03820712607411338	-0.00920552437066753	0.03263411229437109
16070000	-235.78255222116462	4.830078931926849	-240.61263115309146	0.05015051773059588	-0.009609319315267605	0.021324703565788687	-0.009609319315267605	0.023923842211507146	-0.008254704273409927	0.021324703565788687	-0.008254704273409927	0.025153320915358567
16080000	-200.3828797192592	4.443773139961867	-204.82665285922107	0.14665259056785102	-0.017428779733518193	0.03969804065410805	-0.017428779733518193	0.01947610247044085	-0.011888206811923336	0.03969804065410805	-0.011888206811923336	0.03191762934696488
16090000	-208.7226902492298	4.109201730879997	-212.8318919801098	0.17195466094860853	0.02411450059789894	0.04167691274545799	0.02411450059789894	0.023102313575943258	0.008631324553353859	0.04167691274545799	0.008631324553353859	0.02724293348996769
16100000	-205.84455333987532	4.765894877354552	-210.61044821722987	0.0965689244080836	0.0022693207726634267	0.038930829862587855	0.0022693207726634267	0.01760848812941248	-6.575806536334619E-4	0.038930829862587855	-6.575806536334619E-4	0.03457624604599574
16110000	-200.6547048421038	4.3279185332267085	-204.98262337533052	0.19166033854870143	0.009004805433148487	0.08476328655430161	0.009004805433148487	0.01991223380725813	0.0044189494597455066	0.08476328655430161	0.0044189494597455066	0.05201948688429374
16120000	-196.91202664106947	3.535943554294053	-200.44797019536352	0.19271928284575085	-0.0077450658047324055	0.023772331327897873	-0.0077450658047324055	0.021712688964742394	-0.0045599808729378955	0.023772331327897873	-0.0045599808729378955	0.015796518635362026
16130000	-172.40009549913827	4.092043210207584	-176.49213870934585	0.36697204561261226	0.009113373935950067	0.07677775682577781	0.009113373935950067	0.01567376370565059	0.00167904720873479	0.07677775682577781	0.00167904720873479	0.0349188356697519
16140000	-208.65960013455862	3.457177538801725	-212.11677767336033	0.13753336884857392	0.0019289699703911064	0.031085805989166375	0.0019289699703911064	0.019526956447706186	-0.001687109368081946	0.031085805989166375	-0.001687109368081946	0.02054820325235804
16150000	-232.19324913248337	3.7413150055063107	-235.9345641379897	0.04252593593596557	0.006768577568904197	0.02739321492693467	0.006768577568904197	0.017732799437748876	0.003012246108053665	0.02739321492693467	0.003012246108053665	0.03667432801733227
16160000	-159.00804304416067	3.091802003743374	-162.09984504790404	0.5442447745532595	0.030616136998544485	0.03853943219845619	0.030616136998544485	0.017028966147303093	5.95696155147322E-4	0.03853943219845619	5.95696155147322E-4	0.025863446358114286
16170000	-166.62859995842513	2.9166678475656207	-169.54526780599076	0.4535195637019088	0.0028837203197909027	0.08003368552692203	0.0028837203197909027	0.016140289369566234	-0.001651668880209337	0.08003368552692203	-0.001651668880209337	0.030114669817503423
16180000	-175.7141335242881	4.278767551584483	-179.99290107587257	0.3053938419179364	-0.008891935786225541	0.05217919347594564	-0.008891935786225541	0.017496657994919288	-0.0032574351886806314	0.05217919347594564	-0.0032574351886806314	0.02570286871223449
16190000	-177.8301303015823	3.092641472305101	-180.9227717738874	0.3326779774133924	0.0025662879002324272	0.0417088952884326	0.0025662879002324272	0.01708934647019905	-0.004650543367732057	0.0417088952884326	-0.004650543367732057	0.022348474926762882
16200000	-173.66870724549028	3.1705815553722916	-176.83928880086256	0.42995027704243244	1.757064794953419E-4	0.044516989677510804	1.757064794953419E-4	0.02087055669176127	-0.004922356940849655	0.044516989677510804	-0.004922356940849655	0.021564624113762636
16210000	-165.25203042131713	1.16120166063505	-166.41323208195217	0.921799846461567	0.0836321472691701	0.11289997002228533	0.0836321472691701	0.023528410330372576	0.011076670700560665	0.11289997002228533	0.011076670700560665	0.023174605279862856
16220000	-145.3817295436256	-1.4108952590757702	-143.97083428454982	1.3975646868060672	0.030855114448427853	0.10801794531922504	0.030855114448427853	0.02124464521813323	-0.004869094776875112	0.10801794531922504	-0.004869094776875112	0.025214836939750424
16230000	-152.36992731577226	1.833607161820007	-154.20353447759226	0.913563237823524	-0.03617916000868741	0.029824553088202685	-0.03617916000868741	0.016516367499091463	-0.00223135271732238	0.029824553088202685	-0.00223135271732238	0.018805921918959398
16240000	-177.92476575692075	3.6476122584739485	-181.5723780153947	0.34567322389037247	0.018553517533146085	0.048378718872714145	0.018553517533146085	0.01737050320157463	-8.357876763225524E-4	0.048378718872714145	-8.357876763225524E-4	0.03076990048648176
16250000	-166.14044623623676	3.545633670659708	-169.68607990689645	0.4637911310752424	-0.02914034249342552	0.052311250931478925	-0.02914034249342552	0.017756117130355877	-0.004128867965663417	0.052311250931478925	-0.004128867965663417	0.021923853142752314
16260000	-157.00541874190134	2.1051167697728523	-159.1105355116742	0.7432704841746337	0.008929356133919526	0.08267234411835737	0.008929356133919526	0.016437398380059347	-6.8299150557935E-5	0.08267234411835737	-6.8299150557935E-5	0.02687625942778217
16270000	-148.1843793626137	0.8997834182486786	-149.08416278086239	1.1243845656378064	0.013747182458946515	0.1472647670341798	0.013747182458946515	0.018224518620566815	-9.92529774930311E-4	0.1472647670341798	-9.92529774930311E-4	0.03494335278801206
16280000	-161.68297428961566	-2.5121234879467274	-159.17085080166893	0.8258143522845557	-0.0324762908121743	0.07701261693390632	-0.0324762908121743	0.020735370567636514	-0.0037861964133412253	0.07701261693390632	-0.0037861964133412253	0.0214528080727188
16290000	-157.9636284906293	-0.6891446282299349	-157.27448386239936	0.681449717977343	-0.022252817035723103	0.07452914961940273	-0.022252817035723103	0.015141518431776918	-0.005997038762505404	0.07452914961940273	-0.005997038762505404	0.023652243254318257
16300000	-151.42033090030603	-1.175747020387659	-150.24458387991837	1.2007985093665527	0.010047218998157803	0.07079447261483227	0.010047218998157803	0.01235295693785091	0.0019626130230786494	0.07079447261483227	0.0019626130230786494	0.020374292673552875
16310000	-160.26276183962585	2.7919240761298783	-163.05468591575573	0.6760783428676287	-0.008952991415098817	0.08778290242662061	-0.008952991415098817	0.016234879536551484	-0.0012481955857265084	0.08778290242662061	-0.0012481955857265084	0.02919463144894651
16320000	-183.1014481499303	-1.5887799609911673	-181.51266818893913	0.3823125801839402	0.0027123937376254134	0.06871766290989055	0.0027123937376254134	0.009916006601826236	-6.425691932880644E-5	0.06871766290989055	-6.425691932880644E-5	0.02341789658123307
16330000	-167.8105985657189	3.0483525206167905	-170.85895108633568	0.6199271919350241	0.022985417402096253	0.10300019353078275	0.022985417402096253	0.016452573848899234	8.504372184173063E-4	0.10300019353078275	8.504372184173063E-4	0.03305026791505782
16340000	-169.14338278062533	3.5767104165830252	-172.72009319720834	0.5400861920715284	-0.020519528389064196	0.07484475881501054	-0.020519528389064196	0.026950410272194456	-0.009733316138483534	0.07484475881501054	-0.009733316138483534	0.02844855309425561
16350000	-159.0497384469248	1.7504546122414077	-160.80019305916622	0.9037960414544984	0.041765999019285606	0.08333440998480393	0.041765999019285606	0.016318565565894984	0.0010947809715174304	0.08333440998480393	0.0010947809715174304	0.02285059071401733
16360000	-138.74327799923495	-1.719411642545749	-137.0238663566892	1.6667344803567044	-0.008550140750875602	0.15138997160936796	-0.008550140750875602	0.016095304663682888	-0.006502724778671038	0.15138997160936796	-0.006502724778671038	0.031893009873255114
16370000	-150.92222113659554	2.2335777150632112	-153.15579885165874	0.8225841002758676	-0.008829427194991536	0.11479703840312637	-0.008829427194991536	0.01634552144970795	-0.005682612913590188	0.11479703840312637	-0.005682612913590188	0.03823301204261372
16380000	-190.83956074614485	3.9868083224846123	-194.82636906862948	0.23994475001988685	-0.0232425126651181	0.04250039105372646	-0.0232425126651181	0.025935932244753733	-0.006105015581378175	0.04250039105372646	-0.006105015581378175	0.02153805187415979
16390000	-169.61218223441074	2.8398529042650016	-172.45203513867574	0.47349860538414934	-0.017120388402850874	0.0919091783594813	-0.017120388402850874	0.01866908206047477	-0.004913016592507242	0.0919091783594813	-0.004913016592507242	0.03801559376226758
16400000	-181.87530323461516	3.800467897861755	-185.6757711324769	0.3055416039960996	0.03363464384886496	0.05680082477682738	0.03363464384886496	0.021826267397116062	0.0018770009177142286	0.05680082477682738	0.0018770009177142286	0.028460886667280513
16410000	-141.677553827498	0.4760859989751802	-142.15363982647318	1.231664048414633	0.017423521491083768	0.05287059215195337	0.017423521491083768	0.025473320157639295	-0.003924346407241199	0.05287059215195337	-0.003924346407241199	0.020570879644921276
16420000	-184.73335019394682	2.1365600069433226	-186.86991020089013	0.20827398445271328	0.028980291142176488	0.04524747002098031	0.028980291142176488	0.02065969998784005	0.0040992544152239786	0.04524747002098031	0.0040992544152239786	0.022112211310225005
16430000	-182.56834678467075	3.0466246332140607	-185.61497141788482	0.21320625935458035	0.013663659790898276	0.0441037545952583	0.013663659790898276	0.020817488138105095	0.0035452605108219344	0.0441037545952583	0.0035452605108219344	0.025450952248487528
16440000	-181.87723343873327	4.172834311486117	-186.0500677502194	0.2842959288439609	0.014008813588208133	0.07297545496734957	0.014008813588208133	0.018064326625429408	0.003153500772004624	0.07297545496734957	0.003153500772004624	0.038047849659927566
16450000	-165.21244300641837	2.481733721657632	-167.694176728076	0.5393268726177178	0.001318780741153684	0.050664613772418265	0.001318780741153684	0.015666582453610644	-0.0015703685062034042	0.050664613772418265	-0.0015703685062034042	0.023543240248666157
16460000	-172.8816260619208	1.0253021196932472	-173.90692818161403	0.33592621869840666	0.009038583056131727	0.0675610801561189	0.009038583056131727	0.01856043525463943	6.670329877063027E-4	0.0675610801561189	6.670329877063027E-4	0.03158689816384357
16470000	-166.43186517065288	3.340467350402687	-169.77233252105557	0.5374999546601148	0.014039057226968021	0.10426016813315056	0.014039057226968021	0.016565788828500887	-0.0012405494064847548	0.10426016813315056	-0.0012405494064847548	0.03391069923876331
16480000	-167.7827531660694	3.5280800076874943	-171.3108331737569	0.4176338397019787	-0.0020423631614226423	0.0400452835679348	-0.0020423631614226423	0.015494955988814098	-5.166955485638671E-4	0.0400452835679348	-5.166955485638671E-4	0.018941873608148432
16490000	-149.1881882400763	-0.41749711823677327	-148.77069112183952	0.9593630554586126	0.04111558742895635	0.14353226123063526	0.04111558742895635	0.020120285130976884	0.003246763421494137	0.14353226123063526	0.003246763421494137	0.039828131565189565
16500000	-147.85532934019065	0.27892263400199313	-148.13425197419264	1.2521725547528155	0.011648687575298789	0.16848559439523905	0.011648687575298789	0.014255743234113145	0.0012632301119931107	0.16848559439523905	0.0012632301119931107	0.04324174639248493
16510000	-168.80186826967312	2.9629671593857334	-171.76483542905885	0.45934978034565777	0.01752371942130295	0.07287595681241474	0.01752371942130295	0.015236457824393054	0.0011264720824141182	0.07287595681241474	0.0011264720824141182	0.026710323557599582
16520000	-155.81879586203715	2.3582586822962273	-158.17705454433337	0.7924957998128166	0.002939804732510888	0.08408516407602193	0.002939804732510888	0.01510448317938839	-0.003833861001909258	0.08408516407602193	-0.003833861001909258	0.024978650454917796
16530000	-183.05664506418447	4.633564428606753	-187.6902094927912	0.22930885940999415	0.007257118054990842	0.05421807002185787	0.007257118054990842	0.019204226920085478	0.001496465383028509	0.05421807002185787	0.001496465383028509	0.027946333942629575
16540000	-155.46129198735943	2.474457863626447	-157.93574985098587	0.6000004922735404	-0.0063302751316660025	0.09972243751121805	-0.0063302751316660025	0.014565962332930438	-0.0030719570218343956	0.09972243751121805	-0.0030719570218343956	0.03273934141618628
16550000	-167.50365020616874	1.6912648046110714	-169.19491501077982	0.6164651024075146	0.00528321504910875	0.06370808663765354	0.00528321504910875	0.01933868228529314	-0.004257688726206613	0.06370808663765354	-0.004257688726206613	0.021129689032317198
16560000	-199.8574202758869	4.600032524531491	-204.4574528004184	0.1737772556586245	-0.007964500443492062	0.016817015702479492	-0.007964500443492062	0.02351009161056794	-0.0044319316910035505	0.016817015702479492	-0.0044319316910035505	0.02364071240329647
16570000	-150.4995927831167	0.4834174163477064	-150.98301019946442	0.9668220233963565	-0.00950714798038789	0.0908777613474866	-0.00950714798038789	0.021869169646223617	6.197015292493591E-4	0.0908777613474866	6.197015292493591E-4	0.028156491592178333
16580000	-163.60198408325502	3.3405971255982045	-166.94258120885323	0.5000780606864133	0.012036582718197918	0.09049571402102695	0.012036582718197918	0.0135900410306741	0.0017984265824235453	0.09049571402102695	0.0017984265824235453	0.031577889862317673
16590000	-174.34193985369973	3.7870182415706726	-178.1289580952704	0.33753030406694673	-0.027941370146339833	0.049206588647613965	-0.027941370146339833	0.01619912743508695	-0.0036475135170711006	0.049206588647613965	-0.0036475135170711006	0.025968093041900404
16600000	-173.10359842972562	4.1763072604619484	-177.27990569018758	0.36391985189712855	0.01716865396013187	0.07450062344382069	0.01716865396013187	0.019752275688881868	0.0027442056099627916	0.07450062344382069	0.0027442056099627916	0.03189479388512477
