state	type_with_type	type_with_size	type_with_density	size_with_type	size_with_size	size_with_density	density_with_type	density_with_size	density_with_density
0	20	0	0	0	20	0	0	0	20
10000	4.11822587231939	-1.84653339872879	-11.8464757993585	-1.84653339872879	68.182593857987	-10.0588336232115	-11.8464757993585	-10.0588336232115	85.8949926083645
20000	2.84768627238305	0.360652891675329	-6.30673240003889	0.360652891675328	50.0934434930538	10.699657906003	-6.30673240003889	10.699657906003	50.9890417517021
30000	4.92126968030666	1.29468404486847	-9.98636004096918	1.29468404486847	63.2314319245388	0.472782790970843	-9.98636004096918	0.472782790970844	53.0991854593815
40000	2.27312510903721	1.50433057117357	-0.790134288407343	1.50433057117357	60.846616946692	9.18716368349531	-0.790134288407343	9.18716368349531	57.9177850217516
50000	3.15558103852096	-6.37116498417498	-6.89263930870468	-6.37116498417498	54.3966412098457	-0.447508404574053	-6.89263930870468	-0.447508404574054	63.6030758563139
60000	9.71606085005635	-6.49457543184174	-11.8832553859844	-6.49457543184174	54.0458061756116	7.8837698425181	-11.8832553859844	7.8837698425181	68.6789524707544
70000	18.0156637463466	-3.09522823550162	-24.2977037542821	-3.09522823550162	52.7924701454314	7.37244956333188	-24.2977037542821	7.37244956333188	67.3577934823593
80000	32.095672853709	-12.2380465779551	-25.8612077790537	-12.2380465779551	51.1603817600336	0.201912215979845	-25.8612077790537	0.201912215979846	81.5192189790806
90000	22.3382739473838	-13.8292936585779	-27.6140766233531	-13.8292936585779	80.2135402276241	26.7769795042503	-27.6140766233531	26.7769795042503	71.0716417044834
1e+05	4.7418872450419	-5.3520604945893	-14.4475532466422	-5.3520604945893	54.4153601201535	-2.51794620092539	-14.4475532466422	-2.51794620092539	77.5684224511215
110000	2.60688167256407	-0.326646046089442	-7.95238275500551	-0.326646046089442	62.3480845653997	-0.317207489056142	-7.95238275500551	-0.317207489056142	65.295026485438
120000	2.12277699719487	0.389366066134826	-4.61207769889374	0.389366066134825	77.9888644128502	12.3825415349195	-4.61207769889374	12.3825415349195	42.8486464310039
130000	3.94109058584916	-0.273399217204319	-10.4688407362351	-0.273399217204319	49.9117804869293	11.1459514437383	-10.4688407362351	11.1459514437383	71.0626841416705
140000	3.69998199042641	-1.68620387065772	-10.9628306501459	-1.68620387065772	47.9401200559966	-1.64816308314125	-10.9628306501459	-1.64816308314125	74.4625272125165
150000	4.44616344192265	-3.13018419336581	-12.0846160248239	-3.13018419336581	67.3213755424597	9.13508940009449	-12.0846160248239	9.13508940009449	55.5625210570711
160000	2.37969834047987	-4.23637796662292	-7.25695833219519	-4.23637796662292	56.1286021942057	14.9120387425781	-7.25695833219519	14.9120387425781	62.118815098039
170000	3.04147435984512	-1.49200075732223	-7.35624578365028	-1.49200075732223	43.9510267881201	15.49946112108	-7.35624578365028	15.49946112108	69.3305842286472
180000	4.03795293071232	-3.91800491722037	-12.5630480407781	-3.91800491722037	73.127510301546	9.31281174385704	-12.5630480407781	9.31281174385704	78.8638389037879
190000	3.19107285185071	-3.18360992460526	-7.61305401214473	-3.18360992460526	49.4043878918732	6.95798235077227	-7.61305401214473	6.95798235077227	59.6435056127162
2e+05	3.23509861276276	-1.45528139784808	-6.18664454180321	-1.45528139784809	56.4514393629643	9.56044513908542	-6.18664454180321	9.56044513908542	40.7682080348506
210000	1.62092783007369	-3.11307722817778	-3.5953495726415	-3.11307722817778	75.9882686178993	2.25305607388979	-3.5953495726415	2.25305607388979	62.6616676481829
220000	2.6303088105751	-2.92350725311029	-5.75259944730296	-2.92350725311029	54.0753388025641	-0.967754551730096	-5.75259944730296	-0.967754551730096	58.0596074397933
230000	4.21542596306496	-2.96239359271773	-11.3094554345408	-2.96239359271773	72.0200158479606	15.3714666096986	-11.3094554345408	15.3714666096986	79.200283575722
240000	10.3195880357549	-1.71873459133131	-22.495242212642	-1.71873459133131	67.0529306301248	12.1780993956316	-22.495242212642	12.1780993956316	75.9923970119249
250000	3.76714730781895	2.3535429098544	-7.75451771661682	2.3535429098544	80.1269067253776	28.0207140200399	-7.75451771661682	28.0207140200399	75.6384140448561
260000	2.67342615569037	-3.07272928089261	-6.72600308569624	-3.07272928089261	67.5154575606487	17.2484115958918	-6.72600308569624	17.2484115958918	53.6498099361882
270000	3.85170355134615	-2.35695759711607	-10.9663350273064	-2.35695759711607	60.6964950691288	-0.680210555398241	-10.9663350273064	-0.68021055539824	62.5758135306125
280000	4.60833209862033	3.13984363466586	-10.5129611848018	3.13984363466586	47.6574342774559	-1.50892102047625	-10.5129611848018	-1.50892102047625	54.779809427262
290000	22.5483848811232	-1.47552429480608	-28.0246769125618	-1.47552429480608	42.3532976011994	10.9764031077349	-28.0246769125618	10.9764031077349	71.3017286400129
3e+05	4.25566996266681	0.559298423784201	-9.75829985980929	0.559298423784201	62.3455731418651	16.2357061686856	-9.75829985980929	16.2357061686856	65.9347098925308
310000	4.51790486852984	-0.3890937722921	-13.9242871330146	-0.389093772292099	55.5473919913189	-7.97906558813994	-13.9242871330146	-7.97906558813994	71.6204757607967
320000	15.3703328011199	-11.8599751444588	-26.5929041885733	-11.8599751444588	72.7432305189285	18.3471417397861	-26.5929041885733	18.3471417397861	99.1775423652423
330000	26.3250994018977	-4.45350623477147	-30.0412735334299	-4.45350623477147	65.4675620067406	4.37395891780588	-30.0412735334299	4.37395891780588	62.7136533093588
340000	3.38023842699642	-6.54435922342706	-10.8927584493884	-6.54435922342706	76.7971432416572	17.0974317059847	-10.8927584493884	17.0974317059847	67.0244155634498
350000	1.17309480532793	-0.809925599726233	-3.32136907711184	-0.809925599726233	71.9316616700417	15.0920602216185	-3.32136907711184	15.0920602216185	58.3183500485714
360000	2.31146457193498	-0.652854124992123	-6.79946551085474	-0.652854124992124	43.4575273493791	10.0024685876911	-6.79946551085474	10.0024685876911	52.5345939447804
370000	2.93086443708792	-4.13733324815092	-4.09539153533609	-4.13733324815092	69.5527406215544	3.82592686957693	-4.09539153533609	3.82592686957693	39.6880648493437
380000	3.79917687163273	-5.85796812723327	-7.24170076836184	-5.85796812723327	63.5659363877988	8.4675749062756	-7.24170076836184	8.4675749062756	65.8808052360683
390000	2.97527846100474	-3.31127912965489	-9.62729369696037	-3.31127912965489	67.5019092138688	-9.69894515249451	-9.62729369696037	-9.6989451524945	81.660849794023
4e+05	1.5237416159762	-1.75387826114778	-5.34193493250927	-1.75387826114778	56.8193292320702	2.57802804317465	-5.34193493250927	2.57802804317465	71.660754677246
410000	1.56408625381418	-2.84772167714601	-3.56564956688799	-2.84772167714601	59.8507010855442	11.3159493215434	-3.56564956688799	11.3159493215434	47.0281116091193
420000	3.23656801497746	1.24092739950425	-10.984129331123	1.24092739950425	58.725218238382	-6.44672634306984	-10.984129331123	-6.44672634306984	62.6925564652402
430000	3.26824331749778	-1.13552672066077	-11.726622170033	-1.13552672066077	70.3675103981319	3.5527372112186	-11.726622170033	3.5527372112186	72.2400272596616
440000	3.52536713831012	0.732345525978034	-6.26509530659565	0.732345525978034	64.4848640669422	10.377410400842	-6.26509530659566	10.377410400842	58.4194740066732
450000	4.86344817593198	-4.44557325295489	-13.512527603574	-4.44557325295489	55.1981300430801	1.81528077164868	-13.512527603574	1.81528077164868	64.2303691167931
460000	2.36221471359282	-4.20549640579636	-4.48125137020149	-4.20549640579636	44.5403569040177	8.78957850726445	-4.48125137020149	8.78957850726445	62.3140235078852
470000	1.96873134993815	-0.516802327714084	-4.40563110712146	-0.516802327714084	56.0943973175309	12.7332224495345	-4.40563110712146	12.7332224495345	53.75677076025
480000	3.27042277758415	-7.03904992274942	-6.87054212939312	-7.03904992274942	59.8069820549574	10.8337340129613	-6.87054212939312	10.8337340129613	62.5975596015315
490000	3.76091484913166	-1.01686812343403	-10.7086425956917	-1.01686812343403	54.9359743181383	-5.33776731025502	-10.7086425956917	-5.33776731025502	60.1421916025034
5e+05	1.97376910527485	-4.30729907624447	-7.55105351238442	-4.30729907624447	79.3224786651176	19.2825867497612	-7.55105351238442	19.2825867497612	56.9533145951961
510000	2.82823320137354	-1.02438742059894	-11.0164770780735	-1.02438742059894	58.9798858419891	3.05452565519926	-11.0164770780735	3.05452565519926	106.290716282622
520000	6.94854240966173	-3.75650456492626	-15.6801134751483	-3.75650456492626	47.3858424024653	-1.83617271049169	-15.6801134751483	-1.83617271049169	75.3875763372477
530000	6.25571675670071	6.46226522839196	-16.5065200629952	6.46226522839196	62.0751741667227	-6.049793331874	-16.5065200629952	-6.049793331874	80.4847447923463
540000	11.7554544537094	-2.42040438663916	-17.7498516470832	-2.42040438663916	64.1959263276504	13.3197308883932	-17.7498516470832	13.3197308883932	74.1398168921956
550000	3.12110357679297	-2.45738173637653	-11.0905414598445	-2.45738173637653	51.6565987387696	12.6048768248749	-11.0905414598445	12.6048768248749	92.1833872873253
560000	16.8964658968777	-5.61766011111937	-12.5324184784746	-5.61766011111936	51.3827095817861	-0.106101862156007	-12.5324184784746	-0.106101862156006	43.0200109283772
570000	1.83450406923946	-4.38130985529715	-4.78228567272807	-4.38130985529715	79.6587289006079	13.3076602967606	-4.78228567272807	13.3076602967606	61.1231469353382
580000	1.19124874355795	-1.37700354455551	-3.59858316785799	-1.37700354455551	61.797097425064	17.1015086482384	-3.59858316785799	17.1015086482384	66.2090089210063
590000	1.73115344453415	-1.50046362050478	-5.82998474151723	-1.50046362050478	50.857342639868	6.42234454377969	-5.82998474151723	6.42234454377969	62.8579131460745
6e+05	4.61432627458296	-1.70849819754619	-11.1345477651935	-1.70849819754619	52.9432443971216	-2.70051452292157	-11.1345477651935	-2.70051452292157	92.0621374058858
610000	5.55638596802789	-5.92642417572515	-14.655369651065	-5.92642417572515	67.6498278642758	31.4788277625721	-14.655369651065	31.4788277625721	72.0562630013358
620000	1.04434595523889	0.769531612309076	-3.62911288267132	0.769531612309076	51.1900398722373	-0.0971067301235089	-3.62911288267132	-0.0971067301235087	51.6833931076925
630000	8.16968348767807	-2.02276288805045	-10.8023046370065	-2.02276288805045	39.1246936577829	3.39809815544348	-10.8023046370065	3.39809815544348	51.3345093336062
640000	6.96839962335284	-10.0324887899633	-16.0752912034683	-10.0324887899633	78.5467016233985	24.576888859194	-16.0752912034683	24.576888859194	79.6222733452544
650000	8.76957566255041	-12.597792706016	-19.7415542994035	-12.597792706016	60.0057010138735	30.6014788582296	-19.7415542994035	30.6014788582296	72.735007367959
660000	7.32143936749633	-6.10183939033041	-11.9808286691045	-6.10183939033041	59.4278425741266	12.8317270866429	-11.9808286691045	12.8317270866429	60.2384816338242
670000	5.05445084687208	-1.3890453679723	-6.49611591732114	-1.3890453679723	51.0224088120758	4.20467292258312	-6.49611591732113	4.20467292258312	45.9582713914087
680000	7.12437608810331	-1.01477648625994	-9.03432362892775	-1.01477648625994	67.8351043841081	-6.04486961133379	-9.03432362892775	-6.04486961133379	53.5483929315257
690000	3.19184105781784	2.06237658385348	-7.16979174486958	2.06237658385348	60.3055819792705	1.3625836642484	-7.16979174486958	1.3625836642484	49.3065872910325
7e+05	1.92011827874411	-2.25488768524481	-4.72024580153845	-2.25488768524481	40.1408231702059	-0.971003444003383	-4.72024580153845	-0.971003444003382	48.2753077429948
710000	2.13460842684619	-3.88845317293447	-5.83571091638641	-3.88845317293447	72.9950559962963	11.4178663007235	-5.8357109163864	11.4178663007235	41.4200201366473
720000	2.41583812892753	-2.1888673910445	-6.69001070592837	-2.1888673910445	57.6563863999241	16.5163395347997	-6.69001070592837	16.5163395347997	44.3821939877641
730000	3.15111981720701	-4.78185692367885	-7.31147523886056	-4.78185692367885	67.549813974839	7.87727853511244	-7.31147523886056	7.87727853511243	48.1860404264554
740000	7.30318091844532	-1.67633496713669	-16.4032803683181	-1.67633496713669	53.0885053845235	6.12841912986351	-16.4032803683181	6.12841912986352	63.0271872886011
750000	3.16204656374911	-4.35541159168739	-4.2610775240653	-4.35541159168739	42.291661696988	8.62007879052588	-4.2610775240653	8.62007879052588	40.3360745356991
760000	25.9782191139569	1.41570451971129	-25.8849339822277	1.41570451971129	47.0362018787528	8.19916211446473	-25.8849339822277	8.19916211446473	59.2346539448546
770000	3.14811021962239	-0.568940040958099	-5.19946728257086	-0.568940040958099	43.9877494439387	-1.39803262120741	-5.19946728257086	-1.39803262120741	46.903412044574
780000	4.08585067123359	0.667367903909595	-10.9680353973152	0.667367903909595	49.9413242612401	4.6386801062863	-10.9680353973152	4.6386801062863	69.156111566718
790000	10.3648559590886	-0.169403948181646	-17.713290776282	-0.169403948181646	59.717620884573	0.379970004996932	-17.713290776282	0.379970004996932	61.261533869564
8e+05	12.049953227335	4.13982349933331	-19.2384752001491	4.13982349933331	54.1875261298592	6.27811354140386	-19.2384752001491	6.27811354140386	76.1100500338312
810000	2.01695650871555	-2.92222878709099	-6.96169837709658	-2.92222878709099	56.100641770898	16.974882585845	-6.96169837709658	16.974882585845	56.8889115142773
820000	1.66689104408577	0.563472480692315	-5.52427639273405	0.563472480692315	73.4324346015752	9.12115971142008	-5.52427639273405	9.12115971142008	52.5459752442747
830000	3.39407114818658	1.81996859898558	-11.9485064174861	1.81996859898558	53.7233070503768	-1.56769432690062	-11.9485064174861	-1.56769432690062	79.0201569164429
840000	5.94231516683152	-5.7544408515729	-10.2123850425677	-5.7544408515729	55.9000302875223	16.816264704954	-10.2123850425677	16.816264704954	52.5101893772981
850000	9.51188957734136	-12.235759076164	-17.9370739340295	-12.235759076164	60.215575709949	12.6490028082324	-17.9370739340295	12.6490028082324	65.3779225468681
860000	3.98346045358308	-5.27298283093988	-9.84007872399874	-5.27298283093988	72.2409625297927	21.6907408532825	-9.84007872399874	21.6907408532825	52.4658749422506
870000	9.99724552097307	-4.65750130825229	-13.4538427946791	-4.65750130825229	52.3481554134653	3.25959281478761	-13.4538427946791	3.25959281478761	42.0691595003791
880000	5.90458041910373	2.30113301472739	-8.51509496700008	2.30113301472739	67.3405363241685	-0.783455892080487	-8.51509496700008	-0.783455892080487	54.0461191934674
890000	2.32193150514045	-2.605106576902	-3.23131781507548	-2.605106576902	42.1659418779273	2.6084215098425	-3.23131781507548	2.6084215098425	46.3109301993666
9e+05	1.82241984320149	-3.27964356482096	-7.64549433804668	-3.27964356482096	47.0081395574997	14.0092210735606	-7.64549433804668	14.0092210735606	62.2704315829335
910000	3.61903981008572	-4.39314476303907	-10.5998683048005	-4.39314476303907	53.0052737236187	9.55530573606638	-10.5998683048005	9.55530573606638	62.5283825753387
920000	6.67432756317783	-2.45351660148948	-12.1373981679168	-2.45351660148948	62.1227403470412	11.6812684362409	-12.1373981679168	11.6812684362409	63.4726937869837
930000	4.14630043698315	-4.09330552383969	-11.4564242928891	-4.0933055238397	54.5202855164223	7.79189698385064	-11.4564242928891	7.79189698385064	75.5931665144222
940000	11.1208202231615	-6.82305816481141	-10.2649589734428	-6.82305816481141	68.283593458884	1.68649498205163	-10.2649589734428	1.68649498205163	52.3840312988519
950000	4.75838253916985	-1.61166320942153	-9.50103634119218	-1.61166320942153	54.5334472728438	4.66334940311322	-9.50103634119218	4.66334940311322	50.9755272357094
960000	5.32740550252725	-1.42226388094155	-10.8130866293226	-1.42226388094155	57.805811442401	5.84445525301821	-10.8130866293226	5.84445525301821	49.536348524364
970000	5.69083908704532	-6.96472443138181	-11.1140559117393	-6.96472443138181	59.1224160129794	7.32068219017073	-11.1140559117393	7.32068219017072	58.0286758571375
980000	3.44654365800116	-1.12317362511005	-9.31491346889507	-1.12317362511005	41.7393726586046	4.37563880005516	-9.31491346889507	4.37563880005516	50.3522711404418
990000	5.21554585264101	-0.508007495329013	-11.1918593075209	-0.508007495329013	74.6154360983455	6.84981539228141	-11.1918593075209	6.84981539228141	71.6992656722447
1e+06	3.0740003093818	-2.24267810702783	-9.54027620496932	-2.24267810702783	61.653017961452	14.6409562594649	-9.54027620496932	14.6409562594649	62.1665679807533
1010000	2.20476060707983	-6.71717181900587	-6.31165454547976	-6.71717181900587	61.4807418968748	22.6805210743114	-6.31165454547976	22.6805210743114	55.3775212630504
1020000	2.32655665056163	0.816921867407137	-7.8978360252107	0.816921867407137	52.4650463023009	0.270812195413841	-7.8978360252107	0.270812195413842	55.2053290356118
1030000	8.95120651002392	-7.09060559780045	-19.5283703079634	-7.09060559780045	66.0721788676681	14.2771399346421	-19.5283703079634	14.2771399346421	70.6984643771258
1040000	3.92526499787425	-4.80869582768292	-9.70909720451311	-4.80869582768292	54.9368026122663	11.4236255606316	-9.70909720451311	11.4236255606316	61.7299448803997
1050000	2.00072723190135	0.661218979207467	-7.0123062316352	0.661218979207468	45.6707273748866	16.900103608316	-7.0123062316352	16.900103608316	77.9448625164301
1060000	3.75514550627633	-1.30540911253793	-7.92645292746426	-1.30540911253793	65.8489537854141	15.6556480921355	-7.92645292746426	15.6556480921355	57.4538146911763
1070000	2.76352557189845	-3.36664812859662	-7.77406475300875	-3.36664812859662	67.9753349174159	4.6834863111311	-7.77406475300875	4.6834863111311	60.2739582622974
1080000	4.16743593588433	-2.25319520461303	-8.09021521900667	-2.25319520461303	61.2155026638862	-1.0069013427994	-8.09021521900667	-1.0069013427994	46.2694301205801
1090000	5.44444441473192	-0.308519618143115	-8.3382691177363	-0.308519618143115	47.6591430088415	4.89877231409773	-8.3382691177363	4.89877231409773	61.3785059853402
1100000	5.62486847402128	-5.14536839212574	-8.16205647981242	-5.14536839212574	59.5103700995391	8.96377487875214	-8.16205647981242	8.96377487875214	54.760068037208
1110000	6.87547474919815	-3.51362086183148	-12.6537074680087	-3.51362086183148	56.4498444189438	8.9594105607662	-12.6537074680087	8.9594105607662	52.5029441475582
1120000	3.35284821512019	-3.82708041927384	-10.0330850743708	-3.82708041927384	60.0565742198696	7.46419927287217	-10.0330850743708	7.46419927287216	54.8635159592245
1130000	3.47461860848663	-3.20335706612288	-8.12504657986947	-3.20335706612288	46.7972016743303	8.67664070026881	-8.12504657986948	8.67664070026881	49.5776989301864
1140000	3.19333397236891	-0.590797005804269	-5.46283171492908	-0.590797005804269	73.8191472863524	17.1372970973659	-5.46283171492908	17.1372970973659	56.2812836596943
1150000	1.57470063784006	0.236043920171834	-5.88036872649026	0.236043920171834	48.7046121728319	7.53822198390583	-5.88036872649026	7.53822198390583	59.014991941275
1160000	2.00336183722014	-0.30932970763805	-7.92223099524369	-0.30932970763805	50.0773949589832	-1.33483836759721	-7.92223099524369	-1.33483836759721	83.3503022250888
1170000	2.2868611800532	-5.60907377496662	-3.22597057860026	-5.60907377496661	71.0369478774527	9.48665132777407	-3.22597057860026	9.48665132777407	42.5743724900004
1180000	3.18466767271612	-5.02900991554544	-7.69794331729092	-5.02900991554544	66.3596692886709	11.4374742283478	-7.69794331729092	11.4374742283478	64.5542663429858
1190000	4.58754366698615	-3.91235270871238	-12.0473433317699	-3.91235270871238	40.7747419441643	8.35551095213912	-12.0473433317699	8.35551095213911	63.0856364562269
1200000	3.12731761569969	-2.21145157567091	-6.10310261053287	-2.21145157567091	61.2718234728111	-8.00548347752532	-6.10310261053286	-8.00548347752532	61.7662621942934
1210000	3.903836423083	-3.91236406630007	-9.43143764267219	-3.91236406630007	48.5631520704175	6.49345156689245	-9.43143764267219	6.49345156689244	50.9163486749347
1220000	2.98268703763699	-0.908372597631573	-8.8340831804195	-0.908372597631573	73.2412850530845	13.7346331907069	-8.8340831804195	13.7346331907069	59.6452624939801
1230000	2.4906901661929	-1.51159235623208	-5.70521769907263	-1.51159235623208	63.0941365273151	2.04983466015291	-5.70521769907263	2.04983466015291	65.3384120628509
1240000	2.35955707486362	-0.486034448721464	-6.36076211900047	-0.486034448721464	45.5281914394528	11.8682691569888	-6.36076211900047	11.8682691569888	45.7395771161228
1250000	1.79051962829652	-1.82244965728845	-7.70572546816012	-1.82244965728845	78.4493735787334	12.6555359820183	-7.70572546816012	12.6555359820183	73.6965819332221
1260000	2.37992900015519	0.445785229817966	-5.95050169948685	0.445785229817967	51.3150914280066	8.28570367146438	-5.95050169948685	8.28570367146439	54.1789018353808
1270000	1.4745447296238	-2.63914331864679	-3.21026620513685	-2.63914331864679	57.7576406308444	2.68848602537987	-3.21026620513685	2.68848602537987	47.3674676363028
1280000	3.30645918053779	2.52587918484116	-7.65661595138727	2.52587918484116	46.6639644784238	3.33477853534444	-7.65661595138727	3.33477853534444	54.3503388367317
1290000	2.7613600822202	-2.96210075852714	-6.51841744294145	-2.96210075852714	63.3094762859746	14.7315551777414	-6.51841744294145	14.7315551777414	62.2422738007587
1300000	5.08541662179173	-3.59723178155533	-9.75640577134582	-3.59723178155533	55.3954263145398	4.16581677333145	-9.75640577134583	4.16581677333145	50.0192256984628
1310000	6.96275485010943	-1.05617965670812	-17.5382068135048	-1.05617965670812	56.0451067294309	7.2521236862742	-17.5382068135048	7.2521236862742	72.9785908643039
1320000	3.70256276100834	-3.3316136621891	-7.11735785351892	-3.3316136621891	49.3860439330256	4.88083923973991	-7.11735785351892	4.88083923973991	46.0772775828258
1330000	2.31809537564767	-2.18088368528852	-7.28887579394886	-2.18088368528852	44.4819940748061	4.59387907023445	-7.28887579394886	4.59387907023445	51.8826637474282
1340000	7.05702040843642	-3.84538062744362	-15.9058845179951	-3.84538062744362	49.3590766101253	18.3631753863596	-15.9058845179951	18.3631753863596	73.5527229894821
1350000	7.46590536622189	0.568366089840982	-6.81894726055862	0.568366089840982	68.9883858458001	-4.15707408336714	-6.81894726055862	-4.15707408336714	60.3599654574837
1360000	3.65525934605157	0.656065558443588	-5.66635389405248	0.656065558443588	45.7514847690068	1.93053565920947	-5.66635389405248	1.93053565920947	50.2805905247292
1370000	5.85729883412524	3.60400872102088	-9.66830153791643	3.60400872102088	49.3004554148639	3.1361389571358	-9.66830153791643	3.1361389571358	63.5276319278605
1380000	28.5478457009902	-4.80815804778062	-29.5359929189635	-4.80815804778063	58.3732165284202	13.8469269715741	-29.5359929189635	13.8469269715741	72.2673646780798
1390000	16.9818029042461	-2.05939743113584	-16.9947574872327	-2.05939743113584	60.5393412568975	3.86653163987097	-16.9947574872327	3.86653163987097	57.1495398810396
1400000	4.24898801897842	-3.29335691258257	-5.35174921836204	-3.29335691258257	51.6373712602692	1.76471400039322	-5.35174921836204	1.76471400039322	37.8188581794128
1410000	4.8811590758056	-3.54354698372421	-9.39792912847502	-3.54354698372421	41.7873458074045	6.15381589703292	-9.39792912847502	6.15381589703292	65.3465861099952
1420000	3.26698588244203	-3.28257789588986	-9.66904103524355	-3.28257789588986	67.4892264614031	14.8873711343483	-9.66904103524355	14.8873711343483	50.5048241014712
1430000	3.9525018859063	-1.53330301530832	-10.115861452531	-1.53330301530832	65.5154110707829	-1.75748113174753	-10.115861452531	-1.75748113174753	63.3287717653838
1440000	6.3244855653841	-4.77446820021777	-9.32206865265744	-4.77446820021777	54.0639292776673	8.42223256169567	-9.32206865265744	8.42223256169567	38.6522493098416
1450000	1.82442130159764	0.538964776349981	-6.89113617607826	0.538964776349981	63.6793921508593	12.9858012389726	-6.89113617607826	12.9858012389726	71.3436829380433
1460000	3.22114385502853	-2.59479828845849	-11.4900963476115	-2.59479828845849	60.2255335089504	2.17676609106927	-11.4900963476115	2.17676609106927	80.6200285984614
1470000	2.37345395934613	-0.965829388313097	-5.57429054846847	-0.965829388313097	63.5598482137416	7.91234501221855	-5.57429054846847	7.91234501221855	45.4806124366205
1480000	4.39431559393255	0.636185569746087	-7.6263258258615	0.636185569746087	69.1545210332616	1.93996557753585	-7.6263258258615	1.93996557753585	56.8571137309318
1490000	3.32414979288348	-2.98204402017494	-8.70093843176715	-2.98204402017494	50.0826470362268	8.1314744446314	-8.70093843176715	8.1314744446314	54.4679144868806
1500000	1.02025159932702	-1.1006181146078	-4.23840467720092	-1.1006181146078	54.9023755308034	12.0160661051258	-4.23840467720092	12.0160661051258	49.8624693762427
1510000	2.43478525965248	-4.17253253602467	-7.62919902499017	-4.17253253602467	76.1918468977768	11.1945501441008	-7.62919902499017	11.1945501441008	56.1286349914096
1520000	30.9429129613382	-15.0697339198465	-25.6362955775644	-15.0697339198465	58.272916271199	12.2510967005891	-25.6362955775644	12.2510967005891	51.8947583730635
1530000	34.5137648828484	-8.63140839937198	-30.603633142526	-8.63140839937198	57.94306650418	-0.86931454393042	-30.603633142526	-0.869314543930419	49.7904841304248
1540000	46.665733473995	-5.8784242261162	-21.3427772268237	-5.8784242261162	82.3729701222946	-2.50264276517525	-21.3427772268237	-2.50264276517525	58.6130944840579
1550000	47.1640517053064	-13.6081625353029	-34.0587243499817	-13.6081625353029	72.5947306141936	-1.12068644691239	-34.0587243499817	-1.12068644691239	53.6462882992211
1560000	9.43586041145684	2.51329020301038	-11.4487915853838	2.51329020301038	74.1844701911985	17.3780834800247	-11.4487915853838	17.3780834800247	45.1833791969074
1570000	16.666195177001	-4.93976655148083	-15.4890945175227	-4.93976655148082	60.8164574710594	-6.22867524480306	-15.4890945175227	-6.22867524480306	58.1092730796224
1580000	7.34902209124965	-7.12953456019922	-6.61165988895826	-7.12953456019922	74.8743261798057	8.83758548692552	-6.61165988895825	8.83758548692552	37.4626009409435
1590000	19.5711542623385	2.3171105235023	-14.0583053243013	2.3171105235023	74.8625367873424	-1.65914069395213	-14.0583053243013	-1.65914069395213	45.4592931647671
1600000	11.0920730536581	-2.8274930715804	-17.4697049465216	-2.8274930715804	66.6326148160244	1.30593969246816	-17.4697049465216	1.30593969246816	73.9874241797895
1610000	8.55819602604882	1.12724952136911	-12.2569029793781	1.12724952136911	58.4123073923416	12.0228125882943	-12.2569029793781	12.0228125882943	48.2957974993431
1620000	2.61075299497971	-3.89932006491312	-6.66716862931455	-3.89932006491312	56.4073278475879	21.7720800245489	-6.66716862931455	21.7720800245489	64.0392024511629
1630000	15.6009563513683	9.60676110329724	-14.2588391704875	9.60676110329724	65.1527351897328	14.4214881163781	-14.2588391704875	14.4214881163781	61.8925943988614
1640000	17.1887370285301	-6.38316156305735	-21.8252951419328	-6.38316156305735	76.383155036668	10.3649068429815	-21.8252951419328	10.3649068429815	79.5831113309218
1650000	37.5924461272908	-19.8900185356277	-34.776677206496	-19.8900185356277	83.9442710529582	18.9321619431148	-34.776677206496	18.9321619431148	55.0949224587575
1660000	6.67650771178833	-4.15810284312749	-12.9918761976509	-4.15810284312749	77.2163957999317	21.5420581546	-12.9918761976509	21.5420581546	71.6254187243469
1670000	5.73019202909268	-1.47185787191774	-10.3218770104111	-1.47185787191774	49.3413519980424	9.47798243821802	-10.3218770104111	9.47798243821802	43.64541048157
1680000	5.52111290605259	-7.20788986874699	-15.4098292116572	-7.20788986874699	73.8674632614305	32.6415849097707	-15.4098292116572	32.6415849097707	75.7469944501504
1690000	2.19149390001193	-1.54154212381759	-6.31848734668127	-1.54154212381759	63.6683174132272	-0.84339635713777	-6.31848734668127	-0.84339635713777	63.1670864920233
1700000	7.02168816947576	-3.86791737674935	-14.3090788225863	-3.86791737674934	49.9773854717344	11.2989115828878	-14.3090788225863	11.2989115828878	79.7234756134569
1710000	11.929743982517	-6.10621296573287	-9.54758892810963	-6.10621296573287	53.9233540725153	2.17150135480145	-9.54758892810963	2.17150135480145	39.7192670190878
1720000	6.18130403662758	-3.00050220555018	-14.3153736904748	-3.00050220555018	57.1411724012718	4.78437567629571	-14.3153736904748	4.78437567629571	56.5746425558819
1730000	2.9959431298271	1.33456475093844	-7.39533423799568	1.33456475093844	51.361704084847	3.86376909069844	-7.39533423799568	3.86376909069844	59.249226115169
1740000	2.1821569585864	-0.861481447403109	-7.64424480365588	-0.861481447403109	64.8197751279003	4.55830338807041	-7.64424480365588	4.55830338807041	59.4898519753894
1750000	2.55642848966579	3.77855757317825	-6.19296491319814	3.77855757317825	70.5239229337852	7.95991328231781	-6.19296491319814	7.95991328231781	57.9737534629824
1760000	2.9138091711887	-4.04694144485237	-8.11651467606576	-4.04694144485237	60.5311502201921	11.2929841213666	-8.11651467606576	11.2929841213666	53.4356344197831
1770000	4.21856545176462	-3.3446470672374	-4.61562822617608	-3.3446470672374	53.7142914785926	8.92619916047306	-4.61562822617608	8.92619916047306	40.6629436743434
1780000	21.0241139795476	-25.0447238473553	-29.4683893177515	-25.0447238473553	93.0454319805916	33.1980604638257	-29.4683893177515	33.1980604638257	66.416411252976
1790000	5.77378364467498	4.73263068953862	-9.36479056366632	4.73263068953862	51.5228840585492	-1.72376996078775	-9.36479056366632	-1.72376996078775	39.4901048217958
1800000	8.92341412978506	-6.16516613977517	-15.6068998874552	-6.16516613977517	74.8522453394702	17.1010792013802	-15.6068998874552	17.1010792013802	63.877886078713
1810000	3.47708148557034	-1.49811578475584	-8.67771757850995	-1.49811578475584	49.7789741018763	4.69326330682098	-8.67771757850995	4.69326330682098	69.5123967238302
1820000	15.6186843021458	-2.45977679295466	-27.210813521281	-2.45977679295466	55.8417577652255	4.29668272634379	-27.210813521281	4.29668272634379	82.7010065584187
1830000	10.5093328132793	-0.663335510075414	-14.8471554119353	-0.663335510075414	58.1020476169717	0.886018266422076	-14.8471554119353	0.886018266422076	47.3581874625497
1840000	11.250916997018	13.2666151994354	-11.5813699399648	13.2666151994354	72.9374991783696	-1.20223440458409	-11.5813699399648	-1.20223440458408	46.8515291042308
1850000	6.68187022695414	-2.33664771312904	-7.21880372558222	-2.33664771312904	66.8397419126087	2.49667556760502	-7.21880372558222	2.49667556760502	54.5834556303039
1860000	7.6828249384099	-1.9191366206108	-13.8881375809175	-1.9191366206108	72.0912361323139	8.70893965639533	-13.8881375809175	8.70893965639533	67.511673460417
1870000	1.65612065607592	2.14867646962068	-6.82910008628066	2.14867646962068	59.4093618556976	-11.5125427257071	-6.82910008628066	-11.5125427257071	74.6812762639289
1880000	3.98354481406348	-3.77846182131129	-8.69764624798251	-3.77846182131129	58.4116838298351	2.04039309052447	-8.69764624798251	2.04039309052447	54.9415294824437
1890000	0.940557976191327	-0.393859825329908	-2.34805189254359	-0.393859825329908	66.6119525242121	4.00387731130534	-2.34805189254359	4.00387731130534	49.1366247107417
1900000	3.82337449497806	-6.95112989692742	-8.22873492923804	-6.95112989692742	58.019883195124	16.8826125557398	-8.22873492923804	16.8826125557398	51.5474782734595
1910000	1.9000702679575	-2.33444598912868	-5.52205135043896	-2.33444598912868	63.7885831338876	7.97206283623174	-5.52205135043896	7.97206283623174	54.2606898240551
1920000	2.54405304767403	-0.379202158697883	-6.9772337588169	-0.379202158697883	56.3842536388255	-1.8057185310772	-6.9772337588169	-1.8057185310772	53.0437413327251
1930000	14.6179666998898	-2.66911675286581	-17.3361144108774	-2.66911675286581	61.5644708339474	2.6557822691926	-17.3361144108774	2.6557822691926	68.5825884270989
1940000	7.89938696331384	-7.17224143296906	-16.5587481249168	-7.17224143296906	48.713775029063	11.0995341932244	-16.5587481249168	11.0995341932244	72.372807295561
1950000	3.90153398593368	3.28644621115874	-6.56187240678592	3.28644621115874	62.3057309370349	10.4809714042569	-6.56187240678592	10.4809714042569	55.8182453957171
1960000	2.49758669987401	-2.87323357020269	-6.29837561595489	-2.87323357020269	70.7120149898513	-0.2607325064742	-6.29837561595489	-0.2607325064742	48.7272461062026
1970000	4.7029147857472	-3.46976001949079	-9.51192913285674	-3.46976001949079	68.9753814512946	3.95232532130761	-9.51192913285674	3.95232532130761	56.6630359372299
1980000	4.70586701389381	-4.94359732494451	-10.724709545644	-4.9435973249445	67.76417134019	12.8136981407318	-10.724709545644	12.8136981407318	54.0729643272545
1990000	2.28228631169935	0.202287581347805	-6.73657783588739	0.202287581347805	55.7998379294645	2.69076095199026	-6.73657783588739	2.69076095199025	57.2751752112345
2e+06	2.71168982717147	-4.05217852725586	-7.1476270809878	-4.05217852725586	54.4842847808832	12.8525286376889	-7.1476270809878	12.8525286376889	59.8849733623322
2010000	6.08134608657036	-3.30572529449051	-9.62511548852419	-3.30572529449051	53.4855488767877	17.3083145543013	-9.62511548852419	17.3083145543013	55.2658591211323
2020000	9.32915077966834	-1.17627426728018	-9.09391337295991	-1.17627426728018	58.5989029623626	15.8068635488558	-9.09391337295991	15.8068635488558	42.9240464084624
2030000	3.93138015239394	-2.82221243867747	-7.69530965723722	-2.82221243867747	52.1203901867747	4.48774991856664	-7.69530965723721	4.48774991856664	54.4718375088506
2040000	4.29790560936499	1.66512869907144	-11.7907292686146	1.66512869907144	73.9875471843679	-5.3518805888313	-11.7907292686146	-5.3518805888313	68.7044864970207
2050000	8.80925483962298	-8.24158526199956	-12.8372944165283	-8.24158526199956	58.9078920197261	7.71433882799239	-12.8372944165283	7.71433882799239	51.5977540308226
2060000	2.21800857537912	0.316687084686364	-6.67656187118225	0.316687084686364	61.0883098090272	-10.466909485731	-6.67656187118225	-10.466909485731	56.9356890736141
2070000	4.85180594880734	-5.75218709589329	-6.95084994129144	-5.75218709589329	85.1552428885345	11.618973719571	-6.95084994129144	11.618973719571	47.8283695933377
2080000	4.58507673417615	-3.45414519343218	-9.4082388006844	-3.45414519343218	54.3109393825865	6.30558742116209	-9.4082388006844	6.30558742116209	49.6929266613546
2090000	4.14476518873858	-3.76106088683922	-10.3482682321572	-3.76106088683922	79.8940660602042	21.7167709438404	-10.3482682321572	21.7167709438404	62.6421025385656
2100000	9.93006114691597	-4.10824694970342	-18.4951144701411	-4.10824694970342	69.8751591773131	23.7705439802451	-18.4951144701411	23.7705439802451	69.2183458061765
2110000	9.50649408688194	-2.05580568910491	-12.9879988679014	-2.05580568910491	61.290371337519	-8.38476848270482	-12.9879988679014	-8.38476848270482	56.9136333207179
2120000	6.00567984649908	-5.42349170605521	-14.441493870679	-5.42349170605521	54.6833565539954	15.7116784488033	-14.441493870679	15.7116784488033	65.8270012306715
2130000	2.21528336016181	-2.04213755839341	-5.03655814810405	-2.04213755839341	54.4955314102495	3.82132783630359	-5.03655814810405	3.82132783630359	44.9787170516204
2140000	1.39689458026026	1.33700608315668	-3.27192905970901	1.33700608315668	65.6472616432514	6.09930557211511	-3.27192905970901	6.09930557211511	46.5994511465548
2150000	1.96344582523224	-1.58376172824853	-6.59060875283902	-1.58376172824853	64.8402299139257	-1.74068836312188	-6.59060875283901	-1.74068836312188	55.6098644426146
2160000	20.7601757809639	7.82740509704915	-23.7110797040479	7.82740509704915	58.7346528836683	13.9489045602362	-23.7110797040479	13.9489045602362	71.5955405619818
2170000	3.79565492852597	0.798942410146544	-9.67996442485469	0.798942410146544	62.4228811512294	10.6667976668111	-9.67996442485469	10.6667976668111	78.7054998752211
2180000	10.5546251025495	-0.76062288774741	-17.2900231151441	-0.76062288774741	50.5791352367608	-6.49436121674409	-17.2900231151441	-6.49436121674409	61.6756409042363
2190000	5.10675845489276	-4.97424594571076	-11.640252445406	-4.97424594571076	64.1586325360165	8.605833654932	-11.640252445406	8.605833654932	59.6245773657263
2200000	1.41249941255536	-2.09467658301458	-5.48674218826356	-2.09467658301458	68.9300673328418	1.39692220211758	-5.48674218826356	1.39692220211758	77.9473074084973
2210000	4.21093769385966	-3.93991220959066	-8.8162069325073	-3.93991220959066	60.6375046389835	13.9087813025266	-8.8162069325073	13.9087813025266	52.4939501507419
2220000	18.0322604274798	-10.7670886187054	-10.7070512477053	-10.7670886187054	62.226125141066	6.84744693435815	-10.7070512477053	6.84744693435815	41.7252119975927
2230000	7.59838174591987	0.803083070878891	-14.4458360460205	0.803083070878891	56.8507672694572	12.1800657917763	-14.4458360460205	12.1800657917763	80.6639108882915
2240000	25.0412755742266	-11.2665258396322	-27.7862598095049	-11.2665258396322	71.9887739308651	9.26487458567894	-27.7862598095049	9.26487458567894	54.6570083939879
2250000	24.7567892036625	-4.9810028857178	-25.1526024708096	-4.9810028857178	56.3032613234421	2.58865954021556	-25.1526024708096	2.58865954021556	56.4771805348719
2260000	5.56415421390439	-3.57228861232575	-10.1750439827242	-3.57228861232575	62.0224254357534	8.02691863293743	-10.1750439827242	8.02691863293743	45.8544633017284
2270000	3.22805058005882	-4.41147858751463	-4.6044811561928	-4.41147858751463	54.6716167074905	5.19018971071395	-4.6044811561928	5.19018971071395	44.2007423051347
2280000	3.29024673416006	-1.76373441920073	-9.09193238583489	-1.76373441920073	50.6778066402283	0.252985985049265	-9.09193238583488	0.252985985049264	52.9012372713206
2290000	2.98192335070636	-1.10972592374931	-5.02191987999533	-1.10972592374931	48.2647379684359	8.79373683537329	-5.02191987999533	8.79373683537329	54.1481707117072
2300000	3.42991994124725	-5.52735019654144	-9.43630196722041	-5.52735019654144	69.3067558850075	5.44642397910244	-9.43630196722041	5.44642397910244	64.2745232143443
2310000	2.9039942815163	-1.34408683148722	-8.21279134950966	-1.34408683148722	62.7102881720739	7.64379554536547	-8.21279134950966	7.64379554536547	78.0716646365436
2320000	3.37406136973659	-8.75711716118142	-7.90341163793833	-8.75711716118142	72.6883749877886	17.0838062825552	-7.90341163793833	17.0838062825552	70.6038183470481
2330000	3.47677113214217	-1.02247550513931	-10.2914760125083	-1.02247550513931	55.3369553999222	3.3455002452206	-10.2914760125083	3.3455002452206	61.8876801438979
2340000	2.70348628127875	0.086133615139705	-4.2878267832785	0.086133615139705	54.8844931841351	0.913519389184868	-4.2878267832785	0.913519389184868	42.278421580465
2350000	4.32476803268749	-1.76760612306273	-10.4364782023102	-1.76760612306273	65.251985371483	14.181900988418	-10.4364782023102	14.181900988418	51.0220847134585
2360000	7.16179608663301	2.50434045454434	-8.71146089812287	2.50434045454434	65.6637279193224	12.8985364466646	-8.71146089812287	12.8985364466646	39.0933239956649
2370000	13.798203554863	-5.19457766903004	-14.9062131426711	-5.19457766903004	61.5015262626357	-2.82501589240364	-14.9062131426711	-2.82501589240364	54.2510098240403
2380000	23.5294522561145	2.00616375122891	-22.3704784127769	2.00616375122891	47.9462224769082	22.1584547781852	-22.3704784127769	22.1584547781852	64.8165121318651
2390000	6.28727706948065	-1.83699278268952	-2.34573499929247	-1.83699278268952	63.5343214873155	15.3029261425877	-2.34573499929247	15.3029261425877	47.8718151532833
2400000	3.83316093958972	-0.900851820140013	-7.56816380914404	-0.900851820140013	42.9155956423965	4.47445655143709	-7.56816380914404	4.47445655143709	68.0620268136045
2410000	2.14394545024654	-3.46492394665654	-4.45695276088531	-3.46492394665654	41.6782549864972	4.11585383066903	-4.45695276088531	4.11585383066903	45.711932807426
2420000	9.03035622733954	-2.04113297300184	-12.7478555502179	-2.04113297300184	64.9879367881895	-5.70457498332014	-12.7478555502179	-5.70457498332014	48.5883232827506
2430000	9.72755700203668	-8.78935196780392	-16.5217495937864	-8.78935196780392	57.0599908199783	7.69898416900663	-16.5217495937864	7.69898416900663	53.1283617266358
2440000	3.79641865336135	-0.900726061423434	-7.98471978229067	-0.900726061423434	59.9453493808825	5.20578137631703	-7.98471978229067	5.20578137631703	54.7184079819699
2450000	15.2619854590665	-3.84094654433408	-20.0419115921485	-3.84094654433408	51.4252042062844	10.6817626629734	-20.0419115921485	10.6817626629734	64.2511926942925
2460000	9.72262013697229	-1.03036402696293	-16.1289642754351	-1.03036402696293	44.6867652455253	2.12447190323402	-16.1289642754351	2.12447190323402	77.9443963543228
2470000	4.18952007769535	-3.45480361401013	-9.3872784951443	-3.45480361401013	58.0229116745923	6.45711286015106	-9.3872784951443	6.45711286015106	55.3731144257193
2480000	7.98876285251609	-5.79244940032149	-13.8766242451569	-5.79244940032149	64.3642393744992	8.43578915764425	-13.8766242451569	8.43578915764426	62.1465209309709
2490000	10.3169556470497	-6.80462449854128	-9.65575852439976	-6.80462449854128	119.166740256416	11.4478203952301	-9.65575852439976	11.4478203952301	53.9851283852716
2500000	3.69605062907416	-0.509540037041604	-9.52843094553551	-0.509540037041604	39.0991640556085	2.69961256648869	-9.52843094553551	2.69961256648869	46.8901525070035
2510000	3.4929637120771	-1.66377602008339	-7.27450338095032	-1.66377602008339	67.9186858864947	3.29420294802557	-7.27450338095032	3.29420294802557	51.4913341418201
2520000	2.6244284908378	-2.63580064136592	-9.13859240708157	-2.63580064136592	49.9454925601216	3.4082781663817	-9.13859240708157	3.4082781663817	73.9357672865906
2530000	6.42155374690581	-5.2308879230252	-9.30582192230473	-5.2308879230252	67.4809619635636	3.27011939083402	-9.30582192230473	3.27011939083402	45.9461397938106
2540000	11.739085838313	-6.93038946400719	-21.1699771494597	-6.93038946400719	63.5126210294356	18.5941625917234	-21.1699771494597	18.5941625917234	70.3443555025819
2550000	6.37179760648658	-6.41874917009882	-10.6520575256073	-6.41874917009882	65.3768551270382	4.46550923551834	-10.6520575256073	4.46550923551834	47.5135287861732
2560000	3.13355528882194	0.934707234215236	-7.01610586367419	0.934707234215236	66.3418194480718	8.01016710360415	-7.01610586367419	8.01016710360415	66.4955690477911
2570000	8.95675661554832	-6.28905305761083	-15.83758203047	-6.28905305761083	67.9672724578526	23.4797077469927	-15.83758203047	23.4797077469927	68.6423721740127
2580000	4.91644726122052	2.30348040180698	-3.20506864109947	2.30348040180698	46.9800395995407	-0.857784866640912	-3.20506864109947	-0.857784866640913	54.0127430158232
2590000	3.42360562708426	4.31618364244034	-7.34606683355677	4.31618364244034	67.5962774353917	1.9514319274903	-7.34606683355677	1.9514319274903	54.2056529084811
2600000	2.18644636571788	-3.84506355905107	-9.62453398150012	-3.84506355905107	84.109677002365	31.75717035011	-9.62453398150012	31.7571703501099	86.5690934958069
2610000	4.48450731634743	2.95334225422244	-11.0865036633254	2.95334225422244	80.2720696803626	-11.3870053625567	-11.0865036633254	-11.3870053625567	51.1366647680892
2620000	7.02221044129782	-2.61616921423416	-13.6778306168663	-2.61616921423416	41.6260453635337	4.30482741320618	-13.6778306168663	4.30482741320618	61.2058053178252
2630000	1.87210893355422	-3.52543751555278	-3.6384894838036	-3.52543751555278	68.2937194230354	9.44980630946664	-3.6384894838036	9.44980630946664	53.8133277519494
2640000	2.6896311163015	-3.72473817507723	-6.39104561962201	-3.72473817507723	51.1260678783267	9.67343133820335	-6.39104561962201	9.67343133820335	62.92803599218
2650000	3.47767333452913	-0.407931727543054	-9.69129128697632	-0.407931727543054	60.0501559668824	-0.826357501416823	-9.69129128697632	-0.826357501416823	86.3954603799106
2660000	4.19083697728217	2.02080071585121	-7.82063116746918	2.02080071585121	45.3972351059938	5.57831538874672	-7.82063116746918	5.57831538874672	56.4394626775253
2670000	2.89350992139977	0.809932311824597	-6.14971115335013	0.809932311824597	54.0485316968376	6.448491722498	-6.14971115335013	6.448491722498	39.5972259604178
2680000	2.22556041387887	0.353051635444468	-3.66401445583456	0.353051635444468	51.632798452797	3.1279529189212	-3.66401445583456	3.1279529189212	47.2673911608459
2690000	7.2892521562946	-9.97736378304134	-12.6050346257028	-9.97736378304134	67.7385494960165	14.56609396914	-12.6050346257028	14.56609396914	58.3400409556253
2700000	1.93389568429247	-3.20827662166791	-9.02992173041433	-3.20827662166791	53.0701383513434	17.9235005384743	-9.02992173041432	17.9235005384743	75.1078974762723
2710000	4.1243981991758	-3.41948270350056	-10.9220064525367	-3.41948270350056	55.2501326044599	12.4718194236663	-10.9220064525367	12.4718194236663	62.0085938093243
2720000	2.05477698823152	-1.63912572975075	-7.39801927337151	-1.63912572975075	42.9850114906059	8.90948093131465	-7.39801927337151	8.90948093131465	60.2314099763931
2730000	1.46906267363964	-2.02163303465846	-4.6519626661325	-2.02163303465846	70.1881142124391	1.91051719043142	-4.6519626661325	1.91051719043142	67.5202495319978
2740000	3.5645762460396	-2.64662872780143	-4.27678959778114	-2.64662872780143	51.7791591227577	4.74071234782439	-4.27678959778114	4.74071234782439	38.2650360250198
2750000	4.02245053011129	-3.54892823960708	-8.01134784797001	-3.54892823960708	69.0610053200975	15.9188516853518	-8.01134784797001	15.9188516853518	49.3602547626366
2760000	3.25666654724866	-1.91019679166031	-10.3331443866072	-1.91019679166031	60.4995594048596	-4.28548169398733	-10.3331443866072	-4.28548169398733	62.0359971007006
2770000	2.22433720086463	1.48468409141086	-6.23348087733744	1.48468409141086	57.2517679192632	15.4901925870878	-6.23348087733744	15.4901925870878	75.1165850548718
2780000	2.51898302115575	-3.79675520592909	-7.84600713903038	-3.79675520592909	37.1696525922554	6.69890340151737	-7.84600713903038	6.69890340151737	62.8540701614617
2790000	1.82416354517249	1.58154338119521	-4.82557448301518	1.58154338119521	47.4448769946664	-8.78922706922804	-4.82557448301518	-8.78922706922804	48.5474050491195
2800000	2.72653459466528	0.600551407076803	-4.00253469350083	0.600551407076803	36.1818809967874	4.87269176500258	-4.00253469350083	4.87269176500258	43.2289200179059
2810000	1.77012854829207	-3.64244757209383	-7.1717593802909	-3.64244757209383	56.5664922305554	13.8139259874709	-7.1717593802909	13.8139259874709	58.1547775235589
2820000	2.81196107658827	-0.12726272141123	-5.49419704393259	-0.12726272141123	60.3313736655419	7.16218458846577	-5.49419704393259	7.16218458846577	54.5609776191238
2830000	2.62719135789522	1.45013280321188	-6.5773398246558	1.45013280321188	36.0330882701364	-1.99321868541044	-6.5773398246558	-1.99321868541044	73.3397580467369
2840000	5.31754273413202	-2.95315839725683	-7.92693249260648	-2.95315839725683	53.8496253133519	-2.48778985476237	-7.92693249260648	-2.48778985476237	45.642605257965
2850000	5.97519506923367	-1.55770642807405	-14.79525741686	-1.55770642807405	67.4766005857287	-1.24905934782596	-14.79525741686	-1.24905934782596	70.1000366217517
2860000	7.04376093995233	-6.52689166540359	-14.8433227283629	-6.52689166540359	60.6459191177733	10.9170326502602	-14.8433227283629	10.9170326502602	58.6136162806628
2870000	1.38635877932681	-3.1438776358915	-2.87140726638005	-3.1438776358915	89.2222184121323	21.0773721428961	-2.87140726638005	21.0773721428961	68.3927315178257
2880000	2.46548115770906	-2.77548034700081	-7.94314443629123	-2.77548034700081	51.0042766162864	6.18773642563931	-7.94314443629123	6.18773642563931	55.4745494040058
2890000	2.71197741357179	-2.02690658584171	-7.4862433644841	-2.02690658584171	54.2378729125666	3.07340761625682	-7.4862433644841	3.07340761625682	57.1956460922523
2900000	7.8830559558842	-8.82109376527552	-10.8780562321865	-8.82109376527551	61.6246860573589	10.2871946691562	-10.8780562321865	10.2871946691562	49.2099674391454
2910000	2.09414012511475	2.15226026194444	-7.24415598333887	2.15226026194444	65.354474809999	-7.86918780683076	-7.24415598333887	-7.86918780683076	56.9481574401241
2920000	2.4343256147034	-3.47034544325658	-7.22363376528573	-3.47034544325658	57.7661424110807	18.6313568153399	-7.22363376528573	18.6313568153399	46.9227503875484
2930000	4.79859875918127	-7.55877677915648	-9.55746944040659	-7.55877677915648	74.5495945806508	11.0381646622021	-9.55746944040659	11.0381646622021	50.5364299394095
2940000	6.16228116302917	-8.69805877134751	-13.5771737928637	-8.69805877134751	75.3186610940877	16.8351323024999	-13.5771737928637	16.8351323024999	61.0610144643593
2950000	6.37184648592768	-6.13442620657081	-8.53038273658516	-6.13442620657081	62.4568834839519	7.73927759319522	-8.53038273658516	7.73927759319522	50.8196539905728
2960000	5.40017257403284	0.267271199355932	-10.1130019118156	0.267271199355932	43.0745861702325	-1.10511760897877	-10.1130019118156	-1.10511760897877	49.879737865902
2970000	4.5081666970541	-3.21343129971673	-12.0795450572378	-3.21343129971673	63.0584764833654	11.0266907072651	-12.0795450572378	11.0266907072651	74.5111500428458
2980000	4.77403288219389	3.58809057823624	-9.16393628471278	3.58809057823624	40.9057797840977	-1.10387725152548	-9.16393628471278	-1.10387725152548	54.1527679176006
2990000	2.75560261672409	0.796746846595599	-10.1741272515953	0.796746846595599	57.6527847622461	-4.38793584881559	-10.1741272515953	-4.38793584881559	66.6817918174662
3e+06	2.46441951482051	-1.67269016118603	-5.18742985902739	-1.67269016118603	47.2292882735976	6.81075221580949	-5.18742985902739	6.8107522158095	55.1224569586005
3010000	1.60259246550365	0.733370135883995	-4.39086864380518	0.733370135883995	80.5879973116629	-1.26256801357313	-4.39086864380519	-1.26256801357313	55.0997759518019
3020000	1.37979894632988	-2.4965516856109	-6.32397078805456	-2.4965516856109	49.0103130945575	7.08353662378277	-6.32397078805456	7.08353662378277	60.0283417076302
3030000	3.73248587073525	-0.000458364685192183	-10.8352639556273	-0.000458364685192029	64.969847957444	10.3755005550923	-10.8352639556273	10.3755005550923	70.4085263789288
3040000	4.58534543736833	-1.0748179682723	-12.4726468000591	-1.0748179682723	48.3404712906503	3.64920609337711	-12.4726468000591	3.64920609337711	60.6006602048369
3050000	3.90707698853932	-5.09618690071639	-13.1260478683428	-5.09618690071639	62.9786092962882	15.8553390902082	-13.1260478683428	15.8553390902082	66.0638277492755
3060000	1.27992731767166	-1.67186195619766	-2.95775633759849	-1.67186195619766	47.1539215122177	8.8708442162646	-2.95775633759849	8.8708442162646	45.5166866297248
3070000	4.45790201498777	-3.79402538359915	-8.61494185387605	-3.79402538359915	48.4452295492055	1.57135786228097	-8.61494185387605	1.57135786228097	43.8235816263283
3080000	4.57550413149405	-2.11894858668983	-8.60438439909858	-2.11894858668983	56.383218459035	1.90460139093565	-8.60438439909859	1.90460139093565	41.2625480716009
3090000	4.011647565699	-2.13145070315424	-9.47814078195528	-2.13145070315425	40.9277116369091	2.88266996187325	-9.47814078195528	2.88266996187325	50.5769024032913
3100000	3.05077541297243	-1.62749317070664	-8.63716610309743	-1.62749317070664	60.5789812827578	12.8240234806125	-8.63716610309743	12.8240234806125	55.8526193268055
3110000	1.96972354212677	0.449523113725727	-6.58398226946992	0.449523113725727	59.8595631925687	1.0503411523569	-6.58398226946992	1.05034115235689	59.6330943498097
3120000	2.03991397458642	-0.84068527144319	-6.71434221486561	-0.840685271443191	76.4131436572692	4.92288679820308	-6.71434221486561	4.92288679820308	77.5042889889304
3130000	8.11788170045167	8.06398945476851	-9.73840824195582	8.06398945476851	88.8142049172667	-9.81128771227992	-9.73840824195582	-9.81128771227992	59.013549315693
3140000	3.60347076626561	-1.95911601036596	-10.0968302954997	-1.95911601036596	59.0947413321789	5.70389041825922	-10.0968302954997	5.70389041825922	47.4489256251392
3150000	6.642399141234	-8.40790887387754	-17.1036769798037	-8.40790887387753	51.441033834662	12.0643425735076	-17.1036769798037	12.0643425735076	76.2040387612721
3160000	7.13398409589528	-6.3437146752273	-16.3410143367632	-6.3437146752273	54.3677648036699	16.8337567500333	-16.3410143367632	16.8337567500333	68.469094614958
3170000	6.86334945691309	-2.99249315699719	-14.8225710993583	-2.99249315699719	47.1301751130767	2.42483404148164	-14.8225710993583	2.42483404148165	59.2331986513972
3180000	8.71745869134135	-0.815433560924194	-17.9587979307182	-0.815433560924194	57.6709798246407	11.0744260578043	-17.9587979307182	11.0744260578043	96.3752962390309
3190000	6.35100954727734	-0.919930281222913	-16.2752007285167	-0.919930281222913	54.6714994714187	1.32290796053281	-16.2752007285167	1.32290796053281	70.9383976312869
3200000	1.44823551726485	0.0293453127679253	-5.29049979203584	0.0293453127679253	47.939348433425	-0.494256996828948	-5.29049979203584	-0.494256996828948	47.8292348322064
3210000	2.75489872832262	-2.31364689475536	-7.53296153010865	-2.31364689475536	60.8888081613398	4.21955213723749	-7.53296153010865	4.21955213723749	51.5516828352277
3220000	7.99085910485722	-1.00325021916722	-5.54094981107061	-1.00325021916722	66.1499452335064	18.539973684681	-5.54094981107061	18.539973684681	59.5113012759923
3230000	6.45667779021618	-1.28794682534189	-11.2739847743965	-1.28794682534189	63.1671621838145	-2.25325646768295	-11.2739847743965	-2.25325646768295	51.3771933902156
3240000	13.5904911807142	-1.9933057520526	-18.8218025730518	-1.9933057520526	53.5618282006153	18.7337488539332	-18.8218025730518	18.7337488539332	67.4399750191545
3250000	19.7611126375878	-2.57397819092904	-24.6690128780707	-2.57397819092904	56.8048307948972	-3.19653938767837	-24.6690128780707	-3.19653938767837	69.2061676961112
3260000	18.7506775113334	-10.9082301246146	-21.2669593879308	-10.9082301246146	45.1412921379202	14.5506306763812	-21.2669593879308	14.5506306763812	56.9376354263194
3270000	3.99771884274325	-1.58860747727987	-6.71265348666895	-1.58860747727987	52.0121289911444	4.74522107254317	-6.71265348666895	4.74522107254317	53.4096762263025
3280000	6.00581067712342	-2.80592440273384	-18.2833933699534	-2.80592440273384	51.5437345561415	7.32571352060654	-18.2833933699534	7.32571352060654	93.5789422941189
3290000	2.23158023181832	-0.421398235869246	-9.15239170977708	-0.421398235869247	49.2497720878732	-6.09317965150063	-9.15239170977708	-6.09317965150063	79.8306679788236
3300000	1.42313236382193	-1.12247823591384	-3.75063784738878	-1.12247823591384	42.6906575402398	8.38230738484329	-3.75063784738878	8.38230738484329	49.1765220517324
3310000	1.45514903263016	-0.0892202054953723	-6.6884026210578	-0.0892202054953725	59.8870870162418	-9.0376510083829	-6.6884026210578	-9.0376510083829	55.3982322532703
3320000	1.60113251976248	-2.53740187483792	-5.92316945487624	-2.53740187483792	71.1965813206798	10.4553521193889	-5.92316945487624	10.4553521193889	61.2222523413408
3330000	5.10818127552696	-2.98716615834411	-12.859079548126	-2.98716615834411	44.7691650511426	1.55027337331294	-12.859079548126	1.55027337331294	56.8194985401447
3340000	2.16311109745554	-3.34473014079413	-8.40567995135554	-3.34473014079413	42.4309138079852	15.7178148302081	-8.40567995135554	15.7178148302081	64.152677242429
3350000	2.64933855537042	-0.121887165647012	-8.03937002232436	-0.121887165647012	35.3192231560575	5.2006182037686	-8.03937002232436	5.20061820376859	67.6443503895418
3360000	1.79954053617961	0.178825358169025	-6.39631845080051	0.178825358169025	61.4383565141976	1.89051871307629	-6.39631845080051	1.89051871307629	79.5382902435078
3370000	7.63486925991206	0.759434586935478	-12.4154892959908	0.759434586935477	81.1062453679181	-6.41200357126222	-12.4154892959908	-6.41200357126222	60.2811501065732
3380000	3.92605567895965	-1.33067294001665	-15.2923803994002	-1.33067294001665	76.9826255104208	-4.83004088169764	-15.2923803994002	-4.83004088169764	89.2616222756078
3390000	2.03016247639927	-1.97139115484206	-7.85652244833241	-1.97139115484206	54.9607648101042	9.82831396978897	-7.85652244833241	9.82831396978896	72.8909734157771
3400000	8.48655168106993	-4.33648447534888	-7.60982986612279	-4.33648447534888	36.6673688254469	4.3109070377143	-7.60982986612279	4.3109070377143	44.5553070653083
3410000	3.05656964380901	3.70375901804969	-0.0380539513979039	3.70375901804969	72.2810411184997	31.3474129461734	-0.0380539513979042	31.3474129461734	95.3622137483476
3420000	3.44898326278778	1.27497639141487	-4.84884603739897	1.27497639141487	67.7318048504022	6.69516673964135	-4.84884603739897	6.69516673964135	72.7286529761409
3430000	3.59728100651265	-3.02421475941171	-11.3246652455949	-3.02421475941171	75.5992594490027	1.85091642424537	-11.3246652455949	1.85091642424537	61.0149265694153
3440000	3.6657574026816	-0.264547034567881	-7.9087827926386	-0.264547034567881	48.9004650515619	7.51251336166044	-7.9087827926386	7.51251336166044	47.6044451241539
3450000	5.05967974835582	-6.74780888060244	-7.85862621111396	-6.74780888060244	57.379466627571	10.4792256641062	-7.85862621111396	10.4792256641062	53.884442103652
3460000	3.12400084118015	-6.02290615688443	-7.45020660746184	-6.02290615688443	67.5765829340255	20.5197285993546	-7.45020660746184	20.5197285993546	52.2762404142846
3470000	4.72959934273235	-1.99514047878672	-12.3267419039654	-1.99514047878672	48.0889752263563	12.6562644355858	-12.3267419039654	12.6562644355858	64.3080988416752
3480000	2.15723758813728	-1.85714891591756	-9.07015839873632	-1.85714891591756	74.6747227721419	4.97275425392715	-9.07015839873632	4.97275425392715	69.2891908837466
3490000	2.81845582855046	-3.98585336664642	-10.1925831615	-3.98585336664642	55.5546519139488	5.69372734902293	-10.1925831615	5.69372734902294	84.6904016244053
3500000	3.36137125800329	-0.569615813473138	-9.32516253806614	-0.569615813473138	58.7604688946553	-8.73084005120434	-9.32516253806613	-8.73084005120435	63.6588573230165
3510000	6.22457864803827	-0.856785282987367	-10.0953938273187	-0.856785282987367	48.5923544210807	5.84831149074904	-10.0953938273187	5.84831149074904	55.3086355578175
3520000	3.85626636571599	-1.58161014242784	-10.4723646529037	-1.58161014242784	45.7225983872109	8.14811596359338	-10.4723646529037	8.14811596359338	58.6235094635425
3530000	3.02111443886867	-2.72778073638266	-4.88519609774397	-2.72778073638266	59.9823916497675	-2.44168412310641	-4.88519609774397	-2.44168412310642	57.9084402381931
3540000	5.21533399248097	-4.80860454809489	-9.78783891039413	-4.80860454809489	67.880323034633	2.29318915856353	-9.78783891039413	2.29318915856353	49.0617089958569
3550000	4.1987097226306	-6.20197826341268	-10.1405400695965	-6.20197826341268	55.8914096677881	9.65109069501211	-10.1405400695964	9.65109069501211	56.6351882991179
3560000	4.64883303857783	-4.8413674237965	-11.4009762123408	-4.8413674237965	57.172068824011	10.9796466346968	-11.4009762123408	10.9796466346968	46.5572277856782
3570000	9.0875330828463	-7.52996944582903	-14.7830059222378	-7.52996944582903	46.5048130336813	9.3456884422316	-14.7830059222378	9.3456884422316	45.88046841012
3580000	3.95271217645175	-0.361802360457333	-10.1144341031508	-0.361802360457333	60.7288340141548	7.66139063558204	-10.1144341031508	7.66139063558204	53.9594150719602
3590000	12.2562045246525	1.12020523824274	-8.38134858932306	1.12020523824274	56.4622789925169	-2.8275330598162	-8.38134858932306	-2.8275330598162	42.4259213766734
3600000	7.33509142044566	-5.84332651038495	-11.327050632849	-5.84332651038495	75.0132615278997	4.52260117828618	-11.327050632849	4.52260117828618	50.6866062354487
3610000	6.31677068254226	1.9861594276226	-15.5043817273912	1.9861594276226	41.8566512065468	3.20292825808629	-15.5043817273912	3.20292825808629	65.2997345228462
3620000	8.57294776701559	2.08422282854246	-17.6828591846749	2.08422282854246	85.3697355553772	-7.95283313653112	-17.6828591846749	-7.95283313653112	73.1283451982955
3630000	18.231802550438	-11.1889805131396	-19.5524730700316	-11.1889805131396	55.5070231226216	19.5892534910743	-19.5524730700316	19.5892534910743	61.6406605227641
3640000	8.06297416271554	0.0605465973587647	-11.4275681468363	0.0605465973587641	56.4711469541873	12.7114938421232	-11.4275681468363	12.7114938421232	50.7659430710451
3650000	9.05502746128661	-5.24071543208357	-16.3564317220693	-5.24071543208357	64.910734695309	9.0598462792834	-16.3564317220693	9.0598462792834	59.156183250832
3660000	3.94353411730154	-4.02264457264717	-6.5777453326001	-4.02264457264717	55.907320359771	4.83181421016122	-6.5777453326001	4.83181421016122	56.8611145422569
3670000	9.88840252716187	2.39540856682056	-13.2660304857593	2.39540856682056	99.1922762296771	1.7673241744765	-13.2660304857593	1.7673241744765	44.9245705961574
3680000	22.7589079059325	-7.97168548482684	-28.313271770383	-7.97168548482684	59.0878051237496	10.8812871288101	-28.313271770383	10.8812871288101	64.8936190458226
3690000	21.1012134261094	-6.70883705838007	-29.6844611410167	-6.70883705838007	56.0787987209404	1.49916878794522	-29.6844611410167	1.49916878794522	71.5024203285604
3700000	8.69660100561766	2.69457526067999	-12.3466775284105	2.69457526067999	53.4170915439164	4.58754557932948	-12.3466775284105	4.58754557932948	50.6712759972979
3710000	40.8049525579363	-22.4497158746203	-24.1853894552737	-22.4497158746203	97.7172273118821	6.43519860629629	-24.1853894552737	6.43519860629629	48.0633098352875
3720000	46.3399650000452	-19.5486497972432	-33.3414885565049	-19.5486497972432	53.7050972726278	17.9986513733405	-33.3414885565049	17.9986513733405	48.5764269185889
3730000	4.1882526124711	-0.955137977483778	-7.34014174756801	-0.955137977483778	51.2392103755176	0.45873861296642	-7.34014174756801	0.45873861296642	44.3689633807037
3740000	17.4871656685488	0.714302726761222	-18.3846615193376	0.714302726761223	57.4893056037188	10.3338053524239	-18.3846615193376	10.3338053524239	48.9662843505665
3750000	2.35110736626577	1.60744798850534	-2.5363588465342	1.60744798850534	60.0916373797974	3.32758538972715	-2.5363588465342	3.32758538972715	58.4723135232873
3760000	2.56437576325434	3.55528163779386	-6.86887420847132	3.55528163779386	77.2591374252423	10.7007638102189	-6.86887420847132	10.7007638102189	58.6203136796426
3770000	6.74200803265051	6.59432844449455	-10.0582548580506	6.59432844449455	56.2526962061344	-3.73304046533174	-10.0582548580506	-3.73304046533174	81.7213173314509
3780000	5.30136147093127	-2.1451869650881	-12.2001450364132	-2.1451869650881	49.6263071751724	4.04542462167603	-12.2001450364132	4.04542462167603	54.9703890566025
3790000	3.5324424044265	-2.69661194134365	-8.48840207930596	-2.69661194134365	57.237760595913	4.75952107119444	-8.48840207930596	4.75952107119444	61.6620897808935
3800000	3.96675790257707	0.361989313251112	-12.2609688597586	0.361989313251112	62.3388517622781	0.0632279477781361	-12.2609688597586	0.063227947778136	58.7050640202271
3810000	7.10425293143668	2.96159337001361	-14.1458941656211	2.96159337001361	81.1081003297238	-12.9280883197945	-14.1458941656211	-12.9280883197945	81.4079520954316
3820000	8.99640814691793	-2.94947736118287	-20.0403357434331	-2.94947736118287	65.3215696983821	17.9627773989082	-20.0403357434331	17.9627773989082	81.2718083029719
3830000	1.97180768942807	-4.04988816636652	-5.07561327217337	-4.04988816636652	59.0397620492808	11.1356836981121	-5.07561327217337	11.1356836981121	79.1962178528144
3840000	3.62358877335508	0.329406786227411	-6.95774342599701	0.329406786227411	41.3494172209626	5.22453984970378	-6.95774342599701	5.22453984970378	59.7990847710597
3850000	3.62373571276254	-3.45520533575711	-9.71395973833103	-3.45520533575711	42.6443560307738	15.7699526965317	-9.71395973833103	15.7699526965317	70.1156470936613
3860000	1.85432048587642	-0.437214131809998	-4.39970630860777	-0.437214131809998	68.680820986043	3.49726092059457	-4.39970630860777	3.49726092059457	46.187395508104
3870000	2.89275975292892	-4.36580985940649	-7.2071471569526	-4.36580985940649	48.8060946666536	8.04701404165999	-7.2071471569526	8.04701404165998	55.6388037037293
3880000	1.83589295819558	-1.82075552196705	-4.77182207725863	-1.82075552196705	40.0232889921954	5.25133400004092	-4.77182207725863	5.25133400004092	63.0226676601267
3890000	5.40225117664484	-5.52506123357719	-10.9319822405352	-5.52506123357719	57.52537103824	8.07199716793136	-10.9319822405352	8.07199716793136	53.6965309034585
3900000	1.9199443649511	-3.56748808873901	-7.81008048401276	-3.56748808873901	40.4323069192166	19.5255849760225	-7.81008048401276	19.5255849760225	61.5762735540619
3910000	5.10012123356998	-0.771479364336407	-10.4946232783111	-0.771479364336407	50.5366257705099	4.229503225832	-10.4946232783111	4.229503225832	60.2414283590296
3920000	36.1048085110506	5.42271461384424	-34.8301029589599	5.42271461384424	75.6234466014312	-4.11884285066018	-34.8301029589599	-4.11884285066018	59.0269861311066
3930000	28.424846969195	-4.39611046366785	-26.8637811085325	-4.39611046366785	46.4775906713461	-0.580826192998028	-26.8637811085325	-0.580826192998028	66.8143425408952
3940000	14.7410401469066	-6.90565655223471	-22.0664073390427	-6.90565655223471	52.4965468015395	16.826774935285	-22.0664073390427	16.826774935285	70.4446714592583
3950000	2.71631773814201	-2.42542060613728	-5.75220565517503	-2.42542060613728	42.1948171475513	-3.02931103834428	-5.75220565517503	-3.02931103834429	62.3106200915509
3960000	5.66059688857993	-1.05351496085523	-8.40620535588191	-1.05351496085523	41.7119268400931	3.21207327341593	-8.40620535588191	3.21207327341593	53.1557752768016
3970000	3.71829535275155	0.427814374287397	-10.9363459187818	0.427814374287397	67.5709684953489	9.69000491938561	-10.9363459187818	9.69000491938561	83.5123826530389
3980000	3.68736345377907	-2.14819679199622	-14.4897715895655	-2.14819679199622	84.6201419779668	-2.55274717429617	-14.4897715895655	-2.55274717429617	88.1001547327891
3990000	2.48288193523697	0.638538353611938	-6.95857676438591	0.638538353611938	59.8486870640405	7.64635196950318	-6.95857676438591	7.64635196950318	45.7630524763461
4e+06	4.50154551092156	3.11450148831115	-8.16692229898839	3.11450148831115	52.4349181544591	12.4020782351734	-8.16692229898839	12.4020782351734	59.7589690333945
4010000	9.98353486884057	-0.85793941119467	-18.8244808433882	-0.85793941119467	52.2958071221097	7.04851484413369	-18.8244808433882	7.04851484413369	57.3634621813281
4020000	6.8274717110609	-3.7926787305215	-18.099443820966	-3.7926787305215	41.5992993091084	12.407131778777	-18.099443820966	12.407131778777	88.6053529526551
4030000	4.56940544899963	1.82638406981084	-5.74001832118955	1.82638406981084	79.417338019709	-18.4417644861198	-5.74001832118955	-18.4417644861198	54.3278419232622
4040000	2.37571021919686	-1.3002008027763	-5.95258160456108	-1.3002008027763	60.2177594359413	7.86060870708357	-5.95258160456108	7.86060870708357	52.3154591248178
4050000	2.20033173468274	0.461029171083424	-8.87475237465817	0.461029171083424	52.2470123009956	9.79692312124403	-8.87475237465817	9.79692312124403	65.6692345082122
4060000	2.1255949781616	-2.68765209963761	-8.19356602880125	-2.68765209963761	53.1114480647919	19.485305588324	-8.19356602880125	19.485305588324	67.8353259351599
4070000	3.13699172632105	-4.81679794723514	-10.3328468989226	-4.81679794723514	65.0265779205425	13.4995559957998	-10.3328468989226	13.4995559957998	53.7099767022495
4080000	2.7206997655178	0.104676942153853	-9.39904511726993	0.104676942153853	47.0077486874811	4.60734516434979	-9.39904511726993	4.60734516434979	81.8839437760467
4090000	8.17527948768152	-3.31417703569835	-10.3837252899238	-3.31417703569835	60.0052483606831	1.69787272470293	-10.3837252899238	1.69787272470293	47.8454880750008
4100000	6.91499132140393	-5.82273941741338	-11.9805389595686	-5.82273941741338	57.8427068203193	10.4035503199602	-11.9805389595686	10.4035503199602	68.0832421425543
4110000	6.82582411870118	-0.974148603014273	-15.0328258778595	-0.974148603014273	60.7859252573953	2.47898394122284	-15.0328258778595	2.47898394122284	58.6018815095968
4120000	3.93007478440743	3.53788683172542	-7.4054936951617	3.53788683172542	50.0300638241539	6.94538494601405	-7.4054936951617	6.94538494601404	57.9001992807333
4130000	3.07984920872662	-3.85821856377456	-8.33718103262179	-3.85821856377456	54.4693575806996	13.0389630872055	-8.33718103262179	13.0389630872055	50.2169517974984
4140000	15.3392973633384	-12.0790832810486	-19.0134579901168	-12.0790832810486	64.6298957089654	2.95036338083665	-19.0134579901168	2.95036338083666	55.2997928233018
4150000	2.40673719561506	-3.20342350828781	-4.14106253161358	-3.20342350828781	63.3258945438929	4.90016695365375	-4.14106253161358	4.90016695365375	44.1741196431617
4160000	5.63871829334906	-1.79441353104905	-11.7331726622075	-1.79441353104905	52.4764512752338	-2.87660627074494	-11.7331726622075	-2.87660627074494	55.12370429243
4170000	2.54641331910774	-0.056792642778942	-9.31353364219953	-0.0567926427789421	62.8200187526447	2.32801565332486	-9.31353364219954	2.32801565332486	57.4298704708091
4180000	5.36718099951995	-5.26984064677424	-12.1715596167609	-5.26984064677424	53.3563195142316	12.4197290324875	-12.1715596167609	12.4197290324875	64.8364264608904
4190000	3.17930401886432	-1.15608486522239	-6.72605578991314	-1.15608486522239	47.220731596177	8.0245287118563	-6.72605578991314	8.0245287118563	68.4597640566207
4200000	1.97572358554152	2.06282258518324	-4.09790401479273	2.06282258518324	63.4567650373368	-0.951352635939202	-4.09790401479273	-0.951352635939202	43.2619529199531
4210000	1.04889426982323	-2.88181611433012	-3.41236037262417	-2.88181611433012	70.7651070412521	5.99537017773983	-3.41236037262417	5.99537017773983	44.3923909708786
4220000	3.70462015266234	-8.21386112373223	-10.2265005824038	-8.21386112373223	84.3774310852617	26.338347600229	-10.2265005824038	26.338347600229	58.6825089185223
4230000	4.22197262790575	2.34299745906171	-10.8722076687644	2.34299745906171	46.8811660677793	2.68417554511911	-10.8722076687644	2.68417554511911	62.8880992299317
4240000	5.76291234111852	-3.6770933324803	-11.4275512180237	-3.6770933324803	58.7878575057381	14.2353699358915	-11.4275512180237	14.2353699358915	54.0815918706813
4250000	6.50715942660901	-2.89282957072665	-8.04115907231661	-2.89282957072665	54.8368582772315	5.60955009492764	-8.04115907231661	5.60955009492764	63.8468471699989
4260000	10.6858219145174	-4.61409029073308	-12.1633285462013	-4.61409029073308	69.243948492468	1.98038797481543	-12.1633285462013	1.98038797481543	39.3376797871818
4270000	5.89106496161202	3.00519840253494	-7.74992273706905	3.00519840253494	53.1775917230483	8.49065746351183	-7.74992273706905	8.49065746351183	44.6452077654005
4280000	4.45829475207315	-4.7552799867	-9.44058324547279	-4.7552799867	60.8689209737313	12.0935175542007	-9.44058324547279	12.0935175542007	51.3054427709383
4290000	10.0578274605916	-0.154466512934469	-14.587687068922	-0.15446651293447	66.4949815074016	-6.32864471583925	-14.587687068922	-6.32864471583925	55.2637909202756
4300000	2.9640286559978	-2.50476606398976	-7.71116547606034	-2.50476606398976	58.0975118514805	12.392162303034	-7.71116547606034	12.392162303034	64.6973866922119
4310000	13.9688737428533	4.25667515369983	-18.0159514871429	4.25667515369983	61.6615222568831	13.2848227010675	-18.0159514871429	13.2848227010675	63.5584878199751
4320000	3.71974562900972	-2.83272607743384	-6.72517495491975	-2.83272607743384	64.1587372188367	9.1194415787018	-6.72517495491975	9.1194415787018	50.6143202965023
4330000	3.5429740035724	-0.954996958300243	-7.33406855412724	-0.954996958300243	58.8939097916935	12.2161822001178	-7.33406855412724	12.2161822001178	56.4846064194548
4340000	3.07083693612287	-4.18349165378058	-7.64960406141528	-4.18349165378058	57.242123771234	3.47012852688504	-7.64960406141528	3.47012852688504	63.1321544582446
4350000	8.14831102591175	2.63217250573347	-14.1914680010789	2.63217250573347	48.0777562980704	10.7642290093623	-14.1914680010789	10.7642290093623	61.0452386291259
4360000	4.33434102130919	-7.08272865360523	-7.95325867748486	-7.08272865360523	83.6955904540754	14.2183541773477	-7.95325867748486	14.2183541773477	71.8497533905426
4370000	7.73113074331486	-8.13217577406174	-14.6117636452946	-8.13217577406174	63.7649430065276	9.97326913494413	-14.6117636452946	9.97326913494413	55.9978403719035
4380000	11.3863252406926	-5.62230983059119	-9.47276563135457	-5.62230983059119	50.4821613534807	4.48711151362081	-9.47276563135457	4.48711151362081	48.9150329097814
4390000	3.31318656643039	-2.41714374851291	-7.00086052470923	-2.41714374851291	52.7873614675806	6.56428615860498	-7.00086052470923	6.56428615860499	61.4088115787364
4400000	12.5254355354319	-6.8624656857225	-20.640725116031	-6.8624656857225	54.7246540409549	1.05520587103625	-20.640725116031	1.05520587103625	57.8684097325666
4410000	7.71767477571785	-7.14494494583381	-15.5273005997895	-7.14494494583381	56.66392033008	8.90184996598132	-15.5273005997895	8.90184996598132	59.5813270704604
4420000	5.05646582678625	1.12337888087946	-10.9049521517062	1.12337888087946	55.8806762164351	-7.43762562929212	-10.9049521517062	-7.43762562929212	61.0493750234043
4430000	1.9022696703457	-0.493210847991347	-5.32349573972181	-0.493210847991347	47.277717521303	11.013441123921	-5.32349573972181	11.013441123921	53.208776026596
4440000	1.63592396618797	-1.1315204381578	-4.74929231079067	-1.1315204381578	59.2603260904391	12.8901624231889	-4.74929231079067	12.8901624231889	66.9089759578001
4450000	1.38470171830161	-0.473908694300541	-6.6881092420495	-0.473908694300541	50.9658992501907	2.00208752131382	-6.6881092420495	2.00208752131382	65.5935735778404
4460000	8.90110517644192	-0.981775609900935	-12.0749204483951	-0.981775609900935	66.3362950585927	9.68434899311939	-12.0749204483951	9.68434899311939	59.5512071632623
4470000	3.27905673609498	-3.23038840251962	-7.1770275926321	-3.23038840251962	66.5010599758826	9.03060744323588	-7.1770275926321	9.03060744323588	52.3491185773029
4480000	3.14719316249132	-6.4081460107767	-6.67801296995407	-6.4081460107767	68.7040549876072	7.12536948306426	-6.67801296995407	7.12536948306426	46.4418979733611
4490000	10.5102374881715	-2.19585762590307	-13.1141562875924	-2.19585762590307	74.0705542410843	4.1531181585125	-13.1141562875924	4.1531181585125	48.0291427656732
4500000	5.00257020878851	-4.49912399015514	-11.2271448217982	-4.49912399015514	73.7681769925133	4.72673158237854	-11.2271448217982	4.72673158237854	59.218332118725
4510000	2.3005693434674	-4.68787614913317	-7.93717735605874	-4.68787614913317	79.7979099407259	21.0744336165686	-7.93717735605874	21.0744336165686	52.7504614110162
4520000	2.3883820783237	-0.0988422180604244	-4.92673800354437	-0.0988422180604245	51.0316830616713	13.2327131729627	-4.92673800354437	13.2327131729627	60.7370983732718
4530000	6.13196134629866	-4.02167678131391	-8.42239558354871	-4.02167678131391	46.2934844491354	4.63123663268413	-8.42239558354871	4.63123663268413	58.9748077704998
4540000	2.55659303277851	-1.9911852987982	-5.10999089100335	-1.9911852987982	58.1321250131532	0.190921808772092	-5.10999089100335	0.190921808772092	56.9562450471907
4550000	1.58721382900581	-0.943536632873187	-6.76624785742939	-0.943536632873187	57.3919700869023	-1.25271817726766	-6.76624785742939	-1.25271817726766	74.4999033719642
4560000	1.51709785207176	-1.91347801699586	-5.82700388259679	-1.91347801699586	46.2658080577448	2.66786427527467	-5.82700388259679	2.66786427527467	50.3962346999085
4570000	4.02387400695584	-5.48769017302823	-9.39841982564161	-5.48769017302823	70.6483211331372	6.24768992676191	-9.39841982564162	6.24768992676191	55.676048898527
4580000	4.31465378453676	-4.78000443079209	-3.78100675420193	-4.78000443079209	50.7133173495117	-2.82742572080443	-3.78100675420193	-2.82742572080443	36.4355772026858
4590000	7.86409924179643	-3.92704226579642	-10.5708602948413	-3.92704226579642	66.0945999072207	-7.70267664542119	-10.5708602948413	-7.70267664542119	58.8134898367725
4600000	1.31024096767005	1.13146186151917	-4.60857702548138	1.13146186151917	64.8037644672841	-3.39045292950034	-4.60857702548138	-3.39045292950034	51.8773893729658
4610000	1.50633263647155	2.29740370302056	-6.61890508808128	2.29740370302056	70.5107853265221	-14.7559740942045	-6.61890508808128	-14.7559740942045	61.7358135031875
4620000	3.14712185801597	-3.67292477407437	-10.5851663539808	-3.67292477407437	75.9677841513443	-6.61580789033539	-10.5851663539808	-6.61580789033539	72.4883660105676
4630000	3.02509579396082	-1.0864696042838	-8.06357890522519	-1.0864696042838	52.0459290253408	11.3717524357724	-8.06357890522519	11.3717524357724	46.4546885369707
4640000	3.73143840202894	-2.30633360597546	-7.99838426321886	-2.30633360597546	51.5885323349163	7.35253192733618	-7.99838426321886	7.35253192733618	47.1118918999347
4650000	2.31642975649128	-3.89772554180637	-6.29511334170946	-3.89772554180637	62.3752258537756	8.869279033599	-6.29511334170946	8.869279033599	39.7548895883067
4660000	1.40215297958584	-1.60287301187747	-7.26231651299556	-1.60287301187747	82.3307345556838	19.5789580442796	-7.26231651299556	19.5789580442796	80.5517425579496
4670000	4.36978307902006	-4.5503323249015	-12.7742439633339	-4.5503323249015	61.715619278912	40.511159279709	-12.7742439633339	40.511159279709	85.5853301909291
4680000	1.65630875025162	-0.293851899027496	-3.2825158814092	-0.293851899027496	49.7354191152708	-2.78579945385174	-3.2825158814092	-2.78579945385174	53.827398312733
4690000	1.73485033769029	-1.22165266066293	-5.05181479795273	-1.22165266066293	55.9325699469531	13.7985785075273	-5.05181479795273	13.7985785075273	50.6866547665623
4700000	4.26770349193433	-2.67335252914013	-7.46781943468892	-2.67335252914013	58.9542253726205	2.77943697212237	-7.46781943468892	2.77943697212238	43.3973280455147
4710000	6.05322366236422	-4.84636157214157	-10.2542692107006	-4.84636157214157	61.9003133575458	0.939110065181263	-10.2542692107006	0.939110065181264	71.9583095661249
4720000	5.51740915389351	-6.84924975842205	-8.96032343516708	-6.84924975842205	81.816531762912	0.840676424891703	-8.96032343516708	0.840676424891704	55.3448055373293
4730000	2.61938425276926	-2.44905992777037	-6.74421893690349	-2.44905992777037	55.9838273617681	22.9191449127097	-6.74421893690349	22.9191449127097	69.920008639943
4740000	7.98193536162557	-5.61117236550904	-15.1871490856326	-5.61117236550904	47.6105335951415	9.50255569659878	-15.1871490856326	9.50255569659877	64.3077110014897
4750000	10.1819723399528	-5.85758139072885	-14.36362014047	-5.85758139072885	49.1289661515245	-3.20010104370966	-14.36362014047	-3.20010104370966	54.0723153449474
4760000	7.02974628454728	-0.702029408685197	-17.6067706609991	-0.702029408685197	61.8355841007296	11.856503015181	-17.6067706609991	11.856503015181	71.9095490401695
4770000	3.81252592181768	-2.54838375125266	-12.6163101778739	-2.54838375125266	49.2759866261674	5.9527015390812	-12.6163101778739	5.9527015390812	74.260772331477
4780000	2.55240855894652	3.26126745863534	-2.48009619402158	3.26126745863534	51.3581242796486	15.2164403408291	-2.48009619402158	15.2164403408291	51.7715851353541
4790000	1.74046275997608	0.394915388810812	-1.85548895872206	0.394915388810812	54.0046835403252	16.5845909587949	-1.85548895872206	16.5845909587949	50.8343959812518
4800000	9.75451060250822	-1.32771637934174	-12.4101755195676	-1.32771637934174	60.1738855209718	4.31618318984293	-12.4101755195676	4.31618318984293	43.320252131989
4810000	3.20569389790712	-4.60886141332972	-10.7715558794724	-4.60886141332972	61.8025878514564	14.0268079946588	-10.7715558794724	14.0268079946588	68.1249794180472
4820000	11.6968137241805	-10.716848245505	-16.1720873558088	-10.716848245505	55.7514038620607	17.9010272945714	-16.1720873558088	17.9010272945713	69.3304833854334
4830000	3.64410168442342	1.77384649327447	-6.84646763961475	1.77384649327447	64.0105071755033	0.990545425130899	-6.84646763961475	0.990545425130899	47.7181463097882
4840000	2.34697359778946	-1.3462805355153	-7.03783866779626	-1.3462805355153	44.0041328808925	1.64007961787135	-7.03783866779626	1.64007961787135	61.9570628909058
4850000	2.47451086388815	-3.87464782164867	-3.36481720639761	-3.87464782164867	76.32411363735	12.6929865498564	-3.36481720639761	12.6929865498564	39.2706724775766
4860000	0.950972188501808	0.547299499339494	-3.27872840180275	0.547299499339494	70.2594941109122	-1.23587541311334	-3.27872840180275	-1.23587541311334	68.7411552279606
4870000	12.7284260902173	-9.34118162415055	-15.7645807583111	-9.34118162415055	54.9013668381591	5.62415415403698	-15.7645807583111	5.62415415403698	41.9906789769436
4880000	3.17506156004947	-2.07107857878979	-6.13123257543552	-2.07107857878979	61.436420217477	8.15256770668263	-6.13123257543552	8.15256770668263	37.6308534388554
4890000	1.51513844398422	-0.0773665724743964	-4.70343094092134	-0.0773665724743962	39.6183060171191	-5.68682919513736	-4.70343094092134	-5.68682919513736	47.8625525242946
4900000	6.74259212441411	-2.569114501075	-15.6475331406166	-2.569114501075	57.596000849955	9.64857472675869	-15.6475331406166	9.64857472675869	89.068304239094
4910000	10.4998271426677	-10.1647348291768	-11.373932150239	-10.1647348291768	73.2618200486337	10.5857499212599	-11.373932150239	10.5857499212599	52.3799519381107
4920000	28.201692748762	-13.636451769943	-22.894605339083	-13.636451769943	65.2572632732424	5.83582314252684	-22.894605339083	5.83582314252683	63.7766373236477
4930000	15.0391282436846	-6.67120673019672	-18.5390432769526	-6.67120673019672	53.8650079204872	5.2773954410916	-18.5390432769526	5.2773954410916	52.6360153566895
4940000	8.90715624825916	-6.36299509905183	-12.6679541843026	-6.36299509905183	44.0413083537167	9.73559435214105	-12.6679541843026	9.73559435214105	61.3664705079237
4950000	45.8176007007662	-13.4636279000743	-38.7736156674866	-13.4636279000743	80.2984751148806	29.4791788598585	-38.7736156674866	29.4791788598585	70.7574350194825
4960000	22.2058077371656	-8.19053778999821	-34.2128267119612	-8.19053778999821	69.6474398227938	6.75235914787697	-34.2128267119612	6.75235914787697	74.2032410680789
4970000	24.2330875499531	-5.58047377085763	-26.6920751105988	-5.58047377085763	59.4936614401908	17.0566248177102	-26.6920751105987	17.0566248177102	65.5971067726469
4980000	6.65155936786579	1.81353294275876	-9.63040791603998	1.81353294275876	75.560693744952	13.5201787709093	-9.63040791603998	13.5201787709093	57.7964637642452
4990000	2.89077988322533	-4.24445893315858	-7.84200459712694	-4.24445893315858	56.7144731427213	21.0542505045645	-7.84200459712694	21.0542505045645	55.084066330188
5e+06	3.17139704750196	0.495592715595427	-9.60997982568623	0.495592715595427	53.311275940322	6.91808626924418	-9.60997982568622	6.91808626924418	92.4489736331203
5010000	5.28161540403474	-1.28326036888481	-8.1288705590195	-1.28326036888481	71.0582084203058	8.53435650723859	-8.1288705590195	8.53435650723859	48.753592507789
5020000	3.47169088295252	-4.13961978026545	-8.38574299993901	-4.13961978026545	74.5792238116755	2.3189109268621	-8.38574299993901	2.3189109268621	55.1037558369164
5030000	4.59287469952725	-3.00487493292014	-8.57119152035994	-3.00487493292015	72.9070925208381	8.75109729175731	-8.57119152035994	8.75109729175731	58.210439040306
5040000	2.26456246157619	-3.53024348393509	-10.6642857545831	-3.53024348393509	50.3467815731693	23.117749831655	-10.6642857545831	23.117749831655	92.6652545647172
5050000	2.31098756109203	-1.07636463846354	-5.89589314462325	-1.07636463846354	51.5407076574785	4.97306118605665	-5.89589314462325	4.97306118605665	47.3565906519253
5060000	4.85708844048253	2.39081620348109	-10.7348357098217	2.39081620348109	39.3072301863691	-1.32403782281631	-10.7348357098217	-1.32403782281631	56.1237014118556
5070000	7.59208978560107	-7.15221408533168	-13.1735903046301	-7.15221408533168	72.0136248227206	0.490950542283026	-13.1735903046301	0.490950542283025	57.7430999571723
5080000	7.18783983945606	-6.50647324768111	-11.9097666471389	-6.50647324768111	58.2429479476709	8.3996094639935	-11.9097666471389	8.3996094639935	50.5707178828465
5090000	2.12277275476455	-2.04778737485516	-5.47253331388218	-2.04778737485516	80.6260245123869	10.9617327945388	-5.47253331388218	10.9617327945388	84.8797127877984
5100000	1.66661036904844	-1.86562403000449	-5.49122853578751	-1.86562403000449	50.6184626280979	9.8028597572311	-5.49122853578751	9.8028597572311	53.9583794109269
5110000	2.44269180754098	-0.326500427176807	-8.81756149682901	-0.326500427176807	69.3441636279661	-10.8088188506367	-8.81756149682901	-10.8088188506367	64.1422262984966
5120000	1.63309818049505	-0.732448759933128	-3.55789040463411	-0.732448759933128	86.6821581093317	22.263745330663	-3.55789040463411	22.2637453306631	54.4963942417986
5130000	1.47538329338816	-0.189408204793181	-3.36969684842166	-0.189408204793181	46.0406100471546	6.27393621157774	-3.36969684842166	6.27393621157774	50.411822216537
5140000	6.79261741864147	-7.60166651120588	-15.3818485776822	-7.60166651120588	60.2128893433022	17.2979476039771	-15.3818485776822	17.2979476039771	77.4983368604208
5150000	3.53055719185419	-3.9784128624557	-11.6492024121721	-3.9784128624557	60.6155204837011	14.7329675469503	-11.6492024121721	14.7329675469503	61.8405191140635
5160000	2.90277284944496	0.15807300845084	-9.22734331629663	0.15807300845084	71.7293754358284	-2.39720158987242	-9.22734331629663	-2.39720158987242	64.5050842723347
5170000	1.01022277772364	-3.10141134126804	-3.65797662424994	-3.10141134126804	63.3270358551922	15.9806286090343	-3.65797662424994	15.9806286090343	60.4814455837743
5180000	2.72393179327552	-6.58663250420925	-4.04902092685364	-6.58663250420925	68.821969678231	6.60977588749421	-4.04902092685364	6.60977588749422	51.5383849179403
5190000	9.02452831522645	0.0106365434476713	-21.6327530476068	0.0106365434476713	51.6367567952427	2.50005237529162	-21.6327530476068	2.50005237529162	81.3223862228973
5200000	5.31384009122861	-7.86666272686934	-11.7782784298446	-7.86666272686934	59.4119458420892	9.85191150222044	-11.7782784298446	9.85191150222044	56.606486810232
5210000	3.14922610085845	-0.489572671075159	-11.6948600707397	-0.489572671075159	55.1124452110703	5.75280059178715	-11.6948600707397	5.75280059178715	78.2908066153
5220000	2.27294250295498	-3.63784611128734	-5.9573661319063	-3.63784611128734	56.8659844776598	13.7014761826799	-5.95736613190631	13.7014761826799	59.0932093458806
5230000	9.36053767953126	-9.57560480411667	-15.3216030728043	-9.57560480411667	80.1144635724901	14.5430466474887	-15.3216030728043	14.5430466474887	67.9053312421684
5240000	3.78067676213255	-4.26197854545399	-6.52112844677717	-4.26197854545399	66.3464922632242	18.6557392266235	-6.52112844677717	18.6557392266235	52.8426590253784
5250000	2.07446344549212	-4.43217630590314	-8.32503723691426	-4.43217630590314	59.1523266789386	12.7191892583368	-8.32503723691426	12.7191892583368	82.8155477949741
5260000	6.20476380558162	-7.26077289405272	-13.8436316630149	-7.26077289405272	55.0945834637183	14.4057234887357	-13.8436316630149	14.4057234887357	55.8536405514188
5270000	2.72984604845973	-4.33165705825477	-9.31517820397619	-4.33165705825477	56.6070759842276	10.9812403372424	-9.31517820397619	10.9812403372424	58.9075936307681
5280000	1.2229276948458	-0.833670652192601	-6.48650371455383	-0.833670652192602	47.8857832461951	20.3588618087293	-6.48650371455383	20.3588618087293	77.0024442771152
5290000	4.85579210801092	-6.49620044757109	-7.88789574879291	-6.49620044757109	79.6006791340635	-7.97362384694582	-7.88789574879291	-7.97362384694582	58.8273586599448
5300000	2.7364375727454	-1.68499219747486	-10.5683097722641	-1.68499219747486	56.0870491424923	8.69211917824463	-10.5683097722641	8.69211917824463	79.9463640865145
5310000	5.52422821254361	3.03093688057845	-13.032097207386	3.03093688057845	65.210977886622	-0.667038523257143	-13.032097207386	-0.667038523257142	60.7787294790205
5320000	9.20096867074083	-7.6094997332519	-12.4188147910482	-7.6094997332519	57.0213827081888	2.9995277345838	-12.4188147910482	2.9995277345838	49.9998127346758
5330000	3.8733941168931	-1.11197873460626	-9.33851741372159	-1.11197873460626	63.7241188853426	16.1633132677705	-9.33851741372159	16.1633132677705	71.3148059631712
5340000	9.20440095164383	-5.12896693326633	-17.6476876207749	-5.12896693326633	65.4676381416119	16.6747748345166	-17.6476876207749	16.6747748345166	67.1057322822245
5350000	6.12149395012535	-0.0114219444497602	-10.184081766856	-0.0114219444497603	48.1389941743953	6.28627219715644	-10.184081766856	6.28627219715643	55.7992927676824
5360000	3.08806383059715	-0.982710551422744	-5.94617841201736	-0.982710551422744	52.7818082544399	5.22843761170229	-5.94617841201736	5.22843761170229	44.0002537636977
5370000	7.93094216228468	-3.3668988336637	-11.4473394066913	-3.3668988336637	63.507076900237	3.962361921451	-11.4473394066913	3.962361921451	43.8238331796176
5380000	1.90193455246905	-2.82262658341903	-5.0998972460799	-2.82262658341903	51.2542455596674	3.54410103756016	-5.0998972460799	3.54410103756015	47.0696604645251
5390000	1.74810348414543	-5.02069227030586	-8.991945962764	-5.02069227030586	76.86519187149	26.149205632503	-8.991945962764	26.149205632503	88.6186126962774
5400000	5.60540205945847	-0.11165581855558	-11.7579757706294	-0.11165581855558	85.6031803537479	7.34191720585777	-11.7579757706294	7.34191720585777	59.7796654988649
5410000	5.99383005782735	-8.27425537059904	-10.8083679182019	-8.27425537059904	70.6433917485065	7.78718920791593	-10.8083679182019	7.78718920791593	54.4090707832203
5420000	22.8011726185855	-2.82532264121869	-29.1289678071219	-2.82532264121869	51.3958578897184	3.22522569921416	-29.1289678071219	3.22522569921416	63.5856323469584
5430000	12.0803591064801	-1.89603841113811	-11.4501591571	-1.89603841113811	58.9473825798295	6.64576677680579	-11.4501591571	6.64576677680579	52.525612349874
5440000	17.8884305559811	-8.59453879350533	-23.1243932023216	-8.59453879350533	62.6965267174058	8.12784074916839	-23.1243932023216	8.12784074916839	61.8259145414606
5450000	5.96442364826755	5.58373940284643	-11.756710266685	5.58373940284643	86.6838157589655	-17.1471215916256	-11.756710266685	-17.1471215916256	63.1910391337529
5460000	5.42732441537899	-3.53670666924258	-9.40301091359128	-3.53670666924258	64.3431334727608	13.3125179910751	-9.40301091359128	13.3125179910751	41.8496930370044
5470000	16.6905396759832	5.24229832247742	-19.8380321696623	5.24229832247743	74.4026448586523	9.10155593276628	-19.8380321696623	9.10155593276629	56.876390962973
5480000	6.65632517616264	-6.63516556476564	-10.1977761889986	-6.63516556476564	75.0187256728621	16.2993979499911	-10.1977761889986	16.2993979499911	57.9971129209431
5490000	3.509790950549	-5.4437568056023	-5.79969314432214	-5.4437568056023	62.5062947189561	4.23838838709877	-5.79969314432214	4.23838838709876	50.4573122803116
5500000	1.04636358956931	-2.63933519088708	-4.29074396876471	-2.63933519088708	51.2004922078836	9.70864331293171	-4.29074396876471	9.70864331293171	57.618148743063
5510000	2.29145023807432	-2.90725259948325	-7.00415390280147	-2.90725259948325	71.3983347975576	5.61655800618026	-7.00415390280147	5.61655800618026	46.5671896145676
5520000	3.22157145256362	-0.226815958114215	-10.0339924662215	-0.226815958114215	38.3973611248001	3.07137211488264	-10.0339924662215	3.07137211488264	49.1700054737105
5530000	1.52050254755171	-0.760805467539209	-6.24743786493278	-0.76080546753921	57.8217138443663	-11.2364705806646	-6.24743786493278	-11.2364705806646	73.5659240109274
5540000	2.57333838316768	0.583554699210446	-4.71569473989074	0.583554699210446	66.6006308423042	-1.17793433988456	-4.71569473989074	-1.17793433988456	49.7676130248453
5550000	2.88055306666404	-0.305382075803138	-6.94787412221735	-0.305382075803138	47.510393764223	6.62012388869934	-6.94787412221735	6.62012388869934	64.8996827771146
5560000	8.53748573297596	-1.62465735450615	-12.8679768624054	-1.62465735450615	48.7598024675234	5.84243916998481	-12.8679768624054	5.84243916998481	52.7236915005657
5570000	10.6844039057883	-1.64363542285558	-16.0468896657196	-1.64363542285558	41.3025853949491	-2.26399278312761	-16.0468896657196	-2.26399278312761	58.2954971052329
5580000	4.3711718276298	-1.118575253288	-12.1889965477823	-1.11857525328799	75.2607413645535	-10.0022042342419	-12.1889965477823	-10.0022042342419	83.7347164457707
5590000	38.3977025196075	-12.0582068473337	-43.8396813169991	-12.0582068473337	50.3548649389422	11.3318759267177	-43.8396813169991	11.3318759267177	81.018294067066
5600000	15.5056494477364	0.0212176395111572	-16.2137088403568	0.0212176395111568	48.1804544664611	8.84168702265701	-16.2137088403568	8.84168702265701	61.1498832535434
5610000	7.59587204068384	-2.35286775337019	-10.7637357801712	-2.35286775337019	47.6020327442696	4.92428372764684	-10.7637357801712	4.92428372764684	61.7908945782588
5620000	13.2526074475808	-12.7270375458665	-15.5500212004268	-12.7270375458665	61.3068912479544	10.5143903399938	-15.5500212004268	10.5143903399938	48.7596074873008
5630000	4.72273678983742	-7.55285626927037	-8.63510020306246	-7.55285626927036	54.0293461801925	19.3386839365906	-8.63510020306246	19.3386839365906	80.2674200236527
5640000	2.88904056751853	-1.73762928625207	-8.00295665781735	-1.73762928625207	78.9293246157997	10.4959825609075	-8.00295665781735	10.4959825609075	53.8028401638473
5650000	2.39668387636148	3.4095742507285	-4.2105861136181	3.4095742507285	48.1951638224694	20.2795597390878	-4.2105861136181	20.2795597390878	64.7327533996133
5660000	4.03851156198234	-3.844538206822	-9.05652733834864	-3.844538206822	49.7028767221542	4.84929991690057	-9.05652733834864	4.84929991690057	58.5993599055144
5670000	10.0958124000051	-5.10351116137832	-15.4568497104288	-5.10351116137832	63.9296906853033	7.15682696183079	-15.4568497104288	7.15682696183079	41.4226694914192
5680000	2.65177023981038	1.37993788071167	-8.22677127934514	1.37993788071167	60.4479614052358	26.7921315893196	-8.22677127934514	26.7921315893196	97.6677048714384
5690000	3.10453312960666	-0.234523574142278	-9.09268839623549	-0.234523574142278	99.6093900881939	18.9823576879822	-9.09268839623549	18.9823576879822	74.3780566858245
5700000	1.00524398265049	0.501860279533842	-2.94282357942469	0.501860279533842	63.4819495953732	5.06882755010071	-2.94282357942469	5.06882755010071	44.9402687845689
5710000	4.31426921831033	-10.2926205332322	-11.0545195304206	-10.2926205332322	85.176669809245	2.48145002433089	-11.0545195304206	2.48145002433089	65.374391365308
5720000	3.28780265035134	-3.39954047062948	-9.1454303953437	-3.39954047062948	68.7663782510462	5.27816384421663	-9.1454303953437	5.27816384421663	67.6445063623242
5730000	2.0295029253072	-0.584416470963843	-6.12918542202917	-0.584416470963843	61.9837845430647	5.57784588081156	-6.12918542202917	5.57784588081156	47.793125811024
5740000	1.92731518456699	-5.009498818689	-4.01850924728287	-5.009498818689	60.2068473334439	6.55817848169543	-4.01850924728287	6.55817848169543	52.4581628949145
5750000	2.84563954318779	-2.52754732859703	-5.91632905006886	-2.52754732859703	57.520363434946	7.34587957459792	-5.91632905006886	7.34587957459792	66.0769382861277
5760000	25.4038453372532	-6.3238798321162	-24.3269875606293	-6.32387983211619	44.6623493224733	7.92034010029735	-24.3269875606293	7.92034010029735	57.1308658644032
5770000	5.22139755443498	3.76249402266458	-9.53370636955027	3.76249402266458	65.542736900408	7.49881679486571	-9.53370636955027	7.49881679486571	60.3266965678815
5780000	7.07728290077456	-3.03640774705371	-14.575217431831	-3.03640774705371	61.4412815139963	11.9475964669472	-14.575217431831	11.9475964669472	79.8923689622245
5790000	5.24542987622144	-7.77126490729103	-13.1099941597961	-7.77126490729103	52.6494694355829	13.0802896277803	-13.1099941597961	13.0802896277803	59.5371825041337
5800000	10.2700067295342	-3.30418380210901	-9.739025349167	-3.30418380210901	69.3289723126172	-4.36390901800452	-9.739025349167	-4.36390901800452	47.961129601294
5810000	36.3274396415765	-20.141577897314	-31.9306109809836	-20.141577897314	69.3745315404282	10.8262237983056	-31.9306109809836	10.8262237983056	53.9920141337388
5820000	5.5538196330745	-1.93859183289022	-15.7093483415238	-1.93859183289022	64.5503023247777	2.14403610118968	-15.7093483415238	2.14403610118968	69.0518965899127
5830000	3.50476181807217	-1.62517756896431	-11.7212624975036	-1.62517756896431	51.6900897129545	8.77047706650503	-11.7212624975036	8.77047706650503	73.4724291569484
5840000	2.92005021138015	-3.64688234456841	-10.5859077254572	-3.64688234456841	54.2226744965784	4.90651378424982	-10.5859077254572	4.90651378424982	80.5893766261465
5850000	6.15636072120234	-8.4295673755339	-11.6306783087422	-8.4295673755339	72.84454783257	13.2573067609725	-11.6306783087422	13.2573067609725	65.7996794687309
5860000	7.60726062578967	-3.27100391910076	-18.8923923203765	-3.27100391910076	56.9671350267524	23.8546044182366	-18.8923923203765	23.8546044182366	80.4342401432347
5870000	4.90023387510749	-6.10479942704487	-11.0094113397548	-6.10479942704488	50.1214897961004	10.3549647583665	-11.0094113397548	10.3549647583665	74.8816388462235
5880000	3.95178380580873	-0.898553758328835	-10.574874396979	-0.898553758328835	57.1260999537747	0.185077169310493	-10.574874396979	0.185077169310493	68.535310560637
5890000	8.62831195449324	2.01626921354473	-9.36214785765217	2.01626921354473	62.2987550994181	6.68326483281307	-9.36214785765217	6.68326483281307	46.4155838601176
5900000	11.2966619060225	2.93951136160454	-12.995416067165	2.93951136160454	48.9782292081202	2.4138697578945	-12.995416067165	2.4138697578945	46.22362724532
5910000	5.38198465023005	-1.46827970095336	-11.648106613863	-1.46827970095336	51.6862374552265	3.97553949842377	-11.648106613863	3.97553949842377	56.6651277648241
5920000	1.29363940941313	-2.47109536233022	-4.6607651148195	-2.47109536233022	75.3257902636567	20.4949216877402	-4.6607651148195	20.4949216877402	46.7060027822492
5930000	5.09268388895152	4.82791707473653	-13.3649888023096	4.82791707473653	50.5560431957359	-4.79630337909785	-13.3649888023096	-4.79630337909785	81.9614042803493
5940000	3.1756604188419	0.287965852201863	-9.46687663290982	0.287965852201862	65.1272706304204	24.2929308610997	-9.46687663290982	24.2929308610997	70.6311256040973
5950000	2.34804232064101	-1.23989116064977	-9.62902339644031	-1.23989116064977	72.0193905380085	2.56678598655901	-9.62902339644031	2.56678598655901	75.9242505634179
5960000	1.99108222262905	-0.492158562227662	-3.01611520835918	-0.492158562227662	44.425376731754	7.0896295615503	-3.01611520835918	7.0896295615503	47.4547177915936
5970000	1.08143947760539	-1.93029656580131	-3.26216502432822	-1.93029656580131	39.068419389576	5.38642210824082	-3.26216502432822	5.38642210824082	49.9556486995808
5980000	1.74537269937671	0.793855274796421	-6.52933595984336	0.793855274796421	74.8047326225063	2.74417909980469	-6.52933595984336	2.74417909980469	50.699955626617
5990000	2.50046598943384	-4.73923727213874	-8.73769578653648	-4.73923727213874	92.1730066818016	12.9296482800158	-8.73769578653648	12.9296482800158	60.7345191745967
6e+06	12.0866993695229	-9.90913702427843	-17.5675972405947	-9.90913702427843	59.548952324955	16.8663465089858	-17.5675972405947	16.8663465089859	66.0029172978192
6010000	11.879770631693	-1.2426256869228	-20.5349130962112	-1.2426256869228	56.3837687355024	1.0708502858181	-20.5349130962112	1.0708502858181	63.8773081699256
6020000	6.73612250670025	0.154029022859644	-12.995711941658	0.154029022859644	50.038578160147	4.42958682655871	-12.995711941658	4.42958682655871	55.5711096732867
6030000	3.4583279173905	-4.20051867070743	-10.2942387354587	-4.20051867070743	59.5440815221823	9.67209229346025	-10.2942387354587	9.67209229346025	56.2242605497264
6040000	2.52097378661857	-1.79712728798639	-7.89503750665734	-1.79712728798639	75.4495092567007	16.5798500928447	-7.89503750665734	16.5798500928447	49.1405017276298
6050000	1.30184352379057	-1.40956567433415	-5.72825731668265	-1.40956567433415	46.0783782269409	-1.91830074772308	-5.72825731668265	-1.91830074772308	69.0920433088168
6060000	3.40309417215688	-3.85376133179138	-9.02966117798253	-3.85376133179138	50.2745029497582	3.52686235122207	-9.02966117798253	3.52686235122208	56.825908230498
6070000	3.92397941376743	-3.38138851183855	-8.48147748296267	-3.38138851183855	62.9560684257332	-5.53134657381991	-8.48147748296267	-5.5313465738199	41.1852654882623
6080000	3.19941337194645	-0.730391072005706	-5.28487934269199	-0.730391072005706	49.9915085064395	7.82439436826644	-5.28487934269199	7.82439436826644	48.7925751426243
6090000	2.00486756421339	-1.38515513075846	-7.41710880548172	-1.38515513075846	50.0984598974928	9.84042004900153	-7.41710880548172	9.84042004900153	56.6756824835638
6100000	1.60771336260578	1.15025740216791	-3.88763519799389	1.15025740216791	67.916561330125	10.4586919277733	-3.88763519799389	10.4586919277733	48.9668652378723
6110000	1.31008877531002	-0.406919622862541	-4.42580760568632	-0.406919622862541	50.561405725386	4.65247451818986	-4.42580760568632	4.65247451818986	42.1525920629525
6120000	4.32598791323336	-6.04543440547624	-9.38161568900056	-6.04543440547624	62.9363118290824	11.4634389178265	-9.38161568900056	11.4634389178265	55.9973886369481
6130000	2.48094486364354	-2.57461084834476	-10.6418779628462	-2.57461084834476	51.3536576091123	12.6041451915914	-10.6418779628462	12.6041451915914	83.1602048860228
6140000	4.30926177745501	-5.81506123619563	-10.025201774343	-5.81506123619563	54.1809200216084	11.424462187323	-10.025201774343	11.424462187323	58.0293655946333
6150000	12.4988240011794	-2.67564631915727	-15.5049211718522	-2.67564631915727	51.0365044866607	4.95243801962739	-15.5049211718522	4.95243801962739	40.728921844134
6160000	6.06416422303197	-5.48714414612643	-9.59878830423141	-5.48714414612643	57.7375748020573	10.8022379342037	-9.59878830423141	10.8022379342037	61.7672748823992
6170000	9.02355489104712	-5.33605595566683	-21.3854803135455	-5.33605595566683	64.3465386703995	9.27433358584312	-21.3854803135455	9.27433358584312	83.7329959688764
6180000	15.6900552733101	13.9197591077712	-18.0032631141474	13.9197591077712	80.333422989059	-7.41277337780731	-18.0032631141474	-7.41277337780731	56.6628069931995
6190000	13.3488994597122	-14.0741481530224	-19.7016714702099	-14.0741481530224	67.7324445482721	13.9189431020481	-19.7016714702099	13.9189431020481	64.0565469643533
6200000	3.7122767319635	-6.75321966971261	-8.15408452361852	-6.75321966971261	61.4294918383904	10.7882704659903	-8.15408452361852	10.7882704659903	61.0206088262631
6210000	2.61567395880526	-2.30528354164582	-7.09112557922696	-2.30528354164582	54.8697156331497	14.4702332343732	-7.09112557922695	14.4702332343732	63.3995334194631
6220000	3.63693558930229	0.934135645515164	-4.94798951051988	0.934135645515163	73.1160301728446	19.473304673119	-4.94798951051988	19.473304673119	56.5162449344916
6230000	9.86438484447264	3.33718334044974	-13.9857306784247	3.33718334044974	46.3705084640877	0.983986801755686	-13.9857306784247	0.983986801755687	49.9751170874782
6240000	2.59233545034752	-3.60144733266882	-8.54500301579777	-3.60144733266882	88.1154352498085	21.7106363529059	-8.54500301579777	21.7106363529059	54.1566096466546
6250000	9.01903641282589	12.1964502662538	-13.5883533088864	12.1964502662539	82.6602925779462	-12.5189620452755	-13.5883533088864	-12.5189620452755	64.7671685004787
6260000	4.07724338808809	-11.2710054904514	-5.51845044698144	-11.2710054904514	108.401134667116	5.97365241209055	-5.51845044698144	5.97365241209055	57.0554349917304
6270000	2.53112762830844	-1.81552592175623	-7.23149530958296	-1.81552592175623	41.5218721705917	4.35874448890388	-7.23149530958296	4.35874448890388	48.6599509900335
6280000	6.60405837987601	-2.57058158117813	-15.1143386817565	-2.57058158117814	52.2086662119029	14.2009558023868	-15.1143386817565	14.2009558023868	74.7136476436182
6290000	12.9714953667904	-10.031165081678	-17.780174514358	-10.031165081678	67.3162291809796	10.8978808007873	-17.780174514358	10.8978808007873	52.8263827279357
6300000	3.49132104393936	-0.555012620429575	-13.0011584682482	-0.555012620429575	36.7194188325743	3.45994758132242	-13.0011584682482	3.45994758132242	81.5962912755139
6310000	1.84757687556848	-2.7738179076491	-5.71493204518177	-2.7738179076491	57.8963403018786	5.5729588669675	-5.71493204518177	5.5729588669675	42.1366441144999
6320000	4.20737430615873	1.27151447579291	-8.02960247889562	1.27151447579291	61.4544196199712	6.95764708232218	-8.02960247889561	6.95764708232218	41.5066677885176
6330000	15.5051836286468	-4.7010848363798	-15.1486981047583	-4.7010848363798	46.611544422001	12.2333370420397	-15.1486981047583	12.2333370420397	56.0463759431302
6340000	15.4810191978082	-16.3109349906944	-20.3977094476753	-16.3109349906944	80.563187735723	16.387939224451	-20.3977094476753	16.387939224451	78.5848459086394
6350000	9.13873894856918	-10.5750303463095	-20.4695002811222	-10.5750303463095	67.1319948478564	12.654007212434	-20.4695002811222	12.6540072124341	65.4422817936767
6360000	7.0605694915677	-4.10808867038661	-11.6165934910963	-4.1080886703866	53.978191132426	8.48606475927565	-11.6165934910963	8.48606475927565	46.9989494516446
6370000	4.10852233258962	1.17643064685367	-11.5227985855101	1.17643064685368	66.4843172436036	-9.45329109727258	-11.5227985855101	-9.45329109727258	78.0253225319017
6380000	4.29404297034642	1.26995225098864	-9.68718661158823	1.26995225098864	51.1480831008491	3.2245505135111	-9.68718661158823	3.2245505135111	53.6920832381124
6390000	9.39743890227949	-6.69782189659522	-15.9613737683036	-6.69782189659522	55.0318057261667	3.01031877122772	-15.9613737683036	3.01031877122772	62.2868750625724
6400000	2.43501836497663	1.07336749660117	-5.49867153134479	1.07336749660117	51.4809191870764	4.5724490792751	-5.49867153134479	4.5724490792751	61.2833428258493
6410000	1.57134790583809	-0.818772591107107	-4.89904948161001	-0.818772591107107	39.9426901430393	8.75410871070285	-4.89904948161001	8.75410871070285	61.8446920148846
6420000	4.85275423363185	1.11363083844137	-9.59579090304726	1.11363083844137	57.5167466030931	7.20665974214047	-9.59579090304726	7.20665974214047	59.9367744594331
6430000	25.8976770537435	-9.57180180090758	-34.5109418266835	-9.57180180090758	56.2866550380051	29.1377480834471	-34.5109418266835	29.1377480834471	82.4071262417451
6440000	23.4861889483158	-3.76127675477205	-23.3654461501624	-3.76127675477205	58.5216066133664	1.93338832251453	-23.3654461501624	1.93338832251453	54.4226379269805
6450000	18.5680291945649	-12.707874704118	-19.9752316057068	-12.707874704118	52.7479468248726	13.9580472617835	-19.9752316057068	13.9580472617835	61.0214151546515
6460000	6.24739156720253	-3.70350018914838	-11.6842317594263	-3.70350018914839	48.3570260648652	13.9041446844916	-11.6842317594263	13.9041446844916	55.3464158771348
6470000	9.85383628806877	-5.29549679015005	-14.7298531787983	-5.29549679015005	73.3477450289712	2.07172783440652	-14.7298531787983	2.07172783440652	48.3296170156863
6480000	9.84241434852517	3.43664915317193	-12.2688507893523	3.43664915317193	49.1102485062128	6.52510977045246	-12.2688507893523	6.52510977045247	93.4497783332746
6490000	7.81833026174238	-8.94267332007386	-9.92409107332096	-8.94267332007386	71.9445704032972	9.0528443804618	-9.92409107332095	9.0528443804618	47.5223537574184
6500000	26.3382229248713	-6.51269966673318	-25.2858189188599	-6.51269966673318	49.4151272218557	9.92741420191648	-25.2858189188599	9.92741420191648	63.6291814444099
6510000	27.5959872975177	-15.5030694995741	-31.2258224431621	-15.5030694995741	57.1862241232987	11.4681257793043	-31.2258224431621	11.4681257793043	59.7677229575745
6520000	29.0361305797637	-5.9755060086425	-19.5586610903145	-5.9755060086425	64.1269951583278	11.4984933897479	-19.5586610903145	11.4984933897479	45.4529253614524
6530000	7.86351609823568	-3.20466238642247	-12.8756276398096	-3.20466238642246	59.6562852166082	13.8241138386413	-12.8756276398096	13.8241138386413	56.7603080670917
6540000	2.98479214114495	-4.52243753829945	-8.23459194221768	-4.52243753829945	81.3128934720822	12.3421421467617	-8.23459194221768	12.3421421467617	49.147563105083
6550000	2.09327618060086	-3.85940709273182	-6.23615682517074	-3.85940709273182	63.771364778637	13.3147797945587	-6.23615682517074	13.3147797945587	56.0416264216376
6560000	1.87171794890643	-0.433565053034356	-4.48060585601406	-0.433565053034356	52.5306677959508	2.66994253004313	-4.48060585601406	2.66994253004313	55.7262645131625
6570000	3.18503606560259	-3.15627533507094	-7.47716569600917	-3.15627533507095	42.6023499571396	2.22652639119378	-7.47716569600917	2.22652639119378	49.0447911634828
6580000	3.20843456950762	-1.92406720614044	-7.17959912997429	-1.92406720614044	62.4860270128484	8.04938994336509	-7.17959912997429	8.04938994336509	48.4936928127078
6590000	1.46889464720604	-4.40710276303977	-6.13326602156616	-4.40710276303977	83.6251138639384	15.8263259550255	-6.13326602156616	15.8263259550255	53.4869358674217
6600000	1.41629795679504	-0.857549376203438	-4.5098115291023	-0.857549376203437	43.46991072259	14.464590922082	-4.5098115291023	14.464590922082	50.5283408822656
6610000	1.91043597389207	-4.11248002435602	-6.60891369791901	-4.11248002435602	55.828562938037	20.9825421277047	-6.60891369791902	20.9825421277047	67.5284753111085
6620000	2.77142900814393	-1.87626617866036	-9.7908260243916	-1.87626617866036	39.6188581075834	7.06432950831673	-9.7908260243916	7.06432950831673	77.5027904354477
6630000	1.21608269125407	-1.64746490295809	-6.49167092870646	-1.64746490295809	64.0825803976863	8.68835425574038	-6.49167092870646	8.68835425574038	69.5399290790125
6640000	5.38433299834234	-4.62875294541403	-7.82378456654962	-4.62875294541403	58.1563610659893	5.24333660420929	-7.82378456654962	5.24333660420929	47.7732247857699
6650000	1.68355200630039	-1.78935674378964	-3.22554025074811	-1.78935674378964	73.0464888103309	2.90706594065592	-3.22554025074811	2.90706594065592	46.680786214825
6660000	6.02656382676506	-2.45786466701982	-11.8695872810927	-2.45786466701982	58.9084861203779	2.44382159123622	-11.8695872810927	2.44382159123622	50.7163270791714
6670000	4.44789716834797	0.886700786232561	-12.0141737111887	0.886700786232561	70.878555205475	23.2099556295201	-12.0141737111887	23.2099556295201	81.5831657992708
6680000	2.06761202656073	-3.58936869214532	-6.19961905083568	-3.58936869214532	91.4690762968656	17.4152743726509	-6.19961905083568	17.4152743726509	69.5718704506731
6690000	3.00168835072	-1.91586070050254	-8.46638758360374	-1.91586070050254	48.895606871565	6.37411838483798	-8.46638758360374	6.37411838483798	51.193704569043
6700000	4.470493114278	-9.66727938417267	-7.38865147866451	-9.66727938417267	78.236314197397	13.8592914076553	-7.38865147866451	13.8592914076553	50.7946867322959
6710000	1.2210156067012	-2.36547121276978	-2.79015852729251	-2.36547121276978	52.7376822003185	15.0108845123647	-2.79015852729251	15.0108845123647	58.7796041706327
6720000	2.18853134892298	-3.17875494440264	-9.30660677249388	-3.17875494440264	98.751431042445	24.2084516906147	-9.30660677249388	24.2084516906147	73.8192738578431
6730000	4.12371980359913	-0.480182286102849	-8.6355801620908	-0.480182286102848	71.5746319747513	11.1756523280847	-8.6355801620908	11.1756523280847	64.6629415530912
6740000	6.08088207311204	-3.28479373907768	-10.2904085262752	-3.28479373907768	56.8558325636236	9.03564859827788	-10.2904085262752	9.03564859827788	53.5166652204755
6750000	2.58758081471142	-1.17641908690251	-6.98147979974142	-1.17641908690251	58.7147555639014	1.56417656260205	-6.98147979974142	1.56417656260205	50.7020459218108
6760000	4.45692264301519	-2.9822003538272	-9.02836864399913	-2.9822003538272	54.0728217342708	0.143808790210675	-9.02836864399913	0.143808790210676	49.0783553604473
6770000	2.63489460077486	1.69393884765749	-6.23665837690461	1.69393884765749	67.8973676985912	6.00920200360674	-6.23665837690461	6.00920200360674	52.1529890365509
6780000	0.718297728678477	-0.491170686889097	-2.43604996706785	-0.491170686889098	42.2389466884591	-2.00976215710117	-2.43604996706785	-2.00976215710117	52.6132475583502
6790000	2.53955257299076	-2.8707531916848	-10.2886731109008	-2.8707531916848	56.3343266639008	21.0783017780094	-10.2886731109008	21.0783017780094	71.5078228413136
6800000	2.79860765884145	0.200282362206246	-8.31453276809549	0.200282362206246	59.3317751512705	1.28757019291989	-8.31453276809549	1.28757019291989	64.7600338752374
6810000	13.4238888413676	4.84551824404973	-16.9170221993098	4.84551824404973	75.3397959602513	-4.64460116332866	-16.9170221993098	-4.64460116332866	51.3818172005308
6820000	2.77924217888819	-5.0301624679802	-8.42805654593418	-5.0301624679802	55.9812208912061	17.2512504667739	-8.42805654593418	17.2512504667739	54.3702609864083
6830000	9.45897820141969	-3.80778525853686	-12.0094475911195	-3.80778525853686	55.5925132942902	9.0710348172411	-12.0094475911195	9.0710348172411	59.7658915255369
6840000	2.27797617439814	-3.08420147912471	-6.71910387335058	-3.08420147912471	60.8128892476549	15.80310598086	-6.71910387335058	15.80310598086	52.4021460189711
6850000	8.17437504080316	1.69165761204755	-14.1857548799127	1.69165761204755	57.7530328670741	10.3274672304082	-14.1857548799127	10.3274672304082	72.3137910469692
6860000	7.16375581073928	-6.21685065482853	-11.7951319206552	-6.21685065482853	52.1880650483692	16.1928266431935	-11.7951319206552	16.1928266431935	58.8623525034415
6870000	3.59740887177778	-1.18280286461215	-10.9047952196885	-1.18280286461215	45.3449288323754	6.41825426625925	-10.9047952196885	6.41825426625925	62.4138753095325
6880000	2.99699888726359	-2.33888356846672	-8.69583983522676	-2.33888356846672	54.4887780741846	7.4137387166855	-8.69583983522676	7.4137387166855	57.4996352229533
6890000	2.59289727660233	-0.93557650408561	-6.17335751121135	-0.93557650408561	58.389316054677	-3.11976942190358	-6.17335751121135	-3.11976942190358	42.9521598856834
6900000	3.92603880139396	-4.63879208632638	-8.56982884949822	-4.63879208632638	78.3072708762036	29.0844633867385	-8.56982884949822	29.0844633867385	59.556963522131
6910000	6.43727996276385	-6.6062619097309	-13.1973739591066	-6.6062619097309	86.1102710954174	-1.97073197806235	-13.1973739591066	-1.97073197806235	76.2414235770245
6920000	3.39956009526988	-1.59288490917467	-5.60425038247676	-1.59288490917466	50.7833286865312	9.23301526537023	-5.60425038247676	9.23301526537023	46.9756281333941
6930000	5.05128520109297	-7.37459443790633	-13.0289951054294	-7.37459443790633	56.8510984309843	16.8814258851204	-13.0289951054294	16.8814258851204	61.4494135253839
6940000	2.37171374470303	0.439277168750842	-8.8532269916227	0.439277168750842	62.4023799244341	-1.17011064275426	-8.8532269916227	-1.17011064275426	65.1119409648303
6950000	1.90176097665213	-0.399145933053066	-5.02890273436917	-0.399145933053066	51.5619630074829	4.99268624917245	-5.02890273436916	4.99268624917245	47.8982693646772
6960000	4.01228660346175	-5.39304088799761	-10.2352594487389	-5.39304088799761	66.2149046415655	18.0697929126699	-10.2352594487389	18.0697929126699	57.1677226735428
6970000	3.47774337544227	0.607390027304497	-2.86799798740123	0.607390027304497	53.1572844316447	4.29694961766903	-2.86799798740123	4.29694961766903	62.7435109116638
6980000	3.1541473677163	-3.39968967088952	-3.71524468906286	-3.39968967088952	62.2879779160894	13.9054064868204	-3.71524468906286	13.9054064868204	57.8324547871229
6990000	6.7119745796521	-5.368831268372	-15.4325945881024	-5.368831268372	56.6400863730964	8.06454735846465	-15.4325945881024	8.06454735846465	54.6427708990249
7e+06	3.24027213403931	0.613799979551638	-7.14284454059296	0.613799979551638	44.0683108896455	4.13614625573591	-7.14284454059296	4.13614625573591	44.4504663479516
7010000	4.30946864897121	-1.94383623235493	-4.9252018321246	-1.94383623235493	51.3601955063633	7.48798600091998	-4.9252018321246	7.48798600091998	42.6076943274562
7020000	3.92586202436987	-3.9427232003574	-11.5133713508526	-3.9427232003574	63.7589084679642	9.12058946128569	-11.5133713508526	9.12058946128569	59.1591416119969
7030000	2.22544427460241	-1.14580029379764	-3.7046044419184	-1.14580029379764	81.5696217948474	19.1624824771382	-3.7046044419184	19.1624824771382	53.317902933361
7040000	2.32001373308997	0.249323749055464	-8.06206831675032	0.249323749055464	68.222192513378	2.36576839026068	-8.06206831675032	2.36576839026068	55.9853958653704
7050000	3.37570742232214	1.31819485946281	-8.79561516604862	1.31819485946281	66.0689165228762	-2.57533264227389	-8.79561516604862	-2.57533264227389	62.6170717910934
7060000	1.2698214533805	-1.09457367459444	-5.63729021126451	-1.09457367459444	53.661139101037	12.8041175017441	-5.63729021126451	12.8041175017441	72.3814881018493
7070000	3.34794708701468	-2.44623758668954	-8.72902104551844	-2.44623758668954	47.0728627040268	5.40051863894557	-8.72902104551844	5.40051863894557	51.2621128005233
7080000	2.37354615971899	2.21038789856848	-7.03699399138126	2.21038789856848	46.763876105774	1.95021777162426	-7.03699399138126	1.95021777162426	53.5860338896121
7090000	2.79619901905675	-2.82326309302456	-7.92317436535901	-2.82326309302456	68.3317720836374	15.9618468951315	-7.92317436535901	15.9618468951315	68.5703570828389
7100000	2.96605463488414	-7.65830472922862	-7.5269019693225	-7.65830472922862	78.356444393321	1.38880653409031	-7.5269019693225	1.38880653409032	53.6701211908997
7110000	3.3567886832378	-1.95183175616077	-6.68053086861688	-1.95183175616077	71.682616555144	12.5805134966266	-6.68053086861688	12.5805134966266	59.355287716253
7120000	4.62848917414497	-4.06061975409742	-11.6488334664478	-4.06061975409742	59.2173010334994	4.22278869239964	-11.6488334664478	4.22278869239964	57.0441427920746
7130000	4.45847146181556	-1.44499734411127	-12.8018129120727	-1.44499734411127	69.8479012214675	0.458370646659595	-12.8018129120727	0.458370646659594	64.3197829704035
7140000	7.33405544117176	-3.35936403875787	-11.579310236948	-3.35936403875787	75.980179621738	6.48891168227156	-11.579310236948	6.48891168227156	70.0561891982441
7150000	4.37979088951665	-2.17709039132012	-12.1123387121734	-2.17709039132012	67.2561150583796	5.44926950473728	-12.1123387121734	5.44926950473729	66.6234393112786
7160000	2.98001213500546	-1.72130100641277	-6.89713527702906	-1.72130100641277	68.6970411065649	8.42629287358283	-6.89713527702906	8.42629287358283	57.8829591072839
7170000	8.88051425106204	-8.50712973955865	-17.328918337512	-8.50712973955865	53.6009792220465	19.2540042313428	-17.328918337512	19.2540042313428	68.3071521558242
7180000	5.00065880536847	-4.45321910091609	-5.5176130671893	-4.45321910091609	56.4656196825033	12.2798642850827	-5.5176130671893	12.2798642850827	64.3655519142196
7190000	1.961313027439	-0.852020458015158	-7.91245514340282	-0.852020458015158	62.4329453280164	7.63214985145995	-7.91245514340282	7.63214985145995	67.4192078941391
7200000	1.41835580992995	-2.20450144019295	-7.11943472710863	-2.20450144019295	56.7487074576453	3.91082122033293	-7.11943472710863	3.91082122033293	75.0111501666136
7210000	3.00391310001229	-2.34666308156479	-4.30748085764839	-2.34666308156479	78.0317248494373	4.35773302907744	-4.30748085764839	4.35773302907744	40.3782622011484
7220000	4.71790412475279	-8.51376858733626	-8.85265835937548	-8.51376858733626	57.7239246962101	9.30337754835303	-8.85265835937548	9.30337754835303	48.0026878569922
7230000	3.69298252067318	1.28603318168648	-9.95708961850454	1.28603318168648	53.932632677343	15.9490346097495	-9.95708961850454	15.9490346097495	61.4415620151094
7240000	2.42464254444602	-3.22191181947501	-9.37069032943059	-3.22191181947501	58.7897395963862	27.9546179680878	-9.37069032943059	27.9546179680878	95.7026195551805
7250000	2.14238068932592	-2.66241876865755	-7.36174236324106	-2.66241876865755	46.4283725245848	5.84625715463962	-7.36174236324106	5.84625715463962	54.9978409565689
7260000	3.06665149754746	0.741251918121837	-8.20642871290686	0.741251918121837	61.2336735880308	10.0827187887158	-8.20642871290687	10.0827187887158	73.406156628288
7270000	1.09388430976203	-0.342232380990965	-2.80943936497254	-0.342232380990965	39.0534843244281	3.13320899062727	-2.80943936497254	3.13320899062727	41.0775994303049
7280000	3.93884857202345	-1.03833240683786	-9.00508785817282	-1.03833240683786	47.4476525248523	10.5213360700383	-9.00508785817282	10.5213360700383	48.4797868365146
7290000	2.48462395331602	-0.723854628200913	-7.9617990700358	-0.723854628200913	42.7275593574492	-4.97401897230678	-7.9617990700358	-4.97401897230678	55.1962660650664
7300000	1.86335101100203	-3.13024323866844	-4.87427012956293	-3.13024323866844	52.7592893951366	13.7580249716696	-4.87427012956293	13.7580249716696	72.1428585779559
7310000	2.8084569780036	-3.13970253212511	-11.141895058818	-3.13970253212511	60.9441665906093	5.11534327280152	-11.141895058818	5.11534327280152	72.8781997216074
7320000	3.39413303476097	1.49968396937793	-7.73253964051724	1.49968396937793	48.9312941645118	-7.59123380279094	-7.73253964051724	-7.59123380279094	43.624244563931
7330000	2.92779069282885	-3.78832050417292	-6.59771177181106	-3.78832050417292	54.5588481643112	17.0116208381129	-6.59771177181106	17.0116208381129	48.6957865566045
7340000	1.38263026925661	-0.0570661986901115	-1.74301515347589	-0.0570661986901115	59.1905050303278	8.84201609235256	-1.74301515347589	8.84201609235257	47.4753598297373
7350000	2.84708648202116	-5.72492276689597	-5.25101403958819	-5.72492276689597	80.6960707908246	5.01326717219795	-5.25101403958819	5.01326717219795	53.9412917811953
7360000	2.60241974705241	1.89042513407065	-6.79112853122373	1.89042513407065	58.3177597220553	7.27313049572377	-6.79112853122373	7.27313049572377	50.9851374062246
7370000	3.93463312460477	0.455294165433703	-11.4972837405649	0.455294165433702	56.2264148982087	1.17737315879596	-11.4972837405649	1.17737315879596	63.8016736845127
7380000	2.37457142842824	0.354060420898902	-7.23503968372481	0.354060420898902	57.0692040624694	9.61968399987256	-7.23503968372481	9.61968399987256	71.9428530595154
7390000	3.98661748696979	1.26859350669573	-9.55453063774854	1.26859350669574	54.8787292372258	7.32569590175737	-9.55453063774854	7.32569590175737	73.4346684826969
7400000	5.9792322739124	-1.41072504123539	-17.7863908519404	-1.41072504123539	55.0185505133892	11.6316783708424	-17.7863908519404	11.6316783708424	90.3209888834413
7410000	5.83148998790559	-4.55326295658705	-8.73802880333233	-4.55326295658705	65.5041779749811	9.19331798004225	-8.73802880333234	9.19331798004225	58.2920424376143
7420000	2.36731439698925	-0.339254697056223	-6.96678829640833	-0.339254697056223	95.1291041073318	13.0235727654009	-6.96678829640833	13.0235727654009	59.1316839555561
7430000	3.29550683704616	-4.21698480082797	-6.86786808057382	-4.21698480082797	55.122293271275	8.52020145850313	-6.86786808057382	8.52020145850313	67.0503796450832
7440000	3.447669437811	2.69962890932141	-7.51497643805927	2.69962890932141	66.4985810664667	1.23302828616049	-7.51497643805927	1.23302828616049	46.3802287382726
7450000	10.4524597678185	-14.6051945441237	-16.6379935225886	-14.6051945441237	87.6987396652525	13.9020300895188	-16.6379935225886	13.9020300895188	45.069988105391
7460000	7.74131413324455	-14.1208447700211	-13.5032680993495	-14.1208447700211	77.3107828716609	15.209398970418	-13.5032680993495	15.209398970418	58.1702953298022
7470000	6.1693485627445	-3.6837999978826	-17.1034877334731	-3.6837999978826	72.912714542581	-3.18929284656997	-17.1034877334731	-3.18929284656997	101.700901023389
7480000	2.10846569032334	-1.95132671701365	-6.37164957572345	-1.95132671701365	51.2814674513127	9.51761389562486	-6.37164957572346	9.51761389562486	50.8824725363208
7490000	4.43024805691086	-1.96703620962441	-14.3209290459728	-1.96703620962441	37.0338517628159	10.2449173003265	-14.3209290459728	10.2449173003265	74.4528478421624
7500000	4.34914290462543	0.392943543585182	-7.07461749389495	0.392943543585182	64.8646200711532	2.23902294685904	-7.07461749389495	2.23902294685903	49.3442618178749
7510000	6.3982392212933	-1.58204678993713	-11.2729213017012	-1.58204678993713	46.4583352658852	11.5997920656609	-11.2729213017012	11.5997920656609	59.8770547049784
7520000	1.59088546062777	1.49567262380916	-5.87329359130244	1.49567262380916	70.6708221264759	-1.85465951736317	-5.87329359130244	-1.85465951736317	58.6129467071218
7530000	1.77943279882711	2.84039614174885	-3.89526807975862	2.84039614174885	63.0709896069504	-1.9469427179267	-3.89526807975862	-1.9469427179267	49.0645099377324
7540000	3.16710745650447	2.40434272397748	-12.5223856487347	2.40434272397748	78.0638936175862	-4.94526694967517	-12.5223856487347	-4.94526694967517	82.6537442109401
7550000	3.27807118054093	-3.33424070473474	-11.3205887867531	-3.33424070473474	55.5212317428921	17.3434209711274	-11.3205887867531	17.3434209711274	72.4832108920351
7560000	5.41528806582232	-4.95684124725332	-13.3064109697074	-4.95684124725332	51.7905393193094	11.4728765314908	-13.3064109697074	11.4728765314908	51.3829832862493
7570000	2.51177437934565	-4.88018760661866	-8.2003361395509	-4.88018760661866	53.1626950740904	18.7945949146382	-8.2003361395509	18.7945949146382	63.409599225859
7580000	4.45680419565747	-2.08277005775197	-11.3281219366192	-2.08277005775197	78.6390857229487	10.9284805853834	-11.3281219366192	10.9284805853834	65.0547673060981
7590000	5.15493205863297	-0.858447915471654	-8.51784496397332	-0.858447915471654	53.0246952819108	4.71574540758734	-8.51784496397331	4.71574540758734	55.5619301102654
7600000	34.132773158819	-2.29878413366924	-35.4645374126971	-2.29878413366924	65.740280171139	12.0108587988903	-35.4645374126971	12.0108587988903	65.2833841777053
7610000	15.2563327029003	1.99682389234785	-21.5458872553176	1.99682389234785	74.5929543440473	13.8318439631599	-21.5458872553176	13.8318439631599	60.7486949709776
7620000	5.44057554657169	-4.18161426623029	-10.3360658762058	-4.18161426623029	57.3910352755996	-3.07806798972088	-10.3360658762058	-3.07806798972088	50.9475057365175
7630000	2.69954211450701	-4.43131160660437	-7.96807771541715	-4.43131160660437	81.7337416965982	16.5585908042777	-7.96807771541715	16.5585908042777	61.9288106282379
7640000	2.98313779794274	2.2563165037479	-5.84781377821745	2.2563165037479	49.3894148855094	2.42789256023223	-5.84781377821745	2.42789256023223	54.7351942842208
7650000	2.22273200102033	-2.65249656596769	-5.43647470268542	-2.65249656596769	61.8119765314984	6.26285055737769	-5.43647470268542	6.26285055737769	49.3929165906381
7660000	3.86645439564185	-2.26363700248428	-9.33653570259061	-2.26363700248428	50.0642031216984	11.7343829220916	-9.33653570259061	11.7343829220916	67.1661113595047
7670000	4.78834317724011	0.356726875303951	-8.0550265765138	0.356726875303951	54.9786885924533	13.6772887268366	-8.05502657651381	13.6772887268366	58.1272786246027
7680000	5.71930224031931	3.61354168148929	-9.78221796147372	3.61354168148929	74.2528918776224	-1.91904683832131	-9.78221796147372	-1.91904683832131	70.0522709281414
7690000	15.0668194990113	-6.41662728064751	-16.9622387062018	-6.41662728064751	47.5288663754261	18.4502487470099	-16.9622387062018	18.4502487470099	62.7403023640002
7700000	6.37478290644798	-4.86552483559376	-15.7056844455741	-4.86552483559376	50.3632094085836	7.54528117158558	-15.7056844455741	7.54528117158558	71.9742863587766
7710000	6.48869090233263	-5.41908141622969	-12.7145693343071	-5.41908141622969	48.5929807320253	4.88879132883467	-12.7145693343071	4.88879132883467	49.4003734782815
7720000	10.1343930254209	-3.85120628760527	-15.9320594524324	-3.85120628760527	55.8490730699759	12.129408660915	-15.9320594524324	12.129408660915	57.9992092894849
7730000	9.0696679861071	-10.6379338625294	-14.1120730232847	-10.6379338625294	64.262135503319	17.2081339513655	-14.1120730232847	17.2081339513655	65.5371190630278
7740000	7.63860810056396	-7.72323137775374	-9.25043458300825	-7.72323137775374	47.5894730629896	2.10898330490752	-9.25043458300825	2.10898330490752	53.824242198384
7750000	7.36186175203895	-0.304756173107763	-12.687286352829	-0.304756173107763	41.2999370581615	3.27232939117127	-12.687286352829	3.27232939117127	47.6834795888584
7760000	2.83706986142987	-1.99500558227094	-6.77747054740555	-1.99500558227094	53.8397510969486	12.037205473057	-6.77747054740555	12.037205473057	83.4318759920296
7770000	1.11348549949288	-1.5722719894048	-0.777351206328924	-1.5722719894048	65.5383065703919	16.2317065993278	-0.777351206328924	16.2317065993278	60.0557505528921
7780000	2.50465957451747	-1.07666360547368	-4.56668389049064	-1.07666360547368	63.7186552548209	-10.0101442757595	-4.56668389049064	-10.0101442757595	62.3097714064816
7790000	12.2175331378896	8.89976437760754	-18.8790644692018	8.89976437760754	57.1842174850938	-5.82014405187324	-18.8790644692018	-5.82014405187324	65.6679009169739
7800000	2.51675736525148	-0.30098882077552	-4.19079410983952	-0.30098882077552	46.9826500081177	-1.57003153104826	-4.19079410983952	-1.57003153104826	43.7171063359937
7810000	4.30898004975962	-7.34964190245218	-14.1243245359705	-7.34964190245218	65.7925922542206	30.7162943917662	-14.1243245359705	30.7162943917662	95.8435642884933
7820000	2.66355755607244	-4.00589615338603	-10.9147420237246	-4.00589615338603	53.6416990486515	23.4807702246708	-10.9147420237246	23.4807702246708	86.1132866533209
7830000	1.49426562524703	-1.85714808359242	-4.55213889701117	-1.85714808359242	58.0981396118173	6.54132121453596	-4.55213889701117	6.54132121453596	33.2966486465549
7840000	3.33821030214979	-1.61231591896014	-11.7938682134435	-1.61231591896014	45.3481791033869	9.79242938404891	-11.7938682134435	9.79242938404891	70.1498414869961
7850000	1.5969237929601	-2.53742199063524	-5.8402370884067	-2.53742199063525	60.2242373726466	2.58236817854142	-5.8402370884067	2.58236817854142	58.28536147968
7860000	3.23113231395175	-4.689487871428	-9.64232103617683	-4.689487871428	48.2840020329231	20.7660081714095	-9.64232103617683	20.7660081714095	63.18477860323
7870000	0.94309747098379	0.405194987097128	-3.16010345582515	0.405194987097128	72.6478420842534	8.62770190138901	-3.16010345582515	8.62770190138901	63.0561919745883
7880000	3.99333122804625	2.27745223247964	-8.37423196681653	2.27745223247964	54.5239784218178	14.7150304715004	-8.37423196681654	14.7150304715004	66.8008670875704
7890000	2.4600498443345	0.463342717660328	-4.42443632678231	0.463342717660328	51.0735873413394	-5.27374556105496	-4.42443632678231	-5.27374556105496	44.5752211609945
7900000	8.09586904153721	-11.2451102946454	-11.4174532073008	-11.2451102946454	57.0162721521115	17.6254830646572	-11.4174532073008	17.6254830646572	47.7011593868934
7910000	9.60739098185839	-8.63981883873525	-16.2937494326154	-8.63981883873526	60.4788553856649	8.53626006031146	-16.2937494326154	8.53626006031146	54.608268486675
7920000	1.78858614924286	-2.17721318777973	-6.02388762029828	-2.17721318777973	70.2291328461046	25.3536006960677	-6.02388762029828	25.3536006960677	79.5614380554012
7930000	3.28549485969075	-4.97822065804042	-8.0404974049037	-4.97822065804042	41.3995945703588	6.25449621536268	-8.0404974049037	6.25449621536268	53.2849946233505
7940000	10.0776034890946	1.51651765815576	-12.0910316994757	1.51651765815576	44.9725283617676	3.07661418221627	-12.0910316994757	3.07661418221627	57.516461809034
7950000	16.9588797709401	-4.93402259957446	-26.4882320515103	-4.93402259957446	62.6548410047678	8.04895611544743	-26.4882320515103	8.04895611544743	68.2243168148813
7960000	11.2583603496862	-9.7390874119135	-22.2873370560263	-9.7390874119135	53.1862712995932	21.422324783397	-22.2873370560263	21.422324783397	78.8362289880734
7970000	2.45583768366095	-0.731535176931014	-6.96970013757179	-0.731535176931014	51.2283682404844	8.36110813425857	-6.96970013757179	8.36110813425857	58.37578175002
7980000	2.73547318709131	-2.54623867216879	-8.17007887065064	-2.54623867216879	93.6805095876733	-12.1221631871099	-8.17007887065064	-12.1221631871099	52.1510806495997
7990000	13.6698317052081	-11.3744305555881	-18.3900763635913	-11.3744305555881	83.0502408210226	-0.00865299794361835	-18.3900763635913	-0.00865299794362238	61.5757064350516
8e+06	2.44105902985869	1.84542484022191	-7.00112116656399	1.84542484022191	64.4393671448461	2.27729182978393	-7.00112116656399	2.27729182978393	47.4653682174489
8010000	3.74280918932311	-5.50069920005678	-8.4773096416603	-5.50069920005678	52.6907246212668	1.92408478535074	-8.4773096416603	1.92408478535074	58.4719294402843
8020000	1.84950189075689	-3.07002025781875	-6.64927130432019	-3.07002025781875	44.8575296107622	12.1226941992487	-6.64927130432019	12.1226941992487	59.5706162461398
8030000	1.12118137777818	1.63424066925536	-0.925943970115299	1.63424066925536	55.5525048454684	16.4114519843981	-0.925943970115299	16.4114519843981	71.4648380689373
8040000	2.34561171655512	-0.244719836119935	-8.67100708021075	-0.244719836119935	61.7710471444354	-4.44661118074064	-8.67100708021075	-4.44661118074064	64.179173004004
8050000	3.33385390943119	-0.155300932652229	-6.34444878857155	-0.155300932652229	40.6111766069959	-2.04003099685386	-6.34444878857155	-2.04003099685386	47.6143031232606
8060000	1.99282995894973	-0.428056932645976	-4.96334412381925	-0.428056932645976	70.3915940640209	1.01689887247604	-4.96334412381925	1.01689887247604	48.1900494653574
8070000	9.03715364776881	-4.24122750639185	-5.78972223755281	-4.24122750639185	42.1300165163269	2.24897743864129	-5.78972223755281	2.24897743864129	68.5612764585763
8080000	1.37277308904716	-2.1479494102147	-3.12128205431508	-2.1479494102147	53.6218339600982	14.5750279559944	-3.12128205431508	14.5750279559944	54.7752617663301
8090000	4.92775210583616	-3.30816961126138	-11.1478803632992	-3.30816961126138	70.0159403718056	19.5309074950169	-11.1478803632992	19.5309074950169	54.802593571936
8100000	11.4171951191541	-1.85214152562515	-16.7295390823449	-1.85214152562515	45.2422122948858	7.44926790563941	-16.7295390823449	7.44926790563941	64.9836538355394
8110000	2.37514470873037	-3.12988241196784	-6.17198019413236	-3.12988241196784	55.7684113565016	-4.04028324873043	-6.17198019413236	-4.04028324873043	53.4820016697968
8120000	5.89465436228278	-7.47325695256326	-9.65187352557442	-7.47325695256326	50.1165508648839	9.738964300815	-9.65187352557442	9.738964300815	43.000338671773
8130000	5.30408344277732	-2.49288930090596	-10.1908202096239	-2.49288930090596	69.2160778570975	2.46204573874116	-10.1908202096239	2.46204573874116	59.0162809300393
8140000	5.30112352178814	-5.9606090252851	-11.5729149674356	-5.9606090252851	52.2746206667693	6.62336864639514	-11.5729149674356	6.62336864639514	49.3447380278545
8150000	6.25839377199279	-2.5145351328852	-9.69806915606205	-2.5145351328852	65.4753510841379	6.23254139315948	-9.69806915606205	6.23254139315948	58.208864893633
8160000	8.40582044095931	0.799601901410058	-15.2737528759551	0.799601901410057	57.9458293798096	5.8542123572872	-15.2737528759551	5.8542123572872	63.0002424633155
8170000	6.29237964041778	-3.70274155131883	-12.0651826272894	-3.70274155131883	45.4294362502409	5.75007475919635	-12.0651826272894	5.75007475919635	57.6330709675398
8180000	4.61378146628584	-1.36596078788561	-10.3531163425914	-1.36596078788561	61.2427576730119	12.9414169996111	-10.3531163425914	12.9414169996111	64.5243838276768
8190000	4.47392662629293	-3.3794103038562	-8.70652351053585	-3.3794103038562	64.8157243146732	16.0332786985213	-8.70652351053585	16.0332786985213	47.6582042295384
8200000	1.6495043310613	0.137101527543384	-4.8528063875205	0.137101527543384	42.1476035514546	-0.295533723550828	-4.8528063875205	-0.295533723550828	62.8303793566971
8210000	2.37285203179034	-3.93666837126218	-7.86374802918386	-3.93666837126218	66.182523098956	10.2057309863101	-7.86374802918386	10.2057309863101	63.2541567838008
8220000	1.50544072519764	2.10369934079572	-4.93696128707846	2.10369934079572	66.2710099179795	-9.97302775140937	-4.93696128707846	-9.97302775140937	44.4751754598986
8230000	3.58827758216484	-3.31690658599213	-11.9938621909941	-3.31690658599213	52.86933047015	8.41493499983698	-11.9938621909941	8.41493499983698	63.1696333541568
8240000	5.04899595277339	-2.70408295455301	-12.796540614422	-2.70408295455302	62.2311570853265	4.00391603584843	-12.796540614422	4.00391603584843	72.803336926668
8250000	1.95959391240332	-2.38017945741835	-6.10135185037428	-2.38017945741835	45.4628424399597	12.4143456335752	-6.10135185037428	12.4143456335752	54.6213592228111
8260000	2.9304325641824	-5.12483384720783	-7.90016552266548	-5.12483384720783	67.0198007632937	19.3707166471987	-7.90016552266548	19.3707166471986	53.8657603044248
8270000	3.16661664098397	-0.612925319270132	-8.47237092807317	-0.612925319270132	56.2142849103961	10.6910338216686	-8.47237092807317	10.6910338216686	52.3890311829498
8280000	2.86191989530486	0.756830733263185	-9.4793546782536	0.756830733263185	53.8560532487346	8.14674978624821	-9.4793546782536	8.14674978624821	69.2781459623635
8290000	2.43661833625029	-2.1225109958878	-6.23809988441296	-2.1225109958878	59.317035027568	2.96387921350348	-6.23809988441296	2.96387921350348	66.927333907304
8300000	6.79305382926492	-6.90119321721468	-16.3461251572391	-6.90119321721469	53.8185243532266	6.03647156996983	-16.3461251572391	6.03647156996982	67.4515923946933
8310000	4.61715507320252	-6.44886865432055	-10.0771474465735	-6.44886865432055	67.8835030044193	18.0575276455822	-10.0771474465735	18.0575276455822	58.7231328073206
8320000	2.82556026793348	-2.4448369193597	-8.25876600983713	-2.4448369193597	45.731502358865	0.0272997692338691	-8.25876600983714	0.0272997692338691	69.1938208336664
8330000	1.8741327386054	-2.77045815655184	-4.49864618833939	-2.77045815655184	55.9378828584618	-3.30205824525342	-4.49864618833939	-3.30205824525342	61.3030069731923
8340000	8.11801866926186	-4.88535301260477	-15.9452143955636	-4.88535301260477	72.4001735955643	-3.5124239158395	-15.9452143955636	-3.5124239158395	66.3811820676024
8350000	1.79365810349311	-1.98666333478292	-3.6977974627032	-1.98666333478292	66.7852422764729	0.61321485193598	-3.6977974627032	0.613214851935981	55.3145972035625
8360000	6.1134556162657	-3.03342954851884	-9.80282070552128	-3.03342954851884	52.6252628186932	6.97656147029325	-9.80282070552128	6.97656147029325	66.709918607363
8370000	9.95963527841364	-3.8988254110267	-12.222014393478	-3.8988254110267	52.9082723134003	6.08179149508602	-12.222014393478	6.08179149508602	44.2561659674833
8380000	2.07205498565487	0.566473401187958	-7.03309747702815	0.566473401187958	48.2671604755744	4.17808467026299	-7.03309747702815	4.17808467026299	64.6186554890407
8390000	15.8507740944579	-4.41542210018653	-23.797561233338	-4.41542210018653	54.2589265017485	6.50906295515368	-23.797561233338	6.50906295515368	74.1083280057057
8400000	37.2288898345748	-11.4283591600907	-25.6501661553765	-11.4283591600907	43.9606955742542	13.5292159754731	-25.6501661553765	13.5292159754731	51.5460519851982
8410000	8.25483225075373	-0.121669653025036	-10.6796399478623	-0.121669653025036	54.7798849434067	11.7949540981462	-10.6796399478623	11.7949540981462	55.474246077261
8420000	7.37819785640292	-6.05149363123584	-9.03968984374766	-6.05149363123584	57.5994315110598	4.05848902295928	-9.03968984374766	4.05848902295927	48.2605719154868
8430000	2.80742703331741	-3.29306653818941	-7.79315238931327	-3.29306653818941	79.829948916894	5.90465113708253	-7.79315238931327	5.90465113708253	46.0115944839976
8440000	2.46334311607851	-2.04994205160388	-7.36774258880154	-2.04994205160388	65.6869939819535	22.546631536667	-7.36774258880154	22.546631536667	60.3413974692549
8450000	2.51681619538603	-2.58892169295706	-8.25502462271595	-2.58892169295706	43.2530490796391	8.99902937728595	-8.25502462271595	8.99902937728595	67.3790841255374
8460000	4.28496104477074	-0.909127348075928	-11.1402989297125	-0.909127348075928	48.013634511678	-0.646797238501008	-11.1402989297125	-0.646797238501007	60.9824658119034
8470000	5.27197076831002	-4.48053256312706	-14.1830912247401	-4.48053256312706	75.3630945271368	14.0191735254639	-14.1830912247401	14.0191735254639	64.2397870167009
8480000	4.76563347354318	0.448337265566487	-8.82718569754754	0.448337265566487	66.910595261499	13.0194844034125	-8.82718569754754	13.0194844034125	68.8907439851662
8490000	2.81365464848793	-0.252661707950381	-6.62640758570257	-0.252661707950381	53.0205915542853	20.0263207227889	-6.62640758570257	20.0263207227889	63.2997595529881
8500000	5.43978699643127	-0.085343858133595	-12.5720141362541	-0.0853438581335954	42.5427571407878	8.18332412368667	-12.5720141362541	8.18332412368667	65.6437693332832
8510000	1.98226254703553	-3.75373733765696	-9.28011244266906	-3.75373733765696	59.6518052819259	13.1881575967867	-9.28011244266906	13.1881575967867	83.6665518191631
8520000	2.59991855237482	-3.14864469522718	-6.25679878788408	-3.14864469522718	52.1672198154447	1.85638269474286	-6.25679878788408	1.85638269474286	43.246607731027
8530000	10.0336002538825	-3.49569091817705	-14.8761556890651	-3.49569091817705	76.8317248452007	18.4196832117012	-14.8761556890651	18.4196832117012	58.5115570589983
8540000	4.64593696694571	-4.45740878312102	-11.5696704054732	-4.45740878312102	47.518637731202	11.9579392118904	-11.5696704054732	11.9579392118904	68.3862723236967
8550000	2.57694829782977	1.62833216599102	-6.44092304839823	1.62833216599102	63.1888050684924	7.6742437047166	-6.44092304839823	7.6742437047166	50.2486662961614
8560000	1.4977216330356	-1.92746405511203	-3.15688429990987	-1.92746405511203	56.3689792508978	9.30027750123986	-3.15688429990987	9.30027750123986	50.3810640892855
8570000	2.19625436958569	-3.27500891621996	-8.29750529737805	-3.27500891621996	58.8735181495447	3.57981144534776	-8.29750529737806	3.57981144534776	77.7802180966141
8580000	5.7581300414051	-6.6247768207328	-16.1545410013009	-6.6247768207328	64.1564896930234	14.8274410140187	-16.1545410013009	14.8274410140187	72.2075101006681
8590000	5.0772043224926	-3.36541512742167	-11.2716754743634	-3.36541512742167	51.1644033552912	-8.87030832162999	-11.2716754743634	-8.87030832162999	64.4114735849768
8600000	4.77787729526321	1.9464381638446	-16.6279418373977	1.9464381638446	63.1073382764387	0.691755514171786	-16.6279418373977	0.691755514171786	77.2302850023677
8610000	16.3059088087751	-12.8487905357564	-30.414162969514	-12.8487905357564	85.5229814974539	28.2498559336112	-30.414162969514	28.2498559336112	78.642627079604
8620000	5.77664844461198	-2.48763516835747	-7.79148713142889	-2.48763516835747	58.91954228533	6.9339547093717	-7.79148713142889	6.9339547093717	47.8147419178286
8630000	3.42019783855122	-5.28065627366635	-10.5162934445544	-5.28065627366635	58.5064006276739	7.41955223315066	-10.5162934445544	7.41955223315066	74.333391863657
8640000	1.32826587184908	1.54213347621633	-3.35913494107461	1.54213347621633	58.6909303181785	10.0294458112351	-3.35913494107461	10.0294458112351	53.8895560169392
8650000	0.947558540286895	0.0369233137446304	-4.10483212919049	0.0369233137446302	63.548530032483	9.84341247506969	-4.10483212919049	9.84341247506969	67.3356028880282
8660000	3.48522217926012	-2.36796193378427	-8.25346653798761	-2.36796193378427	55.9608284752639	15.5619082104918	-8.25346653798761	15.5619082104918	54.1816171795145
8670000	4.96410422192539	3.16321670717021	-6.7185245714807	3.16321670717021	49.6151009257442	8.60475346744276	-6.7185245714807	8.60475346744276	59.3291687130694
8680000	6.81264181901313	-2.60339525369676	-13.1493278741002	-2.60339525369676	53.8309159371136	8.77224956146775	-13.1493278741002	8.77224956146775	54.9564874161733
8690000	4.18956025479451	-0.787842724100564	-14.5506810328581	-0.787842724100563	77.8156023990175	8.56083512669773	-14.5506810328581	8.56083512669773	76.7997726115847
8700000	2.00393977077097	2.1704216961713	-4.89719015366477	2.1704216961713	50.3822766413046	-0.723592487182026	-4.89719015366477	-0.723592487182025	50.2820619151857
8710000	1.98972983340078	1.57232823559442	-1.50729936798545	1.57232823559442	67.3771969459066	-8.51724711693567	-1.50729936798545	-8.51724711693566	47.321951900455
8720000	0.554227821793545	-1.19349254106417	-2.04532879511121	-1.19349254106417	52.8416194915589	14.0880025364306	-2.04532879511121	14.0880025364306	64.6826688483714
8730000	10.2426717780849	0.830703260322095	-22.9748237547193	0.830703260322095	62.4704109017916	-0.561775690366124	-22.9748237547193	-0.561775690366124	75.0913296680219
8740000	7.06618164302587	0.998981771323433	-13.4617066820036	0.998981771323433	48.8806544997402	8.95435610369815	-13.4617066820036	8.95435610369815	54.4209783719463
8750000	7.17421888731184	-4.88608708210659	-8.73694767247467	-4.88608708210659	81.4303744625783	9.03089650016401	-8.73694767247467	9.03089650016401	52.7095531329539
8760000	2.42846109071287	-2.04959390130104	-6.99278716752718	-2.04959390130104	54.0225105873424	1.22596117601553	-6.99278716752718	1.22596117601553	50.5241443178492
8770000	2.3807231523174	-0.474609204814842	-6.64582094694252	-0.474609204814842	53.3312333300646	1.20491115768653	-6.64582094694252	1.20491115768653	60.4428343184384
8780000	4.39185609352607	-11.1143699976375	-11.0533377684691	-11.1143699976375	73.6525949656196	22.8245326904791	-11.0533377684691	22.8245326904791	73.2522704413444
8790000	6.94096347736277	1.13544394716649	-15.2725255560912	1.13544394716649	69.7501374004658	-7.88555487366474	-15.2725255560912	-7.88555487366474	81.2453647799462
8800000	2.53998340786821	-1.33714528469518	-5.68585738575472	-1.33714528469518	68.9700821208656	8.59343666094263	-5.68585738575472	8.59343666094262	52.8717130839298
8810000	3.36657891796051	-1.84344475250781	-9.19332753668374	-1.84344475250781	45.7919646950718	6.91511126919187	-9.19332753668373	6.91511126919187	72.9262063748695
8820000	1.81704132923991	-1.40882481991991	-4.46524758373518	-1.40882481991991	53.6220813048836	15.0373774287815	-4.46524758373518	15.0373774287815	53.1265956203017
8830000	6.2870094403992	-1.56933872460254	-6.88229198283102	-1.56933872460254	47.677854520051	-2.2677596980392	-6.88229198283103	-2.2677596980392	54.4900851299661
8840000	2.99312263948111	0.168644427898029	-9.64054968531892	0.168644427898029	64.7524614428868	-0.839037929301531	-9.64054968531892	-0.839037929301531	67.2464486117787
8850000	2.67542278727399	0.59041680764206	-8.07093164694125	0.59041680764206	52.1990845353737	1.76512602329905	-8.07093164694125	1.76512602329905	76.7201008745004
8860000	18.9719185999243	-12.9932043097805	-14.8998289634847	-12.9932043097805	74.6713592875248	0.697046559112666	-14.8998289634847	0.697046559112667	56.2972802115279
8870000	7.78743580789648	-6.87503902617984	-14.0677943456057	-6.87503902617984	52.8411189166855	20.4322147401751	-14.0677943456057	20.4322147401751	59.7188169664445
8880000	10.5402992558023	-10.5021586732711	-16.1429287512374	-10.5021586732711	58.5023113045507	10.3250618961347	-16.1429287512374	10.3250618961347	58.8507726780306
8890000	3.87479613696196	-0.7724769617984	-13.3969483221725	-0.7724769617984	58.7928092007819	5.39845008451967	-13.3969483221725	5.39845008451966	93.9170992722349
8900000	3.11231841267095	0.135593705657132	-6.19721854403061	0.135593705657132	45.8728921575052	2.53410813512037	-6.19721854403061	2.53410813512037	42.244757474619
8910000	11.2215497250561	0.316330525351489	-11.5394890397844	0.316330525351488	43.5348222997355	-1.47983304217511	-11.5394890397844	-1.47983304217511	46.096209980205
8920000	1.79965883563235	-1.13108766294935	-7.10897630515723	-1.13108766294935	50.9318482496069	1.72808973651272	-7.10897630515723	1.72808973651272	62.46091975752
8930000	3.77537390041698	-1.54973737114642	-8.116801467649	-1.54973737114642	52.3639608100343	-2.66719279266251	-8.116801467649	-2.66719279266251	53.133416329315
8940000	1.74943985262892	-3.07734229045641	-3.53362089250429	-3.07734229045641	58.1640827188439	6.63884450912268	-3.53362089250429	6.63884450912268	61.4519384226674
8950000	2.33536366029941	-4.65037833172472	-8.5638439548922	-4.65037833172472	54.2421260583022	21.8109279141099	-8.5638439548922	21.8109279141099	63.015393181354
8960000	1.59412233079196	0.139474476307108	-5.84030395258014	0.139474476307108	53.6348559644849	8.49642322856422	-5.84030395258014	8.49642322856421	57.8261188001426
8970000	3.2258859738622	-3.91788484928544	-9.79490047693483	-3.91788484928544	44.0152022991389	17.991074180623	-9.79490047693483	17.991074180623	72.0714952653907
8980000	1.43964445229816	-0.97124335844061	-4.11500562355064	-0.97124335844061	97.3551287552632	-6.77019600171273	-4.11500562355064	-6.77019600171273	56.8628011649682
8990000	8.57679229425122	-0.0151001953680123	-15.2923345306727	-0.0151001953680114	63.2073470844666	6.67720079463237	-15.2923345306727	6.67720079463237	45.9367593215242
9e+06	3.32829464081544	-3.4329469688316	-9.18118360926887	-3.4329469688316	66.5902414485391	16.0150881558339	-9.18118360926887	16.0150881558339	64.496294047666
9010000	6.78758336695239	-4.84829437605041	-11.4469348021441	-4.84829437605041	65.9903190965345	13.4027213314458	-11.4469348021441	13.4027213314458	56.5188769743894
9020000	16.2967344533726	-4.58339768080219	-23.5227244822846	-4.58339768080219	55.4871143299581	2.91754792741696	-23.5227244822846	2.91754792741696	60.9409673017104
9030000	15.5112061227287	-2.95124663774714	-20.9099103939657	-2.95124663774714	58.4201278233615	-4.87458715209785	-20.9099103939657	-4.87458715209785	71.1282329363265
9040000	10.7763931452337	-1.5692141611608	-18.2956127960838	-1.5692141611608	59.273669279559	-3.02378836503193	-18.2956127960838	-3.02378836503193	58.1525944951699
9050000	22.3847641119941	-2.15764097882369	-27.289707467824	-2.15764097882368	53.3982504183639	0.16314231735911	-27.289707467824	0.16314231735911	86.399791821731
9060000	17.6647323835139	-2.90255786683167	-31.9995467390551	-2.90255786683167	59.0508345505487	11.1926658971927	-31.9995467390551	11.1926658971927	94.5129345212928
9070000	10.2174397533171	-11.759406976305	-12.4108646369121	-11.759406976305	72.6063368419388	15.96458160158	-12.4108646369121	15.96458160158	57.4684708114378
9080000	8.78670254745763	-5.55303502839	-14.6231565968562	-5.55303502839	81.4592907404504	1.78570096359139	-14.6231565968562	1.78570096359139	72.7946290232691
9090000	19.9606598415217	-9.47209382169411	-36.3196711085499	-9.4720938216941	50.692056081234	25.5907284710745	-36.3196711085499	25.5907284710745	98.1042105127659
9100000	2.15773515304463	1.25163666271916	-7.19767242883212	1.25163666271916	53.3376620894439	-4.95018215509477	-7.19767242883212	-4.95018215509477	63.8372698385137
9110000	3.37935180415104	-3.76707731068058	-11.9378349484629	-3.76707731068058	64.1783137980084	17.0086894578845	-11.9378349484629	17.0086894578845	77.4439350267094
9120000	1.86810646519648	-2.5891853020307	-3.59152446284181	-2.5891853020307	43.2761140261143	0.258095367094388	-3.59152446284181	0.258095367094388	58.117375985531
9130000	1.36717836920796	2.12761805242505	-6.31201834252995	2.12761805242505	59.3736252679197	4.66921966999035	-6.31201834252995	4.66921966999036	76.5955452527813
9140000	6.96599401473748	-2.26778221613216	-14.3275497331818	-2.26778221613216	55.2662376368656	9.23570236051535	-14.3275497331818	9.23570236051535	64.8534883711718
9150000	9.0438204595213	-4.05048862533408	-17.7691972558352	-4.05048862533408	40.8727013448898	3.90805314738934	-17.7691972558352	3.90805314738934	75.7810441914293
9160000	6.80997191449392	1.80519871352473	-13.9784929906505	1.80519871352473	81.9989634843943	-4.80341101086193	-13.9784929906505	-4.80341101086193	58.2510675431373
9170000	5.85210668012938	-4.18133128424857	-15.8595136683192	-4.18133128424857	53.841456133124	23.8517340314478	-15.8595136683192	23.8517340314478	84.7210229938287
9180000	2.68396654566497	-2.15960957204033	-8.39622609321586	-2.15960957204033	56.1935649819276	13.8589307618835	-8.39622609321586	13.8589307618835	78.6782722823505
9190000	4.76121731149458	4.37080395263262	-9.20731321408963	4.37080395263262	54.3907793665281	8.63702662890246	-9.20731321408963	8.63702662890246	48.900077688293
9200000	6.2229213996791	-4.79068914882057	-13.3787538099461	-4.79068914882057	48.3066511922498	9.80251415732301	-13.3787538099461	9.80251415732301	60.9339241098209
9210000	8.36742838370895	-4.72402295498319	-11.1413011947196	-4.72402295498319	38.6457110074916	12.0362334560302	-11.1413011947196	12.0362334560302	55.8589548693576
9220000	3.67694869655449	-0.74415869847277	-9.99996134170251	-0.74415869847277	48.4350746503563	-0.385284851371318	-9.99996134170251	-0.385284851371318	48.1513442818376
9230000	2.55242427238125	-5.70755280544015	-8.48015721424747	-5.70755280544015	78.995734236983	11.7227309345479	-8.48015721424747	11.7227309345479	76.9934975810491
9240000	1.77766465816022	-1.51179978456617	-2.70073797481202	-1.51179978456617	75.1768275124648	5.52516950528242	-2.70073797481202	5.52516950528242	46.1783787078655
9250000	4.29833210478934	-2.57265372719644	-6.98704448368998	-2.57265372719644	50.2938349181353	21.9193117886613	-6.98704448368998	21.9193117886613	65.3809782361343
9260000	2.64093436904353	0.731448266754821	-7.49128030242055	0.731448266754821	44.2197744437594	2.81880615177637	-7.49128030242054	2.81880615177637	53.8261173519186
9270000	3.49856149174065	-5.19668463198887	-11.4557284928642	-5.19668463198887	67.0588768702289	28.0254722002234	-11.4557284928642	28.0254722002234	80.334194860653
9280000	4.2517581356396	3.59561127488668	-7.77762277616547	3.59561127488668	70.6602433639821	12.432610030646	-7.77762277616547	12.432610030646	59.9821631838676
9290000	2.09714278890605	0.171650096222427	-5.1429152854299	0.171650096222427	60.8691546806658	-4.22251308456065	-5.1429152854299	-4.22251308456065	52.7355256292303
9300000	6.70433016544966	-8.86616598211969	-9.92440417706501	-8.86616598211969	65.1689790400234	7.87215738887858	-9.92440417706501	7.87215738887858	62.7295253550516
9310000	7.72016943004918	-3.64600860027197	-14.0947487476474	-3.64600860027197	67.5904606006452	10.249703255336	-14.0947487476474	10.249703255336	46.9784732668116
9320000	30.0889575755311	-8.16255284821329	-40.3478130912819	-8.16255284821329	49.2636235675462	-2.33268218722642	-40.3478130912819	-2.33268218722643	94.8576373301595
9330000	15.7337235801955	-7.9388775686763	-20.9862709739751	-7.9388775686763	64.0829382425515	6.41391550054747	-20.9862709739751	6.41391550054747	62.135320648678
9340000	6.60716432471503	-0.521912849172591	-9.38750527255079	-0.521912849172592	55.9205642466525	-2.99085797236321	-9.38750527255079	-2.99085797236321	59.327673549116
9350000	20.869510284577	-11.7400753988266	-28.0636789818929	-11.7400753988266	55.5286208266571	18.9621413947025	-28.0636789818929	18.9621413947025	64.1961749484329
9360000	3.04067030705463	-4.93331763671183	-11.7330191781308	-4.93331763671183	56.2849882131526	20.1859424873006	-11.7330191781308	20.1859424873006	72.6687925603472
9370000	2.06757384883581	-1.49395611911474	-6.55476876345522	-1.49395611911474	85.574159676858	-3.75842332657792	-6.55476876345522	-3.75842332657792	68.6120593655841
9380000	15.2452360462561	1.63866361792059	-21.5165403928292	1.63866361792059	83.4509569505143	16.3154112607765	-21.5165403928292	16.3154112607765	72.6380384576914
9390000	6.7678624080122	-2.35116316211223	-12.7350700441568	-2.35116316211223	42.6085100992049	15.0958761989363	-12.7350700441568	15.0958761989363	60.1143836462222
9400000	5.24889374851252	-1.26262579923516	-9.20018687110976	-1.26262579923516	60.7927607672915	7.9775696873732	-9.20018687110976	7.9775696873732	48.9054977574008
9410000	10.0234102088647	-0.990949064273396	-15.4525530485867	-0.990949064273396	59.8358816853254	9.62980333469531	-15.4525530485867	9.62980333469531	49.8327580740598
9420000	3.58571740448834	-0.753358244569087	-10.5687623112148	-0.753358244569087	66.6927296899256	1.9781962659886	-10.5687623112148	1.9781962659886	65.5466518078738
9430000	2.21897053487019	-2.35525702413866	-8.9227508752537	-2.35525702413866	51.9857207187595	2.03290490672975	-8.92275087525369	2.03290490672975	60.3468854029954
9440000	9.30400100899899	-9.44150725959028	-11.3362045236756	-9.44150725959028	57.2617250789687	4.3978776300573	-11.3362045236756	4.3978776300573	56.2193746453457
9450000	6.2789125894844	-3.6045344943485	-15.8106777140892	-3.6045344943485	47.7608197276498	8.90268284122503	-15.8106777140892	8.90268284122503	66.7722270817816
9460000	3.39930754390482	-0.077083760001958	-5.99940825635825	-0.077083760001958	53.7521303613391	2.10570292586415	-5.99940825635825	2.10570292586415	39.2436852443053
9470000	4.27436957332662	1.02983356664864	-7.65102952665418	1.02983356664864	67.4700019365791	2.38325711884298	-7.65102952665418	2.38325711884298	44.3467261502232
9480000	3.58400441195744	-1.76543791429336	-8.41833648872662	-1.76543791429336	52.083788485243	-0.640056793197224	-8.41833648872662	-0.640056793197225	59.1394973979193
9490000	3.14313859053168	0.963757314738606	-9.04944471435693	0.963757314738606	44.2930399874617	-4.25058698053665	-9.04944471435693	-4.25058698053665	62.2594499746721
9500000	8.11173486595642	-2.88882538622176	-11.1052489285992	-2.88882538622176	54.4931607066172	6.46389210300079	-11.1052489285992	6.46389210300079	53.4540396146331
9510000	14.3392807360652	-5.77344336064866	-24.1824161402182	-5.77344336064866	56.8637279686272	-1.63181423861209	-24.1824161402182	-1.63181423861209	86.8651037114415
9520000	25.4725706374163	-7.55641871864023	-16.5355844908784	-7.55641871864023	48.2485003603851	12.1099249932991	-16.5355844908784	12.1099249932991	57.367866104283
9530000	6.85492873577866	-6.82475326616524	-14.490471646699	-6.82475326616524	61.9693590827406	14.4023693791815	-14.490471646699	14.4023693791815	60.2399592774019
9540000	4.9456205502993	-1.10701838628912	-7.96505634818307	-1.10701838628912	63.8626940799399	-0.028380863105625	-7.96505634818307	-0.0283808631056247	37.3251724506909
9550000	2.26338728608845	-5.24958549965681	-6.77342118361986	-5.24958549965681	85.0675963331232	15.8256146965086	-6.77342118361986	15.8256146965086	56.2834077683338
9560000	2.02124263880682	1.61433925237556	-6.92348943773862	1.61433925237556	53.9767843337668	1.76393982174453	-6.92348943773862	1.76393982174453	63.0661573905719
9570000	8.7859845698552	-1.00967331213414	-17.7964788173022	-1.00967331213413	60.9028869064457	7.9535777195724	-17.7964788173022	7.9535777195724	65.2726453380867
9580000	1.35816350362644	1.11658820810202	-4.45417437986216	1.11658820810202	57.4250717404079	5.30453042332915	-4.45417437986215	5.30453042332915	47.8444126102052
9590000	5.45822346292772	6.85621951682859	-11.6217316768493	6.85621951682859	63.5355952346173	-6.39213736201931	-11.6217316768493	-6.39213736201931	60.6742682962246
9600000	4.12277967403715	-1.70542169704783	-8.00754740469944	-1.70542169704783	62.2852626099944	16.7839138822885	-8.00754740469944	16.7839138822885	45.4911646415758
9610000	2.29067617175216	-2.52187494025127	-4.32179857580115	-2.52187494025127	64.6355118474776	-3.35509297158451	-4.32179857580115	-3.35509297158451	50.1046244845417
9620000	3.59976056567581	-0.844833126014169	-8.5524302963413	-0.844833126014168	60.2188112880769	4.05781482925725	-8.5524302963413	4.05781482925725	51.9895936571283
9630000	3.46199953546519	-2.88852336858505	-10.8354970387582	-2.88852336858505	54.5513593219781	18.853511430603	-10.8354970387582	18.853511430603	61.5283376358972
9640000	6.77747294244489	-6.80410293384481	-14.23443956673	-6.80410293384481	55.0070121291955	2.82942511109669	-14.23443956673	2.82942511109669	68.6666569173227
9650000	5.98782680955599	-8.11236659576312	-5.84580696585505	-8.11236659576312	78.5854242723313	16.9863659044172	-5.84580696585505	16.9863659044172	52.670564847744
9660000	4.6506187030698	-6.19971870328365	-10.7031280130371	-6.19971870328365	50.939903041225	16.6785521490344	-10.7031280130371	16.6785521490344	66.7767381976591
9670000	6.26986286146555	-1.68666537892206	-7.35348808854981	-1.68666537892206	52.679752910168	7.76105200083941	-7.3534880885498	7.76105200083941	55.4181936678518
9680000	4.97517574029438	-1.20107808807248	-10.9891005778617	-1.20107808807248	41.6081714814735	2.06988429853656	-10.9891005778617	2.06988429853656	54.5250429395587
9690000	7.14482123127236	-2.48820620516487	-13.704306665327	-2.48820620516487	47.0158123691033	3.6287748636494	-13.704306665327	3.6287748636494	55.2849185351484
9700000	5.16870783602925	-6.02468688846569	-9.87999023989129	-6.02468688846569	71.6411741368727	6.13673642160213	-9.87999023989129	6.13673642160213	50.8071259390147
9710000	7.06415861321138	-7.75334827412778	-14.9006757287124	-7.75334827412778	54.422986297308	15.0676416481065	-14.9006757287124	15.0676416481065	61.8285850837856
9720000	2.82099424047833	-1.58770851390013	-6.05072246938651	-1.58770851390013	68.2898782280715	15.2415167125923	-6.05072246938651	15.2415167125923	50.7711000409992
9730000	3.42317747009242	-0.299271794545014	-9.27750131956704	-0.299271794545014	69.2174578766085	-0.546540744911212	-9.27750131956704	-0.546540744911212	65.7632991541368
9740000	4.82479422838147	-6.92247566567634	-10.0718498416916	-6.92247566567634	86.4399097928309	18.3696895319867	-10.0718498416916	18.3696895319867	66.3327056175452
9750000	13.1654877191695	3.1408075148692	-14.5780237732229	3.1408075148692	49.8911759323012	-0.379974399840594	-14.5780237732229	-0.379974399840594	64.4737559068022
9760000	3.35898717054753	-0.390533688131447	-7.1805899587669	-0.390533688131447	63.3178570910267	7.21946311420549	-7.1805899587669	7.21946311420549	61.7001458043759
9770000	16.6753575081156	-0.746105248248146	-25.6527662053343	-0.746105248248146	57.9009847654925	1.23534876669196	-25.6527662053343	1.23534876669196	77.7347243134962
9780000	1.52132664572258	-2.378840141068	-5.1928185966546	-2.378840141068	55.8622988986968	18.1106166274066	-5.1928185966546	18.1106166274066	55.4424983217108
9790000	9.79671983304736	-9.02140377879696	-18.2301303492356	-9.02140377879696	80.1715813137721	24.877996484167	-18.2301303492356	24.877996484167	63.7147264512027
9800000	3.94804813803182	-1.49563480640144	-10.622361327123	-1.49563480640144	50.5616762408108	3.45206268199998	-10.622361327123	3.45206268199998	64.9967450717311
9810000	4.43258181783168	-5.53143119849565	-11.9280935069059	-5.53143119849565	52.3962018670349	14.050035387605	-11.9280935069059	14.0500353876049	64.5965593402495
9820000	1.73018117728156	0.970712075459615	-7.59367251791577	0.970712075459615	55.525547785688	-2.08238272230839	-7.59367251791577	-2.08238272230839	89.9744569686705
9830000	8.36940990459038	-6.4898860520308	-18.3497130688033	-6.4898860520308	63.4212995636502	16.159031024991	-18.3497130688033	16.159031024991	73.1203648077939
9840000	1.83860781184385	-0.629644027140567	-8.01501141410342	-0.629644027140567	80.9969454734759	7.75929480000606	-8.01501141410342	7.75929480000606	79.2339626929712
9850000	1.87912344054112	-0.783700987468782	-5.8409785091749	-0.783700987468782	58.2242039024451	-0.752678823847529	-5.8409785091749	-0.752678823847528	53.4056387465893
9860000	3.77748078563211	2.29485066102649	-6.56632957814129	2.29485066102649	95.1938092991455	8.60599492246562	-6.56632957814129	8.60599492246562	46.6509214468647
9870000	16.2956522845933	-8.02325496339421	-18.0506746438846	-8.02325496339421	61.468896779898	1.32193204219177	-18.0506746438846	1.32193204219177	56.4276517286795
9880000	15.5100420662251	8.17676264840225	-17.9156654533518	8.17676264840225	70.8719400268109	-10.0072095347486	-17.9156654533518	-10.0072095347486	48.2113370511649
9890000	6.28395883056667	2.00401272358625	-15.828957000184	2.00401272358625	61.4477258474509	-7.1160958788388	-15.828957000184	-7.1160958788388	66.5652587780289
9900000	11.3787625090702	-3.15593311552301	-6.93902726003978	-3.15593311552301	78.3420224082111	-6.73662504998175	-6.93902726003978	-6.73662504998175	65.2680434781408
9910000	3.13045205552515	-3.7554940143621	-5.96032727877223	-3.7554940143621	51.8167146893603	3.76187266832401	-5.96032727877222	3.76187266832401	69.2989931683431
9920000	7.11149778352357	0.836702679376252	-14.3417940119773	0.836702679376252	48.4931811258847	2.48473680199862	-14.3417940119773	2.48473680199862	47.8449480779889
9930000	3.38963061831943	-2.57057338177939	-9.00365670936759	-2.57057338177939	83.8784412289178	10.9067828618237	-9.0036567093676	10.9067828618237	54.2446028077853
9940000	1.17146843468579	0.118125525211994	-2.71245470613189	0.118125525211994	46.1436503002971	7.04131442304937	-2.71245470613189	7.04131442304937	56.8169421738301
9950000	1.69461012941654	-1.90814958319149	-5.00656206645173	-1.90814958319149	61.922496980097	2.72713910353951	-5.00656206645173	2.72713910353951	47.8357494604279
9960000	1.31532876251757	-4.50057242384613	-6.03609544861841	-4.50057242384613	62.2859293228508	12.1931511701322	-6.03609544861841	12.1931511701322	65.1807477926851
9970000	4.69237046725679	-1.93328098956475	-11.0424246715345	-1.93328098956475	93.428564608862	-7.99416048037336	-11.0424246715345	-7.99416048037336	49.2000049008554
9980000	2.36157162716067	-2.50414313762719	-7.5157976298111	-2.50414313762719	54.0961267201748	3.95590994453693	-7.5157976298111	3.95590994453693	51.9594631050834
9990000	6.14870212878853	2.91300357098108	-15.2679299547629	2.91300357098108	56.3140391684863	-5.22528819151678	-15.2679299547629	-5.22528819151678	63.2281971767564
1e+07	5.34443945845208	-2.80066025270114	-9.3026324789426	-2.80066025270114	53.9251668843927	6.20576717761776	-9.3026324789426	6.20576717761776	55.5910556977121
10010000	8.98314210646311	-6.9665747192663	-15.6657072437251	-6.9665747192663	63.0120125541028	6.52943944265748	-15.6657072437251	6.52943944265748	65.8792514152581
10020000	3.75710045516397	-1.54016492471287	-5.69091571065935	-1.54016492471287	45.6659604821624	-0.333978705450161	-5.69091571065935	-0.333978705450161	40.1546074003673
10030000	6.78328051280578	-0.905222075918876	-13.6601450445815	-0.905222075918876	57.0519799220262	21.1612820049667	-13.6601450445815	21.1612820049667	73.0820896493094
10040000	9.31624066366814	-6.49886762737711	-15.7694535069784	-6.4988676273771	56.8569993569271	5.86816158152456	-15.7694535069784	5.86816158152456	60.3792691001293
10050000	1.30238549401381	0.696787805540406	-5.97281148553771	0.696787805540406	71.5597967664829	-6.48714342442003	-5.97281148553771	-6.48714342442003	61.307757617108
10060000	1.87710270142385	-1.98451945417509	-7.84752486611936	-1.98451945417509	52.315839909278	5.08937080579423	-7.84752486611936	5.08937080579423	63.0850186638389
10070000	1.58083482599399	-1.53141062211415	-5.0338395465717	-1.53141062211415	55.8229107020132	0.239166872462015	-5.0338395465717	0.239166872462016	44.4025285832432
10080000	5.55656751545596	-3.05265607741956	-11.5356033527378	-3.05265607741956	57.0356790083209	13.5997289749912	-11.5356033527378	13.5997289749912	52.2111900728652
10090000	4.20852619110863	2.86914249827031	-6.97584585515157	2.8691424982703	44.6810416564128	9.87954980181895	-6.97584585515157	9.87954980181895	67.26752544202
10100000	9.65130401722234	-2.29099774969272	-20.6555667751694	-2.29099774969272	53.0046830697159	-4.66667271185753	-20.6555667751694	-4.66667271185753	76.9311800328693
10110000	8.55041104154002	-1.86478563782688	-15.4081436518755	-1.86478563782688	39.2122457569316	10.0428628361852	-15.4081436518755	10.0428628361852	61.3636051918359
10120000	4.00135420391946	3.55057307829629	-6.08639261461893	3.55057307829629	75.2046886526731	13.1502380035132	-6.08639261461893	13.1502380035132	57.1117191829723
10130000	5.71069752433888	-3.05468598930241	-18.6311527653577	-3.05468598930241	43.5384910375197	-1.55839877328271	-18.6311527653577	-1.55839877328271	107.68057574027
10140000	3.79877779994977	-0.722171929160446	-8.45993329063484	-0.722171929160446	57.066891193102	6.10848296312858	-8.45993329063484	6.10848296312858	44.0086706035639
10150000	3.16621406506321	-4.29268354821626	-7.14016272798484	-4.29268354821625	44.5258498456056	-1.68599812399087	-7.14016272798484	-1.68599812399087	65.9173927661533
10160000	2.10328056178714	-0.445579530414317	-8.95787898928895	-0.445579530414317	46.5885213273393	1.35283899636277	-8.95787898928895	1.35283899636277	94.0318112866819
10170000	8.49750328575236	2.76479476329788	-14.5000064098551	2.76479476329788	47.3057990019635	-4.46834855916375	-14.5000064098551	-4.46834855916375	48.499261115112
10180000	5.6639329806253	-1.54374398590974	-9.72436780183488	-1.54374398590974	66.7668016438308	7.58422985219428	-9.72436780183487	7.58422985219428	47.6799456157242
10190000	7.7282633361087	0.523889912726735	-6.9001929504162	0.523889912726735	70.1238033089348	5.61270624651821	-6.9001929504162	5.61270624651821	52.7734527209132
10200000	4.76856788458896	3.85030564748593	-8.43714556446029	3.85030564748593	62.5329228729196	11.6889592131915	-8.43714556446029	11.6889592131915	57.9902714924888
10210000	18.8892668215958	-11.5831576362001	-10.3939449460502	-11.5831576362001	52.3306066988526	-2.23242997954362	-10.3939449460502	-2.23242997954362	50.1745337713238
10220000	10.4478211852755	-8.01452577166853	-12.204444072551	-8.01452577166853	65.2543535989692	13.6232490603674	-12.204444072551	13.6232490603674	48.4578721417929
10230000	7.81499347340407	1.62320519592147	-13.2050930926386	1.62320519592147	51.4204750049497	0.382897970126118	-13.2050930926386	0.382897970126118	56.5998223015201
10240000	2.39563988653832	-1.57376733743757	-6.58439196965478	-1.57376733743757	58.2129951860926	16.2115869535471	-6.58439196965478	16.2115869535471	67.8793030811194
10250000	8.30822473398429	-3.07459965282408	-11.6311967212962	-3.07459965282408	74.9102423260567	4.63072601820362	-11.6311967212962	4.63072601820362	48.4265839928721
10260000	1.9584046260193	-2.25780275730149	-2.56414595636089	-2.25780275730149	62.783162522776	2.68378539523532	-2.56414595636089	2.68378539523532	42.2801191434359
10270000	10.5055540222989	-9.4541598840294	-13.9826469696756	-9.4541598840294	58.0204328398895	13.5635635646813	-13.9826469696756	13.5635635646813	43.6974625266726
10280000	12.2825197824279	-10.9679532277704	-12.8214539392274	-10.9679532277704	64.953533839814	13.4916194240846	-12.8214539392274	13.4916194240846	52.9664283250964
10290000	13.0684472387465	1.79875028972258	-13.9393300285035	1.79875028972258	48.0568516003916	-10.6853865214036	-13.9393300285035	-10.6853865214036	66.1298195034969
10300000	43.0219377220871	-1.13010017217159	-38.0322935883762	-1.13010017217159	39.5843003073616	10.6601280819282	-38.0322935883762	10.6601280819282	67.3580907411654
10310000	18.7646785074135	-5.66147629808153	-23.8447144752979	-5.66147629808153	51.4824815361661	13.3540550434177	-23.8447144752979	13.3540550434177	62.2437956217333
10320000	11.696892895488	-5.00829712096724	-16.0124741450694	-5.00829712096724	68.2488118309238	9.34543244088809	-16.0124741450694	9.34543244088809	57.7940266816574
10330000	6.49366321683838	-3.00376380058425	-12.0039000857322	-3.00376380058425	49.0638854655527	10.1900991078003	-12.0039000857322	10.1900991078003	49.9104667332212
10340000	0.831378075867894	-0.401481316711851	-3.51502407648839	-0.40148131671185	63.3013235920756	12.6609480375699	-3.51502407648839	12.6609480375699	58.9794604570867
10350000	2.463460800967	-2.82143367030676	-7.53278788950822	-2.82143367030676	65.1995192338799	11.8262288263713	-7.53278788950821	11.8262288263713	50.1872364214451
10360000	3.63657492187792	-0.00395736721807375	-10.8810263072999	-0.00395736721807303	67.6583811305831	8.76005421644916	-10.8810263072999	8.76005421644916	59.2772601540279
10370000	8.0455331409437	-7.14689828538461	-11.2087893906984	-7.14689828538461	50.8830790474223	0.904209678178101	-11.2087893906984	0.904209678178102	60.1551398532505
10380000	3.78365828189153	-5.05184593738741	-9.72176712634039	-5.05184593738741	49.0495595520385	13.53001840061	-9.72176712634039	13.53001840061	65.8621847870924
10390000	3.60894040226974	-6.5778982387537	-9.78100993805369	-6.5778982387537	106.944409653486	34.4529697166203	-9.78100993805369	34.4529697166203	64.2913373504307
10400000	5.56028939588134	-5.32515856104367	-14.4274009262216	-5.32515856104367	75.4755705360613	16.3404727602224	-14.4274009262216	16.3404727602224	65.1380989640515
10410000	6.81912568062613	-2.03951783206936	-13.3746469201832	-2.03951783206936	53.5861621846233	-0.807736658996911	-13.3746469201832	-0.807736658996912	63.3056935218304
10420000	5.99767172208028	-6.58716042303619	-15.7421782674266	-6.58716042303619	49.8027684475361	11.3902077976391	-15.7421782674266	11.3902077976391	69.6273270277715
10430000	9.45497813162912	-2.84651613039543	-14.4485864355855	-2.84651613039543	45.0373690838116	4.59785398369773	-14.4485864355855	4.59785398369773	69.9485812376817
10440000	11.1018690351069	-6.45643370262098	-19.2534283511736	-6.45643370262098	83.7127625077177	11.9089829289464	-19.2534283511736	11.9089829289464	60.5838430232804
10450000	1.93468242509473	-2.17079676632675	-7.26394861359883	-2.17079676632675	54.1926100914625	11.9920960213776	-7.26394861359883	11.9920960213776	70.5908828616124
10460000	2.967450387096	-1.0210276733039	-7.17511134345356	-1.0210276733039	95.5894048041165	-3.30158462010898	-7.17511134345356	-3.30158462010898	48.1735314218263
10470000	6.44194786219631	-5.36530268675751	-14.6731944416156	-5.36530268675751	58.6302213461838	20.9230433335269	-14.6731944416156	20.9230433335269	64.6719724905324
10480000	5.84148006581771	-3.57336944394607	-15.2295461092688	-3.57336944394607	50.7152906351423	3.89572237585765	-15.2295461092688	3.89572237585765	69.2742912808791
10490000	11.418491358168	-10.2093702263484	-17.1991652310851	-10.2093702263484	66.0440729661504	14.8982866786488	-17.1991652310851	14.8982866786488	62.7628841964591
10500000	2.84555741722798	-3.27613537680882	-5.44671654135727	-3.27613537680882	54.5739070903479	-0.0842893545404109	-5.44671654135727	-0.0842893545404111	59.0506816344136
10510000	3.24337863057835	-0.92738352813886	-9.72577465604975	-0.92738352813886	87.010717434401	5.37360392289105	-9.72577465604975	5.37360392289105	69.0111703948946
10520000	2.12275346224612	-0.870844115527212	-4.71176409571889	-0.870844115527212	53.5053986470129	15.5306874378542	-4.71176409571888	15.5306874378542	54.9284924541988
10530000	15.2896208974245	-1.11242402433656	-25.4864530249858	-1.11242402433656	62.8888273750703	5.78861779019104	-25.4864530249858	5.78861779019104	63.7762794672972
10540000	8.34672638946901	-2.74170170490486	-13.7301741305879	-2.74170170490486	52.7272142122126	9.0898190528516	-13.7301741305879	9.0898190528516	59.1102414136883
10550000	4.47982051150988	-3.86674120259069	-9.42329820106087	-3.86674120259069	61.2925610040388	12.7697063120614	-9.42329820106087	12.7697063120614	72.089036999004
10560000	4.46384379079088	2.37272644855113	-0.228559175466163	2.37272644855113	55.1749823341924	9.96155609393493	-0.228559175466163	9.96155609393493	63.4920965958206
10570000	3.5841967789582	0.589366381263891	-8.26283002874505	0.589366381263892	59.3101352362453	-8.07955860457148	-8.26283002874505	-8.07955860457148	44.020552979418
10580000	9.83230310989525	-5.16063383345554	-16.9026347102815	-5.16063383345554	66.2952227002828	3.85518600411915	-16.9026347102815	3.85518600411915	55.2116956652462
10590000	13.3669345762691	-6.82892142060317	-20.6214143302346	-6.82892142060317	50.7664941935789	4.64033457386193	-20.6214143302346	4.64033457386193	58.7722739671929
10600000	18.6054504816869	-0.00475696390239671	-17.8865127506266	-0.00475696390239685	54.4990049557301	-1.44490540423258	-17.8865127506266	-1.44490540423258	42.2203309688464
10610000	15.7956526412838	-7.5268756284154	-19.1802482362862	-7.5268756284154	57.9780917248057	5.27748314038088	-19.1802482362862	5.27748314038088	60.6096431787385
10620000	5.57753445966813	-2.31613043423524	-6.01083434218475	-2.31613043423524	51.1641801193553	1.67473199033991	-6.01083434218475	1.67473199033991	53.3547294579953
10630000	14.0926937394488	-9.30843183333312	-30.2413802638101	-9.30843183333312	76.5186672867072	15.3055655775717	-30.2413802638101	15.3055655775717	93.7976390307795
10640000	1.87578494408136	-3.61405404535066	-9.9646841886897	-3.61405404535066	70.2279342340268	17.9331580913324	-9.9646841886897	17.9331580913324	82.5471249414485
10650000	3.49252944050138	0.744646447483518	-6.05659894027048	0.744646447483518	57.7942188855999	8.24342350488508	-6.05659894027048	8.24342350488508	48.2361358985865
10660000	4.50550418987744	-5.1932777510803	-9.82428021955629	-5.1932777510803	65.8080786180686	10.9903728531718	-9.82428021955628	10.9903728531718	64.6594514248143
10670000	8.09341354707094	-1.93359455372041	-13.0978642795373	-1.93359455372041	76.1100849585405	2.6425714183863	-13.0978642795373	2.6425714183863	53.0940247027993
10680000	2.78274750797182	-1.83191528036639	-8.1783502367963	-1.83191528036639	43.2337220764827	-2.63047803059291	-8.1783502367963	-2.63047803059291	56.6262187463856
10690000	1.47118941758604	-1.33877500298772	-4.85264284439109	-1.33877500298772	46.0588069317264	4.29802741944008	-4.85264284439109	4.29802741944008	56.7734052229017
10700000	5.15866632976709	-2.26097913782781	-15.9553028548459	-2.26097913782781	51.2707849707229	-5.33288298205427	-15.9553028548459	-5.33288298205427	81.7009387281989
10710000	4.51693564054136	-1.04862108254763	-7.17441081920932	-1.04862108254763	48.2997393318862	4.44063283466683	-7.17441081920932	4.44063283466683	39.1822482666088
10720000	7.40997458572991	-8.05157323927281	-13.7022322675503	-8.05157323927281	67.5260998229994	12.2463591670425	-13.7022322675503	12.2463591670425	79.2581228005894
10730000	4.89505058302083	-2.30012624605102	-9.19533857612782	-2.30012624605102	47.0286109350892	7.95261198373692	-9.19533857612782	7.95261198373692	43.8641671366177
10740000	1.84943520444473	-2.25091450263342	-5.16876891397284	-2.25091450263342	44.1319708082076	5.26368497804241	-5.16876891397284	5.26368497804241	45.6285113428792
10750000	4.70843595690575	-3.91012760145216	-9.88520425999981	-3.91012760145216	42.6093042406952	6.03781110951435	-9.88520425999981	6.03781110951435	60.0069128584674
10760000	6.32044449827084	1.56328517266388	-7.84793150364909	1.56328517266388	55.731839655667	7.22707146041034	-7.84793150364909	7.22707146041034	54.9882235993966
10770000	6.81744262785384	-10.7882163611432	-12.3903500378528	-10.7882163611432	69.3805170320307	19.3909466413733	-12.3903500378528	19.3909466413733	58.9998335402435
10780000	4.36931977839208	-3.44594387641549	-13.7337644305663	-3.44594387641549	73.0762175098638	28.3908321009357	-13.7337644305663	28.3908321009357	95.6874155316994
10790000	3.22224270304115	1.32181732457089	-6.04527637778962	1.32181732457089	50.8858871367705	4.26850694264268	-6.04527637778961	4.26850694264267	76.1660623697223
10800000	3.5725754458978	-2.52815022401785	-8.6048140371719	-2.52815022401785	56.769792228623	8.45489423015618	-8.6048140371719	8.45489423015618	50.5345199156808
10810000	1.3940131606062	-0.887894049480418	-5.15785024969702	-0.887894049480418	51.9472505539387	-0.979568312612102	-5.15785024969702	-0.979568312612102	45.6849053982318
10820000	3.57374150868498	-2.55422869125784	-7.24581322993734	-2.55422869125784	55.1799769785042	5.73269828914187	-7.24581322993734	5.73269828914187	40.0818414619766
10830000	4.24486861261476	-0.0184923482026343	-13.5440170666749	-0.0184923482026338	72.3939952916312	16.19239494339	-13.5440170666749	16.19239494339	86.7619957102773
10840000	4.52824504109986	-4.57943894057584	-8.76288579596313	-4.57943894057584	51.6846589708216	11.1670593574045	-8.76288579596313	11.1670593574045	58.3057779580223
10850000	1.37159069128489	-0.218342243930498	-1.66852593016987	-0.218342243930498	68.8432072142528	9.14349533061688	-1.66852593016987	9.14349533061688	54.4986934718773
10860000	4.1899973508278	-4.68142301919253	-10.0052460349701	-4.68142301919253	67.5085918645802	22.2555155749948	-10.0052460349701	22.2555155749948	54.2252094995666
10870000	1.88153860479265	-2.94583554193447	-6.81130090103135	-2.94583554193447	69.307280602945	3.22782945657825	-6.81130090103136	3.22782945657825	59.8618751714134
10880000	1.60400764277739	-0.0503520494807143	-6.11492720237966	-0.0503520494807144	49.6154987080918	7.26344779028133	-6.11492720237966	7.26344779028133	65.734833235462
10890000	3.08965357765821	2.11542518021952	-6.70697279319858	2.11542518021952	107.115684230064	-5.34469977770395	-6.70697279319858	-5.34469977770395	49.1219861637305
10900000	2.23241453217366	-7.89910052667723	-8.992227249429	-7.89910052667723	101.519366818144	19.3622832585115	-8.992227249429	19.3622832585114	86.6041615426861
10910000	4.68832957699864	5.86199661677221	-9.48798059017467	5.86199661677222	55.0084504698025	6.68029844991912	-9.48798059017467	6.68029844991912	79.2555051005066
10920000	3.9987684596211	-2.8381020185126	-7.43061740639683	-2.8381020185126	59.5583813860991	-2.10456055859865	-7.43061740639683	-2.10456055859865	54.9770471834833
10930000	12.905823945992	-1.2065066130095	-20.5385168174097	-1.2065066130095	50.8325168676204	5.27052397419813	-20.5385168174097	5.27052397419813	60.5257091100414
10940000	3.90173580211498	-2.78424012169584	-10.026714128305	-2.78424012169584	70.3304077286464	10.2806468753875	-10.026714128305	10.2806468753875	69.4102060406343
10950000	5.86345762737067	-3.49251774882355	-11.8954557040354	-3.49251774882355	57.5108076534885	11.6484137364652	-11.8954557040354	11.6484137364652	52.7559483263858
10960000	7.89557259164891	-7.85495685054881	-14.3782610334141	-7.85495685054881	75.9574016006899	19.2259934306889	-14.3782610334141	19.2259934306889	58.0852210869264
10970000	6.72626179034257	-3.14471400786734	-13.5897017469839	-3.14471400786734	77.0947285962511	14.1535732008632	-13.5897017469839	14.1535732008632	54.7256714929559
10980000	2.39487905394672	1.68937251393186	-3.89836076210138	1.68937251393186	65.3769388096467	9.55027027320599	-3.89836076210138	9.55027027320599	51.3025095410771
10990000	2.59225186006449	-2.05227391394422	-5.82479663823663	-2.05227391394422	66.0352456135328	16.5079617602178	-5.82479663823663	16.5079617602178	54.9299889581372
1.1e+07	10.7643434709037	-7.21089666837268	-24.3037996749437	-7.21089666837268	66.4460346633304	16.9226178416342	-24.3037996749437	16.9226178416342	77.8049987690456
11010000	1.56776225621659	0.27120525239695	-3.23920743403081	0.27120525239695	63.4050972360969	18.3141741664661	-3.23920743403081	18.3141741664661	49.7403618881295
11020000	6.13598478989761	-3.76258463223342	-12.9073020689194	-3.76258463223342	85.5713230427856	2.80865211147715	-12.9073020689194	2.80865211147714	54.6145981812905
11030000	5.31353840724869	0.882224622805275	-10.0452683316055	0.882224622805275	49.690685379056	-2.86624713535861	-10.0452683316055	-2.86624713535861	52.3365404203166
11040000	1.91529780419437	1.25267120620489	-5.63962964949296	1.25267120620489	46.7775857120637	9.04589592870967	-5.63962964949296	9.04589592870968	52.9948971622719
11050000	2.8659899066398	-4.05502923761813	-3.99684419612722	-4.05502923761813	45.0104679016151	5.539721077848	-3.99684419612722	5.539721077848	63.506583970723
11060000	1.38670254518029	0.476303760718066	-2.53506465888961	0.476303760718066	38.1048761393863	5.60517885064457	-2.53506465888961	5.60517885064457	56.5184811848305
11070000	2.98267530537524	-6.51011952541348	-10.4406411958269	-6.51011952541348	65.8522520679398	11.2431503445539	-10.4406411958269	11.2431503445539	59.1825133321516
11080000	2.27978586726738	-4.85904042323757	-8.68800262112986	-4.85904042323757	71.0807188924417	12.8581867911297	-8.68800262112985	12.8581867911297	70.9991188012194
11090000	1.86323737103702	-1.02918537748728	-4.86835363499706	-1.02918537748728	52.2889126061134	-11.1456121192036	-4.86835363499706	-11.1456121192036	53.0448529449125
11100000	2.19532878468165	-1.20450683470546	-4.97717193920848	-1.20450683470546	57.925608612161	9.39767507337424	-4.97717193920848	9.39767507337424	44.6302425174542
11110000	1.75948053022381	-1.88104191522427	-5.38962135476077	-1.88104191522427	68.0231188627887	19.8535097803961	-5.38962135476077	19.8535097803961	59.5548796764007
11120000	2.33604328231912	-4.05375360950875	-7.99894268128308	-4.05375360950875	62.8882214678627	9.69713221847503	-7.99894268128308	9.69713221847503	80.3356602659654
11130000	3.76556891163518	-3.07704954749549	-11.5617929027347	-3.07704954749549	73.1745889647421	11.707326298765	-11.5617929027347	11.707326298765	72.6145267036512
11140000	4.46245032614221	-7.1844613683669	-9.5429948630104	-7.1844613683669	56.3929707445214	20.5735323362806	-9.5429948630104	20.5735323362806	47.7423970643388
11150000	2.23085234602568	-3.26813811444166	-8.68540816260815	-3.26813811444166	47.8091721571751	14.2384314459922	-8.68540816260815	14.2384314459922	60.8181472460338
11160000	4.56810354398793	1.57156649872316	-8.5220323856965	1.57156649872316	86.8853921606591	-13.209277568365	-8.52203238569649	-13.209277568365	54.2841005564946
11170000	3.55498918973076	-4.07882009892985	-7.55121416330729	-4.07882009892985	48.0848036408385	5.44903637017608	-7.55121416330729	5.44903637017608	47.2004715092558
11180000	25.1533224735339	1.59549306568923	-11.3062892308738	1.59549306568923	54.4770341957956	-0.338244584488315	-11.3062892308738	-0.338244584488314	51.5288412171572
11190000	39.7546897794927	-10.8718820784726	-29.1277182729606	-10.8718820784725	76.6284189278979	20.5354582480447	-29.1277182729606	20.5354582480447	54.9871674631817
11200000	32.6968487913127	-12.2738278106505	-33.6323073733321	-12.2738278106505	60.7806991676192	11.1970066033163	-33.6323073733321	11.1970066033163	63.306658861478
11210000	19.6735356901554	2.42074884687386	-22.6335575909199	2.42074884687386	52.1700009204108	-0.508091660547628	-22.6335575909199	-0.508091660547627	61.2711299547571
11220000	29.2557887125681	-14.0737353733587	-20.7211337310254	-14.0737353733587	55.2971433062088	9.85343559554284	-20.7211337310254	9.85343559554285	54.2596524492511
11230000	68.825795718235	-15.0780002695965	-45.9596429890259	-15.0780002695965	61.1816560892484	-7.06068493661292	-45.9596429890259	-7.06068493661292	51.7596759248173
11240000	21.6541526110092	-6.66788714281477	-24.0501650663591	-6.66788714281476	92.7013037650946	7.485642490496	-24.0501650663591	7.485642490496	55.5942875579134
11250000	32.8116802281785	-13.8384410397839	-22.5759110035053	-13.8384410397839	49.8605731052485	15.666840285881	-22.5759110035053	15.666840285881	59.6345844523909
11260000	3.32112586356397	1.24874078841372	-9.3336833620076	1.24874078841372	52.5182258894613	7.23940925309517	-9.3336833620076	7.23940925309517	65.5420595587217
11270000	5.84109909350723	-8.83818038784326	-8.74619880101364	-8.83818038784326	56.537303171114	14.0629713407158	-8.74619880101364	14.0629713407158	57.3876730624891
11280000	1.46494657406053	2.14702172402229	-5.61315501126114	2.14702172402229	53.0840330634564	5.36025243506477	-5.61315501126114	5.36025243506477	55.8471337703778
11290000	1.345087951924	0.170283692861102	-4.66470655942332	0.170283692861102	62.2130183376002	0.981718762831826	-4.66470655942332	0.981718762831826	54.1614692839595
11300000	7.98372297903127	-10.8877296854954	-17.5352315996832	-10.8877296854954	66.0708310206043	18.1925664741395	-17.5352315996832	18.1925664741395	67.707516708631
11310000	11.5381303279904	-6.31005385139148	-15.609841595041	-6.31005385139148	53.8349083598263	-1.4829984980101	-15.609841595041	-1.4829984980101	51.6942357838543
11320000	28.6212053960461	-11.971259868936	-23.9492479449429	-11.971259868936	54.7043648044394	8.663713415468	-23.9492479449429	8.663713415468	51.5006101126661
11330000	12.4816200131369	-3.26546061707454	-17.0814294618519	-3.26546061707454	54.9659432710358	5.60631246248571	-17.081429461852	5.60631246248572	75.5147274210086
11340000	4.01466955978999	-1.81953915712344	-8.01045210325604	-1.81953915712344	46.8102240270802	7.07196721483117	-8.01045210325604	7.07196721483117	54.949814761808
11350000	1.86696117349908	-0.908769513001464	-8.47368620368544	-0.908769513001464	53.3453381858232	8.98765156235693	-8.47368620368544	8.98765156235693	69.056763194086
11360000	3.82022043227654	-2.20596011880376	-9.0953914588806	-2.20596011880376	44.9438169026085	8.65735202401034	-9.0953914588806	8.65735202401034	63.0301526099314
11370000	7.71951608353324	-7.31844086577934	-11.7021087658806	-7.31844086577934	59.1368684481062	14.1154457393016	-11.7021087658806	14.1154457393016	67.5473847375193
11380000	14.1218462963861	-7.40897165527083	-24.5466563254568	-7.40897165527083	59.4018541359582	12.0063159494727	-24.5466563254568	12.0063159494727	70.0222607556559
11390000	8.7102563884408	-1.11501218841409	-16.1544196319047	-1.11501218841409	55.4862522618345	4.64996730546701	-16.1544196319047	4.64996730546701	63.1592423691647
11400000	13.2708527694891	2.05903396860895	-18.4434388730935	2.05903396860895	65.2423784319463	-5.16915815767129	-18.4434388730935	-5.16915815767129	57.4461637016282
11410000	23.1746775697325	-2.80620667795307	-28.3003831757826	-2.80620667795307	64.2732364669594	8.25219492253782	-28.3003831757826	8.25219492253782	71.4972987112637
11420000	8.27643279962843	-10.6613362669495	-13.3341486109061	-10.6613362669495	66.8384455396658	15.2702113962174	-13.3341486109061	15.2702113962174	48.0752280098628
11430000	8.16017590687468	-3.21438769533215	-14.4468867562333	-3.21438769533215	63.6270874706583	3.94158894685152	-14.4468867562333	3.94158894685152	63.6816808591973
11440000	3.96661221844233	5.26912952607604	-11.0215865546169	5.26912952607604	60.4384118734832	-8.91761236560563	-11.0215865546169	-8.91761236560562	72.2713033786646
11450000	2.84546429520081	-2.67989890683548	-6.50772585885877	-2.67989890683548	58.1111624153081	11.8139731546764	-6.50772585885877	11.8139731546764	52.8198160024708
11460000	1.70559424307851	-1.87279521925671	-7.21044032714295	-1.87279521925671	58.0227272254204	16.4194410824	-7.21044032714295	16.4194410824	69.9469433310789
11470000	5.08772758706197	-3.74164535083801	-8.78727004362676	-3.74164535083801	53.2773538376357	9.09521606625871	-8.78727004362676	9.09521606625871	64.1255289529819
11480000	2.93456518867206	-3.01623794330817	-3.93527288471529	-3.01623794330816	89.4289364210246	24.6728279214765	-3.93527288471529	24.6728279214765	57.7510029011301
11490000	2.16518906633139	-0.716039146234798	-5.23584518206092	-0.716039146234798	72.0622139607783	14.4258380047426	-5.23584518206092	14.4258380047426	47.79731695973
11500000	3.88134797616041	1.64326715379625	-10.2504767768694	1.64326715379625	59.5551193773271	15.8579703494561	-10.2504767768694	15.8579703494561	70.7176159198453
11510000	2.21008912920685	-3.46424508266569	-5.82118709809453	-3.46424508266569	54.3672741029951	9.80875415121326	-5.82118709809453	9.80875415121326	45.9864315781237
11520000	3.73863853276027	-0.461896523809846	-6.8672446305377	-0.461896523809846	64.7583845196173	23.1474140669299	-6.8672446305377	23.1474140669299	56.1171016139758
11530000	6.7925238856306	-2.97208182663633	-11.8862824803448	-2.97208182663633	58.8845074410231	15.9238047600135	-11.8862824803448	15.9238047600135	61.8514940484523
11540000	2.15442626489788	0.343595357666916	-7.21690774234239	0.343595357666916	50.8529498659253	-3.7658072669658	-7.21690774234239	-3.7658072669658	58.3116569134783
11550000	3.11774850685053	-1.24145107261987	-7.15552818813486	-1.24145107261987	48.221925150802	10.5830732890132	-7.15552818813486	10.5830732890132	64.8674939635573
11560000	8.11683962834723	-12.9785272098029	-16.1734119716705	-12.9785272098029	79.3829221957563	18.2924386480387	-16.1734119716705	18.2924386480387	59.4680033347032
11570000	2.93593107082094	-2.19540316975147	-9.01947976992639	-2.19540316975147	47.924072387953	7.39513165188865	-9.01947976992639	7.39513165188865	51.3180848272592
11580000	3.16046764191836	0.441638116803694	-7.4387742991469	0.441638116803694	41.7114471045553	-1.46003201610382	-7.4387742991469	-1.46003201610382	60.3139910207441
11590000	5.1861739551515	-3.89611044827552	-9.94423431877618	-3.89611044827552	74.3590360239709	-2.85561963878452	-9.94423431877618	-2.85561963878452	57.5744728756492
11600000	1.76790635029202	-2.46143638321327	-5.79690692424381	-2.46143638321327	55.3139570021715	-3.65632325591716	-5.79690692424381	-3.65632325591716	92.6642462888781
11610000	4.0359360748664	-3.78713959309375	-6.19915377010047	-3.78713959309375	54.8982465334901	13.0810340016969	-6.19915377010047	13.0810340016969	57.7249599234836
11620000	4.57182698981845	-2.48395195683868	-12.3633932245228	-2.48395195683868	66.7645992419524	-7.34374788435462	-12.3633932245228	-7.34374788435462	84.2188993340628
11630000	10.5689700673909	-9.8153779850782	-14.7945158288426	-9.8153779850782	68.604025328063	-0.829696312182839	-14.7945158288426	-0.829696312182839	62.4966244765469
11640000	14.2087255296401	1.57302079577274	-15.7585077189652	1.57302079577274	58.6876429332842	-7.29235067764103	-15.7585077189652	-7.29235067764103	62.3500659075704
11650000	12.3197322147649	-1.41292903775305	-24.0836012532944	-1.41292903775305	53.0105286832927	4.8904924860647	-24.0836012532944	4.8904924860647	91.6082025495431
11660000	1.38995054404924	-3.28836448393329	-3.87147432995058	-3.28836448393329	58.5347499456942	8.99683010500607	-3.87147432995058	8.99683010500607	55.9632858824966
11670000	4.95303317246734	-5.31392765390887	-11.8569503485907	-5.31392765390887	66.1325653250936	25.2455650858722	-11.8569503485907	25.2455650858722	68.4066291632116
11680000	2.62513166920423	-0.93748332151982	-10.0267262540507	-0.93748332151982	47.3703293796218	12.6149658283927	-10.0267262540507	12.6149658283927	74.6985362396753
11690000	5.709068365664	-5.73618115210918	-9.21383809354307	-5.73618115210918	54.9533179090801	5.61893201174581	-9.21383809354307	5.61893201174581	38.52498850772
11700000	2.38148211272521	-2.39930792408139	-5.92129783463414	-2.39930792408139	56.4252575166494	2.6553276498142	-5.92129783463414	2.6553276498142	53.0198268095151
11710000	2.21135529339169	1.18245125148784	-6.78871598280463	1.18245125148784	68.8738770495818	3.94763214008635	-6.78871598280463	3.94763214008635	66.6943431956828
11720000	4.79454160758359	-0.831932453062874	-8.38737631372863	-0.831932453062874	63.5769666290258	2.93965645378827	-8.38737631372863	2.93965645378827	48.2987449794273
11730000	3.05481730738562	2.47043876652545	-5.05899701663158	2.47043876652545	70.1519597449758	7.25263879199478	-5.05899701663158	7.25263879199478	55.9295241126521
11740000	20.6278327880125	-21.3061234921925	-27.2813318754378	-21.3061234921925	83.7323061408904	14.3007190644039	-27.2813318754378	14.3007190644039	94.8108195308721
11750000	17.4772843881647	-3.76245641869161	-21.0151293492804	-3.76245641869161	79.8124175849808	9.39643311154177	-21.0151293492804	9.39643311154177	63.2954611781863
11760000	4.33838424453435	-1.07306449154459	-8.76238667900006	-1.07306449154459	58.4594156317721	4.10930310188447	-8.76238667900006	4.10930310188447	60.2729140622747
11770000	3.40217562691604	-7.28115822480862	-6.52885930812011	-7.28115822480862	75.5379036541381	14.6953492308222	-6.52885930812011	14.6953492308222	43.732123718063
11780000	2.48438208645901	-3.71165023630549	-8.54437006237479	-3.71165023630549	70.1575518838204	22.561422083751	-8.54437006237479	22.561422083751	65.0001038542089
11790000	10.3545666714724	2.34771210767971	-8.77010149852025	2.34771210767971	50.357197931081	1.64437367739431	-8.77010149852025	1.64437367739431	48.6738536665011
11800000	9.60934610886353	-1.60517178686179	-16.9318397495541	-1.6051717868618	57.3469761573079	7.87334751644379	-16.9318397495541	7.87334751644379	69.9216894041633
11810000	4.17616333565959	0.541184191626942	-8.94879553884863	0.541184191626942	51.6937481009603	8.11482934698245	-8.94879553884863	8.11482934698245	48.6250209496424
11820000	6.13488065970735	-2.98441505281638	-10.4806995934879	-2.98441505281638	57.5469674288732	8.32510004989471	-10.4806995934879	8.32510004989471	60.1096191981492
11830000	4.70803700463549	-8.03353179312599	-6.92663905722539	-8.03353179312599	54.7955402987356	-2.4834919487944	-6.92663905722539	-2.4834919487944	50.4873434635127
11840000	9.14795697112775	-6.79273787415176	-13.0870502704792	-6.79273787415176	45.6994642891987	8.26927877076533	-13.0870502704792	8.26927877076533	52.0857561069388
11850000	4.77398628873499	-1.17887163568233	-9.48434181846595	-1.17887163568233	52.3312974570208	4.31087369158246	-9.48434181846595	4.31087369158246	64.1750569240589
11860000	4.61825001578016	-3.50261103827401	-12.8911347499328	-3.50261103827401	51.7222422196552	12.0274221068609	-12.8911347499328	12.0274221068609	74.563943551298
11870000	11.4777763067694	-5.68879522742953	-17.06060020076	-5.68879522742953	54.3486918807408	8.40560659842157	-17.06060020076	8.40560659842157	52.8662696075479
11880000	29.6269671655926	-11.9825476917389	-29.7777032039092	-11.9825476917389	59.7792189066123	18.0937997337631	-29.7777032039092	18.0937997337631	55.489424840113
11890000	2.87384308297994	-0.662756199451776	-5.95709099072831	-0.662756199451776	63.2327828357979	10.3681053321566	-5.95709099072831	10.3681053321566	40.3279276374514
11900000	3.38634093859321	-1.32644770429911	-9.31943180669654	-1.32644770429911	60.1863740034144	11.2414348701509	-9.31943180669654	11.2414348701509	60.7791442340883
11910000	2.91204878573688	0.401264115403792	-7.43628355140003	0.401264115403792	55.4632458756192	1.52199646732245	-7.43628355140003	1.52199646732245	64.3693617661005
11920000	5.03202602141954	1.67384028179825	-5.28076253742117	1.67384028179825	60.0434676519964	5.64145061858314	-5.28076253742117	5.64145061858314	55.0062336987657
11930000	4.40348360544192	0.599819329418834	-10.8463836113238	0.599819329418835	57.7543142652721	-15.7259458990757	-10.8463836113238	-15.7259458990757	67.2432342178087
11940000	2.53162762119274	1.19574455396574	-5.83213775251172	1.19574455396574	57.2374117993496	-0.732768540312554	-5.83213775251172	-0.732768540312555	51.9037845468833
11950000	2.22942373779589	-1.69175816134701	-7.15987777074197	-1.69175816134701	51.5005459830218	3.6750752155345	-7.15987777074197	3.6750752155345	60.2657198931176
11960000	10.8317037234474	-1.62924026988893	-20.2596527036563	-1.62924026988893	63.2966993663385	8.26972766191119	-20.2596527036563	8.26972766191119	70.398266514299
11970000	10.0988290492352	-8.61894154377541	-18.3325252441223	-8.61894154377541	53.0264963912216	13.9610640852396	-18.3325252441223	13.9610640852396	72.4742660364422
11980000	1.90431629902451	-2.60722036508143	-7.26034066179608	-2.60722036508143	89.1771478725246	26.3724361558351	-7.26034066179608	26.3724361558351	76.4731281972138
11990000	4.99264982576888	-2.27992538895682	-11.5025804420893	-2.27992538895681	58.8386340909642	-6.31134017089997	-11.5025804420893	-6.31134017089997	66.5345030215945
1.2e+07	4.17106732435474	-2.81191302495261	-8.10541531338234	-2.81191302495261	51.8849793624141	16.0244022267446	-8.10541531338234	16.0244022267446	67.2675295041939
12010000	5.31462993951	2.63193664376999	-9.3834598738384	2.63193664376999	52.5860247043498	5.25351674385004	-9.3834598738384	5.25351674385004	43.608709613361
12020000	6.89387946368227	-2.27010726187238	-14.2310913647581	-2.27010726187238	56.3689758120721	1.6361717701494	-14.2310913647581	1.6361717701494	52.0148197887299
12030000	5.54776901568134	-6.15870281907215	-13.9040261151622	-6.15870281907215	55.7910595654262	12.5748509536779	-13.9040261151622	12.5748509536779	84.1773041436874
12040000	8.75967897884426	7.64987370058116	-9.65700954205905	7.64987370058116	79.1086793918488	4.22932896434407	-9.65700954205905	4.22932896434407	46.8133286564291
12050000	2.26138230588333	-3.52925291113102	-5.01685154440045	-3.52925291113102	80.4020655953386	18.8863180934181	-5.01685154440045	18.8863180934181	45.3114355226883
12060000	4.24867264521525	-0.596159800280691	-9.10215167215273	-0.596159800280691	84.9354353027347	-0.720794705377156	-9.10215167215273	-0.720794705377156	66.9336180003554
12070000	1.53381277305071	-0.601367407642643	-5.09471127493726	-0.601367407642643	86.1740370022798	0.283767051040354	-5.09471127493726	0.283767051040354	54.5707731498738
12080000	1.28176017823485	-1.23737015895722	-4.2181942331178	-1.23737015895722	78.8269288736517	-9.52258884184023	-4.2181942331178	-9.52258884184023	55.3186717840084
12090000	3.55060475130347	-3.44624121901279	-10.3502659129103	-3.44624121901279	74.052560647463	12.998155111509	-10.3502659129103	12.998155111509	58.698515736966
12100000	7.31483833591559	-10.0667277378407	-13.0629704414257	-10.0667277378407	81.5148207567462	30.75373404022	-13.0629704414257	30.75373404022	70.8583918972472
12110000	2.58680187812416	-4.07857734765238	-9.61422027170311	-4.07857734765238	56.5933427230227	19.6999695761808	-9.61422027170311	19.6999695761808	64.0269929249904
12120000	2.46530622612408	0.672492063233955	-5.14823798875512	0.672492063233955	54.0207273810989	6.74136927790876	-5.14823798875512	6.74136927790876	60.9948325309109
12130000	2.01182965830792	-1.72705883483425	-5.94890567987615	-1.72705883483425	51.6858421905169	13.0142501936585	-5.94890567987615	13.0142501936585	75.5043450719523
12140000	3.51446193876987	2.10708057355199	-7.38849203580626	2.10708057355199	80.9115625590731	8.58211703260961	-7.38849203580626	8.58211703260961	55.9162711842188
12150000	4.57148255670667	2.82485855497654	-8.73907868927233	2.82485855497654	56.7574256037796	-3.0334786540771	-8.73907868927233	-3.0334786540771	42.3134092559496
12160000	4.15242916244016	-3.75234542220144	-11.9836714869808	-3.75234542220144	80.4789837952759	10.397685005447	-11.9836714869808	10.397685005447	63.0468791553886
12170000	6.37102885553259	3.14737333863149	-10.2908318058191	3.14737333863149	65.1255216932384	3.76380614736376	-10.2908318058191	3.76380614736376	54.4839739103405
12180000	7.04338777552793	3.76242272543918	-15.2843732211458	3.76242272543918	56.9028416198112	3.14650256177692	-15.2843732211458	3.14650256177692	73.754805459018
12190000	5.03986216451775	0.308196518115724	-6.00212608756658	0.308196518115724	58.0854907245009	-3.65237299231688	-6.00212608756658	-3.65237299231688	48.2411535700428
12200000	5.78266474703902	-6.61905611105375	-14.2969465701622	-6.61905611105375	65.3071907963834	11.4881859516037	-14.2969465701622	11.4881859516037	59.5867387004025
12210000	23.9665458560371	-9.49941666127565	-20.1736775562451	-9.49941666127565	57.8436937349177	-8.95131142093551	-20.1736775562451	-8.95131142093551	59.8421354246962
12220000	2.09972302789157	-0.991953171459904	-3.45424094174675	-0.991953171459904	65.9327062152634	2.49631687369846	-3.45424094174675	2.49631687369846	49.1249404865316
12230000	6.38281130764245	-2.96793381589377	-10.4362463493377	-2.96793381589377	74.43181971037	10.1721238031221	-10.4362463493377	10.1721238031221	39.9856224314486
12240000	2.54622621670455	-0.00594496038953954	-5.693822353618	-0.00594496038953953	61.9409358618632	6.75241771271889	-5.693822353618	6.75241771271889	49.319944225991
12250000	2.69100836993956	-4.57906367919984	-7.81083715787423	-4.57906367919984	69.3577309931303	14.747885442107	-7.81083715787423	14.747885442107	62.1006434054486
12260000	3.05538210354421	-1.68078295524925	-6.7932651225398	-1.68078295524925	50.3006152178239	0.46879082799736	-6.7932651225398	0.46879082799736	63.7849958075508
12270000	3.1819360534323	-1.16367552451644	-10.5232055958752	-1.16367552451644	64.6489833954561	-0.0984319310616113	-10.5232055958752	-0.0984319310616111	69.7069491078767
12280000	3.08740242502043	-4.65286856426475	-11.7091367774036	-4.65286856426475	79.9421659188104	18.0562734859006	-11.7091367774036	18.0562734859006	78.5739156362126
12290000	3.06326743977916	0.118873051173091	-7.17146114246084	0.118873051173091	51.5089334873736	9.17226332457702	-7.17146114246083	9.17226332457703	63.6245899726804
12300000	2.25793668578627	1.08576937340789	-5.65236129733966	1.08576937340789	43.1930081844594	4.12116201006791	-5.65236129733966	4.12116201006791	44.4769789142795
12310000	1.9684118517092	-2.12882934920916	-4.51586943471996	-2.12882934920916	72.9026332391678	2.02186610255598	-4.51586943471996	2.02186610255598	57.0227115975726
12320000	2.51175189733776	1.49019046732965	-6.99127417634156	1.49019046732965	73.1914532120884	3.93136958406461	-6.99127417634156	3.9313695840646	56.849465232865
12330000	6.09894945457818	0.538591674397655	-12.1607757382483	0.538591674397655	58.9564509358797	8.03016937350583	-12.1607757382483	8.03016937350582	58.3570206742219
12340000	16.0337493351671	-15.2599359046606	-25.9141800058713	-15.2599359046606	63.8310662508482	21.2617625159084	-25.9141800058713	21.2617625159084	73.0831191877842
12350000	9.17920654623772	-9.94771298837649	-13.3588090432344	-9.94771298837648	58.3466879482741	-0.73230660356202	-13.3588090432344	-0.73230660356202	53.935525945305
12360000	7.54128007171184	-2.66569765553188	-15.5906361923395	-2.66569765553188	60.1363764490944	3.03190548647153	-15.5906361923395	3.03190548647153	64.7916872327142
12370000	3.79339402114764	0.318426962531874	-11.4701349036105	0.318426962531874	48.753817699613	2.99661582986065	-11.4701349036105	2.99661582986065	67.2535309050034
12380000	9.81382167319061	-8.65689114860924	-16.3330391047868	-8.65689114860924	55.4573576843619	15.2993635355173	-16.3330391047868	15.2993635355173	49.9322417567185
12390000	2.81115414906802	-11.4626441309832	-6.48621401672442	-11.4626441309832	79.8736963871903	15.9082920683475	-6.48621401672441	15.9082920683475	42.7109733664741
12400000	2.07181057967143	-3.18080315830645	-4.56624264845166	-3.18080315830645	42.1490528306307	4.08158988220668	-4.56624264845166	4.08158988220667	40.8514667699263
12410000	2.76963573408993	-1.62079070853125	-7.00075058077959	-1.62079070853125	44.714236705019	10.6737323641173	-7.00075058077959	10.6737323641173	61.4801997639576
12420000	1.88187018993433	-0.760216980870281	-7.05225583610674	-0.760216980870281	44.3120778702068	10.5979595648922	-7.05225583610674	10.5979595648922	60.4295342606067
12430000	9.56306255539686	-1.7097088089468	-18.5696276423391	-1.7097088089468	65.7853565563307	17.2897832859535	-18.5696276423391	17.2897832859534	62.0869480470702
12440000	2.84928207961509	-4.5266888522889	-9.67598660897312	-4.5266888522889	55.0169205317611	14.7727953170217	-9.67598660897312	14.7727953170217	56.0390277623875
12450000	3.35885690403591	-2.29961620463258	-10.8807334956785	-2.29961620463258	63.1866306718444	19.0558814311237	-10.8807334956785	19.0558814311237	72.4579666311674
12460000	2.07063774990819	0.485383499618907	-5.56138720461466	0.485383499618907	51.9665142445551	5.79081000018569	-5.56138720461466	5.79081000018569	58.5684436760636
12470000	10.2482192129077	-4.37266376344514	-18.1768820825186	-4.37266376344514	66.5092344044136	16.0146827434987	-18.1768820825186	16.0146827434987	56.3203732361021
12480000	17.5023562996892	-5.07028441419254	-21.5282593371286	-5.07028441419254	59.4684284680178	-0.689433793686647	-21.5282593371286	-0.689433793686649	59.4877843894252
12490000	3.36946648267409	-2.38808542595585	-7.20902870484251	-2.38808542595585	51.7241455175633	10.8787097480336	-7.20902870484251	10.8787097480336	45.698296195602
12500000	1.77431161693174	-3.1178187798223	-4.29972935730076	-3.1178187798223	75.5997362711031	6.82629992893902	-4.29972935730075	6.82629992893902	46.1782730786345
12510000	2.99260937574958	0.0882267999402967	-2.62783043291856	0.0882267999402966	77.5953427729253	22.9105129470277	-2.62783043291856	22.9105129470277	69.4555884688676
12520000	6.52440929475766	8.84799440568868	-9.88256623660088	8.84799440568868	65.8072340464299	-1.8954465947411	-9.88256623660088	-1.8954465947411	61.9588169910417
12530000	37.1225217613596	-12.4956287964884	-42.7184067522109	-12.4956287964884	69.3758300937152	6.30700264166392	-42.7184067522109	6.30700264166392	70.4692583822081
12540000	21.8640305603019	-8.93406030998199	-33.9218307945161	-8.93406030998199	55.9056501331412	9.35323424911996	-33.9218307945161	9.35323424911996	74.015202981281
12550000	13.0351876637046	-7.18122518155897	-24.980207082578	-7.18122518155897	53.0146772868234	17.562668434401	-24.980207082578	17.562668434401	113.912787676117
12560000	8.47182977774298	1.09797080271946	-9.23166287689717	1.09797080271946	50.2307215815683	-0.992600090812787	-9.23166287689716	-0.992600090812787	63.5384627716408
12570000	10.743024178872	-9.0116045731363	-20.9738212789905	-9.0116045731363	63.5157827814028	16.382333536274	-20.9738212789905	16.382333536274	78.0305841827323
12580000	18.3605158450057	0.569307663824685	-16.1666864274805	0.569307663824685	58.6067182044968	12.5409272483548	-16.1666864274805	12.5409272483548	51.0227157303365
12590000	26.1402461157113	1.87971187373563	-25.437195804652	1.87971187373563	43.747915624086	1.87061651973782	-25.437195804652	1.87061651973782	66.6135638220444
12600000	6.06738901719959	-4.77193173183048	-12.4639918182887	-4.77193173183048	72.8483302016601	5.82306575310665	-12.4639918182887	5.82306575310665	65.3351118751739
12610000	3.88685361133017	2.21240303209003	-13.7029865121175	2.21240303209003	64.8101886959415	-17.6697749196387	-13.7029865121175	-17.6697749196387	76.7055266404858
12620000	5.12994560959934	-5.46651309568642	-11.8338470167528	-5.46651309568642	74.1691893165248	22.5392887881781	-11.8338470167528	22.5392887881781	56.4604148799577
12630000	3.27734585709118	-0.867929974048349	-7.77509744603532	-0.867929974048349	66.372374296423	10.0382765194922	-7.77509744603532	10.0382765194922	45.0951307381795
12640000	3.95870190393686	-6.27296850043778	-11.0240470421507	-6.27296850043778	55.9246752486859	21.4339781711319	-11.0240470421507	21.4339781711319	62.0820809983394
12650000	4.94531625184941	-8.14128317195638	-12.844664083969	-8.14128317195638	50.0205370798041	17.0805495733983	-12.844664083969	17.0805495733983	52.2629887352446
12660000	4.51898050114987	-9.40294554641972	-10.1082618156575	-9.40294554641972	66.1060034563746	14.7005057814486	-10.1082618156575	14.7005057814486	47.7688878895673
12670000	5.68266433127928	2.20026015362509	-9.635037123536	2.20026015362509	51.154979010989	-2.64143355351644	-9.635037123536	-2.64143355351644	56.0310528719087
12680000	3.37972342321568	0.458254314971893	-6.69106045030728	0.458254314971893	60.2896713220759	7.45050812596735	-6.69106045030728	7.45050812596736	80.9010038996727
12690000	5.51353462189769	-1.00638431988404	-11.4157002364224	-1.00638431988404	57.9490769260797	3.13847173083624	-11.4157002364224	3.13847173083624	63.9424929072988
12700000	6.50197641961259	-8.3186466308203	-8.70870706548165	-8.3186466308203	55.9876821406191	7.08514554245562	-8.70870706548165	7.08514554245562	40.583822431955
12710000	7.27952772985053	-3.53569572253965	-5.85413070402158	-3.53569572253965	51.8783184039723	3.75423315964333	-5.85413070402158	3.75423315964333	51.2726434262596
12720000	6.10968982755789	-2.0157320573006	-10.4377272580775	-2.0157320573006	51.5285070445204	10.5426767298702	-10.4377272580775	10.5426767298702	65.0104772636952
12730000	5.82043048431667	4.53095132969503	-11.3897810150003	4.53095132969503	56.3185486817532	-2.7922940046058	-11.3897810150003	-2.7922940046058	62.4360805269238
12740000	9.76157937396932	-4.88323587102881	-13.816712661202	-4.88323587102881	65.9422676472207	26.3536962975642	-13.816712661202	26.3536962975642	70.7233059529829
12750000	15.1688570344635	-11.7913789202826	-23.7175370625657	-11.7913789202826	72.2098976594399	15.0619585240146	-23.7175370625657	15.0619585240146	67.5758682418067
12760000	0.962589734397995	2.43573011907286	-5.09376004162243	2.43573011907286	69.0259412234387	-9.14315842303289	-5.09376004162244	-9.1431584230329	75.7374662820516
12770000	5.0248616096663	-4.40167483903738	-9.69983245386339	-4.40167483903738	86.4902779642023	25.116145556396	-9.69983245386339	25.116145556396	53.2782507120487
12780000	2.82100308121783	-3.36276386289862	-7.90706776277666	-3.36276386289862	60.6245478627996	12.1551429630138	-7.90706776277666	12.1551429630138	47.1012142557941
12790000	2.4095057833983	0.145853279117484	-3.5359305643941	0.145853279117484	76.310098804383	5.10547688771526	-3.5359305643941	5.10547688771525	39.8550555623329
12800000	2.74642670761673	-1.78726350525721	-9.09466409566465	-1.78726350525721	67.595829269418	4.87612582112199	-9.09466409566464	4.87612582112199	55.0493260339556
12810000	7.61345216717403	-4.56769330483832	-11.3790491664693	-4.56769330483832	60.8656990365068	10.3119073144561	-11.3790491664693	10.3119073144561	48.9647785127575
12820000	10.3381419414544	0.441197512138446	-14.1730786057115	0.441197512138446	73.970521783143	2.73276752312213	-14.1730786057115	2.73276752312213	51.6507658563263
12830000	3.46534866556966	-2.91622096503688	-8.94957229513442	-2.91622096503688	62.861848872071	4.96674978543957	-8.94957229513442	4.96674978543957	54.6469944784013
12840000	5.84507744820757	-5.02962966831541	-14.6129829408921	-5.02962966831541	61.0725722441017	7.66587021279935	-14.6129829408921	7.66587021279935	63.896078957968
12850000	2.89156939180936	-1.68689906711082	-6.51332639291426	-1.68689906711082	41.1227487279149	1.56877062275746	-6.51332639291426	1.56877062275746	66.3541708034604
12860000	8.04850935413654	2.95340631074809	-15.6463191823275	2.95340631074809	63.4001092114993	-14.9525621388624	-15.6463191823275	-14.9525621388624	80.7375283370677
12870000	5.21813680170279	-3.36864360785494	-10.8901727703315	-3.36864360785494	64.7521463195322	1.76184496621046	-10.8901727703315	1.76184496621046	46.7944535757128
12880000	1.47704650605469	-2.71447263387338	-4.06186700702241	-2.71447263387338	48.5166110017296	6.05606400645159	-4.06186700702241	6.05606400645159	44.5864000307805
12890000	3.63890777383796	-2.46247348724439	-10.1044298209295	-2.46247348724439	54.8074216534448	10.3668231907321	-10.1044298209295	10.3668231907321	54.9905625241314
12900000	2.72191495051906	1.55637682660938	-9.23596500126185	1.55637682660938	67.3582619978571	-5.80207693944804	-9.23596500126185	-5.80207693944804	75.0301838581492
12910000	1.15796281351982	-0.794739146938704	-4.80284835548523	-0.794739146938704	49.2356032945607	4.60882178702822	-4.80284835548523	4.60882178702822	61.6696234058342
12920000	3.00895224366916	-4.7005651899495	-8.22914933187145	-4.7005651899495	52.780974557784	17.6709227463792	-8.22914933187145	17.6709227463792	67.3018275332263
12930000	31.7494412399427	-11.309654105531	-34.0457829219356	-11.309654105531	64.6843783547985	1.14658330213344	-34.0457829219356	1.14658330213344	65.3105630652538
12940000	15.8411346978048	-1.708700211592	-16.2173321432709	-1.708700211592	73.7689248462697	22.2818723438523	-16.2173321432709	22.2818723438523	67.0128330995641
12950000	6.84514089840336	-7.94016880881638	-12.7602885187042	-7.94016880881638	58.317854278041	15.1093735488735	-12.7602885187042	15.1093735488735	62.0816499416044
12960000	1.92064462483985	-1.39451326067382	-7.22156503053028	-1.39451326067382	44.0222086243312	1.03158975331678	-7.22156503053028	1.03158975331678	66.8877370433246
12970000	4.39152311681566	-4.72849896414551	-8.85965746237422	-4.72849896414551	53.8427920048297	20.1811541803908	-8.85965746237422	20.1811541803908	86.7061156221165
12980000	3.81529505999338	-1.34388448151627	-4.80384849525225	-1.34388448151627	53.3944241275986	5.00706026402966	-4.80384849525225	5.00706026402966	48.2193232773106
12990000	8.22161432298517	-0.997293339745757	-13.5377365549816	-0.997293339745757	50.4753511393371	5.3749606108727	-13.5377365549816	5.3749606108727	48.9598478249826
1.3e+07	3.44800090337455	-1.40508214711221	-5.72735376268626	-1.40508214711221	53.4841170397614	1.83624454427206	-5.72735376268626	1.83624454427206	48.7506587780635
13010000	3.94143657605246	-3.3426173133996	-12.1917538641815	-3.3426173133996	57.0687039525048	-0.481234615025956	-12.1917538641815	-0.481234615025955	66.1070765468112
13020000	7.97965353804757	-4.96011158390684	-10.2010764107048	-4.96011158390684	89.8965027259182	2.64817210839784	-10.2010764107048	2.64817210839784	82.8296211290348
13030000	14.936367788281	0.465226212149479	-21.120608380472	0.46522621214948	50.588671495134	6.81256587288186	-21.120608380472	6.81256587288186	62.5764452372913
13040000	4.51239976661373	-1.47530469635399	-8.83095924315508	-1.47530469635399	58.3349832029226	3.67683638699887	-8.83095924315508	3.67683638699887	56.6344373940004
13050000	2.30455022268446	-0.927997050405027	-6.08145157209474	-0.927997050405027	51.8042539269164	-0.630926480585024	-6.08145157209474	-0.630926480585024	79.2038620902773
13060000	12.3303803694924	-1.36412064770503	-13.5852458526755	-1.36412064770503	59.621021197391	-3.33100378619593	-13.5852458526755	-3.33100378619593	47.9805772994253
13070000	19.8305794279272	-8.16167078626096	-17.1362499293619	-8.16167078626096	55.9832262840924	7.89868969584382	-17.1362499293619	7.89868969584382	45.2699855701782
13080000	18.0414079084559	-3.85205933645838	-15.9746975148504	-3.85205933645839	66.6000313409944	-3.93435080153768	-15.9746975148504	-3.93435080153768	48.3076668811198
13090000	79.6576075728612	-5.51055345269067	-23.9162342591629	-5.51055345269067	44.8401169177894	9.58929893631997	-23.9162342591629	9.58929893631997	76.3811235567464
13100000	54.1948838221006	-7.36846904620571	-40.191491921223	-7.36846904620571	69.7040254772786	16.4767178296905	-40.191491921223	16.4767178296905	69.892430393344
13110000	3.45890075342791	-2.4339553719334	-4.49447604098587	-2.4339553719334	61.8564006591556	11.2806075076211	-4.49447604098587	11.2806075076211	47.0884463765731
13120000	2.04896519541209	-0.275492852193514	-4.43504447986778	-0.275492852193514	65.5536372156315	4.54720224159921	-4.43504447986778	4.54720224159921	40.4936115584537
13130000	14.1668802658535	-8.20102703977045	-24.6073956214001	-8.20102703977044	50.5979002546681	8.27211491773393	-24.6073956214001	8.27211491773393	77.3155584779457
13140000	40.2635468351733	-16.1001182761171	-32.1648769986825	-16.1001182761171	52.9168642401788	6.26453736140537	-32.1648769986825	6.26453736140537	70.3390748320558
13150000	28.9954162249068	-7.48739648226928	-26.2951912011349	-7.48739648226928	46.5200874258486	3.95357076515682	-26.2951912011349	3.95357076515682	68.9061921371772
13160000	4.93481596066307	-0.649111331528592	-8.78517298640801	-0.649111331528591	50.5661053934119	-0.581756295504861	-8.78517298640801	-0.581756295504861	39.3929223681455
13170000	5.44425168968541	0.322133763981816	-6.87348973980005	0.322133763981816	41.7302013443786	-0.3094018574703	-6.87348973980005	-0.3094018574703	55.9742766153578
13180000	16.3407124190203	-6.62641978473622	-16.4057516414213	-6.62641978473622	54.2827330734978	19.3538080847566	-16.4057516414214	19.3538080847566	65.6651642650911
13190000	5.65243089391496	0.926800102675779	-12.4281452776884	0.926800102675778	72.5195252637847	-19.4051984428506	-12.4281452776884	-19.4051984428506	88.3940890335861
13200000	6.55687250734592	-5.00253232293173	-18.9447539086685	-5.00253232293173	67.6014052678798	13.845321016343	-18.9447539086685	13.845321016343	95.5248715563016
13210000	5.74152370423431	-2.90532180901315	-10.8032329621956	-2.90532180901315	49.4833840134904	7.53091080613632	-10.8032329621956	7.53091080613632	60.9223072689213
13220000	1.53169006817507	-0.488119715655923	-5.93908898523252	-0.488119715655923	62.6662819982383	14.4267174536927	-5.93908898523252	14.4267174536927	56.4110284805609
13230000	1.6680898564004	0.990408887322576	-3.47414665601381	0.990408887322576	50.4213805301603	7.08468068688281	-3.47414665601381	7.08468068688281	65.4341960712593
13240000	1.16816154171773	-4.12108309800347	-3.65555089464841	-4.12108309800347	71.7884428925016	14.200313620828	-3.65555089464841	14.200313620828	63.3131573819661
13250000	7.52365380027959	-9.5397549187076	-13.1903836684483	-9.5397549187076	68.94316889195	23.6689247650885	-13.1903836684483	23.6689247650885	60.467544246384
13260000	2.74426884518642	-1.89210269527334	-4.62625212334915	-1.89210269527334	53.0398808445076	-3.05579533807459	-4.62625212334915	-3.05579533807459	37.8065455597606
13270000	2.73406077945474	-4.36150444152315	-4.18530439999054	-4.36150444152315	49.9139192466205	-2.23558721223071	-4.18530439999054	-2.2355872122307	67.8116789826427
13280000	2.92629629292552	-4.44232528034201	-8.37165923333963	-4.44232528034201	83.5657306205359	1.35213839725588	-8.37165923333963	1.35213839725588	57.6888969451856
13290000	2.97584456116655	1.40341635300009	-5.94465490339068	1.40341635300009	80.6686464396108	-3.42475966811439	-5.94465490339068	-3.42475966811439	64.6497300888159
13300000	2.88317337690112	0.29050744921418	-2.76177081787947	0.29050744921418	57.8548026805513	15.6584356616902	-2.76177081787947	15.6584356616902	59.4998496827807
13310000	7.52153479258619	3.99837602365233	-9.44973152247259	3.99837602365233	67.865608914665	-7.97083881199353	-9.4497315224726	-7.97083881199353	52.5903019736321
13320000	5.73364818278042	-3.82040945246271	-10.7028153352389	-3.8204094524627	69.3032002563083	16.5298468456571	-10.7028153352389	16.5298468456571	50.7530404090481
13330000	8.54229856722454	-3.29912123990142	-10.8090878215242	-3.29912123990142	55.9197512251053	5.61324582126504	-10.8090878215242	5.61324582126504	61.2367017261202
13340000	3.21673862108836	0.612020468420394	-11.5550518236354	0.612020468420394	47.9559892553519	-1.24183191260153	-11.5550518236354	-1.24183191260153	79.1685992187794
13350000	4.47137593011683	-1.26795694823196	-8.70203664654358	-1.26795694823196	63.963353724545	-12.1387968452236	-8.70203664654358	-12.1387968452236	57.2863278891502
13360000	3.04210114956011	-3.65096974366326	-6.7711777246479	-3.65096974366326	92.8747571844546	21.0392204640827	-6.7711777246479	21.0392204640828	65.3715479929896
13370000	1.39718828606622	-2.43328831376698	-3.70224000960225	-2.43328831376698	45.5427713839376	17.0453169943216	-3.70224000960225	17.0453169943216	63.3031753029386
13380000	3.84140234998635	-6.9234966494167	-12.6083475132099	-6.9234966494167	71.9127027927014	7.77539667343443	-12.6083475132099	7.77539667343443	74.227279603802
13390000	6.40699057384995	4.88435457541888	-8.5907234135062	4.88435457541888	52.9306018688631	7.84605241246023	-8.5907234135062	7.84605241246023	56.2173686820525
13400000	8.20787944723364	-5.7510576598579	-11.8011972743586	-5.7510576598579	69.313354708516	8.42525282174161	-11.8011972743586	8.42525282174161	59.9745941596858
13410000	5.35871545437339	-3.74708240201065	-13.7386551716211	-3.74708240201065	61.4253205805228	-0.449724974708291	-13.7386551716211	-0.449724974708289	62.4922695069282
13420000	2.85459379207662	-2.57705641952183	-6.20512211977447	-2.57705641952183	47.9912459954234	-2.94954748495318	-6.20512211977447	-2.94954748495318	55.9717837972165
13430000	9.20218069999983	-2.55188102000205	-14.7359853461011	-2.55188102000205	55.7216233793916	1.31803109120196	-14.7359853461011	1.31803109120196	58.1380107196778
13440000	4.79420810255224	0.182165120945813	-8.99372615239925	0.182165120945813	49.7985446443946	-0.690791238875401	-8.99372615239925	-0.690791238875401	62.1354846969932
13450000	3.8210064301922	-2.22508736929393	-7.75674075518656	-2.22508736929393	56.979943359648	10.0895795096486	-7.75674075518656	10.0895795096486	49.5995537470698
13460000	5.12454208643924	-2.56645392726152	-12.6296415287142	-2.56645392726152	51.4357595564381	6.6835037195599	-12.6296415287142	6.6835037195599	51.6445691530335
13470000	5.57383340945371	-0.0199219942095775	-14.8706514799555	-0.0199219942095776	65.2660233448533	-13.0926147961537	-14.8706514799555	-13.0926147961537	70.4375042106456
13480000	4.02958419682389	-2.58628971178381	-13.0079562142462	-2.58628971178381	44.7613351073779	11.7126117165849	-13.0079562142462	11.7126117165849	69.3263200638019
13490000	2.77209137240299	-4.47518737467085	-6.1923190012961	-4.47518737467085	62.362967732778	11.0095549173574	-6.1923190012961	11.0095549173574	44.6716293352018
13500000	2.93064324034961	2.64965586614937	-5.91571132948816	2.64965586614937	49.7077938951552	-8.9417263848361	-5.91571132948816	-8.9417263848361	54.6192480238596
13510000	3.69828953002283	-4.00061343953902	-8.0237681343392	-4.00061343953902	71.4455141278096	15.0726800050273	-8.0237681343392	15.0726800050273	40.1398288337222
13520000	3.24145998413883	-4.14742157974149	-10.4765432104868	-4.14742157974149	57.1232958123723	22.4860293408404	-10.4765432104868	22.4860293408404	82.0126458071823
13530000	11.2598657718792	-12.5454915233398	-23.2854463114171	-12.5454915233398	50.5462947367741	16.0061903703944	-23.2854463114171	16.0061903703944	76.7924257839781
13540000	2.22672468619044	-0.788582854266657	-6.84218966468858	-0.788582854266657	42.902593008538	6.29629260375713	-6.84218966468858	6.29629260375713	67.4910060879852
13550000	11.1014213412313	-3.89974763299233	-14.9314636667331	-3.89974763299233	44.4422395481981	9.19708226495607	-14.9314636667331	9.19708226495607	49.8667769725993
13560000	11.9868852813148	-10.4164684323403	-9.17965280458602	-10.4164684323403	59.8815038685117	4.41359942847674	-9.17965280458602	4.41359942847674	47.0222538623804
13570000	20.7388731827719	-0.220401354867789	-9.23941418516231	-0.220401354867789	49.0210422260677	0.920613636473926	-9.23941418516231	0.920613636473926	44.2492803966062
13580000	40.7888025450506	-5.34261241807617	-40.3955653434526	-5.34261241807617	53.5536566066645	1.8122341752625	-40.3955653434525	1.8122341752625	73.6371518481845
13590000	19.9430864440871	-0.972555159272165	-26.242264252213	-0.972555159272165	45.7061514577632	11.2189701167593	-26.242264252213	11.2189701167593	85.8957604648399
13600000	7.88944008945163	-2.70682692409999	-13.0742727843671	-2.70682692409999	59.9793984800479	15.0839225941337	-13.0742727843671	15.0839225941337	57.8713677359491
13610000	6.34958696600477	-6.36119597901599	-10.4172839919353	-6.36119597901599	54.8668120187661	3.79005349458305	-10.4172839919353	3.79005349458305	58.8217774797216
13620000	4.49750288502707	0.616269022618885	-10.0095438047699	0.616269022618885	40.0464837511582	2.68330800324339	-10.0095438047699	2.68330800324339	66.4747607860203
13630000	13.9041700799249	-6.61996645174102	-22.3672511444975	-6.61996645174102	48.905780685438	7.25817015082949	-22.3672511444975	7.25817015082949	61.0907818631834
13640000	9.26489859733483	-3.32050939187976	-14.8871035253951	-3.32050939187976	59.379658569119	-0.891591934658708	-14.8871035253951	-0.891591934658708	58.1465239092434
13650000	2.39446773730783	-0.740357370989154	-6.8546677521351	-0.740357370989154	56.8648498271256	-3.86314707156541	-6.8546677521351	-3.86314707156541	58.5074565932706
13660000	4.04085074343183	-5.67877060630863	-7.1108608732375	-5.67877060630863	73.0380832436292	16.6794035046811	-7.1108608732375	16.6794035046811	46.7085964669516
13670000	8.37927729244634	-0.54230118825071	-13.0910260692523	-0.54230118825071	38.9488815786742	3.35140178858824	-13.0910260692523	3.35140178858824	44.213593352048
13680000	7.41022414607106	-6.47806941476022	-13.1883223425163	-6.47806941476022	67.3682527631169	8.29301980442616	-13.1883223425163	8.29301980442616	42.6556067443618
13690000	7.13066100977719	-6.43031630544196	-9.06824490493098	-6.43031630544196	51.4306282072437	-0.170033134651755	-9.06824490493098	-0.170033134651755	40.6954642424215
13700000	2.39354323074007	-1.80664491900037	-4.14437597564389	-1.80664491900037	49.0649898983849	9.2387351582906	-4.14437597564389	9.2387351582906	45.4145237031178
13710000	3.82919574431487	-3.91881859493307	-10.2764884097818	-3.91881859493307	70.061625279512	9.36564347811914	-10.2764884097818	9.36564347811915	60.2017203815566
13720000	3.87865373693959	0.0274142163200108	-9.72242422376123	0.0274142163200108	42.6648212535451	0.459975224215078	-9.72242422376123	0.459975224215078	64.4054613510347
13730000	1.97601737747493	-2.8102978950637	-7.23296676269416	-2.8102978950637	52.0019907243426	6.46577041200765	-7.23296676269416	6.46577041200765	64.0779203658994
13740000	2.45103451396658	2.34345042804114	-7.78267290696953	2.34345042804114	59.7392820724129	6.00098602111024	-7.78267290696953	6.00098602111024	53.4757234061102
13750000	2.92672825798806	-2.46355155061087	-10.0089160031438	-2.46355155061087	57.6587652344271	10.2410704285248	-10.0089160031438	10.2410704285248	72.7335765480628
13760000	3.37319236784402	-7.93811834828488	-7.19434999849728	-7.93811834828488	77.0117227644052	13.8759866215047	-7.19434999849728	13.8759866215047	49.2785946123197
13770000	3.15024528352418	-2.65119591764399	-6.04384203173508	-2.65119591764399	65.3004019475146	15.527238003208	-6.04384203173508	15.527238003208	60.3842560675372
13780000	7.29026358732819	-2.67094967852844	-8.26070926147203	-2.67094967852844	41.462312959081	4.91498518301383	-8.26070926147203	4.91498518301383	37.2698934357115
13790000	11.0406524627613	-6.0831250949461	-14.9934097522487	-6.0831250949461	42.8040294234636	12.8316227179486	-14.9934097522487	12.8316227179486	70.8676190423007
13800000	9.32344755345779	-1.90509970195966	-18.0742534800551	-1.90509970195966	61.1171743527523	22.1650556650913	-18.0742534800551	22.1650556650913	80.1896661345306
13810000	1.92074440981743	-1.54037460250306	-2.61380475966733	-1.54037460250306	78.1611090347261	-13.5619045462855	-2.61380475966733	-13.5619045462855	56.5190844623903
13820000	1.27155988874619	0.00565408111495049	-4.29449934329918	0.0056540811149505	51.5382041630419	4.18702106319859	-4.29449934329918	4.18702106319859	48.5162777815618
13830000	7.60327514254531	-4.84156439829532	-8.72787667129161	-4.84156439829532	47.1389061435903	7.68371252493109	-8.72787667129161	7.68371252493109	64.9808730407916
13840000	4.50434511451881	0.1486642364456	-6.33966759544643	0.1486642364456	53.9496467002043	14.5954465855854	-6.33966759544643	14.5954465855854	71.7027261057125
13850000	5.78631247332818	-7.57957681031171	-13.5278836734236	-7.57957681031171	63.7903055916811	19.9813520812529	-13.5278836734236	19.9813520812529	74.7877335620299
13860000	2.54983296485102	-0.79586534237538	-5.40525425990817	-0.79586534237538	57.9797251905613	-3.67727011905162	-5.40525425990817	-3.67727011905162	60.4833590200534
13870000	6.19259546238578	-5.60689869258364	-14.9502246914321	-5.60689869258364	69.9965253494511	15.6181219141632	-14.9502246914321	15.6181219141632	58.2814961853318
13880000	5.44026384964703	-1.05943070731819	-19.1618418536922	-1.05943070731819	52.7297536742406	4.24578937219322	-19.1618418536922	4.24578937219322	98.339751335258
13890000	12.2239502596059	-1.94497137947463	-18.6657623952524	-1.94497137947463	54.5926062771469	-1.13112876050993	-18.6657623952524	-1.13112876050993	90.0425883307301
13900000	8.50913223354561	-5.58292213408417	-13.443191007542	-5.58292213408417	53.3743411180529	-0.752532428072742	-13.443191007542	-0.752532428072741	66.483752418605
13910000	5.44633052505935	-10.9652906632063	-13.1454143310708	-10.9652906632063	78.2415286059314	29.9837441216158	-13.1454143310708	29.9837441216158	63.9451452922683
13920000	14.9289882763225	3.35359137727208	-14.5200733758684	3.35359137727208	68.743781203685	10.2842571384866	-14.5200733758684	10.2842571384866	54.914595264757
13930000	3.30002728127338	-7.50838290674465	-6.64309442227397	-7.50838290674465	58.7766031089361	18.2039928056701	-6.64309442227397	18.2039928056701	50.5452829650638
13940000	1.0014689232695	-0.00528925114682426	-1.98912979307702	-0.00528925114682427	54.4343940050034	10.9251974948151	-1.98912979307702	10.9251974948151	43.2990144147614
13950000	3.28820443498551	1.05216597046152	-8.01142983613982	1.05216597046152	61.3125374527049	1.09220155830681	-8.01142983613982	1.09220155830681	61.0355207379624
13960000	1.63168988581926	-3.97390616143662	-5.78930929745318	-3.97390616143662	54.3860415465962	15.7466107430212	-5.78930929745318	15.7466107430212	53.9781340455688
13970000	3.86451004934876	-3.45501637104522	-11.2448658281584	-3.45501637104522	78.6792290022453	7.47704531465357	-11.2448658281584	7.47704531465357	57.0256898190481
13980000	2.81783375513944	-5.46822319582552	-6.51185214383466	-5.46822319582553	72.0005011319935	7.17690314473852	-6.51185214383466	7.17690314473852	49.020830273403
13990000	1.95167985105356	-0.706720679096563	-7.1970720397703	-0.706720679096563	56.9994698863851	5.76911880947636	-7.1970720397703	5.76911880947636	60.9718578256382
1.4e+07	1.82017396887367	-3.8144577349271	-5.44605485464195	-3.8144577349271	57.060942911849	-2.88593215795791	-5.44605485464195	-2.88593215795791	59.8984950173591
14010000	9.82636057222329	-2.38976177336579	-13.3481045738143	-2.38976177336579	50.5325747043097	5.80891585678278	-13.3481045738143	5.80891585678278	50.3885433304125
14020000	11.85357721655	6.26788749680994	-14.0070092675293	6.26788749680994	66.1726248189409	0.220954286012517	-14.0070092675293	0.220954286012518	51.7323929463453
14030000	11.8126762047408	-6.10635371849047	-10.4721767613134	-6.10635371849047	67.742627646278	13.940766157586	-10.4721767613134	13.940766157586	46.3020803680112
14040000	3.8591438261263	-2.33262889841838	-9.11478967542085	-2.33262889841838	65.0305151313547	14.2478787441858	-9.11478967542085	14.2478787441858	59.6395970833042
14050000	1.35629519642959	-2.92769133078912	-6.04597853615292	-2.92769133078912	74.4042457147606	7.17721574492351	-6.04597853615292	7.17721574492351	50.5209646664596
14060000	6.9971282546443	-5.17412721933992	-14.9818625393954	-5.17412721933992	69.1268402309372	28.8493085335777	-14.9818625393954	28.8493085335777	70.418888362723
14070000	8.3295956616719	-11.0169016136246	-13.9499899057744	-11.0169016136246	60.8466296235334	5.25538456064776	-13.9499899057744	5.25538456064776	50.3094896159488
14080000	6.15324744034015	0.00450705827664545	-5.32740138965981	0.00450705827664541	51.4279474415893	-2.5414491280923	-5.32740138965981	-2.5414491280923	60.9046735767472
14090000	3.58103269357786	-4.13796725973178	-9.88740743680256	-4.13796725973178	53.1164452485406	12.1939056955886	-9.88740743680256	12.1939056955886	58.0826785983683
14100000	2.09855249519696	0.768601038705344	-7.32488896010433	0.768601038705344	64.2435709371713	-1.75049106434683	-7.32488896010433	-1.75049106434683	63.3338954112497
14110000	2.48919186191322	-4.50211897737411	-8.25848495041874	-4.50211897737411	61.3310447394746	1.39660007820137	-8.25848495041874	1.39660007820137	74.970798686984
14120000	2.0601102133898	-2.16740467867515	-6.25361637536701	-2.16740467867515	46.8381562715662	-7.68736427006149	-6.25361637536701	-7.68736427006149	84.7698740237405
14130000	10.4965471285547	-12.9087561982037	-19.1067518669837	-12.9087561982037	75.9428177446238	25.6902529463661	-19.1067518669837	25.6902529463661	59.3845428226346
14140000	4.70690000832897	-1.87532430908186	-11.7221134999578	-1.87532430908186	63.5188357513941	14.4519438563463	-11.7221134999578	14.4519438563463	72.7015632633067
14150000	5.04607728177817	-0.981899851240042	-8.94491154480305	-0.981899851240042	55.9927492566548	8.25196967138809	-8.94491154480305	8.2519696713881	52.3164389893331
14160000	1.0369464046514	-0.423824161673879	-5.06786527072726	-0.423824161673879	72.0577659990658	15.3207304535749	-5.06786527072726	15.3207304535749	77.3600444808693
14170000	2.27424919664144	-1.14457878730425	-6.27065767307967	-1.14457878730425	58.4327629887314	8.75152059599464	-6.27065767307967	8.75152059599464	51.6471504927335
14180000	1.8500448128552	-0.354153654215923	-4.74336705632856	-0.354153654215923	60.0573802113275	7.30178118936073	-4.74336705632856	7.30178118936073	49.2409661854412
14190000	9.71525762730726	-4.49731443841667	-15.3217362521807	-4.49731443841667	55.4584707347083	6.6699374305144	-15.3217362521807	6.6699374305144	58.5060938447405
14200000	17.7704990287159	0.0276428561093759	-17.5513790988321	0.0276428561093762	40.5557261837618	3.31704017894162	-17.5513790988321	3.31704017894162	50.9322648686702
14210000	3.44123023791002	-0.039841009835053	-8.90145508476141	-0.0398410098350533	57.5641230983299	6.48901553608556	-8.90145508476141	6.48901553608556	72.4913909349771
14220000	8.39282746766217	-4.52108747867344	-15.8799368168267	-4.52108747867344	55.4263900157215	7.11385471051926	-15.8799368168267	7.11385471051926	57.6859494738895
14230000	14.7469210924125	-1.21337712273652	-15.7920819897054	-1.21337712273652	51.4183073783134	-0.614157901280509	-15.7920819897054	-0.614157901280509	46.2252003561769
14240000	39.8047186791549	-19.881681800134	-31.3863780753213	-19.881681800134	66.66723578547	18.4199927227411	-31.3863780753213	18.4199927227411	52.9893872146385
14250000	24.5817020074548	-11.139486323535	-29.2917173474415	-11.139486323535	65.3125542368111	-12.9163976369463	-29.2917173474415	-12.9163976369463	75.1377735529258
14260000	2.65715250214152	-4.81373237689462	-7.81445556596631	-4.81373237689462	54.1244228953058	12.4385682936086	-7.81445556596631	12.4385682936086	57.1471182508818
14270000	3.27982787604243	-4.45891434342762	-7.81852500823039	-4.45891434342762	66.4759289602796	8.07184738637448	-7.81852500823039	8.07184738637448	64.1861626583072
14280000	8.4362973138875	-3.98547467201836	-11.3793378194222	-3.98547467201836	63.8457405470018	8.09594303203147	-11.3793378194222	8.09594303203146	60.2890806617241
14290000	10.0225012843719	0.905459697396223	-14.5920920379162	0.905459697396224	85.9423520276842	15.4874934076993	-14.5920920379162	15.4874934076993	49.9226967242494
14300000	41.6786945645691	-13.2085018065357	-44.7061105609261	-13.2085018065357	67.8023208021101	14.6281643028732	-44.7061105609261	14.6281643028732	73.5263080416902
14310000	5.6660631817412	-0.82187694033866	-14.6833998709887	-0.82187694033866	74.7666745153544	15.582119482108	-14.6833998709887	15.582119482108	69.9173026927433
14320000	2.49637740771865	2.55053400761694	-7.89441737449683	2.55053400761693	82.8850760673401	-0.660325993736644	-7.89441737449683	-0.660325993736644	66.2817753269952
14330000	3.09391355874854	-7.09349933891776	-9.7432305739493	-7.09349933891776	80.1693175211641	22.4549236085786	-9.7432305739493	22.4549236085786	67.1011212736779
14340000	6.03086800788525	-3.87145973087336	-11.3938748566521	-3.87145973087336	64.0532579867281	15.3815942280911	-11.3938748566521	15.3815942280911	63.3351148990454
14350000	6.15554239725048	-3.42073662649049	-16.1469510395104	-3.4207366264905	56.230443408348	1.89993828709642	-16.1469510395104	1.89993828709642	74.4014009388124
14360000	4.1541580090474	3.78451008095258	-10.5996264636991	3.78451008095258	43.2585293325091	-7.16862340370108	-10.5996264636991	-7.16862340370108	63.6278159054483
14370000	9.48635466004089	-2.44978824943232	-18.9466452368912	-2.44978824943232	73.9997503166298	22.9393510016226	-18.9466452368912	22.9393510016226	86.5117607375925
14380000	9.95315543287663	1.77682816258495	-11.0640616720319	1.77682816258495	65.7881642654017	0.368462117335381	-11.0640616720319	0.368462117335381	52.2602705659349
14390000	10.1517757411489	-5.8524933180997	-11.0091158052124	-5.8524933180997	63.5014889585035	13.308949136396	-11.0091158052124	13.308949136396	42.682705529676
14400000	6.36687044767656	-4.42739353547339	-13.3200664018064	-4.42739353547339	50.7363441182885	14.8072869322036	-13.3200664018064	14.8072869322036	63.7856311008662
14410000	18.5001151226746	0.239225198156688	-24.8541529403098	0.239225198156688	45.7930307778603	8.61599781860591	-24.8541529403098	8.61599781860591	72.984658056176
14420000	4.71232541152248	-7.50156098275075	-10.7861900507117	-7.50156098275075	59.5604761759762	11.8091736253487	-10.7861900507117	11.8091736253487	52.2534459248162
14430000	5.23505463964439	-2.42607244521745	-15.6316130568421	-2.42607244521745	60.8619695626702	5.87112590740841	-15.6316130568422	5.87112590740841	77.9209362233942
14440000	2.8134685614089	-1.68507301273088	-6.95645584376907	-1.68507301273088	62.7691441671593	12.9940766680577	-6.95645584376907	12.9940766680577	69.1918225835733
14450000	10.4196947232583	-10.5645800936455	-15.3701128229307	-10.5645800936455	62.2883268503961	3.06892006924312	-15.3701128229307	3.06892006924312	60.6938480007349
14460000	5.73289501884154	0.162027326744653	-9.5000492340224	0.162027326744653	65.6961402987041	8.9749820587951	-9.5000492340224	8.97498205879509	48.5597179736393
14470000	6.81708102674629	-3.69958810542253	-11.4186744000486	-3.69958810542253	68.5337688031933	2.7827454157855	-11.4186744000486	2.7827454157855	59.8794059986219
14480000	7.32234598736408	-8.24412324821497	-15.427183341	-8.24412324821497	53.6319199706762	7.72093336378093	-15.427183341	7.72093336378093	75.0516780135262
14490000	1.55036211784228	-1.95514901900587	-6.14245663211462	-1.95514901900587	69.8546352430978	5.8968761989375	-6.14245663211462	5.8968761989375	61.6613424182448
14500000	3.21677086216999	-5.96771056240737	-11.1838703008638	-5.96771056240737	64.1750852650899	28.3516733096053	-11.1838703008638	28.3516733096053	73.6017048429997
14510000	1.5065370277949	-1.99853684785122	-2.33052119625879	-1.99853684785122	95.6672402050169	5.99625772297858	-2.33052119625879	5.99625772297858	45.7956211561125
14520000	1.66304475953034	0.877613915949355	-5.39584921941184	0.877613915949355	52.7293238434252	14.3542654354266	-5.39584921941184	14.3542654354266	63.23503770444
14530000	2.10817493499666	-0.56484254191019	-9.58744632625642	-0.56484254191019	69.4815366648107	5.23585617718511	-9.58744632625642	5.23585617718512	79.5959908291845
14540000	9.61757989023961	2.5965663366192	-9.5366976870859	2.5965663366192	56.7824711573541	-1.34733586524838	-9.5366976870859	-1.34733586524838	62.1334596797383
14550000	17.3774271083535	-16.3941036501548	-23.5545421040786	-16.3941036501548	93.508241826294	26.1004482279787	-23.5545421040786	26.1004482279787	63.7704835143598
14560000	23.4718441582598	-21.7483370505859	-32.2476558472935	-21.7483370505859	79.8275986738944	16.7116749491859	-32.2476558472935	16.7116749491859	70.777761888364
14570000	12.8890130433226	1.03235195818883	-14.3022493418777	1.03235195818883	53.8395661331775	-2.04189551380531	-14.3022493418777	-2.04189551380531	54.3963221119204
14580000	18.0170563516388	-2.31375871369983	-22.4448263409572	-2.31375871369982	60.6498201973174	9.08272936980293	-22.4448263409572	9.08272936980294	61.09699881435
14590000	40.0589520584616	-10.9850237138174	-10.194018674702	-10.9850237138174	65.2625939784816	8.78006357138887	-10.194018674702	8.78006357138887	56.8648909553942
14600000	46.2475290227748	-5.50539974256845	-29.8975990489855	-5.50539974256845	56.3806929887344	4.29282463357287	-29.8975990489855	4.29282463357287	41.6659080450416
14610000	16.6792935831325	0.570582207292998	-18.5555872280758	0.570582207292998	46.2258412821914	0.868078688109897	-18.5555872280758	0.868078688109897	61.718494282798
14620000	2.99522962437825	-4.58878179430307	-6.28891938992528	-4.58878179430307	55.491720108796	7.00920582425815	-6.28891938992528	7.00920582425815	56.953524691255
14630000	3.31471484705604	-2.54920999960248	-14.0820279324044	-2.54920999960248	51.3845379725477	8.60335020704262	-14.0820279324044	8.60335020704262	91.9885610394287
14640000	3.54927913992733	-4.99084860054949	-9.71929567983009	-4.99084860054949	65.9050760274695	1.60767110317605	-9.71929567983009	1.60767110317605	84.6663518003649
14650000	5.31602050579606	2.96650642373164	-7.62674910086034	2.96650642373164	75.9326086341236	10.8598850729518	-7.62674910086034	10.8598850729518	49.0528522697409
14660000	4.35835616175182	-7.41937664551807	-5.46133770025134	-7.41937664551807	59.5138436550253	7.5061912073232	-5.46133770025134	7.5061912073232	41.585662764929
14670000	3.39870939785662	1.15808273503852	-9.12762769572553	1.15808273503852	47.857865400374	4.89709671760454	-9.12762769572553	4.89709671760454	51.6839854639822
14680000	6.92272489786229	-4.78564727629161	-12.6536147057027	-4.78564727629161	75.3700073217279	-4.23676911183666	-12.6536147057027	-4.23676911183666	50.8020434141325
14690000	19.4516662607637	-7.51491071597715	-23.2805432829825	-7.51491071597715	51.7878560621295	5.72616763840435	-23.2805432829825	5.72616763840435	65.4029814290056
14700000	10.2798969597401	-8.32321011136132	-14.6304532390566	-8.32321011136132	58.0002736201658	3.65742970236373	-14.6304532390566	3.65742970236373	75.2082201548157
14710000	2.70188306206668	0.217272727937431	-6.82076288397826	0.217272727937431	52.5309727532436	1.66496360268894	-6.82076288397826	1.66496360268894	59.4938532786375
14720000	1.65783035965766	-1.59470721261971	-5.59131929623252	-1.59470721261971	74.1624338111758	26.4358197184434	-5.59131929623252	26.4358197184434	78.6712855445379
14730000	6.23028485061937	-3.55069520393772	-9.25865457049676	-3.55069520393772	78.9480415794882	0.714803176371773	-9.25865457049675	0.714803176371773	45.6714084699852
14740000	2.42418195540189	-3.47221877898883	-6.71823591207225	-3.47221877898883	44.4788566679004	4.14943402461048	-6.71823591207225	4.14943402461048	62.7858624551352
14750000	1.85151652584027	-1.50277503141659	-3.68729551442948	-1.50277503141659	38.3714841515809	-6.2207607196644	-3.68729551442948	-6.2207607196644	69.7603430956282
14760000	6.68291003976579	-2.17013932286809	-12.6884049566959	-2.17013932286809	46.0448426922346	-2.04906653506994	-12.6884049566959	-2.04906653506993	64.5556761198161
14770000	5.85507620415889	-5.49090129038793	-11.0141978515051	-5.49090129038793	58.6624935939703	6.72878890067199	-11.0141978515051	6.72878890067199	51.6202015301591
14780000	4.52761518359843	4.85750742288063	-5.83388293630689	4.85750742288062	52.010919992388	-0.554962636985548	-5.83388293630689	-0.554962636985548	49.7483294640917
14790000	3.0277897150554	1.08521935045422	-5.89126393121595	1.08521935045422	49.6958699738914	-3.9488042382184	-5.89126393121595	-3.9488042382184	53.3138426285543
14800000	2.02951551638723	0.071912371079367	-4.69672896666761	0.071912371079367	51.9493300878914	7.25611848200522	-4.69672896666761	7.25611848200522	51.3306885972288
14810000	5.15069695037939	-3.62499303050655	-11.5882099407773	-3.62499303050655	73.3903928563071	14.7699505894699	-11.5882099407773	14.7699505894699	57.190325153139
14820000	9.91020080271219	-9.79683158670334	-21.8448463831916	-9.79683158670334	58.279711906369	20.8512938769499	-21.8448463831916	20.8512938769499	80.3210526986105
14830000	2.18222310450065	-0.029588835268944	-7.65077762570156	-0.0295888352689439	58.0970927560884	-1.50237235560596	-7.65077762570156	-1.50237235560596	59.068783923237
14840000	7.48225008890793	-5.90412610636846	-12.3768037680281	-5.90412610636846	75.2740279778866	-1.63172190812136	-12.3768037680281	-1.63172190812136	68.7540992237729
14850000	5.53783131468306	-4.23777911150226	-8.23992594759563	-4.23777911150226	50.1523802158577	7.64822978334433	-8.23992594759562	7.64822978334433	47.8844817454723
14860000	5.27373930068565	-6.40657612926585	-9.51207667701797	-6.40657612926585	60.7356179060282	26.4028145997657	-9.51207667701797	26.4028145997657	53.6156258517137
14870000	17.4440940323724	-13.9194917373682	-25.045016647547	-13.9194917373682	80.0258601009911	18.8071300631654	-25.045016647547	18.8071300631654	65.7130320448971
14880000	17.9637583667999	-9.54714514105883	-19.2401119668754	-9.54714514105883	69.380692973885	0.958979614065925	-19.2401119668754	0.958979614065922	68.2293640848847
14890000	8.29092119075427	-6.35586272141165	-12.8315564743175	-6.35586272141165	49.5205973638779	7.69883520533143	-12.8315564743175	7.69883520533143	43.90433963313
14900000	1.44956522012518	-0.644827028004485	-3.75843226052349	-0.644827028004485	53.7275343410642	-0.285448513464746	-3.75843226052349	-0.285448513464746	61.1099760488132
14910000	11.1779821994276	-0.516615747507726	-15.54164380506	-0.516615747507726	54.0440519516926	-5.57503590699775	-15.54164380506	-5.57503590699775	55.152728443733
14920000	16.8395903184031	-1.8069013590347	-18.0448059543422	-1.8069013590347	73.7573372672966	8.73961164460662	-18.0448059543422	8.73961164460662	47.1828225601828
14930000	3.53652953593971	-4.2659910028627	-9.68920154570902	-4.2659910028627	60.1757098282318	1.02724200604631	-9.68920154570902	1.02724200604631	63.3826013264792
14940000	6.22572666699755	1.52176574925465	-10.3809508492124	1.52176574925465	58.5903913141484	3.55080967323461	-10.3809508492124	3.55080967323461	60.490557919267
14950000	5.2501129490894	-3.07806077513964	-15.5037258972329	-3.07806077513964	55.4930526180906	9.05771047380193	-15.5037258972329	9.05771047380193	79.4163047434071
14960000	4.74740437696827	-0.933260112844367	-7.13976471796984	-0.933260112844367	72.2517336007244	1.75835088185283	-7.13976471796985	1.75835088185283	43.0437323810891
14970000	0.82486696785106	-0.354698352962807	-3.90979237811832	-0.354698352962807	63.8597940573149	5.98171619382323	-3.90979237811832	5.98171619382323	49.8994663283756
14980000	5.08439393745487	-3.89960627187695	-5.69543973287948	-3.89960627187696	58.3748739669987	16.1834625708851	-5.69543973287948	16.1834625708851	54.9114644523061
14990000	4.02985559506954	-5.88584558039948	-6.4291787181122	-5.88584558039948	83.9186094196099	8.69466703496826	-6.4291787181122	8.69466703496826	45.3000325368913
1.5e+07	3.42462861253045	-4.1860906729377	-4.3500028311558	-4.1860906729377	39.4605369484254	7.5027788883027	-4.3500028311558	7.5027788883027	58.9888768857104
15010000	3.21600561066499	-0.190902142818734	-8.67225133835625	-0.190902142818734	90.2186883551656	9.13133795062573	-8.67225133835625	9.13133795062573	55.7165731116802
15020000	0.888369307717943	-1.22887867647633	-2.13672931752841	-1.22887867647633	67.9582067096038	-1.41358485507747	-2.13672931752841	-1.41358485507747	54.196497716935
15030000	1.76141022842573	-2.70948906454314	-7.92224496143352	-2.70948906454314	69.8705162969377	21.955146971674	-7.92224496143352	21.955146971674	71.8843351138369
15040000	1.8281278994029	-1.62271729570641	-5.2021655046703	-1.62271729570641	46.1470857640947	7.43195042044646	-5.2021655046703	7.43195042044646	57.5479347804023
15050000	3.82116135818734	-0.655511049924632	-11.0725253102234	-0.655511049924632	55.7729999936855	4.54809403162314	-11.0725253102234	4.54809403162314	72.9965829151523
15060000	4.5202943712153	-8.9527232463282	-11.4253806273139	-8.9527232463282	98.4129562651663	28.7275076164166	-11.4253806273139	28.7275076164166	66.9171419670243
15070000	2.76616992553357	-2.33003139327534	-7.2043554717598	-2.33003139327534	50.3682853390325	-5.0778088275593	-7.2043554717598	-5.0778088275593	75.9131248422043
15080000	6.82509911008822	-5.28521217207382	-16.3851657572627	-5.28521217207382	69.3115253954048	15.2516379502986	-16.3851657572627	15.2516379502986	65.2015949003131
15090000	5.95965007660118	-4.84086607770331	-10.8258511506768	-4.84086607770331	63.7440554515836	2.29835387474823	-10.8258511506768	2.29835387474823	59.635888111043
15100000	6.89923884123139	-0.832788534660712	-21.9147481868846	-0.832788534660713	54.2999283750427	2.60225500616092	-21.9147481868846	2.60225500616091	101.381227929332
15110000	4.75448137662587	-1.67940876900247	-7.8092580082876	-1.67940876900247	72.9688937576039	19.3411076137622	-7.8092580082876	19.3411076137622	51.9933040664194
15120000	4.49518549476916	-4.08632375568793	-10.6207038141925	-4.08632375568793	47.6239598784468	9.73576248106763	-10.6207038141925	9.73576248106763	52.9560226861319
15130000	4.32828634285417	-2.41554836377862	-10.1291056045748	-2.41554836377861	49.3579156137287	20.2067811826288	-10.1291056045748	20.2067811826288	74.141469083575
15140000	9.10812413982583	-2.40416717474734	-11.0369520715157	-2.40416717474734	42.0304328027981	4.45062709986637	-11.0369520715157	4.45062709986637	46.2785109786868
15150000	2.75855097224973	2.38452792693625	-8.21120969815146	2.38452792693625	49.0272242687616	-2.08344540539515	-8.21120969815146	-2.08344540539515	55.9148791290474
15160000	4.01154164562424	-3.31088398034417	-4.8568705838931	-3.31088398034417	45.116088309721	8.26601151481663	-4.8568705838931	8.26601151481663	35.854914229205
15170000	1.61428879216132	2.38616944023912	-5.96789484826819	2.38616944023912	62.9129044849574	3.15338048624943	-5.96789484826819	3.15338048624943	67.6932921237457
15180000	3.63726098086282	-5.25854330708797	-8.51493888160828	-5.25854330708797	63.1301613836035	0.800830756185608	-8.51493888160828	0.800830756185608	45.3520082930569
15190000	3.71753178266823	-0.525825027612451	-9.71246828857785	-0.525825027612451	54.2402656424532	6.12850379893289	-9.71246828857785	6.12850379893289	57.205512354142
15200000	6.90458095282444	-1.34473892108766	-12.0594955458478	-1.34473892108766	70.1645449386774	6.56416714484502	-12.0594955458478	6.56416714484502	60.104873726067
15210000	2.92648466484661	-3.43296279012222	-9.47455828762371	-3.43296279012222	60.9014114994311	13.1765396385893	-9.47455828762371	13.1765396385893	70.6882802357052
15220000	3.1316496792688	-1.56128273524066	-6.3394723935681	-1.56128273524066	49.9508528219877	-1.52765413004714	-6.3394723935681	-1.52765413004714	61.7887557464874
15230000	7.76931605768068	-6.82536714691155	-11.2132796345889	-6.82536714691154	81.7080749948416	-2.17993762367179	-11.2132796345889	-2.17993762367179	52.3006673547754
15240000	5.9702424157211	-4.05015071803241	-10.5567170201898	-4.05015071803241	97.9649701681356	11.0068666500057	-10.5567170201898	11.0068666500057	46.0714410685031
15250000	5.00606069414131	-3.09565164948716	-10.8411693135118	-3.09565164948716	50.5502610519145	1.46254501937141	-10.8411693135118	1.46254501937141	56.5785531581431
15260000	4.03305187378946	-4.38744733624069	-9.01951115604695	-4.38744733624069	70.2741417470501	7.01384022806283	-9.01951115604695	7.01384022806283	51.7022347831204
15270000	3.6859653454875	-3.5162471138727	-10.7989726502583	-3.5162471138727	63.1777268542332	17.182824358588	-10.7989726502583	17.182824358588	75.5538748826828
15280000	4.3428923034101	-3.26038528682248	-10.1768535343634	-3.26038528682248	61.447480594731	6.2317833931929	-10.1768535343634	6.2317833931929	55.6669395047065
15290000	2.32337647297626	-5.7666367241028	-6.63114518408642	-5.7666367241028	60.7926666942025	14.3505859425861	-6.63114518408642	14.3505859425861	54.1604954539278
15300000	10.6442679735584	-3.87005397203475	-11.6814749897758	-3.87005397203474	68.0016016534447	4.81429381621088	-11.6814749897758	4.81429381621088	41.1707980614486
15310000	12.0333995864093	-2.1394924506042	-20.2175197471729	-2.1394924506042	50.9298707399272	4.63382531817794	-20.2175197471729	4.63382531817794	57.9066416163843
15320000	2.12430889332335	0.752718918721554	-8.47967833709754	0.752718918721554	54.173139319468	3.54643123552003	-8.47967833709754	3.54643123552003	73.8533496662848
15330000	4.52804021352507	-4.62367972560325	-12.7347150896516	-4.62367972560325	71.1781171232486	11.714592621868	-12.7347150896516	11.714592621868	80.6466634423558
15340000	2.44555334860313	-4.79705926669788	-4.62329414612726	-4.79705926669788	66.5568928146125	16.2166287945503	-4.62329414612726	16.2166287945503	38.1442831515048
15350000	6.3306348019603	-8.91948061836267	-11.9030221531319	-8.91948061836266	68.5834030161298	13.9788021782901	-11.9030221531319	13.9788021782901	55.5175708233992
15360000	16.2508058471338	-8.9677081347021	-20.8321190283364	-8.96770813470209	78.2181970880067	4.06725693534545	-20.8321190283363	4.06725693534545	63.0229609069712
15370000	3.42377936554553	2.04762402114243	-7.33611208665734	2.04762402114243	54.7268318241695	9.22565540484421	-7.33611208665734	9.22565540484421	55.0936615645656
15380000	6.26482485656983	-2.7809706007591	-17.1072282725201	-2.7809706007591	46.045267468543	10.5814381859299	-17.1072282725201	10.5814381859299	82.5100648709289
15390000	0.735669800028893	-0.374168870402652	-3.69281814131231	-0.374168870402652	57.1471791248558	6.89773038083121	-3.69281814131231	6.89773038083121	54.2137578768423
15400000	1.06081291377784	-2.17844642483708	-3.5286371601394	-2.17844642483708	82.0544531541745	-6.64285205740439	-3.5286371601394	-6.64285205740439	60.2529887789175
15410000	2.10424356719301	-3.9205463229019	-8.12159041381065	-3.9205463229019	68.02824472872	-1.00974532169084	-8.12159041381065	-1.00974532169084	67.8885797091256
15420000	3.50062674611904	-4.63370393846387	-9.01012353442337	-4.63370393846387	48.9732398748857	14.6301948177231	-9.01012353442338	14.6301948177231	54.8075611332455
15430000	6.20012020774089	4.24063328910152	-8.41123904839402	4.24063328910152	60.388104681115	3.42080885089719	-8.41123904839402	3.42080885089719	50.571715408163
15440000	2.54895976067609	-1.69353192442264	-7.68360812411144	-1.69353192442264	56.5703227744008	-5.2708830988027	-7.68360812411143	-5.2708830988027	67.3114093522064
15450000	2.46445327373923	-2.64513235412029	-7.91795390062718	-2.64513235412029	63.1394361016493	5.58264799021409	-7.91795390062717	5.58264799021409	55.3189945684132
15460000	3.39337237561317	-5.187548807933	-12.8944170791591	-5.187548807933	46.6638337472877	11.8293893022653	-12.8944170791591	11.8293893022653	85.6017434605444
15470000	2.46953985056459	-1.13107634759164	-6.1436796802759	-1.13107634759164	65.0284147318818	12.0666587788142	-6.1436796802759	12.0666587788142	56.0320933182303
15480000	0.780105795170495	-0.275219342613068	-2.71059962114535	-0.275219342613068	53.8511731946785	4.57879862912229	-2.71059962114536	4.57879862912229	56.1430065137696
15490000	4.28609656434636	-4.29950500519996	-9.85337695814182	-4.29950500519996	49.8860205281325	16.1047239226686	-9.85337695814181	16.1047239226686	66.5836031207064
15500000	2.29436405720763	-1.786583983921	-9.50667144827571	-1.786583983921	52.6016466561828	-2.37289864626041	-9.50667144827571	-2.37289864626041	103.492260002806
15510000	1.35653595653975	4.32953880742414	-3.1165193303015	4.32953880742414	75.929351899099	19.4064972009772	-3.1165193303015	19.4064972009772	61.2290007990891
15520000	2.39290487041009	-1.94965010114295	-6.71166462689901	-1.94965010114295	56.0354390337509	-1.41311551762185	-6.71166462689901	-1.41311551762185	59.5515465250774
15530000	8.20292514837459	-7.28030426482848	-15.6264753756831	-7.28030426482848	61.7281541633894	13.3313756680955	-15.6264753756831	13.3313756680955	58.6829128659874
15540000	1.15388150393511	-2.03388429748813	-3.52298161679354	-2.03388429748813	57.6177285179818	10.8779210077231	-3.52298161679354	10.8779210077231	51.2741126307566
15550000	1.76408747342415	-2.0510686022534	-5.69410746523782	-2.0510686022534	58.2482800656367	4.4154377273805	-5.69410746523782	4.4154377273805	64.0473180623453
15560000	3.32647057959689	-3.24591288295407	-6.51605463788913	-3.24591288295407	58.9238842256841	-4.44272408740804	-6.51605463788913	-4.44272408740804	52.6716304897064
15570000	3.59344829585051	0.202787938600108	-5.30884776795245	0.202787938600108	62.2104349535183	11.0815258048691	-5.30884776795245	11.0815258048691	53.5004365537363
15580000	2.79447130295235	0.0333089450212319	-6.67848357256867	0.0333089450212317	60.5983420930805	11.1607423150599	-6.67848357256867	11.1607423150599	59.3078403970859
15590000	2.22673646136417	0.78217810423309	-5.03028351530418	0.78217810423309	55.2948887452314	-0.177438318663354	-5.03028351530417	-0.177438318663354	58.8317137481497
15600000	8.09476944636016	-8.49886536664855	-10.2736813268144	-8.49886536664855	50.2865604992486	5.06669411064798	-10.2736813268144	5.06669411064798	51.9101126163129
15610000	8.44608166384108	-0.466429944023093	-14.51148607744	-0.466429944023093	52.9371066447192	4.69235502408204	-14.51148607744	4.69235502408204	65.9407599773488
15620000	5.11534707951886	-3.81815833362954	-9.18766893923896	-3.81815833362954	77.3090184716561	19.777569682093	-9.18766893923896	19.777569682093	57.3350878254026
15630000	1.8861084020156	-1.17634246500191	-6.01628674943626	-1.17634246500191	82.0893537562668	3.67417542005159	-6.01628674943626	3.67417542005159	55.0638131353088
15640000	4.00394251581273	-5.15334154757312	-9.56213895969039	-5.15334154757312	54.5786503673845	7.73435286696453	-9.56213895969039	7.73435286696453	62.3593748150072
15650000	3.37645099421139	-3.69280085490586	-7.35288871239146	-3.69280085490585	62.5312316598063	13.0393710929936	-7.35288871239146	13.0393710929936	51.5049980009501
15660000	7.13095319447669	-5.97122489582327	-16.8254272379329	-5.97122489582327	64.2497389636892	11.336919069425	-16.8254272379329	11.336919069425	74.9102517078644
15670000	2.05519687604149	2.98639629866975	-4.15674370707217	2.98639629866975	80.310329449989	7.7827522636482	-4.15674370707218	7.7827522636482	52.2773955956071
15680000	5.21092477053954	-6.54866025408613	-11.8668933528758	-6.54866025408613	70.4932204020525	9.66367029311581	-11.8668933528758	9.66367029311581	68.8831537692015
15690000	8.8965158345839	-8.70226835163252	-13.544525911365	-8.70226835163252	67.1003364922375	3.94171060731753	-13.544525911365	3.94171060731753	60.5093913943325
15700000	11.9171419476161	-9.247812422528	-16.3347380542135	-9.247812422528	65.0486973006088	3.46190719734646	-16.3347380542135	3.46190719734646	47.065788797062
15710000	2.21079271224085	-3.82873888324625	-5.61278022519435	-3.82873888324625	68.9198002237273	13.1134079439	-5.61278022519435	13.1134079439	59.7216218028659
15720000	1.64373910886154	-1.29325047141302	-4.39435892054755	-1.29325047141302	57.7463549163758	16.2651006984489	-4.39435892054755	16.2651006984489	54.0875168710898
15730000	1.03486051980492	-0.395964985570672	-5.02394342630251	-0.395964985570672	73.0182091899534	21.4480271179317	-5.02394342630251	21.4480271179317	63.0753350188297
15740000	2.28127149132012	-5.15799862351181	-11.121031288113	-5.15799862351181	69.9441290060477	30.9312272972444	-11.121031288113	30.9312272972444	90.045531153365
15750000	3.5702871654593	-3.05459742718578	-7.95260260017075	-3.05459742718578	59.207583023783	10.511239490282	-7.95260260017075	10.511239490282	64.9884256175507
15760000	2.11471161963828	-0.387001421330402	-7.72268653664448	-0.387001421330402	84.085950672846	-4.51640996494621	-7.72268653664448	-4.51640996494622	59.6351180915543
15770000	2.24059081174166	-0.611853431973643	-3.81330875077392	-0.611853431973643	64.0423516732442	0.442531247299694	-3.81330875077392	0.442531247299694	45.3234028104275
15780000	3.83485961858926	1.9072318060309	-9.76718424152831	1.9072318060309	59.3956386460541	7.81127795797217	-9.76718424152831	7.81127795797217	69.0759367059518
15790000	2.47473421681521	1.23467516645031	-5.94176654926286	1.23467516645031	56.8783132779518	11.6525679232752	-5.94176654926286	11.6525679232752	48.8460740723267
15800000	8.19452375966426	-2.51182550194433	-15.5577221004972	-2.51182550194433	38.4025070117491	2.8099263735429	-15.5577221004972	2.8099263735429	64.0176144159844
15810000	1.89104045223979	-2.80331347161845	-6.52561415927568	-2.80331347161845	63.7090669226062	4.97187530673926	-6.52561415927568	4.97187530673927	54.2484854507609
15820000	4.42667148607862	-4.15549570641602	-13.7877778553975	-4.15549570641602	58.4683726832526	-3.87851602544764	-13.7877778553975	-3.87851602544764	83.8646107820912
15830000	4.09669428757878	-3.97079753398924	-10.8472768131794	-3.97079753398924	102.651881314632	10.9218658632819	-10.8472768131794	10.9218658632819	55.5325478266508
15840000	3.0929941723131	-3.41171500979259	-8.56550825025025	-3.41171500979259	65.476735507414	9.95173072293203	-8.56550825025025	9.95173072293203	72.6053177250238
15850000	2.95920751715328	-4.88976272415407	-8.07672092798541	-4.88976272415407	55.5350922527407	14.2431881467476	-8.07672092798541	14.2431881467476	71.3032177039043
15860000	2.12061001423952	-2.74271779319852	-7.19048493029328	-2.74271779319852	57.6588919170342	18.0928409739182	-7.19048493029328	18.0928409739182	74.1859711989396
15870000	2.17808927429524	1.04060890606576	-7.36203948256161	1.04060890606576	48.5358451537519	0.470284468123349	-7.36203948256161	0.470284468123349	51.9413205899583
15880000	2.35222642887816	-3.31162504003831	-5.69382506975006	-3.31162504003831	64.2152238813649	6.33314729283261	-5.69382506975006	6.33314729283261	47.4179974327037
15890000	6.32814697017826	-4.87489949864171	-8.80612025422454	-4.87489949864171	66.3576228543398	1.20917111487885	-8.80612025422454	1.20917111487885	45.0699909083739
15900000	3.48687006594466	-0.638991960680676	-9.50068067627824	-0.638991960680676	33.0296536835048	-4.86270496710059	-9.50068067627824	-4.86270496710059	57.0572376378752
15910000	1.58871141210187	-0.582516926739969	-4.78476754387448	-0.582516926739969	64.6388116349853	11.223653592375	-4.78476754387448	11.223653592375	43.4076186955862
15920000	10.4052495308966	-3.55020712036299	-17.6505123306252	-3.55020712036299	71.089670381721	14.0315828648891	-17.6505123306252	14.0315828648891	66.6615360516246
15930000	8.20352193527461	-1.55014800295407	-13.6644110057073	-1.55014800295407	53.7495394170111	-7.5426771286365	-13.6644110057073	-7.54267712863649	54.9394036567985
15940000	4.18348881598156	-6.62136316077937	-8.82628833058177	-6.62136316077937	52.6064448586523	7.09148850191007	-8.82628833058177	7.09148850191007	52.5070205786053
15950000	3.56627992829748	-1.15543106614146	-9.8187203720847	-1.15543106614146	55.598274242756	4.85210410233631	-9.8187203720847	4.85210410233631	48.6278889216123
15960000	4.01507954116628	-3.67529870701956	-11.108766324084	-3.67529870701956	49.4627045817788	4.16813183476888	-11.108766324084	4.16813183476888	77.2517857220544
15970000	8.65636624015111	-4.88262152032669	-17.6115700783358	-4.88262152032669	47.7235160773445	9.56958242264335	-17.6115700783358	9.56958242264335	66.5574684090813
15980000	12.6897317806292	3.83606902914259	-18.5479547823741	3.83606902914259	56.475031798261	-12.6584091027944	-18.5479547823741	-12.6584091027944	60.6005442591275
15990000	3.31398754386605	-2.51826491590305	-8.36666578098178	-2.51826491590305	77.9203586278748	5.36539263322773	-8.36666578098178	5.36539263322773	45.4025956671804
1.6e+07	1.73967326250284	-2.60860676955693	-3.85444684278375	-2.60860676955693	56.5425228597825	14.9058043045841	-3.85444684278375	14.9058043045841	47.1417783431266
16010000	2.52080246335938	-3.56138179011566	-5.50838809849261	-3.56138179011567	77.0551609156077	7.15824175776004	-5.50838809849261	7.15824175776004	56.2264990474547
16020000	6.01767189985832	-0.976065229215325	-14.847546344734	-0.976065229215326	54.5077669480117	7.08690630876896	-14.847546344734	7.08690630876896	69.9193461166931
16030000	23.4571564883185	-2.25794145935849	-13.3590235331896	-2.25794145935849	59.9791126557544	-2.87793209559894	-13.3590235331896	-2.87793209559894	78.9102093548566
16040000	12.7541799881975	-6.69731507568169	-20.3839165703913	-6.69731507568169	50.0474016722976	7.78458748298556	-20.3839165703913	7.78458748298556	58.8628452644843
16050000	16.4912927994631	5.18673333640647	-18.3136242649413	5.18673333640647	40.3943770820594	1.41221222230709	-18.3136242649413	1.41221222230709	66.8399339067307
16060000	6.71009505978327	-4.65364883758363	-9.23311838481292	-4.65364883758363	52.9968979899206	9.88215011784234	-9.23311838481292	9.88215011784234	56.9184670638484
16070000	3.77942626380292	-3.85126256872581	-5.98285760804454	-3.85126256872581	81.3211925404128	15.0347147527489	-5.98285760804454	15.0347147527489	44.7892207490576
16080000	5.15072191935164	-2.91510603936225	-10.6213561242458	-2.91510603936225	57.088512230125	-1.08865233978758	-10.6213561242458	-1.08865233978758	59.2727220267048
16090000	5.49970907638779	1.69974460215558	-10.4515217454264	1.69974460215558	48.7024127428352	10.1875132195447	-10.4515217454264	10.1875132195447	56.4524256323634
16100000	8.42565122769716	-1.97635896066448	-17.8885649965002	-1.97635896066448	54.2096974604778	-6.4310251878158	-17.8885649965002	-6.43102518781579	74.4351080396655
16110000	8.98704436443239	-1.5238356343845	-16.3548991492208	-1.5238356343845	64.7702976046177	4.27914212029572	-16.3548991492208	4.27914212029572	62.4816756089381
16120000	8.51263655975949	-6.93826448028545	-18.7689882385078	-6.93826448028545	78.4576663325735	12.3820049771229	-18.7689882385078	12.3820049771229	79.5112270426169
16130000	6.95501221813988	2.38015182963362	-11.2892113357965	2.38015182963362	54.6591150504945	0.347503120474072	-11.2892113357965	0.347503120474071	71.7229779279899
16140000	3.35108078026613	-1.93115900597926	-10.10386057234	-1.93115900597926	49.0449263699332	14.0239623995355	-10.10386057234	14.0239623995355	87.139076935302
16150000	1.77169310101632	-3.49502870935552	-6.47564012608502	-3.49502870935552	68.8018931129563	27.6490631351985	-6.47564012608502	27.6490631351985	55.7744159318884
16160000	6.6818437909089	-6.29711444114036	-13.5310896046298	-6.29711444114036	46.0994466480622	10.7488325095858	-13.5310896046298	10.7488325095858	57.6927579595229
16170000	17.9561068815354	11.840739525462	-25.9857005139149	11.840739525462	68.5614490103316	-6.03771951192341	-25.9857005139149	-6.03771951192341	71.9789103995112
16180000	2.67156370300793	-1.6272145034556	-5.20772117755769	-1.6272145034556	62.6196397311481	5.38595790663087	-5.20772117755769	5.38595790663087	50.3411946291981
16190000	5.6179599239786	-6.79888666767939	-11.1504648039916	-6.79888666767939	69.6820295439998	0.934153283844884	-11.1504648039916	0.934153283844885	55.157510988634
16200000	4.81421079907838	-5.43920691615094	-14.4987333773254	-5.43920691615094	62.1600864961091	9.42515725803606	-14.4987333773254	9.42515725803606	66.2369258096263
16210000	6.51815115753146	-2.01461756783632	-13.4602942559028	-2.01461756783632	73.326817344206	12.4986980345061	-13.4602942559028	12.4986980345061	59.7085448661049
16220000	2.30815675753413	1.46106721542563	-5.88562855905296	1.46106721542563	50.9515490459787	7.75906447753067	-5.88562855905296	7.75906447753068	55.8408502188002
16230000	11.2423681735976	3.97191225331074	-12.9544240650771	3.97191225331074	44.2798364750883	1.62039258292699	-12.9544240650771	1.62039258292699	51.9660716737801
16240000	4.39791905030092	-3.20536803428834	-12.0878803052756	-3.20536803428834	45.088648799259	0.219370068473229	-12.0878803052756	0.21937006847323	58.2380171972195
16250000	3.34170214483297	-1.87820235416216	-7.45120405259648	-1.87820235416216	52.1113976892546	13.1460486446783	-7.45120405259648	13.1460486446783	53.5709885172823
16260000	2.82984843015698	1.59678016919017	-5.38192375815432	1.59678016919017	45.170775915035	12.0869849629484	-5.38192375815432	12.0869849629484	50.9966576879743
16270000	6.59711744403031	-3.85818168060089	-13.1184320131345	-3.85818168060089	62.3268825133828	10.6095834401608	-13.1184320131345	10.6095834401608	47.1012911153744
16280000	8.44960724558352	-8.37209564391968	-12.3423978813069	-8.37209564391968	73.6030998673951	19.3915178488567	-12.3423978813069	19.3915178488567	60.1416293134657
16290000	11.9134420619188	-9.0098565140575	-21.292064774974	-9.0098565140575	65.4098730551606	13.6680162012672	-21.292064774974	13.6680162012672	95.3867571104692
16300000	5.40352778248523	-6.5715215034096	-13.7638359940248	-6.5715215034096	55.5183422151528	17.0441228073043	-13.7638359940248	17.0441228073043	68.9278849035339
16310000	7.21192934778089	-7.1093463099733	-14.5676262007991	-7.1093463099733	77.8992770631612	7.48591598768247	-14.5676262007991	7.48591598768247	70.0726004918328
16320000	32.4308176746949	-24.0863874624319	-35.6047073393385	-24.0863874624319	84.17223945377	21.9384274231429	-35.6047073393385	21.9384274231429	66.4609868096598
16330000	6.0122198496444	-2.80799536480645	-11.6138694426736	-2.80799536480645	54.4780500373438	1.71438287791579	-11.6138694426736	1.71438287791579	56.0303468960368
16340000	6.1606474122023	-4.34580164103041	-13.2921854036925	-4.34580164103041	55.8243333587334	7.61012239311163	-13.2921854036925	7.61012239311163	48.613487897632
16350000	4.01593147025745	-3.58293647420564	-8.82193066929102	-3.58293647420564	61.2516388583138	-1.2841779882792	-8.82193066929102	-1.2841779882792	61.9230216890917
16360000	5.659532466288	-7.18666626150269	-15.1521524061801	-7.18666626150269	69.4033312083914	2.18342401158385	-15.1521524061801	2.18342401158385	77.8350220251053
16370000	2.28508641465562	-0.741937129783059	-6.02436773954926	-0.741937129783059	52.6703155185269	-6.23466453435095	-6.02436773954926	-6.23466453435095	63.9974597014099
16380000	1.98347164725148	-1.252245591381	-7.42129156201565	-1.252245591381	69.2564931819367	16.5545714123108	-7.42129156201565	16.5545714123108	59.0998987301384
16390000	4.21969607590174	-2.39326877088622	-10.4465455002666	-2.39326877088622	62.437991271701	-4.62055536835564	-10.4465455002666	-4.62055536835564	61.9337294728554
16400000	4.93594267808376	-7.21049889728796	-3.46716085428433	-7.21049889728796	74.1574441257693	-5.50593242883388	-3.46716085428433	-5.50593242883388	57.3257223632123
16410000	39.0436427493705	-12.3724631418855	-24.5889557953976	-12.3724631418855	44.4650138682137	5.74107582359324	-24.5889557953976	5.74107582359324	55.2344267452363
16420000	21.9049066535447	-15.0213090640422	-21.8782313861757	-15.0213090640422	62.2209848599445	2.7921116641236	-21.8782313861757	2.7921116641236	65.2461860799905
16430000	93.3335799952271	-26.2960650124324	-69.8505093073339	-26.2960650124324	53.4738068663633	19.1406858376257	-69.8505093073339	19.1406858376257	79.3179660572977
16440000	3.48654729617343	1.92955579402502	-7.73860649339843	1.92955579402502	39.6471373497789	2.86451571707043	-7.73860649339843	2.86451571707043	75.60204957871
16450000	3.67899403087252	-4.51981094239272	-7.84452683197141	-4.51981094239272	51.5717523308676	8.09751637721869	-7.84452683197141	8.09751637721869	53.9003099086359
16460000	4.11391974775067	-3.5796342925517	-7.64965428429964	-3.5796342925517	62.9081386583503	10.4811411545721	-7.64965428429964	10.4811411545721	40.0201023470241
16470000	1.44065403350168	0.317195011212497	-3.15463117706491	0.317195011212497	59.4674069314898	15.596902409522	-3.15463117706491	15.596902409522	50.6789146785634
16480000	2.37167198304559	0.962639600769302	-5.89015282405435	0.962639600769302	44.983372799773	-2.52054330512021	-5.89015282405435	-2.52054330512021	55.0784897693356
16490000	0.649220662796801	-0.440937065838073	-3.3952703834617	-0.440937065838073	116.303398667413	32.3399233691564	-3.3952703834617	32.3399233691564	83.1781605909551
16500000	2.70093545646106	-1.15572653292504	-8.29094135926214	-1.15572653292504	65.2540598569685	2.29133717327543	-8.29094135926214	2.29133717327543	60.0418833427933
16510000	3.10125765823189	-3.29906138602926	-10.1110009007409	-3.29906138602926	61.1483227204805	5.97997387570575	-10.1110009007409	5.97997387570575	60.4883172050007
16520000	2.43320272228732	-1.3245881181017	-5.63960927055101	-1.3245881181017	52.643654123687	10.9252944083604	-5.63960927055101	10.9252944083604	49.7625813579191
16530000	3.82021338557905	-1.24555509405167	-12.209870172365	-1.24555509405167	66.0398996220999	16.5907537015636	-12.209870172365	16.5907537015636	65.3307414867812
16540000	2.94234219884378	-2.01708195080126	-8.48486243576307	-2.01708195080126	83.783265630012	8.93424825041	-8.48486243576307	8.93424825041	60.7835103848777
16550000	6.88234510453598	-5.9556265675096	-6.97910871246902	-5.95562656750961	50.9943676218799	12.4293088557933	-6.97910871246902	12.4293088557933	44.8993965086115
16560000	11.5810081072276	-4.13824019877721	-14.527731911002	-4.13824019877721	52.2337995068307	-1.42421225706759	-14.527731911002	-1.42421225706759	72.8210216528448
16570000	14.9351928227607	-8.75291122559671	-29.6219019962085	-8.75291122559671	59.143669782436	16.0334941209574	-29.6219019962085	16.0334941209574	85.3482546794709
16580000	31.2873748602031	-10.1072807818978	-26.697582970066	-10.1072807818978	54.0675032777638	-6.71520097245505	-26.697582970066	-6.71520097245505	55.0539904419179
16590000	6.77474660181827	-4.88504753371744	-10.6039944062277	-4.88504753371744	56.4144558500236	-5.29211775848468	-10.6039944062277	-5.29211775848468	57.0741581425028
16600000	5.31912096521418	-1.97976308570787	-12.5849102596696	-1.97976308570787	33.6440379028904	1.15936580376908	-12.5849102596696	1.15936580376908	59.1552284186797
16610000	5.06127367301876	1.40060017001535	-11.6410036991148	1.40060017001535	64.1917278673599	-11.4264438199692	-11.6410036991148	-11.4264438199692	73.3741230327802
16620000	3.31684527745966	2.02578573506944	-3.90813041787619	2.02578573506945	65.8406193119342	-0.136721565884375	-3.90813041787619	-0.136721565884375	43.6897607977461
16630000	7.15904789211487	-0.148067799776777	-12.1850639779449	-0.148067799776778	59.1981713684556	9.07921444276517	-12.1850639779449	9.07921444276517	67.0063444763835
16640000	1.45956526784992	-3.27269578751959	-5.76285256842437	-3.27269578751959	63.0666209820143	19.850080386214	-5.76285256842438	19.850080386214	72.2284016491384
16650000	3.14412576065773	-1.11188676793775	-6.00213177294147	-1.11188676793776	45.451582246318	5.0522600152855	-6.00213177294147	5.0522600152855	48.222869114568
16660000	5.93401739671591	0.397007292766199	-13.7155475711562	0.397007292766198	54.0781147525022	3.01297260957239	-13.7155475711562	3.01297260957239	71.3102479679499
16670000	9.28150200327103	-8.51593422324042	-14.139964732543	-8.51593422324042	62.7409870672522	10.9919249521709	-14.139964732543	10.9919249521709	66.3584973206118
16680000	13.0494693007392	-10.713066246377	-16.084706232873	-10.713066246377	60.6305233960398	15.7560252934824	-16.084706232873	15.7560252934824	37.9791497362519
16690000	5.67344695020811	-4.90278761529573	-10.6514602192836	-4.90278761529573	53.6751881960299	4.32087491214008	-10.6514602192836	4.32087491214008	51.8236927910908
16700000	4.51421690647901	0.039359328754972	-7.52113482584267	0.0393593287549723	56.5926925405773	4.20702050401062	-7.52113482584267	4.20702050401062	57.6165152662909
16710000	3.14841160701988	-4.04037175789735	-11.9445704582358	-4.04037175789735	52.6300488892472	20.0596748329843	-11.9445704582358	20.0596748329843	64.2415635435161
16720000	3.00424513365288	-2.465392261606	-8.10504790024822	-2.465392261606	70.7454181412355	29.3961666260117	-8.10504790024822	29.3961666260117	81.0998898124668
16730000	2.70709068713529	-0.367854351428864	-6.14222742505553	-0.367854351428864	47.8127299904632	12.2391172637156	-6.14222742505553	12.2391172637156	50.6977846030251
16740000	0.966337045961404	-2.3957928934142	-3.0323086004058	-2.3957928934142	63.1546028024948	11.6141070934265	-3.0323086004058	11.6141070934265	40.8122814158506
16750000	6.75897577205474	-2.68848867701386	-3.77001864439114	-2.68848867701386	56.7904300432913	15.4438590438608	-3.77001864439114	15.4438590438608	73.8227111294975
16760000	12.7609686770671	-4.42587656600065	-24.2613070443113	-4.42587656600065	45.1785432608783	6.01459469558423	-24.2613070443113	6.01459469558423	89.035913591764
16770000	28.3152741388718	-5.88440124867606	-26.1552654574985	-5.88440124867606	45.0114321371119	9.39934964376298	-26.1552654574985	9.39934964376298	46.8897483759496
16780000	23.9466496584251	4.15812362748932	-24.4632298394262	4.15812362748932	52.0767872793493	6.46617978031502	-24.4632298394262	6.46617978031502	57.7717663841381
16790000	8.32249208556866	-1.30407088282246	-14.9255107320796	-1.30407088282246	71.6868392425337	12.4706772187096	-14.9255107320796	12.4706772187096	58.0207379002082
16800000	6.95804694094804	-6.19850115322412	-12.9151634266268	-6.19850115322412	57.7455264994778	10.0188213354237	-12.9151634266268	10.0188213354237	67.0619441185085
16810000	5.45113939932657	0.766760432280944	-8.93904340109533	0.766760432280944	61.1769348659815	18.299539080868	-8.93904340109533	18.299539080868	61.034723968813
16820000	3.40900461255733	-0.88064278396471	-11.9963743264861	-0.880642783964709	62.952244057668	4.66722266911478	-11.9963743264861	4.66722266911478	76.7583786198555
16830000	9.02677617299195	-6.86641498538962	-10.7034458338109	-6.86641498538962	47.9887870422439	3.49761268252702	-10.7034458338109	3.49761268252702	75.7451066454704
16840000	2.68138505874219	-4.85965726172456	-5.17090208239099	-4.85965726172456	68.9885880521256	11.9215307851773	-5.17090208239099	11.9215307851773	57.1078118157081
16850000	8.01651828739806	1.95177630422975	-9.46491679110563	1.95177630422975	56.4719536848127	2.12511815833416	-9.46491679110563	2.12511815833416	58.2610968578319
16860000	11.1795353133223	-3.97681722530077	-17.7298642341939	-3.97681722530077	63.8147308117901	-5.87884495934238	-17.7298642341939	-5.87884495934237	64.9593344402108
16870000	10.763094091336	-6.39640512187335	-10.0813733198434	-6.39640512187335	50.3133659796097	-5.5825468954701	-10.0813733198434	-5.5825468954701	52.9776541949505
16880000	3.76057536581897	-4.1002858331481	-10.5684359729101	-4.1002858331481	63.2207083716392	18.6850132006123	-10.5684359729101	18.6850132006123	62.7074344547807
16890000	1.96670482520188	-2.82937696061169	-6.29530441265068	-2.82937696061169	72.4046960106138	8.20257123385867	-6.29530441265068	8.20257123385867	61.6984087646298
16900000	2.2569440497854	1.58378519318271	-5.97721565615691	1.58378519318271	56.2862159762016	1.35383700341359	-5.97721565615691	1.35383700341359	52.879474102763
16910000	2.37840616443802	-0.789202590213105	-6.99414367839169	-0.789202590213105	55.7838048587706	7.12535899637973	-6.9941436783917	7.12535899637973	51.9327735471046
16920000	2.97594545760354	2.10887535896712	-12.5060471174616	2.10887535896712	65.9253725783839	-5.49271566199924	-12.5060471174616	-5.49271566199924	88.357318602538
16930000	2.01807999326662	0.983549094442362	-8.46058933541001	0.983549094442362	53.7308820652572	11.6091708760392	-8.46058933541001	11.6091708760392	83.0126754920734
16940000	3.29718742481774	-4.77193276251563	-9.49924039064365	-4.77193276251563	50.3646521943113	10.1798389369477	-9.49924039064365	10.1798389369477	59.3569054156303
16950000	4.41567732860566	1.09244429907344	-11.2047705891648	1.09244429907344	79.4589053746493	-7.92708374955005	-11.2047705891648	-7.92708374955005	59.6942123012363
16960000	9.33836889758762	-12.8986237271828	-13.7133393578573	-12.8986237271828	67.624286314046	14.2847246355793	-13.7133393578573	14.2847246355793	44.2515043394434
16970000	3.14286768808814	1.89996741155161	-5.46869176844903	1.89996741155161	59.5207149263276	-0.383182917748462	-5.46869176844903	-0.383182917748462	53.4141171450229
16980000	6.58429837497467	-3.99797079086914	-9.16455036513612	-3.99797079086914	48.0039962487936	3.01006372198438	-9.16455036513612	3.01006372198438	51.9178017270889
16990000	1.59993014133646	0.375393062404265	-4.01682003314016	0.375393062404265	55.4699291810733	8.45340460737848	-4.01682003314016	8.45340460737848	39.1712450136583
1.7e+07	4.59401176144067	-1.90894193187316	-11.6312558981935	-1.90894193187316	44.7077871524494	-2.27911281868844	-11.6312558981935	-2.27911281868844	61.9778408504978
17010000	3.05414660416226	-3.27348844825549	-6.48749040057977	-3.27348844825549	42.6604376538845	6.93743823369818	-6.48749040057977	6.93743823369818	64.8264212422214
17020000	8.0828164418323	-0.746255395082763	-14.4876564036711	-0.746255395082763	41.329231111201	3.81355472681839	-14.4876564036711	3.81355472681839	50.3358052216108
17030000	15.9808623415209	-4.37904136555936	-19.8827195336051	-4.37904136555936	62.2390797091998	4.63717585878803	-19.8827195336051	4.63717585878803	53.6564363450332
17040000	28.7857804078997	-5.4923339814227	-25.4303749315548	-5.4923339814227	58.7692270672606	5.25626724238549	-25.4303749315548	5.25626724238549	71.3036484602593
17050000	38.0977932419502	-22.742785567816	-31.9167355813344	-22.742785567816	76.284028124963	7.90672524006593	-31.9167355813344	7.90672524006593	54.8816878520879
17060000	15.1253249923072	2.58177055845497	-18.6528112268141	2.58177055845497	69.833018013547	11.7958757577906	-18.6528112268141	11.7958757577906	73.5028748054127
17070000	6.25067541754651	-2.85325438867484	-13.0015934330193	-2.85325438867484	90.097735283148	5.74036371567883	-13.0015934330193	5.74036371567883	68.8608001239136
17080000	3.34863331970316	-2.39012733175086	-10.7789504145489	-2.39012733175086	61.3357660490113	10.2104896278637	-10.7789504145489	10.2104896278637	71.7312961544778
17090000	10.7741996968317	-3.87215129724433	-17.7908019291953	-3.87215129724433	65.0545252017507	3.95305876761437	-17.7908019291953	3.95305876761437	59.9414947899299
