state	type_with_type	type_with_size	type_with_density	size_with_type	size_with_size	size_with_density	density_with_type	density_with_size	density_with_density
0	1	0	0	0	1	0	0	0	1
10000	1	-0.11019587213059	-0.629868902125862	-0.11019587213059	1	-0.131439815857769	-0.629868902125862	-0.131439815857769	1
20000	1	0.0301962425013015	-0.523383356384529	0.0301962425013015	1	0.211709830268452	-0.523383356384529	0.211709830268452	1
30000	1	0.0733936869717905	-0.617767003658837	0.0733936869717905	1	0.00815926844878925	-0.617767003658837	0.00815926844878924	1
40000	1	0.12791261967537	-0.0688625763354557	0.12791261967537	1	0.154759480601413	-0.0688625763354558	0.154759480601413	1
50000	1	-0.486287538261528	-0.486526862918179	-0.486287538261528	1	-0.0076080979374484	-0.486526862918179	-0.00760809793744838	1
60000	1	-0.28341618812919	-0.460021877886835	-0.28341618812919	1	0.12940203499235	-0.460021877886835	0.12940203499235	1
70000	1	-0.100364829997433	-0.697503149567487	-0.100364829997433	1	0.123632284020366	-0.697503149567487	0.123632284020366	1
80000	1	-0.302010450521482	-0.505586601457216	-0.302010450521482	1	0.00312655232901837	-0.505586601457216	0.00312655232901836	1
90000	1	-0.326701666837109	-0.693038793835994	-0.326701666837109	1	0.35464151230082	-0.693038793835994	0.35464151230082	1
1e+05	1	-0.333184391722731	-0.753314301964363	-0.333184391722731	1	-0.0387563806974401	-0.753314301964363	-0.0387563806974401	1
110000	1	-0.0256215375548525	-0.609532075170388	-0.0256215375548525	1	-0.00497155013184294	-0.609532075170388	-0.00497155013184294	1
120000	1	0.0302614416994129	-0.483588400363009	0.0302614416994129	1	0.214202700326225	-0.483588400363009	0.214202700326225	1
130000	1	-0.0194933969636155	-0.625560878058343	-0.0194933969636154	1	0.187152146173849	-0.625560878058343	0.187152146173849	1
140000	1	-0.126607874578067	-0.660471396937286	-0.126607874578067	1	-0.0275855557388571	-0.660471396937286	-0.0275855557388571	1
150000	1	-0.180925879216379	-0.768863373073769	-0.180925879216379	1	0.149363795128274	-0.768863373073769	0.149363795128274	1
160000	1	-0.366557097768635	-0.596873220397897	-0.366557097768635	1	0.252541833024365	-0.596873220397897	0.252541833024365	1
170000	1	-0.129045377075202	-0.506584294683561	-0.129045377075202	1	0.280782254188852	-0.506584294683561	0.280782254188852	1
180000	1	-0.228004782584304	-0.704004503913071	-0.228004782584304	1	0.122631339818758	-0.704004503913071	0.122631339818758	1
190000	1	-0.253552985668046	-0.551834655030979	-0.253552985668046	1	0.12817962023487	-0.551834655030979	0.12817962023487	1
2e+05	1	-0.107687602063451	-0.538704484729514	-0.107687602063451	1	0.199287377704207	-0.538704484729514	0.199287377704207	1
210000	1	-0.280501236855567	-0.356745340154028	-0.280501236855567	1	0.0326510950732307	-0.356745340154028	0.0326510950732307	1
220000	1	-0.245132661884396	-0.465504322272407	-0.245132661884396	1	-0.0172714400920391	-0.465504322272407	-0.0172714400920391	1
230000	1	-0.170018202524697	-0.618952885979498	-0.170018202524697	1	0.203528546659022	-0.618952885979498	0.203528546659022	1
240000	1	-0.0653384391497072	-0.80329381247195	-0.0653384391497073	1	0.170602566618645	-0.80329381247195	0.170602566618645	1
250000	1	0.135464853205233	-0.459385501032815	0.135464853205233	1	0.359930626224538	-0.459385501032815	0.359930626224538	1
260000	1	-0.228711812160289	-0.561615224093902	-0.228711812160289	1	0.286591566043165	-0.561615224093902	0.286591566043165	1
270000	1	-0.154150002362907	-0.706369323801258	-0.154150002362907	1	-0.0110371846440628	-0.706369323801258	-0.0110371846440628	1
280000	1	0.211870654080045	-0.661672245280816	0.211870654080045	1	-0.0295318681862615	-0.661672245280817	-0.0295318681862615	1
290000	1	-0.047746883521265	-0.698928685709376	-0.047746883521265	1	0.199740624617819	-0.698928685709376	0.199740624617819	1
3e+05	1	0.0343365624664241	-0.582549909919164	0.0343365624664241	1	0.253227765179281	-0.582549909919164	0.253227765179281	1
310000	1	-0.0245614443482586	-0.774079967630989	-0.0245614443482586	1	-0.126503225087481	-0.774079967630989	-0.126503225087481	1
320000	1	-0.354687473929356	-0.6811103225037	-0.354687473929356	1	0.216005820056227	-0.6811103225037	0.216005820056227	1
330000	1	-0.107276345587341	-0.739353749057173	-0.107276345587341	1	0.0682622446716635	-0.739353749057173	0.0682622446716635	1
340000	1	-0.406182239850636	-0.723681862239788	-0.406182239850636	1	0.238309758877392	-0.723681862239788	0.238309758877392	1
350000	1	-0.0881695296202015	-0.401557709127676	-0.0881695296202015	1	0.23301606763378	-0.401557709127676	0.23301606763378	1
360000	1	-0.0651388408127962	-0.617033103960486	-0.0651388408127962	1	0.209339894124202	-0.617033103960486	0.209339894124202	1
370000	1	-0.289778068905389	-0.379723609870925	-0.289778068905389	1	0.0728198162892517	-0.379723609870925	0.0728198162892516	1
380000	1	-0.376955447272165	-0.457737369809133	-0.376955447272165	1	0.130848085712804	-0.457737369809133	0.130848085712804	1
390000	1	-0.233654395006523	-0.617637226709442	-0.233654395006523	1	-0.13063499338616	-0.617637226709442	-0.13063499338616	1
4e+05	1	-0.188493218236395	-0.511213413448772	-0.188493218236395	1	0.0404016309467007	-0.511213413448772	0.0404016309467007	1
410000	1	-0.294328671736447	-0.415747396873906	-0.294328671736447	1	0.21329349110923	-0.415747396873906	0.21329349110923	1
420000	1	0.0900101913909862	-0.771108124503633	0.0900101913909862	1	-0.106247550334539	-0.771108124503633	-0.106247550334539	1
430000	1	-0.0748779721621969	-0.763179666622091	-0.0748779721621969	1	0.0498296734626701	-0.76317966662209	0.0498296734626701	1
440000	1	0.0485718854833648	-0.436562758400653	0.0485718854833648	1	0.169075732180016	-0.436562758400653	0.169075732180016	1
450000	1	-0.27132726800909	-0.764529484727149	-0.27132726800909	1	0.0304867701060298	-0.764529484727149	0.0304867701060298	1
460000	1	-0.409997052575548	-0.369357331380693	-0.409997052575548	1	0.166839279737466	-0.369357331380694	0.166839279737466	1
470000	1	-0.0491780709779942	-0.42825093055811	-0.0491780709779941	1	0.231879308748784	-0.42825093055811	0.231879308748784	1
480000	1	-0.503310686926337	-0.480186953648482	-0.503310686926337	1	0.177061249068101	-0.480186953648482	0.1770612490681	1
490000	1	-0.0707439764379237	-0.71202960099852	-0.0707439764379237	1	-0.092862762072158	-0.71202960099852	-0.092862762072158	1
5e+05	1	-0.3442379257978	-0.712196561217271	-0.3442379257978	1	0.286884875784152	-0.712196561217271	0.286884875784152	1
510000	1	-0.0793148787734163	-0.635385734813679	-0.0793148787734163	1	0.0385783942013777	-0.635385734813679	0.0385783942013777	1
520000	1	-0.207020218113661	-0.685097613075372	-0.207020218113661	1	-0.0307212820149785	-0.685097613075372	-0.0307212820149785	1
530000	1	0.327934619563403	-0.735631300939144	0.327934619563403	1	-0.085590345576156	-0.735631300939144	-0.085590345576156	1
540000	1	-0.0881078258645973	-0.601241931702578	-0.0881078258645973	1	0.193070517614831	-0.601241931702578	0.193070517614831	1
550000	1	-0.193533268775364	-0.653841267581059	-0.193533268775364	1	0.182662489085055	-0.653841267581059	0.182662489085055	1
560000	1	-0.190655360310729	-0.464838072894065	-0.190655360310729	1	-0.00225672815269381	-0.464838072894065	-0.00225672815269382	1
570000	1	-0.362433174232993	-0.451620162567997	-0.362433174232993	1	0.190713820864401	-0.451620162567997	0.190713820864401	1
580000	1	-0.160490670658993	-0.405202179753706	-0.160490670658993	1	0.267357174201237	-0.405202179753706	0.267357174201237	1
590000	1	-0.159911926768078	-0.558881400674566	-0.159911926768078	1	0.113589134250881	-0.558881400674566	0.113589134250881	1
6e+05	1	-0.109308793108525	-0.54022901504227	-0.109308793108525	1	-0.0386812691039709	-0.540229015042271	-0.0386812691039709	1
610000	1	-0.305677294913363	-0.732427608904438	-0.305677294913363	1	0.45086792033253	-0.732427608904438	0.45086792033253	1
620000	1	0.105247438998585	-0.49397250170817	0.105247438998585	1	-0.00188790913280699	-0.49397250170817	-0.00188790913280699	1
630000	1	-0.113140185452631	-0.527483765045445	-0.113140185452631	1	0.0758238333421739	-0.527483765045445	0.0758238333421739	1
640000	1	-0.428823110340095	-0.68245659971384	-0.428823110340095	1	0.310774690490603	-0.68245659971384	0.310774690490603	1
650000	1	-0.549172663857401	-0.781664357576158	-0.549172663857401	1	0.46320625400607	-0.781664357576158	0.46320625400607	1
660000	1	-0.292528076165464	-0.570494700250369	-0.292528076165464	1	0.214463368888516	-0.570494700250369	0.214463368888516	1
670000	1	-0.0864965852891374	-0.426221089069967	-0.0864965852891374	1	0.0868300190527335	-0.426221089069967	0.0868300190527335	1
680000	1	-0.0461604174826375	-0.462539689417141	-0.0461604174826375	1	-0.100296659353258	-0.462539689417141	-0.100296659353258	1
690000	1	0.148651256370463	-0.571522642186167	0.148651256370463	1	0.0249880260098726	-0.571522642186167	0.0249880260098725	1
7e+05	1	-0.25684303115056	-0.490273137097908	-0.25684303115056	1	-0.0220579479520668	-0.490273137097908	-0.0220579479520668	1
710000	1	-0.311509316911787	-0.620625345311075	-0.311509316911787	1	0.207650545997716	-0.620625345311075	0.207650545997716	1
720000	1	-0.185464941055038	-0.646083296847285	-0.185464941055038	1	0.326501896956423	-0.646083296847285	0.326501896956423	1
730000	1	-0.327757048768625	-0.593351349895405	-0.327757048768625	1	0.138071328343382	-0.593351349895405	0.138071328343382	1
740000	1	-0.0851342913097295	-0.764558489825866	-0.0851342913097295	1	0.105945922549557	-0.764558489825866	0.105945922549557	1
750000	1	-0.376632417079636	-0.377301463441048	-0.376632417079636	1	0.208707014315919	-0.377301463441048	0.208707014315919	1
760000	1	0.0404997001631683	-0.659864016360669	0.0404997001631683	1	0.155333605442442	-0.659864016360669	0.155333605442442	1
770000	1	-0.048347682762191	-0.427889536616613	-0.048347682762191	1	-0.030778625071228	-0.427889536616613	-0.030778625071228	1
780000	1	0.0467190543963359	-0.652487678941055	0.0467190543963359	1	0.0789312741502374	-0.652487678941055	0.0789312741502374	1
790000	1	-0.00680911460197296	-0.702948782646364	-0.00680911460197296	1	0.00628208969102973	-0.702948782646364	0.00628208969102973	1
8e+05	1	0.162009127353399	-0.63526797675167	0.162009127353399	1	0.097759393812274	-0.63526797675167	0.097759393812274	1
810000	1	-0.274714784739591	-0.649909857408113	-0.274714784739591	1	0.300475490031507	-0.649909857408113	0.300475490031507	1
820000	1	0.0509301716984899	-0.590271839043152	0.0509301716984899	1	0.146837292570776	-0.590271839043152	0.146837292570776	1
830000	1	0.134778945622692	-0.729598960073347	0.134778945622692	1	-0.0240608559757213	-0.729598960073347	-0.0240608559757213	1
840000	1	-0.315732485017305	-0.578132717524766	-0.315732485017305	1	0.310385711958614	-0.578132717524766	0.310385711958614	1
850000	1	-0.511261506784974	-0.719287710431812	-0.511261506784974	1	0.201598041830074	-0.719287710431812	0.201598041830074	1
860000	1	-0.310838167758021	-0.680659418061121	-0.310838167758021	1	0.35232557058694	-0.680659418061121	0.35232557058694	1
870000	1	-0.203592659252111	-0.656030833999587	-0.203592659252111	1	0.0694593544335321	-0.656030833999587	0.0694593544335321	1
880000	1	0.115400825876688	-0.476664400020602	0.115400825876688	1	-0.0129865564679737	-0.476664400020602	-0.0129865564679737	1
890000	1	-0.26328122517607	-0.311611316165006	-0.26328122517607	1	0.059027598940883	-0.311611316165006	0.059027598940883	1
9e+05	1	-0.354336505008898	-0.717695817636819	-0.354336505008898	1	0.258932472988603	-0.717695817636819	0.258932472988603	1
910000	1	-0.317189858633297	-0.704636590966811	-0.317189858633297	1	0.165976441533804	-0.70463659096681	0.165976441533804	1
920000	1	-0.120492479068852	-0.589696262919507	-0.120492479068852	1	0.186024967167354	-0.589696262919507	0.186024967167354	1
930000	1	-0.272248011939744	-0.647108995275285	-0.272248011939744	1	0.121373219619304	-0.647108995275285	0.121373219619304	1
940000	1	-0.247601048534822	-0.425294091567509	-0.247601048534822	1	0.0281985911474631	-0.425294091567509	0.0281985911474631	1
950000	1	-0.100049089221268	-0.610042987849277	-0.100049089221268	1	0.0884475112485864	-0.610042987849277	0.0884475112485864	1
960000	1	-0.0810469269959927	-0.665625283001472	-0.0810469269959927	1	0.1092185211574	-0.665625283001472	0.1092185211574	1
970000	1	-0.379699214127183	-0.611593828104214	-0.379699214127183	1	0.124983918511	-0.611593828104214	0.124983918511	1
980000	1	-0.0936444505578516	-0.707094404766988	-0.0936444505578516	1	0.0954462728363366	-0.707094404766988	0.0954462728363366	1
990000	1	-0.0257516994681502	-0.578755330754352	-0.0257516994681502	1	0.0936498686112881	-0.578755330754352	0.0936498686112881	1
1e+06	1	-0.162906277461895	-0.690129431551544	-0.162906277461895	1	0.236490569384845	-0.690129431551544	0.236490569384845	1
1010000	1	-0.576947355663387	-0.571209923992892	-0.576947355663387	1	0.388701952373204	-0.571209923992892	0.388701952373204	1
1020000	1	0.0739415712869372	-0.696884484392265	0.0739415712869372	1	0.00503202379766262	-0.696884484392265	0.00503202379766261	1
1030000	1	-0.291563547987259	-0.776283263780747	-0.291563547987259	1	0.208894454728845	-0.776283263780747	0.208894454728845	1
1040000	1	-0.327462163102521	-0.623729684877314	-0.327462163102521	1	0.19616626592364	-0.623729684877314	0.19616626592364	1
1050000	1	0.069172330029751	-0.56153028546206	0.069172330029751	1	0.283254393747667	-0.56153028546206	0.283254393747667	1
1060000	1	-0.083015428783524	-0.539642400155847	-0.083015428783524	1	0.25452894442244	-0.539642400155846	0.25452894442244	1
1070000	1	-0.245635032397152	-0.602353659788187	-0.245635032397152	1	0.0731692697492919	-0.602353659788187	0.073169269749292	1
1080000	1	-0.141069667300775	-0.582610803504108	-0.141069667300775	1	-0.0189194773459598	-0.582610803504108	-0.0189194773459598	1
1090000	1	-0.0191528270358083	-0.456132447358834	-0.0191528270358083	1	0.0905745080398055	-0.456132447358834	0.0905745080398055	1
1100000	1	-0.28123149972125	-0.465062605328689	-0.28123149972125	1	0.157022766888049	-0.465062605328689	0.157022766888049	1
1110000	1	-0.178349615201923	-0.666000592632881	-0.178349615201923	1	0.164572109110192	-0.666000592632881	0.164572109110192	1
1120000	1	-0.269699638295565	-0.739751288248009	-0.269699638295565	1	0.130035259767252	-0.739751288248009	0.130035259767252	1
1130000	1	-0.25121284255344	-0.61905481502814	-0.25121284255344	1	0.180135159563603	-0.61905481502814	0.180135159563603	1
1140000	1	-0.0384796933908748	-0.407486902667436	-0.0384796933908747	1	0.265873967671585	-0.407486902667436	0.265873967671585	1
1150000	1	0.0269531030823327	-0.60999234008463	0.0269531030823327	1	0.140605627036378	-0.60999234008463	0.140605627036378	1
1160000	1	-0.0308831128598991	-0.613075856661232	-0.0308831128598991	1	-0.0206611374747528	-0.613075856661232	-0.0206611374747528	1
1170000	1	-0.440077438674722	-0.326938731531429	-0.440077438674722	1	0.172503004751384	-0.326938731531429	0.172503004751384	1
1180000	1	-0.345938044153502	-0.53688364499728	-0.345938044153502	1	0.174749341191572	-0.53688364499728	0.174749341191572	1
1190000	1	-0.286056805559982	-0.708167411107284	-0.286056805559982	1	0.16474496780064	-0.708167411107284	0.164744967800641	1
1200000	1	-0.159757419084226	-0.439125862519137	-0.159757419084226	1	-0.130131220348666	-0.439125862519137	-0.130131220348666	1
1210000	1	-0.284145002242538	-0.668965107271987	-0.284145002242538	1	0.130585075913213	-0.668965107271987	0.130585075913213	1
1220000	1	-0.061458534962579	-0.662322736069702	-0.061458534962579	1	0.207802663760693	-0.662322736069702	0.207802663760693	1
1230000	1	-0.120581403218259	-0.447227067085305	-0.120581403218259	1	0.0319256717382034	-0.447227067085305	0.0319256717382034	1
1240000	1	-0.0468933877704693	-0.612276848443085	-0.0468933877704694	1	0.260076501872659	-0.612276848443085	0.260076501872659	1
1250000	1	-0.153769873534841	-0.670811217507333	-0.153769873534841	1	0.166441695076288	-0.670811217507333	0.166441695076288	1
1260000	1	0.0403386278152869	-0.524030402525547	0.0403386278152869	1	0.157141807667187	-0.524030402525547	0.157141807667187	1
1270000	1	-0.285975795997852	-0.384124482166423	-0.285975795997852	1	0.0513999832815754	-0.384124482166423	0.0513999832815755	1
1280000	1	0.203348126185753	-0.571155223630781	0.203348126185753	1	0.0662178465453498	-0.571155223630781	0.0662178465453498	1
1290000	1	-0.224028847999026	-0.497207788932174	-0.224028847999026	1	0.234677531558286	-0.497207788932174	0.234677531558286	1
1300000	1	-0.214322713006219	-0.611727638834527	-0.214322713006219	1	0.0791397597543203	-0.611727638834527	0.0791397597543203	1
1310000	1	-0.0534660863780494	-0.778030994062261	-0.0534660863780494	1	0.113396229835073	-0.778030994062261	0.113396229835073	1
1320000	1	-0.246377645581294	-0.544909252346982	-0.246377645581294	1	0.102317278174962	-0.544909252346982	0.102317278174962	1
1330000	1	-0.214770550037319	-0.664635855459327	-0.214770550037319	1	0.0956260687299912	-0.664635855459327	0.0956260687299912	1
1340000	1	-0.206036960337333	-0.698148421846462	-0.206036960337333	1	0.304764860512683	-0.698148421846462	0.304764860512683	1
1350000	1	0.0250437250272906	-0.32121927670876	0.0250437250272906	1	-0.0644206764815162	-0.32121927670876	-0.0644206764815162	1
1360000	1	0.0507324159644325	-0.417969327185311	0.0507324159644325	1	0.0402508491385884	-0.417969327185311	0.0402508491385884	1
1370000	1	0.212085841504058	-0.501210502242598	0.212085841504059	1	0.056038757615734	-0.501210502242598	0.056038757615734	1
1380000	1	-0.117783716031891	-0.650270115985202	-0.117783716031891	1	0.213194246616113	-0.650270115985202	0.213194246616113	1
1390000	1	-0.0642287430751645	-0.545527570734972	-0.0642287430751645	1	0.0657349525506626	-0.545527570734972	0.0657349525506626	1
1400000	1	-0.22233814779218	-0.42218110744232	-0.22233814779218	1	0.0399335631132653	-0.42218110744232	0.0399335631132653	1
1410000	1	-0.248115742962131	-0.526210164700677	-0.248115742962131	1	0.117763486248536	-0.526210164700677	0.117763486248536	1
1420000	1	-0.221067136908481	-0.752737137267359	-0.221067136908481	1	0.254996581667293	-0.752737137267359	0.254996581667293	1
1430000	1	-0.0952840507318559	-0.639390673461761	-0.0952840507318559	1	-0.0272846510223244	-0.639390673461761	-0.0272846510223244	1
1440000	1	-0.25820140378782	-0.596227918461356	-0.25820140378782	1	0.184240897321573	-0.596227918461356	0.184240897321573	1
1450000	1	0.0500032648274792	-0.604018864378092	0.0500032648274792	1	0.192659990346849	-0.604018864378092	0.192659990346849	1
1460000	1	-0.186298009417423	-0.713012487626755	-0.186298009417423	1	0.0312392041778759	-0.713012487626755	0.0312392041778759	1
1470000	1	-0.0786354876728836	-0.536520157936897	-0.0786354876728836	1	0.147163679647724	-0.536520157936897	0.147163679647724	1
1480000	1	0.0364945407705045	-0.482477793349217	0.0364945407705044	1	0.0309379355418492	-0.482477793349217	0.0309379355418492	1
1490000	1	-0.231116057180795	-0.646629374151995	-0.231116057180795	1	0.155688054117519	-0.646629374151995	0.155688054117519	1
1500000	1	-0.147057590627831	-0.594240006480831	-0.147057590627831	1	0.229657085787335	-0.594240006480831	0.229657085787335	1
1510000	1	-0.306348070561522	-0.652613979342992	-0.306348070561522	1	0.171182811604958	-0.652613979342992	0.171182811604958	1
1520000	1	-0.354888241323397	-0.639753875246508	-0.354888241323397	1	0.222781869628968	-0.639753875246508	0.222781869628968	1
1530000	1	-0.193012199609776	-0.738250321213571	-0.193012199609776	1	-0.0161846396115865	-0.738250321213571	-0.0161846396115865	1
1540000	1	-0.0948133547795724	-0.408088689235373	-0.0948133547795724	1	-0.0360171358050371	-0.408088689235373	-0.0360171358050371	1
1550000	1	-0.232563409305724	-0.677100266413606	-0.232563409305724	1	-0.0179581556404218	-0.677100266413606	-0.0179581556404218	1
1560000	1	0.0949938271034754	-0.554471900281964	0.0949938271034754	1	0.300162217696496	-0.554471900281964	0.300162217696496	1
1570000	1	-0.155159236459716	-0.4977199821096	-0.155159236459716	1	-0.1047761429492	-0.4977199821096	-0.1047761429492	1
1580000	1	-0.303934456899944	-0.39847104190113	-0.303934456899944	1	0.166866132847906	-0.398471041901131	0.166866132847906	1
1590000	1	0.0605349600059118	-0.471317333381391	0.0605349600059117	1	-0.0284406557983795	-0.471317333381391	-0.0284406557983795	1
1600000	1	-0.104004411432166	-0.60981802272983	-0.104004411432166	1	0.0185994773162914	-0.60981802272983	0.0185994773162914	1
1610000	1	0.0504169725692477	-0.602885671851558	0.0504169725692477	1	0.226359760329995	-0.602885671851558	0.226359760329995	1
1620000	1	-0.321320348082374	-0.515626928183408	-0.321320348082374	1	0.362250673289812	-0.515626928183408	0.362250673289812	1
1630000	1	0.301324922675637	-0.458869524999315	0.301324922675637	1	0.227103802700732	-0.458869524999315	0.227103802700732	1
1640000	1	-0.1761631456635	-0.590102812658181	-0.1761631456635	1	0.132940145432996	-0.590102812658181	0.132940145432996	1
1650000	1	-0.35407018977179	-0.764155957303063	-0.35407018977179	1	0.278386961939294	-0.764155957303063	0.278386961939294	1
1660000	1	-0.183132652565444	-0.594105549352895	-0.183132652565444	1	0.289666881514153	-0.594105549352895	0.289666881514153	1
1670000	1	-0.0875337963229259	-0.652686756581451	-0.0875337963229259	1	0.204240133557327	-0.652686756581451	0.204240133557327	1
1680000	1	-0.356917823234111	-0.753532188211443	-0.356917823234111	1	0.436377090845343	-0.753532188211443	0.436377090845343	1
1690000	1	-0.130503926086818	-0.537028784151225	-0.130503926086818	1	-0.0132991722636298	-0.537028784151225	-0.0132991722636298	1
1700000	1	-0.206476035495985	-0.604780520913043	-0.206476035495985	1	0.179001525403431	-0.604780520913043	0.179001525403431	1
1710000	1	-0.240750909440859	-0.438608998737842	-0.240750909440859	1	0.0469214087846436	-0.438608998737842	0.0469214087846436	1
1720000	1	-0.159653823634962	-0.765511513975542	-0.159653823634962	1	0.0841472235605828	-0.765511513975542	0.0841472235605828	1
1730000	1	0.107585354478418	-0.555072463976804	0.107585354478418	1	0.0700406407761358	-0.555072463976804	0.0700406407761358	1
1740000	1	-0.0724351187327447	-0.670919090931596	-0.0724351187327447	1	0.0734054022835929	-0.670919090931596	0.0734054022835929	1
1750000	1	0.28141094745934	-0.508705092688757	0.281410947459339	1	0.12448711311854	-0.508705092688757	0.12448711311854	1
1760000	1	-0.304724171143464	-0.650464411652749	-0.304724171143464	1	0.198565488826649	-0.650464411652749	0.198565488826649	1
1770000	1	-0.22218921544396	-0.352410644130358	-0.22218921544396	1	0.190995106074829	-0.352410644130358	0.190995106074829	1
1780000	1	-0.566252155115547	-0.788605578801866	-0.566252155115547	1	0.422306222600637	-0.788605578801866	0.422306222600637	1
1790000	1	0.274392527477004	-0.620188448527494	0.274392527477004	1	-0.0382151072143576	-0.620188448527494	-0.0382151072143576	1
1800000	1	-0.238548584529004	-0.653696037463155	-0.238548584529004	1	0.247312367204163	-0.653696037463156	0.247312367204163	1
1810000	1	-0.113871482476899	-0.558170585097456	-0.113871482476899	1	0.0797849207104556	-0.558170585097456	0.0797849207104556	1
1820000	1	-0.0832902060086225	-0.757118581655684	-0.0832902060086225	1	0.0632263844876419	-0.757118581655684	0.0632263844876419	1
1830000	1	-0.0268441684276489	-0.665515455249044	-0.0268441684276489	1	0.016890768918116	-0.665515455249044	0.016890768918116	1
1840000	1	0.463117015621878	-0.504433695534382	0.463117015621878	1	-0.0205660947846635	-0.504433695534382	-0.0205660947846635	1
1850000	1	-0.110567334517065	-0.377994692589469	-0.110567334517065	1	0.0413346453404822	-0.377994692589469	0.0413346453404821	1
1860000	1	-0.0815462863269477	-0.609809386231206	-0.0815462863269477	1	0.12483449494919	-0.609809386231206	0.12483449494919	1
1870000	1	0.216619523984347	-0.614061154987035	0.216619523984347	1	-0.172837487981684	-0.614061154987035	-0.172837487981684	1
1880000	1	-0.247702461202196	-0.587917670694896	-0.247702461202196	1	0.0360175036321318	-0.587917670694896	0.0360175036321318	1
1890000	1	-0.0497591343810069	-0.345391976808629	-0.0497591343810069	1	0.0699845249370788	-0.345391976808629	0.0699845249370788	1
1900000	1	-0.466706188750094	-0.586146183019994	-0.466706188750094	1	0.308707738765569	-0.586146183019994	0.308707738765568	1
1910000	1	-0.212044748575936	-0.543842263034349	-0.212044748575936	1	0.135505392949474	-0.543842263034349	0.135505392949474	1
1920000	1	-0.0316613042812282	-0.600624602698675	-0.0316613042812282	1	-0.0330182508512026	-0.600624602698675	-0.0330182508512026	1
1930000	1	-0.0889731592241387	-0.547521710091361	-0.0889731592241387	1	0.0408714885928672	-0.547521710091361	0.0408714885928672	1
1940000	1	-0.365621994045311	-0.692537183233231	-0.365621994045311	1	0.186935227509214	-0.692537183233231	0.186935227509214	1
1950000	1	0.210787490671705	-0.444653785448544	0.210787490671705	1	0.177725378620333	-0.444653785448544	0.177725378620333	1
1960000	1	-0.216204156519964	-0.57092930713451	-0.216204156519964	1	-0.00444183722611227	-0.57092930713451	-0.00444183722611226	1
1970000	1	-0.192649917893982	-0.582686734841353	-0.192649917893982	1	0.0632201772902756	-0.582686734841353	0.0632201772902756	1
1980000	1	-0.276836402934596	-0.672319371625198	-0.276836402934596	1	0.211682196656897	-0.672319371625198	0.211682196656897	1
1990000	1	0.0179253519006115	-0.58921128491054	0.0179253519006115	1	0.0475965456486703	-0.58921128491054	0.0475965456486703	1
2e+06	1	-0.333374930227251	-0.560896783247745	-0.333374930227251	1	0.225005960416409	-0.560896783247745	0.225005960416409	1
2010000	1	-0.183294178840183	-0.525022150527987	-0.183294178840183	1	0.31835237047425	-0.525022150527987	0.31835237047425	1
2020000	1	-0.0503086655080827	-0.454443011185308	-0.0503086655080827	1	0.315174181480091	-0.454443011185308	0.315174181480091	1
2030000	1	-0.197157522487589	-0.525856888287514	-0.197157522487589	1	0.0842245706442261	-0.525856888287515	0.0842245706442261	1
2040000	1	0.0933770295847746	-0.686150970323426	0.0933770295847746	1	-0.0750644921833001	-0.686150970323426	-0.0750644921833001	1
2050000	1	-0.361788225086224	-0.602127573956386	-0.361788225086224	1	0.139925404157478	-0.602127573956386	0.139925404157478	1
2060000	1	0.0272063128020924	-0.594126572687212	0.0272063128020925	1	-0.177479061434282	-0.594126572687212	-0.177479061434282	1
2070000	1	-0.28299293681076	-0.456292586992193	-0.28299293681076	1	0.182061989865746	-0.456292586992193	0.182061989865746	1
2080000	1	-0.218888843953719	-0.623286528666985	-0.218888843953719	1	0.121376498933877	-0.623286528666985	0.121376498933877	1
2090000	1	-0.206682228767439	-0.642221067939573	-0.206682228767439	1	0.306976284630802	-0.642221067939574	0.306976284630802	1
2100000	1	-0.155962136167202	-0.705456848804503	-0.155962136167202	1	0.341796103390348	-0.705456848804503	0.341796103390348	1
2110000	1	-0.0851678621829977	-0.558372338165854	-0.0851678621829977	1	-0.141966800074743	-0.558372338165854	-0.141966800074743	1
2120000	1	-0.299274910555002	-0.726321660958695	-0.299274910555002	1	0.261874351359825	-0.726321660958695	0.261874351359825	1
2130000	1	-0.185861699581055	-0.504563322529471	-0.185861699581055	1	0.0771845399814512	-0.504563322529471	0.0771845399814513	1
2140000	1	0.139618593787348	-0.405538099898911	0.139618593787348	1	0.110276172372127	-0.405538099898911	0.110276172372127	1
2150000	1	-0.140364767131426	-0.630725153547253	-0.140364767131426	1	-0.0289883058417715	-0.630725153547253	-0.0289883058417716	1
2160000	1	0.224158439351873	-0.615025086774686	0.224158439351873	1	0.215104706733067	-0.615025086774686	0.215104706733067	1
2170000	1	0.0519039260005398	-0.560051363637503	0.0519039260005397	1	0.152180711959861	-0.560051363637503	0.152180711959861	1
2180000	1	-0.0329201862538414	-0.677668552293944	-0.0329201862538413	1	-0.116277023211886	-0.677668552293944	-0.116277023211886	1
2190000	1	-0.274806529111583	-0.667078715684459	-0.274806529111583	1	0.139140237688635	-0.667078715684459	0.139140237688635	1
2200000	1	-0.21228459928552	-0.522901463383567	-0.212284599285521	1	0.0190575606130916	-0.522901463383567	0.0190575606130916	1
2210000	1	-0.24656218874538	-0.592976852174992	-0.24656218874538	1	0.246526602642144	-0.592976852174992	0.246526602642144	1
2220000	1	-0.321430306959293	-0.390342212953104	-0.321430306959293	1	0.134382594075352	-0.390342212953104	0.134382594075352	1
2230000	1	0.038639522545462	-0.583502189281287	0.038639522545462	1	0.179862999543044	-0.583502189281287	0.179862999543044	1
2240000	1	-0.265356301127681	-0.751067448208161	-0.265356301127681	1	0.147701269369727	-0.751067448208161	0.147701269369727	1
2250000	1	-0.133414446278355	-0.672665670077833	-0.133414446278355	1	0.0459062329530596	-0.672665670077833	0.0459062329530596	1
2260000	1	-0.192297034665259	-0.63700949932238	-0.192297034665259	1	0.150516350795819	-0.63700949932238	0.150516350795819	1
2270000	1	-0.332072607019	-0.385474588045793	-0.332072607019	1	0.105581418512755	-0.385474588045792	0.105581418512755	1
2280000	1	-0.13658721559728	-0.689142524025521	-0.13658721559728	1	0.00488601327825618	-0.689142524025521	0.0048860132782562	1
2290000	1	-0.0925022969989265	-0.395211567040008	-0.0925022969989265	1	0.172015108432795	-0.395211567040008	0.172015108432795	1
2300000	1	-0.358498385419237	-0.635536366452248	-0.358498385419237	1	0.0816026436878335	-0.635536366452248	0.0816026436878335	1
2310000	1	-0.0996001630797352	-0.545439004626105	-0.0996001630797352	1	0.109242830473733	-0.545439004626104	0.109242830473733	1
2320000	1	-0.559180723162985	-0.512063734129519	-0.559180723162985	1	0.238472367770043	-0.512063734129519	0.238472367770043	1
2330000	1	-0.0737152309818366	-0.701596659993239	-0.0737152309818366	1	0.0571677808294073	-0.701596659993239	0.0571677808294073	1
2340000	1	0.0070710801727438	-0.401065924747127	0.0070710801727438	1	0.018964157692975	-0.401065924747127	0.018964157692975	1
2350000	1	-0.105222162515814	-0.702576244802377	-0.105222162515814	1	0.245786759718211	-0.702576244802377	0.245786759718211	1
2360000	1	0.115483417031089	-0.520629432769738	0.115483417031089	1	0.254581222784168	-0.520629432769738	0.254581222784168	1
2370000	1	-0.178318344546069	-0.544818868446634	-0.178318344546069	1	-0.0489073391479839	-0.544818868446634	-0.0489073391479839	1
2380000	1	0.0597287288586653	-0.572831028914238	0.0597287288586652	1	0.397483810692397	-0.572831028914238	0.397483810692397	1
2390000	1	-0.0919119440807947	-0.135209653737272	-0.0919119440807947	1	0.277479137958716	-0.135209653737272	0.277479137958716	1
2400000	1	-0.0702372114689451	-0.468553900684176	-0.0702372114689451	1	0.0827904577982407	-0.468553900684176	0.0827904577982407	1
2410000	1	-0.3665490322815	-0.450211281171525	-0.3665490322815	1	0.0942953739067054	-0.450211281171525	0.0942953739067054	1
2420000	1	-0.0842563191537145	-0.608581485860278	-0.0842563191537145	1	-0.101517511222268	-0.608581485860278	-0.101517511222268	1
2430000	1	-0.37306895885339	-0.726759857971683	-0.37306895885339	1	0.139831290515311	-0.726759857971683	0.139831290515311	1
2440000	1	-0.0597073685992637	-0.553995074644842	-0.0597073685992637	1	0.090895304925499	-0.553995074644841	0.090895304925499	1
2450000	1	-0.137102297576692	-0.640019236513111	-0.137102297576692	1	0.185829352987255	-0.640019236513111	0.185829352987255	1
2460000	1	-0.0494321579032987	-0.585898480787388	-0.0494321579032987	1	0.0359972300559055	-0.585898480787388	0.0359972300559055	1
2470000	1	-0.221585566373777	-0.616322593965136	-0.221585566373777	1	0.113917158237214	-0.616322593965136	0.113917158237214	1
2480000	1	-0.255446621664715	-0.622781428512216	-0.255446621664715	1	0.133381312089587	-0.622781428512216	0.133381312089587	1
2490000	1	-0.194066624873087	-0.409141511426239	-0.194066624873087	1	0.142727680519758	-0.409141511426239	0.142727680519758	1
2500000	1	-0.042386311199788	-0.723788389964594	-0.042386311199788	1	0.0630488083074799	-0.723788389964594	0.0630488083074799	1
2510000	1	-0.108019754622714	-0.542424429475333	-0.108019754622714	1	0.0557042898556489	-0.542424429475333	0.0557042898556489	1
2520000	1	-0.230222113838344	-0.656046531368406	-0.230222113838344	1	0.0560866615318809	-0.656046531368406	0.0560866615318809	1
2530000	1	-0.251283933387773	-0.54176402352039	-0.251283933387773	1	0.058728439557364	-0.541764023520391	0.058728439557364	1
2540000	1	-0.253811025749564	-0.73669652726806	-0.253811025749564	1	0.278183892024807	-0.73669652726806	0.278183892024807	1
2550000	1	-0.314490409343804	-0.612200773235234	-0.314490409343804	1	0.0801217333071762	-0.612200773235234	0.0801217333071761	1
2560000	1	0.0648280911398135	-0.486050169531784	0.0648280911398135	1	0.120601173504996	-0.486050169531784	0.120601173504996	1
2570000	1	-0.254894198654228	-0.63873005036174	-0.254894198654228	1	0.343753100608413	-0.63873005036174	0.343753100608413	1
2580000	1	0.151566122385893	-0.196681506391445	0.151566122385893	1	-0.0170283894447789	-0.196681506391445	-0.0170283894447789	1
2590000	1	0.283724382099466	-0.539250702425001	0.283724382099466	1	0.0322381214014591	-0.539250702425001	0.032238121401459	1
2600000	1	-0.283537905106298	-0.699566269252476	-0.283537905106298	1	0.37216658821479	-0.699566269252476	0.37216658821479	1
2610000	1	0.155658979977435	-0.732101061997123	0.155658979977435	1	-0.177730145036176	-0.732101061997123	-0.177730145036176	1
2620000	1	-0.153019343397763	-0.659756978823937	-0.153019343397763	1	0.0852858259575735	-0.659756978823937	0.0852858259575735	1
2630000	1	-0.31178633779124	-0.362502195828878	-0.31178633779124	1	0.155878995830478	-0.362502195828878	0.155878995830478	1
2640000	1	-0.317634884929964	-0.491251023942703	-0.317634884929964	1	0.170544323441379	-0.491251023942703	0.170544323441379	1
2650000	1	-0.0282283843502725	-0.559102961773913	-0.0282283843502725	1	-0.0114726948490154	-0.559102961773913	-0.0114726948490154	1
2660000	1	0.146507008904719	-0.508510571035553	0.146507008904719	1	0.11020389088316	-0.508510571035553	0.11020389088316	1
2670000	1	0.064765584187266	-0.574526213815663	0.064765584187266	1	0.139390705321242	-0.574526213815663	0.139390705321242	1
2680000	1	0.0329348508966538	-0.357237192864546	0.0329348508966538	1	0.0633164503005031	-0.357237192864546	0.0633164503005031	1
2690000	1	-0.44901037271855	-0.611250449048254	-0.44901037271855	1	0.231708409514916	-0.611250449048254	0.231708409514916	1
2700000	1	-0.316686955281086	-0.749246394021858	-0.316686955281086	1	0.283893154761761	-0.749246394021858	0.283893154761761	1
2710000	1	-0.226523599845736	-0.682961454120564	-0.226523599845736	1	0.213077312475941	-0.682961454120564	0.213077312475941	1
2720000	1	-0.174410006112752	-0.664999925761413	-0.174410006112752	1	0.175098475202978	-0.664999925761412	0.175098475202978	1
2730000	1	-0.199090426259736	-0.467088354205396	-0.199090426259736	1	0.0277525020473672	-0.467088354205396	0.0277525020473672	1
2740000	1	-0.194810145725868	-0.366195385604687	-0.194810145725868	1	0.106503785540846	-0.366195385604687	0.106503785540846	1
2750000	1	-0.212929293939899	-0.56855376113314	-0.212929293939899	1	0.272650684387806	-0.56855376113314	0.272650684387806	1
2760000	1	-0.136086598454179	-0.726982518834925	-0.136086598454179	1	-0.0699522446544345	-0.726982518834924	-0.0699522446544345	1
2770000	1	0.1315646732142	-0.48223907874041	0.1315646732142	1	0.236207916196847	-0.48223907874041	0.236207916196847	1
2780000	1	-0.392378972886858	-0.623547260965848	-0.392378972886858	1	0.138593467724384	-0.623547260965848	0.138593467724384	1
2790000	1	0.170002207300289	-0.512783599638205	0.170002207300289	1	-0.183135699486583	-0.512783599638205	-0.183135699486583	1
2800000	1	0.0604643115281397	-0.368673910856065	0.0604643115281397	1	0.12320722512158	-0.368673910856065	0.12320722512158	1
2810000	1	-0.364008296372338	-0.706855444758575	-0.364008296372338	1	0.240848974401037	-0.706855444758575	0.240848974401037	1
2820000	1	-0.00977068352826358	-0.443566262861798	-0.00977068352826359	1	0.124833984059819	-0.443566262861798	0.12483398405982	1
2830000	1	0.149042861667117	-0.473843241765389	0.149042861667117	1	-0.0387734522345573	-0.473843241765389	-0.0387734522345573	1
2840000	1	-0.174517870240422	-0.508820326602686	-0.174517870240422	1	-0.0501807486890807	-0.508820326602686	-0.0501807486890806	1
2850000	1	-0.0775769981491901	-0.722915204862997	-0.07757699814919	1	-0.0181613176279235	-0.722915204862997	-0.0181613176279235	1
2860000	1	-0.315793589044109	-0.730515722981894	-0.315793589044109	1	0.183106836537222	-0.730515722981894	0.183106836537222	1
2870000	1	-0.282677542596373	-0.294884538431723	-0.282677542596373	1	0.269820523304491	-0.294884538431723	0.269820523304491	1
2880000	1	-0.247505022533706	-0.679195381654636	-0.247505022533706	1	0.116327292004941	-0.679195381654636	0.116327292004941	1
2890000	1	-0.167124212985734	-0.601089887903157	-0.167124212985734	1	0.0551807188077818	-0.601089887903157	0.0551807188077818	1
2900000	1	-0.40021906585517	-0.552303068385018	-0.40021906585517	1	0.186806962797831	-0.552303068385018	0.186806962797831	1
2910000	1	0.183973069150959	-0.663353592487661	0.183973069150959	1	-0.128988920246155	-0.663353592487661	-0.128988920246155	1
2920000	1	-0.292648760834475	-0.675887873641361	-0.292648760834475	1	0.35786239960392	-0.675887873641361	0.35786239960392	1
2930000	1	-0.399642492150223	-0.613738574152415	-0.399642492150223	1	0.179834058702246	-0.613738574152415	0.179834058702246	1
2940000	1	-0.403738613581187	-0.699933233320973	-0.403738613581187	1	0.248246555064017	-0.699933233320973	0.248246555064017	1
2950000	1	-0.307504262152522	-0.474045483759054	-0.307504262152522	1	0.137370796857972	-0.474045483759054	0.137370796857972	1
2960000	1	0.0175241832612676	-0.616189351186328	0.0175241832612676	1	-0.0238416254479218	-0.616189351186329	-0.0238416254479218	1
2970000	1	-0.190588766543844	-0.659082774994639	-0.190588766543844	1	0.160865466534515	-0.659082774994639	0.160865466534515	1
2980000	1	0.256760585238318	-0.569939855728589	0.256760585238318	1	-0.0234540645319317	-0.569939855728589	-0.0234540645319318	1
2990000	1	0.0632123468228897	-0.750559697058221	0.0632123468228897	1	-0.0707695597919706	-0.750559697058221	-0.0707695597919705	1
3e+06	1	-0.15504311393872	-0.445072370228869	-0.15504311393872	1	0.133482734935364	-0.445072370228869	0.133482734935364	1
3010000	1	0.0645322029275825	-0.467265783725434	0.0645322029275825	1	-0.0189471845137569	-0.467265783725434	-0.0189471845137569	1
3020000	1	-0.303591018141367	-0.69487034493423	-0.303591018141367	1	0.130595505918873	-0.69487034493423	0.130595505918873	1
3030000	1	-2.94344644598973e-05	-0.668386673091346	-2.94344644599072e-05	1	0.153405349817884	-0.668386673091346	0.153405349817884	1
3040000	1	-0.0721927272494651	-0.748227932394374	-0.0721927272494651	1	0.067422410196415	-0.748227932394374	0.067422410196415	1
3050000	1	-0.324879890095383	-0.817007668002292	-0.324879890095383	1	0.245808634807279	-0.817007668002292	0.245808634807279	1
3060000	1	-0.215203263518715	-0.387511342873251	-0.215203263518715	1	0.191478811986079	-0.387511342873251	0.191478811986079	1
3070000	1	-0.258172193064687	-0.616358169818223	-0.258172193064687	1	0.0341032414173215	-0.616358169818223	0.0341032414173215	1
3080000	1	-0.131924668660413	-0.626213327883096	-0.131924668660413	1	0.03948672764184	-0.626213327883096	0.03948672764184	1
3090000	1	-0.166343247196181	-0.665404380253593	-0.166343247196181	1	0.0633592572642974	-0.665404380253592	0.0633592572642975	1
3100000	1	-0.11971624135053	-0.66167447326456	-0.11971624135053	1	0.220465962681552	-0.66167447326456	0.220465962681552	1
3110000	1	0.0413983105263847	-0.607494488507623	0.0413983105263847	1	0.017580043165316	-0.607494488507623	0.017580043165316	1
3120000	1	-0.067335405322805	-0.533991910221681	-0.067335405322805	1	0.0639694987240811	-0.533991910221681	0.0639694987240811	1
3130000	1	0.300322157995926	-0.444929037005082	0.300322157995926	1	-0.135521727021644	-0.444929037005082	-0.135521727021644	1
3140000	1	-0.13425338179334	-0.772167224638501	-0.13425338179334	1	0.107716829917732	-0.772167224638501	0.107716829917732	1
3150000	1	-0.454852585403396	-0.760217752273576	-0.454852585403396	1	0.192690286289133	-0.760217752273576	0.192690286289132	1
3160000	1	-0.322111947522607	-0.739376511944374	-0.322111947522607	1	0.275907188339562	-0.739376511944374	0.275907188339562	1
3170000	1	-0.166385541016025	-0.735144806252932	-0.166385541016025	1	0.0458933648479491	-0.735144806252932	0.0458933648479491	1
3180000	1	-0.0363676273009136	-0.619582941024716	-0.0363676273009136	1	0.148545568337039	-0.619582941024716	0.148545568337039	1
3190000	1	-0.0493688532207401	-0.766768536248708	-0.0493688532207401	1	0.0212426380813707	-0.766768536248708	0.0212426380813707	1
3200000	1	0.00352186806124263	-0.635668056716542	0.00352186806124263	1	-0.0103219094755847	-0.635668056716541	-0.0103219094755847	1
3210000	1	-0.178638688814383	-0.632108320267987	-0.178638688814383	1	0.0753140838291425	-0.632108320267987	0.0753140838291425	1
3220000	1	-0.0436362862658019	-0.254090107201355	-0.0436362862658019	1	0.295491263850359	-0.254090107201355	0.295491263850359	1
3230000	1	-0.0637745925508395	-0.618995795060127	-0.0637745925508395	1	-0.0395530296686317	-0.618995795060127	-0.0395530296686317	1
3240000	1	-0.0738802995073756	-0.621705825439274	-0.0738802995073756	1	0.311701072999052	-0.621705825439274	0.311701072999052	1
3250000	1	-0.0768257008362195	-0.667073478766843	-0.0768257008362195	1	-0.0509817835179242	-0.667073478766843	-0.0509817835179242	1
3260000	1	-0.374937445369763	-0.650874423192359	-0.374937445369763	1	0.287008732550876	-0.650874423192359	0.287008732550876	1
3270000	1	-0.110168684412949	-0.459386398924204	-0.110168684412949	1	0.0900314329034492	-0.459386398924204	0.0900314329034492	1
3280000	1	-0.15947852356021	-0.771226454684832	-0.15947852356021	1	0.105480680800161	-0.771226454684832	0.105480680800161	1
3290000	1	-0.040196139782544	-0.685714707719986	-0.040196139782544	1	-0.0971755458754747	-0.685714707719986	-0.0971755458754747	1
3300000	1	-0.144008742956884	-0.44833596500826	-0.144008742956884	1	0.18294403573204	-0.44833596500826	0.18294403573204	1
3310000	1	-0.00955746876236282	-0.744939010247706	-0.0095574687623628	1	-0.156906530368942	-0.744939010247706	-0.156906530368942	1
3320000	1	-0.237654502707115	-0.59825435226765	-0.237654502707115	1	0.15836326314199	-0.59825435226765	0.15836326314199	1
3330000	1	-0.197531668756032	-0.754793296201992	-0.197531668756032	1	0.030737609734344	-0.754793296201992	0.0307376097343441	1
3340000	1	-0.349124622098262	-0.713552685203995	-0.349124622098262	1	0.301261464512803	-0.713552685203995	0.301261464512803	1
3350000	1	-0.0126003809919872	-0.60053389270393	-0.0126003809919872	1	0.106398041834923	-0.60053389270393	0.106398041834923	1
3360000	1	0.0170070305453697	-0.534639614658737	0.0170070305453697	1	0.0270441328138943	-0.534639614658737	0.0270441328138943	1
3370000	1	0.0305184464146804	-0.578725038809303	0.0305184464146804	1	-0.0917013738363305	-0.578725038809303	-0.0917013738363305	1
3380000	1	-0.0765414594349498	-0.816891688952348	-0.0765414594349498	1	-0.0582669196880693	-0.816891688952348	-0.0582669196880693	1
3390000	1	-0.186629813324531	-0.645844674054725	-0.186629813324531	1	0.155280086024285	-0.645844674054725	0.155280086024285	1
3400000	1	-0.24582853459409	-0.391344826231528	-0.24582853459409	1	0.106654470416778	-0.391344826231528	0.106654470416778	1
3410000	1	0.249180110689085	-0.00222891983619	0.249180110689085	1	0.377573358652245	-0.00222891983618998	0.377573358652246	1
3420000	1	0.0834180964800419	-0.306154099413752	0.0834180964800419	1	0.0953920761767445	-0.306154099413752	0.0953920761767445	1
3430000	1	-0.183386210208499	-0.764399060206338	-0.183386210208499	1	0.0272527286511324	-0.764399060206338	0.0272527286511325	1
3440000	1	-0.0197589809661498	-0.598692798778434	-0.0197589809661498	1	0.155705878459658	-0.598692798778434	0.155705878459658	1
3450000	1	-0.396025367333198	-0.475941332864608	-0.396025367333198	1	0.188460024792561	-0.475941332864608	0.188460024792561	1
3460000	1	-0.414526607014529	-0.582989284401151	-0.414526607014529	1	0.345240172790226	-0.582989284401151	0.345240172790226	1
3470000	1	-0.132293511067873	-0.706810986652669	-0.132293511067873	1	0.227588306255709	-0.706810986652669	0.227588306255709	1
3480000	1	-0.146322438513849	-0.741879101127236	-0.146322438513849	1	0.0691317328684179	-0.741879101127236	0.0691317328684179	1
3490000	1	-0.318533773003272	-0.659722887164963	-0.318533773003272	1	0.0830078862609352	-0.659722887164963	0.0830078862609352	1
3500000	1	-0.0405304261479904	-0.637483208515188	-0.0405304261479904	1	-0.142752586640658	-0.637483208515188	-0.142752586640657	1
3510000	1	-0.049264382957168	-0.544091340586253	-0.049264382957168	1	0.112810637207629	-0.544091340586253	0.112810637207629	1
3520000	1	-0.119110617877476	-0.696506761939092	-0.119110617877476	1	0.157382283690361	-0.696506761939092	0.157382283690361	1
3530000	1	-0.202634776025487	-0.369340964999994	-0.202634776025487	1	-0.0414292104286298	-0.369340964999994	-0.0414292104286298	1
3540000	1	-0.255567750079645	-0.611891491028564	-0.255567750079645	1	0.0397371388271883	-0.611891491028564	0.0397371388271884	1
3550000	1	-0.404855256842017	-0.657597245959981	-0.404855256842017	1	0.171538137683573	-0.657597245959981	0.171538137683573	1
3560000	1	-0.296964212565632	-0.774955042944041	-0.296964212565632	1	0.212815302580484	-0.774955042944041	0.212815302580484	1
3570000	1	-0.366286793294395	-0.723978762948305	-0.366286793294395	1	0.202324476762078	-0.723978762948305	0.202324476762078	1
3580000	1	-0.0233521208086372	-0.69256473995256	-0.0233521208086372	1	0.13383710024833	-0.69256473995256	0.13383710024833	1
3590000	1	0.0425834062300871	-0.367553246070202	0.0425834062300871	1	-0.0577713941612703	-0.367553246070202	-0.0577713941612703	1
3600000	1	-0.249108395468725	-0.5874453487565	-0.249108395468725	1	0.0733453626701378	-0.5874453487565	0.0733453626701378	1
3610000	1	0.122147423593553	-0.763398301085773	0.122147423593553	1	0.0612645522300409	-0.763398301085773	0.0612645522300409	1
3620000	1	0.0770419189350552	-0.70622734059296	0.0770419189350551	1	-0.100653070813474	-0.70622734059296	-0.100653070813474	1
3630000	1	-0.351723790476553	-0.583247989032512	-0.351723790476553	1	0.334896243423559	-0.583247989032512	0.334896243423559	1
3640000	1	0.00283745382643814	-0.564832862655132	0.00283745382643817	1	0.237408933973129	-0.564832862655132	0.237408933973129	1
3650000	1	-0.216166021819222	-0.706713856204218	-0.216166021819222	1	0.146205090444278	-0.706713856204218	0.146205090444278	1
3660000	1	-0.270915917028468	-0.439264968781713	-0.270915917028468	1	0.085697510154779	-0.439264968781713	0.085697510154779	1
3670000	1	0.0764852343572302	-0.629413357285334	0.0764852343572302	1	0.0264749606012103	-0.629413357285334	0.0264749606012103	1
3680000	1	-0.217382969733021	-0.736738475226091	-0.217382969733021	1	0.175723701936198	-0.736738475226091	0.175723701936198	1
3690000	1	-0.19502674749864	-0.764214164909654	-0.19502674749864	1	0.0236750447996299	-0.764214164909655	0.0236750447996299	1
3700000	1	0.125018828941382	-0.588158546719313	0.125018828941382	1	0.0881778190301234	-0.588158546719313	0.0881778190301234	1
3710000	1	-0.355523933670996	-0.546122172456168	-0.355523933670996	1	0.0939008556508514	-0.546122172456168	0.0939008556508514	1
3720000	1	-0.39186020564945	-0.702739477257862	-0.39186020564945	1	0.35238663441152	-0.702739477257862	0.35238663441152	1
3730000	1	-0.0652001305421382	-0.538453707565716	-0.0652001305421382	1	0.00962109364633186	-0.538453707565716	0.00962109364633187	1
3740000	1	0.0225283333789253	-0.628271487959782	0.0225283333789253	1	0.194768253676323	-0.628271487959782	0.194768253676323	1
3750000	1	0.135236424358655	-0.216321321873467	0.135236424358655	1	0.0561367222438395	-0.216321321873467	0.0561367222438395	1
3760000	1	0.252585403921321	-0.560235548167265	0.252585403921321	1	0.15900683084138	-0.560235548167265	0.15900683084138	1
3770000	1	0.338613500902476	-0.428509370604489	0.338613500902476	1	-0.0550583695792748	-0.428509370604489	-0.0550583695792748	1
3780000	1	-0.132256023560861	-0.714672184763452	-0.132256023560861	1	0.0774539780877831	-0.714672184763452	0.077453978087783	1
3790000	1	-0.189644211674308	-0.575147556036409	-0.189644211674308	1	0.0801148118929829	-0.575147556036409	0.0801148118929829	1
3800000	1	0.0230196386617285	-0.803469061862671	0.0230196386617285	1	0.00104518195634859	-0.803469061862671	0.00104518195634859	1
3810000	1	0.123376971843596	-0.588217284738282	0.123376971843596	1	-0.159099487492027	-0.588217284738282	-0.159099487492027	1
3820000	1	-0.121669629556352	-0.741140347161815	-0.121669629556352	1	0.246533090683451	-0.741140347161815	0.246533090683451	1
3830000	1	-0.375351757413549	-0.406166429849591	-0.375351757413549	1	0.162851726264363	-0.406166429849591	0.162851726264363	1
3840000	1	0.0269109105554166	-0.472663088415848	0.0269109105554166	1	0.105066939295354	-0.472663088415848	0.105066939295354	1
3850000	1	-0.277948812807132	-0.609411391173151	-0.277948812807132	1	0.288397928831511	-0.609411391173151	0.288397928831511	1
3860000	1	-0.0387421799357401	-0.475411357202757	-0.0387421799357401	1	0.0620938458832977	-0.475411357202756	0.0620938458832977	1
3870000	1	-0.367427455380459	-0.568091530568619	-0.367427455380459	1	0.154421881039804	-0.568091530568619	0.154421881039804	1
3880000	1	-0.212408342672273	-0.443621078145898	-0.212408342672273	1	0.104559828687963	-0.443621078145898	0.104559828687963	1
3890000	1	-0.313415156642612	-0.64185719925078	-0.313415156642612	1	0.14523730185327	-0.64185719925078	0.14523730185327	1
3900000	1	-0.404905754543761	-0.718297716565563	-0.404905754543762	1	0.391320943410788	-0.718297716565563	0.391320943410788	1
3910000	1	-0.0480541548281408	-0.598727179074683	-0.0480541548281408	1	0.0766546684226757	-0.598727179074683	0.0766546684226757	1
3920000	1	0.103778166285471	-0.754478608256515	0.103778166285471	1	-0.0616483822287121	-0.754478608256515	-0.0616483822287121	1
3930000	1	-0.120947731084611	-0.616429228304912	-0.120947731084611	1	-0.0104229232566168	-0.616429228304912	-0.0104229232566168	1
3940000	1	-0.248242160539749	-0.684768055665873	-0.248242160539749	1	0.276701455477985	-0.684768055665873	0.276701455477985	1
3950000	1	-0.226551646867941	-0.442143335574163	-0.226551646867941	1	-0.0590790191172832	-0.442143335574163	-0.0590790191172832	1
3960000	1	-0.0685613668477119	-0.484611429494079	-0.0685613668477119	1	0.0682150323431803	-0.484611429494079	0.0682150323431803	1
3970000	1	0.02699002946833	-0.620618703090663	0.02699002946833	1	0.128993696544141	-0.620618703090663	0.128993696544141	1
3980000	1	-0.121612779734331	-0.80392443745005	-0.121612779734331	1	-0.0295653206649314	-0.80392443745005	-0.0295653206649314	1
3990000	1	0.052381947393005	-0.652807139898317	0.052381947393005	1	0.14610648037088	-0.652807139898316	0.14610648037088	1
4e+06	1	0.202720385259552	-0.497938896897682	0.202720385259552	1	0.221555543665597	-0.497938896897682	0.221555543665597	1
4010000	1	-0.0375474989515604	-0.786616696680175	-0.0375474989515604	1	0.128690505239021	-0.786616696680175	0.128690505239021	1
4020000	1	-0.225046930440373	-0.735877111517485	-0.225046930440373	1	0.204361182639259	-0.735877111517486	0.204361182639259	1
4030000	1	0.0958748284549141	-0.364310932513508	0.0958748284549141	1	-0.280758931957047	-0.364310932513508	-0.280758931957047	1
4040000	1	-0.108705470663062	-0.533941410544522	-0.108705470663062	1	0.14004862889836	-0.533941410544522	0.14004862889836	1
4050000	1	0.0429985285742467	-0.738297139796001	0.0429985285742467	1	0.167254569868088	-0.738297139796001	0.167254569868088	1
4060000	1	-0.25295235222588	-0.682346144816198	-0.25295235222588	1	0.324627413864355	-0.682346144816198	0.324627413864355	1
4070000	1	-0.337253365877307	-0.796041713560291	-0.337253365877307	1	0.228426535483293	-0.796041713560291	0.228426535483293	1
4080000	1	0.00925605638856503	-0.629715015301466	0.00925605638856503	1	0.0742620010158911	-0.629715015301466	0.0742620010158911	1
4090000	1	-0.149633825972568	-0.525026701417541	-0.149633825972568	1	0.0316876489630676	-0.525026701417541	0.0316876489630676	1
4100000	1	-0.291143588760109	-0.552154252989304	-0.291143588760109	1	0.165781915633524	-0.552154252989304	0.165781915633524	1
4110000	1	-0.0478240277167824	-0.751635528673771	-0.0478240277167824	1	0.0415352106693582	-0.751635528673771	0.0415352106693582	1
4120000	1	0.252306245520667	-0.490923226664926	0.252306245520667	1	0.129044875717251	-0.490923226664926	0.129044875717251	1
4130000	1	-0.297883174124589	-0.670392784607168	-0.297883174124589	1	0.249311180813032	-0.670392784607168	0.249311180813032	1
4140000	1	-0.383631725080459	-0.652824769425363	-0.383631725080459	1	0.0493511218346849	-0.652824769425363	0.0493511218346849	1
4150000	1	-0.259483266656048	-0.401618307895037	-0.259483266656048	1	0.092648044861898	-0.401618307895037	0.092648044861898	1
4160000	1	-0.104315803439662	-0.66551226778409	-0.104315803439662	1	-0.0534846301050708	-0.66551226778409	-0.0534846301050709	1
4170000	1	-0.00449033351595227	-0.770160287040996	-0.00449033351595226	1	0.0387585879875864	-0.770160287040996	0.0387585879875864	1
4180000	1	-0.311409193596595	-0.65247454744186	-0.311409193596595	1	0.211159027585077	-0.65247454744186	0.211159027585077	1
4190000	1	-0.0943533513410107	-0.455907500054609	-0.0943533513410107	1	0.141135244711265	-0.45590750005461	0.141135244711265	1
4200000	1	0.184229774841756	-0.443246820860413	0.184229774841756	1	-0.0181572260934766	-0.443246820860413	-0.0181572260934766	1
4210000	1	-0.334495920194701	-0.5000745641631	-0.334495920194701	1	0.106967575174334	-0.5000745641631	0.106967575174334	1
4220000	1	-0.464581983466157	-0.693586878221471	-0.464581983466157	1	0.374301044288165	-0.693586878221471	0.374301044288165	1
4230000	1	0.166538599555983	-0.66723035866771	0.166538599555983	1	0.0494341963664167	-0.66723035866771	0.0494341963664167	1
4240000	1	-0.199774397750801	-0.647302726691616	-0.199774397750801	1	0.252464435544346	-0.647302726691616	0.252464435544346	1
4250000	1	-0.153140775512427	-0.394505626770529	-0.153140775512427	1	0.0948029867870718	-0.394505626770529	0.0948029867870717	1
4260000	1	-0.169625527157389	-0.593258680173087	-0.169625527157389	1	0.0379450385030584	-0.593258680173087	0.0379450385030584	1
4270000	1	0.169789922750331	-0.477873604444247	0.169789922750331	1	0.174256731473728	-0.477873604444247	0.174256731473728	1
4280000	1	-0.288664848927664	-0.624212868003317	-0.288664848927664	1	0.216407903548178	-0.624212868003317	0.216407903548178	1
4290000	1	-0.00597293539265183	-0.618748289552424	-0.00597293539265181	1	-0.104398905176467	-0.618748289552424	-0.104398905176467	1
4300000	1	-0.190874189061001	-0.556846448998582	-0.190874189061001	1	0.202127291689627	-0.556846448998582	0.202127291689627	1
4310000	1	0.145038296882894	-0.604630052789012	0.145038296882894	1	0.212208054434855	-0.604630052789012	0.212208054434855	1
4320000	1	-0.183366525453016	-0.490128843949429	-0.183366525453016	1	0.160030822442801	-0.490128843949429	0.160030822442801	1
4330000	1	-0.0661123830958554	-0.51843692830838	-0.0661123830958554	1	0.211804534953856	-0.518436928308379	0.211804534953856	1
4340000	1	-0.315538720290115	-0.549395722685906	-0.315538720290115	1	0.0577247932547571	-0.549395722685906	0.0577247932547571	1
4350000	1	0.132986774786397	-0.636308354571614	0.132986774786397	1	0.198694083377952	-0.636308354571614	0.198694083377952	1
4360000	1	-0.371867116311715	-0.450682742044127	-0.371867116311714	1	0.183351893163241	-0.450682742044127	0.183351893163241	1
4370000	1	-0.366264022176946	-0.702256051970087	-0.366264022176946	1	0.166901758265502	-0.702256051970087	0.166901758265502	1
4380000	1	-0.234506028657143	-0.401387482782071	-0.234506028657143	1	0.0902977060314134	-0.401387482782071	0.0902977060314134	1
4390000	1	-0.182774058556049	-0.490809695459314	-0.182774058556049	1	0.115294125986808	-0.490809695459314	0.115294125986808	1
4400000	1	-0.262115229653377	-0.766668744249694	-0.262115229653377	1	0.0187510206740241	-0.766668744249694	0.0187510206740241	1
4410000	1	-0.341666454501776	-0.724098483668458	-0.341666454501776	1	0.153204624647788	-0.724098483668458	0.153204624647788	1
4420000	1	0.0668300660487019	-0.620668371639087	0.0668300660487019	1	-0.127339422768695	-0.620668371639087	-0.127339422768695	1
4430000	1	-0.0520077814050963	-0.52913834497417	-0.0520077814050963	1	0.219585242423264	-0.52913834497417	0.219585242423264	1
4440000	1	-0.114920849312033	-0.453947001272083	-0.114920849312033	1	0.204707700452639	-0.453947001272083	0.204707700452639	1
4450000	1	-0.0564126777653711	-0.701769673436635	-0.0564126777653711	1	0.0346268166201449	-0.701769673436635	0.0346268166201449	1
4460000	1	-0.0404030979483547	-0.524465623272357	-0.0404030979483547	1	0.15408116051544	-0.524465623272357	0.15408116051544	1
4470000	1	-0.218759032025692	-0.547791719990821	-0.218759032025692	1	0.153055166240213	-0.547791719990821	0.153055166240213	1
4480000	1	-0.435792261399647	-0.552370629914155	-0.435792261399647	1	0.126142439082137	-0.552370629914155	0.126142439082137	1
4490000	1	-0.0787000695612278	-0.583689220227483	-0.0787000695612278	1	0.0696304292348583	-0.583689220227483	0.0696304292348583	1
4500000	1	-0.234205365456456	-0.652295891093594	-0.234205365456456	1	0.0715151953801916	-0.652295891093594	0.0715151953801917	1
4510000	1	-0.345989330989112	-0.720502163438901	-0.345989330989112	1	0.324823186153507	-0.720502163438901	0.324823186153507	1
4520000	1	-0.00895304226676946	-0.409053907630261	-0.00895304226676945	1	0.237685086519449	-0.409053907630261	0.237685086519449	1
4530000	1	-0.238697309654821	-0.442896924233659	-0.238697309654821	1	0.0886346980281578	-0.442896924233659	0.0886346980281577	1
4540000	1	-0.163332563069999	-0.423466101278875	-0.163332563069999	1	0.00331800293483309	-0.423466101278875	0.00331800293483309	1
4550000	1	-0.098858833240236	-0.622231980432915	-0.098858833240236	1	-0.0191579906946194	-0.622231980432916	-0.0191579906946194	1
4560000	1	-0.228395006536893	-0.66640687038383	-0.228395006536893	1	0.0552502962142937	-0.66640687038383	0.0552502962142937	1
4570000	1	-0.325474129314996	-0.6279115189817	-0.325474129314995	1	0.0996172022992534	-0.6279115189817	0.0996172022992534	1
4580000	1	-0.323142672614178	-0.301558552339747	-0.323142672614178	1	-0.0657759860466905	-0.301558552339747	-0.0657759860466905	1
4590000	1	-0.172249549115169	-0.49152698465607	-0.172249549115169	1	-0.12354358590041	-0.49152698465607	-0.12354358590041	1
4600000	1	0.122790343691542	-0.558987642064734	0.122790343691542	1	-0.05847477311773	-0.558987642064734	-0.05847477311773	1
4610000	1	0.222920032665281	-0.686368150969888	0.222920032665281	1	-0.223651348244928	-0.686368150969888	-0.223651348244928	1
4620000	1	-0.237542063280022	-0.700820428691313	-0.237542063280022	1	-0.0891525975053083	-0.700820428691313	-0.0891525975053083	1
4630000	1	-0.0865873866854516	-0.680210760407565	-0.0865873866854516	1	0.231269966563536	-0.680210760407565	0.231269966563536	1
4640000	1	-0.166229233589109	-0.603252116303035	-0.166229233589109	1	0.149140316478383	-0.603252116303035	0.149140316478383	1
4650000	1	-0.324261675077134	-0.655992252842688	-0.324261675077134	1	0.17810945589249	-0.655992252842688	0.17810945589249	1
4660000	1	-0.149183372888509	-0.68334497204127	-0.14918337288851	1	0.240420286697939	-0.68334497204127	0.240420286697939	1
4670000	1	-0.277086668326023	-0.660549854908125	-0.277086668326023	1	0.557413471377925	-0.660549854908125	0.557413471377925	1
4680000	1	-0.0323761320387717	-0.347643803858284	-0.0323761320387717	1	-0.0538412660179894	-0.347643803858284	-0.0538412660179894	1
4690000	1	-0.124017893531208	-0.538728062308844	-0.124017893531208	1	0.2591523473301	-0.538728062308844	0.2591523473301	1
4700000	1	-0.168539477888835	-0.548738199474546	-0.168539477888835	1	0.0549500214177873	-0.548738199474546	0.0549500214177872	1
4710000	1	-0.250366390416981	-0.491327280110615	-0.250366390416981	1	0.0140711500834428	-0.491327280110615	0.0140711500834428	1
4720000	1	-0.322370189647788	-0.512764154906508	-0.322370189647788	1	0.0124930909865789	-0.512764154906508	0.0124930909865789	1
4730000	1	-0.202240678309477	-0.498346391049255	-0.202240678309477	1	0.366324850436913	-0.498346391049255	0.366324850436913	1
4740000	1	-0.287837902983016	-0.670333042269569	-0.287837902983016	1	0.171734430272862	-0.670333042269569	0.171734430272862	1
4750000	1	-0.261898832721193	-0.612153689995887	-0.261898832721193	1	-0.0620879607364225	-0.612153689995887	-0.0620879607364225	1
4760000	1	-0.0336717932670223	-0.783098873580357	-0.0336717932670222	1	0.17780505332849	-0.783098873580357	0.17780505332849	1
4770000	1	-0.185926271580714	-0.749801360918012	-0.185926271580714	1	0.0984048974150029	-0.749801360918012	0.0984048974150029	1
4780000	1	0.284843782327077	-0.215748457087061	0.284843782327077	1	0.295095617290928	-0.215748457087061	0.295095617290928	1
4790000	1	0.0407338985077884	-0.19726369917187	0.0407338985077884	1	0.316526603829058	-0.19726369917187	0.316526603829058	1
4800000	1	-0.0548022693206133	-0.603711840218996	-0.0548022693206133	1	0.0845376855034908	-0.603711840218996	0.0845376855034908	1
4810000	1	-0.327438161888413	-0.728893741857199	-0.327438161888413	1	0.21617343813621	-0.728893741857198	0.21617343813621	1
4820000	1	-0.419667550755888	-0.567897788728569	-0.419667550755888	1	0.287930675949472	-0.567897788728569	0.287930675949472	1
4830000	1	0.116143565983132	-0.519193843536091	0.116143565983132	1	0.0179228462881548	-0.519193843536091	0.0179228462881548	1
4840000	1	-0.132475244906771	-0.583632938533494	-0.132475244906771	1	0.0314103508109874	-0.583632938533494	0.0314103508109874	1
4850000	1	-0.281939981655905	-0.341336416382559	-0.281939981655905	1	0.231845550765522	-0.341336416382559	0.231845550765522	1
4860000	1	0.0669558663233639	-0.40552078744731	0.0669558663233639	1	-0.0177833579383854	-0.40552078744731	-0.0177833579383854	1
4870000	1	-0.353364474299828	-0.681896756277399	-0.353364474299828	1	0.117135676171101	-0.681896756277399	0.117135676171101	1
4880000	1	-0.148288526794598	-0.560918393472827	-0.148288526794598	1	0.169554542441787	-0.560918393472827	0.169554542441787	1
4890000	1	-0.00998571684374509	-0.55231989217814	-0.0099857168437451	1	-0.130594325075987	-0.55231989217814	-0.130594325075987	1
4900000	1	-0.130368855009617	-0.638514616908137	-0.130368855009617	1	0.13471172831777	-0.638514616908137	0.13471172831777	1
4910000	1	-0.366493373800408	-0.484994720125611	-0.366493373800408	1	0.170883539253343	-0.484994720125611	0.170883539253343	1
4920000	1	-0.317869869865891	-0.539839631723258	-0.317869869865891	1	0.090460062844751	-0.539839631723258	0.090460062844751	1
4930000	1	-0.234390337072719	-0.658922722889783	-0.234390337072719	1	0.0991116647833154	-0.658922722889783	0.0991116647833154	1
4940000	1	-0.321263914826491	-0.541840390842639	-0.321263914826491	1	0.187269387984292	-0.541840390842639	0.187269387984292	1
4950000	1	-0.221968976660862	-0.680979579660232	-0.221968976660862	1	0.39108908249507	-0.680979579660232	0.39108908249507	1
4960000	1	-0.208269921053363	-0.842838242032592	-0.208269921053363	1	0.0939272306646368	-0.842838242032592	0.0939272306646369	1
4970000	1	-0.146970897646731	-0.669476936581186	-0.146970897646731	1	0.273033166255762	-0.669476936581186	0.273033166255762	1
4980000	1	0.0808938945866941	-0.491170543630283	0.0808938945866941	1	0.204589731399846	-0.491170543630283	0.204589731399846	1
4990000	1	-0.331488047067918	-0.621450560928147	-0.331488047067918	1	0.37668631154206	-0.621450560928147	0.37668631154206	1
5e+06	1	0.0381144859733409	-0.561236774718785	0.0381144859733409	1	0.0985429111269533	-0.561236774718785	0.0985429111269533	1
5010000	1	-0.0662406016701918	-0.506574716106398	-0.0662406016701918	1	0.144997442621728	-0.506574716106398	0.144997442621728	1
5020000	1	-0.257265173834542	-0.606290025370759	-0.257265173834542	1	0.0361730007103577	-0.606290025370759	0.0361730007103577	1
5030000	1	-0.164209853054809	-0.524201746114964	-0.164209853054809	1	0.134331289936113	-0.524201746114964	0.134331289936113	1
5040000	1	-0.330618119517393	-0.736175161221697	-0.330618119517393	1	0.338455239334698	-0.736175161221697	0.338455239334698	1
5050000	1	-0.0986246395642287	-0.563586505257037	-0.0986246395642287	1	0.10066034156188	-0.563586505257037	0.10066034156188	1
5060000	1	0.173030221543293	-0.650180954585842	0.173030221543293	1	-0.0281897365876791	-0.650180954585842	-0.0281897365876791	1
5070000	1	-0.305881000439917	-0.629177867938152	-0.305881000439917	1	0.00761343002458335	-0.629177867938152	0.00761343002458336	1
5080000	1	-0.317998285466142	-0.624675534554713	-0.317998285466142	1	0.154770384157568	-0.624675534554713	0.154770384157568	1
5090000	1	-0.156529243219666	-0.407694366899045	-0.156529243219666	1	0.132507248996328	-0.407694366899045	0.132507248996328	1
5100000	1	-0.203119964460802	-0.579059285529481	-0.203119964460802	1	0.187572369812871	-0.579059285529481	0.187572369812871	1
5110000	1	-0.0250867532797122	-0.704436976706088	-0.0250867532797122	1	-0.162069490315734	-0.704436976706088	-0.162069490315734	1
5120000	1	-0.0615610817904749	-0.377139946093056	-0.0615610817904749	1	0.323928741590338	-0.377139946093056	0.323928741590338	1
5130000	1	-0.0229813651046286	-0.390725902558319	-0.0229813651046286	1	0.130227698708381	-0.390725902558319	0.130227698708381	1
5140000	1	-0.375876783655989	-0.670415062584775	-0.375876783655989	1	0.253223293038941	-0.670415062584775	0.253223293038941	1
5150000	1	-0.27195453509159	-0.788384364556081	-0.27195453509159	1	0.240636637056048	-0.788384364556081	0.240636637056048	1
5160000	1	0.0109547549723588	-0.674331084633055	0.0109547549723589	1	-0.0352418792566518	-0.674331084633055	-0.0352418792566518	1
5170000	1	-0.387753933580876	-0.467973505734822	-0.387753933580876	1	0.258219001201228	-0.467973505734822	0.258219001201228	1
5180000	1	-0.481062794400096	-0.341732673813414	-0.481062794400096	1	0.110983338088278	-0.341732673813414	0.110983338088278	1
5190000	1	0.000492729748831275	-0.798535962889986	0.000492729748831276	1	0.0385802086165026	-0.798535962889986	0.0385802086165026	1
5200000	1	-0.442740653693343	-0.679116801262275	-0.442740653693343	1	0.169883231221979	-0.679116801262275	0.169883231221979	1
5210000	1	-0.0371612578256766	-0.744796667787614	-0.0371612578256766	1	0.0875788214540027	-0.744796667787613	0.0875788214540027	1
5220000	1	-0.319980724603535	-0.514033328811907	-0.319980724603535	1	0.236359079785655	-0.514033328811907	0.236359079785655	1
5230000	1	-0.349671592550217	-0.60771768280514	-0.349671592550217	1	0.197173250730632	-0.60771768280514	0.197173250730632	1
5240000	1	-0.269102357135068	-0.461366066645273	-0.269102357135068	1	0.315072970588644	-0.461366066645273	0.315072970588644	1
5250000	1	-0.400108906191009	-0.63515153507019	-0.400108906191009	1	0.181726212103654	-0.63515153507019	0.181726212103654	1
5260000	1	-0.392704405975378	-0.743638156583875	-0.392704405975378	1	0.259689792617301	-0.743638156583875	0.259689792617301	1
5270000	1	-0.348457347981586	-0.734575515854744	-0.348457347981586	1	0.190164915380804	-0.734575515854744	0.190164915380804	1
5280000	1	-0.108940866536629	-0.668433219928482	-0.108940866536629	1	0.335272506491298	-0.668433219928481	0.335272506491298	1
5290000	1	-0.330423546376434	-0.466703916122967	-0.330423546376434	1	-0.116521933660507	-0.466703916122967	-0.116521933660507	1
5300000	1	-0.136010934947524	-0.714518377871773	-0.136010934947524	1	0.129806074965921	-0.714518377871773	0.129806074965921	1
5310000	1	0.159691106485849	-0.711217929255492	0.159691106485849	1	-0.0105953364291678	-0.711217929255492	-0.0105953364291679	1
5320000	1	-0.332215933582991	-0.579000828808225	-0.332215933582991	1	0.0561758717845597	-0.579000828808225	0.0561758717845597	1
5330000	1	-0.0707780703338122	-0.561878269534101	-0.0707780703338123	1	0.239766563223339	-0.561878269534101	0.239766563223339	1
5340000	1	-0.208938656680358	-0.710084828147011	-0.208938656680358	1	0.25157462361203	-0.710084828147011	0.25157462361203	1
5350000	1	-0.000665369402205896	-0.551034534700113	-0.00066536940220589	1	0.121291489400535	-0.551034534700113	0.121291489400535	1
5360000	1	-0.0769733436760905	-0.510113962492691	-0.0769733436760905	1	0.10849312214827	-0.510113962492691	0.10849312214827	1
5370000	1	-0.150022574520894	-0.61402631993083	-0.150022574520894	1	0.0751082942061672	-0.61402631993083	0.0751082942061672	1
5380000	1	-0.285884573091749	-0.539005391075703	-0.285884573091749	1	0.072155699151163	-0.539005391075703	0.0721556991511631	1
5390000	1	-0.433126919150364	-0.722449750873709	-0.433126919150364	1	0.316833554032515	-0.722449750873709	0.316833554032515	1
5400000	1	-0.00509721585557209	-0.642321466188349	-0.00509721585557209	1	0.102633181665408	-0.642321466188349	0.102633181665408	1
5410000	1	-0.402106354755396	-0.598511159719612	-0.402106354755396	1	0.125605686438577	-0.598511159719612	0.125605686438577	1
5420000	1	-0.0825325756687278	-0.765009814767487	-0.0825325756687278	1	0.0564178529545543	-0.765009814767487	0.0564178529545543	1
5430000	1	-0.0710517773192514	-0.45455458112833	-0.0710517773192514	1	0.119433805725753	-0.45455458112833	0.119433805725753	1
5440000	1	-0.256634308635459	-0.695342782470947	-0.256634308635459	1	0.130547382933387	-0.695342782470947	0.130547382933387	1
5450000	1	0.24556806566777	-0.605583209386403	0.24556806566777	1	-0.23168316037055	-0.605583209386403	-0.23168316037055	1
5460000	1	-0.189258348854031	-0.623918568233674	-0.189258348854031	1	0.256544652082643	-0.623918568233674	0.256544652082643	1
5470000	1	0.148762118631902	-0.643868806006942	0.148762118631902	1	0.139912153069656	-0.643868806006942	0.139912153069656	1
5480000	1	-0.296926977697351	-0.519021111870369	-0.296926977697351	1	0.247106138655096	-0.519021111870369	0.247106138655096	1
5490000	1	-0.367532892648462	-0.435815161322446	-0.367532892648462	1	0.07547042866992	-0.435815161322446	0.07547042866992	1
5500000	1	-0.360592069303438	-0.552600967533399	-0.360592069303438	1	0.178748261918255	-0.552600967533399	0.178748261918255	1
5510000	1	-0.227291665418364	-0.678048018027947	-0.227291665418364	1	0.097406108430871	-0.678048018027947	0.097406108430871	1
5520000	1	-0.0203933716420328	-0.7972412441128	-0.0203933716420328	1	0.0706857091675383	-0.7972412441128	0.0706857091675383	1
5530000	1	-0.0811399188277007	-0.590704150382345	-0.0811399188277006	1	-0.172284454410926	-0.590704150382345	-0.172284454410926	1
5540000	1	0.0445752667020359	-0.416700315799569	0.0445752667020359	1	-0.0204601355048247	-0.416700315799569	-0.0204601355048247	1
5550000	1	-0.0261042540692296	-0.508150917822197	-0.0261042540692297	1	0.119220383621931	-0.508150917822197	0.119220383621931	1
5560000	1	-0.0796280016189772	-0.606516151731149	-0.0796280016189771	1	0.115228610638591	-0.606516151731148	0.115228610638591	1
5570000	1	-0.0782423209633513	-0.6429811081213	-0.0782423209633513	1	-0.0461390782632649	-0.6429811081213	-0.0461390782632649	1
5580000	1	-0.0616711464143047	-0.637112664026934	-0.0616711464143047	1	-0.125996562051099	-0.637112664026934	-0.125996562051099	1
5590000	1	-0.274226481838529	-0.786001222403027	-0.274226481838529	1	0.177414677387984	-0.786001222403027	0.177414677387984	1
5600000	1	0.000776276858670057	-0.52654994670124	0.000776276858670074	1	0.162892795108277	-0.52654994670124	0.162892795108277	1
5610000	1	-0.123735964597399	-0.496834753551314	-0.123735964597399	1	0.0907962845898838	-0.496834753551314	0.0907962845898838	1
5620000	1	-0.446500563246847	-0.6117165323949	-0.446500563246847	1	0.192308884268155	-0.6117165323949	0.192308884268155	1
5630000	1	-0.472823978704883	-0.443507387839137	-0.472823978704883	1	0.293658385993737	-0.443507387839137	0.293658385993737	1
5640000	1	-0.115069735339041	-0.641905421578827	-0.115069735339041	1	0.161065047922876	-0.641905421578827	0.161065047922876	1
5650000	1	0.317243728243851	-0.338045482603234	0.317243728243851	1	0.363073667333562	-0.338045482603234	0.363073667333562	1
5660000	1	-0.27135807711402	-0.588714321723741	-0.27135807711402	1	0.0898549167235563	-0.588714321723741	0.0898549167235563	1
5670000	1	-0.20088482515034	-0.755842497181218	-0.20088482515034	1	0.139075353832818	-0.755842497181218	0.139075353832818	1
5680000	1	0.108993540689284	-0.511194280373743	0.108993540689284	1	0.348691167780745	-0.511194280373743	0.348691167780745	1
5690000	1	-0.0133363877642901	-0.598372664314904	-0.01333638776429	1	0.220535037903195	-0.598372664314904	0.220535037903195	1
5700000	1	0.0628234749980798	-0.437835179186009	0.0628234749980798	1	0.0948996378958935	-0.437835179186009	0.0948996378958935	1
5710000	1	-0.53692300512887	-0.658237197248754	-0.53692300512887	1	0.033253807286423	-0.658237197248754	0.033253807286423	1
5720000	1	-0.226088914756842	-0.613246406768544	-0.226088914756842	1	0.0773888736154751	-0.613246406768544	0.0773888736154752	1
5730000	1	-0.0521060991919216	-0.622336397213513	-0.0521060991919216	1	0.102481328758931	-0.622336397213513	0.102481328758931	1
5740000	1	-0.465044983323724	-0.399652065492489	-0.465044983323724	1	0.116695403489692	-0.399652065492489	0.116695403489692	1
5750000	1	-0.197559783809841	-0.431456902149967	-0.197559783809841	1	0.119153838612602	-0.431456902149966	0.119153838612602	1
5760000	1	-0.187742716173775	-0.63856219010137	-0.187742716173775	1	0.156796962620829	-0.63856219010137	0.156796962620829	1
5770000	1	0.203385576922107	-0.537172311569858	0.203385576922107	1	0.119254749625676	-0.537172311569858	0.119254749625675	1
5780000	1	-0.145611836740129	-0.612955737723183	-0.145611836740129	1	0.170528810831275	-0.612955737723183	0.170528810831275	1
5790000	1	-0.46763194505127	-0.741852929804244	-0.46763194505127	1	0.233628715698843	-0.741852929804244	0.233628715698843	1
5800000	1	-0.123828739613306	-0.43881900719696	-0.123828739613306	1	-0.0756786897933967	-0.43881900719696	-0.0756786897933967	1
5810000	1	-0.401213985862324	-0.720983074215171	-0.401213985862324	1	0.176893634179046	-0.720983074215171	0.176893634179046	1
5820000	1	-0.102386183026729	-0.802184892119946	-0.102386183026729	1	0.03211405506085	-0.802184892119946	0.03211405506085	1
5830000	1	-0.120744656982709	-0.730437292891914	-0.120744656982709	1	0.142317194830622	-0.730437292891914	0.142317194830622	1
5840000	1	-0.289825187268221	-0.69007142810521	-0.28982518726822	1	0.0742238807685147	-0.69007142810521	0.0742238807685147	1
5850000	1	-0.398056510012386	-0.577871299630923	-0.398056510012386	1	0.191489467125028	-0.577871299630923	0.191489467125028	1
5860000	1	-0.157128414183839	-0.763751939506968	-0.157128414183839	1	0.352402960340331	-0.763751939506968	0.352402960340331	1
5870000	1	-0.389539058264904	-0.574735500832811	-0.389539058264904	1	0.16902423115816	-0.574735500832811	0.16902423115816	1
5880000	1	-0.0598039939279771	-0.642571466348366	-0.0598039939279771	1	0.00295786513471862	-0.642571466348366	0.00295786513471862	1
5890000	1	0.0869652831839627	-0.467822028309344	0.0869652831839627	1	0.124284531016363	-0.467822028309344	0.124284531016363	1
5900000	1	0.124967919012946	-0.56869984768356	0.124967919012946	1	0.0507318013149445	-0.56869984768356	0.0507318013149445	1
5910000	1	-0.0880339336576558	-0.667000521508765	-0.0880339336576558	1	0.0734599582679746	-0.667000521508765	0.0734599582679746	1
5920000	1	-0.2503289274341	-0.599603621866854	-0.2503289274341	1	0.345531833308428	-0.599603621866854	0.345531833308428	1
5930000	1	0.300884561162246	-0.654169880044591	0.300884561162246	1	-0.0745101456074894	-0.654169880044591	-0.0745101456074894	1
5940000	1	0.0200236167305454	-0.63210849358723	0.0200236167305454	1	0.358179240674972	-0.63210849358723	0.358179240674972	1
5950000	1	-0.0953467474929302	-0.721172279528082	-0.0953467474929302	1	0.0347116039351002	-0.721172279528082	0.0347116039351002	1
5960000	1	-0.0523292955046441	-0.310287036545248	-0.0523292955046441	1	0.154407462658424	-0.310287036545248	0.154407462658424	1
5970000	1	-0.296968241847533	-0.443825770784452	-0.296968241847533	1	0.12192567314954	-0.443825770784452	0.12192567314954	1
5980000	1	0.0694756643026306	-0.694098548849164	0.0694756643026306	1	0.0445598915565631	-0.694098548849164	0.0445598915565631	1
5990000	1	-0.312173547231564	-0.709036586451776	-0.312173547231564	1	0.172809269800326	-0.709036586451776	0.172809269800326	1
6e+06	1	-0.369355789922163	-0.621980745121942	-0.369355789922163	1	0.269031039725027	-0.621980745121941	0.269031039725027	1
6010000	1	-0.0480130448480013	-0.74544488354381	-0.0480130448480013	1	0.0178434325359676	-0.74544488354381	0.0178434325359676	1
6020000	1	0.00838967411291259	-0.671692583995003	0.00838967411291258	1	0.0840013380575148	-0.671692583995003	0.0840013380575148	1
6030000	1	-0.292718744580224	-0.738242892361047	-0.292718744580224	1	0.1671626531605	-0.738242892361047	0.1671626531605	1
6040000	1	-0.130306615263071	-0.70933312187722	-0.130306615263071	1	0.272290567264596	-0.70933312187722	0.272290567264596	1
6050000	1	-0.181994108457712	-0.603989107804157	-0.181994108457712	1	-0.0339980560192342	-0.603989107804157	-0.0339980560192342	1
6060000	1	-0.294627946176822	-0.649323734877134	-0.294627946176822	1	0.0659844231672248	-0.649323734877134	0.0659844231672248	1
6070000	1	-0.215135912685287	-0.667171088859046	-0.215135912685287	1	-0.108627838093531	-0.667171088859045	-0.108627838093531	1
6080000	1	-0.0577526819687445	-0.42298311278287	-0.0577526819687445	1	0.15842573878921	-0.42298311278287	0.15842573878921	1
6090000	1	-0.138211246116446	-0.695814421687927	-0.138211246116446	1	0.184672857951124	-0.695814421687927	0.184672857951124	1
6100000	1	0.110078595934808	-0.438157291858777	0.110078595934808	1	0.181358691997133	-0.438157291858777	0.181358691997133	1
6110000	1	-0.0499975473721589	-0.595566176370727	-0.0499975473721589	1	0.100777200632072	-0.595566176370727	0.100777200632072	1
6120000	1	-0.366382075045651	-0.602769265732151	-0.366382075045651	1	0.193099162134819	-0.602769265732151	0.193099162134819	1
6130000	1	-0.228095831191415	-0.740886945666946	-0.228095831191415	1	0.1928723319443	-0.740886945666946	0.1928723319443	1
6140000	1	-0.380565720154198	-0.633968635342955	-0.380565720154198	1	0.203745800277637	-0.633968635342955	0.203745800277637	1
6150000	1	-0.105938463162371	-0.687200598938685	-0.105938463162371	1	0.108624335132873	-0.687200598938685	0.108624335132873	1
6160000	1	-0.293245680225255	-0.495965784059438	-0.293245680225255	1	0.18088612259661	-0.495965784059438	0.18088612259661	1
6170000	1	-0.221446564808902	-0.778004056369399	-0.221446564808902	1	0.126348998085799	-0.778004056369399	0.126348998085799	1
6180000	1	0.392076981951989	-0.603795607623505	0.392076981951989	1	-0.109871118156926	-0.603795607623505	-0.109871118156926	1
6190000	1	-0.468059443857025	-0.67374969231886	-0.468059443857025	1	0.211312954662326	-0.67374969231886	0.211312954662326	1
6200000	1	-0.447200462203703	-0.541772265875308	-0.447200462203703	1	0.176207786734865	-0.541772265875308	0.176207786734865	1
6210000	1	-0.192427080430049	-0.550655956400975	-0.192427080430049	1	0.245338748540353	-0.550655956400975	0.245338748540353	1
6220000	1	0.0572843300110063	-0.345123328362941	0.0572843300110063	1	0.302933085064003	-0.345123328362941	0.302933085064003	1
6230000	1	0.156035757700028	-0.629902376749329	0.156035757700027	1	0.0204404961925245	-0.629902376749329	0.0204404961925245	1
6240000	1	-0.238289811228937	-0.721175371012651	-0.238289811228937	1	0.314282951797846	-0.721175371012651	0.314282951797846	1
6250000	1	0.446688642205604	-0.562223901730618	0.446688642205604	1	-0.171097001374078	-0.562223901730618	-0.171097001374078	1
6260000	1	-0.536120518232999	-0.361813959005635	-0.536120518232999	1	0.0759581754661693	-0.361813959005635	0.0759581754661693	1
6270000	1	-0.177095272643565	-0.651606267724338	-0.177095272643565	1	0.0969699371526362	-0.651606267724338	0.0969699371526362	1
6280000	1	-0.138437784479869	-0.680430430089607	-0.138437784479869	1	0.227376881956761	-0.680430430089607	0.227376881956761	1
6290000	1	-0.33946614223979	-0.679227967892654	-0.33946614223979	1	0.18274972261161	-0.679227967892654	0.18274972261161	1
6300000	1	-0.0490185055001024	-0.770285901335657	-0.0490185055001025	1	0.0632100901875343	-0.770285901335656	0.0632100901875343	1
6310000	1	-0.268195281301038	-0.647708862712716	-0.268195281301038	1	0.112831486390415	-0.647708862712716	0.112831486390415	1
6320000	1	0.0790749949521013	-0.607616467454307	0.0790749949521013	1	0.137761194773163	-0.607616467454308	0.137761194773163	1
6330000	1	-0.174869023588074	-0.513881621621986	-0.174869023588074	1	0.239345037214802	-0.513881621621986	0.239345037214802	1
6340000	1	-0.461860435925878	-0.584806543914598	-0.461860435925878	1	0.205961772483541	-0.584806543914597	0.205961772483541	1
6350000	1	-0.426946748219776	-0.837018173861518	-0.426946748219777	1	0.190912376832285	-0.837018173861518	0.190912376832285	1
6360000	1	-0.210431513932938	-0.637697700405313	-0.210431513932938	1	0.1684818424124	-0.637697700405313	0.1684818424124	1
6370000	1	0.0711809692037995	-0.643572322213662	0.0711809692037994	1	-0.131251911966914	-0.643572322213662	-0.131251911966914	1
6380000	1	0.0856918498400426	-0.637983351178888	0.0856918498400426	1	0.0615317654946157	-0.637983351178888	0.0615317654946157	1
6390000	1	-0.294524859761678	-0.659731530509252	-0.294524859761678	1	0.0514170710525056	-0.659731530509252	0.0514170710525056	1
6400000	1	0.0958681116876539	-0.450127382985056	0.0958681116876539	1	0.0814056424374451	-0.450127382985056	0.0814056424374451	1
6410000	1	-0.103349520207083	-0.496963433834699	-0.103349520207083	1	0.176133540202394	-0.496963433834699	0.176133540202394	1
6420000	1	0.0666576416145003	-0.562652099370002	0.0666576416145003	1	0.122741147080506	-0.562652099370002	0.122741147080506	1
6430000	1	-0.250703600757413	-0.747040283684923	-0.250703600757413	1	0.427829649945017	-0.747040283684923	0.427829649945017	1
6440000	1	-0.101454401803211	-0.653548780259159	-0.101454401803211	1	0.0342587234784077	-0.653548780259159	0.0342587234784077	1
6450000	1	-0.406057222046728	-0.593427653983393	-0.406057222046728	1	0.246025853468625	-0.593427653983393	0.246025853468625	1
6460000	1	-0.213075352507047	-0.628356407664176	-0.213075352507047	1	0.268763157864199	-0.628356407664176	0.2687631578642	1
6470000	1	-0.196974793795043	-0.674977148391204	-0.196974793795043	1	0.034796265897204	-0.674977148391204	0.034796265897204	1
6480000	1	0.156314155781667	-0.404542286574643	0.156314155781667	1	0.096319144922812	-0.404542286574643	0.0963191449228119	1
6490000	1	-0.377060768430671	-0.514854797262734	-0.377060768430671	1	0.154823567919518	-0.514854797262734	0.154823567919518	1
6500000	1	-0.180525209487603	-0.617668737615332	-0.180525209487603	1	0.177042696364046	-0.617668737615332	0.177042696364046	1
6510000	1	-0.390255484127423	-0.76887822658836	-0.390255484127423	1	0.196161322745686	-0.76887822658836	0.196161322745685	1
6520000	1	-0.138479303918348	-0.538379892072073	-0.138479303918348	1	0.212980368845607	-0.538379892072073	0.212980368845607	1
6530000	1	-0.147960499807974	-0.609449389623248	-0.147960499807974	1	0.237567389937602	-0.609449389623248	0.237567389937602	1
6540000	1	-0.290292505190818	-0.679882781023544	-0.290292505190818	1	0.195235973252316	-0.679882781023544	0.195235973252316	1
6550000	1	-0.334036918838961	-0.575769157335178	-0.334036918838961	1	0.22272335868716	-0.575769157335178	0.22272335868716	1
6560000	1	-0.0437247772550581	-0.438719131728499	-0.0437247772550581	1	0.0493475375784852	-0.438719131728499	0.0493475375784852	1
6570000	1	-0.270957343963261	-0.598250930568282	-0.270957343963261	1	0.0487096068916877	-0.598250930568282	0.0487096068916877	1
6580000	1	-0.135888338287866	-0.575586996897603	-0.135888338287866	1	0.146227441774404	-0.575586996897604	0.146227441774404	1
6590000	1	-0.397639475397172	-0.691946661678025	-0.397639475397172	1	0.236639852288889	-0.691946661678025	0.236639852288889	1
6600000	1	-0.109291766835483	-0.533105986059525	-0.109291766835483	1	0.308634351778726	-0.533105986059525	0.308634351778726	1
6610000	1	-0.398207406318055	-0.581862495116569	-0.398207406318055	1	0.341732597131332	-0.581862495116569	0.341732597131332	1
6620000	1	-0.179057119557804	-0.668049717594656	-0.179057119557804	1	0.127485649687902	-0.668049717594656	0.127485649687902	1
6630000	1	-0.186622766104742	-0.705923795510195	-0.186622766104742	1	0.130151867232526	-0.705923795510195	0.130151867232526	1
6640000	1	-0.2615769271488	-0.487818929331757	-0.2615769271488	1	0.0994756642225927	-0.487818929331757	0.0994756642225927	1
6650000	1	-0.161355581765026	-0.363848104200437	-0.161355581765026	1	0.0497835806083651	-0.363848104200437	0.0497835806083651	1
6660000	1	-0.130447017861175	-0.678932879131475	-0.130447017861175	1	0.0447102058566912	-0.678932879131475	0.0447102058566912	1
6670000	1	0.0499392822670966	-0.630690458885838	0.0499392822670966	1	0.305222542094553	-0.630690458885838	0.305222542094553	1
6680000	1	-0.261003540705902	-0.516908459294354	-0.261003540705902	1	0.218311359701799	-0.516908459294354	0.218311359701799	1
6690000	1	-0.158141629210996	-0.682978555000019	-0.158141629210996	1	0.127402199531207	-0.682978555000019	0.127402199531207	1
6700000	1	-0.516918843079147	-0.490318549059273	-0.516918843079147	1	0.2198506187384	-0.490318549059273	0.2198506187384	1
6710000	1	-0.294778999326251	-0.329347933669799	-0.294778999326251	1	0.26960778952164	-0.329347933669799	0.26960778952164	1
6720000	1	-0.216226522533771	-0.732200622711974	-0.216226522533771	1	0.283537450938056	-0.732200622711974	0.283537450938056	1
6730000	1	-0.0279500120144987	-0.528833814999845	-0.0279500120144988	1	0.164272774474778	-0.528833814999845	0.164272774474778	1
6740000	1	-0.176659624064813	-0.570433213176028	-0.176659624064813	1	0.163805054718481	-0.570433213176028	0.163805054718481	1
6750000	1	-0.0954424265280472	-0.609519749949857	-0.0954424265280472	1	0.0286681325267084	-0.609519749949857	0.0286681325267084	1
6760000	1	-0.192101056150685	-0.610445273105649	-0.192101056150685	1	0.00279158538313143	-0.610445273105649	0.00279158538313142	1
6770000	1	0.126645462813298	-0.532023394334198	0.126645462813298	1	0.100983572934152	-0.532023394334197	0.100983572934152	1
6780000	1	-0.0891710034358673	-0.39626561651064	-0.0891710034358673	1	-0.042632477332372	-0.39626561651064	-0.042632477332372	1
6790000	1	-0.240010752466752	-0.763491115096251	-0.240010752466752	1	0.332102608183198	-0.763491115096251	0.332102608183198	1
6800000	1	0.0155427558387367	-0.617608559709083	0.0155427558387367	1	0.0207717797764547	-0.617608559709083	0.0207717797764547	1
6810000	1	0.152366271290415	-0.64413962442321	0.152366271290415	1	-0.0746502861684653	-0.64413962442321	-0.0746502861684653	1
6820000	1	-0.403271595511376	-0.685620091620169	-0.403271595511376	1	0.312693381428498	-0.685620091620169	0.312693381428498	1
6830000	1	-0.166051262375862	-0.505096335638772	-0.166051262375862	1	0.157370012194722	-0.505096335638772	0.157370012194722	1
6840000	1	-0.262041654997778	-0.614981752684972	-0.262041654997778	1	0.279943312659072	-0.614981752684972	0.279943312659072	1
6850000	1	0.0778570222882977	-0.583464727610008	0.0778570222882977	1	0.159807023529681	-0.583464727610008	0.159807023529681	1
6860000	1	-0.321524780348409	-0.574398911283941	-0.321524780348409	1	0.292158321878787	-0.574398911283941	0.292158321878787	1
6870000	1	-0.092608980807872	-0.727749706959587	-0.092608980807872	1	0.120645737159106	-0.727749706959587	0.120645737159106	1
6880000	1	-0.183025573997095	-0.662423447325112	-0.183025573997095	1	0.132449766462545	-0.662423447325112	0.132449766462545	1
6890000	1	-0.0760361216101071	-0.584973603036686	-0.0760361216101071	1	-0.0622964500514385	-0.584973603036686	-0.0622964500514385	1
6900000	1	-0.264561454551866	-0.560439298981594	-0.264561454551866	1	0.425886366361231	-0.560439298981594	0.425886366361231	1
6910000	1	-0.280593179774302	-0.595718141415823	-0.280593179774302	1	-0.0243222969834868	-0.595718141415823	-0.0243222969834868	1
6920000	1	-0.121230655772091	-0.443475743770967	-0.121230655772091	1	0.189036937799763	-0.443475743770967	0.189036937799763	1
6930000	1	-0.435178836220255	-0.739522011012569	-0.435178836220255	1	0.28561487705711	-0.739522011012569	0.28561487705711	1
6940000	1	0.0361082898272552	-0.712426627755418	0.0361082898272552	1	-0.01835676008881	-0.712426627755418	-0.01835676008881	1
6950000	1	-0.0403077931563486	-0.526908687415426	-0.0403077931563486	1	0.10046380956064	-0.526908687415426	0.10046380956064	1
6960000	1	-0.33087188077882	-0.675814391662259	-0.33087188077882	1	0.293697229927036	-0.675814391662259	0.293697229927036	1
6970000	1	0.0446722161151606	-0.194153698455216	0.0446722161151606	1	0.074403687475137	-0.194153698455216	0.074403687475137	1
6980000	1	-0.24254714630897	-0.275081015082431	-0.24254714630897	1	0.2316838487514	-0.275081015082431	0.2316838487514	1
6990000	1	-0.275354799147819	-0.805837435731882	-0.275354799147819	1	0.144961170179015	-0.805837435731882	0.144961170179015	1
7e+06	1	0.0513656661035241	-0.595171729667824	0.0513656661035241	1	0.0934532746833677	-0.595171729667824	0.0934532746833677	1
7010000	1	-0.130657539676415	-0.363469650048401	-0.130657539676415	1	0.160069162610379	-0.363469650048401	0.160069162610379	1
7020000	1	-0.249205908895864	-0.755481901237498	-0.249205908895864	1	0.148505158252962	-0.755481901237498	0.148505158252962	1
7030000	1	-0.085042563497671	-0.340092419091455	-0.085042563497671	1	0.290570162692147	-0.340092419091455	0.290570162692147	1
7040000	1	0.0198178042604855	-0.707397986699952	0.0198178042604855	1	0.0382800072863895	-0.707397986699952	0.0382800072863895	1
7050000	1	0.088267052002272	-0.604975020404327	0.088267052002272	1	-0.0400394739443568	-0.604975020404327	-0.0400394739443568	1
7060000	1	-0.132600061343566	-0.588010808740764	-0.132600061343566	1	0.205449909084017	-0.588010808740764	0.205449909084017	1
7070000	1	-0.194860600639914	-0.666312555455318	-0.194860600639914	1	0.109939033110205	-0.666312555455318	0.109939033110205	1
7080000	1	0.209804308513756	-0.623968307949018	0.209804308513756	1	0.0389584842800437	-0.623968307949018	0.0389584842800437	1
7090000	1	-0.20424713321186	-0.572198834026472	-0.20424713321186	1	0.233186601722128	-0.572198834026472	0.233186601722128	1
7100000	1	-0.502349193857547	-0.596568610655924	-0.502349193857547	1	0.0214159874075516	-0.596568610655924	0.0214159874075516	1
7110000	1	-0.125826887452626	-0.473281214345141	-0.125826887452626	1	0.192868692348535	-0.473281214345141	0.192868692348535	1
7120000	1	-0.245272237045389	-0.716897855519462	-0.245272237045389	1	0.072655670671771	-0.716897855519462	0.0726556706717711	1
7130000	1	-0.0818836838433783	-0.755972844414839	-0.0818836838433783	1	0.00683860993107957	-0.755972844414839	0.00683860993107959	1
7140000	1	-0.142309802717197	-0.510842875375242	-0.142309802717197	1	0.088940271419942	-0.510842875375242	0.088940271419942	1
7150000	1	-0.126848076019496	-0.70906785070159	-0.126848076019496	1	0.0814064608868866	-0.70906785070159	0.0814064608868866	1
7160000	1	-0.120303646274337	-0.525151203683854	-0.120303646274337	1	0.133626370195357	-0.525151203683854	0.133626370195357	1
7170000	1	-0.389921907559664	-0.703589432087178	-0.389921907559664	1	0.31820105221731	-0.703589432087178	0.31820105221731	1
7180000	1	-0.265013746656088	-0.307546565117539	-0.265013746656088	1	0.203692373597504	-0.307546565117539	0.203692373597504	1
7190000	1	-0.0769962642787633	-0.68809116501596	-0.0769962642787632	1	0.117638141349175	-0.68809116501596	0.117638141349175	1
7200000	1	-0.245719602321131	-0.690223917523496	-0.245719602321131	1	0.0599414250372919	-0.690223917523496	0.0599414250372918	1
7210000	1	-0.153275045979066	-0.391116251348711	-0.153275045979066	1	0.0776338644331973	-0.391116251348711	0.0776338644331973	1
7220000	1	-0.515904552422992	-0.58825600717594	-0.515904552422992	1	0.17673800243722	-0.58825600717594	0.17673800243722	1
7230000	1	0.0911250412466463	-0.661017056464392	0.0911250412466464	1	0.277062319773825	-0.661017056464392	0.277062319773825	1
7240000	1	-0.269860313849328	-0.615156776855944	-0.269860313849328	1	0.372684113659956	-0.615156776855944	0.372684113659956	1
7250000	1	-0.26695392670863	-0.678202633059096	-0.26695392670863	1	0.115694673235202	-0.678202633059096	0.115694673235202	1
7260000	1	0.0540926752242326	-0.546960225604048	0.0540926752242326	1	0.150389063278649	-0.546960225604048	0.150389063278649	1
7270000	1	-0.0523607077945743	-0.419113296357641	-0.0523607077945743	1	0.0782270481275444	-0.419113296357641	0.0782270481275444	1
7280000	1	-0.0759529070881475	-0.651662846610824	-0.0759529070881475	1	0.219373001248863	-0.651662846610824	0.219373001248863	1
7290000	1	-0.070253340352865	-0.67987023751024	-0.070253340352865	1	-0.102423248186038	-0.679870237510241	-0.102423248186038	1
7300000	1	-0.315704869594296	-0.420402784471462	-0.315704869594296	1	0.223002612698603	-0.420402784471462	0.223002612698603	1
7310000	1	-0.239987457273628	-0.778800744518072	-0.239987457273628	1	0.0767555686992194	-0.778800744518072	0.0767555686992193	1
7320000	1	0.116370250081726	-0.635468115834023	0.116370250081726	1	-0.164306618051266	-0.635468115834023	-0.164306618051266	1
7330000	1	-0.299739587408057	-0.552557697736346	-0.299739587408057	1	0.330040628397961	-0.552557697736346	0.330040628397961	1
7340000	1	-0.00630811919851949	-0.215136451021622	-0.0063081191985195	1	0.166798117827171	-0.215136451021622	0.166798117827171	1
7350000	1	-0.377696628446724	-0.423723136582184	-0.377696628446724	1	0.0759860701704961	-0.423723136582185	0.0759860701704961	1
7360000	1	0.153451237051973	-0.589564710698869	0.153451237051973	1	0.133382596286621	-0.589564710698869	0.133382596286621	1
7370000	1	0.0306104536890749	-0.725649819747754	0.0306104536890749	1	0.0196574825353868	-0.725649819747754	0.0196574825353868	1
7380000	1	0.0304147222336449	-0.553546960202083	0.0304147222336449	1	0.150129510935849	-0.553546960202083	0.150129510935849	1
7390000	1	0.0857665967063223	-0.558414265408962	0.0857665967063223	1	0.115397471803425	-0.558414265408962	0.115397471803425	1
7400000	1	-0.077779489935568	-0.765368840469556	-0.077779489935568	1	0.165003619426706	-0.765368840469556	0.165003619426706	1
7410000	1	-0.232969176444513	-0.47393531226498	-0.232969176444513	1	0.148776091493865	-0.47393531226498	0.148776091493865	1
7420000	1	-0.022606909526765	-0.588836225846732	-0.022606909526765	1	0.173645412387429	-0.588836225846732	0.173645412387429	1
7430000	1	-0.312879629391616	-0.46201940390559	-0.312879629391616	1	0.140147580461275	-0.46201940390559	0.140147580461275	1
7440000	1	0.178293319739599	-0.594289929026995	0.178293319739599	1	0.0222024247738206	-0.594289929026995	0.0222024247738206	1
7450000	1	-0.482393467361025	-0.766563218335479	-0.482393467361025	1	0.221124990057673	-0.76656321833548	0.221124990057673	1
7460000	1	-0.577209270772957	-0.636327819605757	-0.577209270772957	1	0.226799129066228	-0.636327819605757	0.226799129066228	1
7470000	1	-0.173689976152922	-0.682814328713177	-0.173689976152922	1	-0.0370365363532691	-0.682814328713177	-0.0370365363532691	1
7480000	1	-0.187657747667324	-0.615154931660084	-0.187657747667324	1	0.186321836864287	-0.615154931660084	0.186321836864287	1
7490000	1	-0.153567350258348	-0.788526900775398	-0.153567350258348	1	0.195104981416326	-0.788526900775398	0.195104981416326	1
7500000	1	0.0233950716170614	-0.482928456020373	0.0233950716170614	1	0.0395763991057691	-0.482928456020373	0.0395763991057692	1
7510000	1	-0.0917608156144983	-0.575938383918029	-0.0917608156144983	1	0.219931870342195	-0.575938383918029	0.219931870342195	1
7520000	1	0.14105777086451	-0.608226693760068	0.14105777086451	1	-0.0288169055374062	-0.608226693760068	-0.0288169055374062	1
7530000	1	0.268116348310148	-0.416881692782673	0.268116348310148	1	-0.0349989180403366	-0.416881692782673	-0.0349989180403366	1
7540000	1	0.152911401861808	-0.773970502486051	0.152911401861808	1	-0.0615649271274068	-0.773970502486051	-0.0615649271274068	1
7550000	1	-0.247148633218709	-0.73441428138166	-0.247148633218709	1	0.273392444174082	-0.73441428138166	0.273392444174082	1
7560000	1	-0.295984529027663	-0.797701654406796	-0.295984529027663	1	0.222401363346589	-0.797701654406796	0.222401363346589	1
7570000	1	-0.422321031675345	-0.649776256367455	-0.422321031675346	1	0.3237069105379	-0.649776256367455	0.3237069105379	1
7580000	1	-0.111252638745864	-0.66528322680558	-0.111252638745864	1	0.152792132863156	-0.66528322680558	0.152792132863156	1
7590000	1	-0.0519234315666598	-0.50330308949741	-0.0519234315666598	1	0.086880557256742	-0.50330308949741	0.086880557256742	1
7600000	1	-0.0485284732678073	-0.751289263498748	-0.0485284732678072	1	0.183339885745759	-0.751289263498748	0.183339885745759	1
7610000	1	0.0591923776039748	-0.707735256771354	0.0591923776039749	1	0.205476755978588	-0.707735256771354	0.205476755978588	1
7620000	1	-0.236646189951794	-0.620828123990816	-0.236646189951794	1	-0.0569239089761658	-0.620828123990816	-0.0569239089761658	1
7630000	1	-0.298322868519831	-0.616257386886904	-0.298322868519831	1	0.232742831674099	-0.616257386886904	0.232742831674099	1
7640000	1	0.185885888679455	-0.457639544617538	0.185885888679455	1	0.0466959474719548	-0.457639544617538	0.0466959474719548	1
7650000	1	-0.226295002825174	-0.518849598112583	-0.226295002825174	1	0.113345269008172	-0.518849598112583	0.113345269008172	1
7660000	1	-0.162699674672344	-0.579367612228257	-0.162699674672344	1	0.202358522465648	-0.579367612228257	0.202358522465648	1
7670000	1	0.0219859890478821	-0.482818995336272	0.0219859890478821	1	0.241942871814668	-0.482818995336272	0.241942871814668	1
7680000	1	0.175349631874786	-0.488713912023503	0.175349631874786	1	-0.0266083398682587	-0.488713912023502	-0.0266083398682587	1
7690000	1	-0.239782394437559	-0.551695033386845	-0.239782394437559	1	0.337870437419943	-0.551695033386845	0.337870437419943	1
7700000	1	-0.271544052489028	-0.733221994488993	-0.271544052489028	1	0.125322787333054	-0.733221994488993	0.125322787333054	1
7710000	1	-0.305183017468972	-0.710162924027868	-0.305183017468972	1	0.0997814048816255	-0.710162924027868	0.0997814048816256	1
7720000	1	-0.161878781174196	-0.657146214609696	-0.161878781174196	1	0.213118233287343	-0.657146214609696	0.213118233287343	1
7730000	1	-0.440640097422882	-0.578830553616146	-0.440640097422882	1	0.265162758320078	-0.578830553616146	0.265162758320078	1
7740000	1	-0.405075972516288	-0.456211322578933	-0.405075972516288	1	0.0416705019387684	-0.456211322578933	0.0416705019387684	1
7750000	1	-0.01747768821589	-0.677159449852837	-0.01747768821589	1	0.0737391875757721	-0.677159449852837	0.0737391875757721	1
7760000	1	-0.161420087503066	-0.440521003006723	-0.161420087503066	1	0.179600750745863	-0.440521003006723	0.179600750745863	1
7770000	1	-0.184050832726355	-0.0950599747261036	-0.184050832726355	1	0.258725524845463	-0.0950599747261036	0.258725524845463	1
7780000	1	-0.0852260535947424	-0.36555145622212	-0.0852260535947424	1	-0.158865267057263	-0.36555145622212	-0.158865267057263	1
7790000	1	0.336704293767926	-0.666518394586006	0.336704293767926	1	-0.0949771373057915	-0.666518394586006	-0.0949771373057915	1
7800000	1	-0.0276796718299057	-0.399530507302281	-0.0276796718299057	1	-0.0346428741341688	-0.399530507302281	-0.0346428741341688	1
7810000	1	-0.436506222128742	-0.695022666161887	-0.436506222128742	1	0.386811025183783	-0.695022666161887	0.386811025183783	1
7820000	1	-0.335133144282659	-0.720688098139255	-0.335133144282659	1	0.345482452200444	-0.720688098139255	0.345482452200443	1
7830000	1	-0.199320293792738	-0.645358954507734	-0.199320293792738	1	0.148725042350829	-0.645358954507734	0.148725042350829	1
7840000	1	-0.131042861758243	-0.770701274256066	-0.131042861758243	1	0.173618969746161	-0.770701274256067	0.173618969746161	1
7850000	1	-0.258740819287195	-0.605352910784495	-0.258740819287195	1	0.0435865765952378	-0.605352910784495	0.0435865765952378	1
7860000	1	-0.375445078597915	-0.674835594621998	-0.375445078597915	1	0.375963043600181	-0.674835594621998	0.375963043600181	1
7870000	1	0.0489524479563949	-0.409787909629398	0.0489524479563949	1	0.127473497590379	-0.409787909629398	0.127473497590379	1
7880000	1	0.15434332109834	-0.512727096618138	0.15434332109834	1	0.243823941363759	-0.512727096618138	0.243823941363759	1
7890000	1	0.0413363577015891	-0.422512189418555	0.0413363577015891	1	-0.110528490266044	-0.422512189418555	-0.110528490266044	1
7900000	1	-0.523398619532336	-0.580995857373269	-0.523398619532336	1	0.337969221877698	-0.580995857373269	0.337969221877698	1
7910000	1	-0.358426508797203	-0.711359437739927	-0.358426508797203	1	0.148537685630097	-0.711359437739927	0.148537685630097	1
7920000	1	-0.194261783493073	-0.504975859931862	-0.194261783493073	1	0.339179566687712	-0.504975859931862	0.339179566687712	1
7930000	1	-0.426850409703824	-0.607687155551346	-0.426850409703824	1	0.13316553152249	-0.607687155551346	0.13316553152249	1
7940000	1	0.0712352882545237	-0.502213803643422	0.0712352882545237	1	0.0604927467236572	-0.502213803643422	0.0604927467236572	1
7950000	1	-0.151364920670831	-0.778726213308786	-0.151364920670831	1	0.123109805650593	-0.778726213308786	0.123109805650593	1
7960000	1	-0.397998026831606	-0.748096611016206	-0.397998026831606	1	0.330829254240246	-0.748096611016206	0.330829254240246	1
7970000	1	-0.0652198992750863	-0.582100415391216	-0.0652198992750863	1	0.152894627115168	-0.582100415391216	0.152894627115168	1
7980000	1	-0.159059003234954	-0.68403505997775	-0.159059003234954	1	-0.173429849750794	-0.68403505997775	-0.173429849750794	1
7990000	1	-0.33758071724686	-0.6338656934347	-0.33758071724686	1	-0.000121001694148404	-0.6338656934347	-0.000121001694148348	1
8e+06	1	0.147140283328872	-0.650414217418875	0.147140283328872	1	0.0411769929080338	-0.650414217418875	0.0411769929080338	1
8010000	1	-0.391698553302111	-0.573040728833104	-0.391698553302111	1	0.0346643776486286	-0.573040728833104	0.0346643776486285	1
8020000	1	-0.337051430862437	-0.633476658515064	-0.337051430862437	1	0.234512192698355	-0.633476658515064	0.234512192698355	1
8030000	1	0.207074324440911	-0.10344287036393	0.207074324440911	1	0.260464762079073	-0.10344287036393	0.260464762079073	1
8040000	1	-0.0203305267101677	-0.706715182408699	-0.0203305267101677	1	-0.0706219354507121	-0.7067151824087	-0.070621935450712	1
8050000	1	-0.0133468258941438	-0.503560779864316	-0.0133468258941438	1	-0.0463922316097701	-0.503560779864316	-0.0463922316097701	1
8060000	1	-0.0361414866776757	-0.506477992838467	-0.0361414866776757	1	0.0174597764832853	-0.506477992838467	0.0174597764832853	1
8070000	1	-0.217360148238664	-0.232596110727169	-0.217360148238665	1	0.0418456036002072	-0.232596110727169	0.0418456036002072	1
8080000	1	-0.250353598474276	-0.359949360308241	-0.250353598474276	1	0.268934385432796	-0.359949360308241	0.268934385432796	1
8090000	1	-0.178100393395265	-0.678371067613077	-0.178100393395265	1	0.315299588440174	-0.678371067613077	0.315299588440174	1
8100000	1	-0.081493419360561	-0.614189235889015	-0.081493419360561	1	0.137385093454464	-0.614189235889015	0.137385093454464	1
8110000	1	-0.271949865086563	-0.547615408754552	-0.271949865086563	1	-0.0739799186978358	-0.547615408754552	-0.0739799186978358	1
8120000	1	-0.434800620546098	-0.606242685717214	-0.434800620546098	1	0.209790708051935	-0.606242685717214	0.209790708051935	1
8130000	1	-0.130105101755669	-0.575994115957836	-0.130105101755669	1	0.0385218117658222	-0.575994115957836	0.0385218117658222	1
8140000	1	-0.358064470085242	-0.715547347884299	-0.358064470085242	1	0.130410649848053	-0.715547347884299	0.130410649848053	1
8150000	1	-0.124218805149988	-0.508111786242794	-0.124218805149988	1	0.100955896199819	-0.508111786242794	0.100955896199819	1
8160000	1	0.0362303619013035	-0.66371952667349	0.0362303619013035	1	0.0968916317697866	-0.663719526673491	0.0968916317697866	1
8170000	1	-0.219001589686952	-0.633564100203596	-0.219001589686952	1	0.112374801256377	-0.633564100203596	0.112374801256377	1
8180000	1	-0.0812610357027056	-0.60004062031554	-0.0812610357027056	1	0.205869746273033	-0.60004062031554	0.205869746273033	1
8190000	1	-0.198452377387357	-0.59625428270564	-0.198452377387357	1	0.288478409829565	-0.59625428270564	0.288478409829565	1
8200000	1	0.016442926682755	-0.476684898470494	0.016442926682755	1	-0.0057429596052479	-0.476684898470494	-0.0057429596052479	1
8210000	1	-0.314138989581015	-0.64187391305487	-0.314138989581015	1	0.157734945928003	-0.641873913054869	0.157734945928003	1
8220000	1	0.210615362645473	-0.60334963798156	0.210615362645473	1	-0.183698833284047	-0.60334963798156	-0.183698833284048	1
8230000	1	-0.24081765298825	-0.796639544265555	-0.24081765298825	1	0.145611166912669	-0.796639544265554	0.145611166912669	1
8240000	1	-0.152550473942479	-0.667443372993818	-0.152550473942479	1	0.0594847143918655	-0.667443372993818	0.0594847143918656	1
8250000	1	-0.252172874608049	-0.589741619486254	-0.252172874608049	1	0.249123265738601	-0.589741619486254	0.249123265738601	1
8260000	1	-0.365689387918184	-0.628802019240017	-0.365689387918184	1	0.322394574858585	-0.628802019240017	0.322394574858585	1
8270000	1	-0.0459395219792087	-0.657789645555088	-0.0459395219792087	1	0.197004512762539	-0.657789645555088	0.197004512762539	1
8280000	1	0.0609610952062152	-0.67321209190449	0.0609610952062153	1	0.133373327925526	-0.67321209190449	0.133373327925526	1
8290000	1	-0.176549494119677	-0.488491271336925	-0.176549494119677	1	0.047040185009036	-0.488491271336925	0.047040185009036	1
8300000	1	-0.360932314067567	-0.763635638269634	-0.360932314067567	1	0.100189258695562	-0.763635638269634	0.100189258695562	1
8310000	1	-0.36426226059252	-0.611992041113723	-0.36426226059252	1	0.286003638054273	-0.611992041113723	0.286003638054273	1
8320000	1	-0.215074971099638	-0.590648652954423	-0.215074971099638	1	0.000485308150498945	-0.590648652954423	0.000485308150498945	1
8330000	1	-0.270581692509773	-0.419701745556141	-0.270581692509773	1	-0.0563885371563395	-0.419701745556141	-0.0563885371563395	1
8340000	1	-0.201512097909731	-0.686883128666781	-0.201512097909731	1	-0.0506657680931701	-0.686883128666781	-0.0506657680931701	1
8350000	1	-0.181515698730305	-0.371238843460115	-0.181515698730305	1	0.0100891025127737	-0.371238843460115	0.0100891025127737	1
8360000	1	-0.169119385606522	-0.485414194965262	-0.169119385606522	1	0.117746791244416	-0.485414194965262	0.117746791244416	1
8370000	1	-0.169844027806235	-0.582149032276632	-0.169844027806235	1	0.125684824576921	-0.582149032276632	0.125684824576921	1
8380000	1	0.0566438819718219	-0.607808878830587	0.0566438819718219	1	0.0748121959936453	-0.607808878830587	0.0748121959936454	1
8390000	1	-0.150560618541729	-0.694342433545096	-0.150560618541729	1	0.102647733858442	-0.694342433545096	0.102647733858442	1
8400000	1	-0.282495516770144	-0.585534428684504	-0.282495516770144	1	0.284212155451626	-0.585534428684504	0.284212155451626	1
8410000	1	-0.00572160122213998	-0.499064617758437	-0.00572160122213998	1	0.213963647531813	-0.499064617758437	0.213963647531813	1
8420000	1	-0.293547464404504	-0.479051439074888	-0.293547464404504	1	0.0769766567689009	-0.479051439074888	0.0769766567689009	1
8430000	1	-0.219969942617406	-0.685686009084703	-0.219969942617406	1	0.0974266289768352	-0.685686009084703	0.0974266289768352	1
8440000	1	-0.161153386530386	-0.604316299448379	-0.161153386530386	1	0.358124713316506	-0.604316299448379	0.358124713316507	1
8450000	1	-0.248133156689271	-0.633913603076868	-0.248133156689271	1	0.166695836927867	-0.633913603076868	0.166695836927867	1
8460000	1	-0.0633824455692815	-0.689161353042907	-0.0633824455692815	1	-0.0119531776862061	-0.689161353042907	-0.0119531776862061	1
8470000	1	-0.224783163884098	-0.770694666101917	-0.224783163884098	1	0.201484203893714	-0.770694666101917	0.201484203893714	1
8480000	1	0.0251071301082616	-0.487171088276624	0.0251071301082616	1	0.191763479577852	-0.487171088276624	0.191763479577852	1
8490000	1	-0.0206862489951963	-0.496525685989186	-0.0206862489951964	1	0.345682864846763	-0.496525685989186	0.345682864846763	1
8500000	1	-0.00561007294938874	-0.665299440231652	-0.00561007294938872	1	0.154853198921227	-0.665299440231652	0.154853198921227	1
8510000	1	-0.34520056408427	-0.720604077703905	-0.34520056408427	1	0.186679400353133	-0.720604077703905	0.186679400353134	1
8520000	1	-0.270361556705103	-0.590060161371451	-0.270361556705103	1	0.039083427374949	-0.590060161371451	0.039083427374949	1
8530000	1	-0.125902495266974	-0.613961996989908	-0.125902495266974	1	0.274720480599825	-0.613961996989908	0.274720480599825	1
8540000	1	-0.299994862230688	-0.649082446931722	-0.299994862230688	1	0.209768312644555	-0.649082446931722	0.209768312644555	1
8550000	1	0.127605701103849	-0.566021578732832	0.127605701103849	1	0.136192516824448	-0.566021578732832	0.136192516824448	1
8560000	1	-0.209773512923059	-0.36342052037979	-0.209773512923059	1	0.174518774236274	-0.36342052037979	0.174518774236274	1
8570000	1	-0.288012391208809	-0.634850755532513	-0.288012391208809	1	0.0529012067993557	-0.634850755532513	0.0529012067993557	1
8580000	1	-0.344675346550453	-0.792250831586716	-0.344675346550453	1	0.217848574959542	-0.792250831586716	0.217848574959542	1
8590000	1	-0.208805707234459	-0.623296284978062	-0.208805707234459	1	-0.154515887668613	-0.623296284978062	-0.154515887668613	1
8600000	1	0.112094210803886	-0.865619800196131	0.112094210803886	1	0.00990875018805149	-0.865619800196131	0.0099087501880515	1
8610000	1	-0.344071204803979	-0.849325879893834	-0.344071204803979	1	0.344465565823369	-0.849325879893834	0.344465565823369	1
8620000	1	-0.134840090927483	-0.468814980534014	-0.134840090927483	1	0.130638266963951	-0.468814980534014	0.130638266963951	1
8630000	1	-0.373302239246608	-0.65954602436435	-0.373302239246608	1	0.112508162319154	-0.65954602436435	0.112508162319154	1
8640000	1	0.174660203140908	-0.397038517473494	0.174660203140908	1	0.178336047329818	-0.397038517473494	0.178336047329818	1
8650000	1	0.00475822408427613	-0.513889802067578	0.00475822408427615	1	0.150477148540241	-0.513889802067578	0.150477148540241	1
8660000	1	-0.169557659969508	-0.60061362302829	-0.169557659969508	1	0.282614734052638	-0.60061362302829	0.282614734052638	1
8670000	1	0.201558705628566	-0.391488791656946	0.201558705628566	1	0.158597873803336	-0.391488791656946	0.158597873803336	1
8680000	1	-0.135946003851593	-0.679573277654301	-0.135946003851593	1	0.161281892312264	-0.679573277654301	0.161281892312264	1
8690000	1	-0.0436336924505379	-0.81118354636722	-0.0436336924505379	1	0.110739567761003	-0.81118354636722	0.110739567761003	1
8700000	1	0.21600454819264	-0.487863240495866	0.21600454819264	1	-0.0143763492837694	-0.487863240495866	-0.0143763492837695	1
8710000	1	0.135796847496351	-0.15533564902037	0.135796847496351	1	-0.150838238962459	-0.15533564902037	-0.150838238962459	1
8720000	1	-0.220540059714761	-0.341605618884588	-0.220540059714761	1	0.240972451551113	-0.341605618884588	0.240972451551113	1
8730000	1	0.0328399211447981	-0.828420167632259	0.0328399211447981	1	-0.00820220960845933	-0.828420167632259	-0.00820220960845933	1
8740000	1	0.0537522513434638	-0.686474725757828	0.0537522513434638	1	0.173613176410095	-0.686474725757828	0.173613176410095	1
8750000	1	-0.20215322561352	-0.44929103817313	-0.20215322561352	1	0.137845623426882	-0.44929103817313	0.137845623426882	1
8760000	1	-0.178943061668404	-0.63129921893211	-0.178943061668404	1	0.0234660424480616	-0.63129921893211	0.0234660424480616	1
8770000	1	-0.0421202456677944	-0.554015324561124	-0.0421202456677944	1	0.0212222683497337	-0.554015324561124	0.0212222683497337	1
8780000	1	-0.617969119250566	-0.616252715099582	-0.617969119250566	1	0.310740115715607	-0.616252715099582	0.310740115715607	1
8790000	1	0.0516039904490201	-0.643134318098205	0.0516039904490201	1	-0.104751542795304	-0.643134318098206	-0.104751542795304	1
8800000	1	-0.101025913424859	-0.490646642734689	-0.101025913424859	1	0.142306526310696	-0.490646642734689	0.142306526310696	1
8810000	1	-0.148470813493102	-0.586727605845461	-0.148470813493102	1	0.119663781513714	-0.586727605845461	0.119663781513714	1
8820000	1	-0.142725889393091	-0.45447201708277	-0.142725889393091	1	0.281737251481365	-0.45447201708277	0.281737251481365	1
8830000	1	-0.0906434199802576	-0.371836736125217	-0.0906434199802576	1	-0.0444917960348382	-0.371836736125217	-0.0444917960348382	1
8840000	1	0.0121138334823107	-0.679524100785456	0.0121138334823107	1	-0.0127150706058348	-0.679524100785456	-0.0127150706058348	1
8850000	1	0.0499609926008854	-0.563342965725032	0.0499609926008854	1	0.0278926445220072	-0.563342965725032	0.0278926445220072	1
8860000	1	-0.345210194601451	-0.455912972541289	-0.345210194601451	1	0.0107508066703584	-0.455912972541289	0.0107508066703584	1
8870000	1	-0.338915885424793	-0.652338743942675	-0.338915885424793	1	0.363725578945481	-0.652338743942675	0.363725578945481	1
8880000	1	-0.42292717619388	-0.64815634174507	-0.42292717619388	1	0.17596652876961	-0.64815634174507	0.17596652876961	1
8890000	1	-0.0511798490917465	-0.702278087618513	-0.0511798490917465	1	0.0726498377898198	-0.702278087618513	0.0726498377898198	1
8900000	1	0.0113480034127528	-0.540466014775308	0.0113480034127528	1	0.0575652866341165	-0.540466014775308	0.0575652866341165	1
8910000	1	0.0143118671234996	-0.507373231137529	0.0143118671234996	1	-0.0330340424454843	-0.507373231137529	-0.0330340424454843	1
8920000	1	-0.118142581359461	-0.670513903558906	-0.118142581359461	1	0.0306384919434163	-0.670513903558906	0.0306384919434163	1
8930000	1	-0.110220373100636	-0.57308767508935	-0.110220373100636	1	-0.0505654986045292	-0.57308767508935	-0.0505654986045292	1
8940000	1	-0.305069545943483	-0.340802406560683	-0.305069545943483	1	0.111044553436933	-0.340802406560683	0.111044553436933	1
8950000	1	-0.413183219691218	-0.705940602154862	-0.413183219691218	1	0.373063246603952	-0.705940602154862	0.373063246603952	1
8960000	1	0.0150837858286265	-0.608292700962632	0.0150837858286265	1	0.152563469363593	-0.608292700962632	0.152563469363593	1
8970000	1	-0.328795458528557	-0.642382579944582	-0.328795458528557	1	0.319428731536352	-0.642382579944582	0.319428731536352	1
8980000	1	-0.0820391251104426	-0.454808616593824	-0.0820391251104426	1	-0.0909929403847912	-0.454808616593824	-0.0909929403847912	1
8990000	1	-0.000648539359837171	-0.770426418321976	-0.00064853935983721	1	0.123916882261356	-0.770426418321976	0.123916882261356	1
9e+06	1	-0.230595547285182	-0.626643312730829	-0.230595547285182	1	0.244374934531407	-0.626643312730829	0.244374934531407	1
9010000	1	-0.229082164873989	-0.584433172973826	-0.229082164873989	1	0.219460372356158	-0.584433172973826	0.219460372356158	1
9020000	1	-0.152419725953419	-0.746418948088868	-0.152419725953419	1	0.0501726751401406	-0.746418948088868	0.0501726751401406	1
9030000	1	-0.0980395861555113	-0.629518326003827	-0.0980395861555113	1	-0.0756198093849403	-0.629518326003827	-0.0756198093849403	1
9040000	1	-0.0620889905216475	-0.730845705011335	-0.0620889905216475	1	-0.0515034044462195	-0.730845705011335	-0.0515034044462195	1
9050000	1	-0.0624078767032907	-0.620534984470954	-0.0624078767032908	1	0.00240185488709251	-0.620534984470954	0.0024018548870925	1
9060000	1	-0.0898699159957072	-0.783149494071921	-0.0898699159957072	1	0.149821760654183	-0.783149494071921	0.149821760654182	1
9070000	1	-0.431744799510841	-0.512172404812523	-0.431744799510841	1	0.247147065061831	-0.512172404812523	0.247147065061831	1
9080000	1	-0.207561661485278	-0.578200549288089	-0.207561661485278	1	0.0231893594365325	-0.578200549288089	0.0231893594365325	1
9090000	1	-0.297775245199585	-0.820749518639837	-0.297775245199585	1	0.362884878870756	-0.820749518639837	0.362884878870756	1
9100000	1	0.116670811771454	-0.613275840992315	0.116670811771454	1	-0.0848334325525791	-0.613275840992315	-0.0848334325525791	1
9110000	1	-0.255795958833488	-0.737929990689007	-0.255795958833488	1	0.241258706356097	-0.737929990689007	0.241258706356097	1
9120000	1	-0.287963997018986	-0.344687090659126	-0.287963997018986	1	0.00514639459029075	-0.344687090659126	0.00514639459029075	1
9130000	1	0.23614801192894	-0.616813551847426	0.23614801192894	1	0.0692381996641212	-0.616813551847426	0.0692381996641212	1
9140000	1	-0.115579243276897	-0.674083513747651	-0.115579243276897	1	0.154267097285489	-0.674083513747651	0.154267097285489	1
9150000	1	-0.210675862192895	-0.678752668320969	-0.210675862192895	1	0.0702204321270888	-0.678752668320969	0.0702204321270888	1
9160000	1	0.076392051586138	-0.701836172903689	0.076392051586138	1	-0.0695014112978509	-0.701836172903689	-0.0695014112978509	1
9170000	1	-0.235559195371711	-0.71225933968986	-0.235559195371711	1	0.353155491582974	-0.71225933968986	0.353155491582974	1
9180000	1	-0.175850416813639	-0.577787535050667	-0.175850416813639	1	0.208429422512389	-0.577787535050667	0.208429422512389	1
9190000	1	0.271606202988903	-0.603419222145841	0.271606202988903	1	0.167473787841036	-0.603419222145841	0.167473787841036	1
9200000	1	-0.2763104870482	-0.687050928184623	-0.2763104870482	1	0.180677652303388	-0.687050928184623	0.180677652303388	1
9210000	1	-0.262703189939857	-0.515339593204756	-0.262703189939857	1	0.259055936485986	-0.515339593204756	0.259055936485986	1
9220000	1	-0.0557624427945004	-0.751536932517442	-0.0557624427945004	1	-0.00797806809748177	-0.751536932517442	-0.00797806809748177	1
9230000	1	-0.401949678127688	-0.604923486287746	-0.401949678127688	1	0.15031418019224	-0.604923486287746	0.15031418019224	1
9240000	1	-0.130775793180053	-0.298083674647395	-0.130775793180053	1	0.0937743944675345	-0.298083674647395	0.0937743944675345	1
9250000	1	-0.174974183419202	-0.416790505636292	-0.174974183419202	1	0.382246776052426	-0.416790505636292	0.382246776052426	1
9260000	1	0.0676856415049907	-0.628319757384555	0.0676856415049907	1	0.0577777229636855	-0.628319757384555	0.0577777229636855	1
9270000	1	-0.339276257113897	-0.683325666410248	-0.339276257113897	1	0.381833983540427	-0.683325666410248	0.381833983540427	1
9280000	1	0.207444007361537	-0.48702531714492	0.207444007361537	1	0.190969356666521	-0.48702531714492	0.190969356666521	1
9290000	1	0.0151925759185294	-0.489039265353945	0.0151925759185294	1	-0.0745282166280412	-0.489039265353945	-0.0745282166280412	1
9300000	1	-0.424167805137797	-0.483939136568643	-0.424167805137797	1	0.123122467059671	-0.483939136568643	0.123122467059671	1
9310000	1	-0.159610541104433	-0.740106934479152	-0.159610541104433	1	0.181894320892683	-0.740106934479152	0.181894320892683	1
9320000	1	-0.212011421838727	-0.755231816535498	-0.212011421838727	1	-0.0341237101906864	-0.755231816535498	-0.0341237101906863	1
9330000	1	-0.250018496009721	-0.671197370250846	-0.250018496009721	1	0.101644235569003	-0.671197370250846	0.101644235569003	1
9340000	1	-0.0271521774052564	-0.474148062935662	-0.0271521774052564	1	-0.051925580262641	-0.474148062935662	-0.051925580262641	1
9350000	1	-0.344870711894106	-0.766714892164943	-0.344870711894106	1	0.317595515290283	-0.766714892164943	0.317595515290283	1
9360000	1	-0.377101380732868	-0.789316428086339	-0.377101380732868	1	0.315630359318626	-0.789316428086339	0.315630359318626	1
9370000	1	-0.112314545666899	-0.55033436519817	-0.112314545666899	1	-0.0490494504557082	-0.55033436519817	-0.0490494504557082	1
9380000	1	0.0459417013566524	-0.646581557011304	0.0459417013566524	1	0.209556101767484	-0.646581557011304	0.209556101767484	1
9390000	1	-0.138455060586323	-0.63137354143263	-0.138455060586323	1	0.29827781428188	-0.631373541432629	0.29827781428188	1
9400000	1	-0.0706829773869686	-0.574227406035176	-0.0706829773869686	1	0.14630724472591	-0.574227406035176	0.14630724472591	1
9410000	1	-0.0404634335562288	-0.691409000602888	-0.0404634335562288	1	0.176351479748222	-0.691409000602888	0.176351479748222	1
9420000	1	-0.0487162969733516	-0.689383437207805	-0.0487162969733516	1	0.0299195374395651	-0.689383437207806	0.0299195374395651	1
9430000	1	-0.219290847163492	-0.771073130695508	-0.219290847163492	1	0.0362950667333576	-0.771073130695509	0.0362950667333576	1
9440000	1	-0.409047971429126	-0.495666757131347	-0.409047971429126	1	0.0775118178039386	-0.495666757131347	0.0775118178039386	1
9450000	1	-0.208147443575464	-0.772165398668821	-0.208147443575464	1	0.157647498904387	-0.772165398668821	0.157647498904387	1
9460000	1	-0.00570255944092329	-0.5194315148351	-0.00570255944092328	1	0.0458473636951766	-0.5194315148351	0.0458473636951766	1
9470000	1	0.0606422975561278	-0.55571620484329	0.0606422975561278	1	0.0435697186618833	-0.55571620484329	0.0435697186618833	1
9480000	1	-0.129216180063548	-0.578233432765112	-0.129216180063548	1	-0.0115326314480293	-0.578233432765112	-0.0115326314480292	1
9490000	1	0.081680460516645	-0.646900558272432	0.081680460516645	1	-0.0809428559188155	-0.646900558272432	-0.0809428559188155	1
9500000	1	-0.137402115397808	-0.533311757940089	-0.137402115397808	1	0.119765803811501	-0.533311757940089	0.119765803811501	1
9510000	1	-0.202187155142901	-0.685193659292758	-0.202187155142901	1	-0.0232182980995574	-0.685193659292758	-0.0232182980995574	1
9520000	1	-0.21554488332593	-0.432562448794752	-0.21554488332593	1	0.230178733222184	-0.432562448794752	0.230178733222184	1
9530000	1	-0.331128819400904	-0.713080753197578	-0.331128819400904	1	0.235723623342863	-0.713080753197578	0.235723623342863	1
9540000	1	-0.0622903570317425	-0.586242831011722	-0.0622903570317425	1	-0.000581300999449688	-0.586242831011722	-0.000581300999449695	1
9550000	1	-0.37832365488961	-0.600120487435744	-0.37832365488961	1	0.228711664584024	-0.600120487435744	0.228711664584024	1
9560000	1	0.1545546504047	-0.613221853102805	0.1545546504047	1	0.0302330578886219	-0.613221853102805	0.0302330578886219	1
9570000	1	-0.0436482382521093	-0.743144481170129	-0.0436482382521093	1	0.126147306680511	-0.743144481170129	0.126147306680511	1
9580000	1	0.12643468645812	-0.552555077458451	0.12643468645812	1	0.101200010561936	-0.552555077458451	0.101200010561936	1
9590000	1	0.368171787922104	-0.638620586647025	0.368171787922104	1	-0.102952115179436	-0.638620586647025	-0.102952115179436	1
9600000	1	-0.106425100971445	-0.584710546683096	-0.106425100971445	1	0.315309506480853	-0.584710546683096	0.315309506480853	1
9610000	1	-0.207255517406491	-0.403407313250124	-0.207255517406491	1	-0.058956277893785	-0.403407313250124	-0.058956277893785	1
9620000	1	-0.0573809900861495	-0.625164810379045	-0.0573809900861495	1	0.0725216913636913	-0.625164810379045	0.0725216913636913	1
9630000	1	-0.210188811409893	-0.742416720502667	-0.210188811409894	1	0.325425716241791	-0.742416720502667	0.325425716241791	1
9640000	1	-0.352393550267868	-0.65983222932458	-0.352393550267868	1	0.0460379761693649	-0.65983222932458	0.0460379761693649	1
9650000	1	-0.373974466906369	-0.329174259537622	-0.373974466906369	1	0.264025264273633	-0.329174259537622	0.264025264273633	1
9660000	1	-0.402798236971034	-0.607355197116975	-0.402798236971034	1	0.285967507088985	-0.607355197116975	0.285967507088985	1
9670000	1	-0.0928064253217682	-0.394491989918616	-0.0928064253217682	1	0.143639057123538	-0.394491989918616	0.143639057123538	1
9680000	1	-0.0834790918029512	-0.66720597534761	-0.0834790918029512	1	0.0434569004011356	-0.66720597534761	0.0434569004011356	1
9690000	1	-0.135759025878599	-0.689537750893371	-0.135759025878599	1	0.071176186462897	-0.689537750893371	0.071176186462897	1
9700000	1	-0.313084913823786	-0.60968176978847	-0.313084913823787	1	0.101717062272265	-0.60968176978847	0.101717062272265	1
9710000	1	-0.395428427065077	-0.712986141803593	-0.395428427065077	1	0.259752325590401	-0.712986141803593	0.259752325590401	1
9720000	1	-0.114390907328758	-0.505589268438315	-0.114390907328758	1	0.258846162557249	-0.505589268438315	0.258846162557249	1
9730000	1	-0.0194421038115103	-0.618335984107946	-0.0194421038115103	1	-0.00810070702785032	-0.618335984107946	-0.00810070702785032	1
9740000	1	-0.338972828517638	-0.562996880452046	-0.338972828517638	1	0.242594420320196	-0.562996880452046	0.242594420320196	1
9750000	1	0.122549339543192	-0.500367038103173	0.122549339543192	1	-0.00669963252343697	-0.500367038103173	-0.00669963252343697	1
9760000	1	-0.0267788070569677	-0.498784397385212	-0.0267788070569677	1	0.115504446290216	-0.498784397385212	0.115504446290216	1
9770000	1	-0.0240115139155723	-0.712506933572436	-0.0240115139155723	1	0.0184136158938432	-0.712506933572436	0.0184136158938432	1
9780000	1	-0.258044507908484	-0.565419157931085	-0.258044507908483	1	0.325426143249954	-0.565419157931085	0.325426143249954	1
9790000	1	-0.321901909088304	-0.72967508671584	-0.321901909088304	1	0.348084965634133	-0.72967508671584	0.348084965634133	1
9800000	1	-0.105857982357899	-0.663107662313426	-0.105857982357899	1	0.0602174189869611	-0.663107662313426	0.060217418986961	1
9810000	1	-0.362960388579033	-0.704916962926462	-0.362960388579033	1	0.241503162111091	-0.704916962926462	0.241503162111091	1
9820000	1	0.0990371683992538	-0.608620330270929	0.0990371683992538	1	-0.0294614765326595	-0.60862033027093	-0.0294614765326595	1
9830000	1	-0.281690424240137	-0.741758759434073	-0.281690424240137	1	0.237289527522044	-0.741758759434074	0.237289527522044	1
9840000	1	-0.0515960217119486	-0.66405477870566	-0.0515960217119486	1	0.0968572743509113	-0.66405477870566	0.0968572743509113	1
9850000	1	-0.0749240007225757	-0.583061541456657	-0.0749240007225757	1	-0.0134978426525317	-0.583061541456657	-0.0134978426525317	1
9860000	1	0.12101771368368	-0.494642503963032	0.12101771368368	1	0.12914173575956	-0.494642503963032	0.12914173575956	1
9870000	1	-0.253505280188991	-0.59526668203022	-0.253505280188991	1	0.0224458177133102	-0.59526668203022	0.0224458177133102	1
9880000	1	0.246625366121666	-0.655166779509833	0.246625366121666	1	-0.171199008339013	-0.655166779509833	-0.171199008339013	1
9890000	1	0.101983732294268	-0.773948069733864	0.101983732294268	1	-0.111266665055712	-0.773948069733864	-0.111266665055712	1
9900000	1	-0.105701922080678	-0.254624846358276	-0.105701922080678	1	-0.0942094979545367	-0.254624846358276	-0.0942094979545367	1
9910000	1	-0.294868654904228	-0.40467196338097	-0.294868654904228	1	0.0627777421588126	-0.40467196338097	0.0627777421588126	1
9920000	1	0.0450557561819282	-0.777508055351858	0.0450557561819283	1	0.0515848309208077	-0.777508055351858	0.0515848309208077	1
9930000	1	-0.152450426465751	-0.663994487947905	-0.152450426465751	1	0.161693746812092	-0.663994487947904	0.161693746812092	1
9940000	1	0.0160665445755143	-0.332474445966539	0.0160665445755143	1	0.137517774586096	-0.332474445966539	0.137517774586096	1
9950000	1	-0.186274449016398	-0.556068653873318	-0.186274449016398	1	0.0501079654152582	-0.556068653873318	0.0501079654152582	1
9960000	1	-0.497228051831274	-0.651897432866682	-0.497228051831274	1	0.191364473366298	-0.651897432866682	0.191364473366298	1
9970000	1	-0.0923334356819821	-0.72675114704714	-0.0923334356819821	1	-0.117909948865461	-0.72675114704714	-0.117909948865461	1
9980000	1	-0.221551912370684	-0.678488028408465	-0.221551912370684	1	0.0746158315995509	-0.678488028408466	0.0746158315995509	1
9990000	1	0.156545630666632	-0.774342385723147	0.156545630666633	1	-0.0875682174853936	-0.774342385723147	-0.0875682174853936	1
1e+07	1	-0.164973275805736	-0.539699880460101	-0.164973275805736	1	0.113343669393897	-0.539699880460101	0.113343669393897	1
10010000	1	-0.292815113635483	-0.643963932039096	-0.292815113635483	1	0.101342098987209	-0.643963932039096	0.101342098987209	1
10020000	1	-0.117582997377248	-0.463327478514217	-0.117582997377248	1	-0.00779928493107439	-0.463327478514217	-0.00779928493107438	1
10030000	1	-0.0460150488911247	-0.613521722196249	-0.0460150488911247	1	0.327718634128758	-0.613521722196249	0.327718634128758	1
10040000	1	-0.282374434132654	-0.664893929392187	-0.282374434132654	1	0.100153509021	-0.664893929392187	0.100153509021	1
10050000	1	0.072176566266633	-0.668422894397357	0.072176566266633	1	-0.0979402559774921	-0.668422894397357	-0.0979402559774921	1
10060000	1	-0.200260244570303	-0.721149929193793	-0.200260244570303	1	0.0885899334065517	-0.721149929193793	0.0885899334065517	1
10070000	1	-0.163020480489138	-0.600830913552505	-0.163020480489138	1	0.0048038665500117	-0.600830913552505	0.0048038665500117	1
10080000	1	-0.17147518183223	-0.677259679211526	-0.17147518183223	1	0.24921555703896	-0.677259679211526	0.24921555703896	1
10090000	1	0.209230723379118	-0.414599842213459	0.209230723379118	1	0.180207467848924	-0.414599842213459	0.180207467848924	1
10100000	1	-0.101291859399529	-0.758041393188749	-0.101291859399529	1	-0.073080081914643	-0.758041393188749	-0.073080081914643	1
10110000	1	-0.101841446995856	-0.672668961467243	-0.101841446995856	1	0.204734597847686	-0.672668961467243	0.204734597847686	1
10120000	1	0.204678628556383	-0.402618613136101	0.204678628556383	1	0.200654330711757	-0.402618613136101	0.200654330711757	1
10130000	1	-0.193724838513558	-0.751322618616121	-0.193724838513558	1	-0.0227600507775716	-0.751322618616121	-0.0227600507775715	1
10140000	1	-0.0490485926342467	-0.654298414557539	-0.0490485926342467	1	0.1218911388901	-0.654298414557539	0.1218911388901	1
10150000	1	-0.361536898763403	-0.494240080966387	-0.361536898763403	1	-0.0311208154145308	-0.494240080966387	-0.0311208154145308	1
10160000	1	-0.0450129176611074	-0.636970304964847	-0.0450129176611074	1	0.0204394520740582	-0.636970304964847	0.0204394520740582	1
10170000	1	0.137898656983646	-0.714257751927667	0.137898656983646	1	-0.0932872501081017	-0.714257751927667	-0.0932872501081017	1
10180000	1	-0.0793845412637179	-0.591744797049402	-0.0793845412637179	1	0.134419824657586	-0.591744797049402	0.134419824657586	1
10190000	1	0.0225043435396112	-0.341674466224831	0.0225043435396112	1	0.0922639039921277	-0.341674466224831	0.0922639039921277	1
10200000	1	0.222970217357144	-0.507369067389332	0.222970217357144	1	0.194108211436585	-0.507369067389332	0.194108211436585	1
10210000	1	-0.368418585828568	-0.337622350189222	-0.368418585828568	1	-0.043567063466836	-0.337622350189222	-0.043567063466836	1
10220000	1	-0.306944756138547	-0.54240410313989	-0.306944756138547	1	0.242266731779709	-0.54240410313989	0.242266731779709	1
10230000	1	0.0809731570579841	-0.627869842180532	0.0809731570579841	1	0.00709753410491562	-0.627869842180532	0.00709753410491562	1
10240000	1	-0.133266130342513	-0.516340536344586	-0.133266130342513	1	0.25789734431973	-0.516340536344586	0.25789734431973	1
10250000	1	-0.123243452238334	-0.579866962514534	-0.123243452238334	1	0.0768841058163405	-0.579866962514534	0.0768841058163405	1
10260000	1	-0.203616604914909	-0.281788605646197	-0.203616604914909	1	0.0520904476725729	-0.281788605646197	0.0520904476725729	1
10270000	1	-0.38293316409042	-0.652607113516621	-0.38293316409042	1	0.269373714844238	-0.652607113516621	0.269373714844238	1
10280000	1	-0.388311686880554	-0.502681840185315	-0.388311686880554	1	0.230018276916402	-0.502681840185315	0.230018276916402	1
10290000	1	0.0717763260919566	-0.474166903775876	0.0717763260919566	1	-0.189545688547858	-0.474166903775876	-0.189545688547858	1
10300000	1	-0.0273848565990543	-0.706500785381713	-0.0273848565990543	1	0.206445800108286	-0.706500785381713	0.206445800108286	1
10310000	1	-0.182150091278569	-0.697707719923543	-0.182150091278569	1	0.23590404720842	-0.697707719923543	0.23590404720842	1
10320000	1	-0.177258586451346	-0.61585958901683	-0.177258586451346	1	0.148802551382692	-0.61585958901683	0.148802551382692	1
10330000	1	-0.168282877607248	-0.666778635358021	-0.168282877607248	1	0.205921466953434	-0.666778635358021	0.205921466953434	1
10340000	1	-0.0553426130046008	-0.501970994158732	-0.0553426130046008	1	0.207209390493845	-0.501970994158732	0.207209390493845	1
10350000	1	-0.22262545499919	-0.677464074338402	-0.22262545499919	1	0.206741394048383	-0.677464074338402	0.206741394048383	1
10360000	1	-0.000252289560984706	-0.741104635260867	-0.000252289560984752	1	0.138325399117516	-0.741104635260867	0.138325399117515	1
10370000	1	-0.353226676795124	-0.509500863678082	-0.353226676795124	1	0.016343538446268	-0.509500863678082	0.0163435384462679	1
10380000	1	-0.37083147491919	-0.615844679901324	-0.37083147491919	1	0.238047028561631	-0.615844679901324	0.238047028561631	1
10390000	1	-0.33482528852672	-0.642122096784916	-0.33482528852672	1	0.415500345057505	-0.642122096784916	0.415500345057505	1
10400000	1	-0.259944506364365	-0.758091911449703	-0.259944506364365	1	0.233047192385773	-0.758091911449704	0.233047192385773	1
10410000	1	-0.106693222453422	-0.643719392803542	-0.106693222453422	1	-0.013868263385494	-0.643719392803542	-0.013868263385494	1
10420000	1	-0.381136158294129	-0.770342074783614	-0.381136158294129	1	0.193426085660745	-0.770342074783614	0.193426085660745	1
10430000	1	-0.137942114345079	-0.561830925557253	-0.137942114345079	1	0.0819179760465414	-0.561830925557253	0.0819179760465414	1
10440000	1	-0.211786761300021	-0.742389146439711	-0.211786761300021	1	0.16722470040026	-0.742389146439711	0.16722470040026	1
10450000	1	-0.212004113920959	-0.621575106764283	-0.212004113920959	1	0.193887922058807	-0.621575106764283	0.193887922058807	1
10460000	1	-0.060623485339679	-0.600112495208732	-0.060623485339679	1	-0.0486534131083629	-0.600112495208732	-0.0486534131083629	1
10470000	1	-0.276073587177232	-0.718882673378513	-0.276073587177232	1	0.339786432781006	-0.718882673378513	0.339786432781006	1
10480000	1	-0.207609398697453	-0.75707597570955	-0.207609398697453	1	0.0657252875456807	-0.75707597570955	0.0657252875456807	1
10490000	1	-0.371772845130758	-0.642468084771771	-0.371772845130758	1	0.231402451805767	-0.642468084771771	0.231402451805767	1
10500000	1	-0.262897005437722	-0.420183157333309	-0.262897005437722	1	-0.00148479927565778	-0.420183157333309	-0.00148479927565777	1
10510000	1	-0.0552044614636527	-0.650078317425261	-0.0552044614636527	1	0.0693457071320678	-0.650078317425261	0.0693457071320678	1
10520000	1	-0.0817131289066006	-0.436349939073847	-0.0817131289066006	1	0.286479161908287	-0.436349939073847	0.286479161908287	1
10530000	1	-0.0358744500688249	-0.81617154558399	-0.0358744500688249	1	0.091402597222418	-0.81617154558399	0.091402597222418	1
10540000	1	-0.130690704849639	-0.618139632982162	-0.130690704849639	1	0.162819515558897	-0.618139632982162	0.162819515558897	1
10550000	1	-0.233351671010994	-0.524370215597851	-0.233351671010994	1	0.192106656358398	-0.524370215597851	0.192106656358398	1
10560000	1	0.151189654909468	-0.0135763908483312	0.151189654909468	1	0.168304702027653	-0.0135763908483312	0.168304702027653	1
10570000	1	0.0404226684369731	-0.657817086139992	0.0404226684369731	1	-0.158123140520818	-0.657817086139992	-0.158123140520818	1
10580000	1	-0.202131639759103	-0.725456262144966	-0.202131639759103	1	0.0637218941735888	-0.725456262144966	0.0637218941735888	1
10590000	1	-0.262148645198738	-0.735726314953866	-0.262148645198738	1	0.0849521669105773	-0.735726314953866	0.0849521669105773	1
10600000	1	-0.000149387917952757	-0.638182314682234	-0.000149387917952752	1	-0.0301220352349714	-0.638182314682234	-0.0301220352349714	1
10610000	1	-0.248721881364341	-0.619889917575012	-0.248721881364341	1	0.0890274701565734	-0.619889917575012	0.0890274701565734	1
10620000	1	-0.137106761443976	-0.34843932752912	-0.137106761443976	1	0.0320535285952433	-0.34843932752912	0.0320535285952433	1
10630000	1	-0.283462633117193	-0.831780335294753	-0.283462633117193	1	0.180663213262983	-0.831780335294753	0.180663213262983	1
10640000	1	-0.314882244965557	-0.800794423987402	-0.314882244965557	1	0.235532506791882	-0.800794423987402	0.235532506791882	1
10650000	1	0.0524128631953309	-0.466629856949341	0.0524128631953309	1	0.156127410989137	-0.466629856949341	0.156127410989137	1
10660000	1	-0.301599242248067	-0.575589727641676	-0.301599242248067	1	0.168483281654457	-0.575589727641676	0.168483281654457	1
10670000	1	-0.077907352261148	-0.631846808487439	-0.077907352261148	1	0.0415702662684068	-0.631846808487438	0.0415702662684068	1
10680000	1	-0.167015651020583	-0.651508404972905	-0.167015651020583	1	-0.0531636248365212	-0.651508404972905	-0.0531636248365213	1
10690000	1	-0.162636101928765	-0.530971927272991	-0.162636101928765	1	0.0840505128775687	-0.530971927272991	0.0840505128775687	1
10700000	1	-0.139024983686918	-0.777182136683915	-0.139024983686918	1	-0.0823974075089394	-0.777182136683915	-0.0823974075089394	1
10710000	1	-0.0709944240406168	-0.539286581321505	-0.0709944240406168	1	0.102076976145874	-0.539286581321505	0.102076976145874	1
10720000	1	-0.359945339927001	-0.565406861751318	-0.359945339927001	1	0.167397615837266	-0.565406861751318	0.167397615837266	1
10730000	1	-0.151597488330209	-0.627529561050494	-0.151597488330209	1	0.175095011768452	-0.627529561050494	0.175095011768452	1
10740000	1	-0.249151082310274	-0.56266435852192	-0.249151082310274	1	0.117299207676529	-0.56266435852192	0.117299207676529	1
10750000	1	-0.276058024006952	-0.588093895829221	-0.276058024006952	1	0.119406139805861	-0.588093895829221	0.119406139805861	1
10760000	1	0.083293806232863	-0.420965541650987	0.083293806232863	1	0.130549680871805	-0.420965541650987	0.130549680871805	1
10770000	1	-0.496043925756604	-0.617799335227628	-0.496043925756604	1	0.30307830668892	-0.617799335227628	0.30307830668892	1
10780000	1	-0.192847163158148	-0.671668940779284	-0.192847163158148	1	0.339517902434553	-0.671668940779284	0.339517902434553	1
10790000	1	0.10322707941484	-0.385883566903572	0.10322707941484	1	0.0685640661016808	-0.385883566903572	0.0685640661016808	1
10800000	1	-0.177522546672104	-0.640407946766073	-0.177522546672104	1	0.157853950267864	-0.640407946766073	0.157853950267864	1
10810000	1	-0.104338941203859	-0.646321982118414	-0.104338941203859	1	-0.0201079168124072	-0.646321982118414	-0.0201079168124072	1
10820000	1	-0.181889426340731	-0.605412988646231	-0.181889426340731	1	0.121897414773209	-0.605412988646231	0.121897414773209	1
10830000	1	-0.00105489361477072	-0.705749533146114	-0.00105489361477074	1	0.20431255218187	-0.705749533146114	0.20431255218187	1
10840000	1	-0.299341192996292	-0.539295000746202	-0.299341192996292	1	0.203424004745101	-0.539295000746202	0.203424004745101	1
10850000	1	-0.0224695801427647	-0.192986820203012	-0.0224695801427647	1	0.149275541299078	-0.192986820203012	0.149275541299078	1
10860000	1	-0.278350167796978	-0.663774064300598	-0.278350167796978	1	0.367838781872508	-0.663774064300598	0.367838781872508	1
10870000	1	-0.257966018979422	-0.641797973113063	-0.257966018979422	1	0.050112491160508	-0.641797973113063	0.0501124911605079	1
10880000	1	-0.00564423717975585	-0.595511690823457	-0.00564423717975584	1	0.127185135179645	-0.595511690823457	0.127185135179645	1
10890000	1	0.116283003990351	-0.544419524136272	0.116283003990351	1	-0.0736815617687408	-0.544419524136272	-0.0736815617687408	1
10900000	1	-0.524705685640532	-0.646711334412805	-0.524705685640532	1	0.20649652062967	-0.646711334412805	0.20649652062967	1
10910000	1	0.365024311759621	-0.492209511293304	0.365024311759621	1	0.101173422296101	-0.492209511293304	0.101173422296101	1
10920000	1	-0.183904954857352	-0.501153844738686	-0.183904954857352	1	-0.0367789459614314	-0.501153844738686	-0.0367789459614314	1
10930000	1	-0.0471048940987661	-0.734862805750474	-0.0471048940987661	1	0.095019566186488	-0.734862805750474	0.095019566186488	1
10940000	1	-0.168076188355541	-0.609281563456278	-0.16807618835554	1	0.147142187312766	-0.609281563456278	0.147142187312766	1
10950000	1	-0.190189699832571	-0.676345292342538	-0.190189699832571	1	0.211473687096844	-0.676345292342538	0.211473687096844	1
10960000	1	-0.32075020191838	-0.67140060010479	-0.32075020191838	1	0.289448242133443	-0.67140060010479	0.289448242133443	1
10970000	1	-0.138096264185688	-0.708316718529671	-0.138096264185688	1	0.217900488495129	-0.708316718529671	0.217900488495129	1
10980000	1	0.135011679700828	-0.351698834756198	0.135011679700828	1	0.164905092201918	-0.351698834756198	0.164905092201918	1
10990000	1	-0.156858778529082	-0.488132151654217	-0.156858778529082	1	0.274094802013066	-0.488132151654217	0.274094802013066	1
1.1e+07	1	-0.269625500666547	-0.839801514129707	-0.269625500666548	1	0.235358161396695	-0.839801514129708	0.235358161396695	1
11010000	1	0.0272016912841917	-0.366812551494749	0.0272016912841918	1	0.326115006079436	-0.366812551494749	0.326115006079436	1
11020000	1	-0.164202595179934	-0.70508092464475	-0.164202595179934	1	0.0410846370496464	-0.70508092464475	0.0410846370496464	1
11030000	1	0.0542937412917472	-0.602375256914493	0.0542937412917472	1	-0.0562048294827561	-0.602375256914493	-0.0562048294827561	1
11040000	1	0.132342714383327	-0.5597774544284	0.132342714383327	1	0.181683571465926	-0.5597774544284	0.181683571465926	1
11050000	1	-0.357026044031944	-0.296258291835741	-0.357026044031944	1	0.103614791795954	-0.296258291835741	0.103614791795954	1
11060000	1	0.065524252780525	-0.286353267582744	0.065524252780525	1	0.120782483781494	-0.286353267582744	0.120782483781494	1
11070000	1	-0.464515977979738	-0.785827964247442	-0.464515977979738	1	0.180096801505752	-0.785827964247442	0.180096801505752	1
11080000	1	-0.381704761730577	-0.682883210904888	-0.381704761730578	1	0.180999487618923	-0.682883210904888	0.180999487618923	1
11090000	1	-0.104268880059634	-0.489695823046992	-0.104268880059634	1	-0.211630128155694	-0.489695823046993	-0.211630128155694	1
11100000	1	-0.106813016464345	-0.502826588943685	-0.106813016464345	1	0.184829163919572	-0.502826588943685	0.184829163919572	1
11110000	1	-0.171940414779804	-0.526510875866671	-0.171940414779804	1	0.311925118066596	-0.526510875866671	0.311925118066596	1
11120000	1	-0.334450807972776	-0.583899305171929	-0.334450807972776	1	0.136428303010353	-0.583899305171929	0.136428303010353	1
11130000	1	-0.185369826621405	-0.69919470468696	-0.185369826621405	1	0.160607499858887	-0.69919470468696	0.160607499858887	1
11140000	1	-0.452892396740176	-0.653801454557101	-0.452892396740176	1	0.396500981354347	-0.653801454557101	0.396500981354347	1
11150000	1	-0.316453116332048	-0.745655501423036	-0.316453116332048	1	0.264052293397863	-0.745655501423036	0.264052293397863	1
11160000	1	0.0788844514391259	-0.541176447495822	0.0788844514391259	1	-0.192339888600464	-0.541176447495822	-0.192339888600464	1
11170000	1	-0.311969031745168	-0.582940832600643	-0.311969031745168	1	0.114378030664105	-0.582940832600643	0.114378030664105	1
11180000	1	0.0431013143282997	-0.314048861803279	0.0431013143282997	1	-0.0063840890455507	-0.314048861803279	-0.0063840890455507	1
11190000	1	-0.196977044250815	-0.62299076185026	-0.196977044250815	1	0.316357978549546	-0.62299076185026	0.316357978549546	1
11200000	1	-0.275324101798674	-0.739229036462843	-0.275324101798674	1	0.180507142786096	-0.739229036462843	0.180507142786096	1
11210000	1	0.0755610706059306	-0.651904034931514	0.0755610706059306	1	-0.0089867715088177	-0.651904034931514	-0.00898677150881771	1
11220000	1	-0.34990659445894	-0.520078744198461	-0.34990659445894	1	0.17988619290259	-0.520078744198461	0.17988619290259	1
11230000	1	-0.232357937016906	-0.770025755756762	-0.232357937016906	1	-0.125470157823146	-0.770025755756762	-0.125470157823146	1
11240000	1	-0.148824599631532	-0.693158223996586	-0.148824599631532	1	0.104272809689388	-0.693158223996586	0.104272809689388	1
11250000	1	-0.342132475312503	-0.51036625387578	-0.342132475312503	1	0.287311946465142	-0.51036625387578	0.287311946465142	1
11260000	1	0.0945528462931671	-0.632630832337187	0.0945528462931671	1	0.123392301007181	-0.632630832337187	0.123392301007181	1
11270000	1	-0.48634900293771	-0.47770825910362	-0.48634900293771	1	0.246888146680595	-0.47770825910362	0.246888146680595	1
11280000	1	0.24346895405252	-0.62057703214027	0.24346895405252	1	0.0984470808256146	-0.62057703214027	0.0984470808256146	1
11290000	1	0.0186147446246798	-0.546517117385035	0.0186147446246798	1	0.0169122440357109	-0.546517117385035	0.0169122440357109	1
11300000	1	-0.474056074142574	-0.754206609163822	-0.474056074142574	1	0.272001089148775	-0.754206609163823	0.272001089148775	1
11310000	1	-0.253182309116851	-0.639160188547138	-0.253182309116851	1	-0.0281117357905325	-0.639160188547139	-0.0281117357905325	1
11320000	1	-0.30254146703509	-0.623794775478907	-0.30254146703509	1	0.163225084130661	-0.623794775478907	0.163225084130661	1
11330000	1	-0.124670048731508	-0.556381785487373	-0.124670048731508	1	0.0870191079394046	-0.556381785487372	0.0870191079394046	1
11340000	1	-0.132729098250358	-0.539323083763376	-0.132729098250358	1	0.139439803624876	-0.539323083763376	0.139439803624876	1
11350000	1	-0.0910621436578622	-0.746279694283898	-0.0910621436578621	1	0.148079480314261	-0.746279694283898	0.148079480314261	1
11360000	1	-0.168352073148067	-0.586142219715163	-0.168352073148067	1	0.162658184815609	-0.586142219715163	0.162658184815609	1
11370000	1	-0.342526650972916	-0.512465723497998	-0.342526650972916	1	0.223337250853479	-0.512465723497998	0.223337250853479	1
11380000	1	-0.255806863430458	-0.780599983587059	-0.255806863430458	1	0.186162285899783	-0.780599983587059	0.186162285899783	1
11390000	1	-0.0507190895950986	-0.688743375600212	-0.0507190895950986	1	0.0785486540014185	-0.688743375600212	0.0785486540014185	1
11400000	1	0.0699760144786481	-0.667977708241876	0.0699760144786481	1	-0.0844353702258991	-0.667977708241876	-0.0844353702258991	1
11410000	1	-0.072710598407398	-0.6952494414298	-0.072710598407398	1	0.121733350742666	-0.6952494414298	0.121733350742666	1
11420000	1	-0.453290768479505	-0.668471688001639	-0.453290768479505	1	0.269383631051054	-0.668471688001639	0.269383631051054	1
11430000	1	-0.141067663950083	-0.633748944650461	-0.141067663950083	1	0.0619217255963521	-0.633748944650461	0.0619217255963521	1
11440000	1	0.340308251736735	-0.65095549796424	0.340308251736735	1	-0.134930187796289	-0.65095549796424	-0.134930187796289	1
11450000	1	-0.208406883816391	-0.530828506850003	-0.208406883816391	1	0.213239549444011	-0.530828506850003	0.213239549444011	1
11460000	1	-0.18825796609447	-0.660145330942766	-0.18825796609447	1	0.257735908760413	-0.660145330942766	0.257735908760413	1
11470000	1	-0.227263333587313	-0.486492968808397	-0.227263333587313	1	0.155605956405906	-0.486492968808398	0.155605956405906	1
11480000	1	-0.186189285514813	-0.302289600853928	-0.186189285514813	1	0.3433208125074	-0.302289600853928	0.3433208125074	1
11490000	1	-0.0573238106781734	-0.514679801081315	-0.0573238106781733	1	0.245802044680328	-0.514679801081315	0.245802044680328	1
11500000	1	0.108082986027314	-0.618712614020852	0.108082986027314	1	0.24435669707563	-0.618712614020852	0.24435669707563	1
11510000	1	-0.316034820592143	-0.57741998154	-0.316034820592143	1	0.196168926138389	-0.57741998154	0.196168926138389	1
11520000	1	-0.0296851981234855	-0.474108960611304	-0.0296851981234855	1	0.383978458992439	-0.474108960611304	0.383978458992439	1
11530000	1	-0.148608842564961	-0.579903009631872	-0.148608842564961	1	0.263858581579798	-0.579903009631872	0.263858581579798	1
11540000	1	0.032826410393623	-0.643884017306492	0.032826410393623	1	-0.0691547989339477	-0.643884017306492	-0.0691547989339477	1
11550000	1	-0.101248079883317	-0.503161724475457	-0.101248079883317	1	0.189223892184625	-0.503161724475457	0.189223892184625	1
11560000	1	-0.511291282851877	-0.736150290657783	-0.511291282851877	1	0.266235759643685	-0.736150290657783	0.266235759643685	1
11570000	1	-0.18508213542561	-0.73480709516089	-0.18508213542561	1	0.149119291659247	-0.73480709516089	0.149119291659247	1
11580000	1	0.0384647794514179	-0.538786461468186	0.0384647794514179	1	-0.0291088948404719	-0.538786461468186	-0.0291088948404719	1
11590000	1	-0.198399623874057	-0.575483430778943	-0.198399623874057	1	-0.0436433922362419	-0.575483430778943	-0.0436433922362419	1
11600000	1	-0.248909586855663	-0.452908634752643	-0.248909586855663	1	-0.0510706190398844	-0.452908634752643	-0.0510706190398844	1
11610000	1	-0.254425090345073	-0.40614251116045	-0.254425090345073	1	0.23237051360549	-0.40614251116045	0.23237051360549	1
11620000	1	-0.142175634434751	-0.630068848799191	-0.142175634434751	1	-0.0979354346145733	-0.630068848799191	-0.0979354346145733	1
11630000	1	-0.364515412076603	-0.575646862973265	-0.364515412076603	1	-0.0126711513939941	-0.575646862973264	-0.0126711513939941	1
11640000	1	0.0544732852332356	-0.529442825826737	0.0544732852332356	1	-0.120552370027467	-0.529442825826737	-0.120552370027467	1
11650000	1	-0.0552889890289583	-0.716891800492604	-0.0552889890289583	1	0.0701785429695069	-0.716891800492604	0.0701785429695069	1
11660000	1	-0.3645636731381	-0.438960161514362	-0.3645636731381	1	0.157192214620805	-0.438960161514362	0.157192214620805	1
11670000	1	-0.29361100820481	-0.644151893426906	-0.29361100820481	1	0.37534299595523	-0.644151893426906	0.37534299595523	1
11680000	1	-0.0840687910647958	-0.716023979016668	-0.0840687910647958	1	0.212068825115807	-0.716023979016667	0.212068825115807	1
11690000	1	-0.323849534304893	-0.62127903088538	-0.323849534304893	1	0.122119652232872	-0.62127903088538	0.122119652232872	1
11700000	1	-0.2069786507244	-0.526955682117404	-0.2069786507244	1	0.0485469768594928	-0.526955682117404	0.0485469768594929	1
11710000	1	0.0958135026926295	-0.559002663240612	0.0958135026926294	1	0.0582458397054657	-0.559002663240612	0.0582458397054657	1
11720000	1	-0.0476501880227866	-0.551168843672339	-0.0476501880227866	1	0.0530491896859123	-0.551168843672339	0.0530491896859123	1
11730000	1	0.168756911502185	-0.387035890741605	0.168756911502185	1	0.115785875158994	-0.387035890741605	0.115785875158994	1
11740000	1	-0.512661982259789	-0.616892964609838	-0.512661982259789	1	0.160502720660918	-0.616892964609838	0.160502720660918	1
11750000	1	-0.100739378800111	-0.631842459102842	-0.100739378800111	1	0.132203060518451	-0.631842459102843	0.132203060518451	1
11760000	1	-0.0673805547114503	-0.541872751519606	-0.0673805547114503	1	0.0692276909972614	-0.541872751519606	0.0692276909972614	1
11770000	1	-0.454192167088198	-0.53525244706656	-0.454192167088198	1	0.255680238874856	-0.53525244706656	0.255680238874856	1
11780000	1	-0.28113870274837	-0.672378518381458	-0.28113870274837	1	0.334096735525734	-0.672378518381458	0.334096735525734	1
11790000	1	0.102813015500061	-0.390652662983172	0.102813015500061	1	0.0332140528152504	-0.390652662983172	0.0332140528152504	1
11800000	1	-0.0683784635843302	-0.653207669067545	-0.0683784635843301	1	0.124336375431077	-0.653207669067545	0.124336375431077	1
11810000	1	0.0368330220371776	-0.627980194014614	0.0368330220371775	1	0.161856624619516	-0.627980194014614	0.161856624619516	1
11820000	1	-0.158834536909161	-0.5457769943059	-0.158834536909161	1	0.141548819567563	-0.5457769943059	0.141548819567563	1
11830000	1	-0.500165781151317	-0.449274080220649	-0.500165781151317	1	-0.0472170543287291	-0.449274080220648	-0.0472170543287292	1
11840000	1	-0.33222112514434	-0.599542849305543	-0.33222112514434	1	0.169493322048616	-0.599542849305543	0.169493322048616	1
11850000	1	-0.0745839162566065	-0.541855495987351	-0.0745839162566065	1	0.0743877487855755	-0.541855495987351	0.0743877487855755	1
11860000	1	-0.226628497704489	-0.694685115030093	-0.226628497704489	1	0.193673163543018	-0.694685115030093	0.193673163543018	1
11870000	1	-0.227770185409123	-0.692589804959031	-0.227770185409123	1	0.15681412503495	-0.692589804959031	0.15681412503495	1
11880000	1	-0.284728178667671	-0.734416604370191	-0.284728178667671	1	0.314159031523495	-0.734416604370191	0.314159031523494	1
11890000	1	-0.0491644432657726	-0.553349797753391	-0.0491644432657726	1	0.205317184625108	-0.553349797753391	0.205317184625108	1
11900000	1	-0.0929128329668954	-0.64960117807853	-0.0929128329668954	1	0.185864038077075	-0.64960117807853	0.185864038077075	1
11910000	1	0.0315739094166177	-0.543146539193952	0.0315739094166177	1	0.0254724900799856	-0.543146539193952	0.0254724900799856	1
11920000	1	0.0962963205337641	-0.317409005865955	0.0962963205337641	1	0.0981639336547626	-0.317409005865955	0.0981639336547626	1
11930000	1	0.0376123136657596	-0.630322008941217	0.0376123136657596	1	-0.2523482309794	-0.630322008941217	-0.2523482309794	1
11940000	1	0.0993341329197639	-0.508778028220872	0.0993341329197639	1	-0.0134439630226246	-0.508778028220872	-0.0134439630226246	1
11950000	1	-0.157883248356109	-0.617695053478786	-0.157883248356108	1	0.0659667580293873	-0.617695053478786	0.0659667580293873	1
11960000	1	-0.0622223225375162	-0.73367315316805	-0.0622223225375162	1	0.123885276067877	-0.73367315316805	0.123885276067877	1
11970000	1	-0.372453413064937	-0.677633500779844	-0.372453413064937	1	0.225206095555946	-0.677633500779844	0.225206095555946	1
11980000	1	-0.200069740263648	-0.601634910252076	-0.200069740263648	1	0.319351553105968	-0.601634910252076	0.319351553105968	1
11990000	1	-0.133022097162854	-0.63111175187039	-0.133022097162854	1	-0.100871119038585	-0.63111175187039	-0.100871119038585	1
1.2e+07	1	-0.191142586893327	-0.483892547740272	-0.191142586893327	1	0.271242834727729	-0.483892547740272	0.271242834727729	1
12010000	1	0.157435890599695	-0.616367694764591	0.157435890599695	1	0.10970548258401	-0.616367694764591	0.10970548258401	1
12020000	1	-0.115158092647915	-0.751523931734276	-0.115158092647915	1	0.0302165776390715	-0.751523931734276	0.0302165776390715	1
12030000	1	-0.350064247626712	-0.643404187318677	-0.350064247626712	1	0.183494493063256	-0.643404187318677	0.183494493063256	1
12040000	1	0.290601667763302	-0.476885155470713	0.290601667763302	1	0.0694983730561249	-0.476885155470713	0.0694983730561249	1
12050000	1	-0.261735230168347	-0.495610323716333	-0.261735230168347	1	0.312903042635475	-0.495610323716333	0.312903042635475	1
12060000	1	-0.0313827931267694	-0.539753270297003	-0.0313827931267694	1	-0.00955971574778596	-0.539753270297003	-0.00955971574778596	1
12070000	1	-0.0523076841217278	-0.55686939281391	-0.0523076841217278	1	0.00413803056402073	-0.55686939281391	0.00413803056402073	1
12080000	1	-0.123100253548479	-0.500941848719624	-0.123100253548479	1	-0.144205510995925	-0.500941848719623	-0.144205510995925	1
12090000	1	-0.212532067651502	-0.71694655583073	-0.212532067651502	1	0.197150605454648	-0.71694655583073	0.197150605454648	1
12100000	1	-0.412256648090803	-0.573778052386438	-0.412256648090803	1	0.404654075991052	-0.573778052386438	0.404654075991052	1
12110000	1	-0.337088895251624	-0.747052169949914	-0.337088895251624	1	0.327266332425079	-0.747052169949914	0.327266332425079	1
12120000	1	0.058273554985941	-0.419833081926493	0.058273554985941	1	0.117441443901295	-0.419833081926493	0.117441443901295	1
12130000	1	-0.169365805119328	-0.48267578070393	-0.169365805119328	1	0.20832787337779	-0.48267578070393	0.20832787337779	1
12140000	1	0.124952924964589	-0.527056636443854	0.124952924964589	1	0.127590998818576	-0.527056636443854	0.127590998818576	1
12150000	1	0.175370616674109	-0.628344918350663	0.175370616674109	1	-0.061899991548272	-0.628344918350663	-0.061899991548272	1
12160000	1	-0.205262896187382	-0.740639690533903	-0.205262896187382	1	0.145970003242743	-0.740639690533903	0.145970003242743	1
12170000	1	0.154514011524916	-0.552346117844643	0.154514011524916	1	0.0631854745334319	-0.552346117844643	0.0631854745334319	1
12180000	1	0.187935927627532	-0.670597103759816	0.187935927627532	1	0.0485697593170428	-0.670597103759816	0.0485697593170428	1
12190000	1	0.0180129385314662	-0.384934593958558	0.0180129385314662	1	-0.0689973560616224	-0.384934593958558	-0.0689973560616224	1
12200000	1	-0.340605419550136	-0.770201710377704	-0.340605419550136	1	0.184160356502552	-0.770201710377704	0.184160356502552	1
12210000	1	-0.255132746817308	-0.532695233152109	-0.255132746817308	1	-0.15214410032114	-0.532695233152109	-0.15214410032114	1
12220000	1	-0.0843062386970928	-0.340110941170986	-0.0843062386970928	1	0.0438629910095302	-0.340110941170986	0.0438629910095302	1
12230000	1	-0.136166066141596	-0.653260484806657	-0.136166066141596	1	0.186457728200866	-0.653260484806657	0.186457728200866	1
12240000	1	-0.000473381837602712	-0.508094076687347	-0.000473381837602713	1	0.122168468787551	-0.508094076687347	0.122168468787551	1
12250000	1	-0.335175078964757	-0.604215705030808	-0.335175078964757	1	0.22471614041489	-0.604215705030808	0.22471614041489	1
12260000	1	-0.135578936082651	-0.486616166788828	-0.135578936082651	1	0.00827624220651108	-0.486616166788828	0.00827624220651108	1
12270000	1	-0.0811344555512428	-0.706584805561455	-0.0811344555512428	1	-0.0014662806983014	-0.706584805561455	-0.0014662806983014	1
12280000	1	-0.296166688071093	-0.751777044753084	-0.296166688071093	1	0.227824785802917	-0.751777044753084	0.227824785802917	1
12290000	1	0.00946345396574442	-0.513691871883048	0.00946345396574441	1	0.160222217137433	-0.513691871883048	0.160222217137433	1
12300000	1	0.109944872889469	-0.564035441522744	0.109944872889469	1	0.0940254286086205	-0.564035441522744	0.0940254286086205	1
12310000	1	-0.177709749929217	-0.426245157946004	-0.177709749929217	1	0.0313586133862542	-0.426245157946004	0.0313586133862542	1
12320000	1	0.109906461654307	-0.585065881642894	0.109906461654307	1	0.0609467422341861	-0.585065881642894	0.0609467422341861	1
12330000	1	0.0284031464263731	-0.644595407053258	0.0284031464263731	1	0.136902848293462	-0.644595407053258	0.136902848293462	1
12340000	1	-0.477000808422236	-0.757027034247444	-0.477000808422236	1	0.311296814133912	-0.757027034247444	0.311296814133913	1
12350000	1	-0.429845684770714	-0.600382067071496	-0.429845684770714	1	-0.0130541135846483	-0.600382067071496	-0.0130541135846483	1
12360000	1	-0.125175613040794	-0.705312624760912	-0.125175613040794	1	0.0485721565636474	-0.705312624760912	0.0485721565636474	1
12370000	1	0.023414858732165	-0.718119968133519	0.023414858732165	1	0.0523322261708996	-0.718119968133519	0.0523322261708996	1
12380000	1	-0.371076360990417	-0.737831833020001	-0.371076360990418	1	0.290738968476993	-0.737831833020001	0.290738968476993	1
12390000	1	-0.764963278377104	-0.591942073671084	-0.764963278377104	1	0.272365396069192	-0.591942073671084	0.272365396069193	1
12400000	1	-0.340382999392021	-0.496340981936554	-0.340382999392021	1	0.0983629686781513	-0.496340981936554	0.0983629686781513	1
12410000	1	-0.145644034430302	-0.536494956000593	-0.145644034430302	1	0.203575618650541	-0.536494956000593	0.203575618650541	1
12420000	1	-0.0832495082992519	-0.661315350896932	-0.0832495082992519	1	0.204803124017874	-0.661315350896932	0.204803124017874	1
12430000	1	-0.0681646225991235	-0.76208697833269	-0.0681646225991234	1	0.27053582105997	-0.76208697833269	0.27053582105997	1
12440000	1	-0.361547015996096	-0.765741596385639	-0.361547015996096	1	0.266053664820905	-0.765741596385639	0.266053664820905	1
12450000	1	-0.15785088105364	-0.697460072952352	-0.15785088105364	1	0.281626405240922	-0.697460072952352	0.281626405240922	1
12460000	1	0.0467919507871094	-0.50500912767459	0.0467919507871094	1	0.104965282872114	-0.50500912767459	0.104965282872114	1
12470000	1	-0.167486923746512	-0.75659318396172	-0.167486923746512	1	0.261664377801378	-0.75659318396172	0.261664377801378	1
12480000	1	-0.157159569404627	-0.667185745734514	-0.157159569404627	1	-0.0115913878939575	-0.667185745734514	-0.0115913878939574	1
12490000	1	-0.180893359925787	-0.580959931492075	-0.180893359925787	1	0.223759108506996	-0.580959931492075	0.223759108506996	1
12500000	1	-0.269200449303481	-0.475015004765128	-0.269200449303481	1	0.115533088153024	-0.475015004765128	0.115533088153024	1
12510000	1	0.00578972162820585	-0.182271481758079	0.00578972162820586	1	0.312078167511739	-0.182271481758079	0.312078167511739	1
12520000	1	0.427009386578221	-0.491527223493638	0.427009386578221	1	-0.0296840514263798	-0.491527223493638	-0.0296840514263797	1
12530000	1	-0.246226778894594	-0.835211491166636	-0.246226778894593	1	0.0902026021347476	-0.835211491166636	0.0902026021347476	1
12540000	1	-0.255538249752369	-0.843244861519507	-0.255538249752369	1	0.145403042102139	-0.843244861519507	0.145403042102139	1
12550000	1	-0.273175558768078	-0.648262874016415	-0.273175558768078	1	0.225998835455635	-0.648262874016415	0.225998835455635	1
12560000	1	0.0532252208906202	-0.397899115959627	0.0532252208906202	1	-0.0175699793219832	-0.397899115959628	-0.0175699793219832	1
12570000	1	-0.34498326072806	-0.724405697233201	-0.34498326072806	1	0.23270328126419	-0.724405697233201	0.23270328126419	1
12580000	1	0.0173552506141873	-0.528198045783988	0.0173552506141873	1	0.229337018256406	-0.528198045783988	0.229337018256406	1
12590000	1	0.0555850199341781	-0.609583302418511	0.0555850199341781	1	0.0346517161281022	-0.609583302418511	0.0346517161281022	1
12600000	1	-0.2269778618681	-0.62601237028876	-0.2269778618681	1	0.0844050776638799	-0.62601237028876	0.0844050776638799	1
12610000	1	0.139393816809984	-0.793602103128375	0.139393816809984	1	-0.250608643910428	-0.793602103128375	-0.250608643910428	1
12620000	1	-0.280247822292796	-0.695340519618276	-0.280247822292796	1	0.348302353851393	-0.695340519618276	0.348302353851393	1
12630000	1	-0.0588477513906198	-0.639557915328091	-0.0588477513906198	1	0.183485036577631	-0.639557915328091	0.183485036577631	1
12640000	1	-0.421594533753003	-0.703204311404015	-0.421594533753003	1	0.363762491339919	-0.703204311404015	0.363762491339919	1
12650000	1	-0.517632636447129	-0.798966546087376	-0.517632636447129	1	0.334064666934955	-0.798966546087376	0.334064666934955	1
12660000	1	-0.544030485116775	-0.687992467115232	-0.544030485116775	1	0.261600916359398	-0.687992467115232	0.261600916359398	1
12670000	1	0.12904883155348	-0.539961753360101	0.12904883155348	1	-0.0493379775718302	-0.539961753360101	-0.0493379775718302	1
12680000	1	0.0321029190804924	-0.404648017809433	0.0321029190804924	1	0.106681098549492	-0.404648017809433	0.106681098549492	1
12690000	1	-0.0563022236130253	-0.607984799133199	-0.0563022236130253	1	0.0515584886152664	-0.607984799133198	0.0515584886152664	1
12700000	1	-0.435997236931917	-0.536110746429868	-0.435997236931917	1	0.148636700873058	-0.536110746429868	0.148636700873058	1
12710000	1	-0.181940898705484	-0.303017672439349	-0.181940898705484	1	0.0727922999947514	-0.303017672439349	0.0727922999947514	1
12720000	1	-0.113605521970455	-0.523726664596796	-0.113605521970455	1	0.182152624457002	-0.523726664596796	0.182152624457002	1
12730000	1	0.250256932248636	-0.597475367231367	0.250256932248636	1	-0.0470887975478258	-0.597475367231367	-0.0470887975478258	1
12740000	1	-0.192471184171092	-0.525851847560139	-0.192471184171092	1	0.385903147828982	-0.525851847560139	0.385903147828983	1
12750000	1	-0.35627865324215	-0.740793804656709	-0.35627865324215	1	0.215619118103175	-0.740793804656709	0.215619118103175	1
12760000	1	0.298814993364128	-0.596571474277591	0.298814993364128	1	-0.126454616869597	-0.596571474277591	-0.126454616869597	1
12770000	1	-0.211140846352411	-0.592825943929916	-0.211140846352411	1	0.369993731519149	-0.592825943929916	0.369993731519149	1
12780000	1	-0.257140411844293	-0.685958163244518	-0.257140411844293	1	0.227467714074024	-0.685958163244518	0.227467714074024	1
12790000	1	0.0107562578109817	-0.360826172999761	0.0107562578109817	1	0.0925771052917459	-0.360826172999761	0.0925771052917459	1
12800000	1	-0.131173054120512	-0.739650667219753	-0.131173054120512	1	0.0799353627376676	-0.739650667219753	0.0799353627376676	1
12810000	1	-0.212187510221119	-0.589349968922284	-0.212187510221119	1	0.188890795909347	-0.589349968922284	0.188890795909347	1
12820000	1	0.0159544731846124	-0.613344630650352	0.0159544731846124	1	0.0442114708987144	-0.613344630650352	0.0442114708987144	1
12830000	1	-0.197584732766344	-0.650347793650762	-0.197584732766344	1	0.0847413866008389	-0.650347793650762	0.0847413866008389	1
12840000	1	-0.26620595609792	-0.756147704807502	-0.26620595609792	1	0.122716017345991	-0.756147704807502	0.122716017345991	1
12850000	1	-0.154696760959873	-0.470220890081963	-0.154696760959873	1	0.0300320007959905	-0.470220890081963	0.0300320007959905	1
12860000	1	0.130743609019542	-0.613785654735961	0.130743609019542	1	-0.208993552348625	-0.613785654735961	-0.208993552348625	1
12870000	1	-0.1832610843173	-0.696915059684711	-0.1832610843173	1	0.0320068854523133	-0.696915059684711	0.0320068854523133	1
12880000	1	-0.320658793690707	-0.500526886031895	-0.320658793690707	1	0.13020990560883	-0.500526886031895	0.13020990560883	1
12890000	1	-0.174367826073931	-0.714302559613778	-0.174367826073931	1	0.188834753014532	-0.714302559613778	0.188834753014532	1
12900000	1	0.114942871881612	-0.646289347477428	0.114942871881612	1	-0.081615010681383	-0.646289347477428	-0.081615010681383	1
12910000	1	-0.105253771724086	-0.568350072742704	-0.105253771724086	1	0.0836401176753863	-0.568350072742704	0.0836401176753863	1
12920000	1	-0.372995618435643	-0.578274267650423	-0.372995618435643	1	0.29648798405216	-0.578274267650423	0.29648798405216	1
12930000	1	-0.249563791500186	-0.747659005072115	-0.249563791500186	1	0.0176406341995613	-0.747659005072115	0.0176406341995613	1
12940000	1	-0.0499845748934959	-0.49774542690687	-0.0499845748934959	1	0.316910015995953	-0.49774542690687	0.316910015995953	1
12950000	1	-0.397409067069573	-0.618995758141145	-0.397409067069573	1	0.251110032868692	-0.618995758141145	0.251110032868692	1
12960000	1	-0.151657267581431	-0.637139554203646	-0.151657267581431	1	0.0190106888751799	-0.637139554203646	0.0190106888751799	1
12970000	1	-0.307504818639139	-0.454029926388612	-0.307504818639139	1	0.29536385594718	-0.454029926388612	0.29536385594718	1
12980000	1	-0.0941564162974369	-0.354172373103575	-0.0941564162974369	1	0.0986789022447768	-0.354172373103575	0.0986789022447768	1
12990000	1	-0.0489558611326621	-0.674757124428741	-0.0489558611326621	1	0.108122376275573	-0.674757124428741	0.108122376275573	1
1.3e+07	1	-0.103467895307619	-0.441753581520754	-0.103467895307619	1	0.0359606769659326	-0.441753581520754	0.0359606769659326	1
13010000	1	-0.222874500179614	-0.755292094620575	-0.222874500179614	1	-0.0078349075756836	-0.755292094620575	-0.00783490757568361	1
13020000	1	-0.185194476945018	-0.396790390166918	-0.185194476945018	1	0.0306889458848408	-0.396790390166918	0.0306889458848408	1
13030000	1	0.0169244685170114	-0.690841598016748	0.0169244685170114	1	0.121081734332391	-0.690841598016748	0.121081734332391	1
13040000	1	-0.0909313004738982	-0.552412886455894	-0.0909313004738982	1	0.0639689866591224	-0.552412886455894	0.0639689866591224	1
13050000	1	-0.0849318913614679	-0.450133136569826	-0.0849318913614679	1	-0.00984969685426193	-0.450133136569826	-0.00984969685426194	1
13060000	1	-0.0503112190367077	-0.558530032991443	-0.0503112190367077	1	-0.0622791514345405	-0.558530032991443	-0.0622791514345405	1
13070000	1	-0.244952800672734	-0.571930039506583	-0.244952800672734	1	0.156899266449088	-0.571930039506583	0.156899266449088	1
13080000	1	-0.111127242671463	-0.54111478334202	-0.111127242671463	1	-0.0693629942541861	-0.54111478334202	-0.0693629942541861	1
13090000	1	-0.0922036730160447	-0.306609882044267	-0.0922036730160447	1	0.16385529043027	-0.306609882044267	0.16385529043027	1
13100000	1	-0.119886198360132	-0.653040192525444	-0.119886198360132	1	0.236062337447549	-0.653040192525444	0.236062337447549	1
13110000	1	-0.16639920143706	-0.352170390038797	-0.16639920143706	1	0.209017661876031	-0.352170390038797	0.209017661876031	1
13120000	1	-0.0237708465213997	-0.486897374696493	-0.0237708465213997	1	0.088257702416976	-0.486897374696493	0.088257702416976	1
13130000	1	-0.306312616361535	-0.743524170708034	-0.306312616361535	1	0.132256450570263	-0.743524170708034	0.132256450570263	1
13140000	1	-0.348799618616092	-0.6044043124095	-0.348799618616092	1	0.102681836467564	-0.6044043124095	0.102681836467564	1
13150000	1	-0.203866513748402	-0.588277900748088	-0.203866513748402	1	0.0698296925884163	-0.588277900748088	0.0698296925884163	1
13160000	1	-0.0410916856921366	-0.630094570080237	-0.0410916856921366	1	-0.0130347359788392	-0.630094570080237	-0.0130347359788392	1
13170000	1	0.0213718397835309	-0.393743997886678	0.0213718397835309	1	-0.00640181959896096	-0.393743997886678	-0.00640181959896096	1
13180000	1	-0.222491077213427	-0.500833213154875	-0.222491077213427	1	0.324166446127559	-0.500833213154875	0.324166446127559	1
13190000	1	0.0457763294773031	-0.556002927589665	0.0457763294773031	1	-0.242370076477329	-0.556002927589665	-0.242370076477329	1
13200000	1	-0.237609429633514	-0.756976447915686	-0.237609429633514	1	0.172292723662181	-0.756976447915687	0.172292723662181	1
13210000	1	-0.172365747485944	-0.577632990079044	-0.172365747485944	1	0.137160682232861	-0.577632990079044	0.137160682232861	1
13220000	1	-0.0498223188885152	-0.63892866862482	-0.0498223188885152	1	0.242643439204432	-0.63892866862482	0.242643439204432	1
13230000	1	0.107993456545581	-0.332533988476557	0.107993456545581	1	0.123341870205836	-0.332533988476557	0.123341870205836	1
13240000	1	-0.450020867902785	-0.425064070338333	-0.450020867902785	1	0.210631675943228	-0.425064070338333	0.210631675943228	1
13250000	1	-0.418868011705443	-0.618417628260769	-0.418868011705443	1	0.366582512073605	-0.618417628260769	0.366582512073605	1
13260000	1	-0.156830348263923	-0.454184669806902	-0.156830348263923	1	-0.0682400750205428	-0.454184669806902	-0.0682400750205428	1
13270000	1	-0.373354508934254	-0.307376540858102	-0.373354508934254	1	-0.0384262967237441	-0.307376540858102	-0.0384262967237441	1
13280000	1	-0.284077671712652	-0.644326919297011	-0.284077671712652	1	0.0194742580744271	-0.644326919297011	0.0194742580744271	1
13290000	1	0.0905793138333987	-0.428586185869442	0.0905793138333987	1	-0.0474235823685028	-0.428586185869442	-0.0474235823685028	1
13300000	1	0.0224932487036827	-0.210860058438292	0.0224932487036827	1	0.266882888597345	-0.210860058438292	0.266882888597345	1
13310000	1	0.17697239368959	-0.475131039683148	0.17697239368959	1	-0.133421653784802	-0.475131039683148	-0.133421653784802	1
13320000	1	-0.191653937198199	-0.62741006236738	-0.191653937198199	1	0.27871552005871	-0.62741006236738	0.27871552005871	1
13330000	1	-0.150948321143024	-0.472602240869417	-0.150948321143024	1	0.0959236179871898	-0.472602240869417	0.0959236179871898	1
13340000	1	0.0492761346343709	-0.724081631676129	0.0492761346343709	1	-0.0201541695898447	-0.724081631676129	-0.0201541695898447	1
13350000	1	-0.0749753155577495	-0.543719392960337	-0.0749753155577495	1	-0.200532393573874	-0.543719392960337	-0.200532393573874	1
13360000	1	-0.217206372736968	-0.480156711063657	-0.217206372736968	1	0.270014081884615	-0.480156711063657	0.270014081884615	1
13370000	1	-0.305039706893183	-0.393662779449667	-0.305039706893183	1	0.317455318455922	-0.393662779449667	0.317455318455922	1
13380000	1	-0.416560208108027	-0.746674808889086	-0.416560208108027	1	0.106423607534543	-0.746674808889086	0.106423607534543	1
13390000	1	0.265232491519923	-0.452655120113197	0.265232491519923	1	0.143834322392942	-0.452655120113197	0.143834322392942	1
13400000	1	-0.24111474946745	-0.531896247991519	-0.24111474946745	1	0.130674492931587	-0.531896247991519	0.130674492931587	1
13410000	1	-0.206532869718553	-0.750759309713891	-0.206532869718553	1	-0.0072587216298115	-0.750759309713891	-0.00725872162981153	1
13420000	1	-0.220176394343871	-0.490900642588818	-0.220176394343871	1	-0.0569101598567765	-0.490900642588818	-0.0569101598567765	1
13430000	1	-0.112694614674532	-0.637094298653861	-0.112694614674532	1	0.023157074396463	-0.637094298653861	0.023157074396463	1
13440000	1	0.0117895834354072	-0.521088361965734	0.0117895834354072	1	-0.0124184859495206	-0.521088361965734	-0.0124184859495206	1
13450000	1	-0.15079855416357	-0.563444972239469	-0.15079855416357	1	0.18978993450694	-0.563444972239469	0.18978993450694	1
13460000	1	-0.15807870206472	-0.776338568711976	-0.15807870206472	1	0.129675904529884	-0.776338568711976	0.129675904529884	1
13470000	1	-0.0010445091321078	-0.750500564796665	-0.00104450913210779	1	-0.193099360202235	-0.750500564796665	-0.193099360202235	1
13480000	1	-0.19257306333459	-0.778269256530038	-0.19257306333459	1	0.210258303739781	-0.778269256530038	0.210258303739781	1
13490000	1	-0.340364350471198	-0.55645961904428	-0.340364350471198	1	0.208588556417255	-0.55645961904428	0.208588556417255	1
13500000	1	0.219530947059807	-0.467576459947856	0.219530947059807	1	-0.17160750359951	-0.467576459947856	-0.17160750359951	1
13510000	1	-0.246115322546682	-0.65855212903526	-0.246115322546682	1	0.281459063375362	-0.65855212903526	0.281459063375362	1
13520000	1	-0.304790356830684	-0.642550498469208	-0.304790356830684	1	0.328522964557204	-0.642550498469208	0.328522964557204	1
13530000	1	-0.525867597894663	-0.791878891462569	-0.525867597894663	1	0.256911841355226	-0.791878891462569	0.256911841355226	1
13540000	1	-0.0806811904362153	-0.558134534885879	-0.0806811904362153	1	0.117009245967358	-0.558134534885879	0.117009245967358	1
13550000	1	-0.17556956864712	-0.634610771141613	-0.17556956864712	1	0.195364861326192	-0.634610771141613	0.195364861326192	1
13560000	1	-0.388795274865694	-0.386652978566042	-0.388795274865694	1	0.0831753897215143	-0.386652978566042	0.0831753897215143	1
13570000	1	-0.00691242467363969	-0.304999236356158	-0.00691242467363969	1	0.0197666479362737	-0.304999236356158	0.0197666479362737	1
13580000	1	-0.114311158621354	-0.737080160028558	-0.114311158621354	1	0.0288583343058736	-0.737080160028559	0.0288583343058736	1
13590000	1	-0.0322129670965429	-0.634043791072081	-0.0322129670965429	1	0.17905225688852	-0.634043791072081	0.17905225688852	1
13600000	1	-0.124433221059318	-0.611874814276744	-0.124433221059318	1	0.256024406914863	-0.611874814276744	0.256024406914863	1
13610000	1	-0.340809093791063	-0.539029698751027	-0.340809093791063	1	0.0667146795852912	-0.539029698751027	0.0667146795852911	1
13620000	1	0.0459200569622356	-0.578895492004733	0.0459200569622356	1	0.0520067769493641	-0.578895492004733	0.0520067769493641	1
13630000	1	-0.253865190179706	-0.767453792614957	-0.253865190179706	1	0.132788114818252	-0.767453792614957	0.132788114818252	1
13640000	1	-0.14156814117573	-0.641398580967005	-0.14156814117573	1	-0.0151734872693902	-0.641398580967005	-0.0151734872693902	1
13650000	1	-0.0634475653005898	-0.579130322750214	-0.0634475653005898	1	-0.0669751483736346	-0.579130322750214	-0.0669751483736346	1
13660000	1	-0.330554624537194	-0.51759177718186	-0.330554624537194	1	0.285566607851523	-0.51759177718186	0.285566607851523	1
13670000	1	-0.0300185547383585	-0.680130890245185	-0.0300185547383585	1	0.0807608897816827	-0.680130890245185	0.0807608897816827	1
13680000	1	-0.289936093453898	-0.741798275015607	-0.289936093453898	1	0.154702381276834	-0.741798275015606	0.154702381276834	1
13690000	1	-0.335781315624694	-0.532335392854858	-0.335781315624694	1	-0.00371663269647959	-0.532335392854858	-0.00371663269647959	1
13700000	1	-0.166711787921829	-0.397503656267343	-0.166711787921829	1	0.195717328382326	-0.397503656267343	0.195717328382326	1
13710000	1	-0.239255137681095	-0.676840755949563	-0.239255137681095	1	0.144209232821791	-0.676840755949563	0.144209232821791	1
13720000	1	0.00213108300213294	-0.615138223578149	0.00213108300213294	1	0.00877481818831096	-0.615138223578149	0.00877481818831096	1
13730000	1	-0.277234320756537	-0.642786704917151	-0.277234320756537	1	0.112009817749754	-0.642786704917151	0.112009817749754	1
13740000	1	0.193664963451393	-0.67979150105324	0.193664963451393	1	0.106173047073952	-0.67979150105324	0.106173047073952	1
13750000	1	-0.189643422840366	-0.68600672364695	-0.189643422840366	1	0.158141266312023	-0.68600672364695	0.158141266312023	1
13760000	1	-0.492514017565194	-0.558009831416871	-0.492514017565194	1	0.22524558971007	-0.558009831416871	0.22524558971007	1
13770000	1	-0.184846703571135	-0.438206746492352	-0.184846703571135	1	0.247271704547712	-0.438206746492352	0.247271704547712	1
13780000	1	-0.153626921422269	-0.501148744054888	-0.153626921422269	1	0.125030617114256	-0.501148744054888	0.125030617114256	1
13790000	1	-0.27982534690938	-0.536017685644829	-0.27982534690938	1	0.232978225910645	-0.536017685644829	0.232978225910645	1
13800000	1	-0.0798082539543875	-0.661017412725586	-0.0798082539543875	1	0.316612451207857	-0.661017412725586	0.316612451207857	1
13810000	1	-0.125717635435675	-0.250865417320393	-0.125717635435675	1	-0.204045850680998	-0.250865417320393	-0.204045850680998	1
13820000	1	0.00069843980766505	-0.546764606576558	0.000698439807665049	1	0.0837330224463514	-0.546764606576558	0.0837330224463514	1
13830000	1	-0.255738203009661	-0.392658927932955	-0.255738203009661	1	0.13883168245323	-0.392658927932955	0.13883168245323	1
13840000	1	0.00953666161774026	-0.352762835285153	0.00953666161774026	1	0.234668745448542	-0.352762835285153	0.234668745448542	1
13850000	1	-0.394517866331093	-0.650299967989235	-0.394517866331093	1	0.289289282903349	-0.650299967989235	0.289289282903348	1
13860000	1	-0.0654554255657195	-0.435253538843416	-0.0654554255657195	1	-0.0620968407272939	-0.435253538843416	-0.0620968407272939	1
13870000	1	-0.269307292098242	-0.786947968507159	-0.269307292098242	1	0.244526100086844	-0.786947968507159	0.244526100086845	1
13880000	1	-0.0625510643336542	-0.82844316086592	-0.0625510643336542	1	0.0589611603006886	-0.828443160865921	0.0589611603006886	1
13890000	1	-0.0752905576588108	-0.562621029255373	-0.0752905576588108	1	-0.0161332233276181	-0.562621029255373	-0.0161332233276181	1
13900000	1	-0.261970670048874	-0.565199763188826	-0.261970670048874	1	-0.0126328457703571	-0.565199763188826	-0.0126328457703571	1
13910000	1	-0.531189507452142	-0.704398614239297	-0.531189507452142	1	0.423899993994393	-0.704398614239297	0.423899993994393	1
13920000	1	0.104683503157014	-0.507118820915255	0.104683503157014	1	0.167383376773683	-0.507118820915255	0.167383376773683	1
13930000	1	-0.539119953178111	-0.514364922850722	-0.539119953178111	1	0.333982797043067	-0.514364922850722	0.333982797043067	1
13940000	1	-0.00071637224960872	-0.30206845774369	-0.000716372249608719	1	0.225036826520621	-0.30206845774369	0.225036826520621	1
13950000	1	0.0741020463284305	-0.565508713486558	0.0741020463284305	1	0.0178540530031242	-0.565508713486558	0.0178540530031242	1
13960000	1	-0.421847103783685	-0.616877610886544	-0.421847103783685	1	0.290625978895494	-0.616877610886544	0.290625978895494	1
13970000	1	-0.198140311448097	-0.757481069414422	-0.198140311448097	1	0.111625827448699	-0.757481069414422	0.111625827448699	1
13980000	1	-0.383902366775577	-0.554059640691695	-0.383902366775577	1	0.120803354581696	-0.554059640691695	0.120803354581696	1
13990000	1	-0.0670051373341292	-0.659761313862455	-0.0670051373341292	1	0.0978609349172493	-0.659761313862455	0.0978609349172493	1
1.4e+07	1	-0.374288846497702	-0.521576008612941	-0.374288846497702	1	-0.0493638120690619	-0.521576008612941	-0.0493638120690619	1
14010000	1	-0.107243887497222	-0.599870286499193	-0.107243887497222	1	0.115118062219971	-0.599870286499193	0.115118062219971	1
14020000	1	0.223798563807431	-0.565639090874965	0.223798563807431	1	0.00377643457851381	-0.565639090874965	0.00377643457851379	1
14030000	1	-0.215862294326974	-0.44777780387907	-0.215862294326974	1	0.248917465900043	-0.44777780387907	0.248917465900043	1
14040000	1	-0.147245344447884	-0.600805388433972	-0.147245344447884	1	0.228783269926809	-0.600805388433972	0.228783269926809	1
14050000	1	-0.291440105711943	-0.730388071778735	-0.291440105711943	1	0.117063451513262	-0.730388071778735	0.117063451513262	1
14060000	1	-0.235263109381716	-0.674934002994739	-0.235263109381716	1	0.413492344124871	-0.674934002994739	0.413492344124871	1
14070000	1	-0.489360878718128	-0.681454678475933	-0.489360878718128	1	0.0949863679402686	-0.681454678475933	0.0949863679402686	1
14080000	1	0.000253361947140092	-0.275193340377168	0.000253361947140094	1	-0.0454105242011696	-0.275193340377168	-0.0454105242011696	1
14090000	1	-0.300032572568052	-0.685574995575338	-0.300032572568052	1	0.219535628648426	-0.685574995575338	0.219535628648426	1
14100000	1	0.0661951562778727	-0.635364618222246	0.0661951562778727	1	-0.0274427078015048	-0.635364618222246	-0.0274427078015048	1
14110000	1	-0.364374184676047	-0.604540118354802	-0.364374184676047	1	0.020596138893204	-0.604540118354802	0.020596138893204	1
14120000	1	-0.220645402821791	-0.473222341046453	-0.220645402821791	1	-0.121999147612277	-0.473222341046453	-0.121999147612277	1
14130000	1	-0.457212204948144	-0.765291562015633	-0.457212204948144	1	0.382550098564023	-0.765291562015633	0.382550098564023	1
14140000	1	-0.108457011253892	-0.633674982131286	-0.108457011253892	1	0.212668479692996	-0.633674982131286	0.212668479692996	1
14150000	1	-0.0584149957549947	-0.550528762623531	-0.0584149957549947	1	0.152465871130017	-0.550528762623531	0.152465871130017	1
14160000	1	-0.0490305945736475	-0.56583336192566	-0.0490305945736475	1	0.205201589093763	-0.56583336192566	0.205201589093763	1
14170000	1	-0.0992883872821853	-0.578589948726877	-0.0992883872821853	1	0.159305997150299	-0.578589948726877	0.159305997150299	1
14180000	1	-0.0335983083305887	-0.496972463645897	-0.0335983083305887	1	0.134271035930483	-0.496972463645897	0.134271035930483	1
14190000	1	-0.193750194644408	-0.64265852009307	-0.193750194644408	1	0.117094706752061	-0.64265852009307	0.117094706752061	1
14200000	1	0.00102969122120762	-0.583398006072767	0.00102969122120761	1	0.0729840814534949	-0.583398006072767	0.0729840814534949	1
14210000	1	-0.00283072399314139	-0.563586943277227	-0.00283072399314137	1	0.100452245851096	-0.563586943277227	0.100452245851096	1
14220000	1	-0.209618913641385	-0.72170481006735	-0.209618913641385	1	0.125808988838756	-0.72170481006735	0.125808988838756	1
14230000	1	-0.0440642351403362	-0.60485226428373	-0.0440642351403362	1	-0.012597424214235	-0.60485226428373	-0.012597424214235	1
14240000	1	-0.385948729067107	-0.68340708018154	-0.385948729067107	1	0.309912277394995	-0.68340708018154	0.309912277394995	1
14250000	1	-0.278010280290696	-0.681568795666195	-0.278010280290696	1	-0.184380042702601	-0.681568795666195	-0.184380042702601	1
14260000	1	-0.401399717056319	-0.634151929450459	-0.401399717056319	1	0.223653957881775	-0.634151929450459	0.223653957881775	1
14270000	1	-0.301975282113429	-0.538863288451317	-0.301975282113429	1	0.123571986541406	-0.538863288451317	0.123571986541406	1
14280000	1	-0.171726829054472	-0.504570344045025	-0.171726829054472	1	0.130491477495217	-0.504570344045025	0.130491477495217	1
14290000	1	0.0308515825639499	-0.652349721709824	0.0308515825639499	1	0.236444109234066	-0.652349721709824	0.236444109234066	1
14300000	1	-0.248470152335207	-0.80758539128239	-0.248470152335207	1	0.207179208793218	-0.80758539128239	0.207179208793218	1
14310000	1	-0.0399311719647391	-0.737723446941703	-0.0399311719647391	1	0.215516321204661	-0.737723446941703	0.215516321204661	1
14320000	1	0.177311876757194	-0.613716635806935	0.177311876757194	1	-0.0089088809872656	-0.613716635806935	-0.00890888098726559	1
14330000	1	-0.450404116883652	-0.676213759866049	-0.450404116883652	1	0.306155876571911	-0.676213759866049	0.306155876571911	1
14340000	1	-0.196976411966691	-0.582987511989112	-0.196976411966691	1	0.24149517422635	-0.582987511989112	0.24149517422635	1
14350000	1	-0.183865700291341	-0.754513141514359	-0.183865700291341	1	0.0293740063192763	-0.754513141514359	0.0293740063192763	1
14360000	1	0.28231391547399	-0.651966899544746	0.28231391547399	1	-0.136639537252915	-0.651966899544746	-0.136639537252915	1
14370000	1	-0.0924620975386112	-0.661370879993856	-0.0924620975386112	1	0.286700482582635	-0.661370879993856	0.286700482582635	1
14380000	1	0.0694370324392641	-0.485119093227352	0.0694370324392641	1	0.0062839559557894	-0.485119093227352	0.0062839559557894	1
14390000	1	-0.23050373373597	-0.528877951847488	-0.23050373373597	1	0.255638252942874	-0.528877951847488	0.255638252942874	1
14400000	1	-0.24633466700109	-0.660970314565141	-0.24633466700109	1	0.26028819908568	-0.660970314565141	0.26028819908568	1
14410000	1	0.0082190195514668	-0.676388106078748	0.0082190195514668	1	0.149035626497334	-0.676388106078748	0.149035626497334	1
14420000	1	-0.447769931834979	-0.687373782854647	-0.447769931834979	1	0.21168152683075	-0.687373782854647	0.21168152683075	1
14430000	1	-0.135915865350754	-0.7739557045269	-0.135915865350754	1	0.0852552852401012	-0.7739557045269	0.0852552852401012	1
14440000	1	-0.126801557001748	-0.498585465739935	-0.126801557001748	1	0.197171861207514	-0.498585465739935	0.197171861207514	1
14450000	1	-0.414687944218139	-0.611191381375417	-0.414687944218139	1	0.0499125672413172	-0.611191381375416	0.0499125672413172	1
14460000	1	0.00834894008934587	-0.569378132484897	0.00834894008934587	1	0.15890061702833	-0.569378132484897	0.15890061702833	1
14470000	1	-0.171159827020503	-0.565168202540329	-0.171159827020503	1	0.0434392608332318	-0.565168202540328	0.0434392608332318	1
14480000	1	-0.416013745700354	-0.658083973704184	-0.416013745700354	1	0.121696455321307	-0.658083973704184	0.121696455321307	1
14490000	1	-0.187873564685041	-0.628230528860604	-0.187873564685041	1	0.0898499640739631	-0.628230528860604	0.089849964073963	1
14500000	1	-0.415350235586507	-0.726838831940064	-0.415350235586507	1	0.41252619568045	-0.726838831940064	0.41252619568045	1
14510000	1	-0.166471783339052	-0.280576423566655	-0.166471783339052	1	0.0905913415279122	-0.280576423566655	0.0905913415279122	1
14520000	1	0.0937185219908785	-0.526173468147425	0.0937185219908785	1	0.248585607670552	-0.526173468147425	0.248585607670552	1
14530000	1	-0.0466701684711693	-0.740123214234235	-0.0466701684711693	1	0.0704056325049612	-0.740123214234235	0.0704056325049612	1
14540000	1	0.111111593639725	-0.390123710569659	0.111111593639725	1	-0.0226832854417297	-0.390123710569659	-0.0226832854417297	1
14550000	1	-0.406696086299865	-0.707574337442015	-0.406696086299865	1	0.337997248621708	-0.707574337442015	0.337997248621708	1
14560000	1	-0.502430408021742	-0.791181513469133	-0.502430408021742	1	0.22232844704107	-0.791181513469133	0.22232844704107	1
14570000	1	0.0391892704386264	-0.54014423494636	0.0391892704386264	1	-0.0377309700426063	-0.54014423494636	-0.0377309700426063	1
14580000	1	-0.0699940929720645	-0.676494690481591	-0.0699940929720646	1	0.14920785137688	-0.676494690481591	0.14920785137688	1
14590000	1	-0.214841927951647	-0.21358636643901	-0.214841927951647	1	0.144126350328513	-0.21358636643901	0.144126350328513	1
14600000	1	-0.107815049499141	-0.681085478945661	-0.107815049499141	1	0.0885701779287409	-0.68108547894566	0.0885701779287409	1
14610000	1	0.0205488246564829	-0.578333321286024	0.0205488246564829	1	0.016252082607254	-0.578333321286024	0.016252082607254	1
14620000	1	-0.355932997335069	-0.48150484737144	-0.355932997335069	1	0.12467931752899	-0.48150484737144	0.12467931752899	1
14630000	1	-0.195328807496002	-0.806445832597482	-0.195328807496002	1	0.125136631727067	-0.806445832597482	0.125136631727067	1
14640000	1	-0.326320895842276	-0.560672548354392	-0.326320895842276	1	0.0215219862498411	-0.560672548354392	0.0215219862498411	1
14650000	1	0.147651481618581	-0.472295712551308	0.147651481618581	1	0.177942192149463	-0.472295712551308	0.177942192149463	1
14660000	1	-0.460677562198501	-0.405663430875161	-0.460677562198501	1	0.150882478532332	-0.405663430875161	0.150882478532332	1
14670000	1	0.0908041942244129	-0.688688614813754	0.0908041942244129	1	0.0984654843710865	-0.688688614813754	0.0984654843710864	1
14680000	1	-0.209509090000888	-0.674738480732365	-0.209509090000888	1	-0.068469148646954	-0.674738480732365	-0.068469148646954	1
14690000	1	-0.236772606016157	-0.652703487159274	-0.236772606016157	1	0.0983900811846656	-0.652703487159274	0.0983900811846656	1
14700000	1	-0.340864251209365	-0.526175647481941	-0.340864251209365	1	0.055376857993855	-0.526175647481941	0.055376857993855	1
14710000	1	0.0182374544930763	-0.537976900711075	0.0182374544930763	1	0.0297824878584972	-0.537976900711075	0.0297824878584972	1
14720000	1	-0.143819881747518	-0.489594044032014	-0.143819881747518	1	0.346092885031178	-0.489594044032014	0.346092885031178	1
14730000	1	-0.160099052375121	-0.548872822571887	-0.160099052375121	1	0.0119040184296181	-0.548872822571887	0.0119040184296182	1
14740000	1	-0.334385677157083	-0.544554950909811	-0.334385677157083	1	0.0785201506256539	-0.544554950909812	0.0785201506256539	1
14750000	1	-0.178289544569678	-0.324444072978814	-0.178289544569678	1	-0.120236103606968	-0.324444072978814	-0.120236103606968	1
14760000	1	-0.123712707621691	-0.610881546804202	-0.123712707621691	1	-0.0375835973579874	-0.610881546804203	-0.0375835973579874	1
14770000	1	-0.296276428454353	-0.633543952642685	-0.296276428454353	1	0.122277568968471	-0.633543952642685	0.122277568968471	1
14780000	1	0.316542079551654	-0.388717153210941	0.316542079551654	1	-0.0109100621924105	-0.388717153210941	-0.0109100621924104	1
14790000	1	0.088469694064287	-0.463687760272695	0.088469694064287	1	-0.0767159137862501	-0.463687760272695	-0.0767159137862501	1
14800000	1	0.00700353727926343	-0.460162014876095	0.00700353727926343	1	0.14051602140603	-0.460162014876095	0.14051602140603	1
14810000	1	-0.186446644010249	-0.675183891934117	-0.186446644010249	1	0.227980737040403	-0.675183891934117	0.227980737040403	1
14820000	1	-0.407648376490618	-0.77427114034288	-0.407648376490618	1	0.304761158102102	-0.77427114034288	0.304761158102102	1
14830000	1	-0.00262785316658953	-0.673871345130132	-0.00262785316658953	1	-0.0256461022012793	-0.673871345130132	-0.0256461022012793	1
14840000	1	-0.248780844035742	-0.545686358405202	-0.248780844035742	1	-0.0226816303450723	-0.545686358405201	-0.0226816303450723	1
14850000	1	-0.254286134459053	-0.506006448650694	-0.254286134459053	1	0.156069398664129	-0.506006448650694	0.156069398664129	1
14860000	1	-0.357968601848856	-0.565679348310649	-0.357968601848856	1	0.462682218260578	-0.565679348310649	0.462682218260578	1
14870000	1	-0.37254950674561	-0.739726814849154	-0.37254950674561	1	0.259347221498285	-0.739726814849154	0.259347221498285	1
14880000	1	-0.270430459471533	-0.549570396806544	-0.270430459471533	1	0.0139381263353025	-0.549570396806544	0.0139381263353026	1
14890000	1	-0.313675195598603	-0.672549449539092	-0.313675195598603	1	0.165111894860093	-0.672549449539092	0.165111894860093	1
14900000	1	-0.0730677774495396	-0.399329864065901	-0.0730677774495396	1	-0.0049816507114541	-0.399329864065901	-0.00498165071145409	1
14910000	1	-0.0210189966993433	-0.625938613186747	-0.0210189966993433	1	-0.102115158646592	-0.625938613186746	-0.102115158646592	1
14920000	1	-0.0512703248180661	-0.640168789067496	-0.0512703248180661	1	0.148148603143895	-0.640168789067496	0.148148603143895	1
14930000	1	-0.292429161829573	-0.647163947397379	-0.292429161829573	1	0.016633250558378	-0.647163947397379	0.0166332505583781	1
14940000	1	0.079678212215144	-0.53493167539337	0.079678212215144	1	0.0596444996878513	-0.53493167539337	0.0596444996878513	1
14950000	1	-0.180332315599917	-0.759271188705669	-0.180332315599917	1	0.136440810011227	-0.759271188705669	0.136440810011227	1
14960000	1	-0.0503907074676776	-0.499460130340547	-0.0503907074676776	1	0.031530179727449	-0.499460130340547	0.031530179727449	1
14970000	1	-0.0488712512935056	-0.609415911168261	-0.0488712512935056	1	0.105965403586594	-0.609415911168261	0.105965403586594	1
14980000	1	-0.226354006589084	-0.3408600877492	-0.226354006589084	1	0.285842602063094	-0.3408600877492	0.285842602063094	1
14990000	1	-0.320062639523534	-0.475840605478462	-0.320062639523534	1	0.141018002567641	-0.475840605478462	0.141018002567641	1
1.5e+07	1	-0.360097739799728	-0.306053771315678	-0.360097739799728	1	0.155509021497543	-0.306053771315678	0.155509021497543	1
15010000	1	-0.0112073813545736	-0.647860137265559	-0.0112073813545736	1	0.128793505331177	-0.647860137265559	0.128793505331177	1
15020000	1	-0.158158042266895	-0.307940722793069	-0.158158042266895	1	-0.023292457795834	-0.307940722793069	-0.023292457795834	1
15030000	1	-0.244236275968757	-0.704045747946716	-0.244236275968757	1	0.309793458017628	-0.704045747946716	0.309793458017628	1
15040000	1	-0.176671882567894	-0.507184538148964	-0.176671882567894	1	0.144216779242891	-0.507184538148964	0.144216779242891	1
15050000	1	-0.044902479739088	-0.6629758789712	-0.044902479739088	1	0.0712797498743477	-0.6629758789712	0.0712797498743477	1
15060000	1	-0.424468690519989	-0.656929290549072	-0.424468690519989	1	0.353999882205364	-0.656929290549072	0.353999882205364	1
15070000	1	-0.197398460588587	-0.497161249968892	-0.197398460588587	1	-0.082118182469966	-0.497161249968892	-0.082118182469966	1
15080000	1	-0.242999408770977	-0.776724936832764	-0.242999408770977	1	0.226873958801227	-0.776724936832764	0.226873958801227	1
15090000	1	-0.248366400135104	-0.574245797411783	-0.248366400135104	1	0.0372771933730813	-0.574245797411783	0.0372771933730813	1
15100000	1	-0.0430263513342463	-0.828623262288034	-0.0430263513342463	1	0.0350728817335115	-0.828623262288034	0.0350728817335115	1
15110000	1	-0.0901645791898525	-0.496688938218218	-0.0901645791898526	1	0.314006582198487	-0.496688938218217	0.314006582198487	1
15120000	1	-0.279284100172911	-0.688369800250051	-0.279284100172911	1	0.193865057569135	-0.688369800250051	0.193865057569135	1
15130000	1	-0.165264410782748	-0.565434773239268	-0.165264410782748	1	0.334032050407047	-0.565434773239268	0.334032050407047	1
15140000	1	-0.122876338467822	-0.537582345120127	-0.122876338467822	1	0.100913574199023	-0.537582345120127	0.100913574199023	1
15150000	1	0.205042200295947	-0.661154474525115	0.205042200295947	1	-0.0397923672889403	-0.661154474525115	-0.0397923672889402	1
15160000	1	-0.246106220483644	-0.404973434152055	-0.246106220483644	1	0.205520876263392	-0.404973434152055	0.205520876263392	1
15170000	1	0.236777699017309	-0.570896957981273	0.236777699017309	1	0.0483207526367637	-0.570896957981273	0.0483207526367637	1
15180000	1	-0.347024209277471	-0.662973304780617	-0.347024209277471	1	0.01496663035301	-0.662973304780617	0.01496663035301	1
15190000	1	-0.0370299396550211	-0.666013954803701	-0.0370299396550211	1	0.11002075373303	-0.666013954803701	0.11002075373303	1
15200000	1	-0.0610956733410273	-0.591978091152363	-0.0610956733410273	1	0.101080162183687	-0.591978091152363	0.101080162183687	1
15210000	1	-0.257147490637302	-0.658737121335472	-0.257147490637302	1	0.200823247494381	-0.658737121335472	0.20082324749438	1
15220000	1	-0.124831306697344	-0.455734391197117	-0.124831306697344	1	-0.0274978576819179	-0.455734391197117	-0.0274978576819179	1
15230000	1	-0.270895713948954	-0.556272566973583	-0.270895713948954	1	-0.0333470915864175	-0.556272566973583	-0.0333470915864175	1
15240000	1	-0.167471070659715	-0.636527247465123	-0.167471070659715	1	0.163837156271934	-0.636527247465123	0.163837156271934	1
15250000	1	-0.194599772096623	-0.644172459076974	-0.194599772096623	1	0.0273477513872344	-0.644172459076974	0.0273477513872345	1
15260000	1	-0.260613697192175	-0.624613603204347	-0.260613697192175	1	0.116359925827437	-0.624613603204347	0.116359925827437	1
15270000	1	-0.230420846035122	-0.647110499012444	-0.230420846035122	1	0.248704808202498	-0.647110499012444	0.248704808202498	1
15280000	1	-0.199584749933043	-0.654523617174165	-0.199584749933043	1	0.106552007501137	-0.654523617174165	0.106552007501137	1
15290000	1	-0.48521833428864	-0.591136027354338	-0.48521833428864	1	0.250093683149981	-0.591136027354338	0.250093683149981	1
15300000	1	-0.143846583382836	-0.558014058944426	-0.143846583382836	1	0.0909867972473543	-0.558014058944426	0.0909867972473543	1
15310000	1	-0.0864231919032123	-0.765895499863974	-0.0864231919032124	1	0.085327531557822	-0.765895499863974	0.085327531557822	1
15320000	1	0.070166852594469	-0.676994975987556	0.070166852594469	1	0.0560679197045142	-0.676994975987556	0.0560679197045142	1
15330000	1	-0.257548697772738	-0.666409060881902	-0.257548697772738	1	0.154618245419317	-0.666409060881902	0.154618245419317	1
15340000	1	-0.376001860688458	-0.478683244375519	-0.376001860688458	1	0.321846897788678	-0.478683244375519	0.321846897788678	1
15350000	1	-0.428061747861049	-0.634919088046959	-0.428061747861049	1	0.226540166905495	-0.634919088046959	0.226540166905495	1
15360000	1	-0.25153018697007	-0.650948448064275	-0.25153018697007	1	0.0579293034030514	-0.650948448064275	0.0579293034030514	1
15370000	1	0.149588145118417	-0.53414879705421	0.149588145118417	1	0.168014303845792	-0.53414879705421	0.168014303845792	1
15380000	1	-0.163737980887188	-0.752439730421517	-0.163737980887188	1	0.171671710720321	-0.752439730421518	0.171671710720321	1
15390000	1	-0.0577070388651184	-0.584738515218104	-0.0577070388651184	1	0.123923610996372	-0.584738515218104	0.123923610996372	1
15400000	1	-0.2334943665534	-0.441365423063097	-0.2334943665534	1	-0.0944744137044785	-0.441365423063097	-0.0944744137044785	1
15410000	1	-0.327683031521807	-0.679508224934672	-0.327683031521806	1	-0.0148582908550149	-0.679508224934672	-0.0148582908550148	1
15420000	1	-0.35389624983482	-0.650485475353633	-0.35389624983482	1	0.282390740820565	-0.650485475353632	0.282390740820565	1
15430000	1	0.219156806718698	-0.475013637615058	0.219156806718698	1	0.0619012280423145	-0.475013637615058	0.0619012280423145	1
15440000	1	-0.141031969145794	-0.586596375766515	-0.141031969145794	1	-0.0854170786391604	-0.586596375766515	-0.0854170786391604	1
15450000	1	-0.212049261383384	-0.67813402542634	-0.212049261383384	1	0.0944610472438073	-0.67813402542634	0.0944610472438073	1
15460000	1	-0.412245788675759	-0.756562216861864	-0.412245788675759	1	0.187167660290719	-0.756562216861864	0.187167660290719	1
15470000	1	-0.0892549514282798	-0.522278467528143	-0.0892549514282798	1	0.199901947261108	-0.522278467528143	0.199901947261108	1
15480000	1	-0.0424624077603624	-0.409581930173426	-0.0424624077603624	1	0.0832733673290419	-0.409581930173426	0.0832733673290418	1
15490000	1	-0.294034338933502	-0.583271123065881	-0.294034338933502	1	0.279434617471496	-0.583271123065881	0.279434617471496	1
15500000	1	-0.162626981541784	-0.616940646428579	-0.162626981541784	1	-0.0321607066938826	-0.616940646428579	-0.0321607066938826	1
15510000	1	0.426600279273927	-0.341960216994288	0.426600279273927	1	0.284618890519279	-0.341960216994288	0.284618890519279	1
15520000	1	-0.168369169738257	-0.562239052877015	-0.168369169738257	1	-0.0244624388929203	-0.562239052877015	-0.0244624388929203	1
15530000	1	-0.323536669466741	-0.712230923945882	-0.323536669466741	1	0.221501917364501	-0.712230923945882	0.221501917364501	1
15540000	1	-0.249440846087325	-0.458016047381385	-0.249440846087325	1	0.200133024085268	-0.458016047381385	0.200133024085268	1
15550000	1	-0.202338522939787	-0.535691958403347	-0.202338522939787	1	0.0722905845782959	-0.535691958403347	0.0722905845782959	1
15560000	1	-0.231845853185171	-0.492271272817239	-0.23184585318517	1	-0.0797471695149065	-0.492271272817239	-0.0797471695149065	1
15570000	1	0.0135629700084296	-0.382882845578931	0.0135629700084296	1	0.192083154930718	-0.382882845578931	0.192083154930718	1
15580000	1	0.00255965055607602	-0.518766567743332	0.00255965055607604	1	0.186168695109644	-0.518766567743332	0.186168695109644	1
15590000	1	0.0704902011571039	-0.439493345190593	0.0704902011571039	1	-0.00311099397208516	-0.439493345190593	-0.00311099397208516	1
15600000	1	-0.421243043326034	-0.501184767547158	-0.421243043326034	1	0.0991682693625619	-0.501184767547158	0.0991682693625619	1
15610000	1	-0.0220586375720831	-0.61490394214183	-0.0220586375720831	1	0.0794207143619407	-0.61490394214183	0.0794207143619407	1
15620000	1	-0.192000032047641	-0.536484950536642	-0.192000032047641	1	0.297062343315283	-0.536484950536642	0.297062343315283	1
15630000	1	-0.0945381352714928	-0.59035338978427	-0.0945381352714928	1	0.0546491394675648	-0.59035338978427	0.0546491394675648	1
15640000	1	-0.348605001866237	-0.605146126263822	-0.348605001866237	1	0.132575022600367	-0.605146126263822	0.132575022600367	1
15650000	1	-0.254142425723876	-0.55757472668815	-0.254142425723876	1	0.229764784661114	-0.55757472668815	0.229764784661114	1
15660000	1	-0.27896771920982	-0.727983740893068	-0.27896771920982	1	0.163413801988147	-0.727983740893068	0.163413801988147	1
15670000	1	0.232452927136779	-0.401023257786309	0.232452927136779	1	0.120113142923744	-0.401023257786309	0.120113142923744	1
15680000	1	-0.341681435022325	-0.626358717688169	-0.341681435022325	1	0.138679388237191	-0.626358717688169	0.138679388237191	1
15690000	1	-0.356172302994958	-0.583770894057722	-0.356172302994958	1	0.0618601536855704	-0.583770894057722	0.0618601536855704	1
15700000	1	-0.33214953915912	-0.689720997280143	-0.33214953915912	1	0.0625667287801369	-0.689720997280143	0.0625667287801369	1
15710000	1	-0.310177100375176	-0.48847037399744	-0.310177100375176	1	0.204398531098422	-0.48847037399744	0.204398531098422	1
15720000	1	-0.13274064187609	-0.466047905127205	-0.13274064187609	1	0.291035486573673	-0.466047905127204	0.291035486573673	1
15730000	1	-0.0455512485781962	-0.621833403816648	-0.0455512485781962	1	0.3160399456229	-0.621833403816648	0.3160399456229	1
15740000	1	-0.408335465875811	-0.77593527143741	-0.408335465875811	1	0.389753870854375	-0.77593527143741	0.389753870854375	1
15750000	1	-0.21009404413327	-0.522083176073318	-0.21009404413327	1	0.16945221765379	-0.522083176073318	0.16945221765379	1
15760000	1	-0.0290218614802419	-0.687688543991674	-0.0290218614802419	1	-0.0637794244504481	-0.687688543991674	-0.0637794244504481	1
15770000	1	-0.0510778360192658	-0.378407242916391	-0.0510778360192658	1	0.00821389320537565	-0.378407242916391	0.00821389320537565	1
15780000	1	0.126372177028211	-0.600110538343001	0.126372177028211	1	0.121949892678197	-0.600110538343001	0.121949892678197	1
15790000	1	0.10406748930393	-0.540426293928824	0.10406748930393	1	0.22107185571761	-0.540426293928824	0.22107185571761	1
15800000	1	-0.141594967274908	-0.679257444809281	-0.141594967274908	1	0.0566715914707937	-0.679257444809281	0.0566715914707937	1
15810000	1	-0.255399846699591	-0.644283743158123	-0.255399846699591	1	0.0845718434117356	-0.644283743158123	0.0845718434117356	1
15820000	1	-0.258299572910807	-0.715593295797607	-0.258299572910807	1	-0.0553880045339682	-0.715593295797607	-0.0553880045339682	1
15830000	1	-0.193632168318227	-0.719167653029793	-0.193632168318226	1	0.144657042660027	-0.719167653029793	0.144657042660027	1
15840000	1	-0.239739550125986	-0.57158308975634	-0.239739550125986	1	0.144334745850136	-0.57158308975634	0.144334745850136	1
15850000	1	-0.38143129807849	-0.55602305808001	-0.38143129807849	1	0.226343953842095	-0.55602305808001	0.226343953842095	1
15860000	1	-0.24803763059661	-0.573280121884252	-0.24803763059661	1	0.276638567307192	-0.573280121884252	0.276638567307192	1
15870000	1	0.101208829479108	-0.692155717053852	0.101208829479108	1	0.00936640308783389	-0.692155717053852	0.0093664030878339	1
15880000	1	-0.269452734050054	-0.539129322611107	-0.269452734050053	1	0.114770159133247	-0.539129322611107	0.114770159133247	1
15890000	1	-0.237893172630662	-0.521437904753632	-0.237893172630662	1	0.0221105028116297	-0.521437904753632	0.0221105028116297	1
15900000	1	-0.059542285671712	-0.6735680339917	-0.059542285671712	1	-0.112013544374153	-0.6735680339917	-0.112013544374153	1
15910000	1	-0.0574829913507714	-0.576176253291719	-0.0574829913507714	1	0.211887136414452	-0.576176253291719	0.211887136414452	1
15920000	1	-0.130534163554483	-0.670183000813471	-0.130534163554483	1	0.203828898131188	-0.670183000813471	0.203828898131188	1
15930000	1	-0.0738219681675709	-0.643648518747723	-0.073821968167571	1	-0.138802143738915	-0.643648518747723	-0.138802143738915	1
15940000	1	-0.446332617196087	-0.595525162874625	-0.446332617196087	1	0.134930223158802	-0.595525162874625	0.134930223158802	1
15950000	1	-0.0820551171619594	-0.745597544834034	-0.0820551171619594	1	0.0933161357942436	-0.745597544834034	0.0933161357942436	1
15960000	1	-0.260799428486314	-0.630760503388156	-0.260799428486314	1	0.0674292382598409	-0.630760503388156	0.0674292382598409	1
15970000	1	-0.240225459643303	-0.733722549675205	-0.240225459643303	1	0.169796359037598	-0.733722549675206	0.169796359037598	1
15980000	1	0.143295301381374	-0.668854332944327	0.143295301381374	1	-0.216377761225022	-0.668854332944327	-0.216377761225022	1
15990000	1	-0.156711370167797	-0.682082086518761	-0.156711370167797	1	0.0902060562537868	-0.682082086518761	0.0902060562537868	1
1.6e+07	1	-0.263019035866928	-0.42562314405893	-0.263019035866928	1	0.288712005337809	-0.42562314405893	0.288712005337809	1
16010000	1	-0.255533745447691	-0.462684128946939	-0.255533745447691	1	0.108751429558813	-0.462684128946939	0.108751429558813	1
16020000	1	-0.0538933765742148	-0.723838631658224	-0.0538933765742148	1	0.114796544894499	-0.723838631658224	0.114796544894499	1
16030000	1	-0.0601970178884183	-0.310506313109766	-0.0601970178884183	1	-0.0418325102936842	-0.310506313109766	-0.0418325102936842	1
16040000	1	-0.26508410822566	-0.743944841891055	-0.26508410822566	1	0.143424786040132	-0.743944841891055	0.143424786040132	1
16050000	1	0.200958375535409	-0.551605950453522	0.200958375535409	1	0.0271782508221484	-0.551605950453522	0.0271782508221485	1
16060000	1	-0.246776640136819	-0.472451758830521	-0.246776640136819	1	0.179928361127449	-0.472451758830521	0.179928361127449	1
16070000	1	-0.219678887694138	-0.459842359754312	-0.219678887694138	1	0.249118838387931	-0.459842359754312	0.249118838387931	1
16080000	1	-0.169998834101512	-0.607880878933791	-0.169998834101512	1	-0.018714895726031	-0.607880878933791	-0.018714895726031	1
16090000	1	0.103857669675646	-0.59315523327574	0.103857669675646	1	0.194290534565797	-0.59315523327574	0.194290534565797	1
16100000	1	-0.0924752675309869	-0.714306912293574	-0.0924752675309869	1	-0.101240156364446	-0.714306912293574	-0.101240156364446	1
16110000	1	-0.0631599439779498	-0.6901811499261	-0.0631599439779498	1	0.0672655086348612	-0.6901811499261	0.0672655086348612	1
16120000	1	-0.268473306551819	-0.721430648292349	-0.268473306551819	1	0.156768590380579	-0.72143064829235	0.156768590380579	1
16130000	1	0.122074348419346	-0.505458492746059	0.122074348419346	1	0.0055500673613773	-0.505458492746059	0.00555006736137731	1
16140000	1	-0.150635919184817	-0.591273504791854	-0.150635919184817	1	0.214519718140584	-0.591273504791854	0.214519718140584	1
16150000	1	-0.316560196198656	-0.651434781778143	-0.316560196198656	1	0.44633681554551	-0.651434781778143	0.44633681554551	1
16160000	1	-0.358794329463102	-0.689166185847237	-0.358794329463102	1	0.208426429685654	-0.689166185847237	0.208426429685654	1
16170000	1	0.337468112799813	-0.722812582325357	0.337468112799813	1	-0.0859469175928849	-0.722812582325357	-0.085946917592885	1
16180000	1	-0.125807565089905	-0.44905878615987	-0.125807565089905	1	0.0959281157181818	-0.44905878615987	0.0959281157181818	1
16190000	1	-0.343627638699062	-0.633433929982575	-0.343627638699062	1	0.0150679933220074	-0.633433929982575	0.0150679933220074	1
16200000	1	-0.314425111763545	-0.811927831025865	-0.314425111763545	1	0.146886781924017	-0.811927831025865	0.146886781924017	1
16210000	1	-0.0921507735545801	-0.682297997493689	-0.0921507735545801	1	0.18889267390644	-0.682297997493689	0.18889267390644	1
16220000	1	0.134728306100192	-0.518422914302094	0.134728306100192	1	0.145463707934973	-0.518422914302094	0.145463707934973	1
16230000	1	0.178019566648581	-0.535956156197628	0.178019566648581	1	0.0337798174631374	-0.535956156197628	0.0337798174631374	1
16240000	1	-0.227625375677042	-0.755306539946964	-0.227625375677042	1	0.00428095310330447	-0.755306539946964	0.00428095310330445	1
16250000	1	-0.142328591335953	-0.556900692539483	-0.142328591335953	1	0.248807830305193	-0.556900692539483	0.248807830305193	1
16260000	1	0.141232539299757	-0.448007306572803	0.141232539299757	1	0.251836311439134	-0.448007306572803	0.251836311439134	1
16270000	1	-0.190268924974684	-0.744197857046409	-0.190268924974684	1	0.195814218803406	-0.744197857046409	0.195814218803406	1
16280000	1	-0.335712774377526	-0.547512055986265	-0.335712774377526	1	0.29145811838183	-0.547512055986265	0.29145811838183	1
16290000	1	-0.322758429090222	-0.631618887061712	-0.322758429090222	1	0.173037323800221	-0.631618887061712	0.173037323800221	1
16300000	1	-0.379410192991239	-0.713186836417637	-0.379410192991239	1	0.275523682223775	-0.713186836417637	0.275523682223775	1
16310000	1	-0.299941959732759	-0.648020790871735	-0.299941959732759	1	0.101322084902057	-0.648020790871735	0.101322084902057	1
16320000	1	-0.461007804777887	-0.766911196592695	-0.461007804777887	1	0.293317287300879	-0.766911196592695	0.293317287300879	1
16330000	1	-0.155155860006139	-0.63277287990438	-0.155155860006139	1	0.0310302580949158	-0.63277287990438	0.0310302580949158	1
16340000	1	-0.234339203733842	-0.768077109890784	-0.234339203733842	1	0.146083605076808	-0.768077109890784	0.146083605076808	1
16350000	1	-0.228447865683737	-0.559428288455293	-0.228447865683737	1	-0.0208516436618412	-0.559428288455293	-0.0208516436618412	1
16360000	1	-0.362616065558867	-0.721932387795051	-0.362616065558867	1	0.0297071095411261	-0.721932387795051	0.0297071095411261	1
16370000	1	-0.0676289790876364	-0.498171401349238	-0.0676289790876364	1	-0.107386271267286	-0.498171401349238	-0.107386271267286	1
16380000	1	-0.106843046867214	-0.68544581216791	-0.106843046867214	1	0.258758321118931	-0.68544581216791	0.258758321118931	1
16390000	1	-0.147443769887938	-0.646202297563534	-0.147443769887938	1	-0.0743029576055567	-0.646202297563534	-0.0743029576055567	1
16400000	1	-0.376879820513202	-0.206117169019342	-0.376879820513202	1	-0.0844459318879234	-0.206117169019342	-0.0844459318879234	1
16410000	1	-0.296942108151634	-0.529492722656251	-0.296942108151634	1	0.115845492748206	-0.529492722656252	0.115845492748206	1
16420000	1	-0.40688215022459	-0.578713938460311	-0.40688215022459	1	0.0438214533763786	-0.578713938460311	0.0438214533763785	1
16430000	1	-0.37222132523209	-0.811829503382065	-0.37222132523209	1	0.293901064425989	-0.811829503382065	0.293901064425989	1
16440000	1	0.164117027650113	-0.476648464449249	0.164117027650113	1	0.0523212977071513	-0.476648464449249	0.0523212977071513	1
16450000	1	-0.32813290505731	-0.557065907140259	-0.32813290505731	1	0.153585515506362	-0.557065907140259	0.153585515506362	1
16460000	1	-0.222513996758466	-0.596176431320895	-0.222513996758466	1	0.20888923273997	-0.596176431320895	0.20888923273997	1
16470000	1	0.0342694392127086	-0.369194386061463	0.0342694392127086	1	0.284109137157592	-0.369194386061463	0.284109137157592	1
16480000	1	0.0931988179883271	-0.515357071488106	0.0931988179883271	1	-0.0506380699089776	-0.515357071488106	-0.0506380699089776	1
16490000	1	-0.0507439461997809	-0.462033581713365	-0.0507439461997809	1	0.328804783740671	-0.462033581713365	0.328804783740671	1
16500000	1	-0.0870550987104545	-0.65105786128978	-0.0870550987104545	1	0.0366064892001709	-0.65105786128978	0.0366064892001709	1
16510000	1	-0.23956821513329	-0.73822623144293	-0.23956821513329	1	0.0983266540789733	-0.738226231442929	0.0983266540789733	1
16520000	1	-0.117035790972975	-0.512517169061799	-0.117035790972975	1	0.213456156409449	-0.512517169061799	0.213456156409449	1
16530000	1	-0.0784180302099395	-0.772873544190334	-0.0784180302099395	1	0.252583001713042	-0.772873544190334	0.252583001713042	1
16540000	1	-0.12846899038479	-0.63446157699233	-0.12846899038479	1	0.125194855964199	-0.63446157699233	0.125194855964199	1
16550000	1	-0.317905565022536	-0.397019180452729	-0.317905565022536	1	0.259756020870197	-0.397019180452729	0.259756020870197	1
16560000	1	-0.168254505846102	-0.500260543168467	-0.168254505846102	1	-0.0230924773537583	-0.500260543168468	-0.0230924773537583	1
16570000	1	-0.294505203492934	-0.8296791981178	-0.294505203492934	1	0.225671502520699	-0.8296791981178	0.225671502520699	1
16580000	1	-0.245743257145804	-0.643269530047367	-0.245743257145804	1	-0.123082541576395	-0.643269530047367	-0.123082541576395	1
16590000	1	-0.249877449427865	-0.539266205472418	-0.249877449427865	1	-0.093264107923455	-0.539266205472418	-0.093264107923455	1
16600000	1	-0.147992338229439	-0.70946932321613	-0.147992338229439	1	0.025987820704607	-0.70946932321613	0.025987820704607	1
16610000	1	0.0777042425293925	-0.604072485640208	0.0777042425293925	1	-0.166494577598984	-0.604072485640208	-0.166494577598984	1
16620000	1	0.137083109900129	-0.324650897632755	0.137083109900129	1	-0.00254917843947743	-0.324650897632755	-0.00254917843947743	1
16630000	1	-0.00719248298798766	-0.556342473533491	-0.00719248298798763	1	0.144157142546874	-0.556342473533491	0.144157142546874	1
16640000	1	-0.34110972083722	-0.561269892851938	-0.34110972083722	1	0.294109116316228	-0.561269892851937	0.294109116316228	1
16650000	1	-0.0930113834903515	-0.487448848053845	-0.0930113834903515	1	0.10791570873646	-0.487448848053845	0.10791570873646	1
16660000	1	0.0221622222309898	-0.666749609307873	0.0221622222309898	1	0.0485186198776545	-0.666749609307873	0.0485186198776545	1
16670000	1	-0.35289661570433	-0.569758644912381	-0.35289661570433	1	0.170353009230417	-0.569758644912381	0.170353009230417	1
16680000	1	-0.380865563243053	-0.722510378019987	-0.380865563243053	1	0.328343476225191	-0.722510378019987	0.328343476225191	1
16690000	1	-0.280952430367288	-0.621185732838475	-0.280952430367288	1	0.0819258069552067	-0.621185732838475	0.0819258069552067	1
16700000	1	0.00246250030654077	-0.466357181143779	0.00246250030654075	1	0.0736751376870474	-0.466357181143779	0.0736751376870474	1
16710000	1	-0.313876417908708	-0.839879020264775	-0.313876417908708	1	0.344983997983609	-0.839879020264774	0.344983997983608	1
16720000	1	-0.169109959831816	-0.519251512907912	-0.169109959831816	1	0.388089068062235	-0.519251512907912	0.388089068062235	1
16730000	1	-0.0323335004774031	-0.524300171099997	-0.032333500477403	1	0.248590102876659	-0.524300171099997	0.248590102876659	1
16740000	1	-0.306677880920824	-0.48285156882223	-0.306677880920824	1	0.228764107610824	-0.48285156882223	0.228764107610824	1
16750000	1	-0.137224035887381	-0.168774977149124	-0.137224035887381	1	0.238519151205632	-0.168774977149124	0.238519151205632	1
16760000	1	-0.184328022792763	-0.719763406957198	-0.184328022792763	1	0.0948325973615708	-0.719763406957198	0.0948325973615708	1
16770000	1	-0.164827806077642	-0.717810481671069	-0.164827806077642	1	0.20459614119906	-0.717810481671069	0.20459614119906	1
16780000	1	0.117747833546935	-0.657708708472263	0.117747833546935	1	0.117887527742579	-0.657708708472263	0.117887527742579	1
16790000	1	-0.0533893688225119	-0.679220651058221	-0.0533893688225119	1	0.193365369969918	-0.679220651058221	0.193365369969918	1
16800000	1	-0.309231577889996	-0.597885690264261	-0.309231577889996	1	0.160997595365507	-0.597885690264261	0.160997595365507	1
16810000	1	0.0419877103471561	-0.490070893408439	0.041987710347156	1	0.299473088652336	-0.490070893408439	0.299473088652336	1
16820000	1	-0.0601146576803843	-0.741606142108385	-0.0601146576803843	1	0.0671413419076803	-0.741606142108385	0.0671413419076803	1
16830000	1	-0.329908742155983	-0.40933604393336	-0.329908742155983	1	0.0580128949229711	-0.40933604393336	0.0580128949229711	1
16840000	1	-0.357303623012617	-0.417867852822281	-0.357303623012617	1	0.189930904486238	-0.417867852822281	0.189930904486238	1
16850000	1	0.091731974347631	-0.437960132175581	0.0917319743476309	1	0.037049073126875	-0.437960132175581	0.037049073126875	1
16860000	1	-0.148889230164478	-0.657919488012982	-0.148889230164478	1	-0.091308404220294	-0.657919488012982	-0.0913084042202941	1
16870000	1	-0.2748689652549	-0.422186912830521	-0.2748689652549	1	-0.108129534047084	-0.422186912830521	-0.108129534047084	1
16880000	1	-0.265923859575533	-0.688214875989476	-0.265923859575533	1	0.29675921508751	-0.688214875989476	0.29675921508751	1
16890000	1	-0.237103439411889	-0.571492008897434	-0.237103439411889	1	0.122724045111641	-0.571492008897434	0.122724045111641	1
16900000	1	0.140518936932118	-0.547135589448187	0.140518936932118	1	0.0248154291474645	-0.547135589448187	0.0248154291474645	1
16910000	1	-0.0685159091090553	-0.629318907486843	-0.0685159091090553	1	0.132382910521515	-0.629318907486842	0.132382910521515	1
16920000	1	0.150560875769074	-0.771234258864727	0.150560875769074	1	-0.0719680204918407	-0.771234258864727	-0.0719680204918407	1
16930000	1	0.0944528070580294	-0.653671005117318	0.0944528070580294	1	0.173826911120396	-0.653671005117318	0.173826911120396	1
16940000	1	-0.370305002263762	-0.679018231849825	-0.370305002263762	1	0.186184002248669	-0.679018231849825	0.186184002248669	1
16950000	1	0.0583215890722238	-0.690141575614226	0.0583215890722238	1	-0.115100191094853	-0.690141575614226	-0.115100191094853	1
16960000	1	-0.513282566129963	-0.674595889828078	-0.513282566129963	1	0.261129842018017	-0.674595889828078	0.261129842018017	1
16970000	1	0.138914964869958	-0.422077663433438	0.138914964869958	1	-0.00679585404986395	-0.422077663433438	-0.00679585404986395	1
16980000	1	-0.224877585007996	-0.495676423996273	-0.224877585007996	1	0.0602946592620818	-0.495676423996273	0.0602946592620818	1
16990000	1	0.0398480364878051	-0.507397328821064	0.0398480364878051	1	0.181350669343396	-0.507397328821064	0.181350669343396	1
1.7e+07	1	-0.133200262006596	-0.689306443342546	-0.133200262006596	1	-0.0432968215072413	-0.689306443342547	-0.0432968215072413	1
17010000	1	-0.286782878383703	-0.461058215180578	-0.286782878383703	1	0.131919942314248	-0.461058215180578	0.131919942314248	1
17020000	1	-0.0408298197737008	-0.718254357046886	-0.0408298197737009	1	0.0836108830222072	-0.718254357046886	0.0836108830222072	1
17030000	1	-0.138850472259165	-0.678992173825419	-0.138850472259165	1	0.0802437234490279	-0.67899217382542	0.0802437234490279	1
17040000	1	-0.133534334006404	-0.56131659620852	-0.133534334006404	1	0.08119823182587	-0.56131659620852	0.08119823182587	1
17050000	1	-0.421868343370629	-0.697999040623856	-0.421868343370629	1	0.122198565799929	-0.697999040623856	0.122198565799929	1
17060000	1	0.0794392034354631	-0.559422300561909	0.0794392034354631	1	0.164644649221672	-0.559422300561909	0.164644649221672	1
17070000	1	-0.120232003152607	-0.626681789869906	-0.120232003152607	1	0.0728779992086128	-0.626681789869906	0.0728779992086128	1
17080000	1	-0.166774767621045	-0.695485912867565	-0.166774767621045	1	0.153934275644213	-0.695485912867565	0.153934275644213	1
17090000	1	-0.146258478780486	-0.700066393044461	-0.146258478780486	1	0.0633039384601042	-0.700066393044461	0.0633039384601042	1
