state	type_with_type	type_with_size	type_with_density	size_with_type	size_with_size	size_with_density	density_with_type	density_with_size	density_with_density
0	1	0	0	0	1	0	0	0	1
10000	1	-0.102746864184881	-0.550250177557478	-0.102746864184881	1	0.178674131850456	-0.550250177557478	0.178674131850456	1
20000	1	-0.0989937475541779	-0.561346988217242	-0.0989937475541779	1	0.333726079487996	-0.561346988217242	0.333726079487996	1
30000	1	0.0859944689435925	-0.5438016615002	0.0859944689435925	1	0.182725606562948	-0.5438016615002	0.182725606562948	1
40000	1	-0.267705361889854	-0.562614837043303	-0.267705361889854	1	0.336237977446001	-0.562614837043303	0.336237977446001	1
50000	1	-0.0436260000233025	-0.487622466851569	-0.0436260000233025	1	0.0197339455872949	-0.487622466851569	0.0197339455872949	1
60000	1	-0.108257527379035	-0.645125487877581	-0.108257527379035	1	0.156374424875463	-0.645125487877581	0.156374424875463	1
70000	1	0.112966677812996	-0.557248079366119	0.112966677812996	1	-0.158639685687062	-0.557248079366119	-0.158639685687062	1
80000	1	-0.217572103741554	-0.581944969117594	-0.217572103741554	1	-0.0304516695355722	-0.581944969117594	-0.0304516695355722	1
90000	1	-0.228199756314155	-0.696232075231615	-0.228199756314155	1	-0.0133428525275216	-0.696232075231615	-0.0133428525275216	1
1e+05	1	-0.420038812537916	-0.760534780169441	-0.420038812537916	1	0.400458736282709	-0.760534780169441	0.400458736282709	1
110000	1	-0.304475283770677	-0.661929510525962	-0.304475283770677	1	0.290233162315457	-0.661929510525962	0.290233162315457	1
120000	1	-0.250154252373918	-0.535522585168046	-0.250154252373918	1	0.119602104768054	-0.535522585168046	0.119602104768054	1
130000	1	-0.0532270847729658	-0.659759117186019	-0.0532270847729658	1	0.201427276907097	-0.659759117186019	0.201427276907097	1
140000	1	-0.146769680793488	-0.753419304974599	-0.146769680793488	1	0.187156041640921	-0.753419304974599	0.187156041640921	1
150000	1	-0.321345069495814	-0.44266877028149	-0.321345069495814	1	0.111936064227596	-0.44266877028149	0.111936064227596	1
160000	1	0.000817344362313355	-0.717668805220992	0.000817344362313372	1	0.122998604677702	-0.717668805220991	0.122998604677702	1
170000	1	-0.20071748652549	-0.592360462718985	-0.20071748652549	1	0.286436332002871	-0.592360462718985	0.286436332002871	1
180000	1	0.0654952810427144	-0.33817079204899	0.0654952810427144	1	0.0835277943321606	-0.33817079204899	0.0835277943321606	1
190000	1	-0.0741220128016431	-0.735388105025105	-0.0741220128016431	1	-0.0342546735785827	-0.735388105025105	-0.0342546735785827	1
2e+05	1	-0.202935170778132	-0.764040954617992	-0.202935170778132	1	0.0873842130372875	-0.764040954617991	0.0873842130372875	1
210000	1	0.285108766725863	-0.598767147140334	0.285108766725863	1	-0.0187701909592316	-0.598767147140334	-0.0187701909592316	1
220000	1	-0.0566768853246396	-0.688529685308742	-0.0566768853246396	1	0.20498395863746	-0.688529685308742	0.20498395863746	1
230000	1	0.119565822661127	-0.613734056264022	0.119565822661127	1	0.0999886516078127	-0.613734056264022	0.0999886516078127	1
240000	1	-0.226460801497139	-0.708260169101554	-0.226460801497139	1	-0.0656290291142881	-0.708260169101554	-0.0656290291142882	1
250000	1	-0.0774111802248071	-0.625219826158595	-0.077411180224807	1	0.117038785318753	-0.625219826158595	0.117038785318753	1
260000	1	-0.246913319834812	-0.593262071022731	-0.246913319834812	1	0.0543096330005231	-0.593262071022731	0.0543096330005231	1
270000	1	0.0149983627104912	-0.68688813903603	0.0149983627104912	1	0.00146259732626968	-0.68688813903603	0.00146259732626968	1
280000	1	0.35985818091915	-0.513995999527495	0.35985818091915	1	0.046291963311878	-0.513995999527495	0.046291963311878	1
290000	1	-0.316472095132159	-0.564833078109391	-0.31647209513216	1	0.205782973485638	-0.564833078109391	0.205782973485638	1
3e+05	1	0.203925519659277	-0.641816972414719	0.203925519659277	1	0.124586820808049	-0.641816972414719	0.124586820808049	1
310000	1	-0.354408278621393	-0.28143175196633	-0.354408278621393	1	-0.0119516246958388	-0.28143175196633	-0.0119516246958388	1
320000	1	-0.13573562910187	-0.600157690857161	-0.13573562910187	1	0.000210543488443849	-0.600157690857161	0.000210543488443844	1
330000	1	-0.183027622237552	-0.586933380670611	-0.183027622237552	1	0.185516662965039	-0.586933380670611	0.185516662965039	1
340000	1	-0.139588311436473	-0.544049587059796	-0.139588311436473	1	0.262173928541473	-0.544049587059796	0.262173928541473	1
350000	1	-0.224041255007185	-0.556119436650418	-0.224041255007185	1	0.178588370957006	-0.556119436650418	0.178588370957006	1
360000	1	-0.0873902956592516	-0.595326314395457	-0.0873902956592516	1	0.373988253750978	-0.595326314395457	0.373988253750978	1
370000	1	-0.0588819249145813	-0.58185718079303	-0.0588819249145813	1	0.136365138013415	-0.58185718079303	0.136365138013415	1
380000	1	-0.297604034091577	-0.482244300215297	-0.297604034091577	1	0.0770225845210185	-0.482244300215297	0.0770225845210185	1
390000	1	-0.444646281369351	-0.420339160631062	-0.444646281369351	1	0.00973588679709305	-0.420339160631062	0.00973588679709305	1
4e+05	1	-0.345660316990544	-0.67259332365215	-0.345660316990544	1	0.107718196499676	-0.67259332365215	0.107718196499676	1
410000	1	-0.325199399405216	-0.55611098405121	-0.325199399405216	1	0.385781925572893	-0.55611098405121	0.385781925572893	1
420000	1	-0.147984766395468	-0.601711414653167	-0.147984766395468	1	0.141230000064992	-0.601711414653168	0.141230000064992	1
430000	1	0.0773347279255708	-0.557876030499945	0.0773347279255708	1	0.155628819315337	-0.557876030499945	0.155628819315337	1
440000	1	-0.160581064053481	-0.823094119067317	-0.160581064053481	1	0.142719547992526	-0.823094119067317	0.142719547992526	1
450000	1	-0.17009511374982	-0.777039182137271	-0.17009511374982	1	0.110503552476349	-0.777039182137271	0.110503552476349	1
460000	1	-0.0770935296712971	-0.592902253166608	-0.0770935296712972	1	0.214802145898288	-0.592902253166608	0.214802145898288	1
470000	1	-0.0602241191876547	-0.336162500300237	-0.0602241191876547	1	0.0219682132319185	-0.336162500300237	0.0219682132319185	1
480000	1	-0.219259177100042	-0.750212767503246	-0.219259177100042	1	-0.00783290943986522	-0.750212767503246	-0.00783290943986529	1
490000	1	0.347692130862107	-0.604390148534283	0.347692130862106	1	0.0876788065042499	-0.604390148534283	0.0876788065042499	1
5e+05	1	-0.115256611301071	-0.529177097534052	-0.115256611301071	1	-0.0203123453979757	-0.529177097534052	-0.0203123453979757	1
510000	1	-0.267921461970724	-0.447972955271163	-0.267921461970724	1	0.0448598003404869	-0.447972955271163	0.0448598003404869	1
520000	1	-0.510340370410047	-0.716761874271295	-0.510340370410047	1	0.485493511930732	-0.716761874271295	0.485493511930732	1
530000	1	-0.454236928452443	-0.279353877646188	-0.454236928452443	1	0.19497373316787	-0.279353877646188	0.19497373316787	1
540000	1	0.169264022367344	-0.594670432517331	0.169264022367344	1	0.258700107154647	-0.594670432517331	0.258700107154647	1
550000	1	0.142960219967871	-0.577807213428308	0.142960219967871	1	-0.0546204806728225	-0.577807213428308	-0.0546204806728225	1
560000	1	-0.221622893181689	-0.776399098243522	-0.221622893181689	1	0.111040800286888	-0.776399098243522	0.111040800286888	1
570000	1	-0.105353211250141	-0.654819575767744	-0.105353211250141	1	0.00939081275911143	-0.654819575767744	0.00939081275911142	1
580000	1	-0.256020564921303	-0.761945710135083	-0.256020564921304	1	0.104536901015692	-0.761945710135083	0.104536901015692	1
590000	1	-0.0230150045158279	-0.843142750561972	-0.0230150045158279	1	0.0830098575652897	-0.843142750561972	0.0830098575652897	1
6e+05	1	-0.291819246958854	-0.698807925000853	-0.291819246958854	1	0.0609001644996734	-0.698807925000853	0.0609001644996734	1
610000	1	-0.0237203760804964	-0.49324341261561	-0.0237203760804964	1	0.0385122166547885	-0.49324341261561	0.0385122166547885	1
620000	1	0.191329184788734	-0.587576728729159	0.191329184788734	1	-0.0308753887706295	-0.587576728729159	-0.0308753887706295	1
630000	1	-0.0963092987659164	-0.406483181316994	-0.0963092987659164	1	0.157674404688888	-0.406483181316994	0.157674404688888	1
640000	1	-0.0424035613739547	-0.516693740269928	-0.0424035613739547	1	-0.0282018814633854	-0.516693740269928	-0.0282018814633854	1
650000	1	-0.328633949231221	-0.397830246376246	-0.328633949231221	1	0.15160550665173	-0.397830246376246	0.15160550665173	1
660000	1	-0.373005354936271	-0.436817154516542	-0.373005354936271	1	0.434342647372074	-0.436817154516542	0.434342647372074	1
670000	1	-0.180458671846168	-0.838446435843831	-0.180458671846168	1	0.235143898261702	-0.838446435843831	0.235143898261702	1
680000	1	-0.0243177239995457	-0.488768157624976	-0.0243177239995457	1	0.00567514087694272	-0.488768157624976	0.00567514087694272	1
690000	1	-0.23630627418197	-0.570126886789359	-0.23630627418197	1	0.179856310415001	-0.570126886789359	0.179856310415001	1
7e+05	1	-0.0801772065866201	-0.730538841846129	-0.0801772065866201	1	0.252220727031086	-0.730538841846129	0.252220727031086	1
710000	1	0.101090041133264	-0.58452585689271	0.101090041133264	1	-0.0104230402648786	-0.58452585689271	-0.0104230402648786	1
720000	1	-0.429226139707214	-0.721106908459561	-0.429226139707214	1	0.191617830159348	-0.721106908459561	0.191617830159348	1
730000	1	0.031393708390582	-0.561479779161836	0.031393708390582	1	0.119524465748391	-0.561479779161837	0.119524465748391	1
740000	1	0.0572443102634781	-0.404529006155778	0.0572443102634781	1	-0.402913377934701	-0.404529006155778	-0.402913377934701	1
750000	1	0.0787478519892784	-0.58495597250512	0.0787478519892784	1	0.192542156556831	-0.58495597250512	0.192542156556831	1
760000	1	-0.179984917301174	-0.640743893810807	-0.179984917301174	1	0.139474348384785	-0.640743893810807	0.139474348384785	1
770000	1	-0.173955511326056	-0.679189759243057	-0.173955511326056	1	0.335630211603046	-0.679189759243058	0.335630211603046	1
780000	1	0.0966001569969219	-0.538975427179866	0.0966001569969219	1	0.0516487952321934	-0.538975427179866	0.0516487952321934	1
790000	1	-0.238094750726152	-0.552930470522657	-0.238094750726152	1	0.20079083029543	-0.552930470522657	0.20079083029543	1
8e+05	1	-0.122846674500156	-0.549775166859359	-0.122846674500156	1	0.284012330131003	-0.549775166859359	0.284012330131003	1
810000	1	-0.0179379735494678	-0.547771718029023	-0.0179379735494678	1	-0.0662995115108679	-0.547771718029023	-0.0662995115108679	1
820000	1	-0.107652511516047	-0.598880952982051	-0.107652511516047	1	0.23413848638329	-0.598880952982051	0.23413848638329	1
830000	1	-0.18803555654456	-0.545474289143211	-0.18803555654456	1	0.0812058391160854	-0.545474289143211	0.0812058391160854	1
840000	1	-0.266052527751969	-0.63251876141213	-0.266052527751969	1	0.236345735158027	-0.63251876141213	0.236345735158027	1
850000	1	-0.3029712930968	-0.596442423197257	-0.3029712930968	1	0.061534805387049	-0.596442423197257	0.061534805387049	1
860000	1	-0.315474190799003	-0.661988153026661	-0.315474190799003	1	0.244036411880098	-0.661988153026661	0.244036411880098	1
870000	1	-0.296910157224232	-0.683580599540127	-0.296910157224232	1	0.0193245451940748	-0.683580599540127	0.0193245451940749	1
880000	1	0.0457918376438119	-0.737201719189005	0.0457918376438119	1	0.131372390963175	-0.737201719189005	0.131372390963175	1
890000	1	0.0263230681091288	-0.608948305506118	0.0263230681091288	1	-0.100243060523501	-0.608948305506118	-0.100243060523501	1
9e+05	1	0.0298351477245471	-0.703702904111915	0.0298351477245471	1	0.0828112811266096	-0.703702904111915	0.0828112811266096	1
910000	1	-0.167422363642592	-0.46499964443133	-0.167422363642592	1	0.21528198105522	-0.46499964443133	0.21528198105522	1
920000	1	-0.213441579668751	-0.669957205671075	-0.213441579668751	1	0.25064277207568	-0.669957205671075	0.25064277207568	1
930000	1	0.05312080414797	-0.536681306111831	0.05312080414797	1	0.091859792598848	-0.536681306111831	0.0918597925988479	1
940000	1	-0.0520142334823894	-0.559050946129044	-0.0520142334823894	1	0.0773130949748898	-0.559050946129044	0.0773130949748898	1
950000	1	-0.0983780507309462	-0.695038344376128	-0.0983780507309463	1	0.196996363135896	-0.695038344376128	0.196996363135896	1
960000	1	-0.137924459583992	-0.598900479127036	-0.137924459583992	1	0.0885307851869128	-0.598900479127036	0.0885307851869128	1
970000	1	-0.442354051732625	-0.568439724021724	-0.442354051732625	1	0.234307139635086	-0.568439724021724	0.234307139635086	1
980000	1	-0.0135071951590528	-0.431012770185197	-0.0135071951590528	1	0.141922230135131	-0.431012770185197	0.141922230135131	1
990000	1	0.01189856779993	-0.498617497055257	0.01189856779993	1	-0.092749056576811	-0.498617497055257	-0.092749056576811	1
1e+06	1	-0.346352358897901	-0.574923662488974	-0.346352358897901	1	0.0914151050607355	-0.574923662488974	0.0914151050607355	1
1010000	1	-0.104165024185606	-0.60693463176026	-0.104165024185606	1	0.182460886637082	-0.60693463176026	0.182460886637082	1
1020000	1	-0.132671353892552	-0.40780528728845	-0.132671353892552	1	0.00456333618396665	-0.40780528728845	0.00456333618396664	1
1030000	1	-0.0854715519447759	-0.632082832902788	-0.0854715519447759	1	-0.0985611763009807	-0.632082832902788	-0.0985611763009807	1
1040000	1	-0.294652614206006	-0.596378221403989	-0.294652614206006	1	0.176789695640852	-0.59637822140399	0.176789695640852	1
1050000	1	-0.0676499113232093	-0.564722397621071	-0.0676499113232093	1	-0.0169829974870132	-0.564722397621071	-0.0169829974870132	1
1060000	1	-0.0906670884267448	-0.429084691693041	-0.0906670884267448	1	-0.11511590609918	-0.429084691693041	-0.11511590609918	1
1070000	1	0.231614394078937	-0.245098496145207	0.231614394078937	1	0.329801289869076	-0.245098496145207	0.329801289869076	1
1080000	1	-0.405006588232394	-0.421886610278667	-0.405006588232394	1	0.0154618633937662	-0.421886610278666	0.0154618633937662	1
1090000	1	0.0117838346835363	-0.628909608373674	0.0117838346835363	1	-0.0102699262378792	-0.628909608373674	-0.0102699262378793	1
1100000	1	-0.0918590003102287	-0.437980410049429	-0.0918590003102287	1	0.0800067547451551	-0.437980410049429	0.0800067547451551	1
1110000	1	-0.0705129176376672	-0.549727646869875	-0.0705129176376672	1	-0.0302264448439368	-0.549727646869875	-0.0302264448439368	1
1120000	1	0.133912106254166	-0.618120414067583	0.133912106254166	1	0.078044595625728	-0.618120414067583	0.078044595625728	1
1130000	1	0.00795018057779393	-0.675855419798686	0.00795018057779393	1	0.0445424065675392	-0.675855419798685	0.0445424065675392	1
1140000	1	-0.523665683609955	-0.599335420776721	-0.523665683609955	1	0.256784777103629	-0.599335420776721	0.256784777103629	1
1150000	1	-0.110547492858535	-0.559145105213348	-0.110547492858535	1	0.291632223169298	-0.559145105213348	0.291632223169298	1
1160000	1	-0.0700318147848128	-0.764407037987139	-0.0700318147848127	1	0.116601029416386	-0.764407037987139	0.116601029416386	1
1170000	1	0.156141039889699	-0.562752928914141	0.156141039889699	1	-0.114464417719768	-0.562752928914141	-0.114464417719768	1
1180000	1	-0.242413887517076	-0.794134784823489	-0.242413887517076	1	0.137313131051504	-0.79413478482349	0.137313131051504	1
1190000	1	-0.252412323511687	-0.569845561999471	-0.252412323511687	1	0.0636146837392012	-0.569845561999471	0.0636146837392012	1
1200000	1	0.0856230834383409	-0.537412541553801	0.0856230834383409	1	-0.131459116964009	-0.537412541553801	-0.131459116964009	1
1210000	1	-0.107179999658873	-0.663425334235344	-0.107179999658873	1	0.118984667876131	-0.663425334235344	0.118984667876131	1
1220000	1	-0.317444809007988	-0.617683793564141	-0.317444809007988	1	0.275919170159165	-0.617683793564141	0.275919170159165	1
1230000	1	-0.271869554686748	-0.38221778897121	-0.271869554686748	1	0.068683191093822	-0.38221778897121	0.068683191093822	1
1240000	1	-0.094989840454642	-0.654169039315924	-0.094989840454642	1	0.0664007806478725	-0.654169039315925	0.0664007806478726	1
1250000	1	-0.0906732960863292	-0.669876960609815	-0.0906732960863292	1	-0.112567796059145	-0.669876960609815	-0.112567796059145	1
1260000	1	-0.169278788581785	-0.475897696188544	-0.169278788581785	1	0.291374963878571	-0.475897696188544	0.291374963878571	1
1270000	1	0.129358572803424	-0.467143689593675	0.129358572803424	1	-0.0323771268320477	-0.467143689593675	-0.0323771268320477	1
1280000	1	-0.172437630111069	-0.667966167037656	-0.172437630111069	1	0.0924807299638183	-0.667966167037656	0.0924807299638182	1
1290000	1	-0.142011275946646	-0.322748270881875	-0.142011275946646	1	-0.0535124849910645	-0.322748270881875	-0.0535124849910645	1
1300000	1	-0.30956869815065	-0.822469730003015	-0.30956869815065	1	0.179592479379155	-0.822469730003015	0.179592479379155	1
1310000	1	-0.195796448524415	-0.623545711851107	-0.195796448524415	1	0.178820129787894	-0.623545711851107	0.178820129787894	1
1320000	1	-0.159340491812075	-0.603277000882996	-0.159340491812075	1	-0.0749226165275195	-0.603277000882996	-0.0749226165275195	1
1330000	1	-0.0134060469487813	-0.526002951307461	-0.0134060469487813	1	0.228268687943021	-0.526002951307461	0.228268687943021	1
1340000	1	-0.244067734304991	-0.682329889770933	-0.244067734304991	1	0.198859316829438	-0.682329889770933	0.198859316829438	1
1350000	1	0.206852810832472	-0.595958306289322	0.206852810832472	1	-0.0265373663854327	-0.595958306289322	-0.0265373663854327	1
1360000	1	-0.206877229898906	-0.63578270193095	-0.206877229898906	1	0.173862029506146	-0.63578270193095	0.173862029506146	1
1370000	1	-0.245498264490028	-0.48830721470189	-0.245498264490028	1	0.303412135487326	-0.48830721470189	0.303412135487326	1
1380000	1	-0.383566859299139	-0.723229863081518	-0.383566859299139	1	0.232455858169231	-0.723229863081518	0.232455858169231	1
1390000	1	-0.377533001794416	-0.589114860565221	-0.377533001794416	1	0.113654670404523	-0.589114860565221	0.113654670404523	1
1400000	1	-0.28313560422775	-0.730805916248485	-0.28313560422775	1	0.00125463726612986	-0.730805916248485	0.00125463726612984	1
1410000	1	0.20626701126271	-0.509687203663387	0.20626701126271	1	0.11379481334763	-0.509687203663387	0.11379481334763	1
1420000	1	-0.0226751591879745	-0.668966545713735	-0.0226751591879745	1	0.0675722934732287	-0.668966545713735	0.0675722934732287	1
1430000	1	-0.319626149792416	-0.716616704096916	-0.319626149792416	1	0.250725196837315	-0.716616704096916	0.250725196837315	1
1440000	1	-0.185362420624464	-0.730076176422471	-0.185362420624464	1	0.28142888769107	-0.730076176422471	0.28142888769107	1
1450000	1	-0.1432323453621	-0.700703969991494	-0.1432323453621	1	0.218528633529643	-0.700703969991494	0.218528633529643	1
1460000	1	-0.205934206031912	-0.654185885745804	-0.205934206031912	1	0.103784647190932	-0.654185885745804	0.103784647190932	1
1470000	1	-0.116147458753405	-0.786546276523071	-0.116147458753405	1	0.0969082960988571	-0.786546276523071	0.0969082960988571	1
1480000	1	0.00118038170459957	-0.671079380807702	0.00118038170459959	1	0.147959356950864	-0.671079380807702	0.147959356950864	1
1490000	1	-0.224451547795407	-0.719385441065915	-0.224451547795407	1	0.166428580577225	-0.719385441065915	0.166428580577225	1
1500000	1	-0.00861380713265785	-0.607985252246047	-0.00861380713265786	1	-0.122741169572529	-0.607985252246047	-0.122741169572529	1
1510000	1	-0.0305890470016423	-0.514992308104027	-0.0305890470016423	1	-0.0906826965889564	-0.514992308104027	-0.0906826965889565	1
1520000	1	-0.132142543474869	-0.569928791402548	-0.132142543474869	1	0.474362257142797	-0.569928791402548	0.474362257142796	1
1530000	1	0.0564699026069737	-0.551796376673519	0.0564699026069737	1	0.178678188855646	-0.551796376673519	0.178678188855646	1
1540000	1	-0.114856399215965	-0.735848841670117	-0.114856399215965	1	0.155569591847933	-0.735848841670117	0.155569591847933	1
1550000	1	-0.0831688880841957	-0.631838743634113	-0.0831688880841957	1	0.148395663663507	-0.631838743634113	0.148395663663507	1
1560000	1	-0.00670730371750332	-0.635200119671976	-0.00670730371750332	1	-0.0566102674720882	-0.635200119671976	-0.0566102674720882	1
1570000	1	-0.241448619225703	-0.683596114979389	-0.241448619225703	1	0.188052311133653	-0.683596114979389	0.188052311133653	1
1580000	1	-0.238815999574186	-0.612768675270556	-0.238815999574186	1	0.380550559906295	-0.612768675270556	0.380550559906295	1
1590000	1	0.0234845922455043	-0.705141622421287	0.0234845922455043	1	-0.0710117573552175	-0.705141622421287	-0.0710117573552175	1
1600000	1	-0.20322109955599	-0.309265715713455	-0.20322109955599	1	-0.116746864563554	-0.309265715713455	-0.116746864563554	1
1610000	1	-0.0984480597582767	-0.74297621669971	-0.0984480597582767	1	0.128834341119443	-0.74297621669971	0.128834341119443	1
1620000	1	-0.119599487806293	-0.805851760072335	-0.119599487806293	1	0.206202793871383	-0.805851760072335	0.206202793871383	1
1630000	1	-0.0703201364157986	-0.565156763089133	-0.0703201364157986	1	0.14898236583243	-0.565156763089133	0.14898236583243	1
1640000	1	-0.0961949205550617	-0.599736789623566	-0.0961949205550617	1	0.248519668953998	-0.599736789623566	0.248519668953998	1
1650000	1	-0.102868870474707	-0.681424730422657	-0.102868870474707	1	0.0873269713765949	-0.681424730422657	0.0873269713765949	1
1660000	1	-0.253532552013353	-0.487386242940914	-0.253532552013353	1	0.0196231118856091	-0.487386242940914	0.0196231118856092	1
1670000	1	0.1271806866717	-0.608736710971568	0.1271806866717	1	0.0985392016444049	-0.608736710971568	0.098539201644405	1
1680000	1	-0.247171486940081	-0.73379696170855	-0.247171486940081	1	0.164849532550643	-0.73379696170855	0.164849532550643	1
1690000	1	-0.358144200658425	-0.56412840714534	-0.358144200658424	1	0.161904960878141	-0.56412840714534	0.161904960878141	1
1700000	1	-0.407609344599911	-0.51326730703777	-0.407609344599911	1	-0.0277003427972413	-0.51326730703777	-0.0277003427972413	1
1710000	1	-0.00838286096358959	-0.635455592273733	-0.00838286096358959	1	0.0763134952293928	-0.635455592273733	0.0763134952293928	1
1720000	1	-0.244745845522252	-0.732853897494044	-0.244745845522252	1	0.132800441068426	-0.732853897494044	0.132800441068426	1
1730000	1	-0.395131149896033	-0.619667206869667	-0.395131149896033	1	0.107857951627341	-0.619667206869667	0.107857951627341	1
1740000	1	0.0942359720217161	-0.357498715413858	0.0942359720217161	1	0.191736599579319	-0.357498715413858	0.191736599579319	1
1750000	1	-0.0558376396227327	-0.743026649663293	-0.0558376396227326	1	-0.110733015259976	-0.743026649663293	-0.110733015259976	1
1760000	1	-0.315396903109724	-0.712954974779877	-0.315396903109724	1	0.0573802791512217	-0.712954974779877	0.0573802791512217	1
1770000	1	-0.0854399183845103	-0.370128052697307	-0.0854399183845103	1	0.213625210507826	-0.370128052697307	0.213625210507826	1
1780000	1	-0.180661284155697	-0.651996703394337	-0.180661284155697	1	0.123347826799765	-0.651996703394337	0.123347826799765	1
1790000	1	-0.205517815532677	-0.458184918477922	-0.205517815532677	1	-0.101693377785544	-0.458184918477922	-0.101693377785544	1
1800000	1	0.0537858710231835	-0.778158973376582	0.0537858710231835	1	-0.00674420765187931	-0.778158973376582	-0.00674420765187932	1
1810000	1	0.00440612633505623	-0.512199421194284	0.00440612633505626	1	0.296258628929583	-0.512199421194284	0.296258628929583	1
1820000	1	-0.307057593784273	-0.769848100818294	-0.307057593784273	1	0.256877395531013	-0.769848100818294	0.256877395531013	1
1830000	1	0.0533030536049151	-0.423831945639312	0.0533030536049151	1	-0.0393321255035946	-0.423831945639312	-0.0393321255035946	1
1840000	1	-0.230404739681148	-0.683899432827328	-0.230404739681148	1	0.0577543776319754	-0.683899432827328	0.0577543776319755	1
1850000	1	-0.000935198850372728	-0.561638517905136	-0.000935198850372714	1	0.24502098209538	-0.561638517905136	0.24502098209538	1
1860000	1	-0.0809112722437371	-0.628434328046248	-0.0809112722437371	1	0.178807618461847	-0.628434328046248	0.178807618461847	1
1870000	1	-0.151154010637597	-0.735744914178002	-0.151154010637597	1	0.0194179404654519	-0.735744914178002	0.0194179404654519	1
1880000	1	-0.0995936195021886	-0.416205435496759	-0.0995936195021887	1	0.219497057144855	-0.41620543549676	0.219497057144855	1
1890000	1	0.0715242436422268	-0.533963371802345	0.0715242436422268	1	0.0820345957240725	-0.533963371802345	0.0820345957240725	1
1900000	1	-0.373644255437315	-0.754840119194996	-0.373644255437315	1	0.334080669954402	-0.754840119194996	0.334080669954402	1
1910000	1	-0.25345066079407	-0.751310397922139	-0.25345066079407	1	0.101743050846283	-0.751310397922139	0.101743050846283	1
1920000	1	-0.353512676007449	-0.498876364550495	-0.353512676007449	1	0.121514443980069	-0.498876364550495	0.121514443980069	1
1930000	1	0.0364823087210005	-0.448883384869556	0.0364823087210005	1	0.0951035602399995	-0.448883384869556	0.0951035602399995	1
1940000	1	-0.172706946603377	-0.54721021170982	-0.172706946603377	1	0.188624965177686	-0.54721021170982	0.188624965177686	1
1950000	1	-0.0325293979695227	-0.429496664842166	-0.0325293979695227	1	0.138755078822029	-0.429496664842166	0.138755078822029	1
1960000	1	0.260149029804926	-0.535222850351537	0.260149029804926	1	0.011810316204925	-0.535222850351537	0.011810316204925	1
1970000	1	0.0492581385965013	-0.610902053379665	0.0492581385965013	1	-0.010380653294665	-0.610902053379665	-0.010380653294665	1
1980000	1	-0.431800896142638	-0.724095207547761	-0.431800896142638	1	0.0601183427946616	-0.724095207547761	0.0601183427946616	1
1990000	1	-0.147674357596483	-0.491078886351852	-0.147674357596483	1	0.135161561313268	-0.491078886351852	0.135161561313268	1
2e+06	1	-0.040547740494156	-0.522429205920583	-0.040547740494156	1	-0.188384874580338	-0.522429205920583	-0.188384874580338	1
2010000	1	-0.0221116437507255	-0.662706170764551	-0.0221116437507255	1	-0.0476634761836531	-0.662706170764551	-0.0476634761836531	1
2020000	1	-0.384441366784184	-0.73097565520749	-0.384441366784184	1	0.201213608281298	-0.73097565520749	0.201213608281298	1
2030000	1	0.184932333727089	-0.764992715776835	0.18493233372709	1	-0.11890532192586	-0.764992715776835	-0.11890532192586	1
2040000	1	-0.115075476694494	-0.198740353664207	-0.115075476694494	1	0.156163934951884	-0.198740353664207	0.156163934951884	1
2050000	1	-0.149553683692124	-0.568916548962899	-0.149553683692124	1	0.270344079768675	-0.568916548962899	0.270344079768675	1
2060000	1	-0.121819243916378	-0.635374391465653	-0.121819243916378	1	0.141197980493097	-0.635374391465653	0.141197980493097	1
2070000	1	-0.537546502086632	-0.572007265071552	-0.537546502086632	1	0.22053813899372	-0.572007265071552	0.22053813899372	1
2080000	1	0.0395287584614091	-0.756472364163903	0.0395287584614091	1	0.0778387546401643	-0.756472364163903	0.0778387546401643	1
2090000	1	-0.134041270715204	-0.603192368492909	-0.134041270715204	1	0.146114182171348	-0.603192368492909	0.146114182171348	1
2100000	1	-0.0803296073598412	-0.360206035306327	-0.0803296073598412	1	0.135827738344124	-0.360206035306327	0.135827738344124	1
2110000	1	-0.511036233905248	-0.656465383169662	-0.511036233905248	1	0.308916664497183	-0.656465383169662	0.308916664497183	1
2120000	1	-0.0950143099354163	-0.630676783683449	-0.0950143099354163	1	0.112547149061108	-0.630676783683449	0.112547149061108	1
2130000	1	0.193811875994378	-0.309639089261041	0.193811875994378	1	-0.0255316762781185	-0.309639089261041	-0.0255316762781185	1
2140000	1	0.154184404772676	-0.634983047958855	0.154184404772676	1	0.216412068817846	-0.634983047958855	0.216412068817846	1
2150000	1	0.0291131815916193	-0.34967092242107	0.0291131815916193	1	0.25300427303521	-0.34967092242107	0.25300427303521	1
2160000	1	-0.316629391202114	-0.545059030122566	-0.316629391202114	1	0.0738935512208422	-0.545059030122566	0.0738935512208423	1
2170000	1	0.0294786212043123	-0.407331995979386	0.0294786212043123	1	0.185930660167638	-0.407331995979386	0.185930660167638	1
2180000	1	-0.345678218014487	-0.667086112695043	-0.345678218014488	1	-0.0123111576483355	-0.667086112695043	-0.0123111576483356	1
2190000	1	-0.185128689187683	-0.634400350718102	-0.185128689187683	1	0.0472490482032624	-0.634400350718102	0.0472490482032624	1
2200000	1	0.000757684497041645	-0.296515401908709	0.000757684497041648	1	0.110359105399716	-0.296515401908709	0.110359105399716	1
2210000	1	0.100554705785021	-0.641467465478745	0.100554705785021	1	0.0165870803497384	-0.641467465478745	0.0165870803497384	1
2220000	1	-0.340514407038011	-0.506479328781062	-0.340514407038011	1	0.169621917259976	-0.506479328781062	0.169621917259976	1
2230000	1	0.187706115649567	-0.599517711645284	0.187706115649567	1	0.0182328539114742	-0.599517711645284	0.0182328539114742	1
2240000	1	-0.249926000695897	-0.551122870003745	-0.249926000695897	1	0.113160876575625	-0.551122870003745	0.113160876575625	1
2250000	1	-0.22001403178504	-0.699626580618331	-0.22001403178504	1	0.0681430373288751	-0.699626580618331	0.0681430373288751	1
2260000	1	-0.279277098663291	-0.594760863668424	-0.279277098663291	1	-0.0623670863982572	-0.594760863668424	-0.0623670863982572	1
2270000	1	-0.36745827515546	-0.226410048717445	-0.36745827515546	1	0.117230803302318	-0.226410048717445	0.117230803302318	1
2280000	1	-0.216511544884035	-0.615954294894167	-0.216511544884035	1	0.143578466386558	-0.615954294894167	0.143578466386558	1
2290000	1	-0.121737821020227	-0.655430708003406	-0.121737821020227	1	-0.0574417179633651	-0.655430708003406	-0.0574417179633651	1
2300000	1	-0.214730082875433	-0.780670498950388	-0.214730082875433	1	0.0619721063601295	-0.780670498950388	0.0619721063601295	1
2310000	1	-0.231853853099431	-0.507281015812238	-0.231853853099431	1	0.263845513266652	-0.507281015812238	0.263845513266652	1
2320000	1	-0.00047058367393057	-0.47683014815533	-0.000470583673930566	1	0.283917171810891	-0.47683014815533	0.283917171810891	1
2330000	1	-0.372936508124738	-0.589983296910934	-0.372936508124738	1	0.0750216879584617	-0.589983296910934	0.0750216879584617	1
2340000	1	-0.155517943470393	-0.633929496231902	-0.155517943470393	1	-0.0443181338263776	-0.633929496231902	-0.0443181338263776	1
2350000	1	-0.0518184276780069	-0.834343825337633	-0.0518184276780069	1	-0.0596992318177958	-0.834343825337633	-0.0596992318177958	1
2360000	1	0.0505182611700893	-0.24266401034804	0.0505182611700892	1	0.326820855468955	-0.24266401034804	0.326820855468955	1
2370000	1	0.0517778464161743	-0.546698251068252	0.0517778464161743	1	0.00256039805567101	-0.546698251068252	0.00256039805567102	1
2380000	1	-0.32013025264939	-0.722275654406158	-0.32013025264939	1	0.281839186679264	-0.722275654406158	0.281839186679264	1
2390000	1	0.221900927710705	-0.791870425210017	0.221900927710705	1	-0.0829771559173101	-0.791870425210017	-0.0829771559173102	1
2400000	1	0.0903634487585786	-0.645223795191435	0.0903634487585786	1	0.145364987761802	-0.645223795191435	0.145364987761802	1
2410000	1	0.310940351304356	-0.745066337129851	0.310940351304356	1	-0.068532159158848	-0.745066337129851	-0.068532159158848	1
2420000	1	-0.232018624977182	-0.325310062211294	-0.232018624977182	1	0.179744728492429	-0.325310062211295	0.179744728492429	1
2430000	1	-0.298799010187538	-0.38872864187031	-0.298799010187538	1	0.102724383840786	-0.38872864187031	0.102724383840786	1
2440000	1	0.202910718095602	-0.390545002118399	0.202910718095602	1	0.0623232195795155	-0.390545002118399	0.0623232195795155	1
2450000	1	0.142067240737262	-0.423138904151954	0.142067240737262	1	0.245910735415093	-0.423138904151954	0.245910735415093	1
2460000	1	-0.0821571991434085	-0.620995819332023	-0.0821571991434085	1	0.0626005103732702	-0.620995819332023	0.0626005103732702	1
2470000	1	-0.113684987371143	-0.653876151106927	-0.113684987371143	1	0.269366754300444	-0.653876151106927	0.269366754300444	1
2480000	1	-0.363645793531129	-0.741943217131205	-0.363645793531129	1	0.301581183064488	-0.741943217131205	0.301581183064487	1
2490000	1	-0.122090402967911	-0.373747287668124	-0.122090402967911	1	-0.00700308400917785	-0.373747287668124	-0.00700308400917785	1
2500000	1	-0.139085243923813	-0.293379301408991	-0.139085243923813	1	-0.191966020721548	-0.293379301408991	-0.191966020721548	1
2510000	1	-0.094657388317692	-0.446920371354906	-0.094657388317692	1	0.0923549005216761	-0.446920371354906	0.0923549005216761	1
2520000	1	-0.343035830896227	-0.571431562280755	-0.343035830896227	1	0.203393113736403	-0.571431562280756	0.203393113736403	1
2530000	1	-0.233595213745082	-0.705383562344877	-0.233595213745082	1	-0.00628511041368845	-0.705383562344877	-0.00628511041368847	1
2540000	1	0.0198088729109797	-0.589949654059353	0.0198088729109797	1	-0.0211513697885656	-0.589949654059353	-0.0211513697885656	1
2550000	1	-0.30562348998795	-0.653048882456111	-0.30562348998795	1	0.160285689222624	-0.653048882456111	0.160285689222624	1
2560000	1	-0.415752043953829	-0.734309370952782	-0.415752043953829	1	0.274558586740089	-0.734309370952782	0.274558586740089	1
2570000	1	0.0420597790850827	-0.469623434611868	0.0420597790850827	1	0.252799435865466	-0.469623434611867	0.252799435865466	1
2580000	1	-0.378735710039726	-0.610358929439606	-0.378735710039726	1	0.175329130649151	-0.610358929439606	0.175329130649151	1
2590000	1	-0.224637081262331	-0.756316909947746	-0.224637081262331	1	0.0852214712499038	-0.756316909947746	0.0852214712499038	1
2600000	1	-0.178530213200168	-0.533628430133725	-0.178530213200168	1	0.102766978156987	-0.533628430133725	0.102766978156987	1
2610000	1	-0.109252882145273	-0.77778124275319	-0.109252882145273	1	0.00310125207062772	-0.77778124275319	0.00310125207062772	1
2620000	1	-0.188889812949544	-0.62043961402635	-0.188889812949544	1	0.214012081844991	-0.62043961402635	0.214012081844991	1
2630000	1	-0.165550222585688	-0.459868904139768	-0.165550222585688	1	0.363667824343692	-0.459868904139768	0.363667824343692	1
2640000	1	0.041904011203416	-0.45105673162833	0.041904011203416	1	-0.0186489166319066	-0.45105673162833	-0.0186489166319066	1
2650000	1	-0.559962021809424	-0.648873878259549	-0.559962021809424	1	0.348499402797895	-0.648873878259549	0.348499402797895	1
2660000	1	0.127579832521543	-0.592544007136411	0.127579832521543	1	0.223351910745988	-0.592544007136411	0.223351910745988	1
2670000	1	-0.1675008746061	-0.524558160421346	-0.1675008746061	1	0.0851193083996902	-0.524558160421346	0.0851193083996902	1
2680000	1	-0.286021753258036	-0.567716095563048	-0.286021753258036	1	0.231923832169018	-0.567716095563048	0.231923832169018	1
2690000	1	-0.190895991071605	-0.584497079747352	-0.190895991071605	1	-0.0906460435873879	-0.584497079747352	-0.0906460435873879	1
2700000	1	-0.295954329945117	-0.667203516435801	-0.295954329945117	1	0.265722172671588	-0.667203516435801	0.265722172671588	1
2710000	1	-0.243351558273482	-0.685170341786279	-0.243351558273482	1	0.0553437487339895	-0.685170341786279	0.0553437487339895	1
2720000	1	0.0628566931492143	-0.518542811326852	0.0628566931492143	1	0.13374050617912	-0.518542811326852	0.13374050617912	1
2730000	1	-0.25743308364211	-0.455207963387137	-0.25743308364211	1	0.0231577830810151	-0.455207963387137	0.0231577830810151	1
2740000	1	-0.104744242079628	-0.644218963750472	-0.104744242079628	1	-0.0294895776552063	-0.644218963750472	-0.0294895776552063	1
2750000	1	-0.106613831107277	-0.48682404906123	-0.106613831107277	1	0.0838105892261371	-0.48682404906123	0.0838105892261371	1
2760000	1	-0.0123178687691657	-0.635228882252042	-0.0123178687691658	1	0.19083835215225	-0.635228882252042	0.19083835215225	1
2770000	1	-0.318641237267591	-0.781184034554729	-0.318641237267591	1	0.162635774236568	-0.781184034554729	0.162635774236568	1
2780000	1	-0.12467354846684	-0.634810060463635	-0.12467354846684	1	0.0654985086829166	-0.634810060463635	0.0654985086829166	1
2790000	1	-0.130976007913713	-0.626499765931651	-0.130976007913713	1	0.235371876299054	-0.626499765931651	0.235371876299054	1
2800000	1	-0.155185434597362	-0.714965713351813	-0.155185434597362	1	0.185143170518001	-0.714965713351813	0.185143170518001	1
2810000	1	-0.228317253786012	-0.71318354760714	-0.228317253786012	1	0.328741597407881	-0.71318354760714	0.328741597407881	1
2820000	1	0.0690124099973469	-0.238232653354139	0.0690124099973468	1	0.0336577396088111	-0.238232653354139	0.0336577396088111	1
2830000	1	-0.233122311566076	-0.709245607015201	-0.233122311566076	1	0.373173717553442	-0.709245607015201	0.373173717553442	1
2840000	1	-0.288317026723444	-0.700695049776009	-0.288317026723444	1	0.270925468958147	-0.700695049776009	0.270925468958147	1
2850000	1	-0.0751893236750036	-0.410199686426241	-0.0751893236750036	1	-0.017526893939175	-0.410199686426241	-0.017526893939175	1
2860000	1	-0.238105176947899	-0.611697713554669	-0.238105176947899	1	0.28723120871687	-0.611697713554669	0.28723120871687	1
2870000	1	-0.237793740908211	-0.559069920848309	-0.237793740908211	1	0.226841144586635	-0.559069920848309	0.226841144586635	1
2880000	1	-0.278562022960945	-0.347605691118573	-0.278562022960945	1	-0.0468614388845929	-0.347605691118573	-0.0468614388845929	1
2890000	1	-0.296733412337126	-0.550342200750183	-0.296733412337126	1	0.0801543619694564	-0.550342200750183	0.0801543619694565	1
2900000	1	-0.204358568869627	-0.328619055178976	-0.204358568869627	1	0.0677015929517934	-0.328619055178976	0.0677015929517934	1
2910000	1	0.1779816567508	-0.534923173410544	0.1779816567508	1	0.172464372598758	-0.534923173410544	0.172464372598758	1
2920000	1	-0.298546827297734	-0.701218692069893	-0.298546827297734	1	0.0114724866759385	-0.701218692069893	0.0114724866759384	1
2930000	1	-0.0320783477866407	-0.65370533283214	-0.0320783477866407	1	0.00400426196073176	-0.65370533283214	0.00400426196073176	1
2940000	1	-0.13577498688541	-0.505943774146286	-0.13577498688541	1	0.0165427713245622	-0.505943774146286	0.0165427713245622	1
2950000	1	-0.248158952935897	-0.639559658450303	-0.248158952935897	1	0.121372787138691	-0.639559658450303	0.121372787138691	1
2960000	1	-0.319198239190406	-0.481709831336393	-0.319198239190406	1	0.0831202486592936	-0.481709831336393	0.0831202486592936	1
2970000	1	-0.354239600377133	-0.640033253015282	-0.354239600377133	1	0.0723266122209253	-0.640033253015282	0.0723266122209253	1
2980000	1	-0.225336975604616	-0.649313641661833	-0.225336975604617	1	0.209092800843504	-0.649313641661833	0.209092800843504	1
2990000	1	0.0291187287292444	-0.645619235365317	0.0291187287292444	1	0.140627474610096	-0.645619235365317	0.140627474610096	1
3e+06	1	-0.0905096120443929	-0.593758435465073	-0.0905096120443929	1	0.148153551231424	-0.593758435465073	0.148153551231424	1
3010000	1	-0.107826898378542	-0.515365367322284	-0.107826898378542	1	0.0800933773323678	-0.515365367322284	0.0800933773323678	1
3020000	1	0.242415607769623	-0.556967086131503	0.242415607769623	1	0.0144439875664178	-0.556967086131503	0.0144439875664178	1
3030000	1	-0.13512704518237	-0.737643828880127	-0.13512704518237	1	0.247565732290776	-0.737643828880127	0.247565732290776	1
3040000	1	-0.397419557268023	-0.788351372175319	-0.397419557268023	1	0.359931412573039	-0.788351372175319	0.359931412573039	1
3050000	1	0.0496544614380842	-0.696177216448524	0.0496544614380842	1	0.00603277664996971	-0.696177216448524	0.0060327766499697	1
3060000	1	-0.380680816574818	-0.512889706805903	-0.380680816574818	1	-0.0199506846925699	-0.512889706805903	-0.0199506846925698	1
3070000	1	-0.41598441901223	-0.407541077220747	-0.41598441901223	1	0.19383554162615	-0.407541077220747	0.19383554162615	1
3080000	1	0.0131586416306962	-0.617313172287691	0.0131586416306962	1	0.0421647012930445	-0.617313172287691	0.0421647012930445	1
3090000	1	-0.118645465290069	-0.581895163086472	-0.118645465290069	1	0.115441588167197	-0.581895163086472	0.115441588167197	1
3100000	1	-0.126939319232551	-0.431636856539145	-0.126939319232551	1	0.0308376086749232	-0.431636856539145	0.0308376086749232	1
3110000	1	0.166402406350509	-0.457530486496596	0.166402406350509	1	0.242380374435598	-0.457530486496596	0.242380374435598	1
3120000	1	-0.0883945569911361	-0.686301366367313	-0.0883945569911361	1	0.280020496101522	-0.686301366367313	0.280020496101522	1
3130000	1	-0.147743263691225	-0.699790766132638	-0.147743263691225	1	0.189079741598565	-0.699790766132638	0.189079741598565	1
3140000	1	-0.164233058986841	-0.466569629853821	-0.164233058986841	1	0.286802627925743	-0.466569629853821	0.286802627925743	1
3150000	1	-0.342309098819083	-0.568647622106217	-0.342309098819083	1	0.231029478500126	-0.568647622106217	0.231029478500126	1
3160000	1	0.399812374456212	-0.317877722865192	0.399812374456213	1	0.0797698590882806	-0.317877722865192	0.0797698590882806	1
3170000	1	0.137374997852525	-0.562261382499156	0.137374997852525	1	0.0877871020293384	-0.562261382499156	0.0877871020293384	1
3180000	1	-0.297262036787505	-0.479941559016739	-0.297262036787505	1	0.0958243893325294	-0.479941559016739	0.0958243893325294	1
3190000	1	-0.246171034823954	-0.803890644672306	-0.246171034823954	1	0.10058293238812	-0.803890644672306	0.10058293238812	1
3200000	1	0.191276733227282	-0.370658806158564	0.191276733227282	1	0.0864965633583467	-0.370658806158564	0.0864965633583467	1
3210000	1	-0.345985561084481	-0.596033734243031	-0.345985561084481	1	0.0841718395637724	-0.596033734243031	0.0841718395637724	1
3220000	1	-0.127098698967277	-0.688393132613659	-0.127098698967277	1	0.243857413837708	-0.688393132613659	0.243857413837708	1
3230000	1	0.484376521561394	-0.399930653543945	0.484376521561393	1	0.0756430580036797	-0.399930653543945	0.0756430580036796	1
3240000	1	0.0513199272897358	-0.692424801195769	0.0513199272897358	1	-0.0305095018284928	-0.692424801195769	-0.0305095018284928	1
3250000	1	-0.133457731529914	-0.720861469028468	-0.133457731529914	1	0.193426111884393	-0.720861469028468	0.193426111884393	1
3260000	1	-0.30246801518778	-0.624436687708568	-0.30246801518778	1	0.249414396168394	-0.624436687708568	0.249414396168394	1
3270000	1	0.388203945297455	-0.471481450918345	0.388203945297455	1	0.163312214874807	-0.471481450918345	0.163312214874807	1
3280000	1	-0.0578466610461335	-0.642854649521293	-0.0578466610461335	1	0.0253405165475121	-0.642854649521293	0.0253405165475121	1
3290000	1	-0.466780730431362	-0.688715194965212	-0.466780730431362	1	0.324381169993375	-0.688715194965212	0.324381169993375	1
3300000	1	-0.158730803833076	-0.660303279010768	-0.158730803833076	1	0.222725828859201	-0.660303279010768	0.222725828859201	1
3310000	1	-0.259021689130573	-0.520249320196183	-0.259021689130573	1	0.0192446844849839	-0.520249320196183	0.0192446844849839	1
3320000	1	-0.064066158585243	-0.645585709181904	-0.064066158585243	1	-0.0211725408824316	-0.645585709181904	-0.0211725408824316	1
3330000	1	-0.268407720272993	-0.536320328486319	-0.268407720272993	1	-0.116231543678601	-0.536320328486319	-0.116231543678601	1
3340000	1	-0.260626048221016	-0.41062989744643	-0.260626048221016	1	0.0439974206979023	-0.41062989744643	0.0439974206979023	1
3350000	1	-0.3549231860585	-0.546271430539527	-0.3549231860585	1	0.286814768579568	-0.546271430539527	0.286814768579568	1
3360000	1	-0.275880355909098	-0.712228003216566	-0.275880355909098	1	0.183856233124403	-0.712228003216566	0.183856233124403	1
3370000	1	-0.386026167160764	-0.520292351001627	-0.386026167160764	1	0.181670596032191	-0.520292351001627	0.181670596032191	1
3380000	1	-0.266479043112447	-0.732880318571638	-0.266479043112447	1	0.412391285231097	-0.732880318571638	0.412391285231097	1
3390000	1	-0.174633884223931	-0.666688794783963	-0.174633884223931	1	0.0216153135345926	-0.666688794783963	0.0216153135345927	1
3400000	1	0.0128728593062657	-0.523061218383095	0.0128728593062657	1	0.210426001120721	-0.523061218383095	0.210426001120721	1
3410000	1	-0.023498887479013	-0.498166450542439	-0.023498887479013	1	0.0177469468106258	-0.498166450542439	0.0177469468106258	1
3420000	1	-0.465005376521737	-0.440623998575353	-0.465005376521737	1	0.240105664308876	-0.440623998575353	0.240105664308876	1
3430000	1	-0.305991120848636	-0.670288963551155	-0.305991120848636	1	0.252638509710953	-0.670288963551155	0.252638509710953	1
3440000	1	-0.211995847628385	-0.525868264017156	-0.211995847628385	1	0.257215174607391	-0.525868264017156	0.257215174607391	1
3450000	1	-0.384437094266084	-0.606101226256639	-0.384437094266084	1	0.271838417797841	-0.606101226256639	0.271838417797841	1
3460000	1	-0.132931390127557	-0.599243739128323	-0.132931390127557	1	0.0115051098707845	-0.599243739128323	0.0115051098707845	1
3470000	1	-0.216654537836389	-0.745694001252277	-0.216654537836389	1	0.157959337554108	-0.745694001252277	0.157959337554108	1
3480000	1	-0.196862124476902	-0.646019798354671	-0.196862124476902	1	0.123301526110763	-0.646019798354671	0.123301526110763	1
3490000	1	-0.124956033493059	-0.66551887208781	-0.124956033493059	1	0.203270869772465	-0.66551887208781	0.203270869772465	1
3500000	1	-0.282292592996515	-0.710498002257261	-0.282292592996515	1	0.000273267587921543	-0.710498002257261	0.000273267587921551	1
3510000	1	-0.146665341406683	-0.487985370121709	-0.146665341406683	1	0.0838829367675986	-0.487985370121709	0.0838829367675986	1
3520000	1	-0.176132373661787	-0.513121319115078	-0.176132373661787	1	0.200257932966973	-0.513121319115078	0.200257932966973	1
3530000	1	0.105255135611467	-0.438134641604182	0.105255135611467	1	0.0281388574992308	-0.438134641604182	0.0281388574992308	1
3540000	1	-0.00148982681274192	-0.657947927278746	-0.00148982681274192	1	0.145330407725856	-0.657947927278746	0.145330407725856	1
3550000	1	-0.0129681275956569	-0.754864420673084	-0.0129681275956569	1	-0.00483819117965885	-0.754864420673084	-0.00483819117965885	1
3560000	1	-0.321276370372097	-0.480632465623834	-0.321276370372097	1	0.0281906374565159	-0.480632465623834	0.0281906374565159	1
3570000	1	-0.507125892317526	-0.757113181589629	-0.507125892317526	1	0.221950695884276	-0.757113181589629	0.221950695884276	1
3580000	1	-0.2069897093788	-0.724804533009711	-0.2069897093788	1	0.0442799716676521	-0.724804533009711	0.0442799716676521	1
3590000	1	-0.100097315956404	-0.605075460075716	-0.100097315956404	1	0.197801833684093	-0.605075460075716	0.197801833684093	1
3600000	1	-0.0701987713483492	-0.675815284283385	-0.0701987713483492	1	0.0345751184940482	-0.675815284283385	0.0345751184940482	1
3610000	1	-0.380093396895393	-0.525015438594714	-0.380093396895393	1	0.156975636029004	-0.525015438594715	0.156975636029004	1
3620000	1	0.265185838969817	-0.583670787812835	0.265185838969817	1	0.0252320484395799	-0.583670787812835	0.0252320484395799	1
3630000	1	-0.331035876905815	-0.646253856827374	-0.331035876905815	1	0.158763258787158	-0.646253856827374	0.158763258787158	1
3640000	1	-0.161379294405999	-0.5961135351362	-0.161379294405999	1	0.120758141714953	-0.5961135351362	0.120758141714953	1
3650000	1	-0.11254893847219	-0.388275345712102	-0.11254893847219	1	0.0626296276528729	-0.388275345712102	0.0626296276528729	1
3660000	1	0.0796328487136488	-0.396045034570393	0.0796328487136488	1	0.00909957384566821	-0.396045034570393	0.00909957384566821	1
3670000	1	-0.12900449686429	-0.658016338914232	-0.12900449686429	1	0.125542600933951	-0.658016338914232	0.125542600933951	1
3680000	1	-0.220566892667529	-0.760960850484861	-0.220566892667529	1	0.16398608817171	-0.760960850484861	0.16398608817171	1
3690000	1	-0.0883941559820248	-0.782333767115762	-0.0883941559820248	1	0.0942867808845185	-0.782333767115762	0.0942867808845185	1
3700000	1	-0.117295234153994	-0.520699604400313	-0.117295234153994	1	-0.0501981663726339	-0.520699604400313	-0.0501981663726339	1
3710000	1	-0.213690784851287	-0.563383574442217	-0.213690784851287	1	0.238492421172675	-0.563383574442216	0.238492421172675	1
3720000	1	-0.1227842582661	-0.676214014495806	-0.1227842582661	1	0.073617766373663	-0.676214014495806	0.073617766373663	1
3730000	1	0.0932778275226706	-0.702210742617859	0.0932778275226706	1	-0.0794848611099362	-0.702210742617859	-0.0794848611099362	1
3740000	1	-0.297537785480881	-0.63686395962849	-0.297537785480881	1	0.125830167062872	-0.63686395962849	0.125830167062872	1
3750000	1	0.00331549160611499	-0.596106320565865	0.003315491606115	1	0.0803902050164182	-0.596106320565865	0.0803902050164182	1
3760000	1	0.0340704381722092	-0.478965855180073	0.0340704381722092	1	0.112986882876588	-0.478965855180073	0.112986882876588	1
3770000	1	-0.00810372261918378	-0.592838610921075	-0.00810372261918376	1	0.116859575947135	-0.592838610921075	0.116859575947135	1
3780000	1	-0.188690249568882	-0.0400583032270595	-0.188690249568882	1	0.13457176494272	-0.0400583032270595	0.13457176494272	1
3790000	1	-0.112190825570194	-0.795432433322802	-0.112190825570194	1	0.189956836733476	-0.795432433322802	0.189956836733476	1
3800000	1	-0.259570363280077	-0.389753271542773	-0.259570363280077	1	0.0747026076930016	-0.389753271542772	0.0747026076930016	1
3810000	1	-0.284062164345194	-0.630398838578895	-0.284062164345194	1	0.233530480539064	-0.630398838578895	0.233530480539064	1
3820000	1	-0.333634806387312	-0.479475190279668	-0.333634806387312	1	0.0654067054782128	-0.479475190279668	0.0654067054782128	1
3830000	1	-0.330585420737872	-0.426900584867088	-0.330585420737872	1	0.231720526499177	-0.426900584867088	0.231720526499177	1
3840000	1	-0.0487708926663613	-0.667499061118853	-0.0487708926663613	1	-0.0649496739848543	-0.667499061118853	-0.0649496739848543	1
3850000	1	-0.277824962117054	-0.685212350572922	-0.277824962117054	1	0.0983863002196541	-0.685212350572922	0.0983863002196541	1
3860000	1	-0.0528412521201766	-0.658396002346156	-0.0528412521201766	1	-0.0991085130569095	-0.658396002346156	-0.0991085130569095	1
3870000	1	0.000825364666700329	-0.591009761648166	0.00082536466670033	1	0.0191866819303407	-0.591009761648166	0.0191866819303407	1
3880000	1	-0.133775260591451	-0.566226799992061	-0.133775260591451	1	0.05090882433434	-0.566226799992061	0.05090882433434	1
3890000	1	0.200068941156155	-0.710626618171121	0.200068941156155	1	0.0294519679715323	-0.710626618171121	0.0294519679715323	1
3900000	1	-0.331023255987266	-0.498782830966497	-0.331023255987266	1	0.281140603943775	-0.498782830966497	0.281140603943775	1
3910000	1	-0.338427356799327	-0.621693921372464	-0.338427356799327	1	0.119736030518531	-0.621693921372464	0.119736030518531	1
3920000	1	0.0225907748802704	-0.490363199366879	0.0225907748802704	1	-0.0873798921629728	-0.490363199366879	-0.0873798921629728	1
3930000	1	-0.183573094968772	-0.689716060815141	-0.183573094968772	1	0.0582657157978886	-0.689716060815141	0.0582657157978886	1
3940000	1	0.0185640753561836	-0.670381997234136	0.0185640753561836	1	-0.00768905765538481	-0.670381997234136	-0.00768905765538481	1
3950000	1	-0.196946056061498	-0.734928481439628	-0.196946056061498	1	0.138589694124449	-0.734928481439628	0.138589694124449	1
3960000	1	-0.252559801177289	-0.536925771499016	-0.252559801177289	1	0.170476043417926	-0.536925771499016	0.170476043417926	1
3970000	1	-0.000522814059253301	-0.687990586721111	-0.000522814059253303	1	0.207987232372113	-0.687990586721111	0.207987232372113	1
3980000	1	-0.199991210263611	-0.452419987136037	-0.199991210263611	1	0.115538635660216	-0.452419987136036	0.115538635660216	1
3990000	1	-0.0375902317899357	-0.459078923873411	-0.0375902317899357	1	0.204913714098642	-0.459078923873411	0.204913714098642	1
4e+06	1	-0.368824152274249	-0.776747902321565	-0.368824152274249	1	0.255054526743278	-0.776747902321565	0.255054526743278	1
4010000	1	-0.0384987682538558	-0.636035479695627	-0.0384987682538558	1	0.0682295016517893	-0.636035479695627	0.0682295016517893	1
4020000	1	-0.0920088999180374	-0.413156554271767	-0.0920088999180374	1	-0.0292240798265227	-0.413156554271767	-0.0292240798265227	1
4030000	1	-0.264642630193987	-0.6156180763721	-0.264642630193987	1	-0.0305591255793057	-0.6156180763721	-0.0305591255793057	1
4040000	1	-0.34669274714968	-0.511106426532094	-0.34669274714968	1	0.107391303892244	-0.511106426532094	0.107391303892244	1
4050000	1	-0.0723792026285771	-0.746101294110644	-0.0723792026285771	1	0.0979143983219775	-0.746101294110644	0.0979143983219775	1
4060000	1	-0.192798405874168	-0.803063763810204	-0.192798405874168	1	0.0798038587176751	-0.803063763810205	0.0798038587176752	1
4070000	1	-0.121036014227654	-0.599346722977609	-0.121036014227654	1	0.0310211736244505	-0.599346722977609	0.0310211736244504	1
4080000	1	-0.279359377280996	-0.556695618528042	-0.279359377280996	1	0.243972537003886	-0.556695618528042	0.243972537003886	1
4090000	1	-0.10567250978818	-0.439984012864999	-0.10567250978818	1	0.0991391553677218	-0.439984012864999	0.0991391553677218	1
4100000	1	-0.134631361431461	-0.546666665674805	-0.134631361431461	1	-0.103805338147424	-0.546666665674805	-0.103805338147424	1
4110000	1	-0.253804461518351	-0.429413384864125	-0.253804461518351	1	-0.0940973148617042	-0.429413384864125	-0.0940973148617042	1
4120000	1	-0.187056835035802	-0.627567267442924	-0.187056835035802	1	0.048517280998572	-0.627567267442924	0.048517280998572	1
4130000	1	-0.283645644096474	-0.691823692474353	-0.283645644096474	1	0.0302176500727653	-0.691823692474353	0.0302176500727653	1
4140000	1	0.102819813637004	-0.576830298543677	0.102819813637004	1	-0.0179096578486963	-0.576830298543677	-0.0179096578486963	1
4150000	1	-0.00997944499310542	-0.561297963443406	-0.00997944499310539	1	0.268466287337542	-0.561297963443406	0.268466287337542	1
4160000	1	0.0329111230067165	-0.641460885693073	0.0329111230067165	1	0.249375348345778	-0.641460885693072	0.249375348345778	1
4170000	1	-0.417995845186609	-0.696054020509381	-0.417995845186609	1	0.0470374960634397	-0.696054020509381	0.0470374960634397	1
4180000	1	-0.0898627260972721	-0.726026526926013	-0.0898627260972721	1	-0.0714714255350093	-0.726026526926013	-0.0714714255350093	1
4190000	1	-0.138417555931033	-0.379078691726814	-0.138417555931033	1	0.0720763705030952	-0.379078691726814	0.0720763705030952	1
4200000	1	0.00495027802984809	-0.369987552586824	0.00495027802984808	1	0.241690941952275	-0.369987552586824	0.241690941952275	1
4210000	1	-0.377132573294949	-0.688384870404212	-0.377132573294949	1	0.0590147198415175	-0.688384870404212	0.0590147198415176	1
4220000	1	-0.0759410849937854	-0.490177313288048	-0.0759410849937854	1	0.0671361642728984	-0.490177313288048	0.0671361642728984	1
4230000	1	0.0515634916565245	-0.6509606242495	0.0515634916565245	1	-0.112647862984042	-0.6509606242495	-0.112647862984042	1
4240000	1	-0.216979272385011	-0.693170047418916	-0.216979272385011	1	0.132716340930227	-0.693170047418916	0.132716340930227	1
4250000	1	-0.4595570960325	-0.454931796576502	-0.4595570960325	1	-0.0903982817211657	-0.454931796576502	-0.0903982817211657	1
4260000	1	-0.345860562698512	-0.621277832484724	-0.345860562698512	1	0.0555578735809513	-0.621277832484724	0.0555578735809513	1
4270000	1	-0.29388191667103	-0.810635038917869	-0.29388191667103	1	0.100272516224085	-0.810635038917869	0.100272516224085	1
4280000	1	-0.2307015547582	-0.789878441189364	-0.2307015547582	1	0.192532109167424	-0.789878441189364	0.192532109167424	1
4290000	1	-0.251826866037755	-0.64539073727811	-0.251826866037755	1	0.126858351964277	-0.64539073727811	0.126858351964277	1
4300000	1	-0.3980871248564	-0.573330065328211	-0.3980871248564	1	0.186056653371697	-0.573330065328211	0.186056653371697	1
4310000	1	-0.313159932871739	-0.66641318397405	-0.313159932871739	1	0.180891237440203	-0.66641318397405	0.180891237440203	1
4320000	1	-0.232678088405371	-0.6997599925991	-0.232678088405371	1	0.30905423186924	-0.6997599925991	0.30905423186924	1
4330000	1	0.0524674254782598	-0.260533272115016	0.0524674254782598	1	0.0485671794591599	-0.260533272115016	0.0485671794591599	1
4340000	1	-0.313841863159489	-0.704205689680647	-0.313841863159489	1	0.307922554218138	-0.704205689680647	0.307922554218138	1
4350000	1	-0.132914565843533	-0.663954402364997	-0.132914565843533	1	0.0460173303364954	-0.663954402364997	0.0460173303364954	1
4360000	1	-0.21053860938985	-0.653210913798266	-0.21053860938985	1	0.125983592454381	-0.653210913798267	0.125983592454381	1
4370000	1	-0.131823872736607	-0.619302709150371	-0.131823872736607	1	0.0804610975389066	-0.619302709150371	0.0804610975389067	1
4380000	1	0.0152670560641891	-0.359768059267335	0.0152670560641891	1	0.199775982311766	-0.359768059267335	0.199775982311766	1
4390000	1	-0.377622187129854	-0.353631415512811	-0.377622187129854	1	-0.00166922800014886	-0.353631415512811	-0.00166922800014885	1
4400000	1	-0.094555416894466	-0.613280968046531	-0.094555416894466	1	0.0355292090892246	-0.613280968046531	0.0355292090892246	1
4410000	1	-0.260010938227052	-0.667976653092177	-0.260010938227052	1	0.027817129702252	-0.667976653092177	0.027817129702252	1
4420000	1	-0.202489349237348	-0.799203073225288	-0.202489349237348	1	0.174341049011592	-0.799203073225288	0.174341049011592	1
4430000	1	-0.160165476314836	-0.578297653009617	-0.160165476314836	1	0.00481185866887382	-0.578297653009617	0.00481185866887381	1
4440000	1	-0.0696137175473533	-0.585534994127287	-0.0696137175473533	1	-0.0559469929118626	-0.585534994127287	-0.0559469929118626	1
4450000	1	-0.0548743187573916	-0.645251737718489	-0.0548743187573916	1	-0.0320867038200978	-0.645251737718489	-0.0320867038200978	1
4460000	1	-0.199811577206602	-0.709153916609817	-0.199811577206602	1	0.0861915250308032	-0.709153916609817	0.0861915250308032	1
4470000	1	-0.155902501516872	-0.238761692740123	-0.155902501516872	1	0.146119859938553	-0.238761692740123	0.146119859938553	1
4480000	1	-0.324448687589808	-0.543470119404978	-0.324448687589808	1	0.0808752351606599	-0.543470119404978	0.0808752351606599	1
4490000	1	0.0136109217323948	-0.490148907428289	0.0136109217323948	1	0.116840593864129	-0.490148907428289	0.116840593864129	1
4500000	1	-0.190842054528642	-0.71791515462836	-0.190842054528642	1	0.173943017085796	-0.71791515462836	0.173943017085796	1
4510000	1	-0.493835320869353	-0.849561461810414	-0.493835320869353	1	0.402579506120265	-0.849561461810414	0.402579506120265	1
4520000	1	-0.257673781786386	-0.476339754033972	-0.257673781786386	1	0.303961678190612	-0.476339754033972	0.303961678190612	1
4530000	1	-0.33678206503562	-0.602752691987106	-0.33678206503562	1	0.0108910232352659	-0.602752691987106	0.0108910232352659	1
4540000	1	-0.0089399504394139	-0.725410259879655	-0.00893995043941386	1	-0.15053622124514	-0.725410259879655	-0.15053622124514	1
4550000	1	-0.0976430618319602	-0.725950128185148	-0.0976430618319602	1	-0.0377869216104074	-0.725950128185148	-0.0377869216104074	1
4560000	1	-0.446548081990164	-0.689801667253016	-0.446548081990164	1	0.174935947410606	-0.689801667253016	0.174935947410606	1
4570000	1	-0.0288861651788217	-0.35363767994785	-0.0288861651788217	1	-0.0174806864300588	-0.35363767994785	-0.0174806864300588	1
4580000	1	0.0845334119546846	-0.436569074517484	0.0845334119546846	1	0.193743357540212	-0.436569074517484	0.193743357540212	1
4590000	1	0.0682468894639516	-0.637881934133471	0.0682468894639516	1	-0.0134127197740071	-0.637881934133471	-0.0134127197740071	1
4600000	1	0.040122196474017	-0.652428572946315	0.040122196474017	1	0.044040482559934	-0.652428572946315	0.044040482559934	1
4610000	1	-0.285487726254604	-0.440300426192378	-0.285487726254604	1	-0.107265601521026	-0.440300426192378	-0.107265601521026	1
4620000	1	-0.45992759923908	-0.576898922695177	-0.45992759923908	1	0.166322607353778	-0.576898922695177	0.166322607353778	1
4630000	1	-0.0116653687768806	-0.687514672768613	-0.0116653687768806	1	-0.0485370899844572	-0.687514672768613	-0.0485370899844572	1
4640000	1	-0.182483074848824	-0.752959464414215	-0.182483074848824	1	0.134836406619157	-0.752959464414215	0.134836406619157	1
4650000	1	-0.100271331150888	-0.739298084735385	-0.100271331150888	1	0.158897236191301	-0.739298084735385	0.158897236191301	1
4660000	1	-0.2450905517013	-0.625554094305297	-0.2450905517013	1	0.298086096463615	-0.625554094305297	0.298086096463615	1
4670000	1	-0.348853230334119	-0.726693824871232	-0.348853230334119	1	0.475627430452349	-0.726693824871232	0.475627430452349	1
4680000	1	-0.184257679317255	-0.718653296323004	-0.184257679317255	1	0.137544973213508	-0.718653296323004	0.137544973213508	1
4690000	1	-0.219402367824282	-0.536734991285883	-0.219402367824282	1	-0.139272907379088	-0.536734991285883	-0.139272907379088	1
4700000	1	-0.257086260640341	-0.55658452670512	-0.257086260640341	1	0.223709162259581	-0.55658452670512	0.223709162259581	1
4710000	1	-0.171786054492799	-0.517946603299132	-0.171786054492799	1	0.179968185686785	-0.517946603299132	0.179968185686785	1
4720000	1	-0.011774206524475	-0.686537286561584	-0.0117742065244749	1	0.202085136122509	-0.686537286561584	0.202085136122509	1
4730000	1	-0.406112440521438	-0.475703266631054	-0.406112440521438	1	0.038425874951969	-0.475703266631054	0.038425874951969	1
4740000	1	0.0712367144420803	-0.662623681268453	0.0712367144420803	1	0.0995728673892507	-0.662623681268453	0.0995728673892507	1
4750000	1	-0.115364415228802	-0.603032350902542	-0.115364415228802	1	0.175274182894147	-0.603032350902542	0.175274182894147	1
4760000	1	-0.354196214821838	-0.509580367851315	-0.354196214821838	1	0.153257224495859	-0.509580367851315	0.153257224495859	1
4770000	1	-0.0943722749861083	-0.668613128475455	-0.0943722749861083	1	0.270339338442145	-0.668613128475455	0.270339338442145	1
4780000	1	0.0263490714254285	-0.49039183674736	0.0263490714254285	1	-0.0930752418621375	-0.49039183674736	-0.0930752418621375	1
4790000	1	0.0264081814239012	-0.703712940263983	0.0264081814239012	1	0.0920665666724297	-0.703712940263983	0.0920665666724297	1
4800000	1	-0.0732680221859117	-0.556336002296075	-0.0732680221859117	1	0.0505680737224028	-0.556336002296075	0.0505680737224028	1
4810000	1	-0.273224115093183	-0.493550578857543	-0.273224115093183	1	0.256244607516603	-0.493550578857543	0.256244607516603	1
4820000	1	-0.0753951747458338	-0.432490625248088	-0.0753951747458338	1	0.211340999400608	-0.432490625248089	0.211340999400608	1
4830000	1	-0.0519056930916677	-0.480629374836035	-0.0519056930916677	1	-0.14271719264303	-0.480629374836035	-0.14271719264303	1
4840000	1	-0.379019950971587	-0.694856706752658	-0.379019950971587	1	0.152214186653688	-0.694856706752658	0.152214186653688	1
4850000	1	0.0578973879451108	-0.641047314278284	0.0578973879451108	1	-0.0033916051478634	-0.641047314278284	-0.0033916051478634	1
4860000	1	-0.300331947052367	-0.701508016504894	-0.300331947052367	1	0.121467257185431	-0.701508016504894	0.121467257185431	1
4870000	1	0.113248278363594	-0.527173822277305	0.113248278363594	1	0.0748586066666817	-0.527173822277305	0.0748586066666817	1
4880000	1	-0.472737832041229	-0.592991504738988	-0.472737832041229	1	0.313767691581812	-0.592991504738988	0.313767691581812	1
4890000	1	-0.0609942673184072	-0.584870507883475	-0.0609942673184072	1	-0.110671289017597	-0.584870507883475	-0.110671289017597	1
4900000	1	0.0205285090351222	-0.455288365112065	0.0205285090351222	1	0.0444997718099556	-0.455288365112065	0.0444997718099556	1
4910000	1	0.124720154521537	-0.528540837968964	0.124720154521537	1	0.0107749199453558	-0.528540837968964	0.0107749199453558	1
4920000	1	0.00831938819877977	-0.620968798979768	0.00831938819877979	1	0.138749425956726	-0.620968798979768	0.138749425956726	1
4930000	1	-0.3823588707505	-0.522929601611401	-0.3823588707505	1	0.0998040769412694	-0.522929601611401	0.0998040769412694	1
4940000	1	-0.543030476316132	-0.567762697872311	-0.543030476316132	1	0.163389489595752	-0.567762697872311	0.163389489595752	1
4950000	1	-0.0803280709790999	-0.737502900402476	-0.0803280709790998	1	0.117816233232692	-0.737502900402476	0.117816233232692	1
4960000	1	-0.139635646817937	-0.52171020152925	-0.139635646817937	1	0.197264806210502	-0.52171020152925	0.197264806210502	1
4970000	1	0.000471446195670029	-0.448433983543744	0.000471446195670028	1	0.00112575884552877	-0.448433983543744	0.00112575884552877	1
4980000	1	0.122900240598204	-0.665634388778767	0.122900240598204	1	0.0163076955664123	-0.665634388778767	0.0163076955664123	1
4990000	1	-0.458871708985452	-0.373469890746262	-0.458871708985452	1	0.000107240223387563	-0.373469890746262	0.000107240223387559	1
5e+06	1	-0.314906595099355	-0.716269694934521	-0.314906595099355	1	0.142671380073795	-0.716269694934521	0.142671380073795	1
5010000	1	-0.0695640541594227	-0.582048566643717	-0.0695640541594227	1	-0.0126248035188678	-0.582048566643717	-0.0126248035188678	1
5020000	1	-0.420226290467996	-0.680140981849073	-0.420226290467996	1	0.357998526436298	-0.680140981849073	0.357998526436298	1
5030000	1	-0.306115342687732	-0.624386100255822	-0.306115342687732	1	0.154503863474245	-0.624386100255822	0.154503863474245	1
5040000	1	0.147151754733172	-0.400576851170045	0.147151754733172	1	0.0921660255043831	-0.400576851170045	0.0921660255043831	1
5050000	1	-0.0897430232267133	-0.628015364946375	-0.0897430232267133	1	0.175632179508321	-0.628015364946375	0.175632179508321	1
5060000	1	0.116691403533159	-0.596763281034203	0.116691403533159	1	0.0979932848648397	-0.596763281034203	0.0979932848648397	1
5070000	1	-0.550026041611952	-0.633023640189329	-0.550026041611952	1	0.334905534763062	-0.633023640189329	0.334905534763062	1
5080000	1	0.184753049182939	-0.632245376433948	0.184753049182939	1	-0.0428863018036862	-0.632245376433948	-0.0428863018036862	1
5090000	1	0.0798516859013694	-0.506058460978243	0.0798516859013694	1	0.192375762700507	-0.506058460978243	0.192375762700507	1
5100000	1	-0.159645678522571	-0.6766024150531	-0.159645678522571	1	-0.0180491949337156	-0.6766024150531	-0.0180491949337156	1
5110000	1	-0.298031075586962	-0.721993204312629	-0.298031075586962	1	0.0252153137283944	-0.721993204312629	0.0252153137283944	1
5120000	1	0.103636916021462	-0.492935960889635	0.103636916021462	1	0.097423860633883	-0.492935960889635	0.097423860633883	1
5130000	1	0.0525439007374692	-0.530965184259673	0.0525439007374693	1	0.163129593455267	-0.530965184259673	0.163129593455267	1
5140000	1	-0.181971658817024	-0.686674113662961	-0.181971658817024	1	-0.0198765146851534	-0.68667411366296	-0.0198765146851534	1
5150000	1	0.0386289059468394	-0.575897738089536	0.0386289059468394	1	0.121937286180819	-0.575897738089536	0.121937286180819	1
5160000	1	-0.330514660968004	-0.499666934846024	-0.330514660968004	1	0.0398750069849178	-0.499666934846024	0.0398750069849179	1
5170000	1	-0.0668858047894486	-0.675429266360111	-0.0668858047894486	1	-0.0523308670076531	-0.675429266360111	-0.0523308670076531	1
5180000	1	0.07209765456749	-0.492598151594449	0.07209765456749	1	0.0928895385688086	-0.492598151594449	0.0928895385688086	1
5190000	1	-0.133151079439417	-0.654062850676336	-0.133151079439417	1	0.11430006990765	-0.654062850676336	0.11430006990765	1
5200000	1	-0.245289440117866	-0.506879187616289	-0.245289440117866	1	0.321760372010356	-0.506879187616289	0.321760372010356	1
5210000	1	-0.00651094638005377	-0.604705007906273	-0.00651094638005379	1	0.205790247445533	-0.604705007906273	0.205790247445533	1
5220000	1	-0.2057269679133	-0.771290524755638	-0.2057269679133	1	0.205284527044158	-0.771290524755638	0.205284527044157	1
5230000	1	0.0762260403977351	-0.459219772511935	0.0762260403977351	1	0.0951914897963586	-0.459219772511935	0.0951914897963586	1
5240000	1	0.0728470561400651	-0.567511242561203	0.0728470561400651	1	0.0432257910979964	-0.567511242561203	0.0432257910979964	1
5250000	1	-0.215881119193533	-0.526178908512706	-0.215881119193533	1	0.148614676052068	-0.526178908512706	0.148614676052068	1
5260000	1	-0.455296824509774	-0.555030375500932	-0.455296824509774	1	0.112036965011516	-0.555030375500932	0.112036965011516	1
5270000	1	-0.224943636320147	-0.638310210151159	-0.224943636320147	1	0.334303728420625	-0.638310210151159	0.334303728420625	1
5280000	1	0.00666227400739468	-0.55190676270148	0.00666227400739464	1	0.189805986009496	-0.55190676270148	0.189805986009496	1
5290000	1	-0.252550154133828	-0.602395522121517	-0.252550154133828	1	0.192361984238894	-0.602395522121517	0.192361984238894	1
5300000	1	-0.0463984869581294	-0.666509267207747	-0.0463984869581294	1	0.0638830359061975	-0.666509267207747	0.0638830359061975	1
5310000	1	0.113650896864651	-0.507073778972482	0.113650896864651	1	0.0110320382944565	-0.507073778972482	0.0110320382944565	1
5320000	1	0.00790271781159268	-0.39030734904529	0.00790271781159268	1	0.0490616863128887	-0.39030734904529	0.0490616863128887	1
5330000	1	-0.40451187870148	-0.69607729734207	-0.40451187870148	1	0.160357148708967	-0.69607729734207	0.160357148708967	1
5340000	1	-0.185746777087735	-0.554310492524048	-0.185746777087734	1	0.351088758966269	-0.554310492524048	0.351088758966269	1
5350000	1	0.0655978780484239	-0.508072651613828	0.0655978780484239	1	0.25144111604906	-0.508072651613828	0.25144111604906	1
5360000	1	-0.173556636483799	-0.719891890158607	-0.173556636483799	1	0.215959942384964	-0.719891890158607	0.215959942384964	1
5370000	1	-0.239804623185519	-0.596953428810411	-0.239804623185519	1	-0.00197820648489178	-0.596953428810411	-0.00197820648489179	1
5380000	1	0.0196027608777824	-0.673607500318098	0.0196027608777824	1	0.0566182620346572	-0.673607500318098	0.0566182620346571	1
5390000	1	-0.311482531181413	-0.631755528543908	-0.311482531181413	1	0.128945021388428	-0.631755528543908	0.128945021388428	1
5400000	1	-0.182650032952967	-0.568843353124426	-0.182650032952967	1	-0.0402874074852558	-0.568843353124426	-0.0402874074852558	1
5410000	1	-0.353219050215263	-0.67873822358053	-0.353219050215263	1	0.191733850506826	-0.67873822358053	0.191733850506826	1
5420000	1	-0.303215751621729	-0.439987443243011	-0.303215751621729	1	0.182049356006712	-0.439987443243011	0.182049356006712	1
5430000	1	-0.0965560133227305	-0.622549896367344	-0.0965560133227305	1	0.0370572392311816	-0.622549896367344	0.0370572392311816	1
5440000	1	-0.157793476877452	-0.66608550596969	-0.157793476877452	1	0.116108079489268	-0.66608550596969	0.116108079489268	1
5450000	1	-0.14914374635245	-0.331245428952352	-0.14914374635245	1	0.0941604200560996	-0.331245428952352	0.0941604200560996	1
5460000	1	0.154405697358263	-0.500701364139387	0.154405697358263	1	-0.0515031835924413	-0.500701364139387	-0.0515031835924413	1
5470000	1	0.103831011133112	-0.620748827465311	0.103831011133112	1	-0.148800061615235	-0.620748827465312	-0.148800061615235	1
5480000	1	-0.131648045307626	-0.502021893808226	-0.131648045307626	1	0.0983164407565114	-0.502021893808226	0.0983164407565114	1
5490000	1	0.0708348135478944	-0.699478299573494	0.0708348135478944	1	-0.0421910551789862	-0.699478299573494	-0.0421910551789862	1
5500000	1	-0.149677888538817	-0.643406312126621	-0.149677888538817	1	-0.0264808934990356	-0.643406312126621	-0.0264808934990356	1
5510000	1	-0.237163406124157	-0.636403220827927	-0.237163406124157	1	0.125057550864212	-0.636403220827927	0.125057550864212	1
5520000	1	-0.192454805233695	-0.501100267560559	-0.192454805233695	1	0.144136505965686	-0.501100267560559	0.144136505965686	1
5530000	1	0.0605580880643247	-0.70332859164162	0.0605580880643248	1	0.0638702475294588	-0.70332859164162	0.0638702475294588	1
5540000	1	0.154081275583156	-0.779295185446418	0.154081275583156	1	0.0704738727165792	-0.779295185446418	0.0704738727165792	1
5550000	1	-0.462345964479261	-0.667302556182821	-0.462345964479261	1	0.233606419700957	-0.667302556182821	0.233606419700957	1
5560000	1	-0.262549586183975	-0.559399083389665	-0.262549586183975	1	0.288771604484527	-0.559399083389664	0.288771604484527	1
5570000	1	-0.0294212736262429	-0.602838231543791	-0.0294212736262429	1	0.112108876445894	-0.602838231543791	0.112108876445894	1
5580000	1	-0.0656441277385554	-0.431879896454698	-0.0656441277385554	1	0.0975404922414886	-0.431879896454698	0.0975404922414886	1
5590000	1	-0.116820099435906	-0.534304894628413	-0.116820099435906	1	-0.0127362831587045	-0.534304894628413	-0.0127362831587045	1
5600000	1	0.284194897753111	-0.317837908728301	0.284194897753111	1	0.247797323055895	-0.317837908728301	0.247797323055895	1
5610000	1	-0.0648508578989945	-0.347730016918977	-0.0648508578989945	1	0.131070913801803	-0.347730016918977	0.131070913801803	1
5620000	1	-0.358254922809441	-0.677436809518312	-0.358254922809441	1	0.217598062289475	-0.677436809518312	0.217598062289475	1
5630000	1	-0.0998221511185223	-0.662284705154401	-0.0998221511185223	1	-0.0906856697525293	-0.662284705154401	-0.0906856697525293	1
5640000	1	-0.172251884107505	-0.313676306654553	-0.172251884107505	1	0.114912120343132	-0.313676306654553	0.114912120343132	1
5650000	1	-0.324216387868324	-0.761190397018702	-0.324216387868324	1	0.268586248060247	-0.761190397018702	0.268586248060247	1
5660000	1	-0.117142299804502	-0.431446184892893	-0.117142299804502	1	0.151403462865442	-0.431446184892893	0.151403462865442	1
5670000	1	-0.101952662542396	-0.515644407669469	-0.101952662542396	1	0.0782257452613394	-0.515644407669469	0.0782257452613394	1
5680000	1	-0.0922596314416697	-0.60519416028477	-0.0922596314416698	1	-0.113332780582212	-0.60519416028477	-0.113332780582212	1
5690000	1	-0.257606053295871	-0.546618251463692	-0.25760605329587	1	0.276198198070238	-0.546618251463692	0.276198198070238	1
5700000	1	-0.297264656098776	-0.632770495527222	-0.297264656098776	1	0.277051853213203	-0.632770495527222	0.277051853213203	1
5710000	1	-0.21567851172164	-0.448220430373744	-0.21567851172164	1	-0.0150527704314382	-0.448220430373744	-0.0150527704314382	1
5720000	1	-0.0696065615186328	-0.605344986806553	-0.0696065615186328	1	-0.0202048457207725	-0.605344986806553	-0.0202048457207725	1
5730000	1	-0.0465901743523062	-0.737705152312525	-0.0465901743523062	1	0.111851489457626	-0.737705152312525	0.111851489457626	1
5740000	1	-0.113419094111317	-0.655596735956051	-0.113419094111317	1	0.100177303348062	-0.655596735956051	0.100177303348062	1
5750000	1	-0.419410490512349	-0.841434184369263	-0.419410490512349	1	0.389360949596893	-0.841434184369262	0.389360949596893	1
5760000	1	-0.0399415966436929	-0.565652308718883	-0.0399415966436928	1	0.191138334877251	-0.565652308718883	0.191138334877251	1
5770000	1	-0.315189750605981	-0.534534369309835	-0.315189750605981	1	0.271100098927434	-0.534534369309835	0.271100098927434	1
5780000	1	-0.243423979148017	-0.735721662964472	-0.243423979148017	1	0.199295262503168	-0.735721662964472	0.199295262503168	1
5790000	1	-0.321261121688015	-0.270443814899302	-0.321261121688015	1	0.0566571221539942	-0.270443814899302	0.0566571221539942	1
5800000	1	-0.334164188857797	-0.0758488768586519	-0.334164188857797	1	0.0952119987101405	-0.0758488768586519	0.0952119987101405	1
5810000	1	-0.227626538470231	-0.585186301543195	-0.227626538470231	1	0.300416199929363	-0.585186301543195	0.300416199929363	1
5820000	1	-0.151183372499314	-0.467787199089377	-0.151183372499314	1	0.363580574214362	-0.467787199089377	0.363580574214362	1
5830000	1	-0.211332096481839	-0.565299936926285	-0.211332096481839	1	0.187485318568297	-0.565299936926285	0.187485318568297	1
5840000	1	0.0786514115826615	-0.647370846727881	0.0786514115826615	1	0.167724579920545	-0.647370846727881	0.167724579920545	1
5850000	1	-0.164242661375057	-0.724391036447475	-0.164242661375057	1	0.325411018937898	-0.724391036447475	0.325411018937898	1
5860000	1	-0.275554349750511	-0.564820346266887	-0.275554349750511	1	0.126202068745844	-0.564820346266887	0.126202068745844	1
5870000	1	-0.131112427215346	-0.602083897390838	-0.131112427215346	1	0.0520675184941676	-0.602083897390838	0.0520675184941676	1
5880000	1	-0.25916350040933	-0.522622365963287	-0.25916350040933	1	0.11162298255106	-0.522622365963287	0.11162298255106	1
5890000	1	-0.142162326541919	-0.416625536757102	-0.142162326541919	1	0.00538524201827526	-0.416625536757102	0.00538524201827527	1
5900000	1	-0.236866395905844	-0.615777324624064	-0.236866395905844	1	0.0899476468127667	-0.615777324624064	0.0899476468127667	1
5910000	1	-0.565216525501386	-0.751706368316782	-0.565216525501386	1	0.286932842395711	-0.751706368316782	0.286932842395711	1
5920000	1	-0.372329523723566	-0.667937064199583	-0.372329523723566	1	0.227504086357487	-0.667937064199583	0.227504086357487	1
5930000	1	-0.0058648429209876	-0.643357365609989	-0.0058648429209876	1	-0.0097852653913493	-0.643357365609989	-0.0097852653913493	1
5940000	1	0.107967247770324	-0.479577897801887	0.107967247770324	1	-0.14867210133368	-0.479577897801887	-0.14867210133368	1
5950000	1	-0.300192907669927	-0.631711908768456	-0.300192907669927	1	0.0299368040869533	-0.631711908768456	0.0299368040869533	1
5960000	1	-0.283267763045151	-0.608993519852334	-0.283267763045151	1	0.279470471936012	-0.608993519852334	0.279470471936012	1
5970000	1	0.459657181786028	-0.531985883196027	0.459657181786028	1	-0.0502745233449349	-0.531985883196027	-0.0502745233449348	1
5980000	1	-0.427025066830434	-0.609459227063295	-0.427025066830434	1	0.360096318325808	-0.609459227063296	0.360096318325808	1
5990000	1	-0.144648948338407	-0.6925496958023	-0.144648948338407	1	0.207031351281551	-0.692549695802299	0.207031351281551	1
6e+06	1	-0.6165252080677	-0.714082703054577	-0.6165252080677	1	0.492697659948375	-0.714082703054577	0.492697659948375	1
6010000	1	-0.0281919185137889	-0.647926119296149	-0.0281919185137889	1	0.186330712491655	-0.647926119296149	0.186330712491655	1
6020000	1	-0.265479991627074	-0.513853273081123	-0.265479991627074	1	0.196864108475281	-0.513853273081123	0.196864108475281	1
6030000	1	-0.228191547497154	-0.601265380788646	-0.228191547497154	1	0.00665402569228027	-0.601265380788646	0.00665402569228027	1
6040000	1	-0.173650255831655	-0.48561311528461	-0.173650255831655	1	0.267909806062006	-0.48561311528461	0.267909806062006	1
6050000	1	-0.220861050275024	-0.627462708536896	-0.220861050275024	1	-0.0184154513852476	-0.627462708536896	-0.0184154513852476	1
6060000	1	-0.255072780921676	-0.522924606824014	-0.255072780921676	1	0.185840249662929	-0.522924606824014	0.185840249662929	1
6070000	1	0.0925187657936868	-0.703768365924363	0.0925187657936867	1	0.0134075042895078	-0.703768365924363	0.0134075042895078	1
6080000	1	-0.287235467229506	-0.475574983114818	-0.287235467229506	1	0.257764696484545	-0.475574983114818	0.257764696484545	1
6090000	1	-0.162391420054838	-0.514395856190992	-0.162391420054838	1	0.204666456310039	-0.514395856190992	0.204666456310039	1
6100000	1	-0.00728267361441493	-0.677913658052212	-0.00728267361441492	1	-0.0425587118826408	-0.677913658052212	-0.0425587118826408	1
6110000	1	0.259178422155982	-0.719656332747857	0.259178422155982	1	-0.128083810845696	-0.719656332747857	-0.128083810845696	1
6120000	1	-0.363919209538499	-0.61591869056511	-0.363919209538499	1	0.0295569998718397	-0.61591869056511	0.0295569998718397	1
6130000	1	-0.0262005327966356	-0.60685042427564	-0.0262005327966356	1	0.141646792102624	-0.60685042427564	0.141646792102624	1
6140000	1	-0.0639251010855571	-0.222826440041786	-0.0639251010855571	1	0.185948205261982	-0.222826440041786	0.185948205261982	1
6150000	1	-0.0901327904575395	-0.59718728446019	-0.0901327904575395	1	-0.0589651808581837	-0.59718728446019	-0.0589651808581837	1
6160000	1	0.232494849906015	-0.476107675480037	0.232494849906015	1	-0.0195474433192056	-0.476107675480037	-0.0195474433192056	1
6170000	1	-0.187614617232684	-0.443392619910277	-0.187614617232684	1	0.359122230430575	-0.443392619910277	0.359122230430575	1
6180000	1	-0.195890740339963	-0.670635498490033	-0.195890740339963	1	0.170729896074986	-0.670635498490033	0.170729896074986	1
6190000	1	-0.0693475394598163	-0.524318150639149	-0.0693475394598163	1	0.079333686172442	-0.524318150639149	0.079333686172442	1
6200000	1	-0.188699766421599	-0.370989586754884	-0.188699766421599	1	0.0778459188948943	-0.370989586754884	0.0778459188948943	1
6210000	1	0.15726233905993	-0.562714902115461	0.15726233905993	1	-0.00849480169454825	-0.562714902115461	-0.00849480169454825	1
6220000	1	-0.206537674485388	-0.397348343641418	-0.206537674485388	1	0.118067709299723	-0.397348343641418	0.118067709299723	1
6230000	1	-0.422156668531172	-0.451038295306816	-0.422156668531172	1	0.255350413398363	-0.451038295306816	0.255350413398363	1
6240000	1	0.144554478604231	-0.522595047256341	0.144554478604231	1	0.131168140220307	-0.522595047256341	0.131168140220307	1
6250000	1	-0.0514537606861909	-0.463992268323374	-0.0514537606861909	1	0.231400007392706	-0.463992268323374	0.231400007392706	1
6260000	1	-0.215569744361673	-0.700863003112463	-0.215569744361673	1	0.124493500024991	-0.700863003112463	0.124493500024991	1
6270000	1	0.272020855788983	-0.632415691847765	0.272020855788983	1	-0.0167956575235483	-0.632415691847766	-0.0167956575235483	1
6280000	1	-0.100319048330249	-0.56234920014425	-0.100319048330249	1	0.402872180857825	-0.562349200144251	0.402872180857825	1
6290000	1	-0.4581906015979	-0.41871732130128	-0.4581906015979	1	0.0866498322499793	-0.41871732130128	0.0866498322499793	1
6300000	1	0.254109902321601	-0.529651233689023	0.254109902321601	1	0.00272544261795603	-0.529651233689023	0.00272544261795604	1
6310000	1	-0.250576635838916	-0.600216903668245	-0.250576635838916	1	0.167687167432198	-0.600216903668245	0.167687167432198	1
6320000	1	-0.508649790405828	-0.431694121756389	-0.508649790405827	1	0.0404298692462231	-0.431694121756389	0.0404298692462231	1
6330000	1	-0.182774624591803	-0.497993473594281	-0.182774624591803	1	-0.0108290047378761	-0.497993473594281	-0.0108290047378761	1
6340000	1	-0.196494896277155	-0.670460459183901	-0.196494896277155	1	0.161647166787779	-0.670460459183901	0.161647166787779	1
6350000	1	0.275038502100401	-0.678564609466852	0.275038502100401	1	0.0908279877416128	-0.678564609466852	0.0908279877416128	1
6360000	1	0.0746119518981141	-0.719155284134631	0.0746119518981141	1	0.136757482560903	-0.719155284134631	0.136757482560903	1
6370000	1	-0.209447041490836	-0.412461779459371	-0.209447041490836	1	0.168869615818253	-0.412461779459371	0.168869615818253	1
6380000	1	-0.0601862641444315	-0.521869926717515	-0.0601862641444315	1	0.188775199122131	-0.521869926717515	0.188775199122131	1
6390000	1	0.0488286980462297	-0.575946835240509	0.0488286980462297	1	0.198089774201841	-0.575946835240509	0.198089774201841	1
6400000	1	-0.172371309365208	-0.667004715926281	-0.172371309365208	1	0.057249825619889	-0.667004715926281	0.057249825619889	1
6410000	1	-0.274774405954005	-0.611055840095145	-0.274774405954005	1	0.129643700529839	-0.611055840095145	0.129643700529839	1
6420000	1	-0.031678807266082	-0.658643999982883	-0.031678807266082	1	-0.0662568555446269	-0.658643999982883	-0.0662568555446269	1
6430000	1	-0.303897124084857	-0.737101922999908	-0.303897124084857	1	0.15009814463491	-0.737101922999908	0.15009814463491	1
6440000	1	-0.396775949741491	-0.709308886912134	-0.396775949741491	1	0.421247853689373	-0.709308886912134	0.421247853689373	1
6450000	1	-0.0219679778859196	-0.601089446210473	-0.0219679778859196	1	0.0520395133608553	-0.601089446210473	0.0520395133608553	1
6460000	1	-0.12666337083709	-0.631241264077268	-0.12666337083709	1	0.299496248802461	-0.631241264077268	0.299496248802461	1
6470000	1	-0.109160691746233	-0.532124692005287	-0.109160691746233	1	0.278201362254841	-0.532124692005287	0.278201362254841	1
6480000	1	-0.451798912816338	-0.688980609795811	-0.451798912816337	1	0.175735940538075	-0.688980609795811	0.175735940538075	1
6490000	1	0.160143094600921	-0.566695388684271	0.160143094600921	1	0.131535313966325	-0.56669538868427	0.131535313966325	1
6500000	1	-0.132671933980476	-0.603508902623783	-0.132671933980476	1	-0.0545639211732312	-0.603508902623783	-0.0545639211732311	1
6510000	1	0.0488154794633102	-0.549689825762661	0.0488154794633102	1	0.100061636947706	-0.549689825762661	0.100061636947706	1
6520000	1	-0.125317006932492	-0.480412283260471	-0.125317006932492	1	0.238672019584227	-0.480412283260471	0.238672019584227	1
6530000	1	-0.168827435562138	-0.518153542624664	-0.168827435562138	1	0.0750810687621465	-0.518153542624664	0.0750810687621465	1
6540000	1	-0.278651464767993	-0.563652979078854	-0.278651464767993	1	0.330730678535652	-0.563652979078854	0.330730678535652	1
6550000	1	-0.339743809561443	-0.501641214613107	-0.339743809561443	1	0.132373517642068	-0.501641214613107	0.132373517642068	1
6560000	1	-0.208457917159338	-0.88180191035608	-0.208457917159338	1	0.117407873255579	-0.88180191035608	0.117407873255579	1
6570000	1	0.115397970500536	-0.69365769222908	0.115397970500536	1	-0.0520166358980095	-0.69365769222908	-0.0520166358980095	1
6580000	1	0.133890581545073	-0.510413931125068	0.133890581545073	1	0.0897773264549257	-0.510413931125068	0.0897773264549257	1
6590000	1	-0.127121130919547	-0.296825463236996	-0.127121130919547	1	-0.0229968798818245	-0.296825463236996	-0.0229968798818245	1
6600000	1	0.0892282465904114	-0.628918651800072	0.0892282465904114	1	0.0451303291097133	-0.628918651800072	0.0451303291097132	1
6610000	1	-0.109717028283363	-0.515286121351108	-0.109717028283363	1	0.0395992238070794	-0.515286121351108	0.0395992238070794	1
6620000	1	-0.0975651184935839	-0.689194779962133	-0.097565118493584	1	0.0950507230684314	-0.689194779962133	0.0950507230684314	1
6630000	1	-0.191507236071709	-0.539862763124774	-0.191507236071709	1	0.245928952224203	-0.539862763124774	0.245928952224203	1
6640000	1	0.179630929595994	-0.410945761851826	0.179630929595994	1	-0.0715547615098752	-0.410945761851826	-0.0715547615098752	1
6650000	1	-0.0677610580720714	-0.430665115618727	-0.0677610580720714	1	0.209700740071815	-0.430665115618727	0.209700740071815	1
6660000	1	-0.182394548798255	-0.664306590186861	-0.182394548798255	1	0.209817365182178	-0.664306590186861	0.209817365182178	1
6670000	1	-0.173208363871414	-0.536005249534371	-0.173208363871414	1	0.160270232325716	-0.536005249534371	0.160270232325716	1
6680000	1	-0.415518400209383	-0.598897343332328	-0.415518400209383	1	0.359888695842078	-0.598897343332328	0.359888695842078	1
6690000	1	-0.268922808139771	-0.564569860861842	-0.268922808139771	1	0.197276494741798	-0.564569860861842	0.197276494741798	1
6700000	1	-0.269097061254062	-0.504393052719811	-0.269097061254062	1	0.0921849411180779	-0.504393052719811	0.092184941118078	1
6710000	1	-0.0882809790756512	-0.675749780542418	-0.0882809790756512	1	0.0868575108934384	-0.675749780542418	0.0868575108934384	1
6720000	1	-0.0670155425388212	-0.411082185209552	-0.0670155425388212	1	0.127036377654066	-0.411082185209552	0.127036377654066	1
6730000	1	-0.3627315634821	-0.680221843994483	-0.3627315634821	1	0.243439307042968	-0.680221843994483	0.243439307042968	1
6740000	1	-0.143169979466571	-0.632209813668739	-0.143169979466571	1	-0.0270621417127809	-0.632209813668739	-0.0270621417127808	1
6750000	1	-0.014144737785345	-0.426118245492903	-0.014144737785345	1	0.226216109415494	-0.426118245492903	0.226216109415494	1
6760000	1	0.39746804279116	-0.459252746059149	0.39746804279116	1	-0.0571978574985928	-0.459252746059149	-0.0571978574985928	1
6770000	1	0.22387244475071	-0.66635818826206	0.22387244475071	1	-0.185652186854545	-0.66635818826206	-0.185652186854545	1
6780000	1	-0.42089955666035	-0.574861473825027	-0.42089955666035	1	0.173623789871567	-0.574861473825027	0.173623789871567	1
6790000	1	-0.0413983094187936	-0.509140045060663	-0.0413983094187936	1	0.0781408568708072	-0.509140045060662	0.0781408568708072	1
6800000	1	0.0255104956365	-0.482835499852458	0.0255104956365	1	0.177423419572813	-0.482835499852458	0.177423419572813	1
6810000	1	-0.138642935538945	-0.637150106784256	-0.138642935538945	1	0.310068017406819	-0.637150106784256	0.310068017406819	1
6820000	1	0.0573500127897384	-0.738699925832361	0.0573500127897384	1	-0.0878075001451828	-0.738699925832361	-0.0878075001451828	1
6830000	1	0.0544335002630731	-0.678651648499077	0.0544335002630731	1	0.156005069747588	-0.678651648499077	0.156005069747588	1
6840000	1	-0.441765647298643	-0.634688823058083	-0.441765647298643	1	0.174621227361635	-0.634688823058083	0.174621227361635	1
6850000	1	0.0423314881611487	-0.721347616503907	0.0423314881611487	1	0.035811470213959	-0.721347616503907	0.035811470213959	1
6860000	1	-0.450513901834734	-0.728980269387524	-0.450513901834734	1	0.333602214530149	-0.728980269387524	0.333602214530149	1
6870000	1	-0.257043745602554	-0.602845144073128	-0.257043745602554	1	0.0420709007247359	-0.602845144073128	0.0420709007247359	1
6880000	1	-0.160467475311357	-0.561068224434248	-0.160467475311357	1	0.252998350623049	-0.561068224434248	0.252998350623049	1
6890000	1	-0.17625948913252	-0.63859149380845	-0.17625948913252	1	0.114387035871189	-0.63859149380845	0.114387035871189	1
6900000	1	-0.484460406069558	-0.599721092816089	-0.484460406069558	1	0.434075567990923	-0.599721092816089	0.434075567990923	1
6910000	1	-0.554764955194506	-0.735479159108394	-0.554764955194506	1	0.341936203021573	-0.735479159108394	0.341936203021573	1
6920000	1	-0.140851749771681	-0.66080250380576	-0.140851749771681	1	0.163419129622282	-0.66080250380576	0.163419129622282	1
6930000	1	-0.155037869183847	-0.620005779694588	-0.155037869183847	1	0.212894588094694	-0.620005779694588	0.212894588094694	1
6940000	1	-0.197653888420172	-0.662423256454016	-0.197653888420172	1	0.227545465816404	-0.662423256454016	0.227545465816404	1
6950000	1	-0.177680260583667	-0.41113657779738	-0.177680260583667	1	0.0911681555441197	-0.41113657779738	0.0911681555441197	1
6960000	1	-0.126172062633092	-0.6400849619669	-0.126172062633092	1	-0.0493364726195483	-0.6400849619669	-0.0493364726195483	1
6970000	1	-0.159006729414518	-0.566812845886391	-0.159006729414518	1	0.0977851532093469	-0.566812845886391	0.0977851532093469	1
6980000	1	-0.0172383629324106	-0.615265997587733	-0.0172383629324106	1	-0.0517460318560402	-0.615265997587733	-0.0517460318560402	1
6990000	1	-0.286322692831664	-0.531293282013754	-0.286322692831663	1	0.0776502348853419	-0.531293282013754	0.0776502348853419	1
7e+06	1	0.0631991087027125	-0.498251952700541	0.0631991087027124	1	0.142530982844385	-0.498251952700541	0.142530982844385	1
7010000	1	-0.326593182385911	-0.769606337434719	-0.326593182385911	1	0.208121636643698	-0.76960633743472	0.208121636643698	1
7020000	1	-0.586948115702291	-0.517119689288452	-0.586948115702291	1	0.197043539826456	-0.517119689288452	0.197043539826456	1
7030000	1	0.10897988631944	-0.637092044771866	0.10897988631944	1	0.0810243313853153	-0.637092044771866	0.0810243313853153	1
7040000	1	-0.182489099946174	-0.648392062100734	-0.182489099946174	1	0.142989715908783	-0.648392062100734	0.142989715908783	1
7050000	1	-0.0318903628575523	-0.714363483214075	-0.0318903628575523	1	0.141632344755282	-0.714363483214075	0.141632344755282	1
7060000	1	-0.0129086796339979	-0.660705471270271	-0.0129086796339979	1	0.171312235051026	-0.660705471270271	0.171312235051026	1
7070000	1	-0.0982108002974533	-0.677655715308468	-0.0982108002974533	1	-0.0715092642530484	-0.677655715308468	-0.0715092642530484	1
7080000	1	0.00389917257734213	-0.65175034468208	0.00389917257734215	1	-0.0478738109389249	-0.65175034468208	-0.0478738109389249	1
7090000	1	-0.564896277258072	-0.60105421964034	-0.564896277258072	1	0.203982871174962	-0.60105421964034	0.203982871174962	1
7100000	1	0.313713258291617	-0.621559946532027	0.313713258291617	1	-0.00335188489420511	-0.621559946532027	-0.00335188489420509	1
7110000	1	-0.0667642793129034	-0.601716318119197	-0.0667642793129033	1	0.137783551299182	-0.601716318119197	0.137783551299182	1
7120000	1	-0.038191942710679	-0.446796235412066	-0.038191942710679	1	-0.0926173398169815	-0.446796235412066	-0.0926173398169815	1
7130000	1	-0.380143819407058	-0.61272599209191	-0.380143819407058	1	0.168075143564034	-0.61272599209191	0.168075143564034	1
7140000	1	-0.144592171521585	-0.449303117000762	-0.144592171521585	1	0.0812617823515711	-0.449303117000762	0.0812617823515711	1
7150000	1	0.0424258153583596	-0.492608336585893	0.0424258153583596	1	-0.0285663631909429	-0.492608336585893	-0.0285663631909429	1
7160000	1	-0.298030246379627	-0.71336891301904	-0.298030246379627	1	0.159364688449817	-0.71336891301904	0.159364688449817	1
7170000	1	-0.263766546608804	-0.669178775349073	-0.263766546608804	1	0.180864669768485	-0.669178775349073	0.180864669768485	1
7180000	1	-0.09638199982726	-0.680289838541418	-0.09638199982726	1	0.125812762403755	-0.680289838541418	0.125812762403755	1
7190000	1	-0.302222345444758	-0.303132927306214	-0.302222345444758	1	0.279263532625856	-0.303132927306214	0.279263532625856	1
7200000	1	-0.266433124263753	-0.522116267434355	-0.266433124263753	1	0.244433339360677	-0.522116267434355	0.244433339360677	1
7210000	1	-0.472165281681975	-0.618212250388205	-0.472165281681975	1	0.152831181336793	-0.618212250388205	0.152831181336793	1
7220000	1	-0.130831937941981	-0.675076971615683	-0.130831937941981	1	0.264381272252561	-0.675076971615683	0.264381272252561	1
7230000	1	-0.172824730486869	-0.583358105240052	-0.172824730486869	1	0.265245092546294	-0.583358105240052	0.265245092546293	1
7240000	1	0.140532761202157	-0.435381871513337	0.140532761202157	1	0.299097055954337	-0.435381871513337	0.299097055954337	1
7250000	1	-0.15333434781781	-0.497284952680226	-0.15333434781781	1	0.317543445179419	-0.497284952680226	0.317543445179419	1
7260000	1	-0.173792581837971	-0.46697858771119	-0.173792581837971	1	-0.116277256202837	-0.46697858771119	-0.116277256202837	1
7270000	1	-0.18262017144439	-0.368913399755252	-0.18262017144439	1	-0.0311477761491711	-0.368913399755252	-0.0311477761491711	1
7280000	1	-0.235771321406598	-0.663088292234017	-0.235771321406598	1	0.131668970075777	-0.663088292234017	0.131668970075777	1
7290000	1	-0.36197729466637	-0.709502395666262	-0.36197729466637	1	0.230675404694929	-0.709502395666262	0.230675404694929	1
7300000	1	0.0572874285577542	-0.569811941553941	0.0572874285577543	1	0.0880972416060476	-0.569811941553941	0.0880972416060476	1
7310000	1	-0.310712298318549	-0.203987134731228	-0.310712298318549	1	-0.141312367836947	-0.203987134731228	-0.141312367836947	1
7320000	1	-0.26055797218586	-0.745683948474572	-0.26055797218586	1	0.159209552537036	-0.745683948474572	0.159209552537036	1
7330000	1	-0.40148561719942	-0.620395254093426	-0.40148561719942	1	0.28991951418747	-0.620395254093426	0.28991951418747	1
7340000	1	-0.120262475760755	-0.501722308094304	-0.120262475760755	1	0.03109569893727	-0.501722308094304	0.03109569893727	1
7350000	1	0.303988013350124	-0.52493833941283	0.303988013350124	1	0.0843869296682818	-0.524938339412831	0.0843869296682818	1
7360000	1	0.0658203830330923	-0.553392545848949	0.0658203830330923	1	-0.125745733372916	-0.553392545848949	-0.125745733372916	1
7370000	1	-0.198496264949276	-0.538655846625392	-0.198496264949276	1	-0.00209981400858787	-0.538655846625392	-0.00209981400858788	1
7380000	1	-0.260129499662027	-0.6195552532967	-0.260129499662027	1	0.000708683851518168	-0.6195552532967	0.000708683851518193	1
7390000	1	-0.253524210065281	-0.589901381516778	-0.253524210065281	1	0.144266545113701	-0.589901381516778	0.144266545113701	1
7400000	1	0.0353227836050681	-0.591467907427411	0.0353227836050681	1	-0.0912320977988327	-0.591467907427411	-0.0912320977988327	1
7410000	1	-0.103422945254941	-0.676436896993025	-0.103422945254941	1	0.0987548522324972	-0.676436896993025	0.0987548522324973	1
7420000	1	-0.0792090867752384	-0.514677447235601	-0.0792090867752384	1	0.186587131051639	-0.514677447235601	0.186587131051639	1
7430000	1	-0.115341368711425	-0.462764736589725	-0.115341368711425	1	-0.0129210969871918	-0.462764736589725	-0.0129210969871918	1
7440000	1	-0.195526868208418	-0.600065286157543	-0.195526868208418	1	0.191870090408295	-0.600065286157543	0.191870090408295	1
7450000	1	-0.472468579426062	-0.532371089383004	-0.472468579426062	1	0.067614158478125	-0.532371089383004	0.067614158478125	1
7460000	1	0.175048832620882	-0.356837460637794	0.175048832620882	1	0.0185158489456817	-0.356837460637794	0.0185158489456817	1
7470000	1	-0.0639012278608123	-0.475590424386797	-0.0639012278608123	1	0.237049801542034	-0.475590424386797	0.237049801542034	1
7480000	1	-0.157537468382592	-0.607145988855305	-0.157537468382592	1	0.194963342769353	-0.607145988855305	0.194963342769353	1
7490000	1	-0.0185901752070004	-0.586215997732841	-0.0185901752070004	1	-0.0541622488463686	-0.586215997732841	-0.0541622488463686	1
7500000	1	-0.26169111157099	-0.660685716754117	-0.26169111157099	1	0.147667307487215	-0.660685716754116	0.147667307487215	1
7510000	1	-0.245729175281208	-0.640226281382596	-0.245729175281208	1	0.324461925985592	-0.640226281382596	0.324461925985592	1
7520000	1	-0.12042683248789	-0.515605112914543	-0.12042683248789	1	0.207150915716615	-0.515605112914543	0.207150915716615	1
7530000	1	-0.122123044392478	-0.551540521217735	-0.122123044392478	1	0.0227270515392686	-0.551540521217735	0.0227270515392686	1
7540000	1	0.0271724557502147	-0.684747354494811	0.0271724557502147	1	0.0646931105841681	-0.684747354494811	0.0646931105841681	1
7550000	1	-0.205466438027747	-0.709597465675352	-0.205466438027747	1	0.182843681952355	-0.709597465675352	0.182843681952355	1
7560000	1	0.149377571478889	-0.648653928699699	0.149377571478889	1	0.0680984012944158	-0.648653928699699	0.0680984012944158	1
7570000	1	-0.0924657235709356	-0.575561965145848	-0.0924657235709356	1	0.294920805692059	-0.575561965145848	0.294920805692059	1
7580000	1	-0.0635383304812283	-0.414878703724719	-0.0635383304812283	1	-0.0784767922208421	-0.414878703724719	-0.0784767922208421	1
7590000	1	-0.0118191936230618	-0.28243771245509	-0.0118191936230618	1	0.0762155803069107	-0.28243771245509	0.0762155803069107	1
7600000	1	0.00685248933998691	-0.564295490071294	0.00685248933998694	1	0.217373498645468	-0.564295490071294	0.217373498645468	1
7610000	1	-0.283727222489177	-0.700527907815567	-0.283727222489177	1	0.257505429490579	-0.700527907815567	0.257505429490579	1
7620000	1	-0.188119289116259	-0.584274894281795	-0.188119289116259	1	0.0214054062584139	-0.584274894281795	0.021405406258414	1
7630000	1	-0.116552014329794	-0.762001057649316	-0.116552014329794	1	0.0918399277265768	-0.762001057649316	0.0918399277265768	1
7640000	1	0.0382627677038814	-0.631883253814263	0.0382627677038814	1	-0.00613859352648869	-0.631883253814263	-0.0061385935264887	1
7650000	1	-0.545419709861021	-0.441767530259634	-0.545419709861021	1	0.267453876973101	-0.441767530259634	0.267453876973101	1
7660000	1	-0.22170219050595	-0.537220446736863	-0.22170219050595	1	0.136831678232446	-0.537220446736863	0.136831678232446	1
7670000	1	-0.0360681453337572	-0.683584438520057	-0.0360681453337572	1	-0.0699987358610485	-0.683584438520057	-0.0699987358610485	1
7680000	1	-0.325975713826103	-0.486436679329486	-0.325975713826103	1	0.209802293851475	-0.486436679329486	0.209802293851475	1
7690000	1	0.0840080211231061	-0.581507455685514	0.0840080211231061	1	0.068142161253909	-0.581507455685514	0.068142161253909	1
7700000	1	-0.260919712180978	-0.443586985510744	-0.260919712180978	1	0.349536264604921	-0.443586985510744	0.349536264604921	1
7710000	1	0.15344250474978	-0.536020081401709	0.15344250474978	1	-0.12016990508381	-0.536020081401709	-0.12016990508381	1
7720000	1	0.0116161318770572	-0.61482309969153	0.0116161318770572	1	0.169731081332309	-0.61482309969153	0.169731081332309	1
7730000	1	-0.161200205219576	-0.520854896882196	-0.161200205219576	1	0.135062719295767	-0.520854896882196	0.135062719295767	1
7740000	1	-0.0607963543133875	-0.39512273158499	-0.0607963543133874	1	0.29121640809882	-0.39512273158499	0.29121640809882	1
7750000	1	-0.498935583135065	-0.483602926080524	-0.498935583135065	1	0.199698696423523	-0.483602926080524	0.199698696423523	1
7760000	1	0.0138075927159257	-0.752787493719092	0.0138075927159257	1	0.0837995430025786	-0.752787493719092	0.0837995430025786	1
7770000	1	0.0289198621635986	-0.598139838911023	0.0289198621635986	1	0.0465534299098867	-0.598139838911023	0.0465534299098867	1
7780000	1	0.162770588489214	-0.642637115369847	0.162770588489214	1	0.146756386984021	-0.642637115369847	0.146756386984021	1
7790000	1	-0.243856162086838	-0.627727509907695	-0.243856162086838	1	0.0841938930618671	-0.627727509907695	0.084193893061867	1
7800000	1	0.192861208083783	-0.334143744591273	0.192861208083783	1	0.0103554082000079	-0.334143744591273	0.0103554082000079	1
7810000	1	-0.00841040876630446	-0.330840541019722	-0.00841040876630446	1	0.0824021476631318	-0.330840541019722	0.0824021476631318	1
7820000	1	-0.107445634022915	-0.633908496324927	-0.107445634022915	1	0.168539407328597	-0.633908496324927	0.168539407328597	1
7830000	1	-0.467687546883492	-0.558600050576121	-0.467687546883491	1	0.222257694928591	-0.558600050576121	0.222257694928591	1
7840000	1	-0.399055502620493	-0.678875348054114	-0.399055502620493	1	0.24679386957936	-0.678875348054114	0.24679386957936	1
7850000	1	-0.168232302194761	-0.469677675640643	-0.168232302194761	1	0.337035925560985	-0.469677675640643	0.337035925560985	1
7860000	1	0.146526826004507	-0.628602098632263	0.146526826004507	1	-0.197747858713924	-0.628602098632263	-0.197747858713924	1
7870000	1	-0.192870066866228	-0.687980945267849	-0.192870066866228	1	0.0720010799213928	-0.687980945267849	0.0720010799213928	1
7880000	1	-0.300626434181775	-0.382102377748298	-0.300626434181775	1	0.059553849412598	-0.382102377748298	0.059553849412598	1
7890000	1	-0.184519551952064	-0.389373996940247	-0.184519551952064	1	0.0921114370997357	-0.389373996940247	0.0921114370997357	1
7900000	1	0.0426514394506388	-0.384945020702712	0.0426514394506388	1	-0.0798975339723861	-0.384945020702712	-0.0798975339723861	1
7910000	1	-0.562325904632077	-0.672391688695409	-0.562325904632077	1	0.263207121130253	-0.672391688695409	0.263207121130253	1
7920000	1	-0.11425355983869	-0.643286259484734	-0.11425355983869	1	0.0641255843291621	-0.643286259484734	0.0641255843291621	1
7930000	1	-0.159240831151485	-0.570335891615376	-0.159240831151485	1	0.316786506052199	-0.570335891615376	0.316786506052199	1
7940000	1	-0.284753520445124	-0.53382225527376	-0.284753520445124	1	0.208107921585144	-0.53382225527376	0.208107921585144	1
7950000	1	-0.0745664395345717	-0.557741154136378	-0.0745664395345717	1	0.164833089276863	-0.557741154136378	0.164833089276863	1
7960000	1	0.0986727765617971	-0.212359482188583	0.0986727765617971	1	0.342446766769501	-0.212359482188583	0.342446766769501	1
7970000	1	-0.0199463942982705	-0.358057753072195	-0.0199463942982705	1	0.073559258345659	-0.358057753072195	0.073559258345659	1
7980000	1	-0.190628305345586	-0.562489277348482	-0.190628305345586	1	0.274464188114654	-0.562489277348482	0.274464188114654	1
7990000	1	-0.00228723062003821	-0.34795016788022	-0.00228723062003823	1	0.232480013264224	-0.34795016788022	0.232480013264223	1
8e+06	1	-0.0395748997795166	-0.517791466975203	-0.0395748997795166	1	0.0170543129829707	-0.517791466975203	0.0170543129829707	1
8010000	1	-0.105582236720452	-0.788645783034554	-0.105582236720452	1	0.0770981042629132	-0.788645783034554	0.0770981042629132	1
8020000	1	0.148431176829082	-0.605240991657311	0.148431176829082	1	-0.184586296314375	-0.605240991657311	-0.184586296314375	1
8030000	1	-0.059424024903632	-0.570374581636922	-0.0594240249036319	1	-0.0586696189675733	-0.570374581636922	-0.0586696189675733	1
8040000	1	0.179267017024869	-0.548553974836859	0.179267017024869	1	0.0892554376368949	-0.548553974836859	0.0892554376368949	1
8050000	1	-0.239697185144705	-0.447238987858898	-0.239697185144705	1	0.136492210741711	-0.447238987858898	0.136492210741711	1
8060000	1	-0.386002420679619	-0.448389475623405	-0.386002420679619	1	0.222017616502683	-0.448389475623405	0.222017616502683	1
8070000	1	-0.33398696395263	-0.322647592243838	-0.33398696395263	1	0.165402677498708	-0.322647592243838	0.165402677498708	1
8080000	1	0.212434933143421	-0.399362762471255	0.212434933143421	1	0.0518511152235062	-0.399362762471255	0.0518511152235062	1
8090000	1	-0.190682375391917	-0.411067397589233	-0.190682375391917	1	0.0315020050542245	-0.411067397589233	0.0315020050542245	1
8100000	1	0.0259824541452771	-0.480974992506512	0.0259824541452771	1	0.0954547218038965	-0.480974992506512	0.0954547218038965	1
8110000	1	-0.0907421106071944	-0.675502767364962	-0.0907421106071944	1	0.00223399155695564	-0.675502767364963	0.00223399155695564	1
8120000	1	-0.231826201154136	-0.730700093004923	-0.231826201154136	1	0.247867603940404	-0.730700093004923	0.247867603940404	1
8130000	1	-0.269539382748641	-0.463444226326784	-0.269539382748641	1	0.184963098046724	-0.463444226326784	0.184963098046724	1
8140000	1	0.215630528546818	-0.502309041315127	0.215630528546818	1	0.185750970368899	-0.502309041315127	0.185750970368899	1
8150000	1	-0.285037727604234	-0.691098396875054	-0.285037727604234	1	0.327048846298364	-0.691098396875054	0.327048846298364	1
8160000	1	0.232674105740279	-0.608144005628793	0.232674105740279	1	0.10494245735773	-0.608144005628793	0.10494245735773	1
8170000	1	-0.0133730657990179	-0.533054082268037	-0.0133730657990178	1	-0.0546034706561406	-0.533054082268037	-0.0546034706561406	1
8180000	1	-0.356360426732195	-0.599799079433766	-0.356360426732195	1	0.331757084847934	-0.599799079433766	0.331757084847934	1
8190000	1	0.179579874219755	-0.412033776630638	0.179579874219755	1	0.026991386790054	-0.412033776630638	0.026991386790054	1
8200000	1	-0.130450143891626	-0.436056383516504	-0.130450143891626	1	0.415181854236683	-0.436056383516504	0.415181854236683	1
8210000	1	-0.254312266012505	-0.662126877516947	-0.254312266012505	1	0.234160401969444	-0.662126877516947	0.234160401969444	1
8220000	1	0.151989372767986	-0.390484724487742	0.151989372767986	1	0.0668395169475972	-0.390484724487742	0.0668395169475972	1
8230000	1	-0.260981484114978	-0.682910667494641	-0.260981484114978	1	0.0691797277216298	-0.682910667494641	0.0691797277216298	1
8240000	1	-0.0200965240646114	-0.55683250595912	-0.0200965240646114	1	0.0873578165351489	-0.55683250595912	0.0873578165351489	1
8250000	1	-0.21132211839603	-0.185377444237586	-0.21132211839603	1	0.0725847649602739	-0.185377444237586	0.0725847649602739	1
8260000	1	0.272950271098177	-0.545111665943932	0.272950271098177	1	0.0702834545210156	-0.545111665943932	0.0702834545210156	1
8270000	1	-0.031444613379948	-0.67744773819037	-0.031444613379948	1	0.10490078837012	-0.67744773819037	0.10490078837012	1
8280000	1	0.117210399231613	-0.663902582087507	0.117210399231613	1	0.0353993879171978	-0.663902582087507	0.0353993879171978	1
8290000	1	0.0613268852292866	-0.541351574186382	0.0613268852292866	1	-0.0658735359921842	-0.541351574186382	-0.0658735359921841	1
8300000	1	-0.123021574674172	-0.621845156365927	-0.123021574674172	1	0.0988703836725406	-0.621845156365927	0.0988703836725406	1
8310000	1	-0.227593969000261	-0.659033148685981	-0.227593969000261	1	0.0354457934316935	-0.659033148685982	0.0354457934316935	1
8320000	1	-0.30249603432016	-0.781475691528897	-0.30249603432016	1	0.172845931088863	-0.781475691528897	0.172845931088863	1
8330000	1	-0.00169435175845588	-0.453881318785781	-0.00169435175845588	1	0.0815904651705584	-0.453881318785781	0.0815904651705584	1
8340000	1	-0.20824830617394	-0.573072314991424	-0.20824830617394	1	0.224521635723837	-0.573072314991424	0.224521635723837	1
8350000	1	-0.143258384991863	-0.648070781967758	-0.143258384991863	1	0.112750658929881	-0.648070781967758	0.112750658929881	1
8360000	1	-0.136253856161526	-0.576382481503977	-0.136253856161526	1	0.230642331108724	-0.576382481503977	0.230642331108724	1
8370000	1	0.0401153978078531	-0.573176903554851	0.0401153978078531	1	-0.0385226392370824	-0.573176903554851	-0.0385226392370824	1
8380000	1	-0.124307758802482	-0.389073722301648	-0.124307758802482	1	-0.0157578025914886	-0.389073722301648	-0.0157578025914886	1
8390000	1	-0.395593926217381	-0.740865492687131	-0.395593926217381	1	0.329106044501769	-0.740865492687131	0.329106044501769	1
8400000	1	0.199169738259699	-0.366626214770859	0.199169738259699	1	0.125179382810471	-0.366626214770859	0.125179382810471	1
8410000	1	-0.161499157926419	-0.466769790168997	-0.161499157926419	1	0.0284627800914028	-0.466769790168997	0.0284627800914028	1
8420000	1	-0.222914536115189	-0.542643845093242	-0.222914536115189	1	0.180993060301592	-0.542643845093242	0.180993060301592	1
8430000	1	-0.150009543950991	-0.693919548476916	-0.150009543950992	1	0.32446350211219	-0.693919548476916	0.32446350211219	1
8440000	1	0.0271995759122766	-0.482578445031514	0.0271995759122766	1	-0.0103057872199717	-0.482578445031514	-0.0103057872199717	1
8450000	1	0.00249892286797133	-0.731147284347413	0.00249892286797132	1	0.168947586097807	-0.731147284347413	0.168947586097807	1
8460000	1	-0.236969957468719	-0.489743536853565	-0.236969957468719	1	0.131233520737369	-0.489743536853565	0.131233520737369	1
8470000	1	-0.103450445024551	-0.725168599509839	-0.103450445024551	1	0.113066366865808	-0.725168599509839	0.113066366865808	1
8480000	1	-0.0847179661244293	-0.619603930560755	-0.0847179661244293	1	-0.00459681528728678	-0.619603930560755	-0.00459681528728679	1
8490000	1	-0.287279451744616	-0.669468671814965	-0.287279451744616	1	0.300408153044268	-0.669468671814965	0.300408153044268	1
8500000	1	-0.394477639017671	-0.316181345125571	-0.394477639017671	1	0.201834645250409	-0.316181345125571	0.201834645250409	1
8510000	1	-0.080214956899942	-0.719918534567029	-0.0802149568999421	1	0.0211806425259119	-0.719918534567029	0.0211806425259119	1
8520000	1	0.0213672729895113	-0.697613853427987	0.0213672729895114	1	0.0657220323977614	-0.697613853427987	0.0657220323977614	1
8530000	1	-0.131283861477543	-0.626521045197051	-0.131283861477543	1	0.168500579500089	-0.626521045197051	0.168500579500089	1
8540000	1	0.0844531032782985	-0.690615443596193	0.0844531032782985	1	0.153455163129787	-0.690615443596193	0.153455163129787	1
8550000	1	-0.0432351304803046	-0.35822812582996	-0.0432351304803046	1	0.226801862162913	-0.35822812582996	0.226801862162913	1
8560000	1	0.479321846645686	-0.343798071924295	0.479321846645686	1	0.0613229521560569	-0.343798071924295	0.0613229521560569	1
8570000	1	-0.446060309259103	-0.534282398591211	-0.446060309259103	1	0.0352145918615611	-0.534282398591211	0.0352145918615611	1
8580000	1	-0.263789817504301	-0.629332870223543	-0.263789817504301	1	-0.0311619555525198	-0.629332870223543	-0.0311619555525198	1
8590000	1	-0.202600360859099	-0.484733032181979	-0.202600360859099	1	0.187559343346456	-0.484733032181979	0.187559343346456	1
8600000	1	-0.307010794192888	-0.593789953065356	-0.307010794192889	1	0.0760065877974015	-0.593789953065356	0.0760065877974014	1
8610000	1	-0.0507999053493406	-0.691522037144061	-0.0507999053493406	1	0.10032397541718	-0.691522037144061	0.10032397541718	1
8620000	1	-0.530834004354541	-0.572099231689456	-0.530834004354541	1	0.387738042200203	-0.572099231689455	0.387738042200203	1
8630000	1	-0.0236630674681495	-0.498558080513997	-0.0236630674681495	1	0.282994987489787	-0.498558080513997	0.282994987489787	1
8640000	1	-0.339798813158757	-0.777743189106116	-0.339798813158757	1	0.234645669671614	-0.777743189106116	0.234645669671614	1
8650000	1	-0.0139809577493947	-0.475657957292079	-0.0139809577493947	1	0.0826216647767206	-0.475657957292079	0.0826216647767206	1
8660000	1	0.195018548468383	-0.65063952721757	0.195018548468383	1	-0.0764629318598097	-0.65063952721757	-0.0764629318598097	1
8670000	1	-0.25266744840693	-0.487261431004299	-0.25266744840693	1	-0.0955922894273716	-0.487261431004299	-0.0955922894273716	1
8680000	1	-0.567296722811677	-0.594422612014949	-0.567296722811677	1	0.18195881392074	-0.594422612014949	0.18195881392074	1
8690000	1	-0.0848838966862685	-0.581677576687469	-0.0848838966862684	1	-0.280097376465768	-0.581677576687469	-0.280097376465768	1
8700000	1	-0.341336525083521	-0.76118782035703	-0.341336525083521	1	0.260879341694682	-0.76118782035703	0.260879341694682	1
8710000	1	-0.0595800853824114	-0.638456307894374	-0.0595800853824114	1	0.23699404883134	-0.638456307894373	0.23699404883134	1
8720000	1	-0.0573474275639999	-0.658517300714917	-0.0573474275639998	1	0.163992319128722	-0.658517300714916	0.163992319128722	1
8730000	1	-0.0050032704773255	-0.654766177821643	-0.0050032704773255	1	0.0162256451569016	-0.654766177821643	0.0162256451569016	1
8740000	1	-0.346252291479555	-0.784437105796126	-0.346252291479555	1	0.128077943148627	-0.784437105796126	0.128077943148627	1
8750000	1	0.112628517603241	-0.719867097720848	0.112628517603241	1	-0.111839955074447	-0.719867097720848	-0.111839955074447	1
8760000	1	-0.0944825401812814	-0.630107615943705	-0.0944825401812814	1	0.22077279149563	-0.630107615943704	0.22077279149563	1
8770000	1	-0.062473516306087	-0.485406465795955	-0.062473516306087	1	-0.206969618506466	-0.485406465795955	-0.206969618506466	1
8780000	1	-0.219512834609289	-0.575886191095793	-0.219512834609289	1	0.0820942801196862	-0.575886191095793	0.0820942801196862	1
8790000	1	-0.212902523797574	-0.614007967991353	-0.212902523797574	1	0.0063469627751682	-0.614007967991353	0.00634696277516822	1
8800000	1	-0.0773192390362426	-0.576186241276437	-0.0773192390362426	1	-0.0185609130764996	-0.576186241276437	-0.0185609130764996	1
8810000	1	-0.0694186345222646	-0.665784101859088	-0.0694186345222646	1	0.271278807408714	-0.665784101859088	0.271278807408714	1
8820000	1	-0.0349448019626723	-0.828540942286852	-0.0349448019626723	1	0.116823039889544	-0.828540942286852	0.116823039889544	1
8830000	1	-0.108461216335112	-0.609976811548347	-0.108461216335112	1	0.201237388425577	-0.609976811548347	0.201237388425577	1
8840000	1	-0.244798376475852	-0.684520157848097	-0.244798376475852	1	0.180832946476334	-0.684520157848097	0.180832946476334	1
8850000	1	-0.412430433913225	-0.610034017506672	-0.412430433913225	1	0.24196128690486	-0.610034017506672	0.24196128690486	1
8860000	1	-0.312587347193266	-0.59506095903801	-0.312587347193266	1	0.0143380550929362	-0.59506095903801	0.0143380550929361	1
8870000	1	-0.0301061212822367	-0.424027894639236	-0.0301061212822367	1	0.0541840833288717	-0.424027894639236	0.0541840833288717	1
8880000	1	-0.110759997240804	-0.596745308028719	-0.110759997240804	1	0.159447208983269	-0.596745308028719	0.159447208983269	1
8890000	1	-0.27346703022712	-0.853459922873497	-0.27346703022712	1	0.299895027399566	-0.853459922873497	0.299895027399566	1
8900000	1	-0.244027842736429	-0.590060624220492	-0.244027842736429	1	0.0913837831109213	-0.590060624220492	0.0913837831109213	1
8910000	1	-0.406097020033574	-0.485628780014447	-0.406097020033574	1	0.242327942256461	-0.485628780014447	0.242327942256461	1
8920000	1	-0.346619617656001	-0.445408480588267	-0.346619617656001	1	0.101601422504651	-0.445408480588267	0.101601422504651	1
8930000	1	0.140530087069108	-0.292727265504276	0.140530087069108	1	0.129883155987143	-0.292727265504276	0.129883155987143	1
8940000	1	0.0736242838918803	-0.507980265031905	0.0736242838918803	1	0.0410298148337307	-0.507980265031904	0.0410298148337307	1
8950000	1	-0.370081102949641	-0.64598070253703	-0.370081102949641	1	0.235697084713993	-0.64598070253703	0.235697084713993	1
8960000	1	0.183561754990957	-0.549583772771793	0.183561754990957	1	-0.265617525412104	-0.549583772771793	-0.265617525412104	1
8970000	1	-0.139860494436397	-0.7177563350629	-0.139860494436397	1	0.149849469643883	-0.7177563350629	0.149849469643883	1
8980000	1	-0.143078085110246	-0.382710408212793	-0.143078085110246	1	0.00347028818015791	-0.382710408212793	0.00347028818015792	1
8990000	1	-0.389544255942891	-0.625421468042042	-0.389544255942891	1	0.326197867587032	-0.625421468042041	0.326197867587032	1
9e+06	1	-0.292217618158592	-0.652022497355787	-0.292217618158592	1	0.195363824201164	-0.652022497355787	0.195363824201164	1
9010000	1	-0.293098361014211	-0.672715922481101	-0.293098361014211	1	0.0687831311386922	-0.672715922481101	0.0687831311386922	1
9020000	1	-0.284435382362676	-0.555090367434792	-0.284435382362676	1	0.154448858524893	-0.555090367434792	0.154448858524893	1
9030000	1	-0.284854718958364	-0.670764826009801	-0.284854718958364	1	0.225319223672801	-0.670764826009801	0.225319223672801	1
9040000	1	-0.0559028131108514	-0.638044762640083	-0.0559028131108514	1	0.104551284507421	-0.638044762640083	0.104551284507421	1
9050000	1	-0.0718790986578681	-0.497991708464331	-0.0718790986578681	1	0.140149390187567	-0.497991708464331	0.140149390187567	1
9060000	1	-0.109532237377516	-0.5788747505545	-0.109532237377516	1	0.147455360911609	-0.5788747505545	0.147455360911609	1
9070000	1	-0.222152912416013	-0.657755996681839	-0.222152912416013	1	-0.0234098573814286	-0.657755996681838	-0.0234098573814286	1
9080000	1	0.156252841150918	-0.633758803241003	0.156252841150918	1	-0.0145890352229929	-0.633758803241004	-0.0145890352229929	1
9090000	1	-0.0664632135766294	-0.69006608718507	-0.0664632135766294	1	0.00517971848597992	-0.69006608718507	0.00517971848597993	1
9100000	1	-0.23739215882986	-0.565862060959098	-0.23739215882986	1	0.192545293451386	-0.565862060959098	0.192545293451386	1
9110000	1	-0.408695783099091	-0.727897529367397	-0.408695783099091	1	0.340544662858792	-0.727897529367397	0.340544662858792	1
9120000	1	-0.50788882303575	-0.709357228933525	-0.50788882303575	1	0.221635021962064	-0.709357228933525	0.221635021962064	1
9130000	1	-0.4834381607214	-0.678490476158515	-0.4834381607214	1	0.37737842279409	-0.678490476158515	0.37737842279409	1
9140000	1	-0.275814356870436	-0.595332777062173	-0.275814356870436	1	0.142225792341103	-0.595332777062173	0.142225792341103	1
9150000	1	-0.123734937544862	-0.79184009725286	-0.123734937544862	1	-0.00800668176641261	-0.79184009725286	-0.00800668176641262	1
9160000	1	-0.231302064715123	-0.366630449793205	-0.231302064715123	1	-0.211818988472026	-0.366630449793205	-0.211818988472026	1
9170000	1	-0.439662571078155	-0.710982428062822	-0.439662571078155	1	0.310185865733599	-0.710982428062822	0.3101858657336	1
9180000	1	-0.244122582482326	-0.701118212787614	-0.244122582482326	1	0.063334847724484	-0.701118212787614	0.063334847724484	1
9190000	1	-0.0632127994609401	-0.640157237788524	-0.0632127994609401	1	0.128527877212778	-0.640157237788525	0.128527877212778	1
9200000	1	-0.162024456420541	-0.614748416147786	-0.162024456420541	1	0.105264345233983	-0.614748416147786	0.105264345233983	1
9210000	1	-0.0995436708889714	-0.568286758600877	-0.0995436708889714	1	0.0903726052182738	-0.568286758600877	0.0903726052182738	1
9220000	1	-0.225107126718255	-0.675906036615342	-0.225107126718255	1	0.0875040058707468	-0.675906036615342	0.0875040058707468	1
9230000	1	-0.391088111915655	-0.486129733368308	-0.391088111915655	1	0.0944870574628337	-0.486129733368308	0.0944870574628338	1
9240000	1	-0.0735513711128745	-0.5977327413006	-0.0735513711128745	1	0.291150597710269	-0.5977327413006	0.291150597710269	1
9250000	1	0.0458101171155634	-0.382961088691307	0.0458101171155634	1	-0.217281756000489	-0.382961088691307	-0.217281756000489	1
9260000	1	0.0237399800367218	-0.540738992110897	0.0237399800367218	1	-0.096350927251293	-0.540738992110897	-0.096350927251293	1
9270000	1	-0.0941070476713374	-0.383249102297449	-0.0941070476713374	1	0.0819053675069017	-0.383249102297449	0.0819053675069017	1
9280000	1	-0.210980973901147	-0.65361819037572	-0.210980973901147	1	0.0936890823038913	-0.65361819037572	0.0936890823038913	1
9290000	1	-0.0439606153908606	-0.761101016734769	-0.0439606153908606	1	-0.0966354457208262	-0.761101016734769	-0.0966354457208262	1
9300000	1	0.226857991581336	-0.723938188092844	0.226857991581336	1	-0.0718487302717754	-0.723938188092844	-0.0718487302717754	1
9310000	1	-0.462270172939038	-0.287462692197173	-0.462270172939038	1	0.217802973482256	-0.287462692197173	0.217802973482256	1
9320000	1	-0.213810079499901	-0.672816627888398	-0.213810079499902	1	0.174852472210049	-0.672816627888399	0.174852472210049	1
9330000	1	-0.0209779237852133	-0.568556903431673	-0.0209779237852133	1	0.126106457747678	-0.568556903431673	0.126106457747678	1
9340000	1	-0.0834855300614992	-0.699006106340825	-0.0834855300614991	1	0.182862487073719	-0.699006106340824	0.182862487073719	1
9350000	1	-0.161097726995496	-0.671973687216151	-0.161097726995496	1	0.297402529070006	-0.671973687216151	0.297402529070006	1
9360000	1	-0.0347163278281947	-0.696663322557876	-0.0347163278281947	1	0.13264616333895	-0.696663322557876	0.13264616333895	1
9370000	1	-0.149215231633308	-0.548848257452585	-0.149215231633308	1	0.122361819471702	-0.548848257452585	0.122361819471702	1
9380000	1	0.0170816545730649	-0.553054516634021	0.017081654573065	1	0.243799394424887	-0.553054516634021	0.243799394424887	1
9390000	1	-0.401145171716812	-0.596937378930108	-0.401145171716812	1	0.185430695534587	-0.596937378930108	0.185430695534587	1
9400000	1	-0.514232269534916	-0.537601555027578	-0.514232269534916	1	-0.0240594981427231	-0.537601555027578	-0.0240594981427231	1
9410000	1	-0.33572412376025	-0.62601254634716	-0.33572412376025	1	0.204696905250983	-0.62601254634716	0.204696905250983	1
9420000	1	-0.0918430557904236	-0.511454173306437	-0.0918430557904236	1	-0.00504681077419043	-0.511454173306437	-0.00504681077419043	1
9430000	1	-0.0925485151743797	-0.771876756620084	-0.0925485151743797	1	0.0858725790745994	-0.771876756620084	0.0858725790745994	1
9440000	1	-0.226226857131005	-0.543495326850975	-0.226226857131005	1	-0.156687246380416	-0.543495326850975	-0.156687246380416	1
9450000	1	0.112160977912765	-0.354424106435354	0.112160977912765	1	0.202261376032242	-0.354424106435354	0.202261376032242	1
9460000	1	0.0556775789439755	-0.655489622959375	0.0556775789439755	1	-0.100060323822045	-0.655489622959375	-0.100060323822045	1
9470000	1	-0.336836086537517	-0.666905653106431	-0.336836086537517	1	0.312976354570777	-0.666905653106431	0.312976354570777	1
9480000	1	-0.30377086172787	-0.616434033001704	-0.30377086172787	1	0.226068555133426	-0.616434033001704	0.226068555133426	1
9490000	1	-0.395228594898404	-0.575325145692759	-0.395228594898404	1	0.233014229396208	-0.575325145692759	0.233014229396208	1
9500000	1	-0.137363682483055	-0.660892511215524	-0.137363682483055	1	0.0796054025024146	-0.660892511215524	0.0796054025024146	1
9510000	1	-0.123912434871733	-0.557551990663532	-0.123912434871733	1	0.0821081150160896	-0.557551990663532	0.0821081150160896	1
9520000	1	-0.267264570831882	-0.697120093869719	-0.267264570831882	1	0.468976969202801	-0.697120093869719	0.468976969202801	1
9530000	1	-0.357443410759047	-0.77271592340818	-0.357443410759047	1	0.273032036537381	-0.77271592340818	0.273032036537381	1
9540000	1	-0.173417964546686	-0.480470735513404	-0.173417964546686	1	-0.167539426437945	-0.480470735513404	-0.167539426437945	1
9550000	1	-0.356093393262142	-0.741668158889755	-0.356093393262142	1	-0.00450196032692821	-0.741668158889755	-0.00450196032692817	1
9560000	1	-0.288198137311969	-0.556056121195241	-0.288198137311969	1	0.240717580368465	-0.556056121195241	0.240717580368465	1
9570000	1	-0.0419517684923513	-0.846173281348228	-0.0419517684923513	1	0.0220546156974285	-0.846173281348228	0.0220546156974285	1
9580000	1	-0.190812142067307	-0.774195045881909	-0.190812142067307	1	0.305767907832647	-0.774195045881909	0.305767907832647	1
9590000	1	-0.294127681960897	-0.798585543610305	-0.294127681960897	1	0.12168810519746	-0.798585543610305	0.12168810519746	1
9600000	1	-0.0375344799122008	-0.510626987129112	-0.0375344799122008	1	-0.099762058134822	-0.510626987129112	-0.099762058134822	1
9610000	1	-0.150811896635814	-0.481699420480625	-0.150811896635814	1	0.266488626005282	-0.481699420480625	0.266488626005282	1
9620000	1	0.0641204435378134	-0.540522649979113	0.0641204435378134	1	0.214261982887091	-0.540522649979112	0.214261982887091	1
9630000	1	-0.175224040130707	-0.547868170766832	-0.175224040130707	1	0.0434826367780129	-0.547868170766832	0.0434826367780128	1
9640000	1	-0.29162294268276	-0.788688286348402	-0.29162294268276	1	0.286587977561457	-0.788688286348402	0.286587977561457	1
9650000	1	-0.173022763056278	-0.564902478967681	-0.173022763056278	1	0.0762289829114371	-0.564902478967681	0.076228982911437	1
9660000	1	0.241349407589675	-0.410320053156757	0.241349407589675	1	0.117484343586057	-0.410320053156757	0.117484343586057	1
9670000	1	-0.276516971189613	-0.392787673836248	-0.276516971189613	1	-0.0218328943318927	-0.392787673836248	-0.0218328943318927	1
9680000	1	-0.478411142390782	-0.483725462850258	-0.478411142390782	1	0.117355860416592	-0.483725462850258	0.117355860416592	1
9690000	1	-0.145743938810318	-0.479724004500683	-0.145743938810318	1	0.0345397819174725	-0.479724004500683	0.0345397819174725	1
9700000	1	-0.346135906216084	-0.587582027105099	-0.346135906216084	1	0.154355155367544	-0.587582027105099	0.154355155367544	1
9710000	1	-0.164204671058864	-0.63008331473958	-0.164204671058864	1	0.302358303699537	-0.63008331473958	0.302358303699537	1
9720000	1	-0.0183061187837758	-0.600692840493043	-0.0183061187837758	1	0.0781152515816918	-0.600692840493043	0.0781152515816919	1
9730000	1	0.0701885565561901	-0.666114723920293	0.0701885565561901	1	-0.105052952288585	-0.666114723920293	-0.105052952288585	1
9740000	1	0.100207298113727	-0.635920528062416	0.100207298113727	1	0.179856104025911	-0.635920528062416	0.179856104025911	1
9750000	1	-0.19337364584841	-0.638739297946492	-0.19337364584841	1	0.0968316121325726	-0.638739297946492	0.0968316121325726	1
9760000	1	-0.319251526766464	-0.4006531692698	-0.319251526766464	1	0.163002176027045	-0.4006531692698	0.163002176027045	1
9770000	1	-0.0483694767511576	-0.616351500441476	-0.0483694767511576	1	0.166831626795496	-0.616351500441477	0.166831626795496	1
9780000	1	-0.097227791578837	-0.556707448840576	-0.097227791578837	1	0.120793355695788	-0.556707448840576	0.120793355695788	1
9790000	1	-0.168611293612243	-0.527027031650485	-0.168611293612243	1	0.251325375658993	-0.527027031650485	0.251325375658993	1
9800000	1	-0.250995431127403	-0.51784199670224	-0.250995431127403	1	0.0961490722539514	-0.51784199670224	0.0961490722539514	1
9810000	1	-0.162206696717266	-0.641801145235931	-0.162206696717266	1	0.0673334840882316	-0.641801145235931	0.0673334840882316	1
9820000	1	0.135468525257162	-0.647311325094517	0.135468525257162	1	-0.0218468262948828	-0.647311325094517	-0.0218468262948828	1
9830000	1	-0.096256680736411	-0.741207098625764	-0.096256680736411	1	0.00944418924787912	-0.741207098625764	0.00944418924787911	1
9840000	1	-0.30953818679557	-0.678777733137301	-0.30953818679557	1	0.223654039798481	-0.6787777331373	0.223654039798481	1
9850000	1	-0.211442362304632	-0.556855199941714	-0.211442362304632	1	0.211217992119277	-0.556855199941714	0.211217992119277	1
9860000	1	-0.0986220326981437	-0.497467366094266	-0.0986220326981437	1	0.213766994046124	-0.497467366094266	0.213766994046124	1
9870000	1	-0.124108599245326	-0.804853285326926	-0.124108599245326	1	0.172522894250006	-0.804853285326926	0.172522894250006	1
9880000	1	0.105740161450408	-0.478736948174189	0.105740161450408	1	0.146815995697821	-0.478736948174189	0.146815995697821	1
9890000	1	-0.0695961828707284	-0.412307248848212	-0.0695961828707284	1	0.110998729990459	-0.412307248848212	0.110998729990459	1
9900000	1	0.328032025592264	-0.550016934489433	0.328032025592264	1	-0.0682417911041693	-0.550016934489433	-0.0682417911041693	1
9910000	1	0.152833806041214	-0.551288412560678	0.152833806041214	1	-0.0851272497259047	-0.551288412560678	-0.0851272497259047	1
9920000	1	-0.0372112410162571	-0.374904178456731	-0.0372112410162571	1	0.15502686711152	-0.374904178456731	0.15502686711152	1
9930000	1	-0.29135791064486	-0.686414299211334	-0.29135791064486	1	0.157738093141655	-0.686414299211334	0.157738093141655	1
9940000	1	-0.0775521790624087	-0.510500427296033	-0.0775521790624087	1	0.24927917246612	-0.510500427296033	0.24927917246612	1
9950000	1	-0.503219459814473	-0.645368625367583	-0.503219459814473	1	0.499125643798146	-0.645368625367583	0.499125643798146	1
9960000	1	-0.306673449037752	-0.782566060680768	-0.306673449037752	1	0.37614817856921	-0.782566060680768	0.37614817856921	1
9970000	1	-0.142542886290861	-0.591601167828586	-0.142542886290861	1	0.292768845337221	-0.591601167828586	0.292768845337221	1
9980000	1	-0.36205644320578	-0.618666695310197	-0.36205644320578	1	0.230915939227385	-0.618666695310197	0.230915939227385	1
9990000	1	-0.284323075297014	-0.808348414582478	-0.284323075297014	1	0.153306636772485	-0.808348414582478	0.153306636772485	1
1e+07	1	-0.222063191449672	-0.640802097817395	-0.222063191449672	1	0.169832394038368	-0.640802097817395	0.169832394038368	1
10010000	1	-0.501654051431958	-0.64751565379754	-0.501654051431958	1	0.211871701518937	-0.64751565379754	0.211871701518937	1
10020000	1	0.0980565011196369	-0.552803597952797	0.0980565011196369	1	0.069578923566272	-0.552803597952797	0.069578923566272	1
10030000	1	0.125209121670629	-0.749499949312705	0.125209121670629	1	-0.0113920819833753	-0.749499949312705	-0.0113920819833753	1
10040000	1	-0.336544595042454	-0.715329318157309	-0.336544595042454	1	0.234906310329096	-0.715329318157309	0.234906310329096	1
10050000	1	0.212212633391458	-0.402868997386803	0.212212633391458	1	0.00658003071869818	-0.402868997386803	0.00658003071869817	1
10060000	1	0.27163576026221	-0.360917385967963	0.27163576026221	1	0.1679715634356	-0.360917385967963	0.1679715634356	1
10070000	1	-0.251864028447488	-0.71032500974425	-0.251864028447488	1	-0.0957993337431575	-0.71032500974425	-0.0957993337431576	1
10080000	1	0.411103698597377	-0.318397206458008	0.411103698597377	1	0.145154513327604	-0.318397206458008	0.145154513327604	1
10090000	1	-0.331224346587259	-0.544391611839363	-0.331224346587259	1	0.0204112831424636	-0.544391611839363	0.0204112831424636	1
10100000	1	0.106726319263272	-0.418114960574877	0.106726319263272	1	0.11053429369522	-0.418114960574877	0.11053429369522	1
10110000	1	-0.125670074742598	-0.750428266034911	-0.125670074742598	1	0.108343506767016	-0.750428266034911	0.108343506767016	1
10120000	1	0.0315650701740628	-0.67617798937943	0.0315650701740629	1	0.109721586749189	-0.67617798937943	0.109721586749189	1
10130000	1	0.0368117708546667	-0.70487625613247	0.0368117708546667	1	-0.0241574626785799	-0.70487625613247	-0.0241574626785799	1
10140000	1	-0.0482276364675993	-0.486903569477548	-0.0482276364675992	1	0.331280310133331	-0.486903569477548	0.331280310133331	1
10150000	1	0.247886828180521	-0.672409261376634	0.247886828180521	1	0.0110970885408239	-0.672409261376634	0.0110970885408238	1
10160000	1	-0.428561155291568	-0.649238236938511	-0.428561155291568	1	0.250955746339372	-0.649238236938511	0.250955746339372	1
10170000	1	-0.151443974312779	-0.448993743181408	-0.151443974312779	1	0.0469732963174484	-0.448993743181408	0.0469732963174484	1
10180000	1	-0.0147379744156551	-0.568404240836423	-0.0147379744156551	1	-0.00209809400512809	-0.568404240836423	-0.00209809400512809	1
10190000	1	-0.192035602921067	-0.699210930427808	-0.192035602921067	1	-0.0281140746913253	-0.699210930427808	-0.0281140746913253	1
10200000	1	-0.123066301954963	-0.553483617508814	-0.123066301954963	1	0.120258332765836	-0.553483617508814	0.120258332765836	1
10210000	1	0.00382771881790931	-0.715306256431689	0.0038277188179093	1	-0.0700845884426181	-0.715306256431689	-0.0700845884426181	1
10220000	1	-0.00515317812194273	-0.569197031317845	-0.00515317812194273	1	0.0786857462532627	-0.569197031317845	0.0786857462532627	1
10230000	1	-0.11069926927902	-0.485877909867501	-0.11069926927902	1	0.292227196297354	-0.485877909867501	0.292227196297354	1
10240000	1	-0.121661341042818	-0.732622701071916	-0.121661341042818	1	0.00973541457403076	-0.732622701071916	0.00973541457403077	1
10250000	1	-0.477224035525538	-0.604834431229089	-0.477224035525538	1	0.270920512273485	-0.604834431229089	0.270920512273485	1
10260000	1	-0.199217858698634	-0.649328060030036	-0.199217858698634	1	0.31038361604006	-0.649328060030036	0.31038361604006	1
10270000	1	0.0430370484691363	-0.691942074242958	0.0430370484691362	1	0.239226178677023	-0.691942074242958	0.239226178677023	1
10280000	1	-0.280655566806965	-0.567159744219781	-0.280655566806965	1	0.0547622958420384	-0.567159744219781	0.0547622958420384	1
10290000	1	-0.279161353472394	-0.420032923091214	-0.279161353472394	1	0.101679826391083	-0.420032923091214	0.101679826391084	1
10300000	1	0.024164188953776	-0.63812271915451	0.024164188953776	1	0.011343868776709	-0.63812271915451	0.011343868776709	1
10310000	1	-0.0568119014397985	-0.440044796411816	-0.0568119014397985	1	0.0960675119229656	-0.440044796411816	0.0960675119229656	1
10320000	1	-0.300592783416567	-0.716010644965758	-0.300592783416567	1	0.174533532118333	-0.716010644965758	0.174533532118333	1
10330000	1	-0.111649955944951	-0.607725510180509	-0.111649955944951	1	0.0664622304907623	-0.607725510180509	0.0664622304907623	1
10340000	1	-0.129908268172968	-0.612968899788286	-0.129908268172968	1	0.0141816726438611	-0.612968899788286	0.0141816726438611	1
10350000	1	-0.124855597115842	-0.558248691421063	-0.124855597115842	1	0.0933581962526423	-0.558248691421063	0.0933581962526423	1
10360000	1	-0.0273933910065505	-0.444300495105228	-0.0273933910065505	1	0.217310309089847	-0.444300495105228	0.217310309089847	1
10370000	1	0.070981950389875	-0.70298860667504	0.070981950389875	1	0.068882105988546	-0.70298860667504	0.068882105988546	1
10380000	1	-0.194714222255438	-0.642938595945674	-0.194714222255438	1	-0.000905426087608088	-0.642938595945674	-0.00090542608760807	1
10390000	1	-0.239554266213552	-0.710154122312109	-0.239554266213552	1	0.162706034741253	-0.710154122312109	0.162706034741253	1
10400000	1	-0.25361811879903	-0.508203987068949	-0.25361811879903	1	0.224615224230853	-0.508203987068949	0.224615224230853	1
10410000	1	-0.300934580583789	-0.559907112638787	-0.300934580583789	1	0.00968196118620022	-0.559907112638787	0.00968196118620018	1
10420000	1	-0.380400616388606	-0.53359074171858	-0.380400616388606	1	0.368406069288073	-0.53359074171858	0.368406069288073	1
10430000	1	-0.388275165972334	-0.690305129839323	-0.388275165972334	1	0.179619693584176	-0.690305129839323	0.179619693584176	1
10440000	1	-0.25490827255995	-0.689431645944088	-0.25490827255995	1	0.233527982832498	-0.689431645944088	0.233527982832498	1
10450000	1	0.232944916049397	-0.308933007461892	0.232944916049397	1	0.139159772608225	-0.308933007461892	0.139159772608225	1
10460000	1	0.108679951503139	-0.409581376726948	0.108679951503139	1	-0.00803401197537238	-0.409581376726948	-0.00803401197537238	1
10470000	1	0.0874403811873407	-0.622801950737307	0.0874403811873407	1	0.0329339139464295	-0.622801950737307	0.0329339139464295	1
10480000	1	-0.255586981884548	-0.666599255936151	-0.255586981884548	1	0.15446270025909	-0.666599255936151	0.15446270025909	1
10490000	1	-0.249913259247753	-0.840523041809715	-0.249913259247753	1	0.085566717637973	-0.840523041809715	0.085566717637973	1
10500000	1	-0.248479024961051	-0.764131071909882	-0.248479024961051	1	0.166062138582276	-0.764131071909882	0.166062138582276	1
10510000	1	-0.290749900405562	-0.744354204062495	-0.290749900405562	1	0.313792081112938	-0.744354204062495	0.313792081112938	1
10520000	1	-0.191771755823633	-0.360116131423675	-0.191771755823633	1	0.245520085152805	-0.360116131423675	0.245520085152805	1
10530000	1	-0.0103749991637133	-0.667550967600037	-0.0103749991637133	1	0.173557973366344	-0.667550967600037	0.173557973366344	1
10540000	1	0.22717086257298	-0.592978781611796	0.22717086257298	1	-0.0721413651775253	-0.592978781611796	-0.0721413651775253	1
10550000	1	-0.299297792173342	-0.536282373174533	-0.299297792173342	1	0.0502598969980941	-0.536282373174533	0.0502598969980941	1
10560000	1	-0.0888034582429032	-0.566882342345556	-0.0888034582429032	1	0.124488287734062	-0.566882342345556	0.124488287734062	1
10570000	1	-0.430191020173798	-0.491834294677375	-0.430191020173798	1	0.206314680269485	-0.491834294677375	0.206314680269485	1
10580000	1	0.13721976597643	-0.692926118498965	0.13721976597643	1	-0.139715996677447	-0.692926118498965	-0.139715996677447	1
10590000	1	-0.156199477051056	-0.414162221590569	-0.156199477051056	1	0.270784204284951	-0.414162221590569	0.270784204284951	1
10600000	1	-0.0983550567777317	-0.462552015397232	-0.0983550567777317	1	0.139846936073772	-0.462552015397232	0.139846936073772	1
10610000	1	0.0422472358467459	-0.69061055834247	0.042247235846746	1	0.094501753557103	-0.69061055834247	0.094501753557103	1
10620000	1	0.0476402258107747	-0.606035321301262	0.0476402258107747	1	0.106765910788894	-0.606035321301262	0.106765910788894	1
10630000	1	-0.294521069847424	-0.295701968840688	-0.294521069847424	1	0.349217059741641	-0.295701968840688	0.349217059741641	1
10640000	1	0.0389201348159437	-0.569859015685565	0.0389201348159437	1	-0.0120776351525096	-0.569859015685565	-0.0120776351525096	1
10650000	1	-0.548167410468486	-0.559997432583441	-0.548167410468486	1	0.477404931552669	-0.559997432583441	0.477404931552669	1
10660000	1	0.0391847493551341	-0.708320100828867	0.039184749355134	1	0.191120499868027	-0.708320100828867	0.191120499868027	1
10670000	1	0.00722548780521453	-0.581170723153309	0.00722548780521454	1	0.111687845666085	-0.581170723153309	0.111687845666085	1
10680000	1	-0.0721505109562091	-0.663283443793857	-0.0721505109562091	1	0.0236487600667818	-0.663283443793857	0.0236487600667818	1
10690000	1	-0.1155013901433	-0.731169404434801	-0.115501390143299	1	-0.0123848792028518	-0.731169404434801	-0.0123848792028518	1
10700000	1	-0.284372810128196	-0.743301118928975	-0.284372810128196	1	0.292065166077875	-0.743301118928975	0.292065166077875	1
10710000	1	0.0918291750028749	-0.365090640843895	0.0918291750028749	1	0.141257711028533	-0.365090640843895	0.141257711028533	1
10720000	1	-0.304395972216673	-0.603253503501879	-0.304395972216673	1	0.0956020143816532	-0.603253503501878	0.0956020143816532	1
10730000	1	-0.0596848577800802	-0.451016350492953	-0.0596848577800802	1	-0.0172076571435727	-0.451016350492953	-0.0172076571435727	1
10740000	1	-0.104323202571727	-0.730521381577408	-0.104323202571727	1	0.095996470898427	-0.730521381577408	0.095996470898427	1
10750000	1	-0.204657726652551	-0.483818450331656	-0.204657726652551	1	0.0468977713350624	-0.483818450331656	0.0468977713350624	1
10760000	1	-0.272048480639538	-0.44951235932648	-0.272048480639538	1	0.163731372355504	-0.44951235932648	0.163731372355504	1
10770000	1	-0.208990467134738	-0.457348299707005	-0.208990467134738	1	0.295728563148504	-0.457348299707005	0.295728563148504	1
10780000	1	0.118340001368062	-0.493110870291135	0.118340001368062	1	0.196443965297147	-0.493110870291134	0.196443965297147	1
10790000	1	-0.158742174634702	-0.490795436945735	-0.158742174634702	1	0.11460255922022	-0.490795436945735	0.11460255922022	1
10800000	1	-0.13799295276056	-0.648521944154431	-0.13799295276056	1	0.170083363339619	-0.648521944154431	0.170083363339619	1
10810000	1	-0.266415561598173	-0.361925045366495	-0.266415561598173	1	-0.00161773731624302	-0.361925045366495	-0.00161773731624303	1
10820000	1	-0.433457431998887	-0.442537802287458	-0.433457431998887	1	0.105413074412525	-0.442537802287458	0.105413074412525	1
10830000	1	-0.0384877779772348	-0.764259092237031	-0.0384877779772348	1	0.0575042028158871	-0.764259092237031	0.0575042028158871	1
10840000	1	-0.0926847707857081	-0.410993264200679	-0.0926847707857081	1	0.238710029343772	-0.410993264200679	0.238710029343772	1
10850000	1	-0.399574736809462	-0.588074186043762	-0.399574736809462	1	0.232634324024344	-0.588074186043761	0.232634324024344	1
10860000	1	-0.195352256241251	-0.770908187739176	-0.195352256241251	1	0.25204842201619	-0.770908187739176	0.25204842201619	1
10870000	1	-0.473699875428471	-0.670261638225782	-0.473699875428471	1	0.269081879783547	-0.670261638225782	0.269081879783547	1
10880000	1	0.198616933879161	-0.745539076642145	0.198616933879161	1	-0.0785137218974743	-0.745539076642145	-0.0785137218974743	1
10890000	1	-0.00970177218397288	-0.541484798926432	-0.00970177218397289	1	-0.173961562909868	-0.541484798926432	-0.173961562909868	1
10900000	1	-0.0226768217765331	-0.730393229163307	-0.0226768217765331	1	0.039300272009322	-0.730393229163307	0.039300272009322	1
10910000	1	-0.0432148488684704	-0.72591183972769	-0.0432148488684704	1	-0.0498370606104377	-0.72591183972769	-0.0498370606104377	1
10920000	1	-0.389675933956163	-0.522066108145747	-0.389675933956163	1	0.251903339446009	-0.522066108145747	0.251903339446009	1
10930000	1	-0.0977640694516157	-0.66194890936346	-0.0977640694516157	1	0.156151629150353	-0.66194890936346	0.156151629150353	1
10940000	1	-0.182970576707788	-0.606839688588085	-0.182970576707788	1	0.272314674620579	-0.606839688588085	0.272314674620579	1
10950000	1	-0.257952333265577	-0.550225252918965	-0.257952333265577	1	0.0530650107004546	-0.550225252918965	0.0530650107004546	1
10960000	1	0.00556874086700024	-0.486074726384328	0.00556874086700023	1	0.139498323272051	-0.486074726384328	0.13949832327205	1
10970000	1	0.0238102784340656	-0.706820768855644	0.0238102784340657	1	0.0859048383675144	-0.706820768855644	0.0859048383675144	1
10980000	1	-0.0416157255598896	-0.573681841301699	-0.0416157255598896	1	-0.060890876028612	-0.573681841301699	-0.060890876028612	1
10990000	1	-0.308264003469843	-0.5333157149775	-0.308264003469843	1	0.297216145603639	-0.5333157149775	0.297216145603639	1
1.1e+07	1	-0.502817940158969	-0.687225014780721	-0.502817940158969	1	0.209342683483502	-0.687225014780721	0.209342683483502	1
11010000	1	0.0154889329411749	-0.547646037844505	0.0154889329411749	1	-0.0634190672550701	-0.547646037844505	-0.0634190672550701	1
11020000	1	-0.264986310699701	-0.435118626187628	-0.264986310699701	1	0.20943146955066	-0.435118626187628	0.20943146955066	1
11030000	1	-0.12395505569184	-0.704189837401081	-0.12395505569184	1	0.119645919018164	-0.704189837401081	0.119645919018164	1
11040000	1	-0.0866288684180341	-0.532621795111448	-0.0866288684180341	1	0.155570569965012	-0.532621795111448	0.155570569965012	1
11050000	1	-0.140242037363947	-0.601370736472266	-0.140242037363947	1	-0.0343352328362811	-0.601370736472266	-0.034335232836281	1
11060000	1	-0.053231314406712	-0.494295077202584	-0.0532313144067121	1	0.140181861149198	-0.494295077202584	0.140181861149198	1
11070000	1	-0.0885472981462204	-0.571451147555499	-0.0885472981462205	1	-0.104963683744252	-0.571451147555499	-0.104963683744252	1
11080000	1	-0.023119607233786	-0.329683896826243	-0.023119607233786	1	0.0128140737499149	-0.329683896826243	0.0128140737499149	1
11090000	1	-0.504407235414319	-0.691125606142918	-0.504407235414319	1	0.397290374540356	-0.691125606142918	0.397290374540356	1
11100000	1	-0.0806925848146701	-0.630370062577672	-0.0806925848146701	1	0.0862882594523862	-0.630370062577672	0.0862882594523861	1
11110000	1	-0.263598391594846	-0.720034424445655	-0.263598391594846	1	0.0876404327273788	-0.720034424445655	0.0876404327273788	1
11120000	1	0.156754936267702	-0.550717419269657	0.156754936267702	1	0.0567327518676241	-0.550717419269657	0.056732751867624	1
11130000	1	-0.380104664250116	-0.821834148452695	-0.380104664250116	1	0.372965255192581	-0.821834148452695	0.372965255192581	1
11140000	1	-0.245311123285053	-0.529976870565252	-0.245311123285053	1	0.339878077767914	-0.529976870565252	0.339878077767914	1
11150000	1	-0.191311730007075	-0.595356106775515	-0.191311730007075	1	0.0378138236036242	-0.595356106775515	0.0378138236036242	1
11160000	1	0.0601532731351529	-0.617393695110133	0.0601532731351529	1	0.0686765298580165	-0.617393695110133	0.0686765298580165	1
11170000	1	-0.156369940744293	-0.65880314824949	-0.156369940744293	1	0.194093405034866	-0.65880314824949	0.194093405034866	1
11180000	1	-0.351708743243692	-0.666792124055857	-0.351708743243692	1	0.23730743126822	-0.666792124055857	0.23730743126822	1
11190000	1	0.0756778024213942	-0.692866387455322	0.0756778024213942	1	0.0577405746942689	-0.692866387455322	0.0577405746942689	1
11200000	1	-0.437475827032494	-0.298582832501325	-0.437475827032494	1	0.109101901644676	-0.298582832501325	0.109101901644676	1
11210000	1	-0.407794271031593	-0.623146435291761	-0.407794271031593	1	0.087391022740024	-0.623146435291761	0.087391022740024	1
11220000	1	0.0643719404951514	-0.414228583139597	0.0643719404951514	1	0.0604597511100037	-0.414228583139597	0.0604597511100037	1
11230000	1	-0.055316515949122	-0.396770304730673	-0.055316515949122	1	-0.00511273507778127	-0.396770304730673	-0.00511273507778127	1
11240000	1	-0.329327216290686	-0.680563180726185	-0.329327216290686	1	0.223745144830989	-0.680563180726185	0.223745144830989	1
11250000	1	-0.340298369928395	-0.631419149016889	-0.340298369928395	1	0.239580049615795	-0.631419149016889	0.239580049615795	1
11260000	1	-0.0577002264557777	-0.643903188321333	-0.0577002264557778	1	0.234969826434072	-0.643903188321333	0.234969826434072	1
11270000	1	0.103278223346156	-0.611273689455549	0.103278223346156	1	0.123093989092002	-0.611273689455549	0.123093989092002	1
11280000	1	-0.214340329427207	-0.454982411496375	-0.214340329427207	1	0.0247006297600274	-0.454982411496375	0.0247006297600274	1
11290000	1	-0.109815109582927	-0.737235387012526	-0.109815109582927	1	0.0417376943063332	-0.737235387012526	0.0417376943063332	1
11300000	1	-0.108738352375561	-0.796477069425412	-0.108738352375561	1	-0.0404079752517798	-0.796477069425412	-0.0404079752517797	1
11310000	1	-0.193784882913167	-0.705243886552895	-0.193784882913167	1	0.155815162170055	-0.705243886552895	0.155815162170055	1
11320000	1	0.0550228154606781	-0.521237920984239	0.0550228154606781	1	-0.00977331216126488	-0.521237920984239	-0.00977331216126488	1
11330000	1	-0.523433285172039	-0.528015814174841	-0.523433285172039	1	0.301891139091951	-0.528015814174841	0.301891139091951	1
11340000	1	-0.149271114380376	-0.439697126946186	-0.149271114380376	1	0.245607918598331	-0.439697126946186	0.245607918598331	1
11350000	1	-0.11156392536481	-0.771572424682421	-0.11156392536481	1	0.0191716722181947	-0.771572424682421	0.0191716722181947	1
11360000	1	-0.241808163236343	-0.761313316628429	-0.241808163236343	1	0.283088749547892	-0.761313316628429	0.283088749547892	1
11370000	1	0.107724456301173	-0.526584679035962	0.107724456301173	1	0.099087039456568	-0.526584679035962	0.099087039456568	1
11380000	1	-0.509862063438795	-0.623473592739266	-0.509862063438795	1	0.20094742889877	-0.623473592739266	0.20094742889877	1
11390000	1	-0.133785486974483	-0.539158897755346	-0.133785486974483	1	0.0686292225961631	-0.539158897755346	0.0686292225961632	1
11400000	1	-0.0562551558631403	-0.720460275915867	-0.0562551558631402	1	0.187058967426945	-0.720460275915867	0.187058967426945	1
11410000	1	-0.255272615878867	-0.744356156855529	-0.255272615878867	1	0.411294719655302	-0.744356156855529	0.411294719655302	1
11420000	1	0.114679596842889	-0.509792708261667	0.114679596842889	1	0.131510113391536	-0.509792708261667	0.131510113391536	1
11430000	1	-0.212246212630685	-0.386023502307043	-0.212246212630685	1	-0.116592868583542	-0.386023502307042	-0.116592868583542	1
11440000	1	-0.0805524523656011	-0.25797348551009	-0.0805524523656011	1	0.140888427333175	-0.25797348551009	0.140888427333175	1
11450000	1	0.00519065518472712	-0.587184441029163	0.00519065518472712	1	0.0868479720933099	-0.587184441029163	0.0868479720933099	1
11460000	1	-0.00251828985751471	-0.593907944441129	-0.00251828985751471	1	0.0508102087540468	-0.593907944441129	0.0508102087540468	1
11470000	1	-0.24854471800218	-0.710546887876329	-0.24854471800218	1	0.149355894267609	-0.710546887876329	0.149355894267609	1
11480000	1	0.0341268888060915	-0.539979052251732	0.0341268888060915	1	0.011492186189075	-0.539979052251732	0.011492186189075	1
11490000	1	-0.00420637698414717	-0.511338085950431	-0.0042063769841472	1	0.322182037935221	-0.511338085950432	0.322182037935221	1
11500000	1	-0.0320954411303545	-0.516691023453341	-0.0320954411303545	1	0.289397052064697	-0.516691023453341	0.289397052064697	1
11510000	1	-0.0675579234013421	-0.741581918139429	-0.0675579234013421	1	0.199895957102642	-0.741581918139429	0.199895957102642	1
11520000	1	-0.539111581213367	-0.680155376517353	-0.539111581213367	1	0.319890832148812	-0.680155376517353	0.319890832148812	1
11530000	1	-0.229960678538869	-0.480435805115133	-0.229960678538868	1	0.119259924672724	-0.480435805115132	0.119259924672724	1
11540000	1	-0.0358883432643991	-0.753857555050678	-0.0358883432643991	1	0.00498789228677454	-0.753857555050678	0.00498789228677454	1
11550000	1	-0.215357546491194	-0.631374024760413	-0.215357546491194	1	0.0722155451956168	-0.631374024760413	0.0722155451956168	1
11560000	1	0.092370646170385	-0.54315266750352	0.092370646170385	1	-0.0626194634091225	-0.54315266750352	-0.0626194634091225	1
11570000	1	0.226574652507796	-0.406327777837541	0.226574652507796	1	0.161811648198268	-0.406327777837541	0.161811648198268	1
11580000	1	-0.352632788950821	-0.351254904686022	-0.352632788950821	1	-0.011713042471561	-0.351254904686022	-0.011713042471561	1
11590000	1	-0.434755736653504	-0.496539662767275	-0.434755736653504	1	0.113308146769255	-0.496539662767275	0.113308146769255	1
11600000	1	-0.197328461818958	-0.408010850233948	-0.197328461818958	1	0.133234651965424	-0.408010850233948	0.133234651965424	1
11610000	1	-0.297436136463694	-0.6150796735078	-0.297436136463694	1	0.267876377444678	-0.6150796735078	0.267876377444678	1
11620000	1	-0.334355829523376	-0.436328445028198	-0.334355829523376	1	0.175986841288003	-0.436328445028198	0.175986841288003	1
11630000	1	-0.562302200702777	-0.746213399604352	-0.562302200702777	1	0.32046230335524	-0.746213399604352	0.32046230335524	1
11640000	1	-0.148292174940953	-0.716877719765436	-0.148292174940953	1	0.273879075908137	-0.716877719765436	0.273879075908137	1
11650000	1	-0.106790756347331	-0.549091135765986	-0.106790756347331	1	-0.135353065779552	-0.549091135765986	-0.135353065779552	1
11660000	1	-0.00503151599483191	-0.633517403584888	-0.00503151599483191	1	0.288994272764337	-0.633517403584888	0.288994272764337	1
11670000	1	-0.171525556636119	-0.649917636618223	-0.171525556636119	1	0.0129850122499111	-0.649917636618223	0.0129850122499111	1
11680000	1	-0.0610285333367187	-0.48744037146193	-0.0610285333367187	1	-0.00990402992167802	-0.48744037146193	-0.00990402992167802	1
11690000	1	-0.208488858838479	-0.66032394392756	-0.208488858838479	1	0.0389446845336613	-0.66032394392756	0.0389446845336614	1
11700000	1	-0.0899437851252631	-0.460492299289592	-0.0899437851252631	1	0.0841866289593546	-0.460492299289592	0.0841866289593546	1
11710000	1	-0.0908522272434277	-0.56787744704139	-0.0908522272434277	1	0.0668026549515703	-0.56787744704139	0.0668026549515703	1
11720000	1	-0.0895600873140313	-0.660184249186167	-0.0895600873140313	1	0.238758795317748	-0.660184249186167	0.238758795317748	1
11730000	1	-0.00897525402041179	-0.381488281749269	-0.00897525402041177	1	0.268450618100622	-0.381488281749269	0.268450618100621	1
11740000	1	-0.317063125821659	-0.833445055401285	-0.317063125821659	1	0.268153313165981	-0.833445055401285	0.268153313165981	1
11750000	1	0.193081018321076	-0.397328411494424	0.193081018321076	1	0.151951558845793	-0.397328411494424	0.151951558845793	1
11760000	1	-0.117615050875407	-0.652247452822793	-0.117615050875407	1	0.236610415128289	-0.652247452822793	0.236610415128289	1
11770000	1	-0.296345714744578	-0.749681840157102	-0.296345714744578	1	0.089259902035477	-0.749681840157102	0.089259902035477	1
11780000	1	-0.420579841135177	-0.626113168384164	-0.420579841135177	1	0.253418569366086	-0.626113168384164	0.253418569366086	1
11790000	1	-0.064635348285227	-0.605079452248113	-0.064635348285227	1	0.0820370630628644	-0.605079452248113	0.0820370630628644	1
11800000	1	-0.298983560258056	-0.586499465205824	-0.298983560258056	1	0.333393586511578	-0.586499465205824	0.333393586511578	1
11810000	1	-0.335949382327059	-0.573207387137497	-0.335949382327059	1	0.237113866710997	-0.573207387137497	0.237113866710997	1
11820000	1	-0.319198668233201	-0.788347314854647	-0.319198668233201	1	0.232881057907527	-0.788347314854647	0.232881057907527	1
11830000	1	0.0643582004476539	-0.49413155113521	0.0643582004476539	1	0.215964820859939	-0.49413155113521	0.215964820859939	1
11840000	1	-0.15328997666652	-0.394524607820742	-0.15328997666652	1	0.209922657241692	-0.394524607820742	0.209922657241692	1
11850000	1	0.00264030860595705	-0.432212823182169	0.00264030860595705	1	0.119350717520928	-0.432212823182169	0.119350717520928	1
11860000	1	-0.0261658489709242	-0.608520249205989	-0.0261658489709242	1	-0.0679150450404918	-0.608520249205989	-0.0679150450404918	1
11870000	1	-0.179496903227008	-0.700352544952697	-0.179496903227008	1	0.00656428156998056	-0.700352544952697	0.00656428156998054	1
11880000	1	-0.376314272445656	-0.541967250729403	-0.376314272445656	1	-0.0383985691888042	-0.541967250729403	-0.0383985691888042	1
11890000	1	-0.137737166973981	-0.592545914915536	-0.137737166973981	1	0.10948120681641	-0.592545914915536	0.10948120681641	1
11900000	1	0.283951888362213	-0.451838415409039	0.283951888362213	1	-0.000482902378574158	-0.451838415409039	-0.000482902378574167	1
11910000	1	-0.338619206698066	-0.598739706470448	-0.338619206698066	1	0.215095806868139	-0.598739706470448	0.215095806868139	1
11920000	1	-0.482242839221225	-0.725771076642454	-0.482242839221225	1	0.13201666774054	-0.725771076642454	0.13201666774054	1
11930000	1	-0.20257514534149	-0.535846156731502	-0.20257514534149	1	0.21117017110701	-0.535846156731502	0.21117017110701	1
11940000	1	-0.081986114453418	-0.70829962018143	-0.081986114453418	1	-0.0689883176816545	-0.70829962018143	-0.0689883176816546	1
11950000	1	-0.28288944603176	-0.540963856265495	-0.28288944603176	1	0.158303277320721	-0.540963856265495	0.158303277320721	1
11960000	1	-0.383015773654083	-0.781031255728975	-0.383015773654083	1	0.344938578477514	-0.781031255728976	0.344938578477514	1
11970000	1	-0.235459456723781	-0.572352317485627	-0.235459456723781	1	0.253386855289756	-0.572352317485628	0.253386855289756	1
11980000	1	-0.17469927429019	-0.69045494257216	-0.17469927429019	1	0.234965698068716	-0.69045494257216	0.234965698068716	1
11990000	1	-0.251223768253294	-0.623615699222058	-0.251223768253294	1	0.114633966509709	-0.623615699222058	0.114633966509709	1
1.2e+07	1	-0.0452398054238651	-0.6519519817502	-0.0452398054238651	1	0.11490462931133	-0.6519519817502	0.11490462931133	1
12010000	1	-0.360511747501104	-0.650353165196454	-0.360511747501104	1	0.284684450938884	-0.650353165196454	0.284684450938884	1
12020000	1	-0.138228915170885	-0.54448986344654	-0.138228915170885	1	0.0931651748753453	-0.54448986344654	0.0931651748753453	1
12030000	1	0.241585900428332	-0.517258145011473	0.241585900428332	1	-0.070311526941837	-0.517258145011473	-0.0703115269418369	1
12040000	1	-0.521157719904685	-0.448787898493737	-0.521157719904685	1	0.17649826737357	-0.448787898493737	0.17649826737357	1
12050000	1	0.0122239111271065	-0.559416049126621	0.0122239111271065	1	0.0369321485651528	-0.559416049126621	0.0369321485651528	1
12060000	1	-0.130794569281801	-0.626595648104179	-0.130794569281801	1	0.317632897652183	-0.626595648104179	0.317632897652183	1
12070000	1	-0.133222813709101	-0.685073550786909	-0.133222813709101	1	0.036954034733978	-0.685073550786908	0.036954034733978	1
12080000	1	0.0529919787483921	-0.432712499416086	0.052991978748392	1	0.276286767041755	-0.432712499416086	0.276286767041755	1
12090000	1	-0.278769576859995	-0.628344072071888	-0.278769576859995	1	0.23372948876432	-0.628344072071888	0.23372948876432	1
12100000	1	-0.246634137229673	-0.59748885405224	-0.246634137229673	1	0.280292906384089	-0.59748885405224	0.280292906384089	1
12110000	1	0.0628418416402683	-0.597292102848487	0.0628418416402683	1	0.0660256765416647	-0.597292102848487	0.0660256765416647	1
12120000	1	0.0415505773146709	-0.593769606614811	0.0415505773146709	1	0.0475899918291807	-0.593769606614811	0.0475899918291807	1
12130000	1	0.0721579986199892	-0.495132453858852	0.0721579986199892	1	0.144929467409891	-0.495132453858852	0.144929467409891	1
12140000	1	-0.288791960087849	-0.675633865573435	-0.288791960087849	1	0.127319876807699	-0.675633865573435	0.127319876807699	1
12150000	1	-0.248925441826245	-0.718035119978083	-0.248925441826245	1	0.0967094813527943	-0.718035119978083	0.0967094813527943	1
12160000	1	-0.126853959901575	-0.45876947380024	-0.126853959901575	1	0.27601998746155	-0.45876947380024	0.27601998746155	1
12170000	1	-0.285431394894343	-0.68109463669954	-0.285431394894343	1	-0.159630769359855	-0.68109463669954	-0.159630769359855	1
12180000	1	-0.184192544160737	-0.655102704668372	-0.184192544160737	1	0.170001496718829	-0.655102704668372	0.170001496718829	1
12190000	1	-0.337331960949128	-0.441140873899098	-0.337331960949128	1	0.159893177676563	-0.441140873899098	0.159893177676563	1
12200000	1	-0.0107409529119812	-0.637607765081224	-0.0107409529119812	1	0.00645885166689594	-0.637607765081225	0.00645885166689594	1
12210000	1	-0.329186447522628	-0.552336349602245	-0.329186447522628	1	0.367313001459537	-0.552336349602245	0.367313001459537	1
12220000	1	-0.0611784940976926	-0.482415184977063	-0.0611784940976926	1	0.0639748219799939	-0.482415184977063	0.0639748219799938	1
12230000	1	-0.259710901484582	-0.624508443401866	-0.259710901484582	1	0.104928948299404	-0.624508443401866	0.104928948299404	1
12240000	1	0.309789798576909	-0.486068124123754	0.309789798576909	1	0.113966200470682	-0.486068124123754	0.113966200470682	1
12250000	1	-0.140876931006294	-0.603974506504298	-0.140876931006294	1	0.0751347544925865	-0.603974506504298	0.0751347544925866	1
12260000	1	0.226813596159007	-0.449174418397321	0.226813596159007	1	-0.0946940622559782	-0.449174418397321	-0.0946940622559783	1
12270000	1	-0.36250185537858	-0.645582549913407	-0.36250185537858	1	0.301059395674869	-0.645582549913407	0.301059395674869	1
12280000	1	0.00401769035000705	-0.692228323985266	0.00401769035000704	1	0.132924734291305	-0.692228323985266	0.132924734291305	1
12290000	1	-0.0803513903217283	-0.628484882865492	-0.0803513903217284	1	0.0733513458370794	-0.628484882865492	0.0733513458370794	1
12300000	1	-0.156504592249407	-0.532630727052565	-0.156504592249407	1	0.0657088562877874	-0.532630727052565	0.0657088562877874	1
12310000	1	-0.141738482287205	-0.629102395075908	-0.141738482287205	1	-0.044421549260112	-0.629102395075908	-0.044421549260112	1
12320000	1	-0.132003636924107	-0.757027710845833	-0.132003636924107	1	0.0825160483987539	-0.757027710845833	0.0825160483987539	1
12330000	1	-0.0895037352185521	-0.394433708540452	-0.0895037352185521	1	0.0677647603400526	-0.394433708540452	0.0677647603400526	1
12340000	1	-0.139123535790598	-0.369577524494131	-0.139123535790598	1	0.0930137466086949	-0.369577524494131	0.0930137466086949	1
12350000	1	-0.0983864539419824	-0.627635432374942	-0.0983864539419824	1	-0.0330288364305785	-0.627635432374942	-0.0330288364305785	1
12360000	1	-0.299914507653463	-0.70147663761239	-0.299914507653462	1	0.275104856460146	-0.70147663761239	0.275104856460146	1
12370000	1	-0.134211000274073	-0.748919186371571	-0.134211000274073	1	0.25437304104889	-0.748919186371571	0.25437304104889	1
12380000	1	-0.234682170318321	-0.2864228387911	-0.234682170318321	1	0.0710216473238074	-0.2864228387911	0.0710216473238074	1
12390000	1	-0.339963977898111	-0.524501508877155	-0.339963977898111	1	-0.0439200319497228	-0.524501508877155	-0.0439200319497228	1
12400000	1	-0.12184821056739	-0.368296880039834	-0.12184821056739	1	0.227276677758642	-0.368296880039834	0.227276677758642	1
12410000	1	-0.259761616381541	-0.724145379515792	-0.259761616381541	1	0.225873777251757	-0.724145379515792	0.225873777251757	1
12420000	1	-0.273501748857694	-0.777652534256056	-0.273501748857694	1	0.0986312454678699	-0.777652534256056	0.0986312454678699	1
12430000	1	-0.0994938533465202	-0.538066167181519	-0.0994938533465202	1	0.264934378479001	-0.538066167181519	0.264934378479002	1
12440000	1	-0.0263079393353251	-0.361516280740646	-0.0263079393353252	1	0.31416289058205	-0.361516280740646	0.31416289058205	1
12450000	1	0.17166169339335	-0.483699403252672	0.17166169339335	1	0.00461617859435105	-0.483699403252672	0.00461617859435105	1
12460000	1	-0.433166259713036	-0.437144177046189	-0.433166259713036	1	0.117670596855729	-0.437144177046189	0.117670596855729	1
12470000	1	-0.0149210937731355	-0.609192654125936	-0.0149210937731355	1	0.208183668041049	-0.609192654125936	0.208183668041049	1
12480000	1	-0.0076336137885919	-0.260512914637179	-0.0076336137885919	1	0.0423843945531718	-0.260512914637179	0.0423843945531718	1
12490000	1	-0.193115461448342	-0.645943460997537	-0.193115461448342	1	0.0206491006562703	-0.645943460997537	0.0206491006562704	1
12500000	1	-0.0183681554787101	-0.575731506306601	-0.0183681554787101	1	-0.134584595879175	-0.575731506306601	-0.134584595879175	1
12510000	1	-0.329887696370372	-0.714786897670348	-0.329887696370372	1	0.207452023593916	-0.714786897670348	0.207452023593916	1
12520000	1	-0.233717212562376	-0.635429702913577	-0.233717212562376	1	-0.0318522007785562	-0.635429702913577	-0.0318522007785562	1
12530000	1	-0.14782597966456	-0.479796012167984	-0.14782597966456	1	0.203724401796957	-0.479796012167984	0.203724401796957	1
12540000	1	-0.54490640871831	-0.320262095252504	-0.544906408718309	1	0.183135909274466	-0.320262095252504	0.183135909274466	1
12550000	1	-0.336294785636458	-0.645828989867277	-0.336294785636458	1	0.387932786345637	-0.645828989867277	0.387932786345637	1
12560000	1	0.128733614557169	-0.425270075754853	0.128733614557169	1	0.101175575697504	-0.425270075754853	0.101175575697504	1
12570000	1	0.00708950337867818	-0.724000061537468	0.00708950337867817	1	0.123256013611282	-0.724000061537468	0.123256013611282	1
12580000	1	-0.241522839334764	-0.619109623480896	-0.241522839334764	1	0.219085392936117	-0.619109623480896	0.219085392936117	1
12590000	1	-0.358050948051586	-0.55525989166224	-0.358050948051586	1	0.250400934481485	-0.55525989166224	0.250400934481485	1
12600000	1	-0.349935646221413	-0.627129236841713	-0.349935646221413	1	0.24601896819662	-0.627129236841712	0.24601896819662	1
12610000	1	-0.32615000432485	-0.573239715608683	-0.32615000432485	1	0.285884762595704	-0.573239715608683	0.285884762595704	1
12620000	1	-0.408431810202687	-0.397457538972579	-0.408431810202686	1	0.225755037284622	-0.397457538972579	0.225755037284622	1
12630000	1	0.144655949776002	-0.545227663384804	0.144655949776002	1	0.00949194538436989	-0.545227663384804	0.00949194538436988	1
12640000	1	-0.0486235177087142	-0.00536917256762312	-0.0486235177087142	1	0.0908477267225311	-0.00536917256762312	0.0908477267225311	1
12650000	1	-0.304137057151021	-0.675850267400236	-0.304137057151021	1	0.28480401374175	-0.675850267400236	0.28480401374175	1
12660000	1	-0.183144433578194	-0.663587896194211	-0.183144433578194	1	0.311372592721771	-0.663587896194211	0.311372592721771	1
12670000	1	-0.22955270427075	-0.453848753317175	-0.22955270427075	1	0.0498845653608272	-0.453848753317175	0.0498845653608272	1
12680000	1	-0.00583171891927276	-0.578073167741839	-0.00583171891927274	1	0.218803956476964	-0.578073167741839	0.218803956476964	1
12690000	1	-0.216107639848662	-0.765895118166184	-0.216107639848662	1	0.281623945622129	-0.765895118166184	0.281623945622129	1
12700000	1	0.145208314959682	-0.6837159254763	0.145208314959682	1	-0.0356276813910432	-0.6837159254763	-0.0356276813910432	1
12710000	1	-0.238497852183167	-0.649883149174088	-0.238497852183167	1	0.205351685188941	-0.649883149174088	0.205351685188941	1
12720000	1	-0.155739749427918	-0.729013456506656	-0.155739749427918	1	0.152120241903387	-0.729013456506656	0.152120241903387	1
12730000	1	-0.0185472483484838	-0.534408270238261	-0.0185472483484838	1	-0.0494251702922603	-0.534408270238261	-0.0494251702922603	1
12740000	1	-0.109392484368307	-0.711170512002414	-0.109392484368307	1	0.0876024576483544	-0.711170512002414	0.0876024576483544	1
12750000	1	-0.225206534054893	-0.788828578545354	-0.225206534054893	1	0.278673175006402	-0.788828578545354	0.278673175006402	1
12760000	1	-0.15765015201212	-0.536797355911244	-0.15765015201212	1	0.0901900892616756	-0.536797355911244	0.0901900892616756	1
12770000	1	-0.401514462933492	-0.512423556408847	-0.401514462933492	1	0.0508938432991941	-0.512423556408847	0.0508938432991941	1
12780000	1	-0.126260602581186	-0.526788410728637	-0.126260602581186	1	0.181634189640935	-0.526788410728637	0.181634189640935	1
12790000	1	-0.0187697045355981	-0.582680305686125	-0.0187697045355981	1	-0.00952029934342908	-0.582680305686125	-0.00952029934342908	1
12800000	1	-0.333966676538781	-0.798221597711621	-0.333966676538781	1	0.141900232803339	-0.798221597711621	0.141900232803339	1
12810000	1	-0.148668939767183	-0.67635351204855	-0.148668939767183	1	-0.015598410776443	-0.67635351204855	-0.015598410776443	1
12820000	1	-0.306041675747503	-0.542658764250871	-0.306041675747503	1	0.0943614156905364	-0.542658764250871	0.0943614156905364	1
12830000	1	-0.140978461741827	-0.526668432412486	-0.140978461741827	1	0.0414673598856328	-0.526668432412485	0.0414673598856328	1
12840000	1	-0.361711967651704	-0.789939600265398	-0.361711967651704	1	0.214992731629059	-0.789939600265398	0.214992731629059	1
12850000	1	-0.260657680806614	-0.616499292936509	-0.260657680806614	1	0.338363110807357	-0.616499292936509	0.338363110807357	1
12860000	1	-0.0615351251479002	-0.563594226037597	-0.0615351251479002	1	0.109484113952907	-0.563594226037597	0.109484113952907	1
12870000	1	-0.221064973425708	-0.726496279327858	-0.221064973425708	1	0.233080894929263	-0.726496279327858	0.233080894929264	1
12880000	1	-0.00959131065647889	-0.483534681805224	-0.0095913106564789	1	0.0860567128121211	-0.483534681805224	0.0860567128121211	1
12890000	1	-0.069386762954704	-0.49246957950067	-0.069386762954704	1	0.0437245117260546	-0.49246957950067	0.0437245117260546	1
12900000	1	-0.15202931878259	-0.60792323045552	-0.15202931878259	1	0.0844738688424896	-0.60792323045552	0.0844738688424896	1
12910000	1	0.132533521805863	-0.627332539839486	0.132533521805863	1	0.1444285815958	-0.627332539839486	0.1444285815958	1
12920000	1	-0.182672457474605	-0.546346199123408	-0.182672457474605	1	-0.0321917538471095	-0.546346199123408	-0.0321917538471095	1
12930000	1	-0.216345640120336	-0.650585179047446	-0.216345640120336	1	0.115920580463182	-0.650585179047446	0.115920580463182	1
12940000	1	-0.507546076643701	-0.36410860958786	-0.507546076643701	1	0.0756678696395109	-0.36410860958786	0.0756678696395109	1
12950000	1	-0.162662399531005	-0.593422997901084	-0.162662399531005	1	0.0830192644309736	-0.593422997901084	0.0830192644309736	1
12960000	1	-0.0600187709830649	-0.378014564859223	-0.0600187709830649	1	0.111012011129159	-0.378014564859223	0.111012011129159	1
12970000	1	-0.0839166006684806	-0.71467232512666	-0.0839166006684806	1	0.00360791864056807	-0.71467232512666	0.00360791864056806	1
12980000	1	-0.0553302329054052	-0.43241401043825	-0.0553302329054052	1	0.0462040848467693	-0.43241401043825	0.0462040848467693	1
12990000	1	-0.0328916306429733	-0.605947064659072	-0.0328916306429734	1	0.318726267808905	-0.605947064659072	0.318726267808905	1
1.3e+07	1	-0.256125010924522	-0.650334943373458	-0.256125010924522	1	0.0602393109313514	-0.650334943373458	0.0602393109313515	1
13010000	1	0.0114647513784569	-0.557540157463681	0.0114647513784569	1	0.201461481936957	-0.557540157463681	0.201461481936957	1
13020000	1	-0.121285845622769	-0.407737168261625	-0.121285845622769	1	-0.0928820194324949	-0.407737168261625	-0.0928820194324949	1
13030000	1	-0.0108091339294675	-0.579252898978579	-0.0108091339294676	1	0.0952286549943627	-0.579252898978579	0.0952286549943627	1
13040000	1	0.00302554727991572	-0.42401076054047	0.00302554727991572	1	0.0351004096300784	-0.42401076054047	0.0351004096300784	1
13050000	1	0.239667174632318	-0.554802174006703	0.239667174632318	1	-0.0028036129713022	-0.554802174006703	-0.00280361297130221	1
13060000	1	0.16253583082278	-0.399898505039353	0.16253583082278	1	0.0391218208201937	-0.399898505039353	0.0391218208201937	1
13070000	1	-0.103035282507311	-0.586383270221975	-0.103035282507311	1	0.00469138991473418	-0.586383270221975	0.00469138991473419	1
13080000	1	-0.180348548977786	-0.596183098028286	-0.180348548977786	1	0.0355586362817048	-0.596183098028286	0.0355586362817048	1
13090000	1	-0.491107916222655	-0.578278608561238	-0.491107916222655	1	0.336591722360334	-0.578278608561238	0.336591722360334	1
13100000	1	-0.373861987501219	-0.602347603020127	-0.373861987501219	1	0.315164017398701	-0.602347603020127	0.315164017398701	1
13110000	1	-0.203089662527492	-0.600852147649583	-0.203089662527492	1	0.0543962868313796	-0.600852147649583	0.0543962868313796	1
13120000	1	-0.0575590487368636	-0.71926653749639	-0.0575590487368636	1	0.0918981148421647	-0.71926653749639	0.0918981148421647	1
13130000	1	-0.206869775938262	-0.536002306054592	-0.206869775938262	1	0.174940504720851	-0.536002306054592	0.174940504720851	1
13140000	1	-0.0804970044885901	-0.662661660149034	-0.0804970044885901	1	-0.0178717009093773	-0.662661660149034	-0.0178717009093773	1
13150000	1	-0.170319037651596	-0.765229877627137	-0.170319037651596	1	-0.00870982808130748	-0.765229877627137	-0.00870982808130743	1
13160000	1	-0.123535890153586	-0.527961711089024	-0.123535890153586	1	0.0518919412242205	-0.527961711089024	0.0518919412242205	1
13170000	1	-0.0827654164927476	-0.49702609781785	-0.0827654164927476	1	0.0930596533374898	-0.49702609781785	0.0930596533374898	1
13180000	1	-0.259084529095244	-0.212608891443056	-0.259084529095244	1	-0.0205863910550543	-0.212608891443056	-0.0205863910550543	1
13190000	1	-0.243121389150892	-0.721784713727356	-0.243121389150892	1	0.14584905240658	-0.721784713727357	0.14584905240658	1
13200000	1	-0.376086785937153	-0.600364173150456	-0.376086785937152	1	0.249776764337063	-0.600364173150456	0.249776764337063	1
13210000	1	-0.119861508016954	-0.647062427807416	-0.119861508016954	1	0.253125890351517	-0.647062427807416	0.253125890351517	1
13220000	1	-0.0196942050343267	-0.564696694331755	-0.0196942050343267	1	0.184299015101603	-0.564696694331755	0.184299015101603	1
13230000	1	-0.432057865345926	-0.602660852197013	-0.432057865345926	1	0.0437428604562483	-0.602660852197013	0.0437428604562484	1
13240000	1	0.177672308338721	-0.656251732402013	0.177672308338721	1	-0.173395362733096	-0.656251732402013	-0.173395362733096	1
13250000	1	-0.173835082048844	-0.746185033076907	-0.173835082048844	1	0.122827182821999	-0.746185033076907	0.122827182821999	1
13260000	1	-0.359336304006228	-0.712915128183055	-0.359336304006228	1	0.111478558818155	-0.712915128183055	0.111478558818155	1
13270000	1	-0.145996081406757	-0.729889757426587	-0.145996081406757	1	0.23651934085758	-0.729889757426587	0.23651934085758	1
13280000	1	-0.151445439507942	-0.719773295900591	-0.151445439507942	1	0.209375210323126	-0.719773295900591	0.209375210323126	1
13290000	1	0.0666731803026319	-0.692597126049008	0.0666731803026319	1	-0.0550444294075969	-0.692597126049008	-0.0550444294075969	1
13300000	1	-0.15755177805548	-0.684481125270856	-0.15755177805548	1	0.156227508202139	-0.684481125270856	0.156227508202139	1
13310000	1	0.0865846707457062	-0.546805934437805	0.0865846707457062	1	0.0508656329982199	-0.546805934437805	0.0508656329982199	1
13320000	1	-0.416574614307546	-0.533219441422987	-0.416574614307546	1	0.0207820997336206	-0.533219441422988	0.0207820997336206	1
13330000	1	0.172531818057619	-0.255731292310112	0.172531818057619	1	0.135155821978658	-0.255731292310113	0.135155821978658	1
13340000	1	-0.0694733567974009	-0.475833826474262	-0.069473356797401	1	0.056841966156479	-0.475833826474261	0.056841966156479	1
13350000	1	-0.111300332447061	-0.558438929380943	-0.111300332447061	1	0.284317017988961	-0.558438929380943	0.284317017988961	1
13360000	1	-0.262024975284767	-0.584756009838088	-0.262024975284767	1	0.0889178405367828	-0.584756009838088	0.0889178405367828	1
13370000	1	0.0396210087040701	-0.361968958739357	0.0396210087040701	1	0.0240580694610089	-0.361968958739357	0.024058069461009	1
13380000	1	-0.275070521706661	-0.642947977412289	-0.275070521706661	1	0.0526536950876119	-0.642947977412289	0.0526536950876119	1
13390000	1	-0.322526448669476	-0.689919680533902	-0.322526448669476	1	0.196715905389791	-0.689919680533902	0.19671590538979	1
13400000	1	-0.165725052951313	-0.704632855078854	-0.165725052951313	1	0.116967304029163	-0.704632855078854	0.116967304029163	1
13410000	1	-0.113685835734	-0.687017499349286	-0.113685835734	1	0.324408327409987	-0.687017499349286	0.324408327409987	1
13420000	1	-0.0886666163722696	-0.596371721104567	-0.0886666163722696	1	0.111339916458849	-0.596371721104567	0.111339916458849	1
13430000	1	-0.00606816726096058	-0.497939043380047	-0.0060681672609606	1	0.187371764046141	-0.497939043380047	0.187371764046141	1
13440000	1	-0.286218206655765	-0.42330960097682	-0.286218206655765	1	0.206285113208109	-0.42330960097682	0.206285113208109	1
13450000	1	-0.126726351702047	-0.492461471673596	-0.126726351702047	1	0.101367390055459	-0.492461471673596	0.101367390055459	1
13460000	1	-0.165436614744239	-0.804700518205395	-0.165436614744239	1	0.202566160367973	-0.804700518205395	0.202566160367973	1
13470000	1	-0.228506366412875	-0.604788533879978	-0.228506366412875	1	0.184413561045467	-0.604788533879978	0.184413561045467	1
13480000	1	-0.486499683911376	-0.636484401485414	-0.486499683911376	1	0.304319101058134	-0.636484401485414	0.304319101058134	1
13490000	1	-0.345662879602066	-0.810403147923819	-0.345662879602066	1	0.283452059467271	-0.810403147923819	0.283452059467271	1
13500000	1	-0.16574869395151	-0.504833114815584	-0.16574869395151	1	0.108196603359877	-0.504833114815584	0.108196603359877	1
13510000	1	-0.129619623731213	-0.566661328831698	-0.129619623731213	1	0.0963486931988928	-0.566661328831698	0.0963486931988928	1
13520000	1	-0.210281092197947	-0.663170174581136	-0.210281092197947	1	0.122015767853008	-0.663170174581136	0.122015767853008	1
13530000	1	-0.280071196036776	-0.642691921273059	-0.280071196036776	1	0.17363412580037	-0.642691921273059	0.17363412580037	1
13540000	1	-0.166880783320017	-0.50490196900584	-0.166880783320017	1	0.171022406039777	-0.50490196900584	0.171022406039777	1
13550000	1	-0.384436316860116	-0.574473706881178	-0.384436316860116	1	0.0499374429974693	-0.574473706881178	0.0499374429974693	1
13560000	1	-0.476173528519357	-0.608628276167413	-0.476173528519357	1	0.350926470398113	-0.608628276167413	0.350926470398113	1
13570000	1	-0.370628383203831	-0.605465108225449	-0.370628383203831	1	0.306051811271676	-0.605465108225449	0.306051811271676	1
13580000	1	-0.27220300274886	-0.505148716579852	-0.27220300274886	1	-0.00169147832780672	-0.505148716579852	-0.00169147832780672	1
13590000	1	0.0222162329303862	-0.450459524297025	0.0222162329303862	1	0.241217382843996	-0.450459524297025	0.241217382843996	1
13600000	1	-0.246361531611009	-0.63849526442384	-0.246361531611009	1	0.114208980486592	-0.63849526442384	0.114208980486592	1
13610000	1	-0.383604712067219	-0.490013442209643	-0.383604712067219	1	-0.020923863753304	-0.490013442209643	-0.020923863753304	1
13620000	1	-0.223272246567473	-0.549007297938015	-0.223272246567474	1	0.115991000627279	-0.549007297938015	0.115991000627279	1
13630000	1	-0.268455431674889	-0.603542483988372	-0.268455431674889	1	0.134567522314178	-0.603542483988372	0.134567522314178	1
13640000	1	0.0483886328796843	-0.549913835579375	0.0483886328796843	1	0.0086525243076163	-0.549913835579375	0.00865252430761629	1
13650000	1	-0.37494054091054	-0.617968706875347	-0.37494054091054	1	0.240090791217643	-0.617968706875348	0.240090791217643	1
13660000	1	-0.225544380033825	-0.483968545787005	-0.225544380033825	1	0.129322627341292	-0.483968545787005	0.129322627341292	1
13670000	1	0.429616796750608	-0.522353679150961	0.429616796750608	1	-0.014569295666803	-0.522353679150961	-0.0145692956668029	1
13680000	1	-0.0217677692574225	-0.499132032952656	-0.0217677692574225	1	0.0237361674400317	-0.499132032952656	0.0237361674400317	1
13690000	1	-0.378022556398721	-0.705815067238557	-0.378022556398721	1	0.222736726005804	-0.705815067238557	0.222736726005804	1
13700000	1	0.10234398662451	-0.388185754224007	0.10234398662451	1	0.290294939790076	-0.388185754224007	0.290294939790076	1
13710000	1	-0.116042634721124	-0.536940945749125	-0.116042634721124	1	-0.013866665558799	-0.536940945749125	-0.013866665558799	1
13720000	1	-0.15817609337734	-0.570780934433725	-0.15817609337734	1	0.246278971841871	-0.570780934433725	0.246278971841871	1
13730000	1	-0.396500427866613	-0.527282458344195	-0.396500427866613	1	-0.0507153749721903	-0.527282458344195	-0.0507153749721903	1
13740000	1	-0.0589182175260157	-0.461635428325502	-0.0589182175260157	1	0.0981515340867738	-0.461635428325502	0.0981515340867738	1
13750000	1	0.0434193164144773	-0.511199423504413	0.0434193164144773	1	0.108583065130274	-0.511199423504413	0.108583065130274	1
13760000	1	0.294721811146989	-0.611012329859888	0.294721811146989	1	0.00639085279693125	-0.611012329859888	0.00639085279693124	1
13770000	1	-0.0331501235828028	-0.447417962077126	-0.0331501235828028	1	0.298811442995347	-0.447417962077126	0.298811442995347	1
13780000	1	-0.26499745447412	-0.521018786156655	-0.26499745447412	1	0.221917074400911	-0.521018786156655	0.221917074400911	1
13790000	1	-0.076652397222599	-0.59587167537429	-0.076652397222599	1	0.0596540925628239	-0.59587167537429	0.0596540925628239	1
13800000	1	-0.206820875749424	-0.694374462185356	-0.206820875749424	1	0.0303784991974078	-0.694374462185356	0.0303784991974078	1
13810000	1	-0.0477617138065427	-0.657597638237143	-0.0477617138065427	1	0.154381767161497	-0.657597638237143	0.154381767161497	1
13820000	1	-0.184591122710468	-0.523381199639329	-0.184591122710468	1	0.239529723660285	-0.523381199639329	0.239529723660285	1
13830000	1	-0.446100166543429	-0.576886676539135	-0.446100166543429	1	0.107614828631593	-0.576886676539135	0.107614828631593	1
13840000	1	0.00626255569774945	-0.632621278352114	0.00626255569774942	1	0.166244907587946	-0.632621278352114	0.166244907587946	1
13850000	1	-0.220315809767745	-0.43570541274141	-0.220315809767745	1	0.0858277708027306	-0.43570541274141	0.0858277708027306	1
13860000	1	-0.431561140235767	-0.432933315440567	-0.431561140235767	1	0.161575800095436	-0.432933315440567	0.161575800095436	1
13870000	1	-0.193770606056242	-0.605640781267683	-0.193770606056242	1	-0.00608996609059475	-0.605640781267683	-0.00608996609059474	1
13880000	1	-0.420430589556705	-0.685286283010343	-0.420430589556705	1	0.339869691075843	-0.685286283010343	0.339869691075843	1
13890000	1	-0.311057773902339	-0.557403257294873	-0.311057773902339	1	0.154485002245342	-0.557403257294873	0.154485002245342	1
13900000	1	-0.0284482135568412	-0.639087532121188	-0.0284482135568412	1	0.152117328235376	-0.639087532121188	0.152117328235376	1
13910000	1	0.0406856041894818	-0.670647733797611	0.0406856041894818	1	0.11171435772589	-0.670647733797611	0.11171435772589	1
13920000	1	-0.0426497252236927	-0.651576117358447	-0.0426497252236927	1	-0.0778110020062393	-0.651576117358447	-0.0778110020062393	1
13930000	1	-0.405878454151076	-0.539077777031811	-0.405878454151076	1	0.252645390294372	-0.539077777031811	0.252645390294372	1
13940000	1	0.0882160760280958	-0.408851594623956	0.0882160760280958	1	0.143155750092307	-0.408851594623956	0.143155750092307	1
13950000	1	-0.127974853871027	-0.522523260434159	-0.127974853871027	1	0.258192346578264	-0.522523260434159	0.258192346578265	1
13960000	1	-0.160009809139655	-0.426041067241806	-0.160009809139655	1	0.305939601158925	-0.426041067241806	0.305939601158925	1
13970000	1	-0.133670558171086	-0.780227390441175	-0.133670558171086	1	-0.0912107690862815	-0.780227390441175	-0.0912107690862816	1
13980000	1	-0.0850667767716762	-0.633949019028048	-0.0850667767716762	1	-0.0292548598682325	-0.633949019028048	-0.0292548598682325	1
13990000	1	-0.0703187077266529	-0.53704184149798	-0.0703187077266529	1	0.364467834246491	-0.53704184149798	0.364467834246491	1
1.4e+07	1	0.0100524399251481	-0.673835586930202	0.0100524399251481	1	-0.0394751614347813	-0.673835586930202	-0.0394751614347813	1
14010000	1	-0.460639425209586	-0.591090603742104	-0.460639425209586	1	0.333177276237196	-0.591090603742104	0.333177276237196	1
14020000	1	-0.372217430445674	-0.701991332393475	-0.372217430445674	1	0.229367414740447	-0.701991332393475	0.229367414740447	1
14030000	1	-0.099432046841025	-0.663932823599647	-0.099432046841025	1	0.0877668207133449	-0.663932823599647	0.0877668207133449	1
14040000	1	-0.196123239117615	-0.471673976553145	-0.196123239117615	1	-0.0120721332887112	-0.471673976553145	-0.0120721332887112	1
14050000	1	-0.0223132786023829	-0.597853636003562	-0.0223132786023829	1	-0.00809516053147001	-0.597853636003562	-0.00809516053147	1
14060000	1	0.179844653226387	-0.568406961960518	0.179844653226387	1	0.0129012766847343	-0.568406961960518	0.0129012766847344	1
14070000	1	-0.0377284400602969	-0.600231195473127	-0.037728440060297	1	-0.212603977424383	-0.600231195473127	-0.212603977424383	1
14080000	1	-0.101609438667327	-0.519521584783683	-0.101609438667327	1	-0.137399161669151	-0.519521584783683	-0.137399161669151	1
14090000	1	-0.435083048223541	-0.579481629338098	-0.435083048223541	1	0.183604153143924	-0.579481629338098	0.183604153143924	1
14100000	1	-0.310225402072533	-0.751043507754518	-0.310225402072533	1	0.289114973261149	-0.751043507754518	0.289114973261149	1
14110000	1	-0.224945069465198	-0.73102974622663	-0.224945069465198	1	0.308781344277326	-0.73102974622663	0.308781344277326	1
14120000	1	-0.321364005634693	-0.713571828383995	-0.321364005634693	1	0.253110965170434	-0.713571828383995	0.253110965170434	1
14130000	1	-0.378144835783652	-0.687714363456013	-0.378144835783652	1	0.153724551000544	-0.687714363456013	0.153724551000544	1
14140000	1	-0.266699474076036	-0.55749746841253	-0.266699474076036	1	0.262406408840642	-0.55749746841253	0.262406408840642	1
14150000	1	-0.28820088595391	-0.575732136120933	-0.28820088595391	1	0.0724624678092139	-0.575732136120933	0.072462467809214	1
14160000	1	-0.211839355601076	-0.687646664348078	-0.211839355601076	1	0.226530841622938	-0.687646664348078	0.226530841622938	1
14170000	1	0.119723734602494	-0.544994947347612	0.119723734602494	1	0.00245072164014527	-0.544994947347612	0.00245072164014528	1
14180000	1	-0.0232979117439452	-0.54848250421224	-0.0232979117439452	1	0.1973923779131	-0.54848250421224	0.1973923779131	1
14190000	1	-0.126244816276693	-0.697610186861238	-0.126244816276693	1	-0.00727659480929086	-0.697610186861239	-0.00727659480929085	1
14200000	1	-0.232079992730772	-0.594794949846244	-0.232079992730772	1	0.0532012028263159	-0.594794949846244	0.0532012028263159	1
14210000	1	0.00158935706181432	-0.576537365431172	0.00158935706181433	1	0.124999337395538	-0.576537365431172	0.124999337395538	1
14220000	1	-0.00433340330297787	-0.510167058849659	-0.00433340330297786	1	0.0822406203487938	-0.510167058849659	0.0822406203487938	1
14230000	1	-0.221217901373569	-0.732723480125558	-0.221217901373569	1	0.239218662135041	-0.732723480125558	0.239218662135041	1
14240000	1	-0.276477684996645	-0.69694169707137	-0.276477684996645	1	0.0873110938792214	-0.69694169707137	0.0873110938792214	1
14250000	1	-0.446836318207396	-0.708161754873016	-0.446836318207396	1	0.352325389066687	-0.708161754873015	0.352325389066687	1
14260000	1	-0.285605075739876	-0.676443543288128	-0.285605075739876	1	0.0851299426579529	-0.676443543288128	0.0851299426579529	1
14270000	1	0.218278662113722	-0.627711222282566	0.218278662113722	1	0.0566325547644453	-0.627711222282566	0.0566325547644454	1
14280000	1	0.184885473298858	-0.738812347300784	0.184885473298858	1	-0.060547984506196	-0.738812347300784	-0.060547984506196	1
14290000	1	-0.37351747417783	-0.61491985921057	-0.37351747417783	1	0.323055069208546	-0.61491985921057	0.323055069208546	1
14300000	1	-0.352911908002655	-0.416214300285125	-0.352911908002655	1	-0.134538802996849	-0.416214300285125	-0.134538802996849	1
14310000	1	-0.193359650930556	-0.400122819312128	-0.193359650930556	1	0.219340765095042	-0.400122819312128	0.219340765095042	1
14320000	1	-0.0488636259286077	-0.675683528479145	-0.0488636259286077	1	0.0599875749285517	-0.675683528479145	0.0599875749285517	1
14330000	1	-0.0249530117087141	-0.558785361146882	-0.0249530117087141	1	-0.173369507979173	-0.558785361146882	-0.173369507979173	1
14340000	1	-0.380230332718345	-0.703090594898919	-0.380230332718345	1	0.176389695175936	-0.703090594898919	0.176389695175936	1
14350000	1	0.0390283027814138	-0.580433822948717	0.0390283027814138	1	-0.0788236223346893	-0.580433822948717	-0.0788236223346893	1
14360000	1	-0.0825947586953678	-0.678632881039073	-0.0825947586953678	1	0.133485089605561	-0.678632881039073	0.133485089605561	1
14370000	1	0.125480828083165	-0.688694379171708	0.125480828083165	1	-0.010865904888909	-0.688694379171708	-0.010865904888909	1
14380000	1	-0.282109232621239	-0.738092032465709	-0.282109232621239	1	0.209120766298708	-0.738092032465709	0.209120766298708	1
14390000	1	-0.123117532382543	-0.368546754973405	-0.123117532382543	1	0.261581332300102	-0.368546754973405	0.261581332300102	1
14400000	1	-0.0650121675408385	-0.59818816953263	-0.0650121675408385	1	0.262892054534003	-0.59818816953263	0.262892054534003	1
14410000	1	-0.036991390604603	-0.645089353882274	-0.036991390604603	1	-0.0185210565282017	-0.645089353882274	-0.0185210565282017	1
14420000	1	-0.136255356827911	-0.71719288036352	-0.136255356827911	1	0.197864009520788	-0.71719288036352	0.197864009520788	1
14430000	1	-0.0456106040694359	-0.583115097430537	-0.0456106040694358	1	-0.0873078870227831	-0.583115097430537	-0.0873078870227831	1
14440000	1	-0.258251202764222	-0.480857731900695	-0.258251202764222	1	0.126400713618861	-0.480857731900695	0.126400713618861	1
14450000	1	-0.111861426550444	-0.5295772566362	-0.111861426550444	1	0.203771281476743	-0.5295772566362	0.203771281476743	1
14460000	1	0.0369093106835659	-0.427586247650639	0.0369093106835659	1	-0.118804294649847	-0.427586247650639	-0.118804294649847	1
14470000	1	0.248078804209524	-0.765233904441693	0.248078804209524	1	-0.252300695386683	-0.765233904441693	-0.252300695386683	1
14480000	1	-0.0782839480674872	-0.482567168986633	-0.0782839480674872	1	-0.0757468854308639	-0.482567168986633	-0.0757468854308639	1
14490000	1	0.0352148556600222	-0.460086904359412	0.0352148556600222	1	0.201796347470762	-0.460086904359412	0.201796347470762	1
14500000	1	-0.0999015200639927	-0.503700090370328	-0.0999015200639927	1	0.120848708542346	-0.503700090370328	0.120848708542346	1
14510000	1	-0.148616975363516	-0.659585546992661	-0.148616975363516	1	0.183648046031614	-0.659585546992661	0.183648046031614	1
14520000	1	-0.0845512668563247	-0.688761192110913	-0.0845512668563247	1	0.0610265420328089	-0.688761192110913	0.0610265420328089	1
14530000	1	-0.351820412304421	-0.611786439984114	-0.351820412304421	1	0.114588819598667	-0.611786439984114	0.114588819598667	1
14540000	1	-0.0462424508120448	-0.596339949492541	-0.0462424508120448	1	0.00813126049947354	-0.596339949492541	0.00813126049947354	1
14550000	1	-0.209732081977063	-0.628745299485566	-0.209732081977063	1	0.207490487961148	-0.628745299485565	0.207490487961148	1
14560000	1	-0.48006211483301	-0.685843869182382	-0.48006211483301	1	0.309952495476806	-0.685843869182382	0.309952495476806	1
14570000	1	-0.222529491027628	-0.678366776129531	-0.222529491027628	1	-0.0224956074748258	-0.678366776129531	-0.0224956074748259	1
14580000	1	-0.146056650323893	-0.561765089188565	-0.146056650323893	1	0.163481077635977	-0.561765089188565	0.163481077635976	1
14590000	1	0.0409266180382817	-0.700960159606815	0.0409266180382817	1	0.144480017769244	-0.700960159606814	0.144480017769244	1
14600000	1	-0.15581413316621	-0.739433138023165	-0.15581413316621	1	0.283247940058646	-0.739433138023165	0.283247940058646	1
14610000	1	-0.0787385633757441	-0.584741305148591	-0.0787385633757441	1	0.114506713169223	-0.584741305148591	0.114506713169223	1
14620000	1	-0.00454247183330991	-0.546497379551614	-0.00454247183330991	1	0.0387728917825912	-0.546497379551614	0.0387728917825912	1
14630000	1	-0.373616783175769	-0.514908874315802	-0.373616783175769	1	-0.00456027080561588	-0.514908874315802	-0.00456027080561587	1
14640000	1	-0.445306407872673	-0.790784934213359	-0.445306407872673	1	0.403645117841061	-0.790784934213359	0.403645117841061	1
14650000	1	-0.264267139238964	-0.654102218645182	-0.264267139238964	1	0.209071582679869	-0.654102218645182	0.209071582679869	1
14660000	1	-0.160781374043377	-0.682971604716107	-0.160781374043377	1	0.213547977035327	-0.682971604716107	0.213547977035327	1
14670000	1	-0.267134678346135	-0.368936518757824	-0.267134678346135	1	0.0625378630132562	-0.368936518757824	0.0625378630132562	1
14680000	1	0.105157470277627	-0.265125635471217	0.105157470277627	1	0.112518398421823	-0.265125635471217	0.112518398421823	1
14690000	1	-0.223412342112785	-0.594699054640512	-0.223412342112785	1	0.223202277072868	-0.594699054640512	0.223202277072868	1
14700000	1	0.160257248027342	-0.494044065160046	0.160257248027342	1	0.220547164632188	-0.494044065160046	0.220547164632188	1
14710000	1	-0.341610292970172	-0.696614857916407	-0.341610292970172	1	0.156078489345509	-0.696614857916407	0.156078489345509	1
14720000	1	-0.32819032747826	-0.622394930018005	-0.32819032747826	1	0.37594840060211	-0.622394930018005	0.37594840060211	1
14730000	1	-0.0090271953537893	-0.681774893224442	-0.00902719535378929	1	0.139770563409316	-0.681774893224442	0.139770563409316	1
14740000	1	0.0076861796670938	-0.694638729648944	0.0076861796670938	1	0.0911743976908116	-0.694638729648943	0.0911743976908116	1
14750000	1	0.0521031659009527	-0.706439005708204	0.0521031659009528	1	0.163600324085384	-0.706439005708204	0.163600324085384	1
14760000	1	-0.479535330916747	-0.800277892839788	-0.479535330916747	1	0.480312410741921	-0.800277892839788	0.480312410741921	1
14770000	1	-0.0782176815017368	-0.525952499831164	-0.0782176815017368	1	-0.0888601322279707	-0.525952499831164	-0.0888601322279707	1
14780000	1	-0.105620781332483	-0.7358107748998	-0.105620781332483	1	0.258712986300601	-0.7358107748998	0.258712986300601	1
14790000	1	-0.220235345505025	-0.530323830895035	-0.220235345505025	1	0.0779568970549859	-0.530323830895035	0.0779568970549859	1
14800000	1	-0.457811911579635	-0.569000772816125	-0.457811911579635	1	0.312113369478804	-0.569000772816125	0.312113369478805	1
14810000	1	-0.0928511344532292	-0.529036927560395	-0.0928511344532292	1	-0.017431540888661	-0.529036927560395	-0.017431540888661	1
14820000	1	-0.343522911177807	-0.731108879362902	-0.343522911177807	1	0.0892529817612638	-0.731108879362902	0.0892529817612638	1
14830000	1	0.0508276619505368	-0.427697174494101	0.0508276619505368	1	0.0802083388250052	-0.427697174494101	0.0802083388250052	1
14840000	1	-0.339061072710371	-0.32910584827713	-0.339061072710371	1	-0.109674519299732	-0.32910584827713	-0.109674519299732	1
14850000	1	0.0970399275738437	-0.765811563869549	0.0970399275738437	1	-0.0309058567963487	-0.765811563869549	-0.0309058567963487	1
14860000	1	-0.143867232420253	-0.656650816773161	-0.143867232420253	1	0.112756223654663	-0.656650816773161	0.112756223654663	1
14870000	1	0.30701915775054	-0.735611223953691	0.30701915775054	1	-0.0687501140223944	-0.735611223953691	-0.0687501140223944	1
14880000	1	-0.0645138008558322	-0.625854932287747	-0.0645138008558322	1	0.0539870463509027	-0.625854932287747	0.0539870463509027	1
14890000	1	-0.385662371261622	-0.5733069898538	-0.385662371261622	1	0.158040356126683	-0.5733069898538	0.158040356126683	1
14900000	1	0.000216747398198565	-0.635890828502497	0.000216747398198544	1	0.0799255805895039	-0.635890828502497	0.0799255805895039	1
14910000	1	-0.329120212444656	-0.469126336845782	-0.329120212444656	1	0.0179805385331745	-0.469126336845782	0.0179805385331744	1
14920000	1	-0.00401169077739733	-0.310759436182055	-0.00401169077739732	1	-0.0359009105553797	-0.310759436182055	-0.0359009105553797	1
14930000	1	-0.198479384256309	-0.522305755259302	-0.198479384256309	1	0.00966804457840928	-0.522305755259302	0.00966804457840928	1
14940000	1	0.116682691207745	-0.564381480519605	0.116682691207745	1	0.21370713225943	-0.564381480519605	0.21370713225943	1
14950000	1	0.00745968834580919	-0.722256851729089	0.0074596883458092	1	0.179763804404804	-0.722256851729089	0.179763804404804	1
14960000	1	-0.124756526186339	-0.43091476476875	-0.124756526186339	1	0.25557194847145	-0.43091476476875	0.25557194847145	1
14970000	1	-0.213409807864188	-0.658060667855806	-0.213409807864188	1	0.136992560114445	-0.658060667855806	0.136992560114445	1
14980000	1	-0.0964483687829286	-0.635871444080639	-0.0964483687829286	1	0.207038034324936	-0.635871444080639	0.207038034324936	1
14990000	1	-0.0150189966690394	-0.517955726780932	-0.0150189966690394	1	0.204696284632925	-0.517955726780932	0.204696284632925	1
1.5e+07	1	-0.173438076292537	-0.60247300722832	-0.173438076292537	1	-0.0465971098326993	-0.60247300722832	-0.0465971098326993	1
15010000	1	-0.141019570814773	-0.468314285024886	-0.141019570814773	1	0.100832635125754	-0.468314285024886	0.100832635125754	1
15020000	1	-0.215958639775372	-0.622635344806747	-0.215958639775372	1	0.143542625275105	-0.622635344806747	0.143542625275105	1
15030000	1	-0.179253547656772	-0.683844717308503	-0.179253547656772	1	0.20646978562162	-0.683844717308503	0.20646978562162	1
15040000	1	-0.0806815562895109	-0.524177295295644	-0.0806815562895109	1	0.101893161314667	-0.524177295295644	0.101893161314667	1
15050000	1	0.0906536296170237	-0.568390310935437	0.0906536296170237	1	0.0955695544459943	-0.568390310935437	0.0955695544459943	1
15060000	1	0.31952179923861	-0.357021621604857	0.31952179923861	1	-0.0462825796701998	-0.357021621604857	-0.0462825796701998	1
15070000	1	0.134172155168974	-0.444431873446964	0.134172155168974	1	-0.120096539936	-0.444431873446964	-0.120096539936	1
15080000	1	-0.14111214281693	-0.79973954139204	-0.14111214281693	1	0.170612496340346	-0.799739541392041	0.170612496340346	1
15090000	1	0.0750901547248207	-0.374921777227182	0.0750901547248207	1	-0.018585346595419	-0.374921777227182	-0.018585346595419	1
15100000	1	-0.102949740322866	-0.377769100858829	-0.102949740322866	1	0.17695159818588	-0.377769100858829	0.17695159818588	1
15110000	1	-0.164990000362291	-0.393324425888035	-0.164990000362291	1	0.0783815992530616	-0.393324425888035	0.0783815992530616	1
15120000	1	-0.45642049595255	-0.734839500419063	-0.45642049595255	1	0.260083233126409	-0.734839500419063	0.260083233126409	1
15130000	1	-0.104552907390275	-0.423346365099433	-0.104552907390275	1	-0.0265030100894584	-0.423346365099433	-0.0265030100894584	1
15140000	1	-0.0513169000425308	-0.490160759793446	-0.0513169000425308	1	0.0784282679268948	-0.490160759793446	0.0784282679268948	1
15150000	1	-0.136069159270831	-0.516800968163809	-0.136069159270831	1	0.167965808347535	-0.516800968163809	0.167965808347535	1
15160000	1	-0.114350222492491	-0.660284009977815	-0.114350222492491	1	0.238221051092905	-0.660284009977815	0.238221051092905	1
15170000	1	-0.217090178188858	-0.647589676419224	-0.217090178188858	1	-0.0187011993434433	-0.647589676419224	-0.0187011993434433	1
15180000	1	-0.254715850859692	-0.704287995257767	-0.254715850859692	1	0.208410918647485	-0.704287995257768	0.208410918647485	1
15190000	1	-0.328092422917972	-0.70337908292983	-0.328092422917972	1	0.425359491154019	-0.70337908292983	0.425359491154019	1
15200000	1	0.151000254940541	-0.63234080835078	0.151000254940541	1	0.00476825952861404	-0.63234080835078	0.00476825952861405	1
15210000	1	0.052123959366615	-0.656167966513434	0.052123959366615	1	0.0969782559237188	-0.656167966513434	0.0969782559237188	1
15220000	1	-0.307139871104426	-0.500663035882628	-0.307139871104426	1	0.103876346597564	-0.500663035882628	0.103876346597564	1
15230000	1	0.050699965774558	-0.558851432281474	0.050699965774558	1	0.0775835277762528	-0.558851432281474	0.0775835277762528	1
15240000	1	-0.345821806819793	-0.400170369196708	-0.345821806819793	1	0.21999128413328	-0.400170369196708	0.21999128413328	1
15250000	1	-0.0775070651338926	-0.67152052498093	-0.0775070651338926	1	0.177174582169323	-0.67152052498093	0.177174582169323	1
15260000	1	-0.17373502982886	-0.676363109896818	-0.17373502982886	1	0.109448843514148	-0.676363109896818	0.109448843514148	1
15270000	1	-0.0571135480423406	-0.669249530608114	-0.0571135480423407	1	0.132102410057455	-0.669249530608114	0.132102410057455	1
15280000	1	-0.250297041038583	-0.348028148583577	-0.250297041038583	1	-0.0138656044880213	-0.348028148583577	-0.0138656044880213	1
15290000	1	-0.423928334880887	-0.522728581808357	-0.423928334880887	1	0.134729472059481	-0.522728581808357	0.134729472059481	1
15300000	1	-0.236227361967908	-0.736878271853667	-0.236227361967908	1	0.215610369441616	-0.736878271853667	0.215610369441616	1
15310000	1	-0.0395633204056237	-0.638979476098338	-0.0395633204056237	1	0.0776461450813771	-0.638979476098338	0.0776461450813771	1
15320000	1	0.0855190224435795	-0.440082557234343	0.0855190224435795	1	0.174171719946302	-0.440082557234343	0.174171719946302	1
15330000	1	-0.160677546575968	-0.445879874423586	-0.160677546575968	1	0.270643653815202	-0.445879874423586	0.270643653815202	1
15340000	1	-0.141138279624556	-0.621387338801256	-0.141138279624556	1	-0.123181244125654	-0.621387338801256	-0.123181244125654	1
15350000	1	-0.239213349364286	-0.723347551456598	-0.239213349364286	1	0.224166440415292	-0.723347551456598	0.224166440415292	1
15360000	1	-0.314673389391377	-0.582151099246399	-0.314673389391377	1	-0.0648758619328186	-0.582151099246399	-0.0648758619328186	1
15370000	1	0.0723774294860292	-0.242796440306633	0.0723774294860292	1	0.115197253044687	-0.242796440306633	0.115197253044687	1
15380000	1	-0.379026322630922	-0.668632508098366	-0.379026322630922	1	0.165345809174005	-0.668632508098366	0.165345809174005	1
15390000	1	-0.0808035484259608	-0.641832229120502	-0.0808035484259608	1	0.097210087497926	-0.641832229120502	0.097210087497926	1
15400000	1	-0.0155759014434415	-0.462793781786623	-0.0155759014434415	1	-0.0871514343832538	-0.462793781786623	-0.0871514343832538	1
15410000	1	-0.365715871761148	-0.490211244744175	-0.365715871761148	1	0.202587498007872	-0.490211244744175	0.202587498007872	1
15420000	1	-0.271890832203904	-0.552895880142134	-0.271890832203904	1	0.143721521572686	-0.552895880142134	0.143721521572686	1
15430000	1	-0.0778485725067462	-0.694895191772155	-0.0778485725067462	1	-0.0124975824511298	-0.694895191772155	-0.0124975824511298	1
15440000	1	-0.0820776655678926	-0.588485175116657	-0.0820776655678926	1	0.147614351714021	-0.588485175116657	0.147614351714021	1
15450000	1	-0.380174897939254	-0.495866967225263	-0.380174897939254	1	0.13705976785048	-0.495866967225263	0.13705976785048	1
15460000	1	0.0244758383066408	-0.704028661139036	0.0244758383066408	1	-0.00540463289565485	-0.704028661139036	-0.00540463289565485	1
15470000	1	0.339216582265077	-0.539937942226729	0.339216582265077	1	-0.0241150940440758	-0.539937942226729	-0.0241150940440758	1
15480000	1	-0.0935482581062397	-0.554885452273885	-0.0935482581062397	1	0.0783981004316639	-0.554885452273885	0.0783981004316639	1
15490000	1	-0.23672238449285	-0.268622585401135	-0.23672238449285	1	0.0658819756470949	-0.268622585401135	0.0658819756470949	1
15500000	1	-0.0938560975867223	-0.749685805546701	-0.0938560975867223	1	0.206836128947114	-0.749685805546701	0.206836128947114	1
15510000	1	-0.182140859869701	-0.769721610767839	-0.182140859869701	1	0.0550499989110472	-0.769721610767839	0.0550499989110472	1
15520000	1	-0.11684555430943	-0.746269189238495	-0.11684555430943	1	0.260947861076311	-0.746269189238495	0.260947861076311	1
15530000	1	-0.436706974903527	-0.56955028159992	-0.436706974903527	1	0.0797927162076511	-0.56955028159992	0.0797927162076511	1
15540000	1	-0.187729394745698	-0.678365440897171	-0.187729394745698	1	0.10759751793543	-0.678365440897171	0.10759751793543	1
15550000	1	-0.0141159231643917	-0.396465550860387	-0.0141159231643917	1	0.196246922752289	-0.396465550860387	0.196246922752289	1
15560000	1	-0.250144949978327	-0.656093304795974	-0.250144949978327	1	0.0646146454203192	-0.656093304795974	0.0646146454203192	1
15570000	1	-0.45757019439453	-0.459234745701313	-0.45757019439453	1	0.164836077774012	-0.459234745701313	0.164836077774012	1
15580000	1	-0.401146338766949	-0.590069269623249	-0.401146338766949	1	0.322735880324268	-0.590069269623249	0.322735880324268	1
15590000	1	-0.463135246165853	-0.754891415467777	-0.463135246165853	1	0.37242649329921	-0.754891415467777	0.37242649329921	1
15600000	1	-0.253410756267497	-0.484567534111918	-0.253410756267497	1	0.140816195174009	-0.484567534111918	0.140816195174009	1
15610000	1	-0.388310401901857	-0.719337342495273	-0.388310401901857	1	0.244486435475333	-0.719337342495273	0.244486435475333	1
15620000	1	-0.19180237771592	-0.650816221395184	-0.19180237771592	1	0.0271514485053137	-0.650816221395184	0.0271514485053137	1
15630000	1	-0.285017335373611	-0.595200282234568	-0.285017335373611	1	0.0295791452749788	-0.595200282234568	0.0295791452749788	1
15640000	1	-0.481387322085626	-0.869565176665247	-0.481387322085626	1	0.3190374346429	-0.869565176665247	0.3190374346429	1
15650000	1	0.267748847840974	-0.245455043628328	0.267748847840974	1	0.167052134204996	-0.245455043628328	0.167052134204996	1
15660000	1	0.183274395640114	-0.711726407021321	0.183274395640114	1	-0.0440716741771258	-0.711726407021321	-0.0440716741771258	1
15670000	1	0.0180428230558189	-0.586438451834568	0.0180428230558188	1	0.303975837621865	-0.586438451834568	0.303975837621865	1
15680000	1	-0.00743216496557778	-0.793202159527715	-0.00743216496557779	1	-0.0498340391603271	-0.793202159527715	-0.0498340391603271	1
15690000	1	-0.112461336512721	-0.675499141363709	-0.112461336512721	1	0.254904112068323	-0.675499141363709	0.254904112068323	1
15700000	1	-0.355956233610739	-0.478576927860472	-0.355956233610739	1	-0.030321617114695	-0.478576927860472	-0.030321617114695	1
15710000	1	-0.158480491190298	-0.532942101237882	-0.158480491190298	1	-0.162437688480754	-0.532942101237882	-0.162437688480754	1
15720000	1	0.124328616175285	-0.666424044814017	0.124328616175285	1	0.00658998524236209	-0.666424044814017	0.0065899852423621	1
15730000	1	-0.112739877623216	-0.484104069972958	-0.112739877623216	1	0.0907608938230845	-0.484104069972959	0.0907608938230845	1
15740000	1	-0.0536833001526012	-0.623405091511118	-0.0536833001526012	1	0.128805953855235	-0.623405091511118	0.128805953855235	1
15750000	1	-0.37040490082956	-0.551737297338062	-0.37040490082956	1	0.106394622319406	-0.551737297338062	0.106394622319406	1
15760000	1	-0.165821413631346	-0.666053826912021	-0.165821413631346	1	0.0957490711997971	-0.666053826912021	0.095749071199797	1
15770000	1	0.255246650189878	-0.344665979899898	0.255246650189878	1	0.000964707613227452	-0.344665979899898	0.00096470761322746	1
15780000	1	-0.323640726165905	-0.485159751630295	-0.323640726165905	1	0.182228618477652	-0.485159751630295	0.182228618477652	1
15790000	1	0.111142271295301	-0.577620202592859	0.111142271295301	1	0.10287715516988	-0.577620202592858	0.10287715516988	1
15800000	1	-0.291000088341083	-0.731391746253506	-0.291000088341083	1	0.253305815001447	-0.731391746253506	0.253305815001447	1
15810000	1	-0.255441670713726	-0.713019359565727	-0.255441670713726	1	0.246689121463408	-0.713019359565727	0.246689121463408	1
15820000	1	-0.354295702569425	-0.72422557890799	-0.354295702569425	1	0.280507203545968	-0.72422557890799	0.280507203545968	1
15830000	1	-0.18354366957776	-0.683819480295979	-0.18354366957776	1	0.0696278322645763	-0.683819480295979	0.0696278322645763	1
15840000	1	-0.205689329153787	-0.774106146520972	-0.205689329153787	1	0.265600254543176	-0.774106146520972	0.265600254543176	1
15850000	1	-0.264056767817654	-0.593391255892914	-0.264056767817654	1	0.125017496185051	-0.593391255892914	0.12501749618505	1
15860000	1	0.357954895980112	-0.505380099466363	0.357954895980112	1	0.047857995765948	-0.505380099466363	0.047857995765948	1
15870000	1	-0.254123512078117	-0.420299498066634	-0.254123512078117	1	0.196333224316877	-0.420299498066634	0.196333224316877	1
15880000	1	-0.30271728325894	-0.60377187214257	-0.30271728325894	1	0.375330550710811	-0.60377187214257	0.375330550710811	1
15890000	1	-0.442935566314665	-0.794402356631567	-0.442935566314665	1	0.309757288479866	-0.794402356631567	0.309757288479866	1
15900000	1	-0.0586366017102496	-0.744377276378998	-0.0586366017102497	1	0.0975606160708605	-0.744377276378997	0.0975606160708604	1
15910000	1	0.130266587347588	-0.566040880384804	0.130266587347588	1	0.0336595054281497	-0.566040880384804	0.0336595054281498	1
15920000	1	-0.176529579000172	-0.450315026736322	-0.176529579000172	1	0.149135197191468	-0.450315026736322	0.149135197191468	1
15930000	1	-0.134525953201408	-0.589682990641835	-0.134525953201408	1	0.117377487119549	-0.589682990641835	0.117377487119549	1
15940000	1	0.00627337721023924	-0.545755301985796	0.00627337721023924	1	-0.0304378246288945	-0.545755301985795	-0.0304378246288945	1
15950000	1	-0.0682701725284133	-0.480416415866967	-0.0682701725284133	1	-0.0254215976472811	-0.480416415866967	-0.0254215976472811	1
15960000	1	-0.358988962914635	-0.44541495303706	-0.358988962914635	1	0.0807640443092022	-0.44541495303706	0.0807640443092022	1
15970000	1	-0.112243171532614	-0.622227113310232	-0.112243171532614	1	0.178935903651798	-0.622227113310232	0.178935903651798	1
15980000	1	0.223048103387279	-0.627663841308474	0.223048103387279	1	0.0552885902076259	-0.627663841308474	0.0552885902076259	1
15990000	1	-0.10793785187121	-0.375266829624693	-0.10793785187121	1	0.0829524292758838	-0.375266829624693	0.0829524292758838	1
1.6e+07	1	0.310658854723235	-0.666169460971718	0.310658854723235	1	-0.0818069723608345	-0.666169460971718	-0.0818069723608346	1
16010000	1	-0.0989035646960135	-0.249848511213222	-0.0989035646960135	1	0.204000587965088	-0.249848511213222	0.204000587965088	1
16020000	1	-0.247082072743382	-0.684125753327685	-0.247082072743382	1	0.265423156924702	-0.684125753327685	0.265423156924702	1
16030000	1	-0.306174242359222	-0.744434935794739	-0.306174242359222	1	0.381492359481942	-0.744434935794739	0.381492359481942	1
16040000	1	-0.445962872310514	-0.683824347928438	-0.445962872310514	1	0.250243966030104	-0.683824347928437	0.250243966030104	1
16050000	1	-0.375801192377106	-0.460409900876185	-0.375801192377106	1	0.0559824858813381	-0.460409900876185	0.0559824858813381	1
16060000	1	0.0475772305025558	-0.716575438153469	0.0475772305025558	1	0.205438927443631	-0.716575438153469	0.205438927443631	1
16070000	1	0.100100975808038	-0.560457021901652	0.100100975808038	1	0.221183826685941	-0.560457021901652	0.221183826685941	1
16080000	1	0.0690700981818332	-0.51115678261679	0.0690700981818332	1	0.37353225506131	-0.51115678261679	0.37353225506131	1
16090000	1	-0.232408161633109	-0.55018177890198	-0.232408161633109	1	-0.151564574822156	-0.55018177890198	-0.151564574822156	1
16100000	1	-0.0988027946371505	-0.676461877440423	-0.0988027946371505	1	0.0863675020647949	-0.676461877440423	0.0863675020647949	1
16110000	1	-0.0557879830667913	-0.845849906012829	-0.0557879830667913	1	-0.0259373020850975	-0.845849906012829	-0.0259373020850975	1
16120000	1	0.015601554097315	-0.417122021453641	0.0156015540973149	1	0.217243311980478	-0.417122021453641	0.217243311980478	1
16130000	1	-0.0975337993427477	-0.676256020912947	-0.0975337993427477	1	0.0133389108558879	-0.676256020912947	0.0133389108558879	1
16140000	1	-0.106977105575831	-0.590391766049942	-0.106977105575831	1	0.130747406197203	-0.590391766049942	0.130747406197203	1
16150000	1	-0.230047202622999	-0.690516093678435	-0.230047202622999	1	0.0757051068366809	-0.690516093678435	0.0757051068366809	1
16160000	1	-0.326641151835578	-0.333237599396076	-0.326641151835578	1	0.0835545722619178	-0.333237599396076	0.0835545722619178	1
16170000	1	-0.116990066162854	-0.689688718936435	-0.116990066162854	1	0.134561800337957	-0.689688718936435	0.134561800337957	1
16180000	1	0.039041462211675	-0.581428959638834	0.039041462211675	1	0.102178075547778	-0.581428959638834	0.102178075547778	1
16190000	1	-0.175447350275661	-0.506657583369602	-0.175447350275661	1	0.290872173836603	-0.506657583369602	0.290872173836603	1
16200000	1	-0.126520425877377	-0.475737391324693	-0.126520425877377	1	0.262636886482297	-0.475737391324693	0.262636886482297	1
16210000	1	-0.360351973910051	-0.694261096843432	-0.360351973910051	1	-0.0682916064865696	-0.694261096843432	-0.0682916064865697	1
16220000	1	-0.375358575645268	-0.637424732851782	-0.375358575645268	1	0.389507320311145	-0.637424732851782	0.389507320311145	1
16230000	1	0.275094845798905	-0.200695410171559	0.275094845798905	1	0.0640368914590746	-0.200695410171559	0.0640368914590746	1
16240000	1	-0.290506874774998	-0.492383102193025	-0.290506874774998	1	0.173149179805059	-0.492383102193025	0.173149179805059	1
16250000	1	0.254254810118918	-0.487621397797305	0.254254810118918	1	0.0527165865308115	-0.487621397797305	0.0527165865308115	1
16260000	1	-0.101944951104898	-0.587112521153788	-0.101944951104898	1	0.0624699269119752	-0.587112521153788	0.0624699269119752	1
16270000	1	-0.187275615889785	-0.750774668098364	-0.187275615889785	1	0.166122446066028	-0.750774668098364	0.166122446066028	1
16280000	1	0.179860260562858	-0.560399287555135	0.179860260562858	1	0.0454616817973461	-0.560399287555135	0.0454616817973461	1
16290000	1	0.0430273483013355	-0.559339638617545	0.0430273483013356	1	0.238376668407779	-0.559339638617545	0.238376668407779	1
16300000	1	-0.0299504366342553	-0.447352853019737	-0.0299504366342553	1	-0.0971937223097263	-0.447352853019736	-0.0971937223097263	1
16310000	1	0.06367476123916	-0.623228932229629	0.06367476123916	1	0.00506192732712945	-0.623228932229629	0.00506192732712944	1
16320000	1	-0.0685387757781837	-0.727146460316462	-0.0685387757781837	1	0.0527256436099722	-0.727146460316461	0.0527256436099722	1
16330000	1	-0.290156704468436	-0.730937920696021	-0.290156704468436	1	0.188268427554077	-0.730937920696021	0.188268427554077	1
16340000	1	-0.0565088202428578	-0.589700598311248	-0.0565088202428578	1	0.316763614531461	-0.589700598311248	0.316763614531461	1
16350000	1	-0.38239442314913	-0.597749597875088	-0.38239442314913	1	0.18657974520477	-0.597749597875089	0.18657974520477	1
16360000	1	-0.188592230647279	-0.670736109405804	-0.188592230647279	1	0.335550362217306	-0.670736109405804	0.335550362217306	1
16370000	1	-0.095655605372416	-0.648834517141416	-0.0956556053724161	1	0.234242726801021	-0.648834517141416	0.234242726801021	1
16380000	1	0.182146077931088	-0.557956740842536	0.182146077931088	1	0.109143943368161	-0.557956740842536	0.10914394336816	1
16390000	1	0.0778730449785291	-0.674102059323004	0.0778730449785291	1	0.083310944393121	-0.674102059323004	0.083310944393121	1
16400000	1	-0.462802361813476	-0.636206249591297	-0.462802361813476	1	0.242931846577264	-0.636206249591297	0.242931846577264	1
16410000	1	-0.167132199350057	-0.355990172149662	-0.167132199350057	1	0.217447812178554	-0.355990172149662	0.217447812178554	1
16420000	1	-0.429178087560751	-0.661033404037196	-0.429178087560751	1	0.153717647992179	-0.661033404037196	0.153717647992179	1
16430000	1	-0.14263074246164	-0.586446347700341	-0.14263074246164	1	-0.0398349728479617	-0.586446347700341	-0.0398349728479617	1
16440000	1	-0.15704079664729	-0.696543772100689	-0.15704079664729	1	0.0241493746717517	-0.696543772100689	0.0241493746717517	1
16450000	1	-0.057413654745731	-0.452354227021649	-0.057413654745731	1	0.0987745148118032	-0.452354227021649	0.0987745148118032	1
16460000	1	-0.127752175785418	-0.657289901930127	-0.127752175785418	1	0.0633786564631556	-0.657289901930127	0.0633786564631555	1
16470000	1	-0.298214571922726	-0.789904390287461	-0.298214571922726	1	0.266197450351115	-0.789904390287461	0.266197450351115	1
16480000	1	0.0132320048141529	-0.449821759137952	0.0132320048141529	1	0.0209818454710065	-0.449821759137952	0.0209818454710065	1
16490000	1	-0.313952954386907	-0.73805167456172	-0.313952954386907	1	0.158237652677333	-0.738051674561719	0.158237652677333	1
16500000	1	-0.0730900465385752	-0.723319236122658	-0.0730900465385752	1	0.017828966809462	-0.723319236122658	0.017828966809462	1
16510000	1	-0.229717823173395	-0.661917170547036	-0.229717823173395	1	0.111317761395399	-0.661917170547036	0.111317761395399	1
16520000	1	-0.184263394754567	-0.61526059666016	-0.184263394754567	1	0.266303533185699	-0.61526059666016	0.266303533185699	1
16530000	1	-0.0893635116213591	-0.675675641909411	-0.0893635116213591	1	0.0129511399424231	-0.675675641909412	0.0129511399424231	1
16540000	1	-0.0465391296677321	-0.710668021197159	-0.0465391296677321	1	0.131933923180684	-0.710668021197159	0.131933923180684	1
16550000	1	-0.204613856475916	-0.582122302233562	-0.204613856475916	1	0.2867479052704	-0.582122302233562	0.2867479052704	1
16560000	1	0.0794302085211156	-0.245198909568679	0.0794302085211156	1	0.162199517976532	-0.245198909568679	0.162199517976532	1
16570000	1	0.0948466481294148	-0.55379158617364	0.0948466481294148	1	-0.0732257425778439	-0.55379158617364	-0.0732257425778439	1
16580000	1	-0.12078649403477	-0.71783938287125	-0.12078649403477	1	0.0267070124400421	-0.71783938287125	0.0267070124400421	1
16590000	1	0.339714930208414	-0.503116232029233	0.339714930208414	1	-0.0263632338135141	-0.503116232029233	-0.0263632338135141	1
16600000	1	-0.17672562298779	-0.687651571415842	-0.17672562298779	1	0.0433954156766502	-0.687651571415842	0.0433954156766502	1
